日期,股票代码,开盘,收盘,最高,最低,成交量,成交额,振幅,涨跌幅,涨跌额,换手率
2000-01-04,000030,5.92,5.92,5.98,5.78,4091,2394044.25,3.41,1.02,0.06,1.02
2000-01-05,000030,5.9,6.09,6.18,5.82,4406,2660836.5,6.08,2.87,0.17,1.1
2000-01-06,000030,6.06,5.98,6.22,5.9,6929,4164874.0,5.25,-1.81,-0.11,1.73
2000-01-07,000030,6.0,6.28,6.28,6.0,11023,6847062.5,4.68,5.02,0.3,2.75
2000-01-10,000030,6.48,6.31,6.5,6.27,6609,4195265.0,3.66,0.48,0.03,1.65
2000-01-11,000030,6.31,6.07,6.5,6.0,8043,4989817.0,7.92,-3.8,-0.24,2.0
2000-01-12,000030,6.07,6.23,6.37,6.07,9629,6009951.0,4.94,2.64,0.16,2.4
2000-01-13,000030,6.24,6.5,6.53,6.24,10208,6571984.0,4.65,4.33,0.27,2.54
2000-01-14,000030,6.53,6.32,6.6,6.25,5021,3204179.5,5.38,-2.77,-0.18,1.25
2000-01-17,000030,6.53,6.64,6.64,6.53,1958,1298188.25,1.74,5.06,0.32,0.49
2000-01-18,000030,6.97,6.97,6.97,6.97,3974,2769933.75,0.0,4.97,0.33,0.99
2000-01-19,000030,7.32,7.0,7.32,6.73,23003,16219163.0,8.46,0.43,0.03,5.73
2000-01-20,000030,7.01,6.92,7.3,6.8,6753,4720466.0,7.14,-1.14,-0.08,1.68
2000-01-21,000030,6.85,6.61,7.0,6.57,15496,10322298.0,6.21,-4.48,-0.31,3.86
2000-01-24,000030,6.58,6.69,6.8,6.3,7387,4789753.0,7.56,1.21,0.08,1.84
2000-01-25,000030,6.6,6.58,6.78,6.5,7052,4698197.5,4.19,-1.64,-0.11,1.76
2000-01-26,000030,6.58,6.74,6.85,6.5,5514,3681354.75,5.32,2.43,0.16,1.37
2000-01-27,000030,6.4,6.78,6.91,6.4,9103,5976593.0,7.57,0.59,0.04,2.27
2000-01-28,000030,6.77,6.78,6.85,6.48,8836,5831511.5,5.46,0.0,0.0,2.2
2000-02-14,000030,7.08,7.12,7.12,6.85,12735,8979648.0,3.98,5.01,0.34,3.17
2000-02-15,000030,7.2,6.8,7.3,6.76,17106,11894440.0,7.58,-4.49,-0.32,4.26
2000-02-16,000030,6.68,6.7,6.97,6.5,9619,6440555.5,6.91,-1.47,-0.1,2.4
2000-02-17,000030,6.72,6.4,6.77,6.37,18892,12299051.0,5.97,-4.48,-0.3,4.71
2000-02-18,000030,6.4,6.4,6.6,6.3,10652,6843705.0,4.69,0.0,0.0,2.65
2000-02-21,000030,6.5,6.72,6.72,6.4,9151,6050246.5,5.0,5.0,0.32,2.28
2000-02-22,000030,7.0,6.75,7.06,6.73,13007,9013254.0,4.91,0.45,0.03,3.24
2000-02-23,000030,6.7,7.0,7.09,6.7,15507,10846144.0,5.78,3.7,0.25,3.86
2000-02-24,000030,7.01,7.09,7.34,6.85,12352,8871900.0,7.0,1.29,0.09,3.08
2000-02-25,000030,7.05,7.0,7.12,6.91,6925,4855750.0,2.96,-1.27,-0.09,1.73
2000-02-28,000030,7.0,6.9,7.1,6.7,8028,5542499.5,5.71,-1.43,-0.1,2.0
2000-02-29,000030,6.95,7.25,7.25,6.9,15284,11054403.0,5.07,5.07,0.35,3.81
2000-03-01,000030,7.58,7.61,7.61,7.35,9883,7500736.5,3.59,4.97,0.36,2.46
2000-03-02,000030,7.88,7.48,7.93,7.48,23525,18101034.0,5.91,-1.71,-0.13,5.86
2000-03-03,000030,7.45,7.59,7.6,7.35,9267,6915222.5,3.34,1.47,0.11,2.31
2000-03-06,000030,7.65,7.73,7.97,7.64,20969,16551699.0,4.35,1.84,0.14,5.23
2000-03-07,000030,7.73,7.51,7.88,7.44,7939,6043951.5,5.69,-2.85,-0.22,1.98
2000-03-08,000030,7.68,7.72,7.8,7.51,5566,4280248.5,3.86,2.8,0.21,1.39
2000-03-09,000030,7.75,7.81,7.92,7.74,7851,6145691.5,2.33,1.17,0.09,1.96
2000-03-10,000030,7.89,7.85,7.89,7.68,5083,3965972.75,2.69,0.51,0.04,1.27
2000-03-13,000030,7.81,7.8,7.83,7.53,7019,5382644.5,3.82,-0.64,-0.05,1.75
2000-03-14,000030,7.51,7.41,7.7,7.41,8546,6401462.5,3.72,-5.0,-0.39,2.13
2000-03-15,000030,7.3,7.47,7.59,7.3,4809,3593220.5,3.91,0.81,0.06,1.2
2000-03-16,000030,7.4,7.1,7.46,7.1,6095,4402310.5,4.82,-4.95,-0.37,1.52
2000-03-17,000030,6.9,7.25,7.29,6.9,3892,2773188.25,5.49,2.11,0.15,0.97
2000-03-20,000030,7.1,7.34,7.45,7.1,4654,3414384.75,4.83,1.24,0.09,1.16
2000-03-21,000030,7.35,7.66,7.68,7.35,6556,4918446.0,4.5,4.36,0.32,1.63
2000-03-22,000030,7.66,7.78,8.04,7.6,12645,9958231.0,5.74,1.57,0.12,3.15
2000-03-23,000030,7.8,7.96,7.98,7.71,8034,6330766.5,3.47,2.31,0.18,2.0
2000-03-24,000030,8.0,8.22,8.36,7.75,23645,19091074.0,7.66,3.27,0.26,5.89
2000-03-27,000030,8.25,8.63,8.63,8.22,24247,20773946.0,4.99,4.99,0.41,6.04
2000-03-28,000030,8.89,8.64,9.06,8.6,19540,17352644.0,5.33,0.12,0.01,4.87
2000-03-29,000030,8.64,8.64,8.9,8.45,10591,9152680.0,5.21,0.0,0.0,2.64
2000-03-30,000030,8.7,9.07,9.07,8.7,16579,15005437.0,4.28,4.98,0.43,4.13
2000-03-31,000030,9.52,9.52,9.52,9.31,17829,16943088.0,2.32,4.96,0.45,4.44
2000-04-03,000030,9.88,9.42,10.0,9.4,40832,39716280.0,6.3,-1.05,-0.1,10.18
2000-04-04,000030,9.39,8.95,9.39,8.95,20886,18878584.0,4.67,-4.99,-0.47,5.21
2000-04-05,000030,8.82,9.4,9.4,8.53,22112,19800850.0,9.72,5.03,0.45,5.51
2000-04-06,000030,9.56,9.87,9.87,9.56,11081,10853053.0,3.3,5.0,0.47,2.76
2000-04-07,000030,10.36,10.11,10.36,9.93,36280,36990800.0,4.36,2.43,0.24,9.04
2000-04-10,000030,10.2,9.85,10.2,9.68,11561,11469078.0,5.14,-2.57,-0.26,2.88
2000-04-11,000030,9.75,9.67,10.08,9.6,9795,9626064.0,4.87,-1.83,-0.18,2.44
2000-04-12,000030,9.55,9.5,9.82,9.31,9158,8696859.0,5.27,-1.76,-0.17,2.28
2000-04-13,000030,9.53,9.98,9.98,9.53,13262,13085316.0,4.74,5.05,0.48,3.31
2000-04-14,000030,10.28,10.48,10.48,10.15,34066,35553344.0,3.31,5.01,0.5,8.49
2000-04-17,000030,10.78,10.79,10.87,10.25,28435,30207888.0,5.92,2.96,0.31,7.09
2000-04-18,000030,10.85,10.62,10.88,10.4,13362,14148169.0,4.45,-1.58,-0.17,3.33
2000-04-19,000030,10.58,10.49,10.65,10.25,13436,13950768.0,3.77,-1.22,-0.13,3.35
2000-04-20,000030,10.51,10.54,10.68,10.3,9943,10419645.0,3.62,0.48,0.05,2.48
2000-04-21,000030,10.72,10.47,10.8,10.3,5039,5353802.0,4.74,-0.66,-0.07,1.26
2000-04-24,000030,10.47,9.95,10.47,9.95,11776,11891854.0,4.97,-4.97,-0.52,2.93
2000-04-25,000030,9.8,9.45,9.8,9.45,12547,11918189.0,3.52,-5.03,-0.5,3.13
2000-04-26,000030,9.92,9.92,9.92,9.82,2669,2647152.5,1.06,4.97,0.47,0.67
2000-05-08,000030,9.98,9.42,10.1,9.42,16537,15703108.0,6.85,-5.04,-0.5,4.12
2000-05-09,000030,9.18,8.95,9.18,8.95,4704,4221784.0,2.44,-4.99,-0.47,1.17
2000-05-10,000030,8.51,8.5,8.81,8.5,11460,9836355.0,3.46,-5.03,-0.45,2.86
2000-05-11,000030,8.35,8.08,8.4,8.08,9884,8000304.5,3.76,-4.94,-0.42,2.46
2000-05-12,000030,8.05,7.97,8.25,7.85,9478,7642959.0,4.95,-1.36,-0.11,2.36
2000-05-15,000030,7.98,7.71,8.05,7.57,6746,5201499.5,6.02,-3.26,-0.26,1.68
2000-05-16,000030,7.75,8.1,8.1,7.75,4988,3947812.5,4.54,5.06,0.39,1.24
2000-05-17,000030,8.3,8.19,8.5,8.01,10161,8455685.0,6.05,1.11,0.09,2.53
2000-05-18,000030,8.08,8.23,8.25,8.01,5724,4648941.0,2.93,0.49,0.04,1.43
2000-05-19,000030,8.3,8.24,8.31,8.1,5491,4495726.0,2.55,0.12,0.01,1.37
2000-05-22,000030,8.3,8.43,8.5,8.17,7606,6368696.0,4.0,2.31,0.19,1.9
2000-05-23,000030,8.43,8.61,8.64,8.3,5938,5039071.0,4.03,2.14,0.18,1.48
2000-05-24,000030,8.6,8.65,8.94,8.58,7085,6227877.0,4.18,0.46,0.04,1.77
2000-05-25,000030,8.7,8.65,8.77,8.55,5943,5119751.5,2.54,0.0,0.0,1.48
2000-05-26,000030,8.69,8.7,8.77,8.5,7212,6241339.0,3.12,0.58,0.05,1.8
2000-05-29,000030,8.79,8.88,8.99,8.6,7873,6974041.5,4.48,2.07,0.18,1.96
2000-05-30,000030,8.9,8.9,9.17,8.68,6863,6125510.5,5.52,0.23,0.02,1.71
2000-05-31,000030,8.9,8.88,9.09,8.74,5337,4720792.0,3.93,-0.22,-0.02,1.33
2000-06-01,000030,8.9,8.71,9.0,8.6,6335,5528694.0,4.5,-1.91,-0.17,1.58
2000-06-02,000030,8.71,8.88,8.92,8.64,7311,6422160.0,3.21,1.95,0.17,1.82
2000-06-05,000030,8.88,8.59,8.99,8.5,6907,6049385.5,5.52,-3.27,-0.29,1.72
2000-06-07,000030,8.97,9.02,9.02,8.97,1250,1128184.62,0.58,5.01,0.43,0.31
2000-06-08,000030,9.47,9.47,9.47,9.47,3920,3712694.5,0.0,4.99,0.45,0.98
2000-06-09,000030,9.94,9.76,9.94,9.5,36619,35742868.0,4.65,3.06,0.29,9.13
2000-06-12,000030,9.78,9.59,9.9,9.31,9185,8837596.0,6.05,-1.74,-0.17,2.29
2000-06-13,000030,9.6,9.9,9.99,9.5,10726,10521068.0,5.11,3.23,0.31,2.67
2000-06-14,000030,10.0,10.14,10.4,10.0,22226,22925982.0,4.04,2.42,0.24,5.54
2000-06-15,000030,10.08,9.97,10.24,9.7,12279,12174036.0,5.33,-1.68,-0.17,3.06
2000-06-16,000030,9.96,9.46,9.98,9.46,19786,18950848.0,5.22,-5.12,-0.51,4.93
2000-06-19,000030,9.26,8.99,9.26,8.99,10172,9197074.0,2.85,-4.97,-0.47,2.54
2000-06-20,000030,8.6,9.39,9.42,8.6,8969,8057114.5,9.12,4.45,0.4,2.24
2000-06-21,000030,9.28,9.25,9.44,9.0,5566,5161169.5,4.69,-1.49,-0.14,1.39
2000-06-22,000030,9.25,9.18,9.38,9.14,2593,2389286.0,2.59,-0.76,-0.07,0.65
2000-06-23,000030,9.15,9.03,9.19,8.95,5411,4885268.0,2.61,-1.63,-0.15,1.35
2000-06-26,000030,9.03,9.12,9.19,8.85,6816,6102512.0,3.77,1.0,0.09,1.7
2000-06-27,000030,9.13,9.14,9.3,9.0,5616,5082263.5,3.29,0.22,0.02,1.4
2000-06-28,000030,9.16,9.07,9.2,9.0,3719,3366619.25,2.19,-0.77,-0.07,0.93
2000-06-29,000030,9.08,8.97,9.16,8.9,4457,3993155.5,2.87,-1.1,-0.1,1.11
2000-06-30,000030,8.97,8.83,8.97,8.73,4967,4382150.0,2.68,-1.56,-0.14,1.24
2000-07-03,000030,8.7,8.51,8.83,8.5,7979,6891177.5,3.74,-3.62,-0.32,1.99
2000-07-04,000030,8.08,8.08,8.29,8.08,9225,7464694.5,2.47,-5.05,-0.43,2.3
2000-07-05,000030,7.83,8.35,8.38,7.75,8037,6465545.0,7.8,3.34,0.27,2.0
2000-07-06,000030,8.29,8.2,8.3,8.15,3095,2542383.5,1.8,-1.8,-0.15,0.77
2000-07-07,000030,8.2,8.24,8.25,8.15,2603,2133644.75,1.22,0.49,0.04,0.65
2000-07-10,000030,8.12,8.04,8.22,8.0,4499,3631095.75,2.67,-2.43,-0.2,1.12
2000-07-11,000030,7.96,7.97,8.08,7.81,4366,3472292.5,3.36,-0.87,-0.07,1.09
2000-07-12,000030,8.0,8.37,8.37,8.0,4668,3852100.25,4.64,5.02,0.4,1.16
2000-07-13,000030,8.5,8.79,8.79,8.45,7609,6599582.0,4.06,5.02,0.42,1.9
2000-07-14,000030,8.9,8.99,9.2,8.89,12080,10922454.0,3.53,2.28,0.2,3.01
2000-07-17,000030,8.94,9.07,9.15,8.7,7434,6684860.0,5.01,0.89,0.08,1.85
2000-07-18,000030,9.0,9.17,9.4,9.0,10187,9406672.0,4.41,1.1,0.1,2.54
2000-07-19,000030,9.15,9.2,9.35,9.01,4877,4516500.0,3.71,0.33,0.03,1.22
2000-07-20,000030,9.15,9.14,9.32,8.99,4245,3860271.75,3.59,-0.65,-0.06,1.06
2000-07-21,000030,9.2,9.17,9.38,9.06,5262,4851408.0,3.5,0.33,0.03,1.31
2000-07-24,000030,9.15,9.19,9.3,9.03,3189,2921334.0,2.94,0.22,0.02,0.79
2000-07-25,000030,9.3,9.64,9.65,9.12,20074,19165560.0,5.77,4.9,0.45,5.0
2000-07-26,000030,9.62,9.77,10.0,9.5,22142,21793410.0,5.19,1.35,0.13,5.52
2000-07-27,000030,9.8,9.93,9.99,9.6,19253,18967392.0,3.99,1.64,0.16,4.8
2000-07-28,000030,10.05,9.82,10.19,9.8,42471,42531012.0,3.93,-1.11,-0.11,10.59
2000-07-31,000030,9.85,10.01,10.14,9.85,24126,24123292.0,2.95,1.93,0.19,6.01
2000-08-01,000030,10.1,10.18,10.4,10.0,26781,27377562.0,4.0,1.7,0.17,6.67
2000-08-02,000030,10.33,9.93,10.38,9.88,26801,27172026.0,4.91,-2.46,-0.25,6.68
2000-08-03,000030,9.68,9.53,9.75,9.5,16384,15765838.0,2.52,-4.03,-0.4,4.08
2000-08-04,000030,9.55,9.5,9.77,9.47,14276,13757435.0,3.15,-0.31,-0.03,3.56
2000-08-07,000030,9.43,9.71,9.85,9.35,9350,9068855.0,5.26,2.21,0.21,2.33
2000-08-08,000030,9.71,10.2,10.2,9.71,6447,6491585.5,5.05,5.05,0.49,1.61
2000-08-09,000030,10.71,10.71,10.71,10.33,32433,34367332.0,3.73,5.0,0.51,8.08
2000-08-10,000030,10.71,10.8,11.2,10.71,30784,33699280.0,4.58,0.84,0.09,7.67
2000-08-11,000030,10.79,10.58,11.05,10.51,14786,15993813.0,5.0,-2.04,-0.22,3.69
2000-08-14,000030,10.88,10.91,11.09,10.52,15075,16254908.0,5.39,3.12,0.33,3.76
2000-08-15,000030,10.8,11.16,11.22,10.8,14848,16400032.0,3.85,2.29,0.25,3.7
2000-08-16,000030,11.2,11.19,11.26,11.0,14031,15671940.0,2.33,0.27,0.03,3.5
2000-08-17,000030,11.17,11.56,11.75,11.1,14983,17205494.0,5.81,3.31,0.37,3.73
2000-08-18,000030,11.65,11.66,11.86,11.5,9657,11252465.0,3.11,0.87,0.1,2.41
2000-08-21,000030,11.7,11.69,12.0,11.66,15312,18117596.0,2.92,0.26,0.03,3.82
2000-08-22,000030,11.7,11.36,11.79,11.3,9421,10807827.0,4.19,-2.82,-0.33,2.35
2000-08-23,000030,11.28,11.05,11.33,10.79,20219,22050526.0,4.75,-2.73,-0.31,5.04
2000-08-24,000030,11.05,11.2,11.45,10.7,8717,9738253.0,6.79,1.36,0.15,2.17
2000-08-25,000030,11.35,11.76,11.76,11.2,13926,16230004.0,5.0,5.0,0.56,3.47
2000-08-28,000030,11.9,12.35,12.35,11.9,13020,16025133.0,3.83,5.02,0.59,3.25
2000-08-29,000030,12.8,12.5,12.9,12.49,20451,25986732.0,3.32,1.21,0.15,5.1
2000-08-30,000030,12.54,13.12,13.13,12.0,26787,34351832.0,9.04,4.96,0.62,6.68
2000-08-31,000030,13.05,12.76,13.5,12.73,22189,28974388.0,5.87,-2.74,-0.36,5.53
2000-09-01,000030,12.46,12.4,13.0,12.4,16794,21300776.0,4.7,-2.82,-0.36,4.19
2000-09-04,000030,12.3,13.02,13.02,12.13,18672,24140652.0,7.18,5.0,0.62,4.65
2000-09-05,000030,13.02,12.91,13.44,12.88,15212,19998612.0,4.3,-0.84,-0.11,3.79
2000-09-06,000030,12.71,13.19,13.37,12.71,9074,11878428.0,5.11,2.17,0.28,2.26
2000-09-07,000030,12.92,13.71,13.8,12.8,15028,20085212.0,7.58,3.94,0.52,3.75
2000-09-08,000030,13.5,14.01,14.2,13.5,23994,33305768.0,5.11,2.19,0.3,5.98
2000-09-11,000030,13.99,14.71,14.71,13.91,14748,21407448.0,5.71,5.0,0.7,3.68
2000-09-12,000030,14.88,14.67,15.0,14.5,11608,17138540.0,3.4,-0.27,-0.04,2.89
2000-09-13,000030,14.8,15.1,15.2,14.5,9490,14085716.0,4.77,2.93,0.43,2.37
2000-09-14,000030,14.7,15.86,15.86,14.55,17781,27581744.0,8.68,5.03,0.76,4.43
2000-09-15,000030,16.08,16.6,16.6,16.07,20151,32976566.0,3.34,4.67,0.74,5.02
2000-09-18,000030,16.8,16.62,17.0,16.2,21627,36053300.0,4.82,0.12,0.02,5.39
2000-09-19,000030,16.48,15.79,16.5,15.79,16931,27067364.0,4.27,-4.99,-0.83,4.22
2000-09-20,000030,15.5,15.0,15.5,15.0,10649,16100593.0,3.17,-5.0,-0.79,2.65
2000-09-21,000030,15.02,15.75,15.75,15.02,6901,10575679.0,4.87,5.0,0.75,1.72
2000-09-22,000030,16.3,15.69,16.39,15.5,13126,21031362.0,5.65,-0.38,-0.06,3.27
2000-09-25,000030,15.5,15.25,15.7,15.05,4287,6577151.0,4.14,-2.8,-0.44,1.07
2000-09-26,000030,15.25,15.65,16.0,15.22,4524,7072156.5,5.11,2.62,0.4,1.13
2000-09-27,000030,15.63,15.94,15.98,15.3,5743,9011647.0,4.35,1.85,0.29,1.43
2000-09-28,000030,16.74,16.3,16.74,15.95,11551,18935830.0,4.96,2.26,0.36,2.88
2000-09-29,000030,16.32,17.12,17.12,16.01,28165,47333344.0,6.81,5.03,0.82,7.02
2000-10-09,000030,17.38,17.89,17.97,17.15,22897,40195048.0,4.79,4.5,0.77,5.71
2000-10-10,000030,17.95,17.55,18.18,17.39,12445,22144942.0,4.42,-1.9,-0.34,3.1
2000-10-11,000030,17.7,17.62,18.0,17.4,5936,10505918.0,3.42,0.4,0.07,1.48
2000-10-12,000030,17.72,17.2,17.85,17.1,11385,19950506.0,4.26,-2.38,-0.42,2.84
2000-10-13,000030,17.3,16.34,17.3,16.34,10019,16569912.0,5.58,-5.0,-0.86,2.5
2000-10-16,000030,16.1,16.86,16.87,15.79,9594,15815098.0,6.61,3.18,0.52,2.39
2000-10-17,000030,16.9,16.35,16.99,16.34,4593,7669788.5,3.86,-3.02,-0.51,1.14
2000-10-18,000030,16.3,16.06,16.8,15.81,5161,8308948.0,6.06,-1.77,-0.29,1.29
2000-10-19,000030,16.0,16.48,16.5,15.87,9646,15602876.0,3.92,2.62,0.42,2.4
2000-10-20,000030,16.8,15.86,17.2,15.66,19342,32209202.0,9.34,-3.76,-0.62,4.82
2000-10-23,000030,15.8,16.0,16.19,15.2,5347,8387684.0,6.24,0.88,0.14,1.33
2000-10-24,000030,16.0,15.57,16.16,15.51,2441,3835559.25,4.06,-2.69,-0.43,0.61
2000-10-25,000030,15.5,15.45,15.61,15.27,3651,5610917.5,2.18,-0.77,-0.12,0.91
2000-10-26,000030,15.5,15.8,16.0,15.32,2829,4412337.0,4.4,2.27,0.35,0.71
2000-10-27,000030,15.86,15.9,16.1,15.75,2164,3453095.5,2.22,0.63,0.1,0.54
2000-10-30,000030,15.92,15.51,15.92,15.28,4066,6307853.0,4.03,-2.45,-0.39,1.01
2000-10-31,000030,15.5,15.7,15.8,15.3,3372,5235513.0,3.22,1.23,0.19,0.84
2000-11-01,000030,15.6,15.72,15.78,15.54,3947,6181484.0,1.53,0.13,0.02,0.98
2000-11-02,000030,15.65,15.38,15.68,15.32,1761,2719195.0,2.29,-2.16,-0.34,0.44
2000-11-03,000030,15.38,15.4,15.49,15.38,1264,1948730.5,0.72,0.13,0.02,0.32
2000-11-06,000030,15.32,15.0,15.45,14.63,4906,7350876.5,5.32,-2.6,-0.4,1.22
2000-11-07,000030,14.8,14.88,15.0,14.33,4441,6505728.0,4.47,-0.8,-0.12,1.11
2000-11-08,000030,14.8,15.3,15.38,14.79,6390,9627709.0,3.97,2.82,0.42,1.59
2000-11-09,000030,15.35,16.07,16.07,15.35,12318,19443032.0,4.71,5.03,0.77,3.07
2000-11-10,000030,16.1,15.66,16.3,15.65,6450,10313028.0,4.04,-2.55,-0.41,1.61
2000-11-13,000030,15.6,15.24,15.65,14.9,8906,13604855.0,4.79,-2.68,-0.42,2.22
2000-11-14,000030,15.24,14.98,15.29,14.92,5380,8088526.0,2.43,-1.71,-0.26,1.34
2000-11-15,000030,15.0,15.42,15.55,15.0,5336,8200407.0,3.67,2.94,0.44,1.33
2000-11-16,000030,15.5,15.36,15.6,15.15,2953,4542751.0,2.92,-0.39,-0.06,0.74
2000-11-17,000030,15.42,15.31,15.42,15.19,2606,3988670.5,1.5,-0.33,-0.05,0.65
2000-11-20,000030,15.3,15.95,16.02,15.2,6155,9645518.0,5.36,4.18,0.64,1.53
2000-11-21,000030,16.05,15.76,16.06,15.7,4796,7620185.5,2.26,-1.19,-0.19,1.2
2000-11-22,000030,15.75,16.2,16.43,15.74,12566,20276302.0,4.38,2.79,0.44,3.13
2000-11-23,000030,16.5,16.17,16.5,16.12,5991,9746908.0,2.35,-0.19,-0.03,1.49
2000-11-24,000030,16.2,16.5,16.7,16.08,16563,27279208.0,3.83,2.04,0.33,4.13
2000-11-27,000030,16.6,16.84,17.0,16.6,16699,28093332.0,2.42,2.06,0.34,4.16
2000-11-28,000030,16.85,16.77,17.0,16.5,7868,13138803.0,2.97,-0.42,-0.07,1.96
2000-11-29,000030,16.7,16.92,17.14,16.52,15493,26182416.0,3.7,0.89,0.15,3.86
2000-11-30,000030,16.9,16.09,17.0,16.07,7632,12537168.0,5.5,-4.91,-0.83,1.9
2000-12-01,000030,16.01,16.16,16.37,16.01,5955,9641786.0,2.24,0.44,0.07,1.48
2000-12-04,000030,16.15,16.49,16.49,16.01,9159,14854901.0,2.97,2.04,0.33,2.28
2000-12-05,000030,16.5,16.25,16.69,16.21,7109,11757845.0,2.91,-1.46,-0.24,1.77
2000-12-06,000030,16.2,16.17,16.26,16.06,6471,10455413.0,1.23,-0.49,-0.08,1.61
2000-12-07,000030,16.15,15.59,16.15,15.36,9490,14882797.0,4.89,-3.59,-0.58,2.37
2000-12-08,000030,15.5,15.78,15.95,15.31,4989,7820017.5,4.11,1.22,0.19,1.24
2000-12-11,000030,15.78,16.32,16.33,15.5,9012,14347529.0,5.26,3.42,0.54,2.25
2000-12-12,000030,16.35,16.65,16.8,16.15,16726,27675616.0,3.98,2.02,0.33,4.17
2000-12-13,000030,16.7,16.36,16.83,16.31,6316,10472855.0,3.12,-1.74,-0.29,1.57
2000-12-14,000030,16.3,16.4,16.57,16.1,7162,11723211.0,2.87,0.24,0.04,1.79
2000-12-15,000030,16.4,16.51,16.75,16.1,12662,20902918.0,3.96,0.67,0.11,3.16
2000-12-18,000030,16.48,15.68,16.58,15.68,6320,10165693.0,5.45,-5.03,-0.83,1.58
2000-12-19,000030,15.6,15.49,15.6,15.21,4714,7256846.5,2.49,-1.21,-0.19,1.17
2000-12-20,000030,15.42,15.26,15.45,15.15,4101,6256713.5,1.94,-1.48,-0.23,1.02
2000-12-21,000030,15.6,15.53,16.01,15.25,2074,3197946.5,4.98,1.77,0.27,0.52
2000-12-22,000030,15.48,15.3,15.57,15.18,3317,5107980.0,2.51,-1.48,-0.23,0.83
2000-12-25,000030,15.28,15.39,15.45,15.0,4213,6419640.5,2.94,0.59,0.09,1.05
2000-12-26,000030,15.4,15.4,15.5,15.0,3757,5732633.5,3.25,0.06,0.01,0.94
2000-12-27,000030,15.6,15.3,15.8,15.2,2679,4117355.0,3.9,-0.65,-0.1,0.67
2000-12-28,000030,15.22,15.35,15.45,15.08,3254,4970518.0,2.42,0.33,0.05,0.81
2001-01-02,000030,15.3,15.24,15.4,15.05,2618,3969223.0,2.28,-0.72,-0.11,0.65
2001-01-03,000030,15.22,15.34,15.4,15.11,2081,3187789.5,1.9,0.66,0.1,0.52
2001-01-04,000030,15.6,15.29,15.79,15.08,4053,6201697.5,4.63,-0.33,-0.05,1.01
2001-01-05,000030,15.25,15.01,15.3,14.7,6265,9392101.0,3.92,-1.83,-0.28,1.56
2001-01-08,000030,15.0,14.59,15.0,14.39,4047,5944365.5,4.06,-2.8,-0.42,1.01
2001-01-09,000030,14.5,14.52,14.54,14.45,3406,4938848.5,0.62,-0.48,-0.07,0.85
2001-01-10,000030,14.53,14.86,14.88,14.46,4651,6811889.5,2.89,2.34,0.34,1.16
2001-01-11,000030,14.9,15.08,15.17,14.76,4354,6505416.0,2.76,1.48,0.22,1.09
2001-01-12,000030,15.03,14.94,15.1,14.85,2884,4320025.0,1.66,-0.93,-0.14,0.72
2001-01-15,000030,14.94,14.57,14.94,14.41,2213,3239351.5,3.55,-2.48,-0.37,0.55
2001-01-16,000030,14.52,14.82,14.83,14.5,4069,5946066.0,2.26,1.72,0.25,1.01
2001-01-17,000030,14.78,14.9,14.9,14.76,1611,2389503.5,0.94,0.54,0.08,0.4
2001-01-18,000030,14.98,14.96,15.05,14.81,3210,4785067.5,1.61,0.4,0.06,0.8
2001-01-19,000030,14.95,15.16,15.18,14.9,3694,5549780.5,1.87,1.34,0.2,0.92
2001-02-05,000030,15.1,14.9,15.13,14.89,1571,2358465.0,1.58,-1.72,-0.26,0.39
2001-02-06,000030,14.9,14.97,14.98,14.8,2025,3014885.75,1.21,0.47,0.07,0.5
2001-02-07,000030,14.95,14.81,15.03,14.79,1216,1811562.62,1.6,-1.07,-0.16,0.3
2001-02-08,000030,14.83,14.17,14.85,14.09,1859,2708980.0,5.13,-4.32,-0.64,0.46
2001-02-09,000030,14.15,13.46,14.15,13.46,3387,4607189.0,4.87,-5.01,-0.71,0.84
2001-02-12,000030,13.55,12.94,13.55,12.79,4175,5410389.5,5.65,-3.86,-0.52,1.04
2001-02-13,000030,12.9,13.59,13.59,12.7,6278,8283979.0,6.88,5.02,0.65,1.56
2001-02-14,000030,13.3,13.76,13.8,13.27,3730,5052690.5,3.9,1.25,0.17,0.93
2001-02-15,000030,13.6,13.31,13.7,13.25,1867,2504962.25,3.27,-3.27,-0.45,0.47
2001-02-16,000030,13.32,13.25,13.4,13.1,2144,2829525.0,2.25,-0.45,-0.06,0.53
2001-02-19,000030,13.2,13.15,13.25,12.85,2528,3295780.0,3.02,-0.75,-0.1,0.63
2001-02-20,000030,13.12,13.23,13.27,13.0,2558,3356350.5,2.05,0.61,0.08,0.64
2001-02-21,000030,13.18,12.57,13.23,12.57,2349,2991438.0,4.99,-4.99,-0.66,0.59
2001-02-22,000030,12.0,11.98,12.25,11.94,10248,12259808.0,2.47,-4.69,-0.59,2.55
2001-02-23,000030,11.98,12.58,12.58,11.79,9080,11022512.0,6.59,5.01,0.6,2.26
2001-02-26,000030,12.45,12.28,12.45,12.1,4393,5376137.5,2.78,-2.38,-0.3,1.09
2001-02-27,000030,12.25,12.56,12.6,12.22,2618,3252268.5,3.09,2.28,0.28,0.65
2001-02-28,000030,12.58,12.7,12.78,12.5,2484,3142019.5,2.23,1.11,0.14,0.62
2001-03-01,000030,12.65,12.44,12.78,12.2,3700,4627968.5,4.57,-2.05,-0.26,0.92
2001-03-02,000030,12.4,12.23,12.45,12.1,3560,4347007.5,2.81,-1.69,-0.21,0.89
2001-03-05,000030,12.25,12.55,12.6,12.16,4266,5290568.0,3.6,2.62,0.32,1.06
2001-03-06,000030,12.5,13.18,13.18,12.48,9206,11819272.0,5.58,5.02,0.63,2.29
2001-03-07,000030,13.2,12.99,13.25,12.75,6480,8404300.0,3.79,-1.44,-0.19,1.62
2001-03-08,000030,13.02,13.3,13.5,12.85,4472,5867943.0,5.0,2.39,0.31,1.11
2001-03-09,000030,13.32,13.28,13.37,13.1,2924,3872084.75,2.03,-0.15,-0.02,0.73
2001-03-12,000030,13.25,13.16,13.25,13.03,3477,4569838.5,1.66,-0.9,-0.12,0.87
2001-03-13,000030,13.16,13.49,13.5,13.1,4085,5447745.5,3.04,2.51,0.33,1.02
2001-03-14,000030,13.5,14.13,14.15,13.5,9991,13784862.0,4.82,4.74,0.64,2.49
2001-03-15,000030,13.98,14.28,14.35,13.93,11509,16263569.0,2.97,1.06,0.15,2.87
2001-03-16,000030,14.3,14.46,14.6,14.26,6696,9666599.0,2.38,1.26,0.18,1.67
2001-03-19,000030,14.4,14.35,14.53,14.2,5913,8492648.0,2.28,-0.76,-0.11,1.47
2001-03-20,000030,14.28,14.22,14.4,14.2,2329,3334935.25,1.39,-0.91,-0.13,0.58
2001-03-21,000030,14.2,14.3,14.36,14.2,3432,4903200.5,1.13,0.56,0.08,0.86
2001-03-22,000030,14.3,14.0,14.35,13.88,4133,5815274.5,3.29,-2.1,-0.3,1.03
2001-03-23,000030,14.0,13.97,14.05,13.85,1982,2773192.75,1.43,-0.21,-0.03,0.49
2001-03-26,000030,13.98,14.29,14.45,13.98,3191,4550700.5,3.36,2.29,0.32,0.8
2001-03-27,000030,14.3,14.5,14.65,14.3,3012,4371580.5,2.45,1.47,0.21,0.75
2001-03-28,000030,14.6,14.47,14.68,14.34,2459,3570384.75,2.34,-0.21,-0.03,0.61
2001-03-29,000030,14.5,14.55,14.65,14.43,867,1260161.75,1.52,0.55,0.08,0.22
2001-03-30,000030,14.55,14.9,15.0,14.55,3799,5619704.5,3.09,2.41,0.35,0.95
2001-04-02,000030,14.88,15.1,15.23,14.88,4700,7082067.0,2.35,1.34,0.2,1.17
2001-04-03,000030,15.08,14.95,15.12,14.9,2915,4359306.0,1.46,-0.99,-0.15,0.73
2001-04-04,000030,14.95,15.07,15.24,14.95,5815,8802538.0,1.94,0.8,0.12,1.45
2001-04-05,000030,15.02,15.11,15.19,15.01,1923,2906272.5,1.19,0.27,0.04,0.48
2001-04-06,000030,15.13,14.8,15.18,14.7,2971,4435510.5,3.18,-2.05,-0.31,0.74
2001-04-09,000030,14.75,15.1,15.5,14.75,4455,6768232.5,5.07,2.03,0.3,1.11
2001-04-10,000030,15.25,14.9,15.25,14.8,2254,3404913.75,2.98,-1.32,-0.2,0.56
2001-04-11,000030,14.92,14.94,14.98,14.83,1922,2864924.0,1.01,0.27,0.04,0.48
2001-04-12,000030,14.92,15.08,15.1,14.8,2875,4298019.0,2.01,0.94,0.14,0.72
2001-04-13,000030,15.03,15.3,15.32,14.9,2676,4038396.0,2.79,1.46,0.22,0.67
2001-04-16,000030,15.32,15.45,15.68,15.3,4791,7426531.5,2.48,0.98,0.15,1.19
2001-04-17,000030,15.5,15.18,15.55,15.15,3780,5780499.5,2.59,-1.75,-0.27,0.94
2001-04-18,000030,15.18,14.83,15.25,14.6,5704,8492452.0,4.28,-2.31,-0.35,1.42
2001-04-19,000030,14.8,14.78,14.85,14.56,2044,3010016.5,1.96,-0.34,-0.05,0.51
2001-04-20,000030,14.75,14.64,14.91,14.61,3169,4681383.0,2.03,-0.95,-0.14,0.79
2001-04-23,000030,14.6,14.62,14.8,14.48,6842,10008333.0,2.19,-0.14,-0.02,1.71
2001-04-24,000030,14.6,14.77,14.77,14.48,8029,11731856.0,1.98,1.03,0.15,2.0
2001-04-25,000030,14.95,14.99,15.19,14.8,9194,13814270.0,2.64,1.49,0.22,2.29
2001-04-26,000030,15.0,14.72,15.02,14.6,4650,6884779.0,2.8,-1.8,-0.27,1.16
2001-04-27,000030,14.7,14.57,14.75,14.28,4204,6114165.5,3.19,-1.02,-0.15,1.05
2001-04-30,000030,14.55,14.71,14.78,14.4,7075,10304587.0,2.61,0.96,0.14,1.76
2001-05-08,000030,14.7,14.85,14.88,14.65,1267,1862750.0,1.56,0.95,0.14,0.32
2001-05-09,000030,14.87,15.17,15.21,14.75,4943,7432854.5,3.1,2.15,0.32,1.23
2001-05-10,000030,15.18,15.51,15.53,15.0,8354,12778638.0,3.49,2.24,0.34,2.08
2001-05-11,000030,15.58,15.33,15.74,15.2,10204,15817920.0,3.48,-1.16,-0.18,2.54
2001-05-14,000030,15.33,15.5,15.55,15.26,7170,11074836.0,1.89,1.11,0.17,1.79
2001-05-15,000030,15.52,15.3,15.52,14.86,5399,8183487.5,4.26,-1.29,-0.2,1.35
2001-05-16,000030,15.3,15.15,15.35,15.05,4625,7015978.0,1.96,-0.98,-0.15,1.15
2001-05-17,000030,15.12,15.28,15.42,15.06,4499,6870782.5,2.38,0.86,0.13,1.12
2001-05-18,000030,15.3,15.37,15.5,15.21,6400,9835576.0,1.9,0.59,0.09,1.6
2001-05-22,000030,15.42,16.14,16.14,15.38,12009,19005418.0,4.94,5.01,0.77,2.99
2001-05-23,000030,16.25,16.15,16.8,15.9,18515,30283146.0,5.58,0.06,0.01,4.61
2001-05-24,000030,16.18,16.29,16.3,15.8,8965,14423983.0,3.1,0.87,0.14,2.23
2001-05-28,000030,16.5,16.27,16.77,16.1,8591,14204650.0,4.11,-0.12,-0.02,2.14
2001-05-29,000030,16.3,15.88,16.68,15.75,8380,13583963.0,5.72,-2.4,-0.39,2.09
2001-05-30,000030,15.88,15.63,15.88,15.29,6509,10107824.0,3.72,-1.57,-0.25,1.62
2001-05-31,000030,15.65,15.55,15.73,15.47,5157,8051985.5,1.66,-0.51,-0.08,1.29
2001-06-01,000030,15.52,15.75,15.76,15.5,3103,4851667.5,1.67,1.29,0.2,0.77
2001-06-04,000030,15.75,15.72,15.85,15.6,3982,6270686.5,1.59,-0.19,-0.03,0.99
2001-06-05,000030,15.7,15.99,16.0,15.6,4509,7129445.0,2.54,1.72,0.27,1.12
2001-06-06,000030,16.01,15.92,16.01,15.8,2903,4617820.0,1.31,-0.44,-0.07,0.72
2001-06-07,000030,15.9,15.87,15.98,15.83,2761,4396855.0,0.94,-0.31,-0.05,0.69
2001-06-08,000030,15.85,15.88,15.99,15.68,5224,8267137.0,1.95,0.06,0.01,1.3
2001-06-11,000030,15.86,15.65,15.9,15.45,4514,7063393.0,2.83,-1.45,-0.23,1.13
2001-06-12,000030,15.72,15.79,15.83,15.53,2870,4502657.0,1.92,0.89,0.14,0.72
2001-06-13,000030,15.7,15.64,15.9,15.5,5444,8536139.0,2.53,-0.95,-0.15,1.36
2001-06-14,000030,15.67,16.14,16.2,15.67,13196,21150584.0,3.39,3.2,0.5,3.29
2001-06-15,000030,16.22,15.97,16.3,15.81,8043,12913492.0,3.04,-1.05,-0.17,2.0
2001-06-18,000030,15.96,15.7,15.99,15.5,5251,8256555.0,3.07,-1.69,-0.27,1.31
2001-06-19,000030,15.65,15.56,15.68,15.41,2256,3503838.0,1.72,-0.89,-0.14,0.56
2001-06-20,000030,15.56,15.6,15.67,15.5,2325,3623888.0,1.09,0.26,0.04,0.58
2001-06-21,000030,15.58,15.32,15.62,15.25,2654,4101871.25,2.37,-1.79,-0.28,0.66
2001-06-22,000030,15.35,15.6,15.7,15.32,7898,12247411.0,2.48,1.83,0.28,1.97
2001-06-25,000030,15.7,15.51,15.75,15.42,2962,4605831.0,2.12,-0.58,-0.09,0.74
2001-06-26,000030,15.52,15.79,15.83,15.51,5839,9161715.0,2.06,1.81,0.28,1.46
2001-06-27,000030,15.9,15.62,15.95,15.5,3416,5348839.0,2.85,-1.08,-0.17,0.85
2001-06-28,000030,15.61,16.02,16.06,15.61,6042,9566369.0,2.88,2.56,0.4,1.51
2001-06-29,000030,16.05,15.93,16.09,15.8,3094,4929230.0,1.81,-0.56,-0.09,0.77
2001-07-02,000030,15.92,15.4,15.95,15.3,3811,5979277.0,4.08,-3.33,-0.53,0.95
2001-07-03,000030,15.35,15.49,15.55,15.33,4438,6835804.0,1.43,0.58,0.09,1.11
2001-07-04,000030,15.45,15.8,15.81,15.45,4948,7726828.0,2.32,2.0,0.31,1.23
2001-07-05,000030,15.82,15.73,15.85,15.63,2378,3740920.25,1.39,-0.44,-0.07,0.59
2001-07-06,000030,15.72,15.64,15.76,15.47,2269,3535987.0,1.84,-0.57,-0.09,0.57
2001-07-09,000030,15.63,15.84,15.88,15.62,4136,6518871.0,1.66,1.28,0.2,1.03
2001-07-10,000030,15.9,15.98,16.1,15.85,5514,8807769.0,1.58,0.88,0.14,1.37
2001-07-11,000030,16.0,16.01,16.2,15.94,4407,7082369.5,1.63,0.19,0.03,1.1
2001-07-12,000030,16.01,15.77,16.05,15.65,2833,4474746.0,2.5,-1.5,-0.24,0.71
2001-07-13,000030,15.75,15.73,15.81,15.6,2128,3347002.0,1.33,-0.25,-0.04,0.53
2001-07-16,000030,15.7,15.78,15.86,15.5,4309,6745207.0,2.29,0.32,0.05,1.07
2001-07-17,000030,15.75,16.0,16.0,15.65,4384,6938633.5,2.22,1.39,0.22,1.09
2001-07-18,000030,16.02,15.89,16.09,15.85,3137,5003908.0,1.5,-0.69,-0.11,0.78
2001-07-19,000030,15.85,16.12,16.15,15.85,5859,9397144.0,1.89,1.45,0.23,1.46
2001-07-20,000030,16.15,16.16,16.3,16.0,6436,10416815.0,1.86,0.25,0.04,1.6
2001-07-23,000030,16.16,16.36,16.46,16.13,6843,11183529.0,2.04,1.24,0.2,1.71
2001-07-24,000030,16.4,16.17,16.42,16.15,3947,6412099.5,1.65,-1.16,-0.19,0.98
2001-07-25,000030,16.17,15.7,16.2,15.5,3646,5783518.0,4.33,-2.91,-0.47,0.91
2001-07-26,000030,15.58,15.65,15.7,15.5,5176,8061858.5,1.27,-0.32,-0.05,1.29
2001-07-27,000030,15.62,15.71,15.76,15.48,7584,11857292.0,1.79,0.38,0.06,1.89
2001-07-30,000030,15.7,14.92,15.7,14.92,4941,7528560.0,4.96,-5.03,-0.79,1.23
2001-07-31,000030,14.8,14.49,14.8,14.3,5306,7714574.5,3.35,-2.88,-0.43,1.32
2001-08-01,000030,14.45,14.77,14.91,14.41,3966,5827465.0,3.45,1.93,0.28,0.99
2001-08-02,000030,14.75,14.65,14.75,14.5,2007,2939054.0,1.69,-0.81,-0.12,0.5
2001-08-03,000030,14.65,14.63,14.73,14.6,1636,2396234.0,0.89,-0.14,-0.02,0.41
2001-08-06,000030,14.61,14.51,14.62,14.4,3485,5056569.0,1.5,-0.82,-0.12,0.87
2001-08-07,000030,14.5,14.68,14.7,14.38,6420,9335690.0,2.21,1.17,0.17,1.6
2001-08-08,000030,14.68,14.72,14.8,14.61,1621,2385434.0,1.29,0.27,0.04,0.4
2001-08-09,000030,14.72,14.88,15.0,14.65,2706,4011691.0,2.38,1.09,0.16,0.67
2001-08-10,000030,14.88,14.86,14.97,14.82,1562,2325240.75,1.01,-0.13,-0.02,0.39
2001-08-13,000030,14.8,15.01,15.25,14.8,3976,5992671.0,3.03,1.01,0.15,0.99
2001-08-14,000030,15.05,14.92,15.1,14.88,1779,2660701.25,1.47,-0.6,-0.09,0.44
2001-08-15,000030,14.92,14.89,14.97,14.8,1236,1842740.38,1.14,-0.2,-0.03,0.31
2001-08-16,000030,14.89,15.06,15.16,14.89,2180,3280232.25,1.81,1.14,0.17,0.54
2001-08-17,000030,15.06,14.79,15.12,14.62,1729,2576473.75,3.32,-1.79,-0.27,0.43
2001-08-20,000030,14.79,14.83,14.85,14.72,581,859741.44,0.88,0.27,0.04,0.14
2001-08-21,000030,14.8,15.05,15.1,14.79,2219,3325766.0,2.09,1.48,0.22,0.55
2001-08-22,000030,15.08,14.96,15.12,14.93,827,1239149.0,1.26,-0.6,-0.09,0.21
2001-08-23,000030,14.96,15.31,15.33,14.89,5567,8430875.0,2.94,2.34,0.35,1.39
2001-08-24,000030,15.4,15.29,15.47,15.25,3128,4801145.0,1.44,-0.13,-0.02,0.78
2001-08-27,000030,15.26,14.89,15.26,14.85,1534,2296116.25,2.68,-2.62,-0.4,0.38
2001-08-28,000030,14.89,14.9,14.95,14.6,2095,3098313.5,2.35,0.07,0.01,0.52
2001-08-29,000030,14.85,14.99,15.0,14.85,1101,1644031.75,1.01,0.6,0.09,0.27
2001-08-30,000030,14.99,14.96,15.03,14.94,242,363010.5,0.6,-0.2,-0.03,0.06
2001-08-31,000030,14.96,15.15,15.18,14.96,2759,4161659.75,1.47,1.27,0.19,0.69
2001-09-03,000030,15.2,15.18,15.35,15.11,2037,3109526.0,1.58,0.2,0.03,0.51
2001-09-04,000030,15.16,15.32,15.33,15.13,1564,2382359.25,1.32,0.92,0.14,0.39
2001-09-05,000030,15.33,15.19,15.36,15.14,1230,1878589.0,1.44,-0.85,-0.13,0.31
2001-09-06,000030,15.19,15.16,15.23,15.1,665,1008579.31,0.86,-0.2,-0.03,0.17
2001-09-07,000030,15.16,15.03,15.32,15.0,2051,3110229.0,2.11,-0.86,-0.13,0.51
2001-09-10,000030,15.0,15.08,15.11,14.9,1027,1544420.0,1.4,0.33,0.05,0.26
2001-09-11,000030,15.08,14.98,15.1,14.93,819,1227004.38,1.13,-0.66,-0.1,0.2
2001-09-12,000030,14.95,14.96,15.06,14.88,1783,2670788.0,1.2,-0.13,-0.02,0.44
2001-09-13,000030,14.96,14.74,15.0,14.59,2054,3040376.5,2.74,-1.47,-0.22,0.51
2001-09-14,000030,14.71,14.0,14.78,14.0,2534,3640846.0,5.29,-5.02,-0.74,0.63
2001-09-17,000030,14.0,14.1,14.2,13.95,4867,6837697.5,1.79,0.71,0.1,1.21
2001-09-18,000030,14.08,14.5,14.6,14.08,4018,5785293.5,3.69,2.84,0.4,1.0
2001-09-19,000030,14.42,14.03,14.42,13.78,3604,5032721.5,4.41,-3.24,-0.47,0.9
2001-09-20,000030,13.95,13.6,14.03,13.33,3880,5216373.0,4.99,-3.06,-0.43,0.97
2001-09-21,000030,13.45,13.07,13.52,13.05,3573,4733842.0,3.46,-3.9,-0.53,0.89
2001-09-24,000030,13.05,13.12,13.15,13.04,2809,3679149.5,0.84,0.38,0.05,0.7
2001-09-25,000030,13.1,13.17,13.2,13.1,1116,1467457.0,0.76,0.38,0.05,0.28
2001-09-26,000030,13.18,12.57,13.22,12.51,2555,3299600.5,5.39,-4.56,-0.6,0.64
2001-09-27,000030,12.55,12.58,12.85,12.35,1369,1720082.12,3.98,0.08,0.01,0.34
2001-09-28,000030,12.55,12.48,12.63,12.2,1086,1350576.5,3.42,-0.79,-0.1,0.27
2001-10-08,000030,12.48,12.53,12.62,12.48,916,1148834.0,1.12,0.4,0.05,0.23
2001-10-09,000030,12.5,12.48,12.55,12.4,466,582514.06,1.2,-0.4,-0.05,0.12
2001-10-10,000030,12.48,11.86,12.5,11.86,533,653994.5,5.13,-4.97,-0.62,0.13
2001-10-11,000030,11.9,11.28,11.92,11.27,1804,2086617.62,5.48,-4.89,-0.58,0.45
2001-10-12,000030,11.21,11.29,11.4,10.75,1936,2155539.25,5.76,0.09,0.01,0.48
2001-10-15,000030,11.25,11.49,11.55,11.2,1535,1748844.62,3.1,1.77,0.2,0.38
2001-10-17,000030,11.45,11.41,11.49,11.31,786,895354.62,1.57,-0.7,-0.08,0.2
2001-10-18,000030,11.4,11.1,11.41,11.04,901,1006565.5,3.24,-2.72,-0.31,0.22
2001-10-19,000030,11.1,10.94,11.15,10.58,1475,1604901.0,5.14,-1.44,-0.16,0.37
2001-10-22,000030,10.9,10.75,10.9,10.64,638,686550.5,2.38,-1.74,-0.19,0.16
2001-10-23,000030,11.0,11.29,11.29,11.0,3163,3569826.25,2.7,5.02,0.54,0.79
2001-10-24,000030,11.35,11.66,11.75,11.35,4039,4673652.0,3.54,3.28,0.37,1.01
2001-10-25,000030,11.68,11.17,11.68,11.1,1748,1967195.0,4.97,-4.2,-0.49,0.44
2001-10-26,000030,11.17,11.17,11.25,11.06,576,643284.88,1.7,0.0,0.0,0.14
2001-10-29,000030,11.15,11.39,11.45,11.15,1655,1871638.75,2.69,1.97,0.22,0.41
2001-10-30,000030,11.4,11.1,11.45,11.0,953,1068247.0,3.95,-2.55,-0.29,0.24
2001-10-31,000030,11.05,11.17,11.17,10.95,789,869663.0,1.98,0.63,0.07,0.2
2001-11-01,000030,11.15,11.29,11.33,11.15,563,633176.0,1.61,1.07,0.12,0.14
2001-11-02,000030,11.3,11.25,11.32,11.22,299,336803.81,0.89,-0.35,-0.04,0.07
2001-11-05,000030,11.23,11.15,11.23,11.13,372,415275.0,0.89,-0.89,-0.1,0.09
2001-11-06,000030,11.15,11.12,11.18,11.08,259,288027.0,0.9,-0.27,-0.03,0.06
2001-11-07,000030,11.1,10.7,11.1,10.65,835,901729.0,4.05,-3.78,-0.42,0.21
2001-11-08,000030,10.7,11.07,11.08,10.62,3378,3683934.75,4.3,3.46,0.37,0.84
2001-11-09,000030,11.1,11.35,11.4,10.91,5732,6407423.0,4.43,2.53,0.28,1.43
2001-11-12,000030,11.38,11.35,11.51,11.3,2992,3417508.25,1.85,0.0,0.0,0.75
2001-11-13,000030,11.35,11.51,11.55,11.27,3295,3772782.0,2.47,1.41,0.16,0.82
2001-11-14,000030,11.5,11.3,11.58,11.26,672,765470.0,2.78,-1.82,-0.21,0.17
2001-11-15,000030,11.3,11.45,11.48,11.18,4752,5407963.0,2.65,1.33,0.15,1.18
2001-11-16,000030,11.5,11.56,11.98,11.5,7386,8584159.0,4.19,0.96,0.11,1.84
2001-11-19,000030,11.56,11.7,11.75,11.5,7386,8584159.0,2.16,1.21,0.14,1.84
2001-11-20,000030,11.7,11.65,11.86,11.58,2899,3367101.0,2.39,-0.43,-0.05,0.72
2001-11-21,000030,11.68,11.65,11.75,11.51,1236,1436667.0,2.06,0.0,0.0,0.31
2001-11-22,000030,11.65,11.85,11.92,11.62,3680,4340853.0,2.58,1.72,0.2,0.92
2001-11-23,000030,11.88,11.75,11.95,11.7,796,939077.0,2.11,-0.84,-0.1,0.2
2001-11-26,000030,11.75,11.59,11.8,11.5,724,843193.12,2.55,-1.36,-0.16,0.18
2001-11-27,000030,11.58,11.62,11.69,11.48,910,1054410.0,1.81,0.26,0.03,0.23
2001-11-28,000030,11.62,11.8,11.89,11.6,2348,2769699.0,2.5,1.55,0.18,0.59
2001-11-29,000030,11.82,12.13,12.13,11.72,4146,4947286.5,3.47,2.8,0.33,1.03
2001-11-30,000030,12.15,12.18,12.4,12.08,3981,4875059.5,2.64,0.41,0.05,0.99
2001-12-03,000030,12.2,12.18,12.26,12.1,1177,1434031.88,1.31,0.0,0.0,0.29
2001-12-04,000030,12.22,12.26,12.4,12.18,1254,1542336.0,1.81,0.66,0.08,0.31
2001-12-05,000030,12.1,11.65,12.1,11.65,7476,8765675.0,3.67,-4.98,-0.61,1.86
2001-12-06,000030,11.5,11.31,11.5,11.1,3260,3672195.0,3.43,-2.92,-0.34,0.81
2001-12-07,000030,11.37,11.4,11.45,11.15,2678,3028463.0,2.65,0.8,0.09,0.67
2001-12-10,000030,11.4,11.45,11.49,11.34,963,1099392.25,1.32,0.44,0.05,0.24
2001-12-11,000030,11.45,11.34,11.5,11.3,740,844851.0,1.75,-0.96,-0.11,0.18
2001-12-12,000030,11.34,11.26,11.36,11.2,1115,1255013.75,1.41,-0.71,-0.08,0.28
2001-12-13,000030,11.25,11.1,11.25,11.02,928,1031606.5,2.04,-1.42,-0.16,0.23
2001-12-14,000030,11.1,11.13,11.25,11.0,2048,2274175.25,2.25,0.27,0.03,0.51
2001-12-17,000030,11.1,11.12,11.15,11.06,350,389067.69,0.81,-0.09,-0.01,0.09
2001-12-18,000030,11.12,11.2,11.28,11.01,1650,1836284.62,2.43,0.72,0.08,0.41
2001-12-19,000030,11.15,11.2,11.22,11.15,198,221496.66,0.63,0.0,0.0,0.05
2001-12-20,000030,11.25,11.38,11.45,11.15,5072,5748112.5,2.68,1.61,0.18,1.26
2001-12-21,000030,11.35,11.35,11.41,11.28,944,1072723.38,1.14,-0.26,-0.03,0.24
2001-12-24,000030,11.35,11.15,11.38,10.9,1215,1348017.0,4.23,-1.76,-0.2,0.3
2001-12-25,000030,11.1,11.14,11.15,10.96,621,686124.94,1.7,-0.09,-0.01,0.15
2001-12-26,000030,11.1,11.18,11.2,11.02,418,465796.0,1.62,0.36,0.04,0.1
2001-12-27,000030,11.15,10.62,11.15,10.62,1346,1454550.75,4.74,-5.01,-0.56,0.34
2001-12-28,000030,10.62,10.17,10.78,10.09,3902,4002900.75,6.5,-4.24,-0.45,0.97
2001-12-31,000030,10.13,10.4,10.45,10.1,1510,1544850.62,3.44,2.26,0.23,0.38
2002-01-04,000030,10.35,10.92,10.92,10.33,3191,3445875.0,5.67,5.0,0.52,0.8
2002-01-07,000030,10.95,10.82,11.01,10.75,1076,1172992.5,2.38,-0.92,-0.1,0.27
2002-01-08,000030,10.82,10.62,10.86,10.57,406,434060.59,2.68,-1.85,-0.2,0.1
2002-01-09,000030,10.62,10.59,10.7,10.58,1199,1275873.0,1.13,-0.28,-0.03,0.3
2002-01-10,000030,10.59,10.54,10.6,10.4,736,774115.0,1.89,-0.47,-0.05,0.18
2002-01-11,000030,10.54,10.68,10.76,10.52,1868,1989703.0,2.28,1.33,0.14,0.47
2002-01-14,000030,10.65,10.41,10.7,10.3,1277,1333907.88,3.75,-2.53,-0.27,0.32
2002-01-15,000030,10.41,10.07,10.44,9.9,1700,1734540.12,5.19,-3.27,-0.34,0.42
2002-01-16,000030,10.05,9.57,10.1,9.57,1270,1240308.75,5.26,-4.97,-0.5,0.32
2002-01-17,000030,9.57,9.15,9.65,9.09,4159,3859629.5,5.85,-4.39,-0.42,1.04
2002-01-18,000030,8.69,8.69,8.8,8.69,3148,2736480.0,1.2,-5.03,-0.46,0.78
2002-01-21,000030,8.26,8.26,8.26,8.26,116,95816.0,0.0,-4.95,-0.43,0.03
2002-01-22,000030,7.85,7.85,7.85,7.85,2092,1642220.0,0.0,-4.96,-0.41,0.52
2002-01-23,000030,7.46,7.84,7.87,7.46,13551,10216254.0,5.22,-0.13,-0.01,3.38
2002-01-24,000030,7.45,7.88,7.89,7.45,10644,8248812.0,5.61,0.51,0.04,2.65
2002-01-25,000030,7.88,8.24,8.27,7.8,11212,8968458.0,5.96,4.57,0.36,2.79
2002-01-28,000030,8.28,7.83,8.28,7.83,1749,1392924.0,5.46,-4.98,-0.41,0.44
2002-01-29,000030,7.44,7.45,7.59,7.44,4262,3180170.5,1.92,-4.85,-0.38,1.06
2002-01-30,000030,7.45,7.5,7.54,7.45,1846,1382086.25,1.21,0.67,0.05,0.46
2002-01-31,000030,7.88,7.85,7.88,7.62,5652,4418197.0,3.47,4.67,0.35,1.41
2002-02-01,000030,7.8,7.83,7.98,7.62,6200,4850265.0,4.59,-0.25,-0.02,1.55
2002-02-04,000030,7.83,8.21,8.22,7.83,8567,6927747.0,4.98,4.85,0.38,2.14
2002-02-05,000030,8.1,8.51,8.6,8.1,5635,4753181.0,6.09,3.65,0.3,1.4
2002-02-06,000030,8.51,8.11,8.58,8.08,6811,5569952.5,5.88,-4.7,-0.4,1.7
2002-02-07,000030,8.1,8.16,8.3,7.87,3604,2922011.5,5.3,0.62,0.05,0.9
2002-02-08,000030,8.16,8.38,8.5,8.1,5184,4328580.0,4.9,2.7,0.22,1.29
2002-02-25,000030,8.4,8.66,8.7,8.4,3256,2783197.5,3.58,3.34,0.28,0.81
2002-02-26,000030,8.66,8.58,8.8,8.37,2531,2176975.75,4.97,-0.92,-0.08,0.63
2002-02-27,000030,8.58,9.01,9.01,8.5,6624,5858998.5,5.94,5.01,0.43,1.65
2002-02-28,000030,9.05,8.94,9.12,8.76,3335,2989578.5,4.0,-0.78,-0.07,0.83
2002-03-01,000030,8.94,8.49,8.94,8.49,2791,2390252.0,5.03,-5.03,-0.45,0.7
2002-03-04,000030,8.45,8.42,8.55,8.13,1078,900984.0,4.95,-0.82,-0.07,0.27
2002-03-05,000030,8.41,8.84,8.84,8.41,3654,3192521.75,5.11,4.99,0.42,0.91
2002-03-06,000030,8.88,8.97,9.2,8.88,6559,5949305.0,3.62,1.47,0.13,1.63
2002-03-07,000030,8.97,9.28,9.4,8.88,6683,6121750.5,5.8,3.46,0.31,1.67
2002-03-08,000030,9.2,9.39,9.5,9.1,6155,5757231.0,4.31,1.19,0.11,1.53
2002-03-11,000030,9.4,9.86,9.86,9.4,10593,10300844.0,4.9,5.01,0.47,2.64
2002-03-12,000030,9.9,9.45,10.1,9.37,9012,8793007.0,7.4,-4.16,-0.41,2.25
2002-03-13,000030,9.4,8.98,9.4,8.98,3896,3550725.75,4.44,-4.97,-0.47,0.97
2002-03-14,000030,8.96,9.43,9.43,8.8,4589,4225315.0,7.02,5.01,0.45,1.14
2002-03-15,000030,9.48,9.4,9.85,9.25,11243,10748059.0,6.36,-0.32,-0.03,2.8
2002-03-18,000030,9.39,9.2,9.7,9.0,3575,3315700.75,7.45,-2.13,-0.2,0.89
2002-03-19,000030,9.01,9.35,9.38,9.01,3663,3383441.0,4.02,1.63,0.15,0.91
2002-03-20,000030,9.33,9.82,9.82,9.33,13807,13478685.0,5.24,5.03,0.47,3.44
2002-03-21,000030,9.85,9.89,10.07,9.85,6566,6543078.5,2.24,0.71,0.07,1.64
2002-03-22,000030,9.89,9.72,9.9,9.65,3015,2943438.75,2.53,-1.72,-0.17,0.75
2002-03-25,000030,9.72,10.21,10.21,9.65,10690,10775892.0,5.76,5.04,0.49,2.66
2002-03-26,000030,10.25,10.05,10.42,9.9,7777,7946258.0,5.09,-1.57,-0.16,1.94
2002-03-27,000030,10.02,9.92,10.08,9.7,3992,3932561.5,3.78,-1.29,-0.13,0.99
2002-03-28,000030,9.9,9.82,10.08,9.78,3954,3938529.5,3.02,-1.01,-0.1,0.99
2002-03-29,000030,9.8,9.41,9.9,9.33,3484,3321955.5,5.8,-4.18,-0.41,0.87
2002-04-01,000030,9.41,9.48,9.54,9.21,3023,2834797.5,3.51,0.74,0.07,0.75
2002-04-02,000030,9.46,9.5,9.8,9.35,3912,3757450.0,4.75,0.21,0.02,0.98
2002-04-03,000030,9.5,9.41,9.6,9.27,2346,2215033.25,3.47,-0.95,-0.09,0.58
2002-04-04,000030,9.38,9.6,9.64,9.28,3335,3157541.5,3.83,2.02,0.19,0.83
2002-04-05,000030,9.6,9.79,9.8,9.58,2991,2901922.0,2.29,1.98,0.19,0.75
2002-04-08,000030,9.8,9.67,9.87,9.5,3342,3245801.5,3.78,-1.23,-0.12,0.83
2002-04-09,000030,9.67,9.86,9.95,9.65,7309,7163814.5,3.1,1.96,0.19,1.82
2002-04-10,000030,9.85,9.78,9.9,9.72,3956,3878887.75,1.83,-0.81,-0.08,0.99
2002-04-11,000030,9.77,9.45,9.8,9.45,3568,3431642.5,3.58,-3.37,-0.33,0.89
2002-04-12,000030,9.45,9.38,9.53,9.3,3394,3193945.5,2.43,-0.74,-0.07,0.85
2002-04-15,000030,9.38,9.58,9.65,9.38,3574,3406907.5,2.88,2.13,0.2,0.89
2002-04-16,000030,9.58,9.4,9.65,9.36,1804,1713703.0,3.03,-1.88,-0.18,0.45
2002-04-17,000030,9.4,9.01,9.45,9.0,4302,3934860.0,4.79,-4.15,-0.39,1.07
2002-04-18,000030,8.98,9.03,9.2,8.98,2464,2232904.0,2.44,0.22,0.02,0.61
2002-04-19,000030,8.58,8.76,8.9,8.58,7427,6416801.5,3.54,-2.99,-0.27,1.85
2002-04-22,000030,8.53,8.62,8.79,8.32,4676,4016539.5,5.37,-1.6,-0.14,1.17
2002-04-23,000030,8.6,9.05,9.05,8.55,5563,4934052.0,5.8,4.99,0.43,1.39
2002-04-24,000030,9.1,8.83,9.15,8.8,3564,3196041.0,3.87,-2.43,-0.22,0.89
2002-04-25,000030,8.83,9.0,9.07,8.7,4201,3739132.25,4.19,1.93,0.17,1.05
2002-04-26,000030,9.1,9.17,9.3,9.0,4349,3993193.0,3.33,1.89,0.17,1.08
2002-04-29,000030,9.17,9.39,9.55,9.08,7013,6560370.0,5.13,2.4,0.22,1.75
2002-04-30,000030,9.35,9.4,9.6,9.35,6827,6455056.0,2.66,0.11,0.01,1.7
2002-05-08,000030,9.42,9.44,9.56,9.35,3858,3650386.25,2.23,0.43,0.04,0.96
2002-05-09,000030,9.45,9.53,9.68,9.44,4761,4557454.5,2.54,0.95,0.09,1.19
2002-05-10,000030,9.5,9.59,9.75,9.48,7135,6840101.0,2.83,0.63,0.06,1.78
2002-05-13,000030,9.58,10.07,10.07,9.48,13378,13136575.0,6.15,5.01,0.48,3.33
2002-05-14,000030,10.12,9.85,10.39,9.82,19271,19535578.0,5.66,-2.18,-0.22,4.8
2002-05-15,000030,9.82,10.24,10.34,9.58,18213,18430982.0,7.72,3.96,0.39,4.54
2002-05-16,000030,10.15,9.67,10.25,9.67,10125,9995071.0,5.66,-5.57,-0.57,2.52
2002-05-17,000030,9.67,9.4,9.7,9.2,7035,6611915.0,5.17,-2.79,-0.27,1.75
2002-05-20,000030,9.43,9.5,9.55,9.08,5952,5533403.5,5.0,1.06,0.1,1.48
2002-05-22,000030,9.98,9.77,9.98,9.64,10691,10514843.0,3.58,2.84,0.27,2.66
2002-05-23,000030,9.75,9.7,9.83,9.55,3514,3414927.75,2.87,-0.72,-0.07,0.88
2002-05-24,000030,9.8,9.94,10.11,9.7,10672,10643943.0,4.23,2.47,0.24,2.66
2002-05-27,000030,9.97,10.15,10.28,9.91,9574,9718216.0,3.72,2.11,0.21,2.39
2002-05-28,000030,10.15,10.19,10.25,10.0,5808,5878422.0,2.46,0.39,0.04,1.45
2002-05-29,000030,10.18,9.68,10.2,9.68,6148,6039520.0,5.1,-5.0,-0.51,1.53
2002-05-30,000030,9.5,9.76,9.89,9.22,4196,4025296.5,6.92,0.83,0.08,1.05
2002-05-31,000030,9.72,9.52,9.82,9.4,2440,2342930.0,4.3,-2.46,-0.24,0.61
2002-06-03,000030,9.5,9.12,9.52,9.06,3691,3386833.5,4.83,-4.2,-0.4,0.92
2002-06-04,000030,9.1,9.02,9.28,8.8,4139,3710976.25,5.26,-1.1,-0.1,1.03
2002-06-05,000030,9.0,8.66,9.0,8.6,3103,2702386.5,4.43,-3.99,-0.36,0.77
2002-06-06,000030,8.6,9.01,9.09,8.55,4847,4347274.5,6.24,4.04,0.35,1.21
2002-06-07,000030,9.01,9.1,9.3,8.81,5502,5017881.0,5.44,1.0,0.09,1.37
2002-06-10,000030,9.08,9.13,9.18,8.93,1631,1473751.12,2.75,0.33,0.03,0.41
2002-06-11,000030,9.1,9.22,9.35,9.05,2367,2182426.25,3.29,0.99,0.09,0.59
2002-06-12,000030,9.25,9.03,9.26,8.95,2834,2564307.0,3.36,-2.06,-0.19,0.71
2002-06-13,000030,9.0,9.07,9.25,8.9,1967,1796102.5,3.88,0.44,0.04,0.49
2002-06-14,000030,9.05,8.73,9.05,8.65,2617,2297114.0,4.41,-3.75,-0.34,0.65
2002-06-17,000030,8.55,8.75,8.8,8.5,989,859315.19,3.44,0.23,0.02,0.25
2002-06-18,000030,8.85,8.92,9.05,8.85,2086,1866853.5,2.29,1.94,0.17,0.52
2002-06-19,000030,8.9,8.72,8.9,8.7,2349,2055325.75,2.24,-2.24,-0.2,0.59
2002-06-20,000030,8.7,8.9,9.0,8.7,2770,2459354.0,3.44,2.06,0.18,0.69
2002-06-21,000030,9.15,9.35,9.35,9.15,16183,15091117.0,2.25,5.06,0.45,4.03
2002-06-24,000030,9.82,9.82,9.82,9.7,13649,13382270.0,1.28,5.03,0.47,3.4
2002-06-25,000030,10.3,9.91,10.3,9.8,22001,22152902.0,5.09,0.92,0.09,5.48
2002-06-27,000030,9.92,9.84,10.2,9.8,8199,8198173.0,4.04,-0.71,-0.07,2.04
2002-06-28,000030,9.8,9.49,10.1,9.35,10578,10073815.0,7.62,-3.56,-0.35,2.64
2002-07-01,000030,9.49,9.49,9.73,9.35,4964,4741602.5,4.0,0.0,0.0,1.24
2002-07-02,000030,9.47,9.49,9.58,9.41,2397,2275334.5,1.79,0.0,0.0,0.6
2002-07-03,000030,9.6,9.96,9.96,9.48,12465,12340818.0,5.06,4.95,0.47,3.11
2002-07-04,000030,10.0,9.66,10.12,9.65,7297,7222937.0,4.72,-3.01,-0.3,1.82
2002-07-05,000030,9.6,9.47,9.7,9.38,4322,4097538.0,3.31,-1.97,-0.19,1.08
2002-07-08,000030,9.45,9.52,9.78,9.45,3222,3102232.0,3.48,0.53,0.05,0.8
2002-07-09,000030,9.58,9.66,9.83,9.58,3384,3288259.75,2.63,1.47,0.14,0.84
2002-07-10,000030,9.65,9.53,9.69,9.45,2176,2078587.5,2.48,-1.35,-0.13,0.54
2002-07-11,000030,9.5,9.52,9.58,9.4,2184,2071351.38,1.89,-0.1,-0.01,0.54
2002-07-12,000030,9.5,9.7,9.82,9.5,3380,3286060.75,3.36,1.89,0.18,0.84
2002-07-15,000030,9.75,9.72,9.78,9.58,2371,2296384.5,2.06,0.21,0.02,0.59
2002-07-16,000030,9.7,9.89,9.9,9.65,4151,4065100.5,2.57,1.75,0.17,1.03
2002-07-17,000030,9.88,9.93,9.99,9.81,4234,4204145.0,1.82,0.4,0.04,1.06
2002-07-18,000030,9.9,9.87,9.97,9.8,4247,4195996.0,1.71,-0.6,-0.06,1.06
2002-07-19,000030,9.84,10.36,10.36,9.82,12242,12606973.0,5.47,4.96,0.49,3.05
2002-07-22,000030,10.45,10.73,10.88,10.43,35169,37753672.0,4.34,3.57,0.37,8.77
2002-07-23,000030,10.73,10.74,10.9,10.5,15158,16253843.0,3.73,0.09,0.01,3.78
2002-07-24,000030,10.72,10.65,10.89,10.56,8124,8695892.0,3.07,-0.84,-0.09,2.02
2002-07-25,000030,10.68,10.3,10.77,10.21,8191,8548844.0,5.26,-3.29,-0.35,2.04
2002-07-26,000030,10.16,9.99,10.35,9.98,8953,9054984.0,3.59,-3.01,-0.31,2.23
2002-07-29,000030,10.01,10.09,10.18,9.81,6748,6722180.0,3.7,1.0,0.1,1.68
2002-07-30,000030,10.09,9.99,10.11,9.95,4161,4165374.0,1.59,-0.99,-0.1,1.04
2002-07-31,000030,9.93,10.07,10.25,9.9,3377,3407010.0,3.5,0.8,0.08,0.84
2002-08-01,000030,10.09,10.17,10.25,9.88,3121,3146057.75,3.67,0.99,0.1,0.78
2002-08-02,000030,10.13,10.16,10.19,10.0,2243,2268224.0,1.87,-0.1,-0.01,0.56
2002-08-05,000030,10.08,9.97,10.1,9.94,2363,2361141.5,1.57,-1.87,-0.19,0.59
2002-08-06,000030,9.92,9.98,10.15,9.81,3856,3843311.5,3.41,0.1,0.01,0.96
2002-08-07,000030,9.99,9.77,9.99,9.75,3383,3328274.75,2.4,-2.1,-0.21,0.84
2002-08-08,000030,9.8,9.69,9.9,9.68,3524,3438068.5,2.25,-0.82,-0.08,0.88
2002-08-09,000030,9.66,9.82,9.92,9.65,1987,1952105.25,2.79,1.34,0.13,0.5
2002-08-12,000030,9.78,9.61,9.82,9.6,2575,2494889.25,2.24,-2.14,-0.21,0.64
2002-08-13,000030,9.6,9.66,9.69,9.52,1603,1539073.0,1.77,0.52,0.05,0.4
2002-08-14,000030,9.62,9.8,9.85,9.61,1505,1467199.88,2.48,1.45,0.14,0.38
2002-08-15,000030,9.78,9.76,9.85,9.72,918,896124.62,1.33,-0.41,-0.04,0.23
2002-08-16,000030,9.7,9.71,9.8,9.55,1246,1204412.12,2.56,-0.51,-0.05,0.31
2002-08-19,000030,9.68,9.7,9.8,9.61,798,771269.0,1.96,-0.1,-0.01,0.2
2002-08-20,000030,9.65,9.75,9.84,9.6,2291,2229630.75,2.47,0.52,0.05,0.57
2002-08-21,000030,9.76,9.9,9.98,9.72,3623,3578791.0,2.67,1.54,0.15,0.9
2002-08-22,000030,9.9,9.88,9.93,9.74,3341,3280229.5,1.92,-0.2,-0.02,0.83
2002-08-23,000030,9.8,9.83,9.9,9.77,1497,1468344.5,1.32,-0.51,-0.05,0.37
2002-08-26,000030,9.8,9.6,9.8,9.6,2607,2514403.0,2.03,-2.34,-0.23,0.65
2002-08-27,000030,9.6,9.39,9.6,9.36,6776,6418329.0,2.5,-2.19,-0.21,1.69
2002-08-28,000030,9.4,9.49,9.57,9.31,5110,4818901.0,2.77,1.06,0.1,1.27
2002-08-29,000030,9.45,9.72,9.8,9.41,7514,7229079.0,4.11,2.42,0.23,1.87
2002-08-30,000030,9.72,9.7,9.88,9.66,10062,9861096.0,2.26,-0.21,-0.02,2.51
2002-09-02,000030,9.7,9.57,9.7,9.51,2313,2209939.0,1.96,-1.34,-0.13,0.58
2002-09-03,000030,9.57,9.59,9.69,9.52,1214,1163479.38,1.78,0.21,0.02,0.3
2002-09-04,000030,9.55,9.45,9.58,9.45,1351,1283293.5,1.36,-1.46,-0.14,0.34
2002-09-05,000030,9.43,9.34,9.52,9.29,2504,2340394.75,2.43,-1.16,-0.11,0.62
2002-09-06,000030,9.29,9.26,9.4,9.2,1102,1022508.0,2.14,-0.86,-0.08,0.27
2002-09-09,000030,9.31,8.94,9.39,8.92,1576,1429103.0,5.08,-3.46,-0.32,0.39
2002-09-10,000030,9.0,9.08,9.15,8.9,1105,995952.69,2.8,1.57,0.14,0.28
2002-09-11,000030,9.08,8.96,9.09,8.76,944,843554.56,3.63,-1.32,-0.12,0.24
2002-09-12,000030,8.9,9.08,9.15,8.85,1149,1042964.0,3.35,1.34,0.12,0.29
2002-09-13,000030,9.08,9.06,9.1,9.0,581,525382.0,1.1,-0.22,-0.02,0.14
2002-09-16,000030,8.83,8.83,9.05,8.83,821,728662.0,2.43,-2.54,-0.23,0.2
2002-09-17,000030,8.79,8.39,8.89,8.39,4405,3718372.5,5.66,-4.98,-0.44,1.1
2002-09-18,000030,8.19,8.05,8.19,7.99,3862,3107420.0,2.38,-4.05,-0.34,0.96
2002-09-19,000030,8.0,8.3,8.4,8.0,2629,2160412.5,4.97,3.11,0.25,0.66
2002-09-20,000030,8.4,8.12,8.4,8.03,1605,1320902.75,4.46,-2.17,-0.18,0.4
2002-09-23,000030,8.11,8.22,8.25,8.07,767,626000.81,2.22,1.23,0.1,0.19
2002-09-24,000030,8.18,8.04,8.26,7.95,2052,1661271.12,3.77,-2.19,-0.18,0.51
2002-09-25,000030,8.0,8.09,8.18,7.83,2135,1713798.5,4.35,0.62,0.05,0.53
2002-09-26,000030,8.1,8.0,8.1,7.86,1936,1537285.62,2.97,-1.11,-0.09,0.48
2002-09-27,000030,8.05,7.94,8.08,7.9,789,627008.12,2.25,-0.75,-0.06,0.2
2002-10-08,000030,8.03,7.84,8.07,7.75,626,492894.09,4.03,-1.26,-0.1,0.16
2002-10-09,000030,7.78,7.49,7.85,7.45,1354,1028800.0,5.1,-4.46,-0.35,0.34
2002-10-10,000030,7.51,7.59,7.76,7.5,2421,1837048.38,3.47,1.34,0.1,0.6
2002-10-11,000030,7.67,7.97,7.97,7.6,7565,6011398.0,4.87,5.01,0.38,1.89
2002-10-14,000030,7.9,8.1,8.31,7.9,8551,6947263.0,5.14,1.63,0.13,2.13
2002-10-15,000030,8.17,8.11,8.2,7.91,5716,4595142.0,3.58,0.12,0.01,1.42
2002-10-16,000030,8.08,8.06,8.12,7.92,3423,2747288.25,2.47,-0.62,-0.05,0.85
2002-10-17,000030,8.07,7.72,8.1,7.71,2227,1750580.12,4.84,-4.22,-0.34,0.56
2002-10-18,000030,7.7,7.78,8.0,7.6,2583,2010219.88,5.18,0.78,0.06,0.64
2002-10-21,000030,7.78,7.86,7.95,7.75,3970,3124412.0,2.57,1.03,0.08,0.99
2002-10-22,000030,7.93,7.89,8.08,7.68,8803,6930068.5,5.09,0.38,0.03,2.19
2002-10-23,000030,7.82,8.19,8.28,7.82,18638,15248781.0,5.83,3.8,0.3,4.65
2002-10-24,000030,8.01,7.78,8.06,7.78,10690,8428700.0,3.42,-5.01,-0.41,2.66
2002-10-25,000030,7.71,7.68,7.85,7.62,6350,4880855.5,2.96,-1.29,-0.1,1.58
2002-10-28,000030,7.68,7.51,7.68,7.48,4896,3701796.75,2.6,-2.21,-0.17,1.22
2002-10-29,000030,7.55,7.28,7.58,7.13,9674,6958048.0,5.99,-3.06,-0.23,2.41
2002-10-30,000030,7.19,7.19,7.25,7.0,5318,3795369.75,3.43,-1.24,-0.09,1.33
2002-10-31,000030,7.12,7.55,7.55,7.12,10513,7914147.0,5.98,5.01,0.36,2.62
2002-11-01,000030,7.29,7.17,7.45,7.17,11955,8625279.0,3.71,-5.03,-0.38,2.98
2002-11-04,000030,7.17,6.83,7.35,6.81,15861,10990698.0,7.53,-4.74,-0.34,3.95
2002-11-05,000030,6.87,7.16,7.17,6.84,20070,14038719.0,4.83,4.83,0.33,5.0
2002-11-06,000030,7.18,7.16,7.34,7.16,11180,8073107.0,2.51,0.0,0.0,2.79
2002-11-07,000030,7.16,7.22,7.3,7.11,7106,5127666.5,2.65,0.84,0.06,1.77
2002-11-08,000030,7.22,6.88,7.26,6.86,10115,7109001.0,5.54,-4.71,-0.34,2.52
2002-11-11,000030,6.93,6.73,7.0,6.7,7164,4885875.0,4.36,-2.18,-0.15,1.79
2002-11-12,000030,6.6,6.39,6.73,6.39,9236,5974506.5,5.05,-5.05,-0.34,2.3
2002-11-13,000030,6.35,6.3,6.39,6.09,8273,5136875.0,4.69,-1.41,-0.09,2.06
2002-11-14,000030,6.22,6.18,6.34,6.12,5502,3425366.0,3.49,-1.9,-0.12,1.37
2002-11-15,000030,6.15,6.19,6.33,6.12,4998,3101808.75,3.4,0.16,0.01,1.25
2002-11-18,000030,6.19,5.97,6.3,5.89,6170,3703597.0,6.62,-3.55,-0.22,1.54
2002-11-19,000030,5.93,6.08,6.1,5.85,5367,3229015.0,4.19,1.84,0.11,1.34
2002-11-20,000030,6.08,5.84,6.08,5.78,6038,3514700.25,4.93,-3.95,-0.24,1.5
2002-11-21,000030,5.79,5.55,5.79,5.55,4234,2365811.75,4.11,-4.97,-0.29,1.06
2002-11-22,000030,5.51,5.33,5.7,5.27,6092,3286707.25,7.75,-3.96,-0.22,1.52
2002-11-25,000030,5.3,5.42,5.58,5.11,6734,3633317.0,8.82,1.69,0.09,1.68
2002-11-26,000030,5.42,5.19,5.5,5.15,12368,6458858.5,6.46,-4.24,-0.23,3.08
2002-11-27,000030,5.16,5.25,5.28,5.01,4703,2433474.25,5.2,1.16,0.06,1.17
2002-11-28,000030,5.28,5.51,5.51,5.2,12013,6490790.0,5.9,4.95,0.26,2.99
2002-11-29,000030,5.51,5.62,5.76,5.48,9270,5210242.0,5.08,2.0,0.11,2.31
2002-12-02,000030,5.62,5.34,5.7,5.34,6126,3362466.0,6.41,-4.98,-0.28,1.53
2002-12-03,000030,5.34,5.61,5.61,5.3,8799,4878977.0,5.81,5.06,0.27,2.19
2002-12-04,000030,5.8,5.7,5.89,5.66,10461,6027883.0,4.1,1.6,0.09,2.61
2002-12-05,000030,5.62,5.58,5.69,5.42,6807,3757410.5,4.74,-2.11,-0.12,1.7
2002-12-06,000030,5.52,5.37,5.6,5.35,7065,3866843.5,4.48,-3.76,-0.21,1.76
2002-12-09,000030,5.4,5.53,5.56,5.34,5522,3041068.0,4.1,2.98,0.16,1.38
2002-12-10,000030,5.52,5.31,5.55,5.3,3742,2028617.88,4.52,-3.98,-0.22,0.93
2002-12-11,000030,5.26,5.32,5.32,5.1,3569,1861387.88,4.14,0.19,0.01,0.89
2002-12-12,000030,5.3,5.47,5.49,5.3,4423,2397984.75,3.57,2.82,0.15,1.1
2002-12-13,000030,5.32,5.64,5.65,5.3,5139,2835786.5,6.4,3.11,0.17,1.28
2002-12-16,000030,5.6,5.67,5.73,5.56,6388,3604901.25,3.01,0.53,0.03,1.59
2002-12-17,000030,5.6,5.75,5.8,5.6,5441,3101341.0,3.53,1.41,0.08,1.36
2002-12-18,000030,5.75,5.6,5.82,5.55,4901,2776823.75,4.7,-2.61,-0.15,1.22
2002-12-19,000030,5.55,5.68,5.7,5.5,2959,1664827.12,3.57,1.43,0.08,0.74
2002-12-20,000030,5.62,5.91,5.95,5.62,8335,4839431.0,5.81,4.05,0.23,2.08
2002-12-23,000030,5.91,5.93,6.15,5.87,7794,4671330.5,4.74,0.34,0.02,1.94
2002-12-24,000030,5.95,6.04,6.09,5.87,5121,3047909.75,3.71,1.85,0.11,1.28
2002-12-25,000030,6.02,6.04,6.23,6.01,13876,8455210.0,3.64,0.0,0.0,3.46
2002-12-26,000030,6.02,5.74,6.21,5.74,13748,8197116.0,7.78,-4.97,-0.3,3.43
2002-12-27,000030,5.6,5.56,5.72,5.45,9052,5033524.5,4.7,-3.14,-0.18,2.26
2002-12-30,000030,5.59,5.4,5.65,5.35,5540,3021054.75,5.4,-2.88,-0.16,1.38
2002-12-31,000030,5.38,5.26,5.47,5.23,3364,1808938.0,4.44,-2.59,-0.14,0.84
2003-01-02,000030,5.2,5.33,5.39,5.11,3990,2118022.75,5.32,1.33,0.07,0.99
2003-01-03,000030,5.33,5.47,5.49,5.33,4273,2318211.0,3.0,2.63,0.14,1.06
2003-01-06,000030,5.47,5.6,5.61,5.43,4784,2650038.25,3.29,2.38,0.13,1.19
2003-01-07,000030,5.6,5.48,5.65,5.36,4271,2361120.25,5.18,-2.14,-0.12,1.06
2003-01-08,000030,5.48,5.65,5.65,5.42,3986,2214308.0,4.2,3.1,0.17,0.99
2003-01-09,000030,5.67,5.84,5.87,5.6,9088,5243230.0,4.78,3.36,0.19,2.27
2003-01-10,000030,5.79,5.69,5.88,5.68,6319,3662793.5,3.42,-2.57,-0.15,1.57
2003-01-13,000030,5.69,5.97,5.97,5.65,8099,4750842.5,5.62,4.92,0.28,2.02
2003-01-14,000030,6.08,6.22,6.27,5.97,16155,9898177.0,5.03,4.19,0.25,4.03
2003-01-15,000030,6.23,6.12,6.32,6.08,8747,5395069.5,3.86,-1.61,-0.1,2.18
2003-01-16,000030,6.16,6.43,6.43,6.12,13618,8632115.0,5.07,5.07,0.31,3.39
2003-01-17,000030,6.45,6.35,6.7,6.3,17662,11497635.0,6.22,-1.24,-0.08,4.4
2003-01-20,000030,6.37,6.33,6.5,6.2,8563,5404736.5,4.72,-0.31,-0.02,2.13
2003-01-21,000030,6.33,6.36,6.62,6.31,12941,8364419.5,4.9,0.47,0.03,3.23
2003-01-22,000030,6.23,6.53,6.59,6.2,13991,9036181.0,6.13,2.67,0.17,3.49
2003-01-23,000030,6.52,6.37,6.83,6.25,18503,12074337.0,8.88,-2.45,-0.16,4.61
2003-01-24,000030,6.3,6.21,6.38,6.11,8501,5282827.5,4.24,-2.51,-0.16,2.12
2003-01-27,000030,6.19,6.32,6.35,6.16,4863,3064061.25,3.06,1.77,0.11,1.21
2003-01-28,000030,6.36,6.45,6.48,6.34,4577,2939880.25,2.22,2.06,0.13,1.14
2003-01-29,000030,6.49,6.33,6.49,6.31,4402,2797755.0,2.79,-1.86,-0.12,1.1
2003-02-10,000030,6.28,6.65,6.65,6.26,11763,7716107.0,6.16,5.06,0.32,2.93
2003-02-11,000030,6.69,6.65,6.71,6.55,6791,4504308.5,2.41,0.0,0.0,1.69
2003-02-12,000030,6.65,6.87,6.98,6.6,22478,15547422.0,5.71,3.31,0.22,5.6
2003-02-13,000030,6.81,6.79,6.95,6.75,11989,8207980.5,2.91,-1.16,-0.08,2.99
2003-02-14,000030,6.79,6.79,6.91,6.73,7638,5194070.0,2.65,0.0,0.0,1.9
2003-02-17,000030,6.74,6.58,6.85,6.48,9788,6500248.0,5.45,-3.09,-0.21,2.44
2003-02-18,000030,6.6,6.54,6.63,6.49,4597,3014350.25,2.13,-0.61,-0.04,1.15
2003-02-19,000030,6.6,6.65,6.65,6.52,3005,1982034.0,1.99,1.68,0.11,0.75
2003-02-20,000030,6.66,6.68,6.78,6.63,3918,2630592.5,2.26,0.45,0.03,0.98
2003-02-21,000030,6.75,6.37,6.75,6.35,8758,5647279.5,5.99,-4.64,-0.31,2.18
2003-02-24,000030,6.36,6.4,6.45,6.33,3795,2424817.5,1.88,0.47,0.03,0.95
2003-02-25,000030,6.4,6.6,6.62,6.4,5119,3339123.5,3.44,3.13,0.2,1.28
2003-02-26,000030,6.6,6.55,6.65,6.48,4090,2672190.75,2.58,-0.76,-0.05,1.02
2003-02-27,000030,6.55,6.46,6.57,6.44,2732,1776654.0,1.98,-1.37,-0.09,0.68
2003-02-28,000030,6.46,6.52,6.63,6.45,4037,2632253.5,2.79,0.93,0.06,1.01
2003-03-03,000030,6.52,6.42,6.57,6.4,2890,1864164.88,2.61,-1.53,-0.1,0.72
2003-03-04,000030,6.44,6.51,6.53,6.44,2341,1516781.25,1.4,1.4,0.09,0.58
2003-03-05,000030,6.51,6.46,6.52,6.38,1966,1264590.88,2.15,-0.77,-0.05,0.49
2003-03-06,000030,6.49,6.34,6.55,6.33,3272,2100704.0,3.41,-1.86,-0.12,0.82
2003-03-07,000030,6.42,6.25,6.42,6.23,3209,2016742.38,3.0,-1.42,-0.09,0.8
2003-03-10,000030,6.21,5.95,6.25,5.94,5304,3195700.5,4.96,-4.8,-0.3,1.32
2003-03-11,000030,5.96,6.0,6.04,5.8,2790,1650869.5,4.03,0.84,0.05,0.7
2003-03-12,000030,6.01,5.98,6.07,5.86,2155,1285563.88,3.5,-0.33,-0.02,0.54
2003-03-13,000030,6.04,5.98,6.04,5.92,1732,1036800.5,2.01,0.0,0.0,0.43
2003-03-14,000030,5.95,6.0,6.06,5.94,2046,1232072.88,2.01,0.33,0.02,0.51
2003-03-17,000030,6.01,5.9,6.06,5.85,2034,1202569.25,3.5,-1.67,-0.1,0.51
2003-03-18,000030,5.9,5.81,5.99,5.81,4131,2446501.0,3.05,-1.53,-0.09,1.03
2003-03-19,000030,5.8,5.66,5.8,5.59,3838,2176967.25,3.61,-2.58,-0.15,0.96
2003-03-20,000030,5.7,5.66,5.76,5.55,3794,2149573.0,3.71,0.0,0.0,0.95
2003-03-21,000030,5.68,5.76,5.77,5.68,2422,1386336.88,1.59,1.77,0.1,0.6
2003-03-24,000030,5.76,5.81,5.9,5.75,2768,1613358.5,2.6,0.87,0.05,0.69
2003-03-25,000030,5.81,5.69,5.81,5.68,1796,1028227.38,2.24,-2.07,-0.12,0.45
2003-03-26,000030,5.69,5.75,5.75,5.65,1344,766529.81,1.76,1.05,0.06,0.33
2003-03-27,000030,5.72,5.88,5.96,5.65,2464,1431309.38,5.39,2.26,0.13,0.61
2003-03-28,000030,5.84,5.76,5.93,5.76,2734,1597500.0,2.89,-2.04,-0.12,0.68
2003-03-31,000030,5.77,5.86,5.92,5.75,3510,2046304.12,2.95,1.74,0.1,0.87
2003-04-01,000030,5.85,5.92,5.94,5.85,3482,2055344.25,1.54,1.02,0.06,0.87
2003-04-02,000030,5.92,5.9,5.97,5.88,2387,1412851.0,1.52,-0.34,-0.02,0.59
2003-04-03,000030,5.91,5.92,6.04,5.75,5706,3365696.0,4.92,0.34,0.02,1.42
2003-04-04,000030,5.86,5.88,5.96,5.83,2230,1310771.62,2.2,-0.68,-0.04,0.56
2003-04-07,000030,5.88,5.82,5.96,5.8,3350,1968570.0,2.72,-1.02,-0.06,0.83
2003-04-08,000030,5.8,5.55,5.83,5.55,7920,4466206.0,4.81,-4.64,-0.27,1.97
2003-04-09,000030,5.58,5.65,5.73,5.56,7154,4016829.75,3.06,1.8,0.1,1.78
2003-04-10,000030,5.61,5.6,5.63,5.42,7241,4003804.75,3.72,-0.88,-0.05,1.8
2003-04-11,000030,5.57,5.52,5.6,5.44,6868,3774045.5,2.86,-1.43,-0.08,1.71
2003-04-14,000030,5.5,5.63,5.68,5.33,10004,5498115.5,6.34,1.99,0.11,2.49
2003-04-15,000030,5.65,5.63,5.72,5.55,5104,2877310.25,3.02,0.0,0.0,1.27
2003-04-16,000030,5.65,5.49,5.65,5.45,7301,4028452.75,3.55,-2.49,-0.14,1.82
2003-04-17,000030,5.55,5.44,5.55,5.37,5589,3046472.0,3.28,-0.91,-0.05,1.39
2003-04-18,000030,5.43,5.3,5.45,5.28,5458,2907085.5,3.13,-2.57,-0.14,1.36
2003-04-21,000030,5.29,5.38,5.45,5.27,5359,2874989.5,3.4,1.51,0.08,1.34
2003-04-22,000030,5.38,5.2,5.4,5.13,3805,1992279.5,5.02,-3.35,-0.18,0.95
2003-04-23,000030,5.19,5.03,5.2,5.02,5340,2714560.5,3.46,-3.27,-0.17,1.33
2003-04-24,000030,5.02,4.78,5.02,4.78,7562,3654981.0,4.77,-4.97,-0.25,1.88
2003-04-25,000030,4.75,4.83,4.98,4.56,8234,3925618.25,8.79,1.05,0.05,2.05
2003-04-28,000030,4.77,4.66,4.77,4.63,3403,1591938.5,2.9,-3.52,-0.17,0.85
2003-04-29,000030,4.67,4.89,4.89,4.67,6095,2966775.0,4.72,4.94,0.23,1.52
2003-04-30,000030,4.8,4.93,5.13,4.79,12567,6256875.0,6.95,0.82,0.04,3.13
2003-05-12,000030,4.92,4.68,4.92,4.68,5557,2609430.5,4.87,-5.07,-0.25,1.38
2003-05-13,000030,4.63,4.45,4.72,4.45,5455,2459881.5,5.77,-4.91,-0.23,1.36
2003-05-14,000030,4.45,4.58,4.65,4.45,4001,1830224.62,4.49,2.92,0.13,1.0
2003-05-15,000030,4.59,4.64,4.67,4.45,5338,2424328.25,4.8,1.31,0.06,1.33
2003-05-16,000030,4.63,4.74,4.77,4.51,5333,2485647.75,5.6,2.16,0.1,1.33
2003-05-19,000030,4.64,4.82,4.92,4.64,6136,2969420.75,5.91,1.69,0.08,1.53
2003-05-20,000030,4.79,4.78,4.9,4.75,3477,1668143.5,3.11,-0.83,-0.04,0.87
2003-05-22,000030,4.89,5.02,5.02,4.86,5421,2706102.75,3.35,5.02,0.24,1.35
2003-05-23,000030,5.02,4.92,5.05,4.79,11839,5782925.0,5.18,-1.99,-0.1,2.95
2003-05-26,000030,4.9,4.89,4.96,4.83,5407,2651411.0,2.64,-0.61,-0.03,1.35
2003-05-27,000030,4.9,5.02,5.13,4.87,9203,4632247.0,5.32,2.66,0.13,2.29
2003-05-28,000030,5.04,5.27,5.27,5.02,25521,13388388.0,4.98,4.98,0.25,6.36
2003-05-29,000030,5.28,5.3,5.52,5.06,18451,9760360.0,8.73,0.57,0.03,4.6
2003-05-30,000030,5.3,5.23,5.45,5.21,8543,4533328.5,4.53,-1.32,-0.07,2.13
2003-06-02,000030,5.25,5.3,5.35,5.15,7132,3752666.75,3.82,1.34,0.07,1.78
2003-06-03,000030,5.28,5.31,5.5,5.25,10035,5402792.5,4.72,0.19,0.01,2.5
2003-06-04,000030,5.29,5.04,5.3,5.04,10179,5219945.5,4.9,-5.08,-0.27,2.54
2003-06-05,000030,4.99,5.06,5.15,4.96,5273,2670344.5,3.77,0.4,0.02,1.31
2003-06-06,000030,5.1,4.93,5.1,4.89,5869,2915098.75,4.15,-2.57,-0.13,1.46
2003-06-09,000030,4.88,4.82,4.96,4.78,4462,2170591.5,3.65,-2.23,-0.11,1.11
2003-06-10,000030,4.82,4.99,5.06,4.81,4690,2322261.75,5.19,3.53,0.17,1.17
2003-06-11,000030,4.95,5.2,5.24,4.95,9076,4675378.0,5.81,4.21,0.21,2.26
2003-06-12,000030,5.2,5.38,5.45,5.2,20778,11116776.0,4.81,3.46,0.18,5.18
2003-06-13,000030,5.35,5.65,5.65,5.3,26376,14782349.0,6.51,5.02,0.27,6.57
2003-06-16,000030,5.71,5.57,5.93,5.52,54010,31494966.0,7.26,-1.42,-0.08,13.46
2003-06-17,000030,5.5,5.29,5.52,5.29,27231,14614681.0,4.13,-5.03,-0.28,6.79
2003-06-18,000030,5.18,5.55,5.55,5.15,26666,14565050.0,7.56,4.91,0.26,6.65
2003-06-19,000030,5.65,5.83,5.83,5.58,47005,27037190.0,4.5,5.05,0.28,11.72
2003-06-20,000030,5.88,5.71,6.02,5.54,32247,18447410.0,8.23,-2.06,-0.12,8.04
2003-06-23,000030,5.6,5.42,5.74,5.42,14185,7827384.0,5.6,-5.08,-0.29,3.54
2003-06-24,000030,5.42,5.6,5.69,5.42,13064,7283843.5,4.98,3.32,0.18,3.26
2003-06-25,000030,5.6,5.38,5.65,5.35,12560,6823473.0,5.36,-3.93,-0.22,3.13
2003-06-26,000030,5.38,5.19,5.43,5.12,16049,8338866.0,5.76,-3.53,-0.19,4.0
2003-06-27,000030,5.21,5.15,5.27,5.09,8704,4491342.0,3.47,-0.77,-0.04,2.17
2003-06-30,000030,5.09,4.89,5.15,4.89,8693,4308285.5,5.05,-5.05,-0.26,2.17
2003-07-01,000030,4.9,4.93,5.11,4.9,6889,3439242.75,4.29,0.82,0.04,1.72
2003-07-02,000030,4.93,5.03,5.04,4.7,7208,3506069.25,6.9,2.03,0.1,1.8
2003-07-03,000030,5.03,5.14,5.22,4.91,10661,5471953.0,6.16,2.19,0.11,2.66
2003-07-04,000030,5.13,5.01,5.19,4.93,7373,3730407.75,5.06,-2.53,-0.13,1.84
2003-07-07,000030,5.0,5.18,5.18,4.83,9092,4620756.0,6.99,3.39,0.17,2.27
2003-07-08,000030,5.44,5.44,5.44,5.42,43700,23772100.0,0.39,5.02,0.26,10.89
2003-07-09,000030,5.42,5.7,5.7,5.4,52974,29493524.0,5.51,4.78,0.26,13.2
2003-07-10,000030,5.67,5.65,5.87,5.45,46838,26352976.0,7.37,-0.88,-0.05,11.67
2003-07-11,000030,5.7,5.58,5.79,5.55,17675,9960702.0,4.25,-1.24,-0.07,4.41
2003-07-14,000030,5.57,5.86,5.86,5.57,41749,24170334.0,5.2,5.02,0.28,10.41
2003-07-15,000030,5.85,5.93,6.05,5.75,41488,24642976.0,5.12,1.19,0.07,10.34
2003-07-16,000030,5.88,5.84,5.97,5.76,23165,13564040.0,3.54,-1.52,-0.09,5.77
2003-07-17,000030,5.82,6.01,6.03,5.69,27065,15828609.0,5.82,2.91,0.17,6.75
2003-07-18,000030,5.98,5.71,6.07,5.71,25739,15126756.0,5.99,-4.99,-0.3,6.42
2003-07-21,000030,5.63,5.43,5.71,5.42,21822,12033500.0,5.08,-4.9,-0.28,5.44
2003-07-22,000030,5.5,5.65,5.7,5.48,19076,10739954.0,4.05,4.05,0.22,4.75
2003-07-23,000030,5.6,5.61,5.65,5.51,8582,4784093.0,2.48,-0.71,-0.04,2.14
2003-07-24,000030,5.58,5.4,5.59,5.36,14387,7799453.0,4.1,-3.74,-0.21,3.59
2003-07-25,000030,5.37,5.28,5.45,5.19,11928,6300097.5,4.81,-2.22,-0.12,2.97
2003-07-28,000030,5.2,5.39,5.45,5.18,9005,4830507.0,5.11,2.08,0.11,2.24
2003-07-29,000030,5.39,5.63,5.64,5.39,17809,9887703.0,4.64,4.45,0.24,4.44
2003-07-30,000030,5.69,5.58,5.8,5.55,18150,10299489.0,4.44,-0.89,-0.05,4.52
2003-07-31,000030,5.55,5.52,5.58,5.43,8204,4516460.0,2.69,-1.08,-0.06,2.04
2003-08-01,000030,5.51,5.6,5.69,5.43,10724,6017456.0,4.71,1.45,0.08,2.67
2003-08-04,000030,5.59,5.73,5.79,5.51,14448,8194991.5,5.0,2.32,0.13,3.6
2003-08-05,000030,5.7,5.82,5.98,5.67,24613,14441029.0,5.41,1.57,0.09,6.13
2003-08-06,000030,5.82,5.77,5.9,5.7,12917,7514805.5,3.44,-0.86,-0.05,3.22
2003-08-07,000030,5.76,5.95,6.04,5.76,26735,15905878.0,4.85,3.12,0.18,6.66
2003-08-08,000030,5.9,5.72,6.1,5.71,27311,16175238.0,6.55,-3.87,-0.23,6.81
2003-08-11,000030,5.67,5.81,5.89,5.65,10968,6347876.5,4.2,1.57,0.09,2.73
2003-08-12,000030,5.82,5.99,6.07,5.8,20495,12217566.0,4.65,3.1,0.18,5.11
2003-08-13,000030,6.05,5.87,6.06,5.8,14139,8314367.0,4.34,-2.0,-0.12,3.52
2003-08-14,000030,5.85,5.74,5.89,5.68,11300,6527561.5,3.58,-2.21,-0.13,2.82
2003-08-15,000030,5.71,5.61,5.78,5.57,11534,6526256.5,3.66,-2.26,-0.13,2.87
2003-08-18,000030,5.62,5.7,5.78,5.62,6910,3945342.25,2.85,1.6,0.09,1.72
2003-08-19,000030,5.71,5.76,5.89,5.7,9955,5765899.5,3.33,1.05,0.06,2.48
2003-08-20,000030,5.76,5.64,5.78,5.51,10895,6109762.5,4.69,-2.08,-0.12,2.72
2003-08-21,000030,5.58,5.76,5.76,5.53,8308,4709502.0,4.08,2.13,0.12,2.07
2003-08-22,000030,5.78,5.66,5.78,5.59,8358,4727373.0,3.3,-1.74,-0.1,2.08
2003-08-25,000030,5.66,5.43,5.66,5.4,10368,5711263.0,4.59,-4.06,-0.23,2.58
2003-08-26,000030,5.38,5.5,5.58,5.38,8005,4411093.5,3.68,1.29,0.07,2.0
2003-08-27,000030,5.51,5.56,5.69,5.5,8722,4892967.0,3.45,1.09,0.06,2.17
2003-08-28,000030,5.52,5.32,5.6,5.31,11102,6034173.0,5.22,-4.32,-0.24,2.77
2003-08-29,000030,5.32,5.24,5.39,5.08,13115,6870571.0,5.83,-1.5,-0.08,3.27
2003-09-01,000030,5.21,5.32,5.32,5.15,8278,4365940.0,3.24,1.53,0.08,2.06
2003-09-02,000030,5.34,5.27,5.37,5.22,8010,4222381.0,2.82,-0.94,-0.05,2.0
2003-09-03,000030,5.26,5.53,5.53,5.26,19740,10751359.0,5.12,4.93,0.26,4.92
2003-09-04,000030,5.5,5.46,5.54,5.4,7264,3958374.75,2.53,-1.27,-0.07,1.81
2003-09-05,000030,5.47,5.4,5.53,5.37,5836,3166820.5,2.93,-1.1,-0.06,1.45
2003-09-08,000030,5.37,5.23,5.4,5.13,7077,3715528.0,5.0,-3.15,-0.17,1.76
2003-09-09,000030,5.25,5.3,5.35,5.24,4289,2273224.75,2.1,1.34,0.07,1.07
2003-09-10,000030,5.28,5.21,5.28,5.15,6575,3412085.75,2.45,-1.7,-0.09,1.64
2003-09-11,000030,5.19,5.17,5.28,5.17,3497,1824564.12,2.11,-0.77,-0.04,0.87
2003-09-12,000030,5.17,5.01,5.24,4.98,8784,4439585.5,5.03,-3.09,-0.16,2.19
2003-09-15,000030,5.01,4.9,5.05,4.86,7506,3712855.25,3.79,-2.2,-0.11,1.87
2003-09-16,000030,4.85,4.95,4.97,4.85,5378,2649708.5,2.45,1.02,0.05,1.34
2003-09-17,000030,4.95,4.92,5.02,4.9,4597,2278432.25,2.42,-0.61,-0.03,1.15
2003-09-18,000030,4.89,4.83,4.94,4.82,4473,2172112.5,2.44,-1.83,-0.09,1.11
2003-09-19,000030,4.83,4.74,4.86,4.68,6214,2953681.75,3.73,-1.86,-0.09,1.55
2003-09-22,000030,4.75,4.79,4.84,4.71,4507,2151313.5,2.74,1.05,0.05,1.12
2003-09-23,000030,4.82,4.91,4.93,4.79,5166,2508282.0,2.92,2.51,0.12,1.29
2003-09-24,000030,4.87,4.87,4.93,4.84,3461,1688416.38,1.83,-0.81,-0.04,0.86
2003-09-25,000030,4.88,4.73,4.88,4.7,5810,2774811.25,3.7,-2.87,-0.14,1.45
2003-09-26,000030,4.73,4.59,4.75,4.58,4839,2241194.25,3.59,-2.96,-0.14,1.21
2003-09-29,000030,4.59,4.52,4.6,4.46,5352,2411911.25,3.05,-1.53,-0.07,1.33
2003-09-30,000030,4.51,4.5,4.57,4.39,3777,1685168.62,3.98,-0.44,-0.02,0.94
2003-10-08,000030,4.48,4.51,4.54,4.33,5065,2244558.75,4.67,0.22,0.01,1.26
2003-10-09,000030,4.45,4.43,4.52,4.36,3261,1448573.0,3.55,-1.77,-0.08,0.81
2003-10-10,000030,4.36,4.65,4.65,4.36,12114,5533401.5,6.55,4.97,0.22,3.02
2003-10-13,000030,4.63,4.58,4.69,4.57,7758,3591881.5,2.58,-1.51,-0.07,1.93
2003-10-14,000030,4.59,4.52,4.62,4.51,4618,2097621.5,2.4,-1.31,-0.06,1.15
2003-10-15,000030,4.51,4.55,4.66,4.51,3878,1777387.12,3.32,0.66,0.03,0.97
2003-10-16,000030,4.55,4.43,4.55,4.4,4185,1860814.38,3.3,-2.64,-0.12,1.04
2003-10-17,000030,4.48,4.65,4.65,4.4,20872,9657687.0,5.64,4.97,0.22,5.2
2003-10-20,000030,4.65,4.5,4.67,4.42,9981,4505057.0,5.38,-3.23,-0.15,2.49
2003-10-21,000030,4.45,4.52,4.54,4.4,5047,2253319.75,3.11,0.44,0.02,1.26
2003-10-22,000030,4.51,4.58,4.64,4.43,10577,4795491.5,4.65,1.33,0.06,2.64
2003-10-23,000030,4.53,4.57,4.64,4.51,7101,3249014.0,2.84,-0.22,-0.01,1.77
2003-10-24,000030,4.65,4.38,4.65,4.34,11983,5352125.5,6.78,-4.16,-0.19,2.99
2003-10-27,000030,4.35,4.16,4.35,4.16,4914,2051720.0,4.34,-5.02,-0.22,1.22
2003-10-28,000030,3.96,3.95,3.96,3.95,2050,810145.0,0.24,-5.05,-0.21,0.51
2003-10-29,000030,3.75,3.75,3.92,3.75,10557,3968979.0,4.3,-5.06,-0.2,2.63
2003-10-30,000030,3.6,3.56,3.65,3.56,4994,1792043.12,2.4,-5.07,-0.19,1.24
2003-10-31,000030,3.4,3.64,3.74,3.38,18029,6440185.0,10.11,2.25,0.08,4.49
2003-11-03,000030,3.58,3.62,3.66,3.5,8934,3193700.5,4.4,-0.55,-0.02,2.23
2003-11-04,000030,3.62,3.67,3.75,3.46,15071,5421898.0,8.01,1.38,0.05,3.76
2003-11-05,000030,3.66,3.49,3.67,3.49,9022,3216804.0,4.9,-4.9,-0.18,2.25
2003-11-06,000030,3.42,3.36,3.52,3.32,17060,5744894.0,5.73,-3.72,-0.13,4.25
2003-11-07,000030,3.27,3.29,3.4,3.2,7917,2622915.5,5.95,-2.08,-0.07,1.97
2003-11-10,000030,3.31,3.35,3.4,3.18,7166,2372291.75,6.69,1.82,0.06,1.79
2003-11-11,000030,3.3,3.36,3.44,3.25,7909,2661365.25,5.67,0.3,0.01,1.97
2003-11-12,000030,3.38,3.28,3.38,3.23,5614,1845631.0,4.46,-2.38,-0.08,1.4
2003-11-13,000030,3.23,3.34,3.38,3.23,5225,1731779.88,4.57,1.83,0.06,1.3
2003-11-14,000030,3.3,3.35,3.37,3.28,4906,1632790.0,2.69,0.3,0.01,1.22
2003-11-17,000030,3.33,3.35,3.37,3.25,4869,1616373.25,3.58,0.0,0.0,1.21
2003-11-18,000030,3.34,3.42,3.51,3.3,14175,4864920.0,6.27,2.09,0.07,3.53
2003-11-19,000030,3.38,3.47,3.48,3.36,7384,2535921.75,3.51,1.46,0.05,1.84
2003-11-20,000030,3.48,3.51,3.59,3.38,15754,5469463.0,6.05,1.15,0.04,3.93
2003-11-21,000030,3.51,3.63,3.66,3.5,20722,7428218.5,4.56,3.42,0.12,5.16
2003-11-24,000030,3.62,3.65,3.69,3.57,13758,4992707.5,3.31,0.55,0.02,3.43
2003-11-25,000030,3.79,3.68,3.8,3.63,18153,6690978.5,4.66,0.82,0.03,4.52
2003-11-26,000030,3.68,3.58,3.75,3.57,12898,4701314.0,4.89,-2.72,-0.1,3.21
2003-11-27,000030,3.56,3.4,3.56,3.4,15046,5199126.5,4.47,-5.03,-0.18,3.75
2003-11-28,000030,3.3,3.41,3.41,3.23,10188,3390992.75,5.29,0.29,0.01,2.54
2003-12-01,000030,3.38,3.41,3.45,3.33,8260,2801738.0,3.52,0.0,0.0,2.06
2003-12-02,000030,3.41,3.54,3.55,3.41,12777,4446445.0,4.11,3.81,0.13,3.18
2003-12-03,000030,3.62,3.48,3.62,3.47,10040,3536250.0,4.24,-1.69,-0.06,2.5
2003-12-04,000030,3.47,3.51,3.59,3.47,7073,2498554.75,3.45,0.86,0.03,1.76
2003-12-05,000030,3.56,3.69,3.69,3.46,28236,10310488.0,6.55,5.13,0.18,7.04
2003-12-08,000030,3.68,3.72,3.74,3.59,16796,6157002.5,4.07,0.81,0.03,4.19
2003-12-09,000030,3.68,3.56,3.71,3.53,13895,4978080.0,4.84,-4.3,-0.16,3.46
2003-12-10,000030,3.54,3.59,3.59,3.5,8682,3065129.25,2.53,0.84,0.03,2.16
2003-12-11,000030,3.59,3.58,3.63,3.53,6148,2202242.5,2.79,-0.28,-0.01,1.53
2003-12-12,000030,3.53,3.57,3.65,3.53,6531,2356354.25,3.35,-0.28,-0.01,1.63
2003-12-15,000030,3.55,3.75,3.75,3.54,16059,5936184.0,5.88,5.04,0.18,4.0
2003-12-16,000030,3.73,3.66,3.88,3.65,20660,7757890.5,6.13,-2.4,-0.09,5.15
2003-12-17,000030,3.63,3.73,3.75,3.61,9948,3664347.5,3.83,1.91,0.07,2.48
2003-12-18,000030,3.71,3.54,3.71,3.54,10817,3859502.0,4.56,-5.09,-0.19,2.7
2003-12-19,000030,3.49,3.36,3.49,3.36,7792,2624992.0,3.67,-5.08,-0.18,1.94
2003-12-22,000030,3.19,3.2,3.31,3.19,14189,4545144.0,3.57,-4.76,-0.16,3.54
2003-12-23,000030,3.18,3.22,3.28,3.1,10835,3484063.75,5.63,0.63,0.02,2.7
2003-12-24,000030,3.2,3.06,3.28,3.06,10241,3213418.25,6.83,-4.97,-0.16,2.55
2003-12-25,000030,2.98,2.91,3.01,2.91,23499,6907145.0,3.27,-4.9,-0.15,5.86
2003-12-26,000030,2.98,3.06,3.06,2.92,18133,5493028.0,4.81,5.15,0.15,4.52
2003-12-29,000030,3.08,3.12,3.14,2.96,18455,5638512.0,5.88,1.96,0.06,4.6
2003-12-30,000030,3.28,3.28,3.28,3.28,5728,1878698.75,0.0,5.13,0.16,1.43
2004-01-02,000030,3.44,3.44,3.44,3.3,36573,12471284.0,4.27,4.88,0.16,9.12
2004-01-05,000030,3.4,3.41,3.51,3.36,19831,6789160.5,4.36,-0.87,-0.03,4.94
2004-01-06,000030,3.4,3.35,3.48,3.24,21921,7229514.5,7.04,-1.76,-0.06,5.46
2004-01-07,000030,3.35,3.33,3.42,3.26,10709,3558070.75,4.78,-0.6,-0.02,2.67
2004-01-08,000030,3.3,3.35,3.4,3.28,11474,3830419.5,3.6,0.6,0.02,2.86
2004-01-09,000030,3.3,3.43,3.46,3.3,14138,4803123.0,4.78,2.39,0.08,3.52
2004-01-12,000030,3.41,3.41,3.46,3.36,8543,2906778.25,2.92,-0.58,-0.02,2.13
2004-01-13,000030,3.42,3.58,3.58,3.37,23317,8256122.5,6.16,4.99,0.17,5.81
2004-01-15,000030,3.75,3.41,3.75,3.4,21429,7524710.0,9.78,-4.75,-0.17,5.34
2004-01-16,000030,3.42,3.36,3.44,3.32,9547,3199126.0,3.52,-1.47,-0.05,2.38
2004-01-29,000030,3.36,3.47,3.49,3.36,7020,2424440.0,3.87,3.27,0.11,1.75
2004-01-30,000030,3.44,3.56,3.6,3.42,13860,4928624.0,5.19,2.59,0.09,3.45
2004-02-02,000030,3.56,3.72,3.72,3.56,17620,6405775.0,4.49,4.49,0.16,4.39
2004-02-03,000030,3.72,3.91,3.91,3.65,33184,12828018.0,6.99,5.11,0.19,8.27
2004-02-04,000030,3.94,4.01,4.07,3.88,29790,11850135.0,4.86,2.56,0.1,7.42
2004-02-05,000030,4.01,4.17,4.21,3.96,30052,12379818.0,6.23,3.99,0.16,7.49
2004-02-06,000030,4.18,3.96,4.28,3.96,35409,14507348.0,7.67,-5.04,-0.21,8.83
2004-02-09,000030,3.91,4.1,4.15,3.81,18260,7369626.0,8.59,3.54,0.14,4.55
2004-02-10,000030,4.1,4.31,4.31,4.08,30437,12970397.0,5.61,5.12,0.21,7.59
2004-02-11,000030,4.47,4.36,4.49,4.26,32917,14366171.0,5.34,1.16,0.05,8.2
2004-02-12,000030,4.32,4.46,4.58,4.28,39089,17347910.0,6.88,2.29,0.1,9.74
2004-02-13,000030,4.45,4.24,4.45,4.24,23473,10025095.0,4.71,-4.93,-0.22,5.85
2004-02-16,000030,4.22,4.31,4.4,4.06,17366,7335963.0,8.02,1.65,0.07,4.33
2004-02-17,000030,4.28,4.28,4.38,4.26,14752,6361767.0,2.78,-0.7,-0.03,3.68
2004-02-18,000030,4.28,4.44,4.46,4.25,20887,9083830.0,4.91,3.74,0.16,5.21
2004-02-19,000030,4.44,4.57,4.66,4.4,31876,14509080.0,5.86,2.93,0.13,7.94
2004-02-20,000030,4.56,4.6,4.68,4.5,22952,10548820.0,3.94,0.66,0.03,5.72
2004-02-23,000030,4.65,4.61,4.82,4.55,24963,11696323.0,5.87,0.22,0.01,6.22
2004-02-24,000030,4.6,4.56,4.68,4.43,20823,9425396.0,5.42,-1.08,-0.05,5.19
2004-02-25,000030,4.59,4.48,4.69,4.48,18690,8595064.0,4.61,-1.75,-0.08,4.66
2004-02-26,000030,4.4,4.27,4.49,4.26,19022,8183783.0,5.13,-4.69,-0.21,4.74
2004-02-27,000030,4.3,4.3,4.34,4.14,9069,3857078.75,4.68,0.7,0.03,2.26
2004-03-01,000030,4.23,4.26,4.33,4.16,13220,5593119.5,3.95,-0.93,-0.04,3.29
2004-03-02,000030,4.24,4.36,4.4,4.23,13613,5889531.0,3.99,2.35,0.1,3.39
2004-03-03,000030,4.43,4.22,4.43,4.22,10430,4483503.0,4.82,-3.21,-0.14,2.6
2004-03-04,000030,4.2,4.24,4.28,4.13,8419,3540188.0,3.55,0.47,0.02,2.1
2004-03-05,000030,4.24,4.19,4.25,4.14,5197,2180964.25,2.59,-1.18,-0.05,1.3
2004-03-08,000030,4.18,3.99,4.22,3.98,10629,4332631.0,5.73,-4.77,-0.2,2.65
2004-03-09,000030,3.95,4.0,4.04,3.91,8862,3505754.75,3.26,0.25,0.01,2.21
2004-03-10,000030,4.0,4.09,4.11,3.99,5919,2402757.5,3.0,2.25,0.09,1.48
2004-03-11,000030,4.1,4.2,4.2,4.04,11522,4741433.0,3.91,2.69,0.11,2.87
2004-03-12,000030,4.18,4.09,4.18,4.06,6461,2647817.25,2.86,-2.62,-0.11,1.61
2004-03-15,000030,4.06,4.13,4.14,4.06,12344,5055614.5,1.96,0.98,0.04,3.08
2004-03-16,000030,4.15,4.2,4.22,4.1,14158,5906421.0,2.91,1.69,0.07,3.53
2004-03-17,000030,4.18,4.2,4.28,4.16,9337,3933234.25,2.86,0.0,0.0,2.33
2004-03-18,000030,4.2,4.21,4.27,4.12,15514,6522859.0,3.57,0.24,0.01,3.87
2004-03-19,000030,4.22,4.42,4.42,4.22,38376,16914092.0,4.75,4.99,0.21,9.56
2004-03-22,000030,4.47,4.45,4.51,4.35,34490,15328573.0,3.62,0.68,0.03,8.6
2004-03-23,000030,4.43,4.5,4.67,4.38,20643,9370656.0,6.52,1.12,0.05,5.15
2004-03-24,000030,4.5,4.56,4.59,4.41,15901,7140997.5,4.0,1.33,0.06,3.96
2004-03-25,000030,4.53,4.39,4.54,4.33,14269,6297977.5,4.61,-3.73,-0.17,3.56
2004-03-26,000030,4.44,4.39,4.45,4.35,7121,3119485.0,2.28,0.0,0.0,1.77
2004-03-29,000030,4.36,4.29,4.44,4.27,7636,3307677.25,3.87,-2.28,-0.1,1.9
2004-03-30,000030,4.27,4.39,4.39,4.27,9000,3904664.0,2.8,2.33,0.1,2.24
2004-03-31,000030,4.43,4.47,4.49,4.35,11239,5004969.0,3.19,1.82,0.08,2.8
2004-04-01,000030,4.48,4.59,4.62,4.45,19071,8698005.0,3.8,2.68,0.12,4.75
2004-04-02,000030,4.58,4.6,4.63,4.55,12484,5730178.0,1.74,0.22,0.01,3.11
2004-04-05,000030,4.61,4.69,4.74,4.58,23779,11108725.0,3.48,1.96,0.09,5.93
2004-04-06,000030,4.69,4.69,4.75,4.64,11158,5211858.0,2.35,0.0,0.0,2.78
2004-04-07,000030,4.68,4.76,4.8,4.65,13685,6495596.5,3.2,1.49,0.07,3.41
2004-04-08,000030,4.75,4.54,4.75,4.53,27172,12547854.0,4.62,-4.62,-0.22,6.77
2004-04-09,000030,4.54,4.64,4.69,4.46,24165,11094288.0,5.07,2.2,0.1,6.02
2004-04-12,000030,4.61,4.46,4.61,4.41,16714,7457840.0,4.31,-3.88,-0.18,4.17
2004-04-13,000030,4.68,4.68,4.68,4.6,35121,16417168.0,1.79,4.93,0.22,8.75
2004-04-14,000030,4.68,4.5,4.68,4.45,18358,8320138.0,4.91,-3.85,-0.18,4.58
2004-04-15,000030,4.45,4.28,4.54,4.28,15948,6965490.0,5.78,-4.89,-0.22,3.97
2004-04-16,000030,4.28,4.19,4.34,4.07,12455,5167869.5,6.31,-2.1,-0.09,3.1
2004-04-20,000030,4.18,4.38,4.4,4.16,15678,6765770.5,5.73,4.53,0.19,3.91
2004-04-21,000030,4.3,4.3,4.44,4.26,7288,3181562.0,4.11,-1.83,-0.08,1.82
2004-04-22,000030,4.31,4.21,4.35,4.09,7666,3223839.0,6.05,-2.09,-0.09,1.91
2004-04-23,000030,4.15,4.0,4.15,4.0,8264,3360540.0,3.56,-4.99,-0.21,2.06
2004-04-26,000030,4.0,4.1,4.19,3.95,7638,3115260.0,6.0,2.5,0.1,1.9
2004-04-27,000030,4.1,3.94,4.13,3.9,6916,2758162.0,5.61,-3.9,-0.16,1.72
2004-04-28,000030,3.94,3.93,3.97,3.75,7392,2836664.5,5.58,-0.25,-0.01,1.84
2004-04-29,000030,3.9,3.87,3.98,3.83,3806,1479386.75,3.82,-1.53,-0.06,0.95
2004-04-30,000030,3.87,3.91,3.96,3.84,3349,1308634.12,3.1,1.03,0.04,0.83
2004-05-10,000030,3.92,3.84,3.99,3.83,2326,910915.31,4.09,-1.79,-0.07,0.58
2004-05-11,000030,3.88,3.88,3.9,3.72,3904,1488449.88,4.69,1.04,0.04,0.97
2004-05-12,000030,3.88,3.99,4.0,3.82,4669,1834884.38,4.64,2.84,0.11,1.16
2004-05-13,000030,3.98,4.01,4.02,3.91,4294,1709094.38,2.76,0.5,0.02,1.07
2004-05-14,000030,4.0,3.86,4.0,3.85,3184,1236731.0,3.74,-3.74,-0.15,0.79
2004-05-17,000030,3.9,3.79,3.9,3.72,6230,2347663.0,4.66,-1.81,-0.07,1.55
2004-05-18,000030,3.79,3.84,3.85,3.74,3918,1492611.25,2.9,1.32,0.05,0.98
2004-05-19,000030,3.84,3.88,3.89,3.82,4733,1829981.38,1.82,1.04,0.04,1.18
2004-05-20,000030,3.88,3.76,3.88,3.73,3710,1407018.75,3.87,-3.09,-0.12,0.92
2004-05-24,000030,3.77,3.76,3.83,3.73,2068,777166.5,2.66,0.0,0.0,0.52
2004-05-25,000030,3.76,3.57,3.76,3.57,5027,1815535.0,5.05,-5.05,-0.19,1.25
2004-05-26,000030,3.5,3.55,3.6,3.5,3345,1183353.38,2.8,-0.56,-0.02,0.83
2004-05-27,000030,3.51,3.63,3.64,3.48,4369,1566382.62,4.51,2.25,0.08,1.09
2004-05-28,000030,3.6,3.63,3.65,3.6,2884,1044788.44,1.38,0.0,0.0,0.72
2004-05-31,000030,3.6,3.56,3.64,3.51,3383,1203164.0,3.58,-1.93,-0.07,0.84
2004-06-01,000030,3.52,3.62,3.62,3.52,3744,1345725.12,2.81,1.69,0.06,0.93
2004-06-02,000030,3.63,3.78,3.8,3.54,11930,4435794.5,7.18,4.42,0.16,2.97
2004-06-03,000030,3.76,3.64,3.76,3.6,5376,1965128.62,4.23,-3.7,-0.14,1.34
2004-06-04,000030,3.61,3.68,3.69,3.58,2577,937409.94,3.02,1.1,0.04,0.64
2004-06-07,000030,3.65,3.58,3.65,3.53,1975,708440.5,3.26,-2.72,-0.1,0.49
2004-06-08,000030,3.56,3.56,3.61,3.49,2910,1030604.5,3.35,-0.56,-0.02,0.73
2004-06-09,000030,3.5,3.4,3.58,3.38,3300,1157966.5,5.62,-4.49,-0.16,0.82
2004-06-10,000030,3.36,3.37,3.44,3.32,3747,1263429.38,3.53,-0.88,-0.03,0.93
2004-06-11,000030,3.34,3.3,3.44,3.26,5283,1764965.0,5.34,-2.08,-0.07,1.32
2004-06-14,000030,3.28,3.14,3.28,3.14,4664,1473395.12,4.24,-4.85,-0.16,1.16
2004-06-15,000030,3.14,3.19,3.22,3.04,4236,1329783.62,5.73,1.59,0.05,1.06
2004-06-16,000030,3.13,3.23,3.25,3.13,4159,1331079.75,3.76,1.25,0.04,1.04
2004-06-17,000030,3.23,3.16,3.25,3.11,2524,801537.0,4.33,-2.17,-0.07,0.63
2004-06-18,000030,3.17,3.18,3.18,3.06,3596,1120956.88,3.8,0.63,0.02,0.9
2004-06-21,000030,3.25,3.29,3.3,3.15,5674,1831077.88,4.72,3.46,0.11,1.41
2004-06-22,000030,3.36,3.45,3.45,3.33,24311,8334519.0,3.65,4.86,0.16,6.06
2004-06-23,000030,3.52,3.43,3.52,3.28,9139,3091494.25,6.96,-0.58,-0.02,2.28
2004-06-24,000030,3.42,3.37,3.42,3.33,4694,1577716.75,2.62,-1.75,-0.06,1.17
2004-06-25,000030,3.31,3.2,3.34,3.2,5166,1673361.0,4.15,-5.04,-0.17,1.29
2004-06-28,000030,3.11,3.09,3.15,3.05,3057,948016.88,3.13,-3.44,-0.11,0.76
2004-06-29,000030,3.01,3.1,3.11,3.0,3598,1101450.0,3.56,0.32,0.01,0.9
2004-06-30,000030,3.01,2.95,3.03,2.95,7789,2311867.25,2.58,-4.84,-0.15,1.94
2004-07-01,000030,2.91,3.01,3.05,2.86,6674,1990226.75,6.44,2.03,0.06,1.66
2004-07-02,000030,2.99,3.0,3.01,2.96,3114,930621.0,1.66,-0.33,-0.01,0.78
2004-07-05,000030,3.0,3.0,3.07,2.96,1998,596663.06,3.67,0.0,0.0,0.5
2004-07-06,000030,2.97,3.07,3.09,2.97,5222,1593206.88,4.0,2.33,0.07,1.3
2004-07-07,000030,3.05,3.06,3.13,3.0,5658,1734120.0,4.23,-0.33,-0.01,1.41
2004-07-08,000030,3.08,3.01,3.08,3.0,2680,808892.0,2.61,-1.63,-0.05,0.67
2004-07-09,000030,3.01,2.96,3.04,2.95,3642,1084705.5,2.99,-1.66,-0.05,0.91
2004-07-12,000030,2.93,2.81,2.95,2.81,5021,1426112.88,4.73,-5.07,-0.15,1.25
2004-07-13,000030,2.78,2.8,2.83,2.73,3184,888753.5,3.56,-0.36,-0.01,0.79
2004-07-14,000030,2.84,2.72,2.84,2.66,5366,1439148.12,6.43,-2.86,-0.08,1.34
2004-07-15,000030,2.71,2.67,2.71,2.58,7638,2011901.75,4.78,-1.84,-0.05,1.9
2004-07-16,000030,2.63,2.73,2.78,2.63,7000,1885395.38,5.62,2.25,0.06,1.74
2004-07-19,000030,2.73,2.71,2.74,2.6,4595,1231040.38,5.13,-0.73,-0.02,1.15
2004-07-20,000030,2.7,2.71,2.75,2.64,4080,1102677.62,4.06,0.0,0.0,1.02
2004-07-21,000030,2.73,2.71,2.73,2.67,2249,607718.5,2.21,0.0,0.0,0.56
2004-07-22,000030,2.72,2.64,2.75,2.62,4215,1129421.5,4.8,-2.58,-0.07,1.05
2004-07-23,000030,2.6,2.56,2.63,2.51,4333,1103568.0,4.55,-3.03,-0.08,1.08
2004-07-26,000030,2.55,2.45,2.55,2.43,8599,2104339.0,4.69,-4.3,-0.11,2.14
2004-07-27,000030,2.43,2.33,2.43,2.33,6071,1423866.0,4.08,-4.9,-0.12,1.51
2004-07-28,000030,2.32,2.37,2.38,2.26,5088,1179330.75,5.15,1.72,0.04,1.27
2004-07-29,000030,2.38,2.4,2.41,2.3,5070,1193742.88,4.64,1.27,0.03,1.26
2004-07-30,000030,2.38,2.36,2.43,2.33,3538,837761.81,4.17,-1.67,-0.04,0.88
2004-08-02,000030,2.36,2.33,2.37,2.27,3748,865707.19,4.24,-1.27,-0.03,0.93
2004-08-03,000030,2.33,2.37,2.39,2.29,3100,726246.44,4.29,1.72,0.04,0.77
2004-08-04,000030,2.33,2.41,2.46,2.31,7304,1753304.0,6.33,1.69,0.04,1.82
2004-08-05,000030,2.41,2.42,2.46,2.4,6034,1463240.25,2.49,0.41,0.01,1.5
2004-08-06,000030,2.4,2.43,2.44,2.39,2553,616832.38,2.07,0.41,0.01,0.64
2004-08-09,000030,2.4,2.36,2.41,2.31,3207,750721.19,4.12,-2.88,-0.07,0.8
2004-08-10,000030,2.35,2.35,2.36,2.31,1836,429612.0,2.12,-0.42,-0.01,0.46
2004-08-11,000030,2.35,2.24,2.35,2.24,4136,938026.06,4.68,-4.68,-0.11,1.03
2004-08-12,000030,2.22,2.17,2.24,2.15,3156,688227.88,4.02,-3.13,-0.07,0.79
2004-08-13,000030,2.16,2.21,2.25,2.15,3417,754369.81,4.61,1.84,0.04,0.85
2004-08-16,000030,2.15,2.22,2.25,2.15,3271,721817.0,4.52,0.45,0.01,0.82
2004-08-17,000030,2.2,2.21,2.24,2.17,1855,408193.0,3.15,-0.45,-0.01,0.46
2004-08-18,000030,2.21,2.18,2.23,2.18,1614,355201.38,2.26,-1.36,-0.03,0.4
2004-08-19,000030,2.18,2.2,2.21,2.11,4177,907022.31,4.59,0.92,0.02,1.04
2004-08-20,000030,2.2,2.19,2.23,2.13,4610,998818.19,4.55,-0.45,-0.01,1.15
2004-08-23,000030,2.18,2.14,2.18,2.1,3994,854463.56,3.65,-2.28,-0.05,1.0
2004-08-24,000030,2.13,2.23,2.23,2.11,13975,3040538.0,5.61,4.21,0.09,3.48
2004-08-25,000030,2.2,2.19,2.25,2.17,4137,910605.94,3.59,-1.79,-0.04,1.03
2004-08-26,000030,2.17,2.14,2.2,2.14,2589,559520.25,2.74,-2.28,-0.05,0.65
2004-08-27,000030,2.11,2.03,2.13,2.03,9221,1888218.0,4.67,-5.14,-0.11,2.3
2004-08-30,000030,2.0,2.06,2.08,2.0,2514,516591.28,3.94,1.48,0.03,0.63
2004-08-31,000030,2.07,2.14,2.16,2.07,8556,1818296.38,4.37,3.88,0.08,2.13
2004-09-01,000030,2.12,2.11,2.15,2.09,3327,701317.19,2.8,-1.4,-0.03,0.83
2004-09-02,000030,2.14,2.16,2.16,2.1,3058,653911.69,2.84,2.37,0.05,0.76
2004-09-03,000030,2.18,2.19,2.21,2.13,7820,1709134.25,3.7,1.39,0.03,1.95
2004-09-06,000030,2.18,2.29,2.3,2.16,11188,2526650.0,6.39,4.57,0.1,2.79
2004-09-07,000030,2.27,2.29,2.3,2.21,10885,2457963.25,3.93,0.0,0.0,2.71
2004-09-08,000030,2.26,2.25,2.3,2.25,4409,999755.5,2.18,-1.75,-0.04,1.1
2004-09-09,000030,2.24,2.21,2.26,2.2,4600,1025693.25,2.67,-1.78,-0.04,1.15
2004-09-10,000030,2.18,2.27,2.28,2.16,8768,1941059.25,5.43,2.71,0.06,2.19
2004-09-13,000030,2.27,2.24,2.35,2.22,9981,2281447.0,5.73,-1.32,-0.03,2.49
2004-09-14,000030,2.24,2.29,2.3,2.24,6265,1426555.62,2.68,2.23,0.05,1.56
2004-09-15,000030,2.29,2.4,2.4,2.25,22546,5351576.5,6.55,4.8,0.11,5.62
2004-09-16,000030,2.38,2.4,2.44,2.35,8874,2128119.75,3.75,0.0,0.0,2.21
2004-09-17,000030,2.4,2.5,2.5,2.38,15768,3874249.75,5.0,4.17,0.1,3.93
2004-09-20,000030,2.55,2.6,2.61,2.48,13707,3498779.75,5.2,4.0,0.1,3.42
2004-09-21,000030,2.6,2.47,2.6,2.47,19235,4830156.0,5.0,-5.0,-0.13,4.79
2004-09-22,000030,2.42,2.4,2.5,2.37,11742,2856954.25,5.26,-2.83,-0.07,2.93
2004-09-23,000030,2.42,2.46,2.49,2.35,7745,1877495.62,5.83,2.5,0.06,1.93
2004-09-24,000030,2.47,2.35,2.5,2.35,13140,3159235.0,6.1,-4.47,-0.11,3.27
2004-09-27,000030,2.38,2.24,2.4,2.23,8816,2012504.75,7.23,-4.68,-0.11,2.2
2004-09-28,000030,2.22,2.22,2.28,2.18,6565,1452913.12,4.46,-0.89,-0.02,1.64
2004-09-29,000030,2.25,2.23,2.28,2.2,5365,1206904.25,3.6,0.45,0.01,1.34
2004-09-30,000030,2.22,2.14,2.24,2.12,7393,1604426.5,5.38,-4.04,-0.09,1.84
2004-10-08,000030,2.13,2.2,2.2,2.06,4284,926660.12,6.54,2.8,0.06,1.07
2004-10-11,000030,2.18,2.22,2.23,2.16,5700,1255124.0,3.18,0.91,0.02,1.42
2004-10-12,000030,2.17,2.14,2.2,2.13,5965,1281114.25,3.15,-3.6,-0.08,1.49
2004-10-13,000030,2.1,2.04,2.13,2.04,7481,1552605.12,4.21,-4.67,-0.1,1.86
2004-10-14,000030,2.05,1.94,2.06,1.94,8045,1583234.0,5.88,-4.9,-0.1,2.01
2004-10-15,000030,1.9,1.89,1.9,1.84,8008,1482340.5,3.09,-2.58,-0.05,2.0
2004-10-18,000030,1.9,1.83,1.9,1.8,5435,992713.5,5.29,-3.17,-0.06,1.35
2004-10-19,000030,1.81,1.85,1.87,1.81,4045,747709.75,3.28,1.09,0.02,1.01
2004-10-20,000030,1.84,1.76,1.85,1.76,5648,1003990.31,4.86,-4.86,-0.09,1.41
2004-10-21,000030,1.75,1.67,1.75,1.67,5122,860214.0,4.55,-5.11,-0.09,1.28
2004-10-22,000030,1.59,1.65,1.67,1.59,7285,1179140.12,4.79,-1.2,-0.02,1.82
2004-10-25,000030,1.65,1.57,1.68,1.57,5916,949448.31,6.67,-4.85,-0.08,1.47
2004-10-26,000030,1.56,1.57,1.59,1.49,17259,2606134.0,6.37,0.0,0.0,4.3
2004-10-27,000030,1.58,1.65,1.65,1.54,15010,2452777.75,7.01,5.1,0.08,3.74
2004-10-28,000030,1.68,1.67,1.73,1.65,13483,2293222.5,4.85,1.21,0.02,3.36
2004-10-29,000030,1.64,1.67,1.7,1.59,8978,1472320.88,6.59,0.0,0.0,2.24
2004-11-01,000030,1.66,1.69,1.71,1.63,5627,940557.62,4.79,1.2,0.02,1.4
2004-11-02,000030,1.65,1.64,1.72,1.62,5316,882323.12,5.92,-2.96,-0.05,1.32
2004-11-03,000030,1.57,1.68,1.68,1.57,4872,804064.0,6.71,2.44,0.04,1.21
2004-11-04,000030,1.68,1.64,1.71,1.62,4320,718321.0,5.36,-2.38,-0.04,1.08
2004-11-05,000030,1.6,1.61,1.65,1.6,3481,561973.44,3.05,-1.83,-0.03,0.87
2004-11-08,000030,1.6,1.62,1.65,1.57,4992,794182.0,4.97,0.62,0.01,1.24
2004-11-09,000030,1.61,1.63,1.64,1.59,3446,557224.25,3.09,0.62,0.01,0.86
2004-11-10,000030,1.63,1.69,1.69,1.61,7469,1240508.0,4.91,3.68,0.06,1.86
2004-11-11,000030,1.68,1.71,1.76,1.65,15271,2613710.5,6.51,1.18,0.02,3.81
2004-11-12,000030,1.71,1.69,1.73,1.66,5133,868607.81,4.09,-1.17,-0.02,1.28
2004-11-15,000030,1.69,1.72,1.75,1.68,4685,802435.31,4.14,1.78,0.03,1.17
2004-11-16,000030,1.72,1.75,1.75,1.71,5669,982835.88,2.33,1.74,0.03,1.41
2004-11-17,000030,1.75,1.7,1.75,1.69,4255,727243.12,3.43,-2.86,-0.05,1.06
2004-11-18,000030,1.72,1.79,1.79,1.72,7808,1392731.0,4.12,5.29,0.09,1.95
2004-11-19,000030,1.81,1.88,1.88,1.81,30962,5781278.0,3.91,5.03,0.09,7.72
2004-11-22,000030,1.87,1.9,1.97,1.86,22869,4421698.0,5.85,1.06,0.02,5.7
2004-11-23,000030,1.93,1.99,2.0,1.93,17213,3383835.25,3.68,4.74,0.09,4.29
2004-11-24,000030,2.03,1.89,2.06,1.89,10232,1969382.0,8.54,-5.03,-0.1,2.55
2004-11-25,000030,1.8,1.84,1.94,1.8,15166,2796495.25,7.41,-2.65,-0.05,3.78
2004-11-26,000030,1.83,1.83,1.89,1.8,7609,1395228.5,4.89,-0.54,-0.01,1.9
2004-11-29,000030,1.8,1.84,1.86,1.8,5908,1090676.0,3.28,0.55,0.01,1.47
2004-11-30,000030,1.84,1.88,1.88,1.81,7038,1298186.5,3.8,2.17,0.04,1.75
2004-12-01,000030,1.88,1.91,1.92,1.85,7645,1443860.75,3.72,1.6,0.03,1.91
2004-12-02,000030,1.91,1.85,1.92,1.84,7747,1446468.25,4.19,-3.14,-0.06,1.93
2004-12-03,000030,1.87,1.87,1.89,1.83,4487,837217.19,3.24,1.08,0.02,1.12
2004-12-06,000030,1.89,1.96,1.96,1.88,14197,2744514.0,4.28,4.81,0.09,3.54
2004-12-07,000030,1.98,1.94,2.0,1.94,9292,1832419.5,3.06,-1.02,-0.02,2.32
2004-12-08,000030,1.94,2.04,2.04,1.9,19013,3819537.0,7.22,5.15,0.1,4.74
2004-12-09,000030,2.03,1.94,2.08,1.94,20247,4011088.0,6.86,-4.9,-0.1,5.05
2004-12-10,000030,1.91,1.84,1.92,1.84,9296,1733505.5,4.12,-5.15,-0.1,2.32
2004-12-13,000030,1.8,1.82,1.84,1.75,7448,1331026.5,4.89,-1.09,-0.02,1.86
2004-12-14,000030,1.82,1.83,1.85,1.78,4533,829299.12,3.85,0.55,0.01,1.13
2004-12-15,000030,1.82,1.75,1.83,1.74,7126,1248593.25,4.92,-4.37,-0.08,1.78
2004-12-16,000030,1.73,1.66,1.73,1.66,6123,1025414.56,4.0,-5.14,-0.09,1.53
2004-12-17,000030,1.65,1.7,1.72,1.58,9998,1618439.12,8.43,2.41,0.04,2.49
2004-12-20,000030,1.69,1.64,1.69,1.62,3577,593512.81,4.12,-3.53,-0.06,0.89
2004-12-21,000030,1.62,1.71,1.72,1.62,5240,885737.12,6.1,4.27,0.07,1.31
2004-12-22,000030,1.69,1.74,1.76,1.69,4569,786777.0,4.09,1.75,0.03,1.14
2004-12-23,000030,1.75,1.73,1.78,1.71,4531,790614.44,4.02,-0.57,-0.01,1.13
2004-12-24,000030,1.73,1.73,1.76,1.7,2243,389403.31,3.47,0.0,0.0,0.56
2004-12-27,000030,1.7,1.66,1.74,1.64,4610,768858.75,5.78,-4.05,-0.07,1.15
2004-12-28,000030,1.65,1.66,1.7,1.65,2769,462365.16,3.01,0.0,0.0,0.69
2004-12-29,000030,1.58,1.58,1.6,1.58,6216,984643.0,1.2,-4.82,-0.08,1.55
2004-12-30,000030,1.51,1.55,1.57,1.5,7342,1116858.62,4.43,-1.9,-0.03,1.83
2004-12-31,000030,1.55,1.51,1.55,1.5,3788,576579.0,3.23,-2.58,-0.04,0.94
2005-01-04,000030,1.48,1.49,1.54,1.45,3007,448450.0,5.96,-1.32,-0.02,0.75
2005-01-05,000030,1.49,1.56,1.56,1.49,3068,476195.84,4.7,4.7,0.07,0.76
2005-01-06,000030,1.61,1.57,1.61,1.55,6417,1012881.44,3.85,0.64,0.01,1.6
2005-01-07,000030,1.56,1.65,1.65,1.54,8955,1455609.5,7.01,5.1,0.08,2.23
2005-01-10,000030,1.65,1.7,1.72,1.6,6644,1116545.12,7.27,3.03,0.05,1.66
2005-01-11,000030,1.7,1.68,1.71,1.62,5543,925187.0,5.29,-1.18,-0.02,1.38
2005-01-12,000030,1.68,1.69,1.72,1.64,5212,872802.5,4.76,0.6,0.01,1.3
2005-01-13,000030,1.69,1.69,1.7,1.66,5844,982396.5,2.37,0.0,0.0,1.46
2005-01-14,000030,1.69,1.68,1.69,1.65,3169,531459.38,2.37,-0.59,-0.01,0.79
2005-01-17,000030,1.66,1.61,1.66,1.6,6058,981827.0,3.57,-4.17,-0.07,1.51
2005-01-18,000030,1.6,1.65,1.68,1.56,5048,828278.31,7.45,2.48,0.04,1.26
2005-01-19,000030,1.65,1.68,1.7,1.63,5649,944760.19,4.24,1.82,0.03,1.41
2005-01-20,000030,1.68,1.65,1.7,1.63,3583,595461.0,4.17,-1.79,-0.03,0.89
2005-01-21,000030,1.67,1.65,1.67,1.6,3192,520265.34,4.24,0.0,0.0,0.8
2005-01-24,000030,1.65,1.7,1.71,1.63,6038,1013115.69,4.85,3.03,0.05,1.5
2005-01-25,000030,1.7,1.73,1.73,1.67,6424,1092516.12,3.53,1.76,0.03,1.6
2005-01-26,000030,1.71,1.7,1.74,1.7,4224,723850.69,2.31,-1.73,-0.03,1.05
2005-01-27,000030,1.65,1.62,1.69,1.62,5210,852627.88,4.12,-4.71,-0.08,1.3
2005-01-28,000030,1.61,1.54,1.61,1.54,8891,1382982.88,4.32,-4.94,-0.08,2.22
2005-01-31,000030,1.53,1.47,1.55,1.46,4913,735357.62,5.84,-4.55,-0.07,1.22
2005-02-01,000030,1.48,1.48,1.52,1.47,2405,360279.0,3.4,0.68,0.01,0.6
2005-02-02,000030,1.46,1.55,1.55,1.45,5413,825705.5,6.76,4.73,0.07,1.35
2005-02-03,000030,1.55,1.5,1.55,1.5,4199,644101.0,3.23,-3.23,-0.05,1.05
2005-02-04,000030,1.47,1.5,1.51,1.46,4388,651350.56,3.33,0.0,0.0,1.09
2005-02-16,000030,1.52,1.55,1.57,1.51,3104,479690.69,4.0,3.33,0.05,0.77
2005-02-17,000030,1.54,1.57,1.58,1.53,2337,365118.41,3.23,1.29,0.02,0.58
2005-02-18,000030,1.56,1.55,1.58,1.55,1299,202299.0,1.91,-1.27,-0.02,0.32
2005-02-21,000030,1.55,1.63,1.63,1.54,6663,1066737.62,5.81,5.16,0.08,1.66
2005-02-22,000030,1.71,1.68,1.71,1.63,12182,2025836.88,4.91,3.07,0.05,3.04
2005-02-23,000030,1.65,1.71,1.71,1.65,9076,1531078.75,3.57,1.79,0.03,2.26
2005-02-24,000030,1.72,1.8,1.8,1.68,20823,3680390.25,7.02,5.26,0.09,5.19
2005-02-25,000030,1.82,1.87,1.89,1.82,36576,6825410.0,3.89,3.89,0.07,9.12
2005-02-28,000030,1.87,1.8,1.87,1.78,16995,3061233.75,4.81,-3.74,-0.07,4.24
2005-03-01,000030,1.81,1.8,1.82,1.75,8431,1514274.62,3.89,0.0,0.0,2.1
2005-03-02,000030,1.8,1.73,1.82,1.72,7479,1321842.0,5.56,-3.89,-0.07,1.86
2005-03-03,000030,1.73,1.77,1.77,1.65,7664,1325168.25,6.94,2.31,0.04,1.91
2005-03-04,000030,1.75,1.78,1.8,1.73,6321,1121644.38,3.95,0.56,0.01,1.58
2005-03-07,000030,1.78,1.76,1.82,1.75,5087,905957.5,3.93,-1.12,-0.02,1.27
2005-03-08,000030,1.76,1.8,1.85,1.76,10718,1945194.88,5.11,2.27,0.04,2.67
2005-03-09,000030,1.8,1.85,1.86,1.78,12374,2251415.5,4.44,2.78,0.05,3.08
2005-03-10,000030,1.83,1.85,1.87,1.8,17950,3309418.75,3.78,0.0,0.0,4.47
2005-03-11,000030,1.85,1.76,1.85,1.76,12138,2153053.0,4.86,-4.86,-0.09,3.03
2005-03-14,000030,1.74,1.69,1.75,1.67,11695,1976424.12,4.55,-3.98,-0.07,2.91
2005-03-15,000030,1.67,1.77,1.77,1.64,16568,2871629.75,7.69,4.73,0.08,4.13
2005-03-16,000030,1.86,1.86,1.86,1.86,9145,1701057.38,0.0,5.08,0.09,2.28
2005-03-17,000030,1.95,1.91,1.95,1.8,59864,11517610.0,8.06,2.69,0.05,14.92
2005-03-18,000030,1.85,1.81,1.92,1.81,22511,4152746.0,5.76,-5.24,-0.1,5.61
2005-03-21,000030,1.77,1.72,1.77,1.72,8216,1416386.0,2.76,-4.97,-0.09,2.05
2005-03-22,000030,1.65,1.63,1.74,1.63,15815,2619496.0,6.4,-5.23,-0.09,3.94
2005-03-23,000030,1.6,1.66,1.66,1.56,6429,1032785.0,6.13,1.84,0.03,1.6
2005-03-24,000030,1.63,1.68,1.69,1.61,9411,1557966.62,4.82,1.2,0.02,2.35
2005-03-25,000030,1.65,1.67,1.69,1.64,5076,846026.62,2.98,-0.6,-0.01,1.27
2005-03-28,000030,1.65,1.59,1.67,1.59,8377,1345755.25,4.79,-4.79,-0.08,2.09
2005-03-29,000030,1.59,1.63,1.64,1.57,5521,891009.62,4.4,2.52,0.04,1.38
2005-03-30,000030,1.71,1.71,1.71,1.71,12853,2197893.75,0.0,4.91,0.08,3.2
2005-03-31,000030,1.79,1.73,1.8,1.67,24154,4179288.5,7.6,1.17,0.02,6.02
2005-04-01,000030,1.71,1.7,1.73,1.64,19014,3169263.75,5.2,-1.73,-0.03,4.74
2005-04-04,000030,1.68,1.63,1.69,1.63,10612,1756443.75,3.53,-4.12,-0.07,2.64
2005-04-05,000030,1.62,1.68,1.68,1.61,7387,1221120.25,4.29,3.07,0.05,1.84
2005-04-06,000030,1.68,1.64,1.68,1.61,6826,1112820.0,4.17,-2.38,-0.04,1.7
2005-04-07,000030,1.61,1.67,1.71,1.61,11176,1858787.25,6.1,1.83,0.03,2.79
2005-04-08,000030,1.66,1.69,1.69,1.63,7799,1299153.0,3.59,1.2,0.02,1.94
2005-04-11,000030,1.66,1.69,1.73,1.65,7427,1261721.0,4.73,0.0,0.0,1.85
2005-04-12,000030,1.67,1.75,1.77,1.66,16599,2876326.75,6.51,3.55,0.06,4.14
2005-04-13,000030,1.75,1.72,1.75,1.69,9628,1662188.25,3.43,-1.71,-0.03,2.4
2005-04-14,000030,1.72,1.64,1.72,1.63,10594,1767711.38,5.23,-4.65,-0.08,2.64
2005-04-15,000030,1.62,1.62,1.65,1.61,4906,797916.0,2.44,-1.22,-0.02,1.22
2005-04-18,000030,1.6,1.54,1.6,1.54,9220,1428743.0,3.7,-4.94,-0.08,2.3
2005-04-19,000030,1.53,1.49,1.53,1.48,4076,609862.0,3.25,-3.25,-0.05,1.02
2005-04-20,000030,1.49,1.47,1.52,1.46,6226,922001.75,4.03,-1.34,-0.02,1.55
2005-04-21,000030,1.49,1.4,1.5,1.4,6984,994490.0,6.8,-4.76,-0.07,1.74
2005-04-22,000030,1.33,1.33,1.35,1.33,6083,810412.0,1.43,-5.0,-0.07,1.52
2005-04-25,000030,1.3,1.26,1.3,1.26,5210,658862.62,3.01,-5.26,-0.07,1.3
2005-04-26,000030,1.23,1.29,1.3,1.22,6602,830722.75,6.35,2.38,0.03,1.65
2005-04-27,000030,1.29,1.34,1.35,1.27,6598,873577.0,6.2,3.88,0.05,1.64
2005-04-28,000030,1.3,1.35,1.36,1.27,6497,860212.69,6.72,0.75,0.01,1.62
2005-04-29,000030,1.35,1.32,1.35,1.3,4422,583643.0,3.7,-2.22,-0.03,1.1
2005-05-09,000030,1.32,1.25,1.36,1.25,3522,451971.81,8.33,-5.3,-0.07,0.88
2005-05-10,000030,1.2,1.31,1.31,1.2,7227,909869.25,8.8,4.8,0.06,1.8
2005-05-11,000030,1.26,1.3,1.31,1.26,5440,701149.88,3.82,-0.76,-0.01,1.36
2005-05-12,000030,1.3,1.26,1.32,1.25,3388,433434.0,5.38,-3.08,-0.04,0.84
2005-05-13,000030,1.25,1.27,1.28,1.22,4889,613044.25,4.76,0.79,0.01,1.22
2005-05-16,000030,1.26,1.28,1.29,1.24,4374,552994.0,3.94,0.79,0.01,1.09
2005-05-17,000030,1.28,1.3,1.32,1.27,4208,549163.81,3.91,1.56,0.02,1.05
2005-05-18,000030,1.3,1.33,1.34,1.3,5508,726625.81,3.08,2.31,0.03,1.37
2005-05-19,000030,1.34,1.31,1.34,1.29,4911,643314.0,3.76,-1.5,-0.02,1.22
2005-05-20,000030,1.31,1.27,1.31,1.26,4023,518451.75,3.82,-3.05,-0.04,1.0
2005-05-23,000030,1.26,1.23,1.26,1.21,4292,527860.81,3.94,-3.15,-0.04,1.07
2005-05-25,000030,1.25,1.29,1.29,1.25,7440,959455.12,3.25,4.88,0.06,1.85
2005-05-26,000030,1.31,1.27,1.31,1.25,5287,677967.75,4.65,-1.55,-0.02,1.32
2005-05-27,000030,1.25,1.29,1.31,1.25,5716,738238.0,4.72,1.57,0.02,1.42
2005-05-30,000030,1.3,1.29,1.3,1.25,3198,407243.44,3.88,0.0,0.0,0.8
2005-05-31,000030,1.29,1.33,1.35,1.29,9984,1323313.38,4.65,3.1,0.04,2.49
2005-06-01,000030,1.32,1.27,1.33,1.26,4818,618142.88,5.26,-4.51,-0.06,1.2
2005-06-02,000030,1.28,1.33,1.33,1.25,10929,1422187.75,6.3,4.72,0.06,2.72
2005-06-03,000030,1.34,1.3,1.34,1.26,9162,1204745.5,6.02,-2.26,-0.03,2.28
2005-06-06,000030,1.29,1.28,1.31,1.26,5107,653386.5,3.85,-1.54,-0.02,1.27
2005-06-07,000030,1.27,1.3,1.31,1.27,5832,755244.0,3.13,1.56,0.02,1.45
2005-06-08,000030,1.29,1.37,1.37,1.28,15620,2084222.38,6.92,5.38,0.07,3.89
2005-06-09,000030,1.37,1.38,1.39,1.34,10170,1384559.88,3.65,0.73,0.01,2.53
2005-06-10,000030,1.37,1.36,1.38,1.34,11411,1555087.12,2.9,-1.45,-0.02,2.84
2005-06-13,000030,1.35,1.38,1.41,1.35,9200,1264564.75,4.41,1.47,0.02,2.29
2005-06-14,000030,1.38,1.36,1.41,1.36,6763,933850.56,3.62,-1.45,-0.02,1.69
2005-06-15,000030,1.34,1.29,1.36,1.29,7576,989624.19,5.15,-5.15,-0.07,1.89
2005-06-16,000030,1.26,1.28,1.29,1.25,4329,549556.81,3.1,-0.78,-0.01,1.08
2005-06-17,000030,1.28,1.26,1.28,1.23,3618,453216.19,3.91,-1.56,-0.02,0.9
2005-06-20,000030,1.25,1.27,1.28,1.21,4518,558902.0,5.56,0.79,0.01,1.13
2005-06-21,000030,1.26,1.28,1.31,1.25,4038,517718.84,4.72,0.79,0.01,1.01
2005-06-22,000030,1.27,1.3,1.3,1.25,5158,663220.25,3.91,1.56,0.02,1.29
2005-06-23,000030,1.28,1.26,1.29,1.25,3896,493964.22,3.08,-3.08,-0.04,0.97
2005-06-24,000030,1.24,1.27,1.27,1.23,2381,297597.0,3.17,0.79,0.01,0.59
2005-06-27,000030,1.26,1.29,1.3,1.26,6393,818551.5,3.15,1.57,0.02,1.59
2005-06-28,000030,1.28,1.26,1.28,1.25,2723,344235.25,2.33,-2.33,-0.03,0.68
2005-06-29,000030,1.26,1.24,1.26,1.24,2090,260729.0,1.59,-1.59,-0.02,0.52
2005-06-30,000030,1.23,1.2,1.25,1.2,4289,527570.0,4.03,-3.23,-0.04,1.07
2005-07-01,000030,1.2,1.14,1.2,1.14,5173,596308.81,5.0,-5.0,-0.06,1.29
2005-07-04,000030,1.13,1.08,1.13,1.08,3030,328489.84,4.39,-5.26,-0.06,0.76
2005-07-05,000030,1.08,1.13,1.13,1.08,4354,489055.22,4.63,4.63,0.05,1.09
2005-07-06,000030,1.19,1.14,1.19,1.13,14301,1687992.25,5.31,0.88,0.01,3.56
2005-07-07,000030,1.09,1.09,1.12,1.08,7527,822957.75,3.51,-4.39,-0.05,1.88
2005-07-08,000030,1.08,1.1,1.13,1.08,6542,717943.69,4.59,0.92,0.01,1.63
2005-07-11,000030,1.1,1.05,1.12,1.05,6715,715188.44,6.36,-4.55,-0.05,1.67
2005-07-12,000030,1.03,1.07,1.07,1.01,6116,635908.12,5.71,1.9,0.02,1.52
2005-07-13,000030,1.05,1.06,1.06,1.03,4124,432198.09,2.8,-0.93,-0.01,1.03
2005-07-14,000030,1.05,1.05,1.06,1.03,3595,374912.22,2.83,-0.94,-0.01,0.9
2005-07-15,000030,1.06,1.07,1.07,1.04,7182,758270.12,2.86,1.9,0.02,1.79
2005-07-18,000030,1.08,1.02,1.08,1.02,7390,761035.5,5.61,-4.67,-0.05,1.84
2005-07-19,000030,1.02,0.99,1.04,0.97,3631,362609.0,6.86,-2.94,-0.03,0.9
2005-07-20,000030,0.99,1.0,1.01,0.99,4471,446813.12,2.02,1.01,0.01,1.11
2005-07-21,000030,0.99,1.0,1.01,0.99,2639,264145.0,2.0,0.0,0.0,0.66
2005-07-22,000030,1.01,1.04,1.05,1.0,6250,641164.81,5.0,4.0,0.04,1.56
2005-07-25,000030,1.03,1.01,1.04,1.01,3269,332750.0,2.88,-2.88,-0.03,0.81
2005-07-26,000030,1.02,1.04,1.05,1.0,6373,654211.75,4.95,2.97,0.03,1.59
2005-07-27,000030,1.03,1.06,1.06,1.03,7228,756795.69,2.88,1.92,0.02,1.8
2005-07-28,000030,1.05,1.08,1.09,1.05,7867,842126.62,3.77,1.89,0.02,1.96
2005-07-29,000030,1.08,1.04,1.08,1.03,7767,811984.81,4.63,-3.7,-0.04,1.94
2005-08-01,000030,1.03,1.04,1.05,1.01,3553,365769.0,3.85,0.0,0.0,0.89
2005-08-02,000030,1.04,1.06,1.07,1.04,5377,568285.0,2.88,1.92,0.02,1.34
2005-08-03,000030,1.06,1.07,1.09,1.06,13157,1418754.88,2.83,0.94,0.01,3.28
2005-08-04,000030,1.07,1.1,1.12,1.06,13261,1449627.88,5.61,2.8,0.03,3.31
2005-08-05,000030,1.1,1.12,1.12,1.07,12121,1333144.88,4.55,1.82,0.02,3.02
2005-08-08,000030,1.1,1.14,1.15,1.1,12577,1417510.5,4.46,1.79,0.02,3.13
2005-08-09,000030,1.14,1.16,1.16,1.12,12882,1474174.0,3.51,1.75,0.02,3.21
2005-08-10,000030,1.16,1.2,1.21,1.15,20230,2405611.5,5.17,3.45,0.04,5.04
2005-08-11,000030,1.21,1.23,1.24,1.2,16318,1997542.75,3.33,2.5,0.03,4.07
2005-08-12,000030,1.25,1.17,1.27,1.17,20295,2464662.75,8.13,-4.88,-0.06,5.06
2005-08-15,000030,1.15,1.21,1.22,1.13,13673,1589461.0,7.69,3.42,0.04,3.41
2005-08-16,000030,1.21,1.27,1.27,1.2,35335,4467109.0,5.79,4.96,0.06,8.81
2005-08-17,000030,1.27,1.3,1.33,1.21,31856,4045415.5,9.45,2.36,0.03,7.94
2005-08-18,000030,1.29,1.28,1.37,1.25,44756,6024366.5,9.23,-1.54,-0.02,11.15
2005-08-19,000030,1.28,1.34,1.34,1.27,20656,2737358.0,5.47,4.69,0.06,5.15
2005-08-22,000030,1.34,1.34,1.36,1.27,16722,2193013.25,6.72,0.0,0.0,4.17
2005-08-23,000030,1.34,1.35,1.4,1.32,17499,2370703.25,5.97,0.75,0.01,4.36
2005-08-24,000030,1.35,1.36,1.4,1.3,16181,2178046.5,7.41,0.74,0.01,4.03
2005-08-25,000030,1.4,1.43,1.43,1.37,34925,4936609.0,4.41,5.15,0.07,8.7
2005-08-26,000030,1.44,1.5,1.5,1.43,25907,3875068.25,4.9,4.9,0.07,6.46
2005-08-29,000030,1.56,1.58,1.58,1.45,49649,7683115.5,8.67,5.33,0.08,12.37
2005-08-30,000030,1.5,1.5,1.5,1.5,5535,830250.0,0.0,-5.06,-0.08,1.38
2005-08-31,000030,1.43,1.43,1.43,1.43,852,121836.0,0.0,-4.67,-0.07,0.21
2005-09-01,000030,1.38,1.45,1.5,1.37,30265,4360573.5,9.09,1.4,0.02,7.54
2005-09-02,000030,1.43,1.49,1.49,1.42,16281,2387688.75,4.83,2.76,0.04,4.06
2005-09-05,000030,1.52,1.56,1.56,1.48,20839,3223418.75,5.37,4.7,0.07,5.19
2005-09-06,000030,1.56,1.51,1.64,1.49,32532,5206167.0,9.62,-3.21,-0.05,8.11
2005-09-07,000030,1.51,1.59,1.59,1.51,12706,1990308.5,5.3,5.3,0.08,3.17
2005-09-08,000030,1.59,1.6,1.64,1.56,15200,2433013.0,5.03,0.63,0.01,3.79
2005-09-09,000030,1.6,1.64,1.65,1.56,15627,2519547.75,5.63,2.5,0.04,3.89
2005-09-12,000030,1.64,1.72,1.72,1.64,27343,4672328.5,4.88,4.88,0.08,6.81
2005-09-13,000030,1.81,1.81,1.81,1.73,25437,4578972.0,4.65,5.23,0.09,6.34
2005-09-14,000030,1.89,1.83,1.89,1.72,32604,5803021.5,9.39,1.1,0.02,8.13
2005-09-15,000030,1.83,1.92,1.92,1.79,33775,6394261.0,7.1,4.92,0.09,8.42
2005-09-16,000030,1.94,2.02,2.02,1.92,20987,4201741.0,5.21,5.21,0.1,5.23
2005-09-19,000030,2.08,2.12,2.12,2.07,16268,3445082.5,2.48,4.95,0.1,4.05
2005-09-20,000030,2.23,2.23,2.23,2.21,5339,1190368.62,0.94,5.19,0.11,1.33
2005-09-21,000030,2.34,2.26,2.34,2.14,58168,13244441.0,8.97,1.35,0.03,14.5
2005-09-22,000030,2.15,2.15,2.23,2.15,12894,2786308.0,3.54,-4.87,-0.11,3.21
2005-09-23,000030,2.04,2.04,2.04,2.04,3617,737868.0,0.0,-5.12,-0.11,0.9
2005-09-26,000030,1.94,1.94,2.04,1.94,24831,4844848.5,4.9,-4.9,-0.1,6.19
2005-09-27,000030,1.86,1.84,1.94,1.84,21751,4098257.5,5.15,-5.15,-0.1,5.42
2005-09-28,000030,1.8,1.75,1.8,1.75,5526,973098.0,2.72,-4.89,-0.09,1.38
2005-09-29,000030,1.66,1.84,1.84,1.66,39425,6806975.0,10.29,5.14,0.09,9.83
2005-09-30,000030,1.78,1.77,1.87,1.75,25024,4479322.5,6.52,-3.8,-0.07,6.24
2005-10-10,000030,1.78,1.68,1.8,1.68,11879,2006161.0,6.78,-5.08,-0.09,2.96
2005-10-11,000030,1.6,1.71,1.76,1.6,21423,3596157.5,9.52,1.79,0.03,5.34
2005-10-12,000030,1.74,1.73,1.75,1.68,15240,2622825.0,4.09,1.17,0.02,3.8
2005-10-13,000030,1.73,1.65,1.74,1.64,19226,3186963.75,5.78,-4.62,-0.08,4.79
2005-10-14,000030,1.6,1.63,1.66,1.59,8939,1460875.38,4.24,-1.21,-0.02,2.23
2005-10-17,000030,1.63,1.6,1.66,1.56,9238,1477572.88,6.13,-1.84,-0.03,2.3
2005-10-18,000030,1.61,1.67,1.68,1.57,16456,2700423.0,6.88,4.38,0.07,4.1
2005-10-19,000030,1.66,1.67,1.72,1.64,14657,2465139.5,4.79,0.0,0.0,3.65
2005-10-20,000030,1.65,1.61,1.66,1.59,12677,2030793.25,4.19,-3.59,-0.06,3.16
2005-10-21,000030,1.6,1.65,1.68,1.6,10213,1681000.75,4.97,2.48,0.04,2.55
2005-10-24,000030,1.63,1.68,1.71,1.63,9247,1551247.0,4.85,1.82,0.03,2.3
2005-10-25,000030,1.68,1.72,1.74,1.66,19216,3270189.5,4.76,2.38,0.04,4.79
2005-10-26,000030,1.73,1.63,1.73,1.63,13302,2187968.5,5.81,-5.23,-0.09,3.32
2005-10-27,000030,1.58,1.55,1.59,1.55,12964,2018110.25,2.45,-4.91,-0.08,3.23
2005-10-28,000030,1.47,1.47,1.5,1.47,6747,992932.5,1.94,-5.16,-0.08,1.68
2005-10-31,000030,1.42,1.53,1.53,1.41,9970,1499808.0,8.16,4.08,0.06,2.48
2005-11-01,000030,1.5,1.45,1.53,1.45,8843,1294290.62,5.23,-5.23,-0.08,2.2
2005-11-02,000030,1.45,1.49,1.51,1.45,7407,1104974.88,4.14,2.76,0.04,1.85
2005-11-03,000030,1.5,1.5,1.54,1.49,7350,1111649.5,3.36,0.67,0.01,1.83
2005-11-04,000030,1.52,1.57,1.58,1.5,9896,1531954.75,5.33,4.67,0.07,2.47
2005-11-07,000030,1.58,1.58,1.59,1.55,6793,1066018.0,2.55,0.64,0.01,1.69
2005-11-08,000030,1.57,1.61,1.63,1.55,9371,1490557.62,5.06,1.9,0.03,2.34
2005-11-09,000030,1.61,1.59,1.64,1.59,8374,1345669.38,3.11,-1.24,-0.02,2.09
2005-11-10,000030,1.53,1.51,1.57,1.51,6500,988353.0,3.77,-5.03,-0.08,1.62
2005-11-11,000030,1.44,1.53,1.53,1.44,7348,1086277.0,5.96,1.32,0.02,1.83
2005-11-14,000030,1.53,1.55,1.57,1.5,4802,738969.38,4.58,1.31,0.02,1.2
2005-11-15,000030,1.55,1.54,1.59,1.52,7139,1105615.0,4.52,-0.65,-0.01,1.78
2005-11-16,000030,1.55,1.55,1.57,1.5,4682,715560.88,4.55,0.65,0.01,1.17
2005-11-17,000030,1.55,1.57,1.58,1.53,5993,933219.75,3.23,1.29,0.02,1.49
2005-11-18,000030,1.57,1.59,1.61,1.56,11911,1892464.12,3.18,1.27,0.02,2.97
2005-11-21,000030,1.6,1.6,1.61,1.57,6600,1050347.0,2.52,0.63,0.01,1.64
2005-11-22,000030,1.6,1.52,1.6,1.52,8502,1310763.0,5.0,-5.0,-0.08,2.12
2005-11-23,000030,1.5,1.53,1.54,1.49,4497,682494.0,3.29,0.66,0.01,1.12
2005-11-24,000030,1.53,1.52,1.54,1.51,5813,883823.62,1.96,-0.65,-0.01,1.45
2005-11-25,000030,1.51,1.56,1.6,1.5,11471,1781430.25,6.58,2.63,0.04,2.86
2005-11-28,000030,1.57,1.64,1.64,1.56,24809,4019122.5,5.13,5.13,0.08,6.18
2005-11-29,000030,1.65,1.56,1.66,1.56,15223,2425822.25,6.1,-4.88,-0.08,3.79
2005-11-30,000030,1.54,1.57,1.57,1.52,5793,888547.5,3.21,0.64,0.01,1.44
2005-12-01,000030,1.56,1.54,1.57,1.52,4767,735297.0,3.18,-1.91,-0.03,1.19
2005-12-02,000030,1.53,1.48,1.55,1.46,8896,1324314.88,5.84,-3.9,-0.06,2.22
2005-12-05,000030,1.47,1.41,1.48,1.41,6992,990745.0,4.73,-4.73,-0.07,1.74
2005-12-06,000030,1.36,1.38,1.39,1.34,8379,1135562.62,3.55,-2.13,-0.03,2.09
2005-12-07,000030,1.39,1.4,1.41,1.37,5971,830236.62,2.9,1.45,0.02,1.49
2005-12-08,000030,1.41,1.34,1.42,1.33,10101,1381957.62,6.43,-4.29,-0.06,2.52
2005-12-09,000030,1.3,1.37,1.38,1.3,6774,913626.31,5.97,2.24,0.03,1.69
2005-12-12,000030,1.36,1.38,1.38,1.34,5687,771464.31,2.92,0.73,0.01,1.42
2005-12-13,000030,1.36,1.38,1.38,1.35,3958,541555.56,2.17,0.0,0.0,0.99
2005-12-14,000030,1.4,1.4,1.41,1.37,4427,614668.62,2.9,1.45,0.02,1.1
2005-12-15,000030,1.38,1.4,1.44,1.38,4736,668259.0,4.29,0.0,0.0,1.18
2005-12-16,000030,1.4,1.41,1.42,1.37,5684,791500.5,3.57,0.71,0.01,1.42
2005-12-19,000030,1.4,1.42,1.43,1.38,5468,770846.0,3.55,0.71,0.01,1.36
2005-12-20,000030,1.41,1.41,1.43,1.39,3898,548295.56,2.82,-0.7,-0.01,0.97
2005-12-21,000030,1.43,1.4,1.43,1.36,4707,654455.19,4.96,-0.71,-0.01,1.17
2005-12-22,000030,1.37,1.41,1.41,1.37,3329,464696.88,2.86,0.71,0.01,0.83
2005-12-23,000030,1.4,1.44,1.44,1.39,8913,1271204.5,3.55,2.13,0.03,2.22
2005-12-26,000030,1.43,1.46,1.47,1.43,7584,1103404.12,2.78,1.39,0.02,1.89
2005-12-27,000030,1.45,1.5,1.52,1.43,10933,1641583.12,6.16,2.74,0.04,2.72
2005-12-28,000030,1.5,1.58,1.58,1.46,15881,2418464.75,8.0,5.33,0.08,3.96
2005-12-29,000030,1.57,1.62,1.66,1.56,25471,4132258.0,6.33,2.53,0.04,6.35
2005-12-30,000030,1.6,1.55,1.61,1.54,13742,2141838.75,4.32,-4.32,-0.07,3.43
2006-01-04,000030,1.56,1.56,1.59,1.54,8347,1305256.5,3.23,0.65,0.01,2.08
2006-01-05,000030,1.55,1.56,1.57,1.49,12688,1934146.0,5.13,0.0,0.0,3.16
2006-01-06,000030,1.51,1.6,1.64,1.51,13796,2193731.0,8.33,2.56,0.04,3.44
2006-01-09,000030,1.61,1.6,1.61,1.55,6044,955203.75,3.75,0.0,0.0,1.51
2006-01-10,000030,1.59,1.61,1.61,1.54,6912,1099508.75,4.38,0.63,0.01,1.72
2006-01-11,000030,1.6,1.59,1.63,1.57,6994,1120008.5,3.73,-1.24,-0.02,1.74
2006-01-12,000030,1.58,1.58,1.6,1.54,8397,1316933.0,3.77,-0.63,-0.01,2.09
2006-01-13,000030,1.58,1.61,1.61,1.55,10838,1716007.12,3.8,1.9,0.03,2.7
2006-01-16,000030,1.61,1.59,1.61,1.58,5631,898889.0,1.86,-1.24,-0.02,1.4
2006-01-17,000030,1.58,1.65,1.67,1.55,15830,2580886.0,7.55,3.77,0.06,3.95
2006-01-18,000030,1.65,1.61,1.65,1.58,11841,1910710.38,4.24,-2.42,-0.04,2.95
2006-01-19,000030,1.62,1.63,1.66,1.61,8787,1435284.0,3.11,1.24,0.02,2.19
2006-01-20,000030,1.63,1.56,1.63,1.55,9163,1456997.0,4.91,-4.29,-0.07,2.28
2006-01-23,000030,1.55,1.48,1.56,1.48,15050,2252253.0,5.13,-5.13,-0.08,3.75
2006-01-24,000030,1.46,1.41,1.47,1.41,10709,1520988.12,4.05,-4.73,-0.07,2.67
2006-01-25,000030,1.41,1.44,1.44,1.38,5890,835673.25,4.26,2.13,0.03,1.47
2006-02-06,000030,1.46,1.5,1.5,1.42,8906,1305410.0,5.56,4.17,0.06,2.22
2006-02-07,000030,1.49,1.52,1.52,1.45,8616,1276457.5,4.67,1.33,0.02,2.15
2006-02-08,000030,1.5,1.59,1.6,1.47,18445,2838517.25,8.55,4.61,0.07,4.6
2006-02-09,000030,1.63,1.63,1.63,1.56,29418,4705580.5,4.4,2.52,0.04,7.33
2006-02-10,000030,1.62,1.58,1.7,1.55,45941,7243652.5,9.2,-3.07,-0.05,11.45
2006-02-13,000030,1.54,1.54,1.56,1.5,23356,3545244.0,3.8,-2.53,-0.04,5.82
2006-02-14,000030,1.52,1.58,1.58,1.52,13912,2167175.25,3.9,2.6,0.04,3.47
2006-02-15,000030,1.59,1.56,1.59,1.55,7630,1193388.62,2.53,-1.27,-0.02,1.9
2006-02-16,000030,1.56,1.5,1.56,1.49,12465,1880794.75,4.49,-3.85,-0.06,3.11
2006-02-17,000030,1.48,1.5,1.53,1.46,6351,946720.5,4.67,0.0,0.0,1.58
2006-02-20,000030,1.5,1.51,1.54,1.48,4313,651878.0,4.0,0.67,0.01,1.07
2006-02-21,000030,1.49,1.51,1.52,1.48,3998,600299.0,2.65,0.0,0.0,1.0
2006-02-22,000030,1.5,1.52,1.53,1.5,3499,531888.0,1.99,0.66,0.01,0.87
2006-02-23,000030,1.51,1.58,1.58,1.51,15312,2393660.25,4.61,3.95,0.06,3.82
2006-02-24,000030,1.58,1.56,1.58,1.55,6545,1025067.94,1.9,-1.27,-0.02,1.63
2006-02-27,000030,1.57,1.57,1.61,1.54,5282,835239.69,4.49,0.64,0.01,1.32
2006-02-28,000030,1.59,1.61,1.65,1.56,27802,4501346.0,5.73,2.55,0.04,6.93
2006-03-01,000030,1.61,1.59,1.64,1.58,7469,1196751.75,3.73,-1.24,-0.02,1.86
2006-03-02,000030,1.59,1.67,1.67,1.59,52323,8685881.0,5.03,5.03,0.08,13.04
2006-03-03,000030,1.67,1.75,1.75,1.65,31529,5498837.0,5.99,4.79,0.08,7.86
2006-03-06,000030,1.75,1.66,1.77,1.66,31002,5208715.0,6.29,-5.14,-0.09,7.73
2006-03-07,000030,1.61,1.58,1.62,1.58,9293,1475154.5,2.41,-4.82,-0.08,2.32
2006-03-08,000030,1.51,1.53,1.57,1.5,22341,3378027.25,4.43,-3.16,-0.05,5.57
2006-03-09,000030,1.52,1.49,1.54,1.46,10229,1534258.88,5.23,-2.61,-0.04,2.55
2006-03-10,000030,1.5,1.51,1.54,1.47,8742,1309442.0,4.7,1.34,0.02,2.18
2006-03-13,000030,1.51,1.51,1.52,1.49,7062,1057219.25,1.99,0.0,0.0,1.76
2006-03-14,000030,1.51,1.55,1.57,1.49,9086,1402823.0,5.3,2.65,0.04,2.26
2006-03-15,000030,1.54,1.57,1.58,1.54,6918,1079464.25,2.58,1.29,0.02,1.72
2006-03-16,000030,1.56,1.55,1.57,1.54,6353,985742.0,1.91,-1.27,-0.02,1.58
2006-03-17,000030,1.54,1.51,1.54,1.48,11544,1730998.5,3.87,-2.58,-0.04,2.88
2006-03-20,000030,1.5,1.51,1.53,1.47,7336,1102107.25,3.97,0.0,0.0,1.83
2006-03-21,000030,1.51,1.53,1.53,1.5,7958,1209996.88,1.99,1.32,0.02,1.98
2006-03-22,000030,1.53,1.52,1.53,1.49,9507,1432470.62,2.61,-0.65,-0.01,2.37
2006-03-23,000030,1.52,1.5,1.52,1.47,9793,1460027.0,3.29,-1.32,-0.02,2.44
2006-03-24,000030,1.49,1.5,1.5,1.48,5851,872927.5,1.33,0.0,0.0,1.46
2006-03-27,000030,1.5,1.47,1.51,1.46,9206,1357619.75,3.33,-2.0,-0.03,2.29
2006-03-28,000030,1.46,1.48,1.5,1.43,11221,1646986.25,4.76,0.68,0.01,2.8
2006-03-29,000030,1.48,1.46,1.49,1.46,9100,1343943.88,2.03,-1.35,-0.02,2.27
2006-03-30,000030,1.46,1.48,1.52,1.45,6409,954023.69,4.79,1.37,0.02,1.6
2006-03-31,000030,1.48,1.45,1.48,1.44,6647,963936.88,2.7,-2.03,-0.03,1.66
2006-04-04,000030,1.38,1.43,1.46,1.38,18300,2547544.0,5.52,-1.38,-0.02,4.56
2006-04-05,000030,1.41,1.44,1.45,1.4,8757,1245558.25,3.5,0.7,0.01,2.18
2006-04-06,000030,1.44,1.46,1.47,1.43,9420,1365641.38,2.78,1.39,0.02,2.35
2006-04-07,000030,1.45,1.42,1.45,1.4,11241,1595564.0,3.42,-2.74,-0.04,2.8
2006-04-10,000030,1.42,1.49,1.49,1.4,14923,2164348.0,6.34,4.93,0.07,3.72
2006-04-11,000030,1.56,1.56,1.56,1.56,8452,1318583.75,0.0,4.7,0.07,2.11
2006-04-12,000030,1.64,1.64,1.64,1.64,5284,866595.69,0.0,5.13,0.08,1.32
2006-04-13,000030,1.72,1.72,1.72,1.72,16903,2907271.25,0.0,4.88,0.08,4.21
2006-04-14,000030,1.81,1.81,1.81,1.81,8092,1464728.0,0.0,5.23,0.09,2.02
2006-04-17,000030,1.9,1.72,1.9,1.72,15580,2851712.0,9.94,-4.97,-0.09,3.88
2006-04-18,000030,1.63,1.63,1.63,1.63,5143,838309.0,0.0,-5.23,-0.09,1.28
2006-04-19,000030,1.55,1.59,1.65,1.55,45282,7077175.0,6.13,-2.45,-0.04,11.29
2006-04-20,000030,1.57,1.53,1.57,1.51,21309,3238633.5,3.77,-3.77,-0.06,5.31
2006-04-21,000030,1.5,1.45,1.5,1.45,12267,1789386.0,3.27,-5.23,-0.08,3.06
2006-04-24,000030,1.42,1.38,1.42,1.38,9281,1285256.38,2.76,-4.83,-0.07,2.31
2006-04-25,000030,1.32,1.4,1.45,1.31,22113,3065972.0,10.14,1.45,0.02,5.51
2006-04-26,000030,1.38,1.4,1.41,1.33,12377,1704836.25,5.71,0.0,0.0,3.08
2006-04-27,000030,1.39,1.42,1.44,1.36,8236,1155948.25,5.71,1.43,0.02,2.05
2006-04-28,000030,1.41,1.37,1.41,1.35,8472,1169933.0,4.23,-3.52,-0.05,2.11
2006-05-08,000030,1.4,1.43,1.44,1.38,7204,1021609.06,4.38,4.38,0.06,1.8
2006-05-09,000030,1.44,1.43,1.44,1.4,13518,1918610.0,2.8,0.0,0.0,3.37
2006-05-11,000030,1.46,1.5,1.5,1.45,26937,4032960.0,3.5,4.9,0.07,6.71
2006-05-12,000030,1.45,1.47,1.49,1.45,14853,2176229.0,2.67,-2.0,-0.03,3.7
2006-05-15,000030,1.47,1.52,1.52,1.45,25903,3816619.75,4.76,3.4,0.05,6.46
2006-05-16,000030,1.5,1.51,1.59,1.46,29902,4538320.5,8.55,-0.66,-0.01,7.45
2006-05-17,000030,1.5,1.5,1.52,1.48,18691,2800715.5,2.65,-0.66,-0.01,4.66
2006-05-18,000030,1.49,1.52,1.56,1.48,16883,2562609.75,5.33,1.33,0.02,4.21
2006-05-19,000030,1.52,1.56,1.58,1.51,21612,3349089.0,4.61,2.63,0.04,5.39
2006-05-22,000030,1.58,1.64,1.64,1.56,28319,4575657.0,5.13,5.13,0.08,7.06
2006-05-23,000030,1.64,1.61,1.68,1.61,28503,4660444.0,4.27,-1.83,-0.03,7.1
2006-05-24,000030,1.6,1.53,1.63,1.53,18992,2967914.75,6.21,-4.97,-0.08,4.73
2006-05-25,000030,1.5,1.53,1.55,1.49,18404,2786559.75,3.92,0.0,0.0,4.59
2006-05-26,000030,1.53,1.6,1.6,1.53,26102,4082355.0,4.58,4.58,0.07,6.51
2006-05-29,000030,1.6,1.68,1.68,1.6,40436,6744940.5,5.0,5.0,0.08,10.08
2006-05-30,000030,1.72,1.7,1.74,1.65,30763,5247846.0,5.36,1.19,0.02,7.67
2006-05-31,000030,1.7,1.78,1.79,1.67,52885,9181930.0,7.06,4.71,0.08,13.18
2006-06-01,000030,1.78,1.87,1.87,1.76,39580,7325854.0,6.18,5.06,0.09,9.86
2006-06-02,000030,1.88,1.95,1.96,1.85,41143,7911424.0,5.88,4.28,0.08,10.25
2006-06-05,000030,1.99,2.05,2.05,1.85,48666,9431399.0,10.26,5.13,0.1,12.13
2006-06-06,000030,2.05,2.15,2.15,2.02,47280,10041066.0,6.34,4.88,0.1,11.78
2006-06-07,000030,2.11,2.04,2.25,2.04,28902,6115337.5,9.77,-5.12,-0.11,7.2
2006-06-08,000030,1.94,1.94,1.94,1.94,1063,206222.0,0.0,-4.9,-0.1,0.26
2006-06-09,000030,1.84,1.84,1.9,1.84,27335,5047930.0,3.09,-5.15,-0.1,6.81
2006-06-12,000030,1.75,1.75,1.8,1.75,18114,3175430.0,2.72,-4.89,-0.09,4.51
2006-06-13,000030,1.68,1.68,1.76,1.66,20056,3403353.25,5.71,-4.0,-0.07,5.0
2006-06-14,000030,1.68,1.76,1.76,1.66,15601,2673902.25,5.95,4.76,0.08,3.89
2006-06-15,000030,1.78,1.74,1.81,1.74,13327,2358596.5,3.98,-1.14,-0.02,3.32
2006-06-16,000030,1.74,1.77,1.81,1.7,14911,2622999.5,6.32,1.72,0.03,3.72
2006-06-19,000030,1.77,1.78,1.8,1.73,13839,2465738.75,3.95,0.56,0.01,3.45
2006-06-20,000030,1.79,1.87,1.87,1.77,16884,3077248.5,5.62,5.06,0.09,4.21
2006-06-21,000030,1.89,1.83,1.9,1.82,9504,1754889.62,4.28,-2.14,-0.04,2.37
2006-06-22,000030,1.82,1.74,1.82,1.74,10776,1897923.0,4.37,-4.92,-0.09,2.69
2006-06-23,000030,1.72,1.78,1.79,1.72,6053,1066261.5,4.02,2.3,0.04,1.51
2006-06-26,000030,1.77,1.84,1.87,1.75,10904,1993940.25,6.74,3.37,0.06,2.72
2006-06-27,000030,1.86,1.86,1.88,1.82,7808,1441517.38,3.26,1.09,0.02,1.95
2006-06-28,000030,1.85,1.91,1.95,1.83,13389,2536342.5,6.45,2.69,0.05,3.34
2006-06-29,000030,1.9,1.91,1.93,1.88,16788,3184987.75,2.62,0.0,0.0,4.18
2006-06-30,000030,1.93,1.88,1.93,1.82,19890,3682689.25,5.76,-1.57,-0.03,4.96
2006-07-03,000030,1.87,1.95,1.95,1.86,23737,4539985.0,4.79,3.72,0.07,5.92
2006-07-04,000030,1.96,1.91,1.97,1.87,14276,2729193.0,5.13,-2.05,-0.04,3.56
2006-07-05,000030,1.9,1.86,1.9,1.81,17268,3190787.0,4.71,-2.62,-0.05,4.3
2006-07-06,000030,1.86,1.88,1.91,1.84,13456,2532090.75,3.76,1.08,0.02,3.35
2006-07-07,000030,1.89,1.9,1.92,1.87,16044,3043928.0,2.66,1.06,0.02,4.0
2006-07-10,000030,1.89,2.0,2.0,1.89,33448,6617158.5,5.79,5.26,0.1,8.34
2006-07-11,000030,2.01,2.1,2.1,1.98,30523,6350264.5,6.0,5.0,0.1,7.61
2006-07-12,000030,2.18,2.0,2.18,2.0,29728,6045083.0,8.57,-4.76,-0.1,7.41
2006-07-13,000030,1.94,1.9,1.99,1.9,22764,4378142.0,4.5,-5.0,-0.1,5.67
2006-07-14,000030,1.81,1.83,1.85,1.81,21892,3981451.5,2.11,-3.68,-0.07,5.46
2006-07-17,000030,1.8,1.85,1.86,1.78,9913,1823737.0,4.37,1.09,0.02,2.47
2006-07-18,000030,1.83,1.87,1.9,1.83,8379,1563778.62,3.78,1.08,0.02,2.09
2006-07-19,000030,1.87,1.8,1.87,1.78,10015,1811935.5,4.81,-3.74,-0.07,2.5
2006-07-20,000030,1.78,1.83,1.84,1.78,8587,1565630.12,3.33,1.67,0.03,2.14
2006-07-21,000030,1.83,1.9,1.91,1.83,14519,2739601.75,4.37,3.83,0.07,3.62
2006-07-24,000030,1.88,1.94,1.97,1.82,17774,3413883.5,7.89,2.11,0.04,4.43
2006-07-25,000030,1.93,1.93,1.98,1.92,8504,1649014.75,3.09,-0.52,-0.01,2.12
2006-07-26,000030,1.93,1.94,1.96,1.92,8094,1569831.12,2.07,0.52,0.01,2.02
2006-07-27,000030,1.94,1.9,1.94,1.84,14444,2724784.25,5.15,-2.06,-0.04,3.6
2006-07-28,000030,1.9,1.91,1.95,1.87,8601,1643829.0,4.21,0.53,0.01,2.14
2006-07-31,000030,1.91,1.83,1.91,1.82,7745,1432491.25,4.71,-4.19,-0.08,1.93
2006-08-01,000030,1.83,1.81,1.85,1.8,4855,881884.0,2.73,-1.09,-0.02,1.21
2006-08-02,000030,1.8,1.78,1.83,1.77,5455,977487.0,3.31,-1.66,-0.03,1.36
2006-08-03,000030,1.8,1.8,1.83,1.77,4168,748255.94,3.37,1.12,0.02,1.04
2006-08-04,000030,1.81,1.77,1.81,1.77,5037,901785.0,2.22,-1.67,-0.03,1.26
2006-08-07,000030,1.77,1.68,1.77,1.68,11315,1907531.0,5.08,-5.08,-0.09,2.82
2006-08-08,000030,1.63,1.74,1.74,1.62,8282,1388208.62,7.14,3.57,0.06,2.06
2006-08-09,000030,1.73,1.71,1.73,1.69,5891,1006854.81,2.3,-1.72,-0.03,1.47
2006-08-10,000030,1.7,1.76,1.78,1.69,6096,1060503.0,5.26,2.92,0.05,1.52
2006-08-11,000030,1.75,1.75,1.76,1.72,3434,596000.75,2.27,-0.57,-0.01,0.86
2006-08-14,000030,1.73,1.73,1.81,1.71,8036,1411058.0,5.71,-1.14,-0.02,2.0
2006-08-15,000030,1.72,1.76,1.76,1.69,7725,1333331.88,4.05,1.73,0.03,1.93
2006-08-16,000030,1.76,1.77,1.8,1.74,5245,928659.81,3.41,0.57,0.01,1.31
2006-08-17,000030,1.73,1.75,1.76,1.7,4317,743667.69,3.39,-1.13,-0.02,1.08
2006-08-18,000030,1.75,1.74,1.75,1.71,3256,562203.0,2.29,-0.57,-0.01,0.81
2006-08-21,000030,1.7,1.74,1.74,1.65,4462,762903.0,5.17,0.0,0.0,1.11
2006-08-22,000030,1.74,1.76,1.77,1.74,5215,916490.38,1.72,1.15,0.02,1.3
2006-08-23,000030,1.75,1.75,1.77,1.74,4268,748831.0,1.7,-0.57,-0.01,1.06
2006-08-24,000030,1.75,1.81,1.83,1.75,9419,1691265.75,4.57,3.43,0.06,2.35
2006-08-25,000030,1.81,1.79,1.81,1.77,4350,777344.0,2.21,-1.1,-0.02,1.08
2006-08-28,000030,1.78,1.81,1.82,1.77,4217,760025.56,2.79,1.12,0.02,1.05
2006-08-29,000030,1.81,1.8,1.84,1.78,6656,1207934.5,3.31,-0.55,-0.01,1.66
2006-08-30,000030,1.79,1.84,1.85,1.78,8365,1524033.75,3.89,2.22,0.04,2.08
2006-08-31,000030,1.83,1.83,1.85,1.82,6391,1174008.12,1.63,-0.54,-0.01,1.59
2006-09-01,000030,1.82,1.85,1.89,1.82,7818,1449412.62,3.83,1.09,0.02,1.95
2006-09-04,000030,1.85,1.9,1.9,1.85,8588,1618564.0,2.7,2.7,0.05,2.14
2006-09-05,000030,1.91,1.9,1.91,1.86,9698,1834781.75,2.63,0.0,0.0,2.42
2006-09-06,000030,1.89,1.95,1.98,1.88,22146,4295288.0,5.26,2.63,0.05,5.52
2006-09-07,000030,1.94,1.87,1.94,1.85,15937,3008771.25,4.62,-4.1,-0.08,3.97
2006-09-08,000030,1.86,1.88,1.91,1.85,10217,1929867.38,3.21,0.53,0.01,2.55
2006-09-11,000030,1.88,1.92,1.94,1.88,10422,1996174.38,3.19,2.13,0.04,2.6
2006-09-12,000030,1.9,1.95,1.96,1.89,14408,2781622.0,3.65,1.56,0.03,3.59
2006-09-13,000030,1.93,1.95,2.02,1.93,25172,4989553.0,4.62,0.0,0.0,6.27
2006-09-14,000030,1.97,1.96,1.98,1.92,13550,2648140.0,3.08,0.51,0.01,3.38
2006-09-15,000030,1.94,1.96,1.98,1.93,11153,2174048.25,2.55,0.0,0.0,2.78
2006-09-18,000030,1.98,2.02,2.02,1.95,16744,3341152.0,3.57,3.06,0.06,4.17
2006-09-19,000030,2.03,2.02,2.07,2.01,19464,3975296.0,2.97,0.0,0.0,4.85
2006-09-20,000030,2.0,2.09,2.11,1.99,21697,4496898.5,5.94,3.47,0.07,5.41
2006-09-21,000030,2.09,2.08,2.12,2.06,17494,3655783.5,2.87,-0.48,-0.01,4.36
2006-09-22,000030,2.1,2.11,2.16,2.06,24669,5225068.5,4.81,1.44,0.03,6.15
2006-09-25,000030,2.11,2.12,2.16,2.07,17233,3645004.75,4.27,0.47,0.01,4.3
2006-09-26,000030,2.14,2.04,2.14,2.01,22786,4685144.0,6.13,-3.77,-0.08,5.68
2006-09-27,000030,2.03,2.06,2.07,2.01,18585,3793618.25,2.94,0.98,0.02,4.63
2006-09-28,000030,2.06,2.13,2.16,2.05,27568,5845026.0,5.34,3.4,0.07,6.87
2006-09-29,000030,2.12,2.19,2.22,2.12,37862,8307847.5,4.69,2.82,0.06,9.44
2006-10-09,000030,2.3,2.3,2.3,2.3,3191,733966.81,0.0,5.02,0.11,0.8
2006-10-10,000030,2.42,2.42,2.42,2.42,3956,957303.62,0.0,5.22,0.12,0.99
2006-10-11,000030,2.54,2.54,2.54,2.49,86593,21951226.0,2.07,4.96,0.12,21.58
2006-10-12,000030,2.58,2.67,2.67,2.54,44696,11776500.0,5.12,5.12,0.13,11.14
2006-10-13,000030,2.79,2.8,2.8,2.75,10223,2854758.5,1.87,4.87,0.13,2.55
2006-10-16,000030,2.94,2.85,2.94,2.79,70599,20292964.0,5.36,1.79,0.05,17.6
2006-10-17,000030,2.83,2.71,2.85,2.71,46026,12727185.0,4.91,-4.91,-0.14,11.47
2006-10-18,000030,2.65,2.85,2.85,2.65,37829,10495933.0,7.38,5.17,0.14,9.43
2006-10-19,000030,2.89,2.99,2.99,2.86,18554,5486696.5,4.56,4.91,0.14,4.62
2006-10-20,000030,3.13,3.14,3.14,2.99,67434,21004818.0,5.02,5.02,0.15,16.81
2006-10-23,000030,3.17,3.06,3.28,2.98,36553,11329870.0,9.55,-2.55,-0.08,9.11
2006-10-24,000030,3.08,3.04,3.19,2.91,36928,11113789.0,9.15,-0.65,-0.02,9.2
2006-10-25,000030,3.06,2.9,3.06,2.9,26541,7789322.0,5.26,-4.61,-0.14,6.61
2006-10-26,000030,2.84,2.76,2.89,2.76,26524,7409327.0,4.48,-4.83,-0.14,6.61
2006-10-27,000030,2.7,2.77,2.82,2.7,24228,6702771.5,4.35,0.36,0.01,6.04
2006-10-30,000030,2.76,2.65,2.82,2.63,18245,4900263.0,6.86,-4.33,-0.12,4.55
2006-10-31,000030,2.64,2.78,2.78,2.61,10956,2962112.25,6.42,4.91,0.13,2.73
2006-11-01,000030,2.92,2.92,2.92,2.83,39012,11309878.0,3.24,5.04,0.14,9.72
2006-11-02,000030,2.89,2.82,2.92,2.78,22007,6212525.5,4.79,-3.42,-0.1,5.48
2006-11-03,000030,2.78,2.79,2.85,2.75,13111,3673433.5,3.55,-1.06,-0.03,3.27
2006-11-06,000030,2.76,2.71,2.81,2.68,14016,3817966.25,4.66,-2.87,-0.08,3.49
2006-11-07,000030,2.7,2.74,2.83,2.65,13604,3719751.75,6.64,1.11,0.03,3.39
2006-11-08,000030,2.72,2.74,2.77,2.67,9690,2625916.0,3.65,0.0,0.0,2.42
2006-11-09,000030,2.73,2.88,2.88,2.7,30963,8772735.0,6.57,5.11,0.14,7.72
2006-11-10,000030,2.87,2.74,2.87,2.74,15926,4452185.0,4.51,-4.86,-0.14,3.97
2006-11-13,000030,2.72,2.74,2.83,2.7,14390,3963875.25,4.74,0.0,0.0,3.59
2006-11-14,000030,2.74,2.69,2.76,2.6,15368,4062249.5,5.84,-1.82,-0.05,3.83
2006-11-15,000030,2.68,2.69,2.72,2.64,9818,2646880.5,2.97,0.0,0.0,2.45
2006-11-16,000030,2.69,2.62,2.72,2.6,12038,3195771.0,4.46,-2.6,-0.07,3.0
2006-11-17,000030,2.63,2.66,2.7,2.62,9621,2559288.25,3.05,1.53,0.04,2.4
2006-11-20,000030,2.68,2.58,2.68,2.57,13203,3426805.0,4.14,-3.01,-0.08,3.29
2006-11-21,000030,2.56,2.6,2.66,2.53,9830,2556411.5,5.04,0.78,0.02,2.45
2006-11-22,000030,2.6,2.57,2.6,2.55,11244,2895897.25,1.92,-1.15,-0.03,2.8
2006-11-23,000030,2.57,2.6,2.64,2.57,8982,2331168.0,2.72,1.17,0.03,2.24
2006-11-24,000030,2.6,2.66,2.68,2.57,13477,3554746.75,4.23,2.31,0.06,3.36
2006-11-27,000030,2.66,2.63,2.66,2.59,12636,3298958.0,2.63,-1.13,-0.03,3.15
2006-11-28,000030,2.63,2.67,2.68,2.61,11395,3015447.0,2.66,1.52,0.04,2.84
2006-11-29,000030,2.63,2.65,2.68,2.61,10121,2681817.5,2.62,-0.75,-0.02,2.52
2006-11-30,000030,2.64,2.68,2.7,2.64,10511,2806760.25,2.26,1.13,0.03,2.62
2006-12-01,000030,2.7,2.61,2.7,2.61,16259,4305608.0,3.36,-2.61,-0.07,4.05
2006-12-04,000030,2.63,2.68,2.69,2.61,16844,4477818.5,3.07,2.68,0.07,4.2
2006-12-05,000030,2.69,2.75,2.76,2.64,24636,6672829.5,4.48,2.61,0.07,6.14
2006-12-06,000030,2.74,2.72,2.83,2.62,21068,5768928.5,7.64,-1.09,-0.03,5.25
2006-12-07,000030,2.7,2.7,2.77,2.68,12475,3382016.0,3.31,-0.74,-0.02,3.11
2006-12-08,000030,2.68,2.67,2.74,2.67,9610,2593925.75,2.59,-1.11,-0.03,2.4
2006-12-28,000030,2.8,2.8,2.8,2.8,1063,297612.0,0.0,4.87,0.13,0.26
2006-12-29,000030,2.94,2.94,2.94,2.94,3839,1128669.0,0.0,5.0,0.14,0.96
2007-01-04,000030,3.08,2.79,3.08,2.79,57775,16601268.0,9.86,-5.1,-0.15,14.4
2007-01-05,000030,2.78,2.92,2.93,2.71,42818,12353258.0,7.89,4.66,0.13,10.67
2008-12-29,000030,2.52,2.29,2.87,2.24,187596,46973636.0,21.58,-21.58,-0.63,31.07
2008-12-30,000030,2.18,2.18,2.18,2.18,4636,1010648.0,0.0,-4.8,-0.11,0.77
2008-12-31,000030,2.07,2.13,2.28,2.07,123103,26059108.0,9.63,-2.29,-0.05,20.39
2009-01-05,000030,2.1,2.1,2.15,2.02,82958,17333000.0,6.1,-1.41,-0.03,13.74
2009-01-06,000030,2.09,2.21,2.21,2.07,83457,18154652.0,6.67,5.24,0.11,13.82
2009-01-07,000030,2.21,2.23,2.29,2.16,75414,16774223.0,5.88,0.9,0.02,12.49
2009-01-08,000030,2.19,2.17,2.25,2.16,46378,10160496.0,4.04,-2.69,-0.06,7.68
2009-01-09,000030,2.17,2.22,2.23,2.15,44895,9869483.0,3.69,2.3,0.05,7.44
2009-01-12,000030,2.22,2.33,2.33,2.22,55569,12850105.0,4.95,4.95,0.11,9.2
2009-01-13,000030,2.33,2.4,2.45,2.27,76715,18130678.0,7.73,3.0,0.07,12.7
2009-01-14,000030,2.4,2.4,2.42,2.29,46695,11035600.0,5.42,0.0,0.0,7.73
2009-01-15,000030,2.38,2.34,2.39,2.32,34504,8119490.5,2.92,-2.5,-0.06,5.71
2009-01-16,000030,2.33,2.37,2.39,2.3,43680,10267344.0,3.85,1.28,0.03,7.23
2009-01-19,000030,2.38,2.38,2.4,2.31,44822,10528111.0,3.8,0.42,0.01,7.42
2009-01-20,000030,2.37,2.37,2.39,2.34,34404,8153367.5,2.1,-0.42,-0.01,5.7
2009-01-21,000030,2.37,2.38,2.45,2.33,39587,9462272.0,5.06,0.42,0.01,6.56
2009-01-22,000030,2.35,2.37,2.39,2.33,26099,6136953.0,2.52,-0.42,-0.01,4.32
2009-01-23,000030,2.37,2.37,2.43,2.33,35030,8331429.5,4.22,0.0,0.0,5.8
2009-02-02,000030,2.37,2.49,2.49,2.37,38151,9420187.0,5.06,5.06,0.12,6.32
2009-02-03,000030,2.5,2.51,2.59,2.49,40655,10260540.0,4.02,0.8,0.02,6.73
2009-02-04,000030,2.51,2.64,2.64,2.5,42802,10957194.0,5.58,5.18,0.13,7.09
2009-02-05,000030,2.68,2.76,2.77,2.65,72469,19897268.0,4.55,4.55,0.12,12.0
2009-02-06,000030,2.74,2.84,2.89,2.68,61963,17251116.0,7.61,2.9,0.08,10.26
2009-02-09,000030,2.92,2.98,2.98,2.84,57455,16907342.0,4.93,4.93,0.14,9.52
2009-02-10,000030,3.0,3.13,3.13,2.95,49313,15158902.0,6.04,5.03,0.15,8.17
2009-02-11,000030,3.2,3.29,3.29,3.14,58231,19055856.0,4.79,5.11,0.16,9.64
2009-02-12,000030,3.3,3.18,3.45,3.13,103270,33733556.0,9.73,-3.34,-0.11,17.1
2009-02-13,000030,3.15,3.34,3.34,3.09,68637,22029638.0,7.86,5.03,0.16,11.37
2009-02-16,000030,3.42,3.51,3.51,3.3,73671,25283474.0,6.29,5.09,0.17,12.2
2009-02-17,000030,3.52,3.55,3.69,3.48,69315,25130658.0,5.98,1.14,0.04,11.48
2009-02-18,000030,3.49,3.37,3.56,3.37,59173,20221542.0,5.35,-5.07,-0.18,9.8
2009-02-19,000030,3.28,3.2,3.4,3.2,54566,17600012.0,5.93,-5.04,-0.17,9.04
2009-02-20,000030,3.19,3.35,3.36,3.13,35006,11483277.0,7.19,4.69,0.15,5.8
2009-02-23,000030,3.41,3.4,3.46,3.33,41918,14204978.0,3.88,1.49,0.05,6.94
2009-02-24,000030,3.34,3.23,3.38,3.23,37040,12131905.0,4.41,-5.0,-0.17,6.13
2009-02-25,000030,3.1,3.12,3.2,3.07,50463,15637886.0,4.02,-3.41,-0.11,8.36
2009-02-26,000030,3.11,2.96,3.18,2.96,39657,12199106.0,7.05,-5.13,-0.16,6.57
2009-02-27,000030,2.86,2.81,2.9,2.81,36645,10345403.0,3.04,-5.07,-0.15,6.07
2009-03-02,000030,2.75,2.95,2.95,2.75,29260,8448434.0,7.12,4.98,0.14,4.85
2009-03-03,000030,2.92,2.97,3.1,2.85,34985,10515629.0,8.47,0.68,0.02,5.79
2009-03-04,000030,2.95,3.12,3.12,2.95,37845,11665466.0,5.72,5.05,0.15,6.27
2009-03-05,000030,3.13,3.14,3.19,3.06,28456,8935683.0,4.17,0.64,0.02,4.71
2009-03-06,000030,3.09,3.12,3.16,3.04,16531,5139055.5,3.82,-0.64,-0.02,2.74
2009-03-09,000030,3.11,2.96,3.2,2.96,19591,5982443.5,7.69,-5.13,-0.16,3.24
2009-03-10,000030,2.87,2.97,3.0,2.81,28001,8059753.5,6.42,0.34,0.01,4.64
2009-03-11,000030,2.97,2.94,3.05,2.85,22343,6660895.5,6.73,-1.01,-0.03,3.7
2009-03-12,000030,2.88,2.97,2.99,2.83,17162,5009159.5,5.44,1.02,0.03,2.84
2009-03-13,000030,2.96,3.05,3.11,2.94,32728,10008106.0,5.72,2.69,0.08,5.42
2009-03-16,000030,2.97,3.09,3.11,2.97,13870,4251667.0,4.59,1.31,0.04,2.3
2009-03-17,000030,3.07,3.23,3.24,3.07,52060,16739660.0,5.5,4.53,0.14,8.62
2009-03-18,000030,3.21,3.19,3.27,3.1,51873,16557959.0,5.26,-1.24,-0.04,8.59
2009-03-19,000030,3.19,3.21,3.23,3.15,23092,7380554.5,2.51,0.63,0.02,3.82
2009-03-20,000030,3.21,3.22,3.3,3.11,37666,12065501.0,5.92,0.31,0.01,6.24
2009-03-23,000030,3.25,3.29,3.32,3.21,36412,11869343.0,3.42,2.17,0.07,6.03
2009-03-24,000030,3.28,3.28,3.32,3.24,26107,8544498.0,2.43,-0.3,-0.01,4.32
2009-03-25,000030,3.27,3.35,3.44,3.25,57395,19456832.0,5.79,2.13,0.07,9.51
2009-03-26,000030,3.25,3.37,3.39,3.18,42353,13868957.0,6.27,0.6,0.02,7.01
2009-03-27,000030,3.36,3.42,3.47,3.27,49376,16645808.0,5.93,1.48,0.05,8.18
2009-03-30,000030,3.47,3.59,3.59,3.45,59095,21174808.0,4.09,4.97,0.17,9.79
2009-03-31,000030,3.5,3.67,3.77,3.41,94534,33779896.0,10.03,2.23,0.08,15.66
2009-04-01,000030,3.58,3.6,3.75,3.58,49428,18001924.0,4.63,-1.91,-0.07,8.19
2009-04-02,000030,3.6,3.52,3.65,3.48,33019,11728549.0,4.72,-2.22,-0.08,5.47
2009-04-03,000030,3.54,3.7,3.7,3.54,75228,27665134.0,4.55,5.11,0.18,12.46
2009-04-07,000030,3.76,3.76,3.84,3.63,52247,19481224.0,5.68,1.62,0.06,8.65
2009-04-09,000030,3.57,3.73,3.76,3.57,71890,25951934.0,5.05,-0.8,-0.03,11.91
2009-04-10,000030,3.7,3.92,3.92,3.66,59770,23078426.0,6.97,5.09,0.19,9.9
2009-04-13,000030,4.07,4.0,4.12,3.91,78064,31476696.0,5.36,2.04,0.08,12.93
2009-04-14,000030,4.01,4.2,4.2,3.82,63618,25996686.0,9.5,5.0,0.2,10.54
2009-04-15,000030,4.29,4.41,4.41,4.22,44947,19721046.0,4.52,5.0,0.21,7.44
2009-04-16,000030,4.58,4.57,4.63,4.25,74935,33562304.0,8.62,3.63,0.16,12.41
2009-04-17,000030,4.4,4.34,4.48,4.34,70315,30622720.0,3.06,-5.03,-0.23,11.64
2009-04-20,000030,4.2,4.56,4.56,4.12,74336,32504808.0,10.14,5.07,0.22,12.31
2009-04-21,000030,4.49,4.79,4.79,4.41,67508,31184544.0,8.33,5.04,0.23,11.18
2009-04-22,000030,4.97,5.03,5.03,4.55,152902,73927456.0,10.02,5.01,0.24,25.32
2009-04-23,000030,5.0,4.93,5.01,4.79,73544,35956180.0,4.37,-1.99,-0.1,12.18
2009-04-24,000030,4.95,4.68,4.95,4.68,62214,29506726.0,5.48,-5.07,-0.25,10.3
2009-04-27,000030,4.45,4.45,4.54,4.45,12647,5632779.0,1.92,-4.91,-0.23,2.09
2009-04-28,000030,4.23,4.23,4.38,4.23,53761,22825560.0,3.37,-4.94,-0.22,8.9
2009-04-29,000030,4.2,4.41,4.44,4.12,48655,20972182.0,7.57,4.26,0.18,8.06
2009-04-30,000030,4.35,4.28,4.4,4.28,28664,12381167.0,2.72,-2.95,-0.13,4.75
2009-05-04,000030,4.25,4.34,4.37,4.15,63890,27191734.0,5.14,1.4,0.06,10.58
2009-05-05,000030,4.34,4.41,4.49,4.32,46428,20368660.0,3.92,1.61,0.07,7.69
2009-05-06,000030,4.39,4.45,4.48,4.34,35840,15865952.0,3.17,0.91,0.04,5.94
2009-05-07,000030,4.47,4.32,4.5,4.23,41813,18201042.0,6.07,-2.92,-0.13,6.92
2009-05-08,000030,4.29,4.46,4.49,4.2,33463,14471605.0,6.71,3.24,0.14,5.54
2009-05-11,000030,4.47,4.6,4.65,4.39,64068,29140170.0,5.83,3.14,0.14,10.61
2009-05-13,000030,4.59,4.64,4.69,4.46,33644,15431345.0,5.0,0.87,0.04,5.57
2009-05-14,000030,4.63,4.51,4.63,4.48,22405,10148698.0,3.23,-2.8,-0.13,3.71
2009-05-15,000030,4.51,4.48,4.55,4.44,20051,9003631.0,2.44,-0.67,-0.03,3.32
2009-05-18,000030,4.41,4.59,4.65,4.4,28184,12749938.0,5.58,2.46,0.11,4.67
2009-05-19,000030,4.59,4.59,4.79,4.55,33217,15488378.0,5.23,0.0,0.0,5.5
2009-05-20,000030,4.58,4.63,4.66,4.57,22728,10499196.0,1.96,0.87,0.04,3.76
2009-05-21,000030,4.63,4.5,4.68,4.44,39919,18144350.0,5.18,-2.81,-0.13,6.61
2009-05-22,000030,4.5,4.3,4.5,4.28,36287,15727523.0,4.89,-4.44,-0.2,6.01
2009-05-25,000030,4.17,4.22,4.28,4.09,40098,16569414.0,4.42,-1.86,-0.08,6.64
2009-05-26,000030,4.22,4.24,4.29,4.15,20535,8713030.0,3.32,0.47,0.02,3.4
2009-05-27,000030,4.25,4.25,4.34,4.22,22918,9800809.0,2.83,0.24,0.01,3.8
2009-06-01,000030,4.23,4.25,4.4,4.22,29576,12592274.0,4.24,0.0,0.0,4.9
2009-06-02,000030,4.25,4.25,4.3,4.18,32275,13664366.0,2.82,0.0,0.0,5.34
2009-06-03,000030,4.26,4.44,4.46,4.21,54242,23704788.0,5.88,4.47,0.19,8.98
2009-06-04,000030,4.42,4.36,4.44,4.24,30877,13373428.0,4.5,-1.8,-0.08,5.11
2009-06-05,000030,4.31,4.4,4.49,4.31,30084,13247120.0,4.13,0.92,0.04,4.98
2009-06-08,000030,4.39,4.62,4.62,4.39,52314,23973268.0,5.23,5.0,0.22,8.66
2009-06-09,000030,4.66,4.85,4.85,4.65,61455,29449458.0,4.33,4.98,0.23,10.18
2009-06-10,000030,4.88,4.77,4.92,4.73,41340,19731754.0,3.92,-1.65,-0.08,6.85
2009-06-11,000030,4.73,5.01,5.01,4.73,67836,33633164.0,5.87,5.03,0.24,11.23
2009-06-12,000030,5.08,4.86,5.24,4.8,76065,38617940.0,8.78,-2.99,-0.15,12.6
2009-06-15,000030,4.77,5.1,5.1,4.7,50853,25164262.0,8.23,4.94,0.24,8.42
2009-06-16,000030,5.09,5.12,5.36,5.01,87154,45959920.0,6.86,0.39,0.02,14.43
2009-06-17,000030,5.05,5.3,5.36,5.02,51559,26804358.0,6.64,3.52,0.18,8.54
2009-06-18,000030,5.3,5.19,5.47,5.15,45199,23889932.0,6.04,-2.08,-0.11,7.49
2009-06-19,000030,5.15,5.13,5.28,5.06,36397,18677882.0,4.24,-1.16,-0.06,6.03
2009-06-22,000030,5.15,5.09,5.18,5.06,24900,12712451.0,2.34,-0.78,-0.04,4.12
2009-06-23,000030,5.07,4.96,5.08,4.84,23158,11520093.0,4.72,-2.55,-0.13,3.84
2009-06-24,000030,4.93,5.0,5.09,4.91,19761,9873317.0,3.63,0.81,0.04,3.27
2009-06-25,000030,5.02,4.9,5.06,4.89,24518,12143211.0,3.4,-2.0,-0.1,4.06
2009-06-26,000030,4.87,4.95,4.99,4.85,20593,10140675.0,2.86,1.02,0.05,3.41
2009-06-29,000030,4.94,5.2,5.2,4.9,38686,19894872.0,6.06,5.05,0.25,6.41
2009-06-30,000030,5.28,5.1,5.28,5.05,28406,14665715.0,4.42,-1.92,-0.1,4.7
2009-07-01,000030,5.1,5.11,5.26,5.04,27548,14130194.0,4.31,0.2,0.01,4.56
2009-07-02,000030,5.1,5.19,5.28,5.08,29189,15127783.0,3.91,1.57,0.08,4.83
2009-07-03,000030,5.15,5.17,5.27,5.08,26409,13684808.0,3.66,-0.39,-0.02,4.37
2009-07-06,000030,5.43,5.43,5.43,5.43,12100,6570115.5,0.0,5.03,0.26,2.0
2009-07-07,000030,5.7,5.7,5.7,5.7,3995,2277070.25,0.0,4.97,0.27,0.66
2009-07-08,000030,5.99,5.99,5.99,5.7,102981,61473940.0,5.09,5.09,0.29,17.05
2009-07-09,000030,6.15,6.29,6.29,6.01,23225,14466191.0,4.67,5.01,0.3,3.85
2009-07-10,000030,6.52,6.17,6.6,5.99,137916,87740896.0,9.7,-1.91,-0.12,22.84
2009-07-13,000030,6.06,6.48,6.48,5.94,82003,51675372.0,8.75,5.02,0.31,13.58
2009-07-14,000030,6.49,6.8,6.8,6.48,48285,32445238.0,4.94,4.94,0.32,8.0
2009-07-15,000030,6.95,6.72,7.1,6.6,47473,32625304.0,7.35,-1.18,-0.08,7.86
2009-07-16,000030,6.8,6.73,6.85,6.6,28444,19037094.0,3.72,0.15,0.01,4.71
2009-07-17,000030,6.78,6.73,6.8,6.6,21653,14511812.0,2.97,0.0,0.0,3.59
2009-07-20,000030,6.73,6.68,6.74,6.6,29741,19804932.0,2.08,-0.74,-0.05,4.93
2009-07-21,000030,6.64,6.36,6.65,6.35,44740,28974576.0,4.49,-4.79,-0.32,7.41
2009-07-22,000030,6.3,6.3,6.47,6.2,31416,19804770.0,4.25,-0.94,-0.06,5.2
2009-07-23,000030,6.27,6.62,6.62,6.05,50395,31902620.0,9.05,5.08,0.32,8.35
2009-07-24,000030,6.6,6.67,6.84,6.32,50157,33473876.0,7.85,0.76,0.05,8.31
2009-07-27,000030,6.66,6.57,6.69,6.5,21954,14481188.0,2.85,-1.5,-0.1,3.64
2009-07-28,000030,6.53,6.41,6.55,6.38,21213,13644512.0,2.59,-2.44,-0.16,3.51
2009-07-29,000030,6.4,6.09,6.49,6.09,26088,16302603.0,6.24,-4.99,-0.32,4.32
2009-07-30,000030,6.02,5.87,6.18,5.79,30335,17862032.0,6.4,-3.61,-0.22,5.02
2009-07-31,000030,5.91,6.16,6.16,5.91,25449,15556253.0,4.26,4.94,0.29,4.21
2009-08-03,000030,6.19,6.26,6.37,6.1,21220,13252409.0,4.38,1.62,0.1,3.51
2009-08-04,000030,6.27,6.13,6.27,6.0,19944,12213793.0,4.31,-2.08,-0.13,3.3
2009-08-05,000030,6.11,6.28,6.31,6.05,17941,11191022.0,4.24,2.45,0.15,2.97
2009-08-06,000030,6.27,6.16,6.3,6.05,14155,8721723.0,3.98,-1.91,-0.12,2.34
2009-08-07,000030,6.16,6.15,6.24,6.04,12651,7798758.5,3.25,-0.16,-0.01,2.09
2009-08-10,000030,6.16,6.08,6.27,6.0,15264,9332460.0,4.39,-1.14,-0.07,2.53
2009-08-11,000030,6.06,6.11,6.15,6.04,8506,5179852.0,1.81,0.49,0.03,1.41
2009-08-12,000030,6.14,5.8,6.14,5.8,29319,17144120.0,5.56,-5.07,-0.31,4.86
2009-08-13,000030,5.75,5.62,5.77,5.51,25011,13977982.0,4.48,-3.1,-0.18,4.14
2009-08-14,000030,5.62,5.51,5.9,5.46,22287,12769389.0,7.83,-1.96,-0.11,3.69
2009-08-17,000030,5.38,5.23,5.45,5.23,35980,18870534.0,3.99,-5.08,-0.28,5.96
2009-08-18,000030,5.1,5.27,5.4,5.02,16537,8654344.0,7.27,0.76,0.04,2.74
2009-08-19,000030,5.28,5.29,5.47,5.19,33234,17674680.0,5.31,0.38,0.02,5.5
2009-08-20,000030,5.3,5.55,5.55,5.25,21543,11769489.0,5.67,4.91,0.26,3.57
2009-08-21,000030,5.53,5.55,5.65,5.37,15770,8684047.0,5.05,0.0,0.0,2.61
2009-08-24,000030,5.5,5.58,5.65,5.44,10245,5693889.5,3.78,0.54,0.03,1.7
2009-08-25,000030,5.7,5.86,5.86,5.61,15645,9112186.0,4.48,5.02,0.28,2.59
2009-08-26,000030,6.04,6.15,6.15,5.9,40627,24666988.0,4.27,4.95,0.29,6.73
2009-08-27,000030,6.15,6.0,6.15,5.89,32572,19478206.0,4.23,-2.44,-0.15,5.39
2009-08-28,000030,5.98,5.7,5.98,5.7,18900,10882004.0,4.67,-5.0,-0.3,3.13
2009-08-31,000030,5.6,5.42,5.66,5.42,21185,11588066.0,4.21,-4.91,-0.28,3.51
2009-09-01,000030,5.32,5.69,5.69,5.17,41373,23382144.0,9.59,4.98,0.27,6.85
2009-09-02,000030,5.44,5.86,5.96,5.44,34533,19953224.0,9.14,2.99,0.17,5.72
2009-09-03,000030,5.86,5.97,6.08,5.68,37985,22305202.0,6.83,1.88,0.11,6.29
2009-09-04,000030,5.98,5.99,6.02,5.81,22063,13045294.0,3.52,0.34,0.02,3.65
2009-09-07,000030,6.0,6.13,6.16,5.99,25015,15200444.0,2.84,2.34,0.14,4.14
2009-09-08,000030,6.1,6.25,6.29,5.92,18949,11567344.0,6.04,1.96,0.12,3.14
2009-09-09,000030,6.19,6.18,6.27,6.07,15219,9384327.0,3.2,-1.12,-0.07,2.52
2009-09-10,000030,6.14,6.29,6.29,6.06,21952,13551119.0,3.72,1.78,0.11,3.64
2009-09-11,000030,6.24,6.6,6.6,6.24,56246,36709852.0,5.72,4.93,0.31,9.31
2009-09-14,000030,6.7,6.93,6.93,6.7,64082,44144752.0,3.48,5.0,0.33,10.61
2009-09-15,000030,7.13,7.28,7.28,7.1,48136,34857220.0,2.6,5.05,0.35,7.97
2009-09-16,000030,7.57,7.26,7.57,6.96,61286,44169176.0,8.38,-0.27,-0.02,10.15
2009-09-17,000030,7.31,7.41,7.54,7.12,39188,28720818.0,5.79,2.07,0.15,6.49
2009-09-18,000030,7.36,7.22,7.42,7.08,27690,20065136.0,4.59,-2.56,-0.19,4.59
2009-09-21,000030,7.39,7.14,7.39,6.86,45101,31273210.0,7.34,-1.11,-0.08,7.47
2009-09-23,000030,6.83,6.78,6.97,6.78,28390,19368062.0,2.66,-5.04,-0.36,4.7
2009-09-24,000030,6.6,6.44,6.72,6.44,30255,19717014.0,4.13,-5.01,-0.34,5.01
2009-09-25,000030,6.41,6.56,6.75,6.35,17674,11660032.0,6.21,1.86,0.12,2.93
2009-09-28,000030,6.65,6.45,6.77,6.42,16902,11178029.0,5.34,-1.68,-0.11,2.8
2009-09-29,000030,6.48,6.15,6.56,6.13,14520,9111116.0,6.67,-4.65,-0.3,2.4
2009-09-30,000030,6.08,6.38,6.46,6.08,19382,12290365.0,6.18,3.74,0.23,3.21
2009-10-09,000030,6.2,6.61,6.64,6.2,16531,10825849.0,6.9,3.61,0.23,2.74
2009-10-12,000030,6.6,6.94,6.94,6.6,16354,11299637.0,5.14,4.99,0.33,2.71
2009-10-13,000030,6.97,7.17,7.29,6.97,26287,18749586.0,4.61,3.31,0.23,4.35
2009-10-14,000030,7.11,7.23,7.35,7.05,17544,12654368.0,4.18,0.84,0.06,2.91
2009-10-15,000030,7.17,7.1,7.3,7.08,11926,8560643.0,3.04,-1.8,-0.13,1.98
2009-10-16,000030,7.11,6.93,7.18,6.76,18684,12852951.0,5.92,-2.39,-0.17,3.09
2009-10-19,000030,6.9,7.2,7.28,6.89,19298,13697295.0,5.63,3.9,0.27,3.2
2009-10-20,000030,7.2,7.17,7.24,7.12,12432,8917271.0,1.67,-0.42,-0.03,2.06
2009-10-21,000030,7.18,7.09,7.18,6.98,15894,11226137.0,2.79,-1.12,-0.08,2.63
2009-10-22,000030,7.08,7.12,7.28,6.93,13387,9498100.0,4.94,0.42,0.03,2.22
2009-10-23,000030,7.12,7.06,7.22,7.0,17141,12144370.0,3.09,-0.84,-0.06,2.84
2009-10-26,000030,7.05,6.84,7.05,6.81,16131,11129033.0,3.4,-3.12,-0.22,2.67
2009-10-27,000030,6.85,6.84,7.06,6.81,16465,11427494.0,3.65,0.0,0.0,2.73
2009-10-28,000030,6.83,6.92,6.92,6.77,7669,5249399.5,2.19,1.17,0.08,1.27
2009-10-29,000030,6.88,7.11,7.15,6.62,14684,10290134.0,7.66,2.75,0.19,2.43
2009-10-30,000030,7.21,7.0,7.21,7.0,14333,10191302.0,2.95,-1.55,-0.11,2.37
2009-11-02,000030,6.8,7.1,7.15,6.75,10557,7414301.5,5.71,1.43,0.1,1.75
2009-11-03,000030,7.23,7.2,7.23,7.05,18685,13341081.0,2.54,1.41,0.1,3.09
2009-11-04,000030,7.23,7.41,7.55,7.21,21271,15769143.0,4.72,2.92,0.21,3.52
2009-11-05,000030,7.46,7.78,7.78,7.35,27532,21227976.0,5.8,4.99,0.37,4.56
2009-11-06,000030,7.88,7.8,8.17,7.78,40882,32969882.0,5.01,0.26,0.02,6.77
2009-11-09,000030,7.55,7.93,8.17,7.55,26980,21426462.0,7.95,1.67,0.13,4.47
2009-11-10,000030,7.94,8.33,8.33,7.94,16218,13408813.0,4.92,5.04,0.4,2.69
2009-11-11,000030,8.54,8.68,8.75,8.33,38618,33063634.0,5.04,4.2,0.35,6.4
2009-11-12,000030,8.7,8.55,8.89,8.43,21827,18929056.0,5.3,-1.5,-0.13,3.61
2009-11-13,000030,8.6,8.28,8.68,8.12,34445,28773872.0,6.55,-3.16,-0.27,5.7
2009-11-16,000030,8.22,8.24,8.41,8.2,24835,20564514.0,2.54,-0.48,-0.04,4.11
2009-11-17,000030,8.25,8.29,8.41,8.1,21971,18024284.0,3.76,0.61,0.05,3.64
2009-11-18,000030,8.25,8.32,8.34,8.15,14845,12283890.0,2.29,0.36,0.03,2.46
2009-11-19,000030,8.37,8.74,8.74,8.35,20501,17869382.0,4.69,5.05,0.42,3.39
2009-11-20,000030,8.83,9.08,9.18,8.79,28530,25864236.0,4.46,3.89,0.34,4.72
2009-11-23,000030,8.9,8.97,9.14,8.85,20426,18251720.0,3.19,-1.21,-0.11,3.38
2009-11-24,000030,8.9,8.52,9.0,8.52,34679,30102184.0,5.35,-5.02,-0.45,5.74
2009-11-25,000030,8.15,8.63,8.68,8.09,23866,19835442.0,6.92,1.29,0.11,3.95
2009-11-26,000030,8.58,8.2,8.69,8.2,27550,22935134.0,5.68,-4.98,-0.43,4.56
2009-11-27,000030,8.0,7.79,8.0,7.79,18156,14233175.0,2.56,-5.0,-0.41,3.01
2009-11-30,000030,7.7,8.13,8.18,7.7,17446,13903771.0,6.16,4.36,0.34,2.89
2009-12-01,000030,8.13,8.3,8.4,8.05,16733,13678556.0,4.31,2.09,0.17,2.77
2009-12-02,000030,8.32,8.21,8.37,8.18,11953,9862098.0,2.29,-1.08,-0.09,1.98
2009-12-03,000030,8.1,8.06,8.24,7.95,15324,12356574.0,3.53,-1.83,-0.15,2.54
2009-12-04,000030,8.0,7.94,8.28,7.66,13933,11065086.0,7.69,-1.49,-0.12,2.31
2009-12-07,000030,7.94,8.04,8.09,7.84,9566,7652113.5,3.15,1.26,0.1,1.58
2009-12-08,000030,8.04,7.89,8.09,7.82,8115,6427244.5,3.36,-1.87,-0.15,1.34
2009-12-09,000030,7.88,7.95,8.09,7.8,12505,9935105.0,3.68,0.76,0.06,2.07
2009-12-10,000030,7.96,8.24,8.3,7.96,19622,15982255.0,4.28,3.65,0.29,3.25
2009-12-11,000030,8.2,8.18,8.4,8.11,12028,9947016.0,3.52,-0.73,-0.06,1.99
2009-12-14,000030,8.18,7.77,8.18,7.77,22806,17805978.0,5.01,-5.01,-0.41,3.78
2009-12-15,000030,7.78,7.7,7.95,7.58,10955,8507104.0,4.76,-0.9,-0.07,1.81
2009-12-16,000030,7.71,7.63,7.8,7.6,7464,5760333.0,2.6,-0.91,-0.07,1.24
2009-12-17,000030,7.63,7.25,7.69,7.25,19379,14249885.0,5.77,-4.98,-0.38,3.21
2009-12-18,000030,7.23,7.07,7.23,7.0,9990,7072847.0,3.17,-2.48,-0.18,1.65
2009-12-21,000030,7.09,7.42,7.42,7.08,17697,13005584.0,4.81,4.95,0.35,2.93
2009-12-22,000030,7.49,7.13,7.61,7.1,12441,9092525.0,6.87,-3.91,-0.29,2.06
2009-12-23,000030,7.05,7.49,7.49,7.05,8094,6031770.5,6.17,5.05,0.36,1.34
2009-12-24,000030,7.5,7.79,7.86,7.46,30744,23925864.0,5.34,4.01,0.3,5.09
2009-12-25,000030,7.79,7.77,7.84,7.55,8710,6735954.5,3.72,-0.26,-0.02,1.44
2009-12-28,000030,7.78,7.87,8.09,7.64,11228,8898823.0,5.79,1.29,0.1,1.86
2009-12-29,000030,7.98,7.93,8.12,7.78,11010,8770985.0,4.32,0.76,0.06,1.82
2009-12-30,000030,7.93,7.69,8.0,7.61,12349,9587525.0,4.92,-3.03,-0.24,2.05
2009-12-31,000030,7.68,7.74,7.79,7.59,7464,5764956.5,2.6,0.65,0.05,1.24
2010-01-04,000030,7.84,7.68,7.84,7.62,7795,5968662.0,2.84,-0.78,-0.06,1.29
2010-01-05,000030,7.57,7.84,7.87,7.57,12430,9702991.0,3.91,2.08,0.16,2.06
2010-01-06,000030,7.78,7.75,7.86,7.73,8757,6813834.0,1.66,-1.15,-0.09,1.45
2010-01-07,000030,7.73,7.59,7.78,7.45,7676,5864950.5,4.26,-2.06,-0.16,1.27
2010-01-08,000030,7.5,7.6,7.66,7.39,9090,6846029.0,3.56,0.13,0.01,1.51
2010-01-11,000030,7.65,7.98,7.98,7.6,29541,23485980.0,5.0,5.0,0.38,4.89
2010-01-12,000030,7.98,8.02,8.07,7.78,21611,17094046.0,3.63,0.5,0.04,3.58
2010-01-13,000030,7.8,7.92,8.02,7.7,10806,8528058.0,3.99,-1.25,-0.1,1.79
2010-01-15,000030,7.95,8.24,8.25,7.95,24556,20062842.0,3.79,4.04,0.32,4.07
2010-01-18,000030,8.25,8.28,8.6,8.24,16863,14199986.0,4.37,0.49,0.04,2.79
2010-01-19,000030,8.23,8.17,8.38,8.12,10774,8842626.0,3.14,-1.33,-0.11,1.78
2010-01-20,000030,8.2,8.01,8.38,8.0,16321,13350496.0,4.65,-1.96,-0.16,2.7
2010-01-21,000030,8.0,8.0,8.17,7.92,12601,10111055.0,3.12,-0.12,-0.01,2.09
2010-01-22,000030,8.0,7.71,8.0,7.62,8306,6467218.5,4.75,-3.63,-0.29,1.38
2010-01-25,000030,7.74,7.76,7.86,7.52,6117,4714954.0,4.41,0.65,0.05,1.01
2010-01-26,000030,7.74,7.49,7.85,7.37,6664,5033853.5,6.19,-3.48,-0.27,1.1
2010-01-27,000030,7.4,7.26,7.52,7.18,7448,5438470.0,4.54,-3.07,-0.23,1.23
2010-01-28,000030,7.26,7.35,7.45,7.18,6351,4632547.5,3.72,1.24,0.09,1.05
2010-01-29,000030,7.35,7.27,7.49,7.26,6373,4674694.0,3.13,-1.09,-0.08,1.06
2010-02-01,000030,7.08,6.91,7.21,6.91,15038,10450657.0,4.13,-4.95,-0.36,2.49
2010-02-02,000030,7.09,6.72,7.09,6.66,10342,7145227.0,6.22,-2.75,-0.19,1.71
2010-02-03,000030,6.75,6.88,6.96,6.63,10238,6959610.5,4.91,2.38,0.16,1.7
2010-02-04,000030,6.88,7.05,7.09,6.71,8030,5609777.0,5.52,2.47,0.17,1.33
2010-02-05,000030,6.95,7.06,7.16,6.8,11459,8020407.5,5.11,0.14,0.01,1.9
2010-02-08,000030,7.05,7.07,7.18,7.01,5241,3700864.5,2.41,0.14,0.01,0.87
2010-02-09,000030,7.1,7.07,7.14,7.0,3154,2234224.25,1.98,0.0,0.0,0.52
2010-02-10,000030,7.13,7.42,7.42,7.13,7215,5328538.0,4.1,4.95,0.35,1.19
2010-02-11,000030,7.6,7.79,7.79,7.45,12380,9624263.0,4.58,4.99,0.37,2.05
2010-02-12,000030,7.83,8.18,8.18,7.83,17323,14131245.0,4.49,5.01,0.39,2.87
2010-02-22,000030,8.4,8.3,8.56,8.13,22261,18494326.0,5.26,1.47,0.12,3.69
2010-02-23,000030,8.33,8.23,8.4,8.07,18752,15329866.0,3.98,-0.84,-0.07,3.11
2010-02-24,000030,8.22,8.32,8.56,8.2,16599,13851681.0,4.37,1.09,0.09,2.75
2010-02-25,000030,8.33,8.28,8.44,8.18,10465,8649194.0,3.13,-0.48,-0.04,1.73
2010-02-26,000030,8.22,8.2,8.3,8.12,12446,10229696.0,2.17,-0.97,-0.08,2.06
2010-03-01,000030,8.2,8.61,8.61,8.15,28436,23814228.0,5.61,5.0,0.41,4.71
2010-03-02,000030,8.61,8.78,9.0,8.5,29676,26019444.0,5.81,1.97,0.17,4.91
2010-03-03,000030,8.76,8.66,8.91,8.58,12496,10910182.0,3.76,-1.37,-0.12,2.07
2010-03-04,000030,8.57,8.52,8.73,8.4,11518,9839862.0,3.81,-1.62,-0.14,1.91
2010-03-05,000030,8.7,8.55,8.7,8.48,5732,4899283.0,2.58,0.35,0.03,0.95
2010-03-08,000030,8.5,8.53,8.68,8.4,5380,4608153.5,3.27,-0.23,-0.02,0.89
2010-03-09,000030,8.44,8.44,8.55,8.38,5169,4374381.0,1.99,-1.06,-0.09,0.86
2010-03-10,000030,8.4,8.45,8.76,8.3,5104,4348660.5,5.45,0.12,0.01,0.85
2010-03-11,000030,8.38,8.87,8.87,8.38,29338,25902760.0,5.8,4.97,0.42,4.86
2010-03-12,000030,8.95,8.55,8.99,8.54,23268,20303162.0,5.07,-3.61,-0.32,3.85
2010-03-15,000030,8.35,8.49,8.72,8.35,7695,6543252.0,4.33,-0.7,-0.06,1.27
2010-03-16,000030,8.49,8.58,8.68,8.49,7554,6473264.0,2.24,1.06,0.09,1.25
2010-03-17,000030,8.59,8.73,8.82,8.49,15608,13484195.0,3.85,1.75,0.15,2.58
2010-03-18,000030,8.7,8.61,8.74,8.55,10206,8791396.0,2.18,-1.37,-0.12,1.69
2010-03-19,000030,8.56,8.65,8.67,8.55,4798,4131896.75,1.39,0.46,0.04,0.79
2010-03-22,000030,8.66,8.59,8.7,8.5,8753,7528497.5,2.31,-0.69,-0.06,1.45
2010-03-23,000030,8.59,8.47,8.6,8.37,10996,9340129.0,2.68,-1.4,-0.12,1.82
2010-03-24,000030,8.46,8.42,8.56,8.4,7427,6284353.5,1.89,-0.59,-0.05,1.23
2010-03-25,000030,8.52,8.42,8.56,8.38,8507,7196408.5,2.14,0.0,0.0,1.41
2010-03-26,000030,8.42,8.47,8.59,8.42,6989,5951253.0,2.02,0.59,0.05,1.16
2010-03-29,000030,8.47,8.89,8.89,8.47,36650,32528558.0,4.96,4.96,0.42,6.07
2010-03-30,000030,8.81,9.03,9.29,8.81,30968,27952702.0,5.4,1.57,0.14,4.8
2010-03-31,000030,9.1,8.91,9.2,8.82,13820,12343103.0,4.21,-1.33,-0.12,2.14
2010-04-01,000030,8.91,8.93,9.1,8.88,10782,9692455.0,2.47,0.22,0.02,1.67
2010-04-02,000030,8.93,9.11,9.2,8.9,14546,13091381.0,3.36,2.02,0.18,2.25
2010-04-06,000030,9.11,9.5,9.53,9.11,25875,24351706.0,4.61,4.28,0.39,4.01
2010-04-07,000030,9.48,9.92,9.97,9.48,28134,27667126.0,5.16,4.42,0.42,4.36
2010-04-08,000030,10.0,9.82,10.0,9.54,16852,16494926.0,4.64,-1.01,-0.1,2.61
2010-04-09,000030,9.68,10.2,10.3,9.67,20316,20741366.0,6.42,3.87,0.38,3.15
2010-04-12,000030,10.29,10.54,10.6,10.22,22848,23903246.0,3.73,3.33,0.34,3.54
2010-04-13,000030,10.59,10.55,10.73,10.01,27285,28265642.0,6.83,0.09,0.01,4.23
2010-04-14,000030,10.5,10.65,10.9,10.3,17868,19011200.0,5.69,0.95,0.1,2.77
2010-04-15,000030,10.79,10.74,10.88,10.57,14034,15031648.0,2.91,0.85,0.09,2.17
2010-04-19,000030,10.95,10.2,10.95,10.2,44435,46555856.0,6.98,-5.03,-0.54,6.88
2010-04-20,000030,10.0,9.69,10.0,9.69,23717,23174486.0,3.04,-5.0,-0.51,3.67
2010-04-21,000030,9.69,9.98,10.04,9.69,14268,14105539.0,3.61,2.99,0.29,2.21
2010-04-22,000030,9.88,9.48,10.16,9.48,36580,35158396.0,6.81,-5.01,-0.5,5.67
2010-04-23,000030,9.5,9.02,9.5,9.01,30746,27962984.0,5.17,-4.85,-0.46,4.76
2010-04-26,000030,9.02,9.47,9.47,8.75,31951,29341964.0,7.98,4.99,0.45,4.95
2010-04-27,000030,9.47,9.26,9.68,9.0,31986,29853528.0,7.18,-2.22,-0.21,4.95
2010-04-28,000030,9.22,9.08,9.4,9.01,17197,15754134.0,4.21,-1.94,-0.18,2.66
2010-04-29,000030,9.25,9.01,9.33,8.99,15342,14004131.0,3.74,-0.77,-0.07,2.38
2010-04-30,000030,9.01,9.11,9.19,8.88,9627,8642637.0,3.44,1.11,0.1,1.49
2010-05-04,000030,9.0,9.27,9.5,9.0,13364,12385926.0,5.49,1.76,0.16,2.07
2010-05-05,000030,9.27,9.44,9.48,9.2,13972,13124298.0,3.02,1.83,0.17,2.16
2010-05-06,000030,9.5,9.78,9.91,9.44,48376,47797004.0,4.98,3.6,0.34,7.49
2010-05-07,000030,9.65,10.15,10.15,9.5,33095,32718698.0,6.65,3.78,0.37,5.13
2010-05-10,000030,10.16,9.98,10.6,9.64,45556,46401096.0,9.46,-1.67,-0.17,7.06
2010-05-11,000030,10.0,9.5,10.09,9.48,23036,22402646.0,6.11,-4.81,-0.48,3.57
2010-05-12,000030,9.52,9.14,9.6,9.03,16750,15344739.0,6.0,-3.79,-0.36,2.59
2010-05-13,000030,9.08,9.4,9.46,9.03,18590,17280624.0,4.7,2.84,0.26,2.88
2010-05-14,000030,9.4,9.55,9.8,9.32,23796,22635066.0,5.11,1.6,0.15,3.59
2010-05-17,000030,9.6,9.07,9.85,9.07,61800,58178008.0,8.17,-5.03,-0.48,9.31
2011-08-10,000030,9.52,9.52,9.52,9.52,669,636811.81,0.0,4.96,0.45,0.1
2011-08-11,000030,10.0,10.0,10.0,10.0,383,382820.0,0.0,5.04,0.48,0.06
2011-08-12,000030,10.5,10.5,10.5,10.5,293,307692.0,0.0,5.0,0.5,0.04
2011-08-15,000030,11.03,11.03,11.03,11.03,273,301229.31,0.0,5.05,0.53,0.04
2011-08-16,000030,11.58,11.58,11.58,11.58,475,549471.0,0.0,4.99,0.55,0.07
2011-08-17,000030,12.16,12.16,12.16,12.16,17239,20962576.0,0.0,5.01,0.58,2.51
2011-08-18,000030,12.77,12.77,12.77,12.36,114063,145165488.0,3.37,5.02,0.61,16.59
2011-08-19,000030,12.79,13.41,13.41,12.5,151265,199341856.0,7.13,5.01,0.64,22.01
2011-08-22,000030,14.0,14.08,14.08,13.65,44270,62025772.0,3.21,5.0,0.67,6.44
2011-08-23,000030,14.78,14.78,14.78,14.78,7672,11339098.0,0.0,4.97,0.7,1.12
2011-08-24,000030,15.52,15.52,15.52,15.52,5233,8121818.0,0.0,5.01,0.74,0.76
2011-08-30,000030,16.3,16.3,16.3,15.68,103590,168110080.0,3.99,5.03,0.78,15.07
2011-08-31,000030,17.12,17.12,17.12,16.6,42355,72358560.0,3.19,5.03,0.82,6.16
2011-09-01,000030,17.98,17.98,17.98,17.98,5899,10606456.0,0.0,5.02,0.86,0.86
2011-09-16,000030,17.98,18.88,18.88,17.98,69227,129982888.0,5.01,5.01,0.9,10.07
2011-09-19,000030,19.82,19.82,19.82,19.5,60561,119910520.0,1.69,4.98,0.94,8.81
2011-09-20,000030,20.78,20.81,20.81,20.56,28231,58705676.0,1.26,4.99,0.99,4.11
2011-09-21,000030,21.85,21.85,21.85,21.85,8978,19617280.0,0.0,5.0,1.04,1.31
2011-09-26,000030,20.76,20.76,20.76,20.76,4649,9651324.0,0.0,-4.99,-1.09,0.49
2011-09-27,000030,19.72,19.72,19.72,19.72,226,445672.0,0.0,-5.01,-1.04,0.02
2011-09-28,000030,18.73,18.73,18.73,18.73,399,747327.0,0.0,-5.02,-0.99,0.04
2011-09-29,000030,17.79,17.79,17.79,17.79,1400,2490600.0,0.0,-5.02,-0.94,0.15
2011-09-30,000030,16.9,16.9,16.9,16.9,2076,3508440.0,0.0,-5.0,-0.89,0.22
2011-10-10,000030,16.06,16.06,16.06,16.06,1136,1824416.0,0.0,-4.97,-0.84,0.12
2011-10-11,000030,15.26,15.26,15.26,15.26,18961,28934486.0,0.0,-4.98,-0.8,1.99
2011-10-12,000030,14.5,15.77,15.77,14.5,157724,233857936.0,8.32,3.34,0.51,16.55
2011-10-13,000030,15.38,14.98,15.63,14.98,184022,278668192.0,4.12,-5.01,-0.79,19.31
2011-10-14,000030,14.51,14.23,14.7,14.23,92295,131827680.0,3.14,-5.01,-0.75,9.68
2011-10-17,000030,13.65,13.99,14.8,13.53,182044,255943136.0,8.92,-1.69,-0.24,19.1
2011-10-18,000030,13.49,13.29,13.97,13.29,94593,128066552.0,4.86,-5.0,-0.7,9.92
2011-10-19,000030,13.01,13.95,13.95,12.86,145250,196446672.0,8.2,4.97,0.66,15.24
2011-10-20,000030,13.94,14.1,14.58,13.25,159828,221428624.0,9.53,1.08,0.15,16.77
2011-10-21,000030,13.8,13.4,14.19,13.4,86098,117902608.0,5.6,-4.96,-0.7,9.03
2011-10-24,000030,13.01,12.83,13.2,12.73,108265,139115312.0,3.51,-4.25,-0.57,11.36
2011-10-25,000030,12.67,12.92,13.07,12.53,100258,129145496.0,4.21,0.7,0.09,10.52
2011-10-26,000030,12.84,13.23,13.24,12.63,117742,152116112.0,4.72,2.4,0.31,12.35
2011-10-27,000030,13.07,13.0,13.33,12.95,93498,122642560.0,2.87,-1.74,-0.23,9.81
2011-10-28,000030,13.06,13.14,13.3,12.93,83260,109247464.0,2.85,1.08,0.14,8.74
2011-10-31,000030,13.08,13.8,13.8,13.0,105225,142152320.0,6.09,5.02,0.66,11.04
2011-11-01,000030,14.01,14.49,14.49,13.9,199573,283518400.0,4.28,5.0,0.69,20.94
2011-11-02,000030,14.27,15.21,15.21,14.0,188805,282923904.0,8.35,4.97,0.72,19.81
2011-11-03,000030,15.3,15.37,15.96,14.65,177360,271781408.0,8.61,1.05,0.16,18.61
2011-11-04,000030,15.11,15.08,15.64,15.08,93820,143184032.0,3.64,-1.89,-0.29,9.84
2011-11-07,000030,14.86,14.4,14.87,14.4,83610,122161072.0,3.12,-4.51,-0.68,8.77
2011-11-08,000030,14.3,14.52,14.88,14.27,74805,109141416.0,4.24,0.83,0.12,7.85
2011-11-09,000030,14.44,14.59,14.76,14.31,48818,71026920.0,3.1,0.48,0.07,5.12
2011-11-10,000030,14.4,13.88,14.49,13.86,76127,107172456.0,4.32,-4.87,-0.71,7.99
2011-11-11,000030,13.96,13.93,14.18,13.82,40828,57139896.0,2.59,0.36,0.05,4.28
2011-11-14,000030,14.08,14.35,14.42,13.91,64050,91081056.0,3.66,3.02,0.42,6.72
2011-11-15,000030,14.25,15.07,15.07,14.23,124448,184434368.0,5.85,5.02,0.72,13.06
2011-11-16,000030,15.08,14.86,15.46,14.73,116306,175271968.0,4.84,-1.39,-0.21,12.2
2011-11-17,000030,14.73,14.75,15.0,14.62,54738,81033448.0,2.56,-0.74,-0.11,5.74
2011-11-18,000030,14.68,15.32,15.48,14.63,114466,172673056.0,5.76,3.86,0.57,12.01
2011-11-21,000030,15.33,14.55,15.33,14.55,77841,114454672.0,5.09,-5.03,-0.77,8.17
2011-11-22,000030,14.25,13.82,14.25,13.82,13913,19269336.0,2.96,-5.02,-0.73,1.46
2011-11-23,000030,13.13,13.17,13.47,13.13,122407,161832208.0,2.46,-4.7,-0.65,12.84
2011-11-24,000030,12.88,12.97,13.26,12.7,50586,65646400.0,4.25,-1.52,-0.2,5.31
2011-11-25,000030,12.98,12.86,13.18,12.81,45148,58720808.0,2.85,-0.85,-0.11,4.74
2011-11-28,000030,12.8,12.22,12.9,12.22,66785,82087208.0,5.29,-4.98,-0.64,7.01
2011-11-29,000030,12.08,12.67,12.79,11.63,121456,145463456.0,9.49,3.68,0.45,12.74
2011-11-30,000030,12.2,12.04,12.43,12.04,55261,67505416.0,3.08,-4.97,-0.63,5.8
2011-12-01,000030,12.2,11.98,12.32,11.9,66584,80850616.0,3.49,-0.5,-0.06,6.99
2011-12-02,000030,11.8,11.38,11.8,11.38,67485,77354616.0,3.51,-5.01,-0.6,7.08
2011-12-05,000030,11.1,10.81,11.21,10.81,53022,57789444.0,3.51,-5.01,-0.57,5.56
2011-12-06,000030,10.61,10.43,10.65,10.27,55551,58196228.0,3.52,-3.52,-0.38,5.83
2011-12-07,000030,10.36,10.51,10.75,10.36,42827,45227800.0,3.74,0.77,0.08,4.49
2011-12-08,000030,10.45,10.53,10.88,10.02,59615,62143996.0,8.18,0.19,0.02,6.25
2011-12-09,000030,10.43,10.69,10.88,10.37,61569,65846380.0,4.84,1.52,0.16,6.46
2011-12-12,000030,10.69,10.29,10.99,10.16,51742,55107184.0,7.76,-3.74,-0.4,5.43
2011-12-13,000030,10.03,9.78,10.11,9.78,41962,41256028.0,3.21,-4.96,-0.51,4.4
2011-12-14,000030,9.4,9.29,9.48,9.29,47792,44599984.0,1.94,-5.01,-0.49,5.01
2011-12-15,000030,8.9,8.83,8.97,8.83,23270,20576592.0,1.51,-4.95,-0.46,2.44
2011-12-16,000030,8.41,8.68,8.74,8.39,63748,54180660.0,3.96,-1.7,-0.15,6.69
2011-12-19,000030,8.5,8.33,8.51,8.25,58503,48596076.0,3.0,-4.03,-0.35,6.14
2011-12-20,000030,8.3,8.75,8.75,8.26,87958,75964880.0,5.88,5.04,0.42,9.23
2011-12-21,000030,8.85,8.64,9.19,8.64,104206,93430888.0,6.29,-1.26,-0.11,10.93
2011-12-22,000030,8.26,8.3,8.58,8.21,52113,43236504.0,4.28,-3.94,-0.34,5.47
2011-12-23,000030,8.18,8.36,8.48,8.18,42079,35258624.0,3.61,0.72,0.06,4.41
2011-12-26,000030,8.24,8.52,8.54,8.24,31061,26128652.0,3.59,1.91,0.16,3.26
2011-12-27,000030,8.45,8.09,8.52,8.09,36933,30200720.0,5.05,-5.05,-0.43,3.87
2011-12-28,000030,7.88,7.7,7.88,7.69,34792,26835674.0,2.35,-4.82,-0.39,3.65
2011-12-29,000030,7.6,7.59,7.75,7.5,33232,25353986.0,3.25,-1.43,-0.11,3.49
2011-12-30,000030,7.68,7.8,7.91,7.61,41303,32239936.0,3.95,2.77,0.21,4.33
2012-01-04,000030,7.89,7.41,7.94,7.41,32552,24982092.0,6.79,-5.0,-0.39,3.42
2012-01-05,000030,7.26,7.04,7.35,7.04,31357,22377754.0,4.18,-4.99,-0.37,3.29
2012-01-06,000030,6.93,7.13,7.13,6.75,32548,22511160.0,5.4,1.28,0.09,3.41
2012-01-09,000030,7.05,7.49,7.49,6.92,28234,20655520.0,7.99,5.05,0.36,2.96
2012-01-10,000030,7.86,7.86,7.86,7.72,50665,39800980.0,1.87,4.94,0.37,5.32
2012-01-11,000030,8.14,7.94,8.22,7.91,81122,65553616.0,3.94,1.02,0.08,8.51
2012-01-12,000030,7.94,7.85,8.05,7.82,38089,30155592.0,2.9,-1.13,-0.09,4.0
2012-01-13,000030,7.78,7.8,7.88,7.46,57522,43920632.0,5.35,-0.64,-0.05,6.03
2012-01-16,000030,7.8,7.96,8.16,7.77,59042,47303996.0,5.0,2.05,0.16,6.19
2012-01-17,000030,7.97,8.3,8.34,7.56,66700,53287292.0,9.8,4.27,0.34,7.0
2012-01-18,000030,8.18,8.01,8.25,7.98,49275,39965208.0,3.25,-3.49,-0.29,5.17
2012-01-19,000030,7.97,8.02,8.09,7.8,31842,25367556.0,3.62,0.12,0.01,3.34
2012-01-20,000030,8.18,8.35,8.41,7.97,47068,39115724.0,5.49,4.11,0.33,4.94
2012-01-30,000030,8.39,8.77,8.77,8.35,32978,28704224.0,5.03,5.03,0.42,3.46
2012-01-31,000030,9.18,8.94,9.18,8.79,79500,71569848.0,4.45,1.94,0.17,8.34
2012-02-01,000030,8.94,9.39,9.39,8.93,86685,80943664.0,5.15,5.03,0.45,9.09
2012-02-02,000030,9.43,9.86,9.86,9.19,71917,68720080.0,7.14,5.01,0.47,7.55
2012-02-03,000030,10.35,10.35,10.35,10.21,19482,20146762.0,1.42,4.97,0.49,2.04
2012-02-06,000030,10.87,10.87,10.87,10.87,4111,4468581.0,0.0,5.02,0.52,0.43
2012-02-07,000030,11.41,11.41,11.41,10.87,140852,159498672.0,4.97,4.97,0.54,14.78
2012-02-08,000030,11.9,11.98,11.98,11.46,77311,91628032.0,4.56,5.0,0.57,8.11
2012-02-10,000030,12.5,12.58,12.58,11.88,69085,86268792.0,5.84,5.01,0.6,7.25
2012-02-13,000030,13.21,13.21,13.21,13.0,48405,63886680.0,1.67,5.01,0.63,5.08
2012-02-14,000030,13.87,13.87,13.87,13.84,12884,17869474.0,0.23,5.0,0.66,1.35
2012-02-15,000030,14.56,14.56,14.56,14.2,70530,102579120.0,2.6,4.97,0.69,7.4
2012-02-16,000030,15.17,13.83,15.18,13.83,177142,250922240.0,9.27,-5.01,-0.73,18.58
2012-02-17,000030,13.14,13.14,13.14,13.14,10068,13229352.0,0.0,-4.99,-0.69,1.06
2012-02-20,000030,12.48,12.48,12.48,12.48,13580,16947840.0,0.0,-5.02,-0.66,1.42
2012-02-21,000030,11.88,13.1,13.1,11.86,198387,245206864.0,9.94,4.97,0.62,20.81
2012-02-22,000030,13.0,12.8,13.2,12.51,156899,202305504.0,5.27,-2.29,-0.3,16.46
2012-02-23,000030,12.61,13.0,13.1,12.61,115097,148253328.0,3.83,1.56,0.2,12.08
2012-02-24,000030,13.25,13.65,13.65,13.0,136405,185064288.0,5.0,5.0,0.65,14.31
2012-02-27,000030,13.95,13.51,14.29,13.33,148839,204539104.0,7.03,-1.03,-0.14,15.62
2012-02-28,000030,13.22,12.85,13.23,12.83,97138,125856392.0,2.96,-4.89,-0.66,10.19
2012-02-29,000030,12.78,13.49,13.49,12.24,120482,155894656.0,9.73,4.98,0.64,12.64
2012-03-01,000030,13.43,13.34,13.9,13.11,100404,135670224.0,5.86,-1.11,-0.15,10.53
2012-03-02,000030,13.1,13.29,13.65,13.05,64473,86053224.0,4.5,-0.37,-0.05,6.76
2012-03-05,000030,13.33,13.39,13.65,13.19,62840,84511816.0,3.46,0.75,0.1,6.59
2012-03-06,000030,13.56,13.87,14.0,13.31,103370,141750432.0,5.15,3.58,0.48,10.84
2012-03-07,000030,13.7,13.42,13.85,13.19,81774,110536360.0,4.76,-3.24,-0.45,8.58
2012-03-08,000030,13.55,13.4,13.62,13.24,60476,80963984.0,2.83,-0.15,-0.02,6.34
2012-03-09,000030,13.72,13.59,13.98,13.53,65299,89459816.0,3.36,1.42,0.19,6.85
2012-03-13,000030,13.95,13.46,13.97,13.31,74760,101741392.0,4.86,-0.96,-0.13,7.84
2012-03-14,000030,13.37,12.79,13.37,12.79,91440,119595680.0,4.31,-4.98,-0.67,9.59
2012-03-15,000030,12.5,12.15,12.5,12.15,77426,94577424.0,2.74,-5.0,-0.64,8.12
2012-03-16,000030,11.8,12.43,12.75,11.8,56009,69632496.0,7.82,2.3,0.28,5.88
2012-03-19,000030,12.3,12.46,12.63,12.1,38249,47409332.0,4.26,0.24,0.03,4.01
2012-03-20,000030,12.35,11.85,12.4,11.84,49710,60107496.0,4.49,-4.9,-0.61,5.22
2012-03-21,000030,11.85,11.55,12.2,11.26,54568,63337986.0,7.93,-2.53,-0.3,5.73
2012-03-22,000030,11.5,11.6,11.78,11.2,46633,53439974.0,5.02,0.43,0.05,4.89
2012-03-23,000030,11.41,11.74,12.09,11.4,56864,66937368.0,5.95,1.21,0.14,5.97
2012-03-26,000030,11.6,12.03,12.22,11.5,56504,67554916.0,6.13,2.47,0.29,5.93
2012-03-27,000030,12.04,11.89,12.15,11.8,34075,40748256.0,2.91,-1.16,-0.14,3.57
2012-03-28,000030,11.97,11.3,11.98,11.3,32458,37271205.0,5.72,-4.96,-0.59,3.41
2012-03-29,000030,10.95,10.74,11.13,10.74,43177,46682492.0,3.45,-4.96,-0.56,4.53
2012-03-30,000030,10.6,10.28,10.9,10.2,36256,37548353.0,6.52,-4.28,-0.46,3.8
2012-04-05,000030,10.06,10.48,10.58,9.78,37233,38064722.0,7.78,1.95,0.2,3.91
2012-04-06,000030,10.4,10.47,10.64,10.3,24995,26242238.0,3.24,-0.1,-0.01,2.62
2012-04-09,000030,10.47,10.79,10.98,10.26,48106,51587592.0,6.88,3.06,0.32,5.05
2012-04-10,000030,10.83,11.33,11.33,10.83,53833,60792133.0,4.63,5.0,0.54,5.65
2012-04-11,000030,11.75,11.9,11.9,11.49,20710,24468418.0,3.62,5.03,0.57,2.17
2012-04-12,000030,12.5,12.5,12.5,12.28,14286,17851802.0,1.85,5.04,0.6,1.5
2012-04-13,000030,13.07,12.06,13.07,12.01,130434,162472818.0,8.48,-3.52,-0.44,13.68
2012-04-16,000030,11.46,12.66,12.66,11.46,82348,100114528.0,9.95,4.98,0.6,8.64
2012-04-18,000030,12.11,12.58,13.06,12.03,90328,113285071.0,8.14,-0.63,-0.08,9.48
2012-04-19,000030,12.21,11.95,12.39,11.95,90384,108906644.0,3.5,-5.01,-0.63,9.48
2012-04-20,000030,11.35,11.36,11.85,11.35,85586,98125146.0,4.18,-4.94,-0.59,6.34
2012-04-23,000030,11.22,11.26,11.68,11.0,46562,53168499.0,5.99,-0.88,-0.1,3.45
2012-04-24,000030,11.01,10.7,11.2,10.7,49118,53303728.0,4.44,-4.97,-0.56,3.64
2012-04-25,000030,10.41,10.93,11.09,10.2,58814,62271113.0,8.32,2.15,0.23,4.36
2012-04-26,000030,10.89,10.86,11.2,10.75,38336,42128136.0,4.12,-0.64,-0.07,2.84
2012-04-27,000030,10.76,10.76,11.04,10.5,31705,34121040.0,4.97,-0.92,-0.1,2.35
2012-05-02,000030,10.23,10.22,10.6,10.22,63104,64834464.0,3.53,-5.02,-0.54,4.67
2012-05-03,000030,10.02,9.71,10.11,9.71,41266,40245798.0,3.91,-4.99,-0.51,3.06
2012-05-04,000030,9.6,10.2,10.2,9.6,73793,74399984.0,6.18,5.05,0.49,5.47
2012-05-07,000030,10.39,10.29,10.55,10.18,53374,55069654.0,3.63,0.88,0.09,3.95
2012-05-08,000030,10.26,10.3,10.37,9.9,42535,43177155.0,4.57,0.1,0.01,3.15
2012-05-09,000030,10.2,10.4,10.58,9.91,42847,43941082.0,6.5,0.97,0.1,3.17
2012-05-10,000030,10.21,10.16,10.46,10.12,33286,34327467.0,3.27,-2.31,-0.24,2.47
2012-05-11,000030,10.1,10.23,10.55,10.0,37642,38946263.0,5.41,0.69,0.07,2.79
2012-05-14,000030,10.28,10.01,10.33,10.0,28501,28765896.0,3.23,-2.15,-0.22,2.11
2012-05-15,000030,9.98,10.1,10.14,9.88,24791,24864794.0,2.6,0.9,0.09,1.84
2012-05-16,000030,10.07,9.77,10.07,9.73,22542,22352067.0,3.37,-3.27,-0.33,1.67
2012-05-17,000030,9.77,9.69,9.85,9.42,31595,30426946.0,4.4,-0.82,-0.08,2.34
2012-05-18,000030,9.6,9.22,9.66,9.21,38020,35575027.0,4.64,-4.85,-0.47,2.82
2012-05-21,000030,9.0,8.93,9.2,8.76,33339,29888704.0,4.77,-3.15,-0.29,2.47
2012-05-22,000030,8.93,9.13,9.22,8.93,20163,18374929.0,3.25,2.24,0.2,1.49
2012-05-23,000030,9.15,8.88,9.15,8.78,28394,25378014.0,4.05,-2.74,-0.25,2.1
2012-05-24,000030,8.78,8.76,8.97,8.76,18443,16326537.0,2.36,-1.35,-0.12,1.37
2012-05-25,000030,8.69,9.2,9.2,8.66,23667,21260123.0,6.16,5.02,0.44,1.75
2012-05-28,000030,9.42,9.66,9.66,9.35,18961,18159105.0,3.37,5.0,0.46,1.4
2012-05-29,000030,10.13,9.83,10.14,9.73,70879,70738774.0,4.24,1.76,0.17,5.25
2012-05-30,000030,9.73,9.91,10.27,9.7,40027,40211929.0,5.8,0.81,0.08,2.97
2012-05-31,000030,9.9,10.08,10.29,9.72,41983,42382841.0,5.75,1.72,0.17,3.11
2012-06-01,000030,10.03,9.9,10.15,9.9,20339,20314483.0,2.48,-1.79,-0.18,1.51
2012-06-04,000030,9.67,9.41,9.78,9.41,34366,32711360.0,3.74,-4.95,-0.49,2.55
2012-06-05,000030,9.39,9.41,9.58,9.27,14775,13895416.0,3.29,0.0,0.0,1.09
2012-06-06,000030,9.38,9.88,9.88,9.38,53596,52809395.0,5.31,4.99,0.47,3.97
2012-06-07,000030,9.93,9.8,10.1,9.71,37501,37023624.0,3.95,-0.81,-0.08,2.78
2012-06-08,000030,9.93,9.55,9.94,9.48,27471,26622314.0,4.69,-2.55,-0.25,2.04
2012-06-11,000030,9.44,9.39,9.5,9.13,28500,26534112.0,3.87,-1.68,-0.16,2.11
2012-06-12,000030,9.39,9.46,9.66,9.3,19473,18479311.0,3.83,0.75,0.07,1.44
2012-06-13,000030,9.49,9.72,9.82,9.4,26637,25734150.0,4.44,2.75,0.26,1.97
2012-06-14,000030,9.67,9.74,9.98,9.58,23468,22975422.0,4.12,0.21,0.02,1.74
2012-06-15,000030,9.61,9.42,9.61,9.25,32921,31050285.0,3.7,-3.29,-0.32,2.44
2012-06-18,000030,9.37,9.55,9.56,9.37,14477,13745899.0,2.02,1.38,0.13,1.07
2012-06-19,000030,9.59,9.5,9.74,9.38,19201,18280024.0,3.77,-0.52,-0.05,1.42
2012-06-20,000030,9.48,9.61,9.67,9.26,32373,30560212.0,4.32,1.16,0.11,2.4
2012-06-21,000030,9.55,9.42,9.65,9.38,21541,20423334.0,2.81,-1.98,-0.19,1.6
2012-06-25,000030,9.45,8.95,9.46,8.95,23138,21162168.0,5.41,-4.99,-0.47,1.71
2012-06-26,000030,8.89,8.91,8.93,8.66,18755,16513989.0,3.02,-0.45,-0.04,1.39
2012-06-27,000030,8.88,8.98,9.19,8.8,14074,12756877.0,4.38,0.79,0.07,1.04
2012-06-28,000030,8.89,8.79,9.14,8.72,13846,12460606.0,4.68,-2.12,-0.19,1.03
2012-06-29,000030,8.67,8.76,8.88,8.35,23202,19911897.0,6.03,-0.34,-0.03,1.72
2012-07-02,000030,8.76,8.88,8.98,8.71,11448,10109846.0,3.08,1.37,0.12,0.85
2012-07-03,000030,8.8,8.71,8.84,8.58,13557,11843763.0,2.93,-1.91,-0.17,1.0
2012-07-04,000030,8.67,8.69,8.8,8.61,8252,7179930.0,2.18,-0.23,-0.02,0.61
2012-07-05,000030,8.66,8.26,8.66,8.26,18297,15239685.0,4.6,-4.95,-0.43,1.36
2012-07-06,000030,8.18,8.18,8.38,7.85,23960,19321906.0,6.42,-0.97,-0.08,1.78
2012-07-09,000030,8.0,7.77,8.03,7.77,22657,17885182.0,3.18,-5.01,-0.41,1.68
2012-07-10,000030,7.79,7.53,7.84,7.45,18843,14282156.0,5.02,-3.09,-0.24,1.4
2012-07-11,000030,7.5,7.7,7.78,7.29,22448,16963621.0,6.51,2.26,0.17,1.66
2012-07-12,000030,7.7,8.09,8.09,7.62,31608,24940137.0,6.1,5.06,0.39,2.34
2012-07-13,000030,8.15,8.49,8.49,8.15,15153,12731386.0,4.2,4.94,0.4,1.12
2012-07-16,000030,8.91,8.16,8.91,8.15,50867,43793085.0,8.95,-3.89,-0.33,3.77
2012-07-17,000030,8.16,8.39,8.57,7.85,22940,18969370.0,8.82,2.82,0.23,1.7
2012-07-18,000030,8.31,8.24,8.42,8.08,19088,15693240.0,4.05,-1.79,-0.15,1.41
2012-07-19,000030,8.23,8.65,8.65,8.11,38046,32728449.0,6.55,4.98,0.41,2.82
2012-07-20,000030,8.66,8.36,8.78,8.31,28796,24491701.0,5.43,-3.35,-0.29,2.13
2012-07-23,000030,8.22,8.08,8.34,8.05,16989,13801171.0,3.47,-3.35,-0.28,1.26
2012-07-24,000030,8.02,8.06,8.18,7.88,16231,13095546.0,3.71,-0.25,-0.02,1.2
2012-07-25,000030,8.12,8.09,8.45,8.0,20183,16634928.0,5.58,0.37,0.03,1.5
2012-07-26,000030,8.01,7.98,8.2,7.98,13705,11067712.0,2.72,-1.36,-0.11,1.02
2012-07-27,000030,8.1,8.0,8.11,7.95,9723,7789061.0,2.01,0.25,0.02,0.72
2012-07-30,000030,7.6,7.6,7.6,7.6,8669,6588440.0,0.0,-5.0,-0.4,0.64
2012-07-31,000030,7.22,7.22,7.22,7.22,1291,932102.0,0.0,-5.0,-0.38,0.1
2012-08-01,000030,6.86,6.92,7.26,6.86,51873,36173319.0,5.54,-4.16,-0.3,3.84
2012-08-02,000030,6.9,7.27,7.27,6.9,43475,31375897.0,5.35,5.06,0.35,3.22
2012-08-03,000030,7.27,7.2,7.27,7.07,24961,17841003.0,2.75,-0.96,-0.07,1.85
2012-08-06,000030,7.21,7.1,7.24,6.84,32271,22688025.0,5.56,-1.39,-0.1,2.39
2012-08-07,000030,7.09,7.36,7.45,7.01,27102,19810599.0,6.2,3.66,0.26,1.51
2012-08-08,000030,7.3,7.38,7.67,7.22,22824,17024254.0,6.11,0.27,0.02,1.27
2012-08-09,000030,7.38,7.44,7.52,7.3,18978,14061430.0,2.98,0.81,0.06,1.06
2012-08-10,000030,7.45,7.31,7.54,7.25,16730,12324415.0,3.9,-1.75,-0.13,0.93
2012-08-13,000030,7.21,7.03,7.3,7.03,12706,9101380.0,3.69,-3.83,-0.28,0.71
2012-08-14,000030,7.0,7.12,7.2,6.98,14265,10123499.0,3.13,1.28,0.09,0.79
2012-08-15,000030,7.13,7.01,7.18,6.97,14492,10182836.0,2.95,-1.54,-0.11,0.81
2012-08-16,000030,7.0,7.08,7.19,6.96,12831,9081678.0,3.28,1.0,0.07,0.71
2012-08-17,000030,7.07,7.11,7.15,6.96,14278,10078018.0,2.68,0.42,0.03,0.79
2012-08-20,000030,7.07,7.22,7.31,7.0,15687,11264155.0,4.36,1.55,0.11,0.87
2012-08-21,000030,7.15,7.35,7.45,7.11,19375,14257475.0,4.71,1.8,0.13,1.08
2012-08-22,000030,7.35,7.72,7.72,7.35,40047,30732555.0,5.03,5.03,0.37,2.23
2012-08-23,000030,7.81,7.98,8.11,7.74,56801,45352417.0,4.79,3.37,0.26,3.16
2012-08-24,000030,7.85,7.58,7.89,7.58,34244,26170505.0,3.88,-5.01,-0.4,1.91
2012-08-27,000030,7.45,7.76,7.96,7.23,29377,22701195.0,9.63,2.37,0.18,1.64
2012-08-28,000030,7.65,7.76,7.85,7.58,13599,10515621.0,3.48,0.0,0.0,0.76
2012-08-29,000030,7.73,7.38,7.81,7.37,19969,15062037.0,5.67,-4.9,-0.38,1.11
2012-08-30,000030,7.37,7.45,7.74,7.24,23999,18075865.0,6.78,0.95,0.07,1.34
2012-08-31,000030,7.45,7.66,7.76,7.45,22881,17504457.0,4.16,2.82,0.21,1.27
2012-09-03,000030,7.76,7.55,7.76,7.51,18554,14100264.0,3.26,-1.44,-0.11,1.03
2012-09-04,000030,7.58,7.74,7.85,7.46,22335,17108958.0,5.17,2.52,0.19,1.24
2012-09-05,000030,7.69,7.89,8.03,7.61,29124,22938226.0,5.43,1.94,0.15,1.62
2012-09-06,000030,7.89,7.77,7.98,7.73,16602,12953108.0,3.17,-1.52,-0.12,0.92
2012-09-07,000030,7.84,8.0,8.04,7.78,35426,28045953.0,3.35,2.96,0.23,1.97
2012-09-10,000030,8.0,8.15,8.2,7.86,29875,23931943.0,4.25,1.88,0.15,1.66
2012-09-11,000030,8.1,8.06,8.22,7.95,22015,17804989.0,3.31,-1.1,-0.09,1.23
2012-09-12,000030,8.18,7.96,8.2,7.83,25804,20617273.0,4.59,-1.24,-0.1,1.44
2012-09-13,000030,7.95,7.95,8.2,7.92,18917,15209583.0,3.52,-0.13,-0.01,1.05
2012-09-14,000030,7.92,7.81,8.02,7.73,20463,16033326.0,3.65,-1.76,-0.14,1.14
2012-09-17,000030,7.8,7.44,7.89,7.42,21033,16066002.0,6.02,-4.74,-0.37,1.17
2012-09-18,000030,7.34,7.5,7.59,7.34,11229,8419231.0,3.36,0.81,0.06,0.62
2012-09-19,000030,7.4,7.71,7.75,7.4,15349,11789871.0,4.67,2.8,0.21,0.85
2012-09-20,000030,7.72,7.53,7.75,7.45,11812,9011457.0,3.89,-2.33,-0.18,0.66
2012-09-21,000030,7.52,7.6,7.75,7.5,11192,8537306.0,3.32,0.93,0.07,0.62
2012-09-24,000030,7.5,7.52,7.69,7.41,14004,10547708.0,3.68,-1.05,-0.08,0.78
2012-09-25,000030,7.52,7.7,7.78,7.5,14415,11072392.0,3.72,2.39,0.18,0.8
2012-09-26,000030,7.74,7.32,7.74,7.32,29979,22190174.0,5.45,-4.94,-0.38,1.67
2012-09-27,000030,7.25,7.36,7.45,7.01,20897,15257878.0,6.01,0.55,0.04,1.16
2012-09-28,000030,7.26,7.19,7.26,7.1,25961,18601357.0,2.17,-2.31,-0.17,1.44
2012-10-08,000030,7.21,7.18,7.24,7.09,18940,13570094.0,2.09,-0.14,-0.01,1.05
2012-10-09,000030,7.05,7.34,7.34,7.01,26500,19219043.0,4.6,2.23,0.16,1.47
2012-10-10,000030,7.3,7.71,7.71,7.25,41832,32094111.0,6.27,5.04,0.37,2.33
2012-10-11,000030,7.75,7.74,8.1,7.72,59958,47346977.0,4.93,0.39,0.03,3.34
2012-10-12,000030,7.63,7.75,7.85,7.62,22672,17494698.0,2.97,0.13,0.01,1.26
2012-10-15,000030,7.69,7.49,7.69,7.38,23717,17753760.0,4.0,-3.35,-0.26,1.32
2012-10-16,000030,7.12,7.3,7.3,7.12,84000,60086841.0,2.4,-2.54,-0.19,4.68
2012-10-17,000030,7.15,7.17,7.28,7.12,26570,19040825.0,2.19,-1.78,-0.13,1.48
2012-10-18,000030,7.17,7.33,7.37,7.15,42922,31021239.0,3.07,2.23,0.16,2.39
2012-10-19,000030,7.3,7.53,7.69,7.25,52640,39320847.0,6.0,2.73,0.2,2.93
2012-10-22,000030,7.45,7.63,7.83,7.31,46875,35736218.0,6.91,1.33,0.1,2.61
2012-10-23,000030,7.62,7.51,7.71,7.5,30852,23417368.0,2.75,-1.57,-0.12,1.72
2012-10-24,000030,7.47,7.79,7.8,7.4,37780,29093987.0,5.33,3.73,0.28,2.1
2012-10-25,000030,7.79,7.4,7.79,7.4,43912,33219126.0,5.01,-5.01,-0.39,2.44
2012-10-26,000030,7.27,7.09,7.27,7.03,70534,49737039.0,3.24,-4.19,-0.31,3.93
2012-10-29,000030,7.03,7.1,7.17,6.95,25666,18138190.0,3.1,0.14,0.01,1.43
2012-11-01,000030,7.31,7.46,7.46,7.28,15638,11638986.0,2.54,5.07,0.36,0.87
2012-11-02,000030,7.83,7.83,7.83,7.5,74520,58288274.0,4.42,4.96,0.37,4.15
2012-11-05,000030,8.22,8.14,8.22,7.84,80161,64612045.0,4.85,3.96,0.31,4.46
2012-11-06,000030,7.9,8.12,8.35,7.86,38279,30985593.0,6.02,-0.25,-0.02,2.13
2012-11-07,000030,8.0,8.14,8.3,7.96,23896,19427448.0,4.19,0.25,0.02,1.33
2012-11-08,000030,8.0,8.55,8.55,7.93,49647,41158081.0,7.62,5.04,0.41,2.76
2012-11-09,000030,8.84,8.44,8.95,8.41,64411,56272905.0,6.32,-1.29,-0.11,3.58
2012-11-12,000030,8.55,8.03,8.55,8.02,43709,35685590.0,6.28,-4.86,-0.41,2.43
2012-11-13,000030,8.0,7.98,8.28,7.88,27078,21823516.0,4.98,-0.62,-0.05,1.51
2012-11-14,000030,7.9,7.59,7.9,7.58,47162,35966669.0,4.01,-4.89,-0.39,2.62
2012-11-15,000030,7.54,7.61,7.77,7.38,28648,21885411.0,5.14,0.26,0.02,1.59
2012-11-16,000030,7.44,7.71,7.76,7.44,13311,10160645.0,4.2,1.31,0.1,0.74
2012-11-19,000030,8.1,8.1,8.1,8.01,26305,21294410.0,1.17,5.06,0.39,1.46
2012-11-20,000030,8.35,8.51,8.51,8.08,63231,52368511.0,5.31,5.06,0.41,3.52
2012-11-21,000030,8.55,8.39,8.83,8.3,53325,45885272.0,6.23,-1.41,-0.12,2.97
2012-11-22,000030,8.32,8.53,8.7,8.32,32579,27769177.0,4.53,1.67,0.14,1.81
2012-11-23,000030,8.62,8.61,8.66,8.47,25964,22280768.0,2.23,0.94,0.08,1.45
2012-12-03,000030,9.04,9.04,9.04,9.04,15892,14366223.0,0.0,4.99,0.43,0.88
2012-12-04,000030,9.45,8.59,9.45,8.59,34768,31299595.0,9.51,-4.98,-0.45,1.94
2012-12-05,000030,8.16,8.44,8.92,8.16,75056,62937604.0,8.85,-1.75,-0.15,4.18
2012-12-06,000030,8.36,8.02,8.46,8.02,63580,51794226.0,5.21,-4.98,-0.42,3.54
2012-12-07,000030,8.05,8.12,8.28,7.88,49134,39844070.0,4.99,1.25,0.1,2.73
2012-12-10,000030,8.06,8.45,8.52,8.05,62279,51886682.0,5.79,4.06,0.33,3.47
2012-12-11,000030,8.45,8.3,8.46,8.21,35359,29392073.0,2.96,-1.78,-0.15,1.97
2012-12-12,000030,8.22,8.02,8.33,7.98,47293,38269530.0,4.22,-3.37,-0.28,2.63
2012-12-13,000030,8.02,8.16,8.26,7.94,39743,32357484.0,3.99,1.75,0.14,2.21
2012-12-14,000030,8.16,8.34,8.44,8.1,49688,41103224.0,4.17,2.21,0.18,2.77
2012-12-17,000030,8.24,8.24,8.32,8.08,56387,46053564.0,2.88,-1.2,-0.1,3.14
2012-12-18,000030,8.4,8.33,8.45,8.25,46652,38802388.0,2.43,1.09,0.09,2.6
2012-12-19,000030,8.36,8.2,8.36,8.14,27682,22749126.0,2.64,-1.56,-0.13,1.54
2012-12-20,000030,8.34,8.51,8.61,8.27,102186,86481993.0,4.15,3.78,0.31,5.69
2012-12-21,000030,8.4,8.1,8.43,8.08,132762,108013714.0,4.11,-4.82,-0.41,7.39
2012-12-24,000030,7.92,8.11,8.24,7.91,58601,47546229.0,4.07,0.12,0.01,3.26
2012-12-25,000030,8.12,8.13,8.15,7.95,72992,58877317.0,2.47,0.25,0.02,4.06
2012-12-26,000030,8.1,8.18,8.2,8.05,47638,38723768.0,1.85,0.62,0.05,2.65
2012-12-27,000030,8.17,8.2,8.39,8.12,72368,59870299.0,3.3,0.24,0.02,4.03
2012-12-28,000030,8.25,8.28,8.36,8.15,61932,51098885.0,2.56,0.98,0.08,3.45
2012-12-31,000030,8.33,8.51,8.65,8.27,73411,62463952.0,4.59,2.78,0.23,4.09
2013-01-04,000030,8.7,8.46,8.7,8.21,67292,56667731.0,5.76,-0.59,-0.05,3.75
2013-01-07,000030,8.45,8.88,8.88,8.41,87182,76722582.0,5.56,4.96,0.42,4.8
2013-01-08,000030,9.0,9.32,9.32,8.8,150900,138793353.0,5.86,4.95,0.44,8.3
2013-01-09,000030,9.12,9.09,9.41,9.04,83665,76811693.0,3.97,-2.47,-0.23,4.6
2013-01-10,000030,9.07,9.36,9.45,8.94,69153,64294218.0,5.61,2.97,0.27,3.8
2013-01-11,000030,9.49,9.42,9.62,9.24,56206,53106557.0,4.06,0.64,0.06,3.09
2013-01-14,000030,9.5,9.41,9.54,9.29,57184,53797273.0,2.65,-0.11,-0.01,3.15
2013-01-15,000030,9.4,9.48,9.62,9.29,68343,64746583.0,3.51,0.74,0.07,3.76
2013-01-16,000030,9.45,9.46,9.85,9.37,64569,61616902.0,5.06,-0.21,-0.02,3.55
2013-01-17,000030,9.45,9.27,9.58,9.24,47149,44230908.0,3.59,-2.01,-0.19,2.59
2013-01-18,000030,9.28,9.14,9.34,8.82,67635,61488269.0,5.61,-1.4,-0.13,3.72
2013-01-21,000030,9.1,9.5,9.5,9.02,62480,58339615.0,5.25,3.94,0.36,3.44
2013-01-22,000030,9.48,9.59,9.79,9.38,58958,56786384.0,4.32,0.95,0.09,3.24
2013-01-23,000030,9.6,9.45,9.68,9.3,36468,34383887.0,3.96,-1.46,-0.14,2.01
2013-01-24,000030,9.45,9.1,9.45,9.08,51196,47150598.0,3.92,-3.7,-0.35,2.82
2013-01-25,000030,8.88,9.12,9.14,8.65,49306,43778817.0,5.38,0.22,0.02,2.71
2013-01-28,000030,9.16,9.2,9.25,8.95,35302,32172843.0,3.29,0.88,0.08,1.94
2013-01-29,000030,9.21,9.16,9.31,9.11,26721,24577006.0,2.17,-0.43,-0.04,1.47
2013-01-30,000030,9.15,9.11,9.42,9.06,42272,39017776.0,3.93,-0.55,-0.05,2.33
2013-01-31,000030,9.18,9.18,9.36,9.08,42711,39346305.0,3.07,0.77,0.07,2.35
2013-02-01,000030,9.12,9.11,9.23,9.1,22630,20739877.0,1.42,-0.76,-0.07,1.24
2013-02-04,000030,9.11,8.81,9.12,8.72,41003,36286765.0,4.39,-3.29,-0.3,2.26
2013-02-05,000030,8.74,8.83,8.88,8.63,22578,19841561.0,2.84,0.23,0.02,1.24
2013-02-06,000030,8.87,9.09,9.19,8.77,32646,29406312.0,4.76,2.94,0.26,1.8
2013-02-07,000030,9.18,9.08,9.19,9.04,22714,20674286.0,1.65,-0.11,-0.01,1.25
2013-02-08,000030,9.16,8.89,9.22,8.88,31136,28129880.0,3.74,-2.09,-0.19,1.71
2013-02-18,000030,8.95,9.0,9.13,8.9,27263,24570215.0,2.59,1.24,0.11,1.5
2013-02-19,000030,9.07,9.1,9.24,9.03,31808,29017032.0,2.33,1.11,0.1,1.75
2013-02-20,000030,9.09,9.06,9.14,8.99,20865,18897510.0,1.65,-0.44,-0.04,1.15
2013-02-21,000030,9.06,8.93,9.06,8.84,19264,17201962.0,2.43,-1.43,-0.13,1.06
2013-02-22,000030,8.94,9.1,9.1,8.91,22311,20173117.0,2.13,1.9,0.17,1.23
2013-02-25,000030,9.23,9.56,9.56,9.15,50393,47223482.0,4.51,5.05,0.46,2.77
2013-02-26,000030,9.6,9.38,9.64,9.29,38636,36306200.0,3.66,-1.88,-0.18,2.13
2013-02-27,000030,9.31,9.39,9.48,9.28,20883,19524189.0,2.13,0.11,0.01,1.15
2013-02-28,000030,9.32,9.42,9.7,9.3,40771,38433177.0,4.26,0.32,0.03,2.24
2013-03-01,000030,9.49,9.36,9.49,9.16,30699,28574997.0,3.5,-0.64,-0.06,1.69
2013-03-04,000030,9.3,9.07,9.32,8.96,28011,25521370.0,3.85,-3.1,-0.29,1.54
2013-03-05,000030,9.04,9.13,9.21,9.0,20021,18266901.0,2.32,0.66,0.06,1.1
2013-03-06,000030,9.48,9.19,9.48,9.14,41958,39099174.0,3.72,0.66,0.06,2.31
2013-03-07,000030,9.17,9.08,9.24,9.05,27609,25224664.0,2.07,-1.2,-0.11,1.52
2013-03-08,000030,9.1,9.09,9.26,9.02,23709,21624137.0,2.64,0.11,0.01,1.3
2013-03-11,000030,9.03,9.07,9.14,9.02,16640,15086168.0,1.32,-0.22,-0.02,0.92
2013-03-12,000030,9.03,8.86,9.11,8.7,25508,22764037.0,4.52,-2.32,-0.21,1.4
2013-03-13,000030,9.01,9.27,9.3,9.0,47509,43899467.0,3.39,4.63,0.41,2.61
2013-03-14,000030,9.14,8.98,9.22,8.98,29234,26580167.0,2.59,-3.13,-0.29,1.61
2013-03-15,000030,8.99,8.87,9.02,8.73,25266,22412887.0,3.23,-1.22,-0.11,1.39
2013-03-18,000030,8.95,8.61,8.95,8.6,18884,16447955.0,3.95,-2.93,-0.26,1.04
2013-03-19,000030,8.61,8.54,8.66,8.31,20723,17584484.0,4.07,-0.81,-0.07,1.14
2013-03-20,000030,8.75,8.83,8.93,8.58,23123,20375413.0,4.1,3.4,0.29,1.25
2013-03-21,000030,8.85,8.81,8.9,8.73,16964,14937904.0,1.93,-0.23,-0.02,0.92
2013-03-22,000030,8.82,9.12,9.15,8.77,23937,21533660.0,4.31,3.52,0.31,1.29
2013-03-25,000030,9.19,9.15,9.3,9.02,22901,20920289.0,3.07,0.33,0.03,1.24
2013-03-26,000030,9.05,8.93,9.14,8.8,16452,14722067.0,3.72,-2.4,-0.22,0.89
2013-03-27,000030,8.88,8.82,9.03,8.78,11833,10519535.0,2.8,-1.23,-0.11,0.64
2013-03-28,000030,8.88,8.38,8.88,8.38,20833,17817488.0,5.67,-4.99,-0.44,1.13
2013-03-29,000030,8.38,8.48,8.5,8.36,16823,14176809.0,1.67,1.19,0.1,0.91
2013-04-01,000030,8.37,8.36,8.53,8.35,11550,9738996.0,2.12,-1.42,-0.12,0.62
2013-04-02,000030,8.42,8.38,8.45,8.1,26420,21840736.0,4.19,0.24,0.02,1.43
2013-04-03,000030,8.39,8.15,8.46,8.11,13958,11473231.0,4.18,-2.74,-0.23,0.75
2013-04-08,000030,8.0,7.85,8.01,7.74,22380,17500390.0,3.31,-3.68,-0.3,1.21
2013-04-09,000030,7.86,8.24,8.24,7.85,32149,26155217.0,4.97,4.97,0.39,1.74
2013-04-10,000030,8.13,8.1,8.27,8.1,16920,13817650.0,2.06,-1.7,-0.14,0.91
2013-04-11,000030,8.15,8.14,8.28,8.09,10270,8411790.0,2.35,0.49,0.04,0.56
2013-04-12,000030,8.23,8.25,8.38,8.19,14833,12311611.0,2.33,1.35,0.11,0.8
2013-04-15,000030,8.28,8.26,8.45,8.08,18854,15605782.0,4.48,0.12,0.01,1.02
2013-04-16,000030,8.23,8.16,8.26,8.1,11911,9750784.0,1.94,-1.21,-0.1,0.64
2013-04-17,000030,8.24,8.29,8.29,8.1,11352,9320885.0,2.33,1.59,0.13,0.61
2013-04-18,000030,8.28,8.36,8.43,8.2,13830,11553687.0,2.77,0.84,0.07,0.75
2013-04-19,000030,8.6,8.78,8.78,8.6,48097,42177437.0,2.15,5.02,0.42,2.6
2013-04-22,000030,8.8,8.67,8.86,8.63,47301,41293933.0,2.62,-1.25,-0.11,2.56
2013-04-24,000030,8.8,8.8,9.49,8.65,137115,123396478.0,9.69,1.5,0.13,7.41
2013-04-25,000030,8.5,8.12,8.67,8.11,77658,64841124.0,6.36,-7.73,-0.68,4.2
2013-04-26,000030,8.12,7.88,8.35,7.86,42500,34282458.0,6.03,-2.96,-0.24,2.3
2013-05-02,000030,7.88,7.43,7.96,7.23,41835,31865158.0,9.26,-5.71,-0.45,2.26
2013-05-03,000030,7.42,7.43,7.66,7.38,39099,29392031.0,3.77,0.0,0.0,2.11
2013-05-06,000030,7.49,7.64,7.65,7.44,30175,22856157.0,2.83,2.83,0.21,1.63
2013-05-07,000030,7.64,7.71,7.99,7.56,65331,50723430.0,5.63,0.92,0.07,3.53
2013-05-08,000030,7.73,7.75,7.97,7.68,86694,67615112.0,3.76,0.52,0.04,4.69
2013-05-09,000030,7.73,7.54,7.75,7.5,53578,40702003.0,3.23,-2.71,-0.21,2.9
2013-05-10,000030,7.56,8.29,8.29,7.56,110418,89276144.0,9.68,9.95,0.75,5.97
2013-05-13,000030,8.29,8.07,8.5,8.05,111704,92181033.0,5.43,-2.65,-0.22,6.04
2013-05-14,000030,8.05,7.91,8.06,7.77,50700,39991839.0,3.59,-1.98,-0.16,2.74
2013-05-15,000030,7.98,7.9,7.99,7.82,30593,24202161.0,2.15,-0.13,-0.01,1.65
2013-05-16,000030,7.9,7.94,8.06,7.89,45621,36449651.0,2.15,0.51,0.04,2.47
2013-05-17,000030,7.93,7.97,8.03,7.81,49603,39297782.0,2.77,0.38,0.03,2.68
2013-05-20,000030,7.98,7.98,8.06,7.85,50291,40111742.0,2.63,0.13,0.01,2.72
2013-05-21,000030,8.01,8.15,8.24,7.97,61092,49527314.0,3.38,2.13,0.17,3.3
2013-05-22,000030,8.15,8.16,8.28,8.09,46938,38404851.0,2.33,0.12,0.01,2.54
2013-05-23,000030,8.15,7.98,8.15,7.97,47994,38589520.0,2.21,-2.21,-0.18,2.59
2013-05-24,000030,8.0,7.99,8.1,7.9,31083,24770146.0,2.51,0.13,0.01,1.68
2013-05-27,000030,8.05,8.08,8.16,8.0,34426,27815148.0,2.0,1.13,0.09,1.86
2013-05-28,000030,8.14,8.13,8.14,8.0,35933,29039749.0,1.73,0.62,0.05,1.94
2013-05-29,000030,8.16,8.26,8.35,8.0,62053,50837621.0,4.31,1.6,0.13,3.35
2013-05-30,000030,8.19,8.08,8.23,8.0,48476,39250405.0,2.78,-2.18,-0.18,2.62
2013-05-31,000030,8.07,7.95,8.18,7.94,40001,32333149.0,2.97,-1.61,-0.13,2.16
2013-06-03,000030,7.98,7.87,8.07,7.83,36896,29168671.0,3.02,-1.01,-0.08,1.99
2013-06-04,000030,7.85,7.61,7.88,7.5,42206,32283883.0,4.83,-3.3,-0.26,2.28
2013-06-05,000030,7.64,7.5,7.7,7.48,49265,37220971.0,2.89,-1.45,-0.11,2.66
2013-06-06,000030,7.5,7.44,7.57,7.4,36290,27198007.0,2.27,-0.8,-0.06,1.96
2013-06-07,000030,7.47,7.65,7.67,7.37,40999,30836466.0,4.03,2.82,0.21,2.22
2013-06-13,000030,7.53,7.34,7.58,7.22,31662,23240305.0,4.71,-4.05,-0.31,1.71
2013-06-14,000030,7.34,7.34,7.41,7.31,22954,16872356.0,1.36,0.0,0.0,1.24
2013-06-17,000030,7.33,7.28,7.39,7.24,23887,17473706.0,2.04,-0.82,-0.06,1.29
2013-06-18,000030,7.28,7.1,7.34,7.07,35087,25140357.0,3.71,-2.47,-0.18,1.9
2013-06-19,000030,7.06,7.02,7.1,6.87,31708,22066905.0,3.24,-1.13,-0.08,1.71
2013-06-20,000030,7.01,6.8,7.01,6.8,23810,16447939.0,2.99,-3.13,-0.22,1.29
2013-06-21,000030,6.59,6.57,6.65,6.31,23508,15325580.0,5.0,-3.38,-0.23,1.27
2013-06-24,000030,6.62,5.91,6.62,5.91,38153,23434358.0,10.81,-10.05,-0.66,2.06
2013-06-25,000030,5.88,5.7,5.88,5.32,50875,28369160.0,9.48,-3.55,-0.21,2.75
2013-06-26,000030,5.67,5.82,5.85,5.67,32820,18911735.0,3.16,2.11,0.12,1.77
2013-06-27,000030,5.81,5.64,5.92,5.64,29681,17210057.0,4.81,-3.09,-0.18,1.6
2013-06-28,000030,5.58,5.57,5.75,5.45,21318,11926611.0,5.32,-1.24,-0.07,1.15
2013-07-01,000030,5.59,6.13,6.13,5.57,36216,21701872.0,10.05,10.05,0.56,1.96
2013-07-02,000030,6.4,6.24,6.4,6.15,73213,45849706.0,4.08,1.79,0.11,3.96
2013-07-03,000030,6.2,6.08,6.23,5.95,39559,23981848.0,4.49,-2.56,-0.16,2.14
2013-07-04,000030,6.04,6.08,6.15,5.9,37742,22751895.0,4.11,0.0,0.0,2.04
2013-07-05,000030,6.08,6.14,6.38,6.0,38537,23997440.0,6.25,0.99,0.06,2.08
2013-07-08,000030,6.0,5.74,6.06,5.73,28156,16559247.0,5.37,-6.51,-0.4,1.52
2013-07-09,000030,5.7,5.82,5.88,5.7,17194,9967083.0,3.14,1.39,0.08,0.93
2013-07-10,000030,5.77,6.06,6.07,5.77,19828,11784138.0,5.15,4.12,0.24,1.07
2013-07-11,000030,6.1,6.3,6.48,6.08,47753,29818649.0,6.6,3.96,0.24,2.58
2013-07-12,000030,6.62,6.46,6.87,6.36,85071,56057307.0,8.1,2.54,0.16,4.6
2013-07-15,000030,6.39,6.52,6.58,6.39,43505,28349128.0,2.94,0.93,0.06,2.35
2013-07-16,000030,6.48,6.56,6.58,6.4,38862,25312389.0,2.76,0.61,0.04,2.1
2013-07-17,000030,6.6,6.67,6.97,6.59,63789,43308445.0,5.79,1.68,0.11,3.45
2013-07-18,000030,6.63,6.4,6.63,6.35,47338,30505182.0,4.2,-4.05,-0.27,2.56
2013-07-19,000030,6.37,6.1,6.44,6.09,32560,20365243.0,5.47,-4.69,-0.3,1.76
2013-07-22,000030,6.0,6.17,6.18,5.98,18041,10997067.0,3.28,1.15,0.07,0.98
2013-07-23,000030,6.18,6.3,6.32,6.18,28786,18065555.0,2.27,2.11,0.13,1.56
2013-07-24,000030,6.3,6.18,6.32,6.1,47979,29606526.0,3.49,-1.9,-0.12,2.59
2013-07-25,000030,6.2,6.08,6.25,6.08,29212,17904112.0,2.75,-1.62,-0.1,1.58
2013-07-26,000030,6.09,6.11,6.13,6.0,19226,11641803.0,2.14,0.49,0.03,1.04
2013-07-29,000030,6.06,5.86,6.08,5.86,23738,14135933.0,3.6,-4.09,-0.25,1.28
2013-07-30,000030,5.93,5.92,5.99,5.86,17095,10128393.0,2.22,1.02,0.06,0.92
2013-07-31,000030,5.94,5.88,6.03,5.85,22267,13220253.0,3.04,-0.68,-0.04,1.2
2013-08-01,000030,5.92,6.02,6.05,5.9,42154,25252739.0,2.55,2.38,0.14,2.28
2013-08-02,000030,6.03,6.08,6.14,5.99,40010,24308689.0,2.49,1.0,0.06,2.16
2013-08-05,000030,6.07,6.2,6.21,6.05,33617,20648690.0,2.63,1.97,0.12,1.82
2013-08-06,000030,6.2,6.29,6.32,6.15,37200,23173001.0,2.74,1.45,0.09,2.01
2013-08-07,000030,6.26,6.2,6.35,6.16,39843,24809877.0,3.02,-1.43,-0.09,2.15
2013-08-08,000030,6.15,6.18,6.26,6.15,24521,15201498.0,1.77,-0.32,-0.02,1.33
2013-08-09,000030,6.2,6.58,6.7,6.19,100111,64264630.0,8.25,6.47,0.4,5.41
2013-08-12,000030,6.59,6.81,6.95,6.52,132610,89680880.0,6.53,3.5,0.23,7.17
2013-08-13,000030,6.71,6.84,6.95,6.62,99178,67479555.0,4.85,0.44,0.03,5.36
2013-08-14,000030,6.75,6.83,6.99,6.7,92725,63613045.0,4.24,-0.15,-0.01,5.01
2013-08-15,000030,6.83,6.56,6.83,6.54,59759,39819157.0,4.25,-3.95,-0.27,3.23
2013-08-16,000030,6.5,6.55,6.79,6.5,46825,31085936.0,4.42,-0.15,-0.01,2.53
2013-08-19,000030,6.53,6.59,6.64,6.39,32302,21055086.0,3.82,0.61,0.04,1.75
2013-08-20,000030,6.63,6.6,6.78,6.56,31571,21069474.0,3.34,0.15,0.01,1.71
2013-08-21,000030,6.59,6.51,6.6,6.45,29720,19341725.0,2.27,-1.36,-0.09,1.61
2013-08-22,000030,6.48,6.44,6.58,6.41,26343,17107678.0,2.61,-1.08,-0.07,1.42
2013-08-23,000030,6.5,6.35,6.52,6.21,30908,19708447.0,4.81,-1.4,-0.09,1.67
2013-08-26,000030,6.41,6.49,6.5,6.37,26250,16922619.0,2.05,2.2,0.14,1.42
2013-08-27,000030,6.55,6.68,6.71,6.49,52026,34221040.0,3.39,2.93,0.19,2.81
2013-08-28,000030,6.67,6.67,6.86,6.62,65708,44133655.0,3.59,-0.15,-0.01,3.55
2013-08-29,000030,6.67,6.52,6.69,6.4,39585,25769858.0,4.35,-2.25,-0.15,2.14
2013-08-30,000030,6.5,6.38,6.57,6.35,37702,24419705.0,3.37,-2.15,-0.14,2.04
2013-09-02,000030,6.35,6.7,6.73,6.35,49261,32320590.0,5.96,5.02,0.32,2.66
2013-09-03,000030,6.7,6.69,6.79,6.6,42416,28299132.0,2.84,-0.15,-0.01,2.29
2013-09-04,000030,6.69,6.59,6.74,6.57,31099,20665105.0,2.54,-1.49,-0.1,1.68
2013-09-05,000030,6.57,6.6,6.65,6.48,27713,18212561.0,2.58,0.15,0.01,1.5
2013-09-06,000030,6.6,6.82,6.82,6.6,71204,48162722.0,3.33,3.33,0.22,3.85
2013-09-09,000030,6.84,7.05,7.16,6.75,89504,62240046.0,6.01,3.37,0.23,4.84
2013-09-10,000030,7.02,7.37,7.44,6.96,188527,136679123.0,6.81,4.54,0.32,10.19
2013-09-11,000030,7.18,7.19,7.36,7.06,97481,70034150.0,4.07,-2.44,-0.18,5.27
2013-09-12,000030,7.16,7.02,7.25,7.02,50247,35664548.0,3.2,-2.36,-0.17,2.72
2013-09-13,000030,6.99,7.14,7.15,6.93,51071,36180800.0,3.13,1.71,0.12,2.76
2013-09-16,000030,7.18,7.05,7.31,6.98,68674,49366483.0,4.62,-1.26,-0.09,3.71
2013-09-17,000030,7.03,6.71,7.03,6.68,54073,36985709.0,4.96,-4.82,-0.34,2.92
2013-09-18,000030,6.71,6.83,6.84,6.66,29910,20168466.0,2.68,1.79,0.12,1.62
2013-09-23,000030,6.79,7.04,7.13,6.79,52173,36395794.0,4.98,3.07,0.21,2.82
2013-09-24,000030,7.0,6.87,7.0,6.79,43304,29846977.0,2.98,-2.41,-0.17,2.34
2013-09-25,000030,6.87,6.73,6.93,6.7,34882,23765189.0,3.35,-2.04,-0.14,1.89
2013-09-26,000030,6.7,6.56,6.73,6.55,33737,22343960.0,2.67,-2.53,-0.17,1.82
2013-09-27,000030,6.52,6.6,6.71,6.52,26988,17867288.0,2.9,0.61,0.04,1.46
2013-09-30,000030,6.64,6.66,6.66,6.52,24122,15849060.0,2.12,0.91,0.06,1.3
2013-10-08,000030,6.64,6.72,6.73,6.59,28747,19210757.0,2.1,0.9,0.06,1.55
2013-10-09,000030,6.69,6.75,6.75,6.65,27815,18627103.0,1.49,0.45,0.03,1.5
2013-10-10,000030,6.75,6.87,6.92,6.7,55697,37993337.0,3.26,1.78,0.12,3.01
2013-10-11,000030,6.85,6.9,6.94,6.78,48725,33433545.0,2.33,0.44,0.03,2.63
2013-10-14,000030,6.89,6.95,7.05,6.86,65323,45413484.0,2.75,0.72,0.05,3.53
2013-10-15,000030,6.98,6.88,6.98,6.8,54032,37075496.0,2.59,-1.01,-0.07,2.92
2013-10-16,000030,6.9,6.67,6.9,6.65,40612,27392962.0,3.63,-3.05,-0.21,2.2
2013-10-17,000030,6.67,6.68,6.74,6.65,26880,17968417.0,1.35,0.15,0.01,1.45
2013-10-18,000030,6.69,6.65,6.7,6.6,31119,20665994.0,1.5,-0.45,-0.03,1.68
2013-10-21,000030,6.65,6.74,6.75,6.61,41480,27735326.0,2.11,1.35,0.09,2.24
2013-10-22,000030,6.72,6.72,6.83,6.71,39352,26597363.0,1.78,-0.3,-0.02,2.13
2013-10-23,000030,6.76,6.79,6.84,6.62,48171,32541349.0,3.27,1.04,0.07,2.6
2013-10-24,000030,6.76,6.64,6.8,6.62,35424,23779008.0,2.65,-2.21,-0.15,1.92
2013-10-25,000030,6.63,6.28,6.69,6.26,45813,29550278.0,6.48,-5.42,-0.36,2.48
2013-10-28,000030,6.28,6.17,6.3,6.13,26084,16143099.0,2.71,-1.75,-0.11,1.41
2013-10-29,000030,6.21,5.92,6.26,5.76,33711,20162568.0,8.1,-4.05,-0.25,1.82
2013-10-30,000030,5.91,6.14,6.16,5.87,32775,19818023.0,4.9,3.72,0.22,1.77
2013-10-31,000030,6.13,6.01,6.14,6.0,27824,16835512.0,2.28,-2.12,-0.13,1.5
2013-11-01,000030,6.02,6.03,6.06,5.93,17557,10558294.0,2.16,0.33,0.02,0.95
2013-11-04,000030,6.01,6.08,6.11,6.01,12840,7787172.0,1.66,0.83,0.05,0.69
2013-11-05,000030,6.09,6.05,6.09,5.91,24708,14849115.0,2.96,-0.49,-0.03,1.34
2013-11-06,000030,6.02,6.2,6.25,6.0,46315,28394346.0,4.13,2.48,0.15,2.5
2013-11-07,000030,6.12,6.2,6.23,6.1,39312,24247266.0,2.1,0.0,0.0,2.13
2013-11-08,000030,6.19,6.12,6.28,6.1,53224,33065906.0,2.9,-1.29,-0.08,2.88
2013-11-11,000030,6.09,5.94,6.09,5.82,25809,15335722.0,4.41,-2.94,-0.18,1.4
2013-11-12,000030,5.93,6.12,6.12,5.9,30816,18475690.0,3.7,3.03,0.18,1.67
2013-11-13,000030,6.09,6.25,6.5,6.05,111667,70080551.0,7.35,2.12,0.13,6.04
2013-11-14,000030,6.16,6.2,6.27,6.06,60703,37482399.0,3.36,-0.8,-0.05,3.28
2013-11-15,000030,6.2,6.23,6.32,6.15,46547,29086999.0,2.74,0.48,0.03,2.52
2013-11-18,000030,6.24,6.33,6.35,6.2,43970,27664447.0,2.41,1.61,0.1,2.38
2013-11-19,000030,6.33,6.36,6.37,6.27,40188,25368631.0,1.58,0.47,0.03,2.17
2013-11-20,000030,6.33,6.35,6.36,6.28,28191,17817608.0,1.26,-0.16,-0.01,1.52
2013-11-21,000030,6.32,6.22,6.32,6.18,40849,25448355.0,2.2,-2.05,-0.13,2.21
2013-11-22,000030,6.22,6.13,6.23,6.13,26703,16488869.0,1.61,-1.45,-0.09,1.44
2013-11-25,000030,6.12,6.16,6.17,6.07,31466,19276586.0,1.63,0.49,0.03,1.7
2013-11-26,000030,6.15,6.15,6.18,6.12,17113,10529313.0,0.97,-0.16,-0.01,0.93
2013-11-27,000030,6.12,6.21,6.21,6.12,20666,12763194.0,1.46,0.98,0.06,1.12
2013-11-28,000030,6.22,6.3,6.33,6.19,37602,23621710.0,2.25,1.45,0.09,2.03
2013-11-29,000030,6.35,6.28,6.35,6.25,23541,14801807.0,1.59,-0.32,-0.02,1.27
2013-12-02,000030,6.05,5.9,6.2,5.88,39561,23756303.0,5.1,-6.05,-0.38,2.14
2013-12-03,000030,5.85,6.07,6.07,5.84,19525,11701786.0,3.9,2.88,0.17,1.06
2013-12-04,000030,6.05,6.15,6.16,6.0,29029,17798025.0,2.64,1.32,0.08,1.57
2013-12-05,000030,6.16,6.22,6.27,6.13,30854,19131858.0,2.28,1.14,0.07,1.67
2013-12-06,000030,6.22,6.16,6.28,6.11,23078,14292519.0,2.73,-0.96,-0.06,1.25
2013-12-09,000030,6.16,6.2,6.22,6.15,23761,14698376.0,1.14,0.65,0.04,1.28
2013-12-10,000030,6.2,6.28,6.33,6.17,35432,22165010.0,2.58,1.29,0.08,1.92
2013-12-11,000030,6.27,6.18,6.27,6.15,20454,12669984.0,1.91,-1.59,-0.1,1.11
2013-12-12,000030,6.18,6.25,6.27,6.14,24259,15101210.0,2.1,1.13,0.07,1.31
2013-12-13,000030,6.2,6.61,6.88,6.18,146940,97077740.0,11.2,5.76,0.36,7.94
2013-12-16,000030,6.56,6.61,6.73,6.5,101375,66952334.0,3.48,0.0,0.0,5.48
2013-12-17,000030,6.55,6.76,6.83,6.45,109737,72784029.0,5.75,2.27,0.15,5.93
2013-12-18,000030,6.7,6.68,6.85,6.66,123259,83293678.0,2.81,-1.18,-0.08,6.66
2013-12-19,000030,6.65,6.39,6.67,6.36,70678,46099864.0,4.64,-4.34,-0.29,3.82
2013-12-20,000030,6.36,6.23,6.41,6.2,43124,27119700.0,3.29,-2.5,-0.16,2.33
2013-12-23,000030,6.17,6.22,6.25,5.98,34098,20912035.0,4.33,-0.16,-0.01,1.84
2013-12-24,000030,6.22,6.16,6.3,6.04,41252,25485804.0,4.18,-0.96,-0.06,2.23
2013-12-25,000030,6.11,6.14,6.15,6.05,33246,20259095.0,1.62,-0.32,-0.02,1.8
2013-12-26,000030,6.11,6.03,6.12,6.0,25812,15602112.0,1.95,-1.79,-0.11,1.4
2013-12-27,000030,5.98,6.09,6.12,5.9,23596,14246777.0,3.65,1.0,0.06,1.28
2013-12-30,000030,6.09,6.11,6.16,6.08,21490,13153763.0,1.31,0.33,0.02,1.16
2013-12-31,000030,6.11,6.08,6.11,6.0,29680,17978449.0,1.8,-0.49,-0.03,1.6
2014-01-02,000030,6.05,6.14,6.24,5.98,56094,34060769.0,4.28,0.99,0.06,3.03
2014-01-03,000030,6.09,6.01,6.09,5.96,39847,23983613.0,2.12,-2.12,-0.13,2.15
2014-01-06,000030,6.0,5.74,6.0,5.71,35711,20840854.0,4.83,-4.49,-0.27,1.93
2014-01-07,000030,5.7,5.74,5.78,5.64,19027,10888819.0,2.44,0.0,0.0,1.03
2014-01-08,000030,5.77,5.72,5.84,5.7,18654,10731161.0,2.44,-0.35,-0.02,1.01
2014-01-09,000030,5.7,5.52,5.76,5.51,22238,12589864.0,4.37,-3.5,-0.2,1.2
2014-01-10,000030,5.49,5.49,5.54,5.44,18620,10197203.0,1.81,-0.54,-0.03,1.01
2014-01-13,000030,5.49,5.53,5.58,5.48,11268,6227313.0,1.82,0.73,0.04,0.61
2014-01-14,000030,5.52,5.67,5.68,5.52,19635,11063536.0,2.89,2.53,0.14,1.06
2014-01-15,000030,5.68,5.65,5.69,5.61,14498,8195702.0,1.41,-0.35,-0.02,0.78
2014-01-16,000030,5.65,5.65,5.72,5.63,10199,5782810.0,1.59,0.0,0.0,0.55
2014-01-17,000030,5.65,5.64,5.69,5.58,13208,7440186.0,1.95,-0.18,-0.01,0.71
2014-01-20,000030,5.62,5.52,5.62,5.49,16196,8958861.0,2.3,-2.13,-0.12,0.88
2014-01-21,000030,5.58,5.69,5.72,5.58,16605,9412913.0,2.54,3.08,0.17,0.9
2014-01-22,000030,5.73,5.79,5.81,5.64,24637,14174492.0,2.99,1.76,0.1,1.33
2014-01-23,000030,5.8,5.8,5.87,5.78,19005,11075539.0,1.55,0.17,0.01,1.03
2014-01-24,000030,5.84,5.87,5.88,5.76,22365,13084268.0,2.07,1.21,0.07,1.21
2014-01-27,000030,5.85,5.87,5.88,5.8,18897,11048886.0,1.36,0.0,0.0,1.02
2014-01-28,000030,5.85,5.86,5.91,5.82,15298,8956935.0,1.53,-0.17,-0.01,0.83
2014-01-29,000030,5.86,5.97,6.04,5.81,30323,18008153.0,3.92,1.88,0.11,1.64
2014-01-30,000030,5.92,5.87,5.95,5.8,18629,10919804.0,2.51,-1.68,-0.1,1.01
2014-02-07,000030,5.83,5.95,5.95,5.78,16698,9835698.0,2.9,1.36,0.08,0.9
2014-02-10,000030,5.96,6.26,6.27,5.96,63060,39101227.0,5.21,5.21,0.31,3.41
2014-02-11,000030,6.28,6.17,6.39,6.16,80437,50269958.0,3.67,-1.44,-0.09,4.35
2014-02-12,000030,6.18,6.79,6.79,6.15,159117,106586857.0,10.37,10.05,0.62,8.6
2014-02-13,000030,6.8,6.75,7.07,6.7,263029,181671934.0,5.45,-0.59,-0.04,14.22
2014-02-14,000030,6.73,6.83,6.84,6.57,118130,79153811.0,4.0,1.19,0.08,6.39
2014-02-17,000030,6.82,6.84,6.91,6.72,83726,57016313.0,2.78,0.15,0.01,4.53
2014-02-18,000030,6.83,6.86,7.03,6.77,101250,69685085.0,3.8,0.29,0.02,5.47
2014-02-19,000030,6.82,6.7,6.85,6.61,80030,53824757.0,3.5,-2.33,-0.16,4.33
2014-02-20,000030,6.68,6.93,7.2,6.65,139614,96608686.0,8.21,3.43,0.23,7.55
2014-02-21,000030,6.9,6.76,6.93,6.69,63158,42930514.0,3.46,-2.45,-0.17,3.41
2014-02-24,000030,6.74,6.93,7.0,6.45,69016,45926137.0,8.14,2.51,0.17,3.73
2014-02-25,000030,6.89,6.72,7.09,6.58,76002,52260054.0,7.36,-3.03,-0.21,4.11
2014-02-26,000030,6.65,7.37,7.38,6.65,239898,171113569.0,10.86,9.67,0.65,12.97
2014-02-27,000030,7.42,7.35,7.97,7.29,244558,185255538.0,9.23,-0.27,-0.02,13.22
2014-02-28,000030,7.21,7.37,7.49,7.09,122333,89887131.0,5.44,0.27,0.02,6.61
2014-03-03,000030,7.38,7.81,7.95,7.27,173545,133320448.0,9.23,5.97,0.44,9.38
2014-03-04,000030,7.68,7.67,7.81,7.58,100327,77213754.0,2.94,-1.79,-0.14,5.42
2014-03-05,000030,7.69,7.55,7.7,7.36,115724,87090362.0,4.43,-1.56,-0.12,6.26
2014-03-06,000030,7.5,7.32,7.55,7.25,77747,57179042.0,3.97,-3.05,-0.23,4.2
2014-03-07,000030,7.34,7.37,7.48,7.27,49593,36553778.0,2.87,0.68,0.05,2.68
2014-03-10,000030,7.33,6.8,7.33,6.77,74409,51895660.0,7.6,-7.73,-0.57,4.02
2014-03-11,000030,6.78,6.83,6.91,6.67,38787,26349099.0,3.53,0.44,0.03,2.1
2014-03-12,000030,6.83,6.68,6.86,6.53,46266,31018108.0,4.83,-2.2,-0.15,2.5
2014-03-13,000030,6.72,6.73,6.8,6.64,36775,24644418.0,2.4,0.75,0.05,1.99
2014-03-14,000030,6.68,6.68,6.84,6.6,41723,27944361.0,3.57,-0.74,-0.05,2.26
2014-03-17,000030,6.69,6.77,6.83,6.69,53297,36001065.0,2.1,1.35,0.09,2.88
2014-03-18,000030,6.78,6.83,6.93,6.7,52112,35574749.0,3.4,0.89,0.06,2.82
2014-03-19,000030,6.81,6.72,6.81,6.64,30882,20689861.0,2.49,-1.61,-0.11,1.67
2014-03-20,000030,6.69,6.48,6.73,6.46,41322,27326667.0,4.02,-3.57,-0.24,2.23
2014-03-21,000030,6.45,6.81,6.82,6.43,53114,35455679.0,6.02,5.09,0.33,2.87
2014-03-24,000030,6.78,6.97,6.98,6.78,62091,42900133.0,2.94,2.35,0.16,3.36
2014-03-25,000030,7.03,7.04,7.04,6.9,46169,32233425.0,2.01,1.0,0.07,2.5
2014-03-26,000030,6.99,6.94,7.06,6.92,45536,31790656.0,1.99,-1.42,-0.1,2.46
2014-03-27,000030,6.89,6.93,7.05,6.89,46314,32273524.0,2.31,-0.14,-0.01,0.91
2014-03-28,000030,6.94,6.9,7.3,6.88,62942,44662998.0,6.06,-0.43,-0.03,1.23
2014-03-31,000030,6.81,6.68,6.89,6.56,40899,27406107.0,4.78,-3.19,-0.22,0.8
2014-04-01,000030,6.69,6.7,6.8,6.58,38784,25879159.0,3.29,0.3,0.02,0.76
2014-04-02,000030,6.88,6.82,6.99,6.78,38818,26661864.0,3.13,1.79,0.12,0.76
2014-04-03,000030,6.75,6.73,6.85,6.65,24709,16628224.0,2.93,-1.32,-0.09,0.48
2014-04-04,000030,6.7,6.78,6.92,6.61,28106,19121643.0,4.61,0.74,0.05,0.55
2014-04-08,000030,6.7,7.12,7.15,6.65,77089,53197169.0,7.37,5.01,0.34,1.51
2014-04-09,000030,7.1,7.12,7.19,7.01,70645,49901169.0,2.53,0.0,0.0,1.39
2014-04-10,000030,7.11,7.11,7.14,7.03,40484,28699909.0,1.54,-0.14,-0.01,0.79
2014-04-11,000030,7.08,7.04,7.11,6.91,43061,30186253.0,2.81,-0.98,-0.07,0.84
2014-04-14,000030,7.04,7.07,7.11,7.0,27580,19430777.0,1.56,0.43,0.03,0.54
2014-04-15,000030,7.06,7.0,7.08,6.97,22822,16018801.0,1.56,-0.99,-0.07,0.45
2014-04-16,000030,6.99,6.92,7.06,6.9,27489,19132512.0,2.29,-1.14,-0.08,0.54
2014-04-17,000030,6.93,6.95,7.01,6.9,17502,12190948.0,1.59,0.43,0.03,0.34
2014-04-18,000030,6.91,6.91,7.01,6.91,18800,13074952.0,1.44,-0.58,-0.04,0.37
2014-04-21,000030,6.91,6.6,6.97,6.59,44913,30184129.0,5.5,-4.49,-0.31,0.88
2014-04-22,000030,6.6,6.58,6.68,6.45,28865,18959693.0,3.48,-0.3,-0.02,0.57
2014-04-23,000030,6.59,6.58,6.62,6.46,21194,13847260.0,2.43,0.0,0.0,0.42
2014-04-24,000030,6.53,6.52,6.6,6.51,17775,11640289.0,1.37,-0.91,-0.06,0.35
2014-04-25,000030,6.56,6.41,6.58,6.35,13845,8988718.0,3.53,-1.69,-0.11,0.27
2014-04-28,000030,6.41,6.26,6.6,6.25,22747,14583528.0,5.46,-2.34,-0.15,0.45
2014-04-29,000030,6.36,6.34,6.37,6.25,13956,8794235.0,1.92,1.28,0.08,0.27
2014-04-30,000030,6.35,6.49,6.55,6.26,17359,11187531.0,4.57,2.37,0.15,0.34
2014-05-05,000030,6.42,6.53,6.56,6.42,11496,7441996.0,2.16,0.62,0.04,0.23
2014-05-06,000030,6.58,6.43,6.58,6.38,26807,17367279.0,3.06,-1.53,-0.1,0.53
2014-05-07,000030,6.41,6.3,6.41,6.25,16215,10279630.0,2.49,-2.02,-0.13,0.32
2014-05-08,000030,6.25,6.29,6.37,6.2,12752,8019734.0,2.7,-0.16,-0.01,0.25
2014-05-09,000030,6.29,6.16,6.34,6.15,15357,9542864.0,3.02,-2.07,-0.13,0.3
2014-05-12,000030,6.15,6.33,6.34,6.1,39736,24764139.0,3.9,2.76,0.17,0.78
2014-05-13,000030,6.29,6.36,6.45,6.29,19923,12675657.0,2.53,0.47,0.03,0.39
2014-05-14,000030,6.39,6.35,6.41,6.3,19761,12555768.0,1.73,-0.16,-0.01,0.39
2014-05-15,000030,6.33,6.14,6.33,6.11,16451,10185059.0,3.46,-3.31,-0.21,0.32
2014-05-16,000030,6.14,6.15,6.15,6.07,9018,5519999.0,1.3,0.16,0.01,0.18
2014-05-19,000030,6.16,6.21,6.23,6.08,14422,8913819.0,2.44,0.98,0.06,0.28
2014-05-20,000030,6.22,6.23,6.31,6.21,11121,6958701.0,1.61,0.32,0.02,0.22
2014-05-21,000030,6.2,6.32,6.35,6.15,15950,10029575.0,3.21,1.44,0.09,0.31
2014-05-22,000030,6.32,6.29,6.36,6.27,11368,7186791.0,1.42,-0.47,-0.03,0.22
2014-05-23,000030,6.29,6.35,6.35,6.24,9831,6197403.0,1.75,0.95,0.06,0.19
2014-05-26,000030,6.38,6.42,6.52,6.35,17505,11240249.0,2.68,1.1,0.07,0.34
2014-05-27,000030,6.39,6.33,6.43,6.31,14901,9494089.0,1.87,-1.4,-0.09,0.29
2014-05-28,000030,6.33,6.42,6.43,6.3,17800,11369958.0,2.05,1.42,0.09,0.35
2014-05-29,000030,6.42,6.37,6.42,6.29,17474,11102398.0,2.02,-0.78,-0.05,0.34
2014-05-30,000030,6.33,6.32,6.4,6.29,7907,5005765.0,1.73,-0.78,-0.05,0.16
2014-06-03,000030,6.3,6.31,6.37,6.3,12847,8134621.0,1.11,-0.16,-0.01,0.25
2014-06-04,000030,6.29,6.23,6.31,6.2,9561,5976557.0,1.74,-1.27,-0.08,0.19
2014-06-05,000030,6.26,6.36,6.38,6.21,18877,11823972.0,2.73,2.09,0.13,0.37
2014-06-06,000030,6.3,6.28,6.34,6.24,10756,6758812.0,1.57,-1.26,-0.08,0.21
2014-06-09,000030,6.28,6.17,6.36,6.17,18244,11447343.0,3.03,-1.75,-0.11,0.36
2014-06-10,000030,6.3,6.29,6.3,6.17,18125,11336167.0,2.11,1.94,0.12,0.36
2014-06-11,000030,6.24,6.24,6.28,6.2,11810,7372432.0,1.27,-0.79,-0.05,0.23
2014-06-12,000030,6.24,6.25,6.27,6.21,10456,6526891.0,0.96,0.16,0.01,0.21
2014-06-13,000030,6.26,6.33,6.38,6.25,19155,12097981.0,2.08,1.28,0.08,0.38
2014-06-16,000030,6.33,6.38,6.45,6.3,26693,17069487.0,2.37,0.79,0.05,0.52
2014-06-17,000030,6.37,6.3,6.42,6.3,17463,11093307.0,1.88,-1.25,-0.08,0.34
2014-06-18,000030,6.31,6.33,6.36,6.28,15181,9590032.0,1.27,0.48,0.03,0.3
2014-06-19,000030,6.35,6.14,6.38,6.12,21463,13421296.0,4.11,-3.0,-0.19,0.42
2014-06-20,000030,6.14,6.18,6.21,6.11,12118,7467199.0,1.63,0.65,0.04,0.24
2014-06-23,000030,6.21,6.25,6.35,6.21,23554,14824265.0,2.27,1.13,0.07,0.46
2014-06-24,000030,6.27,6.29,6.32,6.2,23026,14439734.0,1.92,0.64,0.04,0.45
2014-06-25,000030,6.25,6.26,6.31,6.18,11957,7464663.0,2.07,-0.48,-0.03,0.23
2014-06-26,000030,6.25,6.37,6.38,6.25,20199,12809947.0,2.08,1.76,0.11,0.4
2014-06-27,000030,6.38,6.53,6.57,6.33,36261,23565011.0,3.77,2.51,0.16,0.71
2014-06-30,000030,6.5,6.45,6.56,6.43,31367,20334411.0,1.99,-1.23,-0.08,0.63
2014-07-01,000030,6.45,6.5,6.53,6.4,20306,13160554.0,2.02,0.78,0.05,0.41
2014-07-02,000030,6.51,6.54,6.54,6.46,19099,12428611.0,1.23,0.62,0.04,0.38
2014-07-03,000030,6.61,6.84,7.0,6.56,93634,64002006.0,6.73,4.59,0.3,1.89
2014-07-04,000030,6.99,6.78,7.11,6.71,71983,49511104.0,5.85,-0.88,-0.06,1.45
2014-07-07,000030,6.69,6.61,6.76,6.55,40001,26554492.0,3.1,-2.51,-0.17,0.81
2014-07-08,000030,6.61,6.84,6.84,6.55,38285,25736330.0,4.39,3.48,0.23,0.77
2014-07-09,000030,6.79,6.63,6.82,6.61,35650,23858956.0,3.07,-3.07,-0.21,0.72
2014-07-10,000030,6.6,6.64,6.71,6.6,33233,22102727.0,1.66,0.15,0.01,0.67
2014-07-11,000030,6.61,6.74,6.89,6.56,26566,17900061.0,4.97,1.51,0.1,0.53
2014-07-14,000030,6.75,6.96,7.05,6.75,73325,50767086.0,4.45,3.26,0.22,1.48
2014-07-15,000030,7.0,6.88,7.08,6.86,54861,38025180.0,3.16,-1.15,-0.08,1.1
2014-07-16,000030,6.81,6.81,6.96,6.78,33192,22706598.0,2.62,-1.02,-0.07,0.67
2014-07-17,000030,6.81,6.66,6.81,6.6,30397,20323502.0,3.08,-2.2,-0.15,0.61
2014-07-18,000030,6.62,6.7,6.77,6.55,21160,14196530.0,3.3,0.6,0.04,0.43
2014-07-21,000030,6.68,6.82,6.88,6.66,29017,19672583.0,3.28,1.79,0.12,0.58
2014-07-22,000030,6.83,7.02,7.05,6.77,105198,73324109.0,4.11,2.93,0.2,2.12
2014-07-23,000030,6.96,6.87,6.98,6.84,58221,40193445.0,1.99,-2.14,-0.15,1.17
2014-07-24,000030,6.89,6.86,6.91,6.74,37342,25521540.0,2.47,-0.15,-0.01,0.75
2014-07-25,000030,6.87,6.93,6.94,6.79,32961,22639746.0,2.19,1.02,0.07,0.66
2014-07-28,000030,6.96,6.99,7.01,6.92,60701,42348727.0,1.3,0.87,0.06,1.22
2014-07-29,000030,6.98,6.96,7.03,6.91,70930,49497349.0,1.72,-0.43,-0.03,1.43
2014-07-30,000030,6.89,6.97,7.0,6.89,35583,24711787.0,1.58,0.14,0.01,0.72
2014-07-31,000030,6.95,7.03,7.1,6.94,77578,54472052.0,2.3,0.86,0.06,1.56
2014-08-01,000030,7.03,6.84,7.08,6.82,63137,44010632.0,3.7,-2.7,-0.19,1.27
2014-08-04,000030,6.86,6.95,6.96,6.83,44847,30989352.0,1.9,1.61,0.11,0.9
2014-08-05,000030,6.98,6.98,6.99,6.9,43361,30153057.0,1.29,0.43,0.03,0.87
2014-08-06,000030,6.93,7.01,7.05,6.91,74846,52439465.0,2.01,0.43,0.03,1.51
2014-08-07,000030,7.2,7.08,7.34,7.03,186066,132892346.0,4.42,1.0,0.07,3.75
2014-08-08,000030,7.1,7.06,7.15,7.0,77798,54935767.0,2.12,-0.28,-0.02,1.57
2014-08-11,000030,7.06,7.18,7.2,7.01,104087,74218701.0,2.69,1.7,0.12,2.1
2014-08-12,000030,7.19,7.2,7.29,7.09,102122,73212125.0,2.79,0.28,0.02,2.06
2014-08-13,000030,7.2,7.15,7.24,7.04,85074,60620234.0,2.78,-0.69,-0.05,1.71
2014-08-14,000030,7.11,7.07,7.15,7.06,71674,50926637.0,1.26,-1.12,-0.08,1.44
2014-08-15,000030,7.07,7.12,7.12,7.04,60243,42729023.0,1.13,0.71,0.05,1.21
2014-08-18,000030,7.13,7.14,7.16,7.04,81457,57995177.0,1.69,0.28,0.02,1.64
2014-08-19,000030,7.12,7.17,7.2,7.09,86051,61507303.0,1.54,0.42,0.03,1.73
2014-08-20,000030,7.16,7.58,7.58,7.1,288805,212887392.0,6.69,5.72,0.41,5.81
2014-08-21,000030,7.41,7.39,7.65,7.25,256827,189802349.0,5.28,-2.51,-0.19,5.17
2014-08-22,000030,7.36,7.37,7.45,7.32,103548,76297842.0,1.76,-0.27,-0.02,2.08
2014-08-25,000030,7.37,7.31,7.43,7.25,80262,58756642.0,2.44,-0.81,-0.06,1.62
2014-08-26,000030,7.31,7.07,7.39,7.01,102249,73229858.0,5.2,-3.28,-0.24,2.06
2014-08-27,000030,7.06,7.11,7.26,7.05,59249,42178407.0,2.97,0.57,0.04,1.19
2014-08-28,000030,7.09,6.88,7.12,6.82,85144,59202165.0,4.22,-3.23,-0.23,1.71
2014-08-29,000030,6.9,6.95,6.96,6.85,44493,30754916.0,1.6,1.02,0.07,0.9
2014-09-01,000030,6.95,7.05,7.06,6.95,43694,30687870.0,1.58,1.44,0.1,0.88
2014-09-02,000030,7.08,7.14,7.15,7.03,75622,53739299.0,1.7,1.28,0.09,1.52
2014-09-03,000030,7.18,7.13,7.22,7.09,100611,71955561.0,1.82,-0.14,-0.01,2.03
2014-09-04,000030,7.13,7.28,7.34,7.12,138862,100345129.0,3.09,2.1,0.15,2.8
2014-09-05,000030,7.26,7.41,7.5,7.23,176194,129592070.0,3.71,1.79,0.13,3.55
2014-09-09,000030,7.38,7.44,7.52,7.3,142756,106051719.0,2.97,0.4,0.03,2.87
2014-09-10,000030,7.48,7.63,7.86,7.38,239138,182982932.0,6.45,2.55,0.19,4.81
2014-09-11,000030,7.63,7.55,7.8,7.47,197320,150692257.0,4.33,-1.05,-0.08,3.97
2014-09-12,000030,7.48,7.69,7.7,7.46,140477,106878388.0,3.18,1.85,0.14,2.83
2014-09-15,000030,7.69,7.72,7.84,7.61,167819,129696790.0,2.99,0.39,0.03,3.38
2014-09-16,000030,7.76,7.53,7.84,7.51,286027,220683707.0,4.27,-2.46,-0.19,5.76
2014-09-17,000030,7.5,7.63,7.74,7.5,185990,142140374.0,3.19,1.33,0.1,3.74
2014-09-18,000030,7.59,7.8,7.84,7.52,220354,169612237.0,4.19,2.23,0.17,4.44
2014-09-19,000030,7.77,7.87,7.97,7.71,219996,172997248.0,3.33,0.9,0.07,4.43
2014-09-22,000030,7.8,7.92,8.06,7.64,210244,164934963.0,5.34,0.64,0.05,4.23
2014-09-23,000030,7.83,7.88,8.02,7.78,115289,91057482.0,3.03,-0.51,-0.04,2.06
2014-09-24,000030,7.88,7.86,8.0,7.76,180785,142711732.0,3.05,-0.25,-0.02,3.23
2014-09-25,000030,7.89,7.76,8.07,7.76,138313,109112125.0,3.94,-1.27,-0.1,2.47
2014-09-26,000030,7.76,7.84,7.92,7.6,128909,100244102.0,4.12,1.03,0.08,2.3
2014-09-29,000030,7.84,7.98,8.03,7.82,132588,105081021.0,2.68,1.79,0.14,2.37
2014-09-30,000030,7.96,7.95,8.0,7.89,90779,72089711.0,1.38,-0.38,-0.03,1.62
2014-10-08,000030,7.95,8.2,8.28,7.92,134771,109301221.0,4.53,3.14,0.25,2.4
2014-10-09,000030,8.15,8.25,8.26,8.04,111181,90623863.0,2.68,0.61,0.05,1.98
2014-10-10,000030,8.2,8.08,8.22,8.02,94974,77161192.0,2.42,-2.06,-0.17,1.69
2014-10-13,000030,8.0,8.14,8.15,7.95,78507,63212460.0,2.48,0.74,0.06,1.4
2014-10-14,000030,8.13,8.13,8.16,8.04,59411,48174514.0,1.47,-0.12,-0.01,1.06
2014-10-15,000030,8.13,8.0,8.13,7.92,65135,52227967.0,2.58,-1.6,-0.13,1.16
2014-10-16,000030,7.98,7.73,7.99,7.72,86297,68137097.0,3.38,-3.38,-0.27,1.54
2014-10-17,000030,7.74,7.62,7.78,7.41,80524,61234754.0,4.79,-1.42,-0.11,1.44
2014-10-20,000030,7.61,7.76,7.76,7.61,54716,42129765.0,1.97,1.84,0.14,0.98
2014-10-21,000030,7.77,7.73,7.79,7.64,45658,35275945.0,1.93,-0.39,-0.03,0.81
2014-10-22,000030,7.73,7.55,7.77,7.55,55036,42258531.0,2.85,-2.33,-0.18,0.98
2014-10-23,000030,7.53,7.25,7.59,7.2,97636,71838674.0,5.17,-3.97,-0.3,1.74
2014-10-24,000030,7.28,7.33,7.43,7.28,70693,52037872.0,2.07,1.1,0.08,1.26
2014-10-27,000030,7.32,7.37,7.43,7.24,61694,45318960.0,2.59,0.55,0.04,1.1
2014-10-28,000030,7.38,7.57,7.57,7.38,58422,43806222.0,2.58,2.71,0.2,1.04
2014-10-29,000030,7.6,7.73,7.76,7.57,91383,70235620.0,2.51,2.11,0.16,1.63
2014-10-30,000030,7.72,7.73,7.75,7.62,53782,41474020.0,1.68,0.0,0.0,0.96
2014-10-31,000030,7.74,7.87,7.94,7.68,154365,121145867.0,3.36,1.81,0.14,2.75
2014-11-03,000030,7.87,7.96,8.05,7.83,154576,123233063.0,2.8,1.14,0.09,2.76
2014-11-04,000030,7.94,7.87,8.08,7.84,159715,127335154.0,3.02,-1.13,-0.09,2.85
2014-11-05,000030,7.88,7.9,7.98,7.74,116979,92108460.0,3.05,0.38,0.03,2.09
2014-11-06,000030,7.85,7.99,7.99,7.76,151606,120210307.0,2.91,1.14,0.09,2.7
2014-11-07,000030,7.98,7.9,8.17,7.84,197128,158960858.0,4.13,-1.13,-0.09,3.52
2014-11-10,000030,7.91,8.08,8.13,7.83,163386,131262368.0,3.8,2.28,0.18,2.91
2014-11-11,000030,8.06,7.87,8.2,7.71,192116,154604984.0,6.06,-2.6,-0.21,3.43
2014-11-12,000030,7.85,8.04,8.1,7.77,144191,115464192.0,4.19,2.16,0.17,2.57
2014-11-13,000030,8.02,8.06,8.17,7.98,164711,133092583.0,2.36,0.25,0.02,2.94
2014-11-14,000030,8.0,7.93,8.11,7.85,96037,76573573.0,3.23,-1.61,-0.13,1.71
2014-11-17,000030,7.94,7.82,7.97,7.82,69622,55042784.0,1.89,-1.39,-0.11,1.24
2014-11-18,000030,7.82,7.85,7.9,7.79,51544,40408822.0,1.41,0.38,0.03,0.92
2014-11-19,000030,7.82,7.93,8.03,7.81,83181,66181279.0,2.8,1.02,0.08,1.48
2014-11-20,000030,7.92,7.8,7.96,7.79,62393,49093945.0,2.14,-1.64,-0.13,1.11
2014-11-21,000030,7.79,7.85,7.85,7.71,59272,46169298.0,1.79,0.64,0.05,1.06
2014-11-24,000030,7.9,7.95,7.96,7.81,84221,66545522.0,1.91,1.27,0.1,1.5
2014-11-25,000030,7.95,8.1,8.11,7.91,105398,84864855.0,2.52,1.89,0.15,1.88
2014-11-26,000030,8.13,8.0,8.14,7.91,86885,69576311.0,2.84,-1.23,-0.1,1.55
2014-11-27,000030,8.0,8.29,8.3,8.0,180753,147665474.0,3.75,3.63,0.29,3.22
2014-11-28,000030,8.32,8.18,8.45,8.09,138408,113896586.0,4.34,-1.33,-0.11,2.47
2014-12-01,000030,8.2,8.06,8.2,8.01,100662,81198727.0,2.32,-1.47,-0.12,1.8
2014-12-02,000030,8.06,8.1,8.15,8.01,91706,74225679.0,1.74,0.5,0.04,1.64
2014-12-03,000030,8.07,8.21,8.24,8.03,135360,110025715.0,2.59,1.36,0.11,2.41
2014-12-04,000030,8.21,8.22,8.26,8.16,129607,106402815.0,1.22,0.12,0.01,2.31
2014-12-05,000030,8.25,7.88,8.25,7.74,152721,121891440.0,6.2,-4.14,-0.34,2.72
2014-12-08,000030,7.8,7.85,7.95,7.72,119214,93287396.0,2.92,-0.38,-0.03,2.13
2014-12-09,000030,7.84,7.46,7.84,7.46,163062,124388858.0,4.84,-4.97,-0.39,2.91
2014-12-10,000030,7.5,7.62,7.65,7.29,86858,65325507.0,4.83,2.14,0.16,1.55
2014-12-11,000030,7.57,7.78,7.79,7.53,93438,71926529.0,3.41,2.1,0.16,1.67
2014-12-12,000030,7.77,7.81,7.84,7.75,75312,58738325.0,1.16,0.39,0.03,1.34
2014-12-15,000030,7.81,7.84,7.86,7.68,74728,58135643.0,2.3,0.38,0.03,1.33
2014-12-16,000030,7.82,7.84,7.85,7.77,60629,47351542.0,1.02,0.0,0.0,1.08
2014-12-17,000030,7.85,8.23,8.29,7.76,297269,241376613.0,6.76,4.97,0.39,5.3
2014-12-18,000030,8.15,8.05,8.27,7.98,160114,129634539.0,3.52,-2.19,-0.18,2.86
2014-12-19,000030,8.07,7.85,8.14,7.7,107315,84890321.0,5.47,-2.48,-0.2,1.91
2014-12-22,000030,7.82,7.9,7.96,7.63,105197,82247548.0,4.2,0.64,0.05,1.88
2014-12-23,000030,7.85,7.71,7.95,7.65,56480,44162450.0,3.8,-2.41,-0.19,1.01
2014-12-24,000030,7.79,7.88,7.88,7.73,46936,36633422.0,1.95,2.2,0.17,0.84
2014-12-25,000030,7.93,8.09,8.17,7.86,119311,96400720.0,3.93,2.66,0.21,2.13
2014-12-26,000030,8.08,8.14,8.22,8.05,104796,85310961.0,2.1,0.62,0.05,1.87
2014-12-29,000030,8.16,8.36,8.38,7.99,203470,167285400.0,4.79,2.7,0.22,3.63
2014-12-30,000030,8.31,8.42,8.68,8.19,238613,202912497.0,5.86,0.72,0.06,4.26
2014-12-31,000030,8.39,8.45,8.53,8.26,120878,101346245.0,3.21,0.36,0.03,2.16
2015-01-05,000030,8.46,8.45,8.72,8.42,148749,126989523.0,3.55,0.0,0.0,2.65
2015-01-06,000030,8.35,8.79,8.97,8.21,221367,191499273.0,8.99,4.02,0.34,3.95
2015-01-07,000030,8.73,9.21,9.4,8.63,265842,241305033.0,8.76,4.78,0.42,4.74
2015-01-08,000030,9.15,9.19,9.33,9.01,155594,142586047.0,3.47,-0.22,-0.02,2.78
2015-01-09,000030,9.17,8.96,9.3,8.95,182366,166948159.0,3.81,-2.5,-0.23,3.25
2015-01-12,000030,8.82,8.7,8.94,8.68,115729,101473323.0,2.9,-2.9,-0.26,2.06
2015-01-13,000030,8.68,8.77,8.78,8.61,78085,67902934.0,1.95,0.8,0.07,1.39
2015-01-14,000030,8.76,8.74,8.81,8.54,86959,75402726.0,3.08,-0.34,-0.03,1.55
2015-01-15,000030,8.72,8.68,8.76,8.6,87918,76430940.0,1.83,-0.69,-0.06,1.57
2015-01-16,000030,8.69,9.1,9.15,8.62,130309,115843710.0,6.11,4.84,0.42,2.32
2015-01-19,000030,8.88,8.61,9.3,8.56,289660,260088678.0,8.13,-5.38,-0.49,5.17
2015-01-20,000030,8.58,9.01,9.05,8.58,141355,124090297.0,5.46,4.65,0.4,2.52
2015-01-21,000030,8.99,9.2,9.3,8.97,218770,200417290.0,3.66,2.11,0.19,3.9
2015-01-22,000030,9.08,9.2,9.25,9.0,167224,152744499.0,2.72,0.0,0.0,2.98
2015-01-23,000030,9.2,8.9,9.25,8.9,118253,106822544.0,3.8,-3.26,-0.3,2.11
2015-01-26,000030,8.91,9.15,9.17,8.8,102435,92416754.0,4.16,2.81,0.25,1.83
2015-01-27,000030,9.17,9.48,9.55,9.11,278415,260986409.0,4.81,3.61,0.33,4.97
2015-01-28,000030,9.39,9.21,9.5,9.2,127607,118936656.0,3.16,-2.85,-0.27,2.28
2015-01-29,000030,9.08,8.99,9.16,8.94,104742,94787158.0,2.39,-2.39,-0.22,1.87
2015-01-30,000030,8.99,8.75,9.09,8.75,87995,78237923.0,3.78,-2.67,-0.24,1.57
2015-02-02,000030,8.6,8.73,8.85,8.54,70467,61356802.0,3.54,-0.23,-0.02,1.26
2015-02-03,000030,8.77,8.78,8.86,8.69,57735,50719114.0,1.95,0.57,0.05,1.03
2015-02-04,000030,8.77,8.5,8.84,8.5,91617,79303962.0,3.87,-3.19,-0.28,1.63
2015-02-05,000030,8.61,8.4,8.65,8.4,82604,70301982.0,2.94,-1.18,-0.1,1.47
2015-02-06,000030,8.38,8.52,8.56,8.37,57874,49129143.0,2.26,1.43,0.12,1.03
2015-02-09,000030,8.56,8.44,8.65,8.42,38905,33138617.0,2.7,-0.94,-0.08,0.69
2015-02-10,000030,8.4,8.64,8.64,8.39,40702,34700033.0,2.96,2.37,0.2,0.73
2015-02-11,000030,8.74,8.7,8.75,8.58,42136,36432900.0,1.97,0.69,0.06,0.75
2015-02-12,000030,8.62,8.69,8.74,8.62,35417,30751701.0,1.38,-0.11,-0.01,0.63
2015-02-13,000030,8.7,8.73,8.8,8.69,59848,52390172.0,1.27,0.46,0.04,1.07
2015-02-16,000030,8.75,8.85,8.86,8.7,55651,48770089.0,1.83,1.37,0.12,0.99
2015-02-17,000030,8.85,8.91,8.95,8.8,54501,48344879.0,1.69,0.68,0.06,0.97
2015-02-25,000030,8.91,8.71,8.93,8.71,54447,47782273.0,2.47,-2.24,-0.2,0.97
2015-02-26,000030,8.71,8.82,8.84,8.65,49386,43250529.0,2.18,1.26,0.11,0.88
2015-02-27,000030,8.82,9.01,9.05,8.82,91380,81892562.0,2.61,2.15,0.19,1.63
2015-03-02,000030,9.03,9.15,9.17,9.0,87626,79713554.0,1.89,1.55,0.14,1.56
2015-03-03,000030,9.0,9.16,9.38,9.0,127764,117435650.0,4.15,0.11,0.01,2.28
2015-03-04,000030,9.17,9.18,9.21,9.03,81271,74271192.0,1.97,0.22,0.02,1.45
2015-03-05,000030,9.22,9.32,9.38,9.18,99231,92015757.0,2.18,1.53,0.14,1.77
2015-03-06,000030,9.38,9.07,9.47,9.06,109319,100653150.0,4.4,-2.68,-0.25,1.95
2015-03-09,000030,9.04,9.14,9.15,9.01,61752,56173672.0,1.54,0.77,0.07,1.1
2015-03-10,000030,9.15,9.18,9.26,9.11,70905,65160282.0,1.64,0.44,0.04,1.26
2015-03-11,000030,9.17,8.99,9.23,8.97,115247,104410533.0,2.83,-2.07,-0.19,2.06
2015-03-12,000030,8.97,9.01,9.06,8.95,84279,75883398.0,1.22,0.22,0.02,1.5
2015-03-13,000030,9.05,9.0,9.08,8.97,82498,74335743.0,1.22,-0.11,-0.01,1.47
2015-03-16,000030,8.82,9.23,9.24,8.78,244904,221686085.0,5.11,2.56,0.23,4.37
2015-03-17,000030,9.23,9.41,9.45,9.17,242733,225808754.0,3.03,1.95,0.18,4.33
2015-03-18,000030,9.45,9.48,9.55,9.33,197865,186604855.0,2.34,0.74,0.07,3.53
2015-03-19,000030,9.46,9.55,9.9,9.36,306886,295115008.0,5.7,0.74,0.07,5.47
2015-03-20,000030,9.6,9.76,9.83,9.58,260645,252684810.0,2.62,2.2,0.21,4.65
2015-03-23,000030,9.84,9.8,10.05,9.74,284240,279535008.0,3.18,0.41,0.04,5.07
2015-03-24,000030,9.8,9.66,9.91,9.42,261644,253385551.0,5.0,-1.43,-0.14,4.67
2015-03-25,000030,9.76,10.63,10.63,9.67,482096,494820192.0,9.94,10.04,0.97,8.6
2015-03-26,000030,10.85,10.96,11.39,10.64,587182,645171360.0,7.06,3.1,0.33,10.47
2015-03-27,000030,10.85,11.16,11.2,10.75,306664,337849840.0,4.11,1.82,0.2,5.47
2015-03-30,000030,11.16,11.1,11.5,10.9,279127,309703072.0,5.38,-0.54,-0.06,4.98
2015-03-31,000030,11.11,10.91,11.11,10.79,194433,212511913.0,2.88,-1.71,-0.19,3.47
2015-04-01,000030,10.91,11.1,11.17,10.9,228556,252617551.0,2.47,1.74,0.19,4.08
2015-04-02,000030,11.12,11.35,11.35,11.0,300090,334931488.0,3.15,2.25,0.25,5.35
2015-04-03,000030,11.33,11.25,11.35,11.1,236775,265613359.0,2.2,-0.88,-0.1,4.22
2015-04-07,000030,11.25,11.57,11.8,11.19,291182,335591408.0,5.42,2.84,0.32,5.19
2015-04-08,000030,11.59,11.1,11.66,10.8,277718,311376432.0,7.43,-4.06,-0.47,4.95
2015-04-09,000030,11.08,10.77,11.08,10.47,203826,219363172.0,5.5,-2.97,-0.33,3.64
2015-04-10,000030,10.71,11.09,11.16,10.69,176834,194834119.0,4.36,2.97,0.32,3.15
2015-04-13,000030,11.48,11.6,11.9,11.31,342285,397061616.0,5.32,4.6,0.51,6.11
2015-04-14,000030,11.58,11.41,11.58,11.24,222430,253372163.0,2.93,-1.64,-0.19,3.97
2015-04-15,000030,11.35,11.35,11.69,11.25,271222,311638096.0,3.86,-0.53,-0.06,4.84
2015-04-16,000030,11.2,11.2,11.42,10.8,189476,211660993.0,5.46,-1.32,-0.15,3.38
2015-04-17,000030,11.26,11.5,11.52,11.11,268855,305515568.0,3.66,2.68,0.3,4.8
2015-04-20,000030,11.45,11.98,11.98,11.15,432645,500727664.0,7.22,4.17,0.48,7.72
2015-04-21,000030,11.88,12.48,12.8,11.79,445706,553567392.0,8.43,4.17,0.5,7.95
2015-04-22,000030,12.7,13.1,13.51,12.62,437599,569146544.0,7.13,4.97,0.62,7.81
2015-04-23,000030,13.0,12.92,13.44,12.8,324127,425180256.0,4.89,-1.37,-0.18,5.78
2015-04-24,000030,12.79,12.61,12.89,12.45,209170,264490389.0,3.41,-2.4,-0.31,3.73
2015-04-27,000030,12.7,13.09,13.2,12.38,282447,360327392.0,6.5,3.81,0.48,5.04
2015-04-28,000030,13.16,12.5,13.17,12.39,187815,238181035.0,5.96,-4.51,-0.59,3.35
2015-04-29,000030,12.46,12.65,13.01,12.18,199533,251842657.0,6.64,1.2,0.15,3.56
2015-04-30,000030,12.6,12.15,12.8,12.15,209584,260020721.0,5.14,-3.95,-0.5,3.74
2015-05-04,000030,12.57,12.94,12.97,12.57,296171,378645872.0,3.29,6.5,0.79,5.28
2015-05-05,000030,13.57,12.89,13.83,12.75,365728,483687584.0,8.35,-0.39,-0.05,6.52
2015-05-06,000030,12.86,12.22,13.04,12.08,204277,257053770.0,7.45,-5.2,-0.67,3.64
2015-05-07,000030,12.06,11.23,12.07,11.14,197623,228472905.0,7.61,-8.1,-0.99,3.53
2015-05-08,000030,11.37,11.59,11.72,11.37,168631,194481049.0,3.12,3.21,0.36,3.01
2015-05-11,000030,11.66,12.55,12.75,11.66,228716,278463024.0,9.4,8.28,0.96,4.08
2015-05-12,000030,12.55,12.68,12.69,12.3,216212,270664352.0,3.11,1.04,0.13,3.86
2015-05-13,000030,12.51,12.52,12.88,12.39,230724,291825888.0,3.86,-1.26,-0.16,4.12
2015-05-14,000030,12.51,12.58,12.77,12.38,161929,203016398.0,3.12,0.48,0.06,2.89
2015-05-15,000030,12.51,12.01,12.55,11.91,184401,223964526.0,5.09,-4.53,-0.57,3.29
2015-05-18,000030,11.85,11.98,12.27,11.6,154715,185255876.0,5.58,-0.25,-0.03,2.76
2015-05-19,000030,11.95,12.58,12.65,11.9,179752,221290475.0,6.26,5.01,0.6,3.21
2015-05-20,000030,12.69,12.68,13.04,12.58,308591,396374144.0,3.66,0.79,0.1,5.51
2015-05-21,000030,12.72,13.57,13.6,12.5,397931,522415104.0,8.68,7.02,0.89,7.1
2015-05-22,000030,13.7,13.54,13.95,13.2,331547,448971536.0,5.53,-0.22,-0.03,5.91
2015-05-25,000030,13.5,13.95,14.34,13.27,295129,409859808.0,7.9,3.03,0.41,5.26
2015-05-26,000030,13.95,14.1,14.24,13.8,299332,419980912.0,3.15,1.08,0.15,5.34
2015-05-27,000030,14.1,14.7,14.87,13.91,339207,491018208.0,6.81,4.26,0.6,6.05
2015-05-28,000030,14.66,13.45,15.21,13.42,343699,497937440.0,12.18,-8.5,-1.25,6.13
2015-05-29,000030,13.46,13.55,13.88,12.72,246644,330933104.0,8.62,0.74,0.1,4.4
2015-06-01,000030,13.68,14.37,14.49,13.55,211581,299402080.0,6.94,6.05,0.82,3.77
2015-06-02,000030,14.43,14.91,15.0,14.26,267259,389249872.0,5.15,3.76,0.54,4.77
2015-06-03,000030,14.96,14.5,15.0,14.08,284906,413414464.0,6.17,-2.75,-0.41,5.08
2015-06-04,000030,14.51,14.34,14.53,13.23,275781,384139088.0,8.97,-1.1,-0.16,4.92
2015-06-05,000030,14.39,15.77,15.77,14.39,589917,898565440.0,9.62,9.97,1.43,10.52
2015-06-08,000030,15.7,15.39,15.7,14.88,489452,748423200.0,5.2,-2.41,-0.38,8.73
2015-06-09,000030,15.15,15.32,15.63,14.89,267018,407718352.0,4.81,-0.45,-0.07,4.76
2015-06-10,000030,15.36,15.6,15.94,15.09,267510,419666656.0,5.55,1.83,0.28,4.77
2015-06-11,000030,15.5,16.55,17.16,15.22,341035,546280000.0,12.44,6.09,0.95,6.08
2015-06-12,000030,16.35,16.6,17.05,16.25,254820,422443856.0,4.83,0.3,0.05,4.55
2015-06-15,000030,16.82,16.11,16.89,16.01,214782,351281648.0,5.3,-2.95,-0.49,3.83
2015-06-16,000030,15.98,15.21,15.99,15.01,194256,300004496.0,6.08,-5.59,-0.9,3.47
2015-06-17,000030,15.4,15.53,15.67,14.35,207941,311567440.0,8.68,2.1,0.32,3.71
2015-06-18,000030,15.5,14.94,15.7,14.8,142120,218117276.0,5.8,-3.8,-0.59,2.54
2015-06-19,000030,14.55,13.66,14.7,13.45,172731,242760445.0,8.37,-8.57,-1.28,3.08
2015-06-23,000030,13.7,13.84,13.9,12.35,159846,214766159.0,11.35,1.32,0.18,2.85
2015-06-24,000030,13.95,14.27,14.35,13.6,173424,243145411.0,5.42,3.11,0.43,3.09
2015-06-25,000030,14.42,13.38,14.42,13.06,174946,241791885.0,9.53,-6.24,-0.89,3.12
2015-06-26,000030,13.0,11.95,13.0,11.95,204798,251896098.0,7.85,-10.69,-1.43,3.65
2015-06-29,000030,12.0,10.76,12.31,10.76,230724,260103148.0,12.97,-9.96,-1.19,4.12
2015-06-30,000030,10.58,11.57,11.58,9.69,254666,268499440.0,17.57,7.53,0.81,4.54
2015-07-01,000030,11.54,10.44,12.09,10.41,224352,258138323.0,14.52,-9.77,-1.13,4.0
2015-07-02,000030,10.4,9.75,10.75,9.41,195553,197747741.0,12.84,-6.61,-0.69,3.49
2015-07-03,000030,9.55,8.78,10.0,8.78,250645,228489660.0,12.51,-9.95,-0.97,4.47
2015-07-06,000030,9.66,9.66,9.66,7.99,467862,430586960.0,19.02,10.02,0.88,8.34
2015-07-07,000030,9.23,10.12,10.55,9.0,457915,453730800.0,16.05,4.76,0.46,8.16
2015-07-08,000030,9.3,10.97,11.13,9.11,681874,717733152.0,19.96,8.4,0.85,12.16
2015-07-09,000030,10.97,12.07,12.07,10.97,327677,381036352.0,10.03,10.03,1.1,5.84
2015-07-10,000030,12.43,13.28,13.28,11.98,542860,707969536.0,10.77,10.02,1.21,9.68
2015-07-13,000030,13.27,14.61,14.61,12.8,669250,922567440.0,13.63,10.02,1.33,11.93
2015-07-14,000030,13.96,13.17,14.5,13.15,612988,841975920.0,9.24,-9.86,-1.44,10.93
2015-07-15,000030,12.42,12.31,13.49,12.0,465517,585716720.0,11.31,-6.53,-0.86,8.3
2015-07-16,000030,12.31,12.91,13.37,11.8,382917,490815840.0,12.75,4.87,0.6,6.83
2015-07-17,000030,12.92,13.56,13.95,12.65,413005,550982416.0,10.07,5.03,0.65,7.36
2015-07-20,000030,13.56,13.29,13.79,13.01,358227,480053776.0,5.75,-1.99,-0.27,6.39
2015-07-21,000030,13.0,13.43,13.64,12.7,311735,409574624.0,7.07,1.05,0.14,5.56
2015-07-22,000030,13.22,13.65,13.85,13.01,324211,437599568.0,6.25,1.64,0.22,5.78
2015-07-23,000030,13.67,13.82,14.0,13.3,365006,499535792.0,5.13,1.25,0.17,6.51
2015-07-24,000030,13.8,12.8,13.8,12.75,359403,480516256.0,7.6,-7.38,-1.02,6.41
2015-07-27,000030,12.4,11.52,12.73,11.52,238210,291614288.0,9.45,-10.0,-1.28,4.25
2015-07-28,000030,11.13,10.89,11.49,10.37,290273,313837632.0,9.72,-5.47,-0.63,5.18
2015-07-29,000030,11.09,11.4,11.44,10.67,205310,226264827.0,7.07,4.68,0.51,3.66
2015-07-30,000030,11.19,10.4,11.47,10.26,168810,188334255.0,10.61,-8.77,-1.0,3.01
2015-07-31,000030,10.19,11.44,11.44,10.19,233451,255014495.0,12.02,10.0,1.04,4.16
2015-08-03,000030,11.43,12.58,12.58,11.23,363402,437815568.0,11.8,9.97,1.14,6.48
2015-08-04,000030,12.98,12.77,13.08,11.8,361536,451715024.0,10.17,1.51,0.19,6.45
2015-08-05,000030,12.63,13.1,13.66,12.33,418639,541656304.0,10.42,2.58,0.33,7.46
2015-08-06,000030,12.6,12.3,13.1,12.1,261738,331404048.0,7.63,-6.11,-0.8,4.67
2015-08-07,000030,12.53,12.5,12.73,12.19,187772,233756081.0,4.39,1.63,0.2,3.35
2015-08-10,000030,12.4,13.23,13.5,12.4,289191,376554656.0,8.8,5.84,0.73,5.16
2015-08-11,000030,13.16,13.25,13.66,12.91,312077,412824256.0,5.67,0.15,0.02,5.56
2015-08-12,000030,13.0,12.7,13.3,12.58,190818,247137333.0,5.43,-4.15,-0.55,3.4
2015-08-13,000030,12.5,13.97,13.97,12.45,362588,491854624.0,11.97,10.0,1.27,6.47
2015-08-14,000030,14.39,14.53,14.96,14.0,586410,843267984.0,6.87,4.01,0.56,10.46
2015-08-17,000030,14.31,15.28,15.36,13.85,476968,701713568.0,10.39,5.16,0.75,8.5
2015-08-18,000030,15.01,13.75,15.13,13.75,378373,538892208.0,9.03,-10.01,-1.53,6.75
2015-08-19,000030,12.99,13.37,13.95,12.38,347961,452893424.0,11.42,-2.76,-0.38,6.2
2015-08-20,000030,13.03,12.04,13.31,12.03,289870,369592608.0,9.57,-9.95,-1.33,5.17
2015-08-21,000030,12.22,11.2,12.58,11.11,244035,289831312.0,12.21,-6.98,-0.84,4.35
2015-08-24,000030,10.4,10.08,10.87,10.08,177925,182849354.0,7.05,-10.0,-1.12,3.17
2015-08-25,000030,9.1,9.07,9.4,9.07,299653,273005488.0,3.27,-10.02,-1.01,5.34
2015-08-26,000030,9.18,8.9,9.65,8.55,264097,241719266.0,12.13,-1.87,-0.17,4.71
2015-08-27,000030,9.19,9.36,9.4,8.7,193904,177890747.0,7.87,5.17,0.46,3.46
2015-08-28,000030,9.57,10.02,10.15,9.3,300943,288844896.0,9.08,7.05,0.66,5.37
2015-08-31,000030,9.86,9.1,9.86,9.1,189051,178515615.0,7.58,-9.18,-0.92,3.37
2015-09-01,000030,9.01,8.19,9.01,8.19,175495,147849704.0,9.01,-10.0,-0.91,3.13
2015-09-02,000030,7.83,8.64,8.73,7.45,225113,183363133.0,15.63,5.49,0.45,4.01
2015-09-07,000030,8.9,8.4,9.16,8.27,131597,116465930.0,10.3,-2.78,-0.24,2.35
2015-09-08,000030,8.28,8.75,8.8,8.04,105833,89044796.0,9.05,4.17,0.35,1.89
2015-09-09,000030,8.76,9.1,9.15,8.76,165417,148675962.0,4.46,4.0,0.35,2.95
2015-09-10,000030,8.99,8.78,9.08,8.7,100374,89533503.0,4.18,-3.52,-0.32,1.79
2015-09-11,000030,8.8,8.62,8.89,8.37,120032,103495669.0,5.92,-1.82,-0.16,2.14
2015-09-14,000030,8.7,7.76,8.78,7.76,129375,105813383.0,11.83,-9.98,-0.86,2.31
2015-09-15,000030,7.48,7.01,7.68,6.98,115385,84324644.0,9.02,-9.66,-0.75,2.06
2015-09-16,000030,7.05,7.7,7.71,7.04,107897,79378944.0,9.56,9.84,0.69,1.92
2015-09-17,000030,7.67,7.41,7.99,7.4,144390,111241288.0,7.66,-3.77,-0.29,2.57
2015-09-18,000030,7.42,7.54,7.65,7.41,77617,58532550.0,3.24,1.75,0.13,1.38
2015-09-21,000030,7.48,7.82,7.89,7.31,88704,67879350.0,7.69,3.71,0.28,1.58
2015-09-22,000030,7.76,8.03,8.31,7.71,157167,125755089.0,7.67,2.69,0.21,2.8
2015-09-23,000030,7.85,7.69,7.96,7.57,94644,73666028.0,4.86,-4.23,-0.34,1.69
2015-09-24,000030,7.7,7.86,7.94,7.65,74559,58509551.0,3.77,2.21,0.17,1.33
2015-09-25,000030,7.85,7.61,7.94,7.51,68918,53197708.0,5.47,-3.18,-0.25,1.23
2015-09-28,000030,7.62,7.77,7.82,7.5,43570,33606980.0,4.2,2.1,0.16,0.78
2015-09-29,000030,7.66,7.55,7.71,7.5,43646,33200560.0,2.7,-2.83,-0.22,0.78
2015-09-30,000030,7.76,7.74,7.82,7.63,74660,57700058.0,2.52,2.52,0.19,1.33
2015-10-08,000030,8.02,8.07,8.09,7.89,95681,76687902.0,2.58,4.26,0.33,1.71
2015-10-09,000030,8.06,8.09,8.14,7.88,92493,74372469.0,3.22,0.25,0.02,1.65
2015-10-12,000030,8.11,8.47,8.57,8.11,155009,129780555.0,5.69,4.7,0.38,2.76
2015-10-13,000030,8.47,8.65,8.75,8.36,125338,107292032.0,4.6,2.13,0.18,2.23
2015-10-14,000030,8.6,8.36,8.64,8.36,105568,89468923.0,3.24,-3.35,-0.29,1.88
2015-10-15,000030,8.32,8.66,8.66,8.32,107889,92047903.0,4.07,3.59,0.3,1.92
2015-10-16,000030,8.75,8.91,8.93,8.54,174775,153262674.0,4.5,2.89,0.25,3.12
2015-10-19,000030,8.91,8.94,9.15,8.79,164898,148267626.0,4.04,0.34,0.03,2.94
2015-10-20,000030,8.94,9.06,9.07,8.86,118390,106214666.0,2.35,1.34,0.12,2.11
2015-10-21,000030,9.08,8.16,9.08,8.15,193316,167153546.0,10.26,-9.93,-0.9,3.45
2015-10-22,000030,8.19,8.38,8.44,8.07,94025,78028699.0,4.53,2.7,0.22,1.68
2015-10-23,000030,8.53,8.81,8.85,8.45,162153,141504345.0,4.77,5.13,0.43,2.89
2015-10-26,000030,8.93,8.85,9.05,8.71,125085,110681793.0,3.86,0.45,0.04,2.23
2015-10-27,000030,8.85,8.8,8.85,8.31,114700,98924223.0,6.1,-0.56,-0.05,2.05
2015-10-28,000030,8.72,9.55,9.68,8.71,416859,392571680.0,11.02,8.52,0.75,7.43
2015-10-29,000030,9.33,9.4,9.47,9.05,330833,306750336.0,4.4,-1.57,-0.15,5.9
2015-10-30,000030,9.3,9.04,9.3,9.04,146399,134237348.0,2.77,-3.83,-0.36,2.61
2015-11-02,000030,8.88,8.67,9.11,8.66,111374,98905026.0,4.98,-4.09,-0.37,1.99
2015-11-03,000030,8.67,8.72,8.86,8.65,81327,71086949.0,2.42,0.58,0.05,1.45
2015-11-04,000030,8.72,9.15,9.23,8.72,142764,128489254.0,5.85,4.93,0.43,2.55
2015-11-05,000030,9.15,9.19,9.35,9.07,178594,164358611.0,3.06,0.44,0.04,3.18
2015-11-06,000030,9.19,9.39,9.48,9.19,181486,169823625.0,3.16,2.18,0.2,3.24
2015-11-09,000030,9.31,9.47,9.56,9.23,187236,176306484.0,3.51,0.85,0.08,3.34
2015-11-10,000030,9.48,9.74,9.85,9.4,203407,195429955.0,4.75,2.85,0.27,3.63
2015-11-11,000030,9.75,9.77,9.85,9.56,151415,147345799.0,2.98,0.31,0.03,2.7
2015-11-12,000030,9.74,9.59,9.79,9.45,143170,137230561.0,3.48,-1.84,-0.18,2.55
2015-11-13,000030,9.42,9.64,9.8,9.4,161136,155446921.0,4.17,0.52,0.05,2.87
2015-11-16,000030,9.44,9.75,9.75,9.35,99928,95463781.0,4.15,1.14,0.11,1.78
2015-11-17,000030,9.77,10.03,10.14,9.75,227871,225898620.0,4.0,2.87,0.28,4.06
2015-11-18,000030,9.9,9.62,10.01,9.59,142563,139647337.0,4.19,-4.09,-0.41,2.54
2015-11-19,000030,9.63,9.73,9.74,9.51,89604,86448996.0,2.39,1.14,0.11,1.6
2015-11-20,000030,9.76,9.86,9.86,9.67,130045,127215200.0,1.95,1.34,0.13,2.32
2015-11-23,000030,9.83,10.06,10.18,9.7,186992,185884859.0,4.87,2.03,0.2,3.33
2015-11-24,000030,9.9,10.22,10.27,9.89,161679,163951116.0,3.78,1.59,0.16,2.88
2015-11-25,000030,10.37,10.17,10.37,10.06,117201,119261915.0,3.03,-0.49,-0.05,2.09
2015-11-26,000030,10.21,10.14,10.26,10.09,117244,119207731.0,1.67,-0.29,-0.03,2.09
2015-11-27,000030,10.11,9.34,10.11,9.13,149905,144897699.0,9.66,-7.89,-0.8,2.67
2015-11-30,000030,9.3,9.22,9.45,8.84,93760,86177466.0,6.53,-1.28,-0.12,1.67
2015-12-01,000030,9.15,9.32,9.49,9.13,61010,57014591.0,3.9,1.08,0.1,1.09
2015-12-02,000030,9.36,9.3,9.46,9.0,60370,55779248.0,4.94,-0.21,-0.02,1.08
2015-12-03,000030,9.28,9.42,9.45,9.26,63084,59139936.0,2.04,1.29,0.12,1.12
2015-12-04,000030,9.44,9.35,9.47,9.24,63912,59900184.0,2.44,-0.74,-0.07,1.14
2015-12-07,000030,9.35,9.43,9.5,9.29,68715,64525549.0,2.25,0.86,0.08,1.23
2015-12-08,000030,9.36,9.04,9.39,9.0,75150,68841620.0,4.14,-4.14,-0.39,1.34
2015-12-09,000030,9.05,9.01,9.09,8.89,54626,49224331.0,2.21,-0.33,-0.03,0.97
2015-12-10,000030,9.06,9.04,9.2,8.95,65189,59210622.0,2.77,0.33,0.03,1.16
2015-12-11,000030,9.04,8.94,9.07,8.88,35761,31982160.0,2.1,-1.11,-0.1,0.64
2015-12-14,000030,8.77,9.14,9.15,8.74,44661,40051933.0,4.59,2.24,0.2,0.8
2015-12-15,000030,9.13,9.31,9.39,9.07,78032,72215679.0,3.5,1.86,0.17,1.39
2015-12-16,000030,9.3,9.28,9.43,9.25,59419,55521301.0,1.93,-0.32,-0.03,1.06
2015-12-17,000030,9.35,9.46,9.46,9.27,67914,63885730.0,2.05,1.94,0.18,1.21
2015-12-18,000030,9.45,9.35,9.54,9.3,57257,53756924.0,2.54,-1.16,-0.11,1.02
2015-12-21,000030,9.34,9.57,9.58,9.25,82339,77904768.0,3.53,2.35,0.22,1.47
2015-12-22,000030,9.57,9.6,9.68,9.46,79261,75706814.0,2.3,0.31,0.03,1.41
2015-12-23,000030,9.58,9.65,9.77,9.51,122285,118046778.0,2.71,0.52,0.05,2.18
2015-12-24,000030,9.58,9.45,9.66,9.35,70298,66399916.0,3.21,-2.07,-0.2,1.25
2015-12-25,000030,9.41,9.5,9.52,9.36,60472,57068168.0,1.69,0.53,0.05,1.08
2015-12-28,000030,9.47,9.7,9.99,9.39,208979,202591329.0,6.32,2.11,0.2,3.73
2015-12-29,000030,9.6,9.73,9.79,9.45,125306,120534798.0,3.51,0.31,0.03,2.23
2015-12-30,000030,9.79,10.55,10.68,9.7,409167,417046048.0,10.07,8.43,0.82,7.3
2015-12-31,000030,10.37,10.2,10.5,10.14,229549,236985986.0,3.41,-3.32,-0.35,4.09
2016-01-04,000030,10.2,9.21,10.3,9.18,128527,124453100.0,10.98,-9.71,-0.99,2.29
2016-01-05,000030,8.75,8.92,9.37,8.51,157801,140960821.0,9.34,-3.15,-0.29,2.81
2016-01-06,000030,9.0,9.15,9.25,8.88,83653,75944621.0,4.15,2.58,0.23,1.49
2016-01-07,000030,9.01,8.24,9.01,8.24,21731,18652865.0,8.42,-9.95,-0.91,0.39
2016-01-08,000030,8.41,8.32,8.73,7.8,94548,78800654.0,11.29,0.97,0.08,1.69
2016-01-11,000030,8.16,7.62,8.4,7.58,80409,64383352.0,9.86,-8.41,-0.7,1.43
2016-01-12,000030,7.75,7.55,7.9,7.4,84412,63793966.0,6.56,-0.92,-0.07,1.51
2016-01-13,000030,7.55,7.28,7.7,7.26,62505,47059407.0,5.83,-3.58,-0.27,1.11
2016-01-14,000030,7.01,7.58,7.65,7.01,53549,39229615.0,8.79,4.12,0.3,0.95
2016-01-15,000030,7.56,7.18,7.63,7.1,46521,34305879.0,6.99,-5.28,-0.4,0.83
2016-01-18,000030,7.06,7.17,7.4,7.03,92398,66171463.0,5.15,-0.14,-0.01,1.65
2016-01-19,000030,7.15,7.46,7.49,7.11,76104,55698213.0,5.3,4.04,0.29,1.36
2016-01-20,000030,7.4,7.54,7.68,7.34,92679,69690336.0,4.56,1.07,0.08,1.65
2016-01-21,000030,7.45,7.14,7.56,7.13,56406,41701008.0,5.7,-5.31,-0.4,1.01
2016-01-22,000030,7.25,7.26,7.36,7.09,45854,33099266.0,3.78,1.68,0.12,0.82
2016-01-25,000030,7.36,7.34,7.43,7.26,37789,27761450.0,2.34,1.1,0.08,0.67
2016-01-26,000030,7.24,6.67,7.26,6.61,79492,55282403.0,8.86,-9.13,-0.67,1.42
2016-01-27,000030,6.64,6.67,6.74,6.2,57457,37498289.0,8.1,0.0,0.0,1.02
2016-01-28,000030,6.6,6.54,6.75,6.42,34210,22527138.0,4.95,-1.95,-0.13,0.61
2016-01-29,000030,6.58,6.85,6.9,6.47,52061,35066258.0,6.57,4.74,0.31,0.93
2016-02-01,000030,6.8,6.93,6.96,6.72,37849,25943973.0,3.5,1.17,0.08,0.67
2016-02-02,000030,6.93,7.27,7.35,6.9,54069,38614067.0,6.49,4.91,0.34,0.96
2016-02-03,000030,7.16,7.5,7.68,7.09,79699,58611421.0,8.12,3.16,0.23,1.42
2016-02-04,000030,7.53,7.7,7.88,7.42,115534,88202977.0,6.13,2.67,0.2,2.06
2016-02-05,000030,7.68,7.56,7.87,7.47,92191,70452270.0,5.19,-1.82,-0.14,1.64
2016-02-15,000030,7.35,7.68,7.8,7.23,118685,89697188.0,7.54,1.59,0.12,2.12
2016-02-16,000030,7.71,7.84,7.98,7.63,144853,113506480.0,4.56,2.08,0.16,2.58
2016-02-17,000030,7.83,7.78,7.91,7.66,103547,80424616.0,3.19,-0.77,-0.06,1.85
2016-02-18,000030,7.78,7.78,8.08,7.74,145661,115019217.0,4.37,0.0,0.0,2.6
2016-02-19,000030,7.77,7.68,7.81,7.62,83439,64354545.0,2.44,-1.29,-0.1,1.49
2016-02-22,000030,7.71,7.79,7.85,7.71,75408,58723724.0,1.82,1.43,0.11,1.34
2016-02-23,000030,7.77,7.65,7.85,7.54,66575,51270268.0,3.98,-1.8,-0.14,1.19
2016-02-24,000030,7.66,7.67,7.72,7.46,77990,59292396.0,3.4,0.26,0.02,1.39
2016-02-25,000030,7.7,7.15,7.97,7.03,205343,158367014.0,12.26,-6.78,-0.52,3.66
2016-02-26,000030,7.34,7.08,7.34,6.92,97941,69448040.0,5.87,-0.98,-0.07,1.75
2016-02-29,000030,6.99,6.53,7.11,6.41,79430,52763432.0,9.89,-7.77,-0.55,1.42
2016-03-01,000030,6.62,6.69,6.75,6.46,65744,43638131.0,4.44,2.45,0.16,1.17
2016-03-02,000030,6.61,7.04,7.06,6.61,77357,53310304.0,6.73,5.23,0.35,1.38
2016-03-03,000030,7.05,7.04,7.17,7.02,74703,52881142.0,2.13,0.0,0.0,1.33
2016-03-04,000030,6.98,6.8,7.17,6.66,88322,61438510.0,7.24,-3.41,-0.24,1.57
2016-03-07,000030,6.85,6.96,7.05,6.85,55875,38882664.0,2.94,2.35,0.16,1.0
2016-03-08,000030,6.99,6.91,7.0,6.55,86008,58005371.0,6.47,-0.72,-0.05,1.53
2016-03-09,000030,6.8,6.69,6.8,6.63,56638,37989305.0,2.46,-3.18,-0.22,1.01
2016-03-10,000030,6.71,6.65,6.86,6.61,61380,41440102.0,3.74,-0.6,-0.04,1.09
2016-03-11,000030,6.59,6.72,6.74,6.52,36098,23955495.0,3.31,1.05,0.07,0.64
2016-03-14,000030,6.78,6.9,7.01,6.78,71874,49737477.0,3.42,2.68,0.18,1.28
2016-03-15,000030,6.88,6.92,6.98,6.85,48148,33294032.0,1.88,0.29,0.02,0.86
2016-03-16,000030,6.96,6.76,6.96,6.65,42260,28734122.0,4.48,-2.31,-0.16,0.75
2016-03-17,000030,6.76,6.95,7.05,6.74,63609,43828575.0,4.59,2.81,0.19,1.13
2016-03-18,000030,6.98,7.2,7.33,6.95,113504,81390391.0,5.47,3.6,0.25,2.02
2016-03-21,000030,7.26,7.4,7.5,7.23,114826,84603588.0,3.75,2.78,0.2,2.05
2016-03-22,000030,7.4,7.56,8.14,7.3,138894,105688117.0,11.35,2.16,0.16,2.48
2016-03-23,000030,7.6,7.58,7.74,7.45,83055,62686206.0,3.84,0.26,0.02,1.48
2016-03-24,000030,7.46,7.73,8.16,7.42,172795,135123676.0,9.76,1.98,0.15,3.08
2016-03-25,000030,7.7,7.61,7.76,7.48,102488,77825732.0,3.62,-1.55,-0.12,1.83
2016-03-28,000030,7.61,7.5,7.72,7.46,90605,68863261.0,3.42,-1.45,-0.11,1.62
2016-03-29,000030,7.41,7.17,7.47,7.1,81160,59027792.0,4.93,-4.4,-0.33,1.44
2016-03-30,000030,7.21,7.47,7.5,7.19,68829,50607623.0,4.32,4.18,0.3,0.55
2016-03-31,000030,7.5,7.56,7.85,7.47,73519,55910011.0,5.09,1.2,0.09,0.59
2016-04-01,000030,7.55,7.49,7.64,7.34,52203,38885360.0,3.97,-0.93,-0.07,0.42
2016-04-05,000030,7.46,7.77,7.83,7.46,103843,80026350.0,4.94,3.74,0.28,0.83
2016-04-06,000030,7.78,7.94,7.95,7.67,95432,74520804.0,3.6,2.19,0.17,0.77
2016-04-07,000030,7.86,7.78,7.93,7.72,86069,67321151.0,2.64,-2.02,-0.16,0.69
2016-04-08,000030,7.7,7.51,7.75,7.44,76957,58220801.0,3.98,-3.47,-0.27,0.62
2016-04-11,000030,7.55,7.7,7.76,7.54,65488,50284508.0,2.93,2.53,0.19,0.53
2016-04-12,000030,7.68,7.6,7.68,7.53,48699,37001215.0,1.95,-1.3,-0.1,0.39
2016-04-13,000030,7.68,7.77,7.93,7.66,89348,69604281.0,3.55,2.24,0.17,0.72
2016-04-14,000030,7.83,7.8,7.89,7.68,62322,48417704.0,2.7,0.39,0.03,0.5
2016-04-15,000030,7.8,7.85,7.89,7.73,61417,47994210.0,2.05,0.64,0.05,0.49
2016-04-18,000030,7.82,7.68,7.82,7.63,41386,31826968.0,2.42,-2.17,-0.17,0.33
2016-04-19,000030,7.71,7.68,7.78,7.62,38974,29942752.0,2.08,0.0,0.0,0.31
2016-04-20,000030,7.72,7.17,7.74,6.91,105982,77107011.0,10.81,-6.64,-0.51,0.85
2016-04-21,000030,7.1,7.22,7.34,7.06,63139,45790018.0,3.91,0.7,0.05,0.51
2016-04-22,000030,7.22,7.18,7.25,7.02,34291,24557470.0,3.19,-0.55,-0.04,0.27
2016-04-25,000030,7.2,7.22,7.24,7.04,40126,28858325.0,2.79,0.56,0.04,0.32
2016-04-26,000030,7.23,7.37,7.39,7.23,42787,31366706.0,2.22,2.08,0.15,0.34
2016-04-27,000030,7.38,7.34,7.45,7.29,29415,21641915.0,2.17,-0.41,-0.03,0.24
2016-04-28,000030,7.38,7.24,7.39,7.1,36329,26207916.0,3.95,-1.36,-0.1,0.29
2016-04-29,000030,7.22,7.32,7.4,7.2,37167,27219170.0,2.76,1.1,0.08,0.3
2016-05-03,000030,7.32,7.65,7.66,7.25,76487,57724162.0,5.6,4.51,0.33,0.61
2016-05-04,000030,7.6,7.7,7.77,7.54,51951,39968396.0,3.01,0.65,0.05,0.42
2016-05-05,000030,7.66,7.73,7.75,7.6,33614,25887358.0,1.95,0.39,0.03,0.27
2016-05-06,000030,7.77,7.42,7.77,7.15,74390,55982666.0,8.02,-4.01,-0.31,0.6
2016-05-09,000030,7.41,7.21,7.41,7.15,43904,31784370.0,3.5,-2.83,-0.21,0.35
2016-05-10,000030,7.21,7.23,7.3,7.16,27342,19734814.0,1.94,0.28,0.02,0.22
2016-05-11,000030,7.27,7.11,7.3,7.1,40148,28872037.0,2.77,-1.66,-0.12,0.32
2016-05-12,000030,7.0,7.02,7.02,6.78,48798,33657881.0,3.38,-1.27,-0.09,0.39
2016-05-13,000030,6.96,6.91,7.07,6.88,26662,18610540.0,2.71,-1.57,-0.11,0.21
2016-05-16,000030,6.91,7.02,7.02,6.88,38328,26698786.0,2.03,1.59,0.11,0.31
2016-05-17,000030,7.06,6.97,7.06,6.91,41187,28710548.0,2.14,-0.71,-0.05,0.33
2016-05-18,000030,6.93,6.85,6.98,6.76,39471,27117983.0,3.16,-1.72,-0.12,0.32
2016-05-19,000030,6.86,6.83,6.94,6.79,30927,21265895.0,2.19,-0.29,-0.02,0.25
2016-05-20,000030,6.83,6.88,6.89,6.73,27088,18476940.0,2.34,0.73,0.05,0.22
2016-05-23,000030,6.91,7.09,7.1,6.88,53165,37215028.0,3.2,3.05,0.21,0.43
2016-05-24,000030,7.06,6.98,7.08,6.91,44380,30993390.0,2.4,-1.55,-0.11,0.36
2016-05-25,000030,7.01,6.93,7.05,6.9,30762,21478910.0,2.15,-0.72,-0.05,0.25
2016-05-26,000030,6.88,6.93,6.95,6.76,33416,22871710.0,2.74,0.0,0.0,0.27
2016-05-27,000030,6.94,7.04,7.05,6.84,43834,30528875.0,3.03,1.59,0.11,0.35
2016-05-30,000030,6.99,6.98,7.02,6.85,27007,18781535.0,2.41,-0.85,-0.06,0.22
2016-05-31,000030,6.97,7.23,7.24,6.96,76193,54447129.0,4.01,3.58,0.25,0.61
2016-06-01,000030,7.23,7.16,7.27,7.15,65373,47039919.0,1.66,-0.97,-0.07,0.52
2016-06-02,000030,7.15,7.18,7.19,7.11,50109,35826948.0,1.12,0.28,0.02,0.4
2016-06-03,000030,7.17,7.21,7.23,7.12,47979,34454974.0,1.53,0.42,0.03,0.38
2016-06-06,000030,7.21,7.13,7.22,7.1,48743,34800153.0,1.66,-1.11,-0.08,0.39
2016-06-07,000030,7.11,7.02,7.12,6.89,91722,63983577.0,3.23,-1.54,-0.11,0.74
2016-06-08,000030,7.01,6.98,7.02,6.89,47097,32791271.0,1.85,-0.57,-0.04,0.38
2016-06-13,000030,6.92,6.86,7.11,6.85,80358,56300264.0,3.72,-1.72,-0.12,0.64
2016-06-14,000030,6.82,6.9,6.94,6.82,51744,35608758.0,1.75,0.58,0.04,0.41
2016-06-15,000030,6.83,7.13,7.15,6.79,75096,52856008.0,5.22,3.33,0.23,0.6
2016-06-16,000030,7.12,7.23,7.55,6.99,128483,92759217.0,7.85,1.4,0.1,1.03
2016-06-17,000030,7.23,7.15,7.28,7.11,79773,57524901.0,2.35,-1.11,-0.08,0.64
2016-06-20,000030,7.15,7.26,7.35,7.12,68198,49290604.0,3.22,1.54,0.11,0.55
2016-06-21,000030,7.29,7.17,7.32,7.14,63142,45742212.0,2.48,-1.24,-0.09,0.51
2016-06-22,000030,7.13,7.24,7.24,7.1,48417,34822915.0,1.95,0.98,0.07,0.39
2016-06-23,000030,7.25,7.2,7.29,7.14,46572,33553128.0,2.07,-0.55,-0.04,0.37
2016-06-24,000030,7.2,7.04,7.22,6.88,74963,53010964.0,4.72,-2.22,-0.16,0.6
2016-06-27,000030,6.96,7.18,7.19,6.91,50123,35650911.0,3.98,1.99,0.14,0.4
2016-06-28,000030,7.04,7.08,7.08,6.96,67296,47292338.0,1.67,-1.39,-0.1,0.54
2016-06-29,000030,7.08,7.12,7.15,7.01,119628,84917157.0,1.98,0.56,0.04,0.96
2016-06-30,000030,7.1,7.17,7.24,7.07,85719,61432178.0,2.39,0.7,0.05,0.69
2016-07-01,000030,7.2,7.14,7.22,7.1,52975,37945247.0,1.67,-0.42,-0.03,0.42
2016-07-04,000030,7.1,7.26,7.29,7.1,79093,57196869.0,2.66,1.68,0.12,0.63
2016-07-05,000030,7.27,7.3,7.31,7.22,88844,64607018.0,1.24,0.55,0.04,0.71
2016-07-06,000030,7.3,7.28,7.31,7.21,63262,45896185.0,1.37,-0.27,-0.02,0.51
2016-07-07,000030,7.26,7.26,7.3,7.19,69672,50454994.0,1.51,-0.27,-0.02,0.56
2016-07-08,000030,7.27,7.26,7.37,7.22,81012,59140911.0,2.07,0.0,0.0,0.65
2016-07-11,000030,7.27,7.27,7.43,7.23,85284,62651063.0,2.75,0.14,0.01,0.68
2016-07-12,000030,7.27,7.49,7.5,7.26,114160,84258060.0,3.3,3.03,0.22,0.92
2016-07-13,000030,7.45,7.53,7.56,7.42,88636,66531080.0,1.87,0.53,0.04,0.71
2016-07-25,000030,7.98,7.75,7.98,7.54,180559,139942557.0,5.84,2.92,0.22,1.45
2016-07-26,000030,7.6,8.15,8.29,7.6,209201,169247099.0,8.9,5.16,0.4,1.68
2016-07-27,000030,8.08,7.64,8.11,7.5,177602,139352136.0,7.48,-6.26,-0.51,1.42
2016-07-28,000030,7.6,7.93,7.98,7.55,151664,118730646.0,5.63,3.8,0.29,1.22
2016-07-29,000030,7.87,7.68,7.91,7.61,98743,76138228.0,3.78,-3.15,-0.25,0.79
2016-08-01,000030,7.63,7.29,7.64,7.2,110205,80619005.0,5.73,-5.08,-0.39,0.88
2016-08-02,000030,7.26,7.35,7.37,7.25,52696,38542148.0,1.65,0.82,0.06,0.42
2016-08-03,000030,7.35,7.36,7.41,7.3,51100,37571395.0,1.5,0.14,0.01,0.41
2016-08-04,000030,7.36,7.45,7.46,7.31,58960,43541441.0,2.04,1.22,0.09,0.47
2016-08-05,000030,7.43,7.51,7.6,7.37,76830,57477289.0,3.09,0.81,0.06,0.62
2016-08-08,000030,7.47,7.68,7.72,7.42,68268,52035516.0,3.99,2.26,0.17,0.55
2016-08-09,000030,7.66,7.68,7.74,7.59,57774,44185511.0,1.95,0.0,0.0,0.46
2016-08-10,000030,7.65,7.59,7.7,7.55,55934,42574378.0,1.95,-1.17,-0.09,0.45
2016-08-11,000030,7.58,7.42,7.59,7.41,55377,41529627.0,2.37,-2.24,-0.17,0.44
2016-08-12,000030,7.43,7.55,7.58,7.43,41833,31416107.0,2.02,1.75,0.13,0.34
2016-08-15,000030,7.51,7.69,7.73,7.5,62647,47940665.0,3.05,1.85,0.14,0.5
2016-08-16,000030,7.67,7.73,7.76,7.67,69318,53500556.0,1.17,0.52,0.04,0.56
2016-08-17,000030,7.75,7.77,7.78,7.66,57782,44727839.0,1.55,0.52,0.04,0.46
2016-08-18,000030,7.77,7.75,7.8,7.7,45269,35075778.0,1.29,-0.26,-0.02,0.36
2016-08-19,000030,7.72,7.75,7.76,7.67,43148,33229564.0,1.16,0.0,0.0,0.35
2016-08-22,000030,7.75,7.67,7.76,7.66,35642,27457381.0,1.29,-1.03,-0.08,0.29
2016-08-23,000030,7.66,7.75,7.76,7.63,37168,28691489.0,1.69,1.04,0.08,0.3
2016-08-24,000030,7.75,7.76,7.78,7.7,31409,24337988.0,1.03,0.13,0.01,0.25
2016-08-25,000030,7.76,7.61,7.76,7.54,45893,34963180.0,2.84,-1.93,-0.15,0.37
2016-08-26,000030,7.61,7.71,7.8,7.61,43979,33960993.0,2.5,1.31,0.1,0.35
2016-08-29,000030,7.92,8.2,8.38,7.85,230383,187568193.0,6.87,6.36,0.49,1.85
2016-08-30,000030,8.2,8.77,8.89,8.12,341911,294529312.0,9.39,6.95,0.57,2.74
2016-08-31,000030,8.7,8.59,8.72,8.44,189846,162699880.0,3.19,-2.05,-0.18,1.52
2016-09-01,000030,8.6,8.61,8.76,8.49,128057,110178836.0,3.14,0.23,0.02,1.03
2016-09-02,000030,8.65,8.3,8.65,8.28,129949,108941123.0,4.3,-3.6,-0.31,1.04
2016-09-05,000030,8.32,8.4,8.65,8.3,103006,87253193.0,4.22,1.2,0.1,0.83
2016-09-06,000030,8.34,8.48,8.63,8.31,104551,88922105.0,3.81,0.95,0.08,0.84
2016-09-07,000030,8.5,8.49,8.67,8.46,88999,76132252.0,2.48,0.12,0.01,0.71
2016-09-08,000030,8.51,9.2,9.27,8.49,366031,323478736.0,9.19,8.36,0.71,2.93
2016-09-09,000030,9.01,9.06,9.24,8.9,279040,253504022.0,3.7,-1.52,-0.14,2.24
2016-09-12,000030,8.71,8.98,9.12,8.71,247209,221468040.0,4.53,-0.88,-0.08,1.98
2016-09-13,000030,8.95,9.23,9.64,8.95,306274,287218240.0,7.68,2.78,0.25,2.46
2016-09-14,000030,9.16,8.97,9.25,8.82,160363,144245236.0,4.66,-2.82,-0.26,1.29
2016-09-19,000030,8.98,9.4,9.47,8.98,142265,131958762.0,5.46,4.79,0.43,1.14
2016-09-20,000030,9.34,9.45,9.56,9.25,125907,118797425.0,3.3,0.53,0.05,1.01
2016-09-21,000030,9.45,9.68,9.82,9.33,135831,130959875.0,5.19,2.43,0.23,1.09
2016-09-22,000030,9.7,9.87,10.05,9.69,158020,156158556.0,3.72,1.96,0.19,1.27
2016-09-23,000030,9.87,9.66,10.06,9.57,121760,119513413.0,4.96,-2.13,-0.21,0.98
2016-09-26,000030,9.65,9.4,9.79,9.37,122875,117501557.0,4.35,-2.69,-0.26,0.99
2016-09-27,000030,9.4,9.64,9.68,9.39,104270,99479165.0,3.09,2.55,0.24,0.84
2016-09-28,000030,9.6,9.33,9.61,9.22,88683,83002819.0,4.05,-3.22,-0.31,0.71
2016-09-29,000030,9.34,9.34,9.56,9.32,68374,64465936.0,2.57,0.11,0.01,0.55
2016-09-30,000030,9.35,9.4,9.52,9.32,63999,60367544.0,2.14,0.64,0.06,0.51
2016-10-10,000030,9.53,9.45,9.54,9.27,82064,77173614.0,2.87,0.53,0.05,0.66
2016-10-11,000030,9.42,9.32,9.52,9.26,90320,84570661.0,2.75,-1.38,-0.13,0.72
2016-10-12,000030,9.27,9.0,9.38,8.92,181393,164401286.0,4.94,-3.43,-0.32,1.45
2016-10-13,000030,9.01,9.03,9.06,8.94,117761,106047548.0,1.33,0.33,0.03,0.94
2016-10-14,000030,9.0,9.12,9.15,8.99,107241,97397105.0,1.77,1.0,0.09,0.86
2016-10-17,000030,9.14,8.8,9.17,8.76,114104,102174593.0,4.5,-3.51,-0.32,0.91
2016-10-18,000030,8.79,8.95,8.97,8.74,115047,102001424.0,2.61,1.7,0.15,0.92
2016-10-19,000030,8.96,8.87,9.04,8.85,60460,53865074.0,2.12,-0.89,-0.08,0.48
2016-10-20,000030,8.87,8.89,8.97,8.87,50076,44677316.0,1.13,0.23,0.02,0.4
2016-10-21,000030,8.89,9.05,9.12,8.88,129000,116133289.0,2.7,1.8,0.16,1.03
2016-10-24,000030,9.05,9.05,9.11,9.0,72673,65717956.0,1.22,0.0,0.0,0.58
2016-10-25,000030,9.07,9.26,9.28,9.02,120361,110724758.0,2.87,2.32,0.21,0.97
2016-10-26,000030,9.26,9.0,9.27,8.95,103599,93968005.0,3.46,-2.81,-0.26,0.83
2016-10-27,000030,9.02,8.93,9.07,8.87,62620,56160049.0,2.22,-0.78,-0.07,0.5
2016-10-28,000030,8.95,9.06,9.13,8.91,71001,64187380.0,2.46,1.46,0.13,0.57
2016-10-31,000030,9.03,9.28,9.31,9.0,178968,164729697.0,3.42,2.43,0.22,1.43
2016-11-01,000030,9.31,9.32,9.49,9.26,119089,111649801.0,2.48,0.43,0.04,0.95
2016-11-02,000030,9.32,9.4,9.48,9.18,120418,112636855.0,3.22,0.86,0.08,0.97
2016-11-03,000030,9.5,9.4,9.54,9.36,103936,98196248.0,1.91,0.0,0.0,0.83
2016-11-04,000030,9.4,9.21,9.48,9.08,130798,121223762.0,4.26,-2.02,-0.19,1.05
2016-11-07,000030,9.12,9.11,9.26,9.06,68211,62414779.0,2.17,-1.09,-0.1,0.55
2016-11-08,000030,9.18,9.12,9.19,9.05,69618,63344410.0,1.54,0.11,0.01,0.56
2016-11-09,000030,9.13,8.91,9.13,8.8,82195,73549971.0,3.62,-2.3,-0.21,0.66
2016-11-10,000030,9.03,9.21,9.24,9.02,83913,76522595.0,2.47,3.37,0.3,0.67
2016-11-11,000030,9.22,9.16,9.31,9.08,67441,62032138.0,2.5,-0.54,-0.05,0.54
2016-11-14,000030,9.19,9.08,9.19,9.03,68683,62537771.0,1.75,-0.87,-0.08,0.55
2016-11-15,000030,9.07,9.14,9.14,9.01,39770,36081879.0,1.43,0.66,0.06,0.32
2016-11-16,000030,9.13,9.3,9.31,9.08,72799,67227520.0,2.52,1.75,0.16,0.58
2016-11-17,000030,9.29,9.21,9.29,9.16,38767,35666171.0,1.4,-0.97,-0.09,0.31
2016-11-18,000030,9.26,9.13,9.26,9.08,40991,37573477.0,1.95,-0.87,-0.08,0.33
2016-11-21,000030,9.14,9.07,9.2,9.01,66118,60020655.0,2.08,-0.66,-0.06,0.53
2016-11-22,000030,9.07,9.12,9.16,9.04,68448,62281131.0,1.32,0.55,0.05,0.55
2016-11-23,000030,9.12,9.07,9.15,9.04,42259,38357711.0,1.21,-0.55,-0.05,0.34
2016-11-24,000030,9.08,8.98,9.08,8.9,61890,55537174.0,1.98,-0.99,-0.09,0.5
2016-11-25,000030,8.98,8.96,8.99,8.8,67313,59780198.0,2.12,-0.22,-0.02,0.54
2016-11-28,000030,8.97,8.97,9.01,8.89,37498,33546591.0,1.34,0.11,0.01,0.3
2016-11-29,000030,8.93,8.89,9.0,8.88,53632,47962068.0,1.34,-0.89,-0.08,0.43
2016-11-30,000030,8.9,8.93,8.96,8.83,45811,40805103.0,1.46,0.45,0.04,0.37
2016-12-01,000030,8.9,9.1,9.2,8.9,98817,89783906.0,3.36,1.9,0.17,0.79
2016-12-02,000030,9.09,8.97,9.15,8.9,66602,60164216.0,2.75,-1.43,-0.13,0.53
2016-12-05,000030,8.95,8.95,9.11,8.9,55245,49884504.0,2.34,-0.22,-0.02,0.44
2016-12-06,000030,8.95,8.89,9.02,8.88,28805,25720776.0,1.56,-0.67,-0.06,0.23
2016-12-07,000030,8.95,9.11,9.13,8.9,66043,59807035.0,2.59,2.47,0.22,0.53
2016-12-08,000030,9.14,9.02,9.14,8.98,36290,32785699.0,1.76,-0.99,-0.09,0.29
2016-12-09,000030,9.01,9.03,9.08,8.93,47813,43054060.0,1.66,0.11,0.01,0.38
2016-12-12,000030,9.02,8.18,9.02,8.13,127446,108235849.0,9.86,-9.41,-0.85,1.02
2016-12-13,000030,8.18,8.22,8.29,7.93,90766,73525373.0,4.4,0.49,0.04,0.73
2016-12-14,000030,8.16,8.24,8.37,8.16,49992,41437205.0,2.55,0.24,0.02,0.4
2016-12-15,000030,8.27,8.36,8.4,8.16,62588,51877291.0,2.91,1.46,0.12,0.5
2016-12-16,000030,8.3,8.37,8.51,8.3,52106,43810453.0,2.51,0.12,0.01,0.42
2016-12-19,000030,8.37,8.4,8.5,8.31,57729,48684431.0,2.27,0.36,0.03,0.46
2016-12-20,000030,8.4,8.44,8.54,8.37,67247,57044757.0,2.02,0.48,0.04,0.54
2016-12-21,000030,8.46,8.54,8.56,8.46,49321,41986760.0,1.18,1.18,0.1,0.4
2016-12-22,000030,8.52,8.62,8.69,8.52,45812,39543652.0,1.99,0.94,0.08,0.37
2016-12-23,000030,8.63,8.76,8.83,8.63,65022,56878817.0,2.32,1.62,0.14,0.52
2016-12-26,000030,8.8,8.58,8.8,8.37,69211,58792016.0,4.91,-2.05,-0.18,0.55
2016-12-27,000030,8.58,8.54,8.65,8.53,39221,33622573.0,1.4,-0.47,-0.04,0.31
2016-12-28,000030,8.54,8.58,8.6,8.4,59457,50541010.0,2.34,0.47,0.04,0.48
2016-12-29,000030,8.55,8.56,8.67,8.5,39734,34109063.0,1.98,-0.23,-0.02,0.32
2016-12-30,000030,8.56,8.5,8.63,8.48,24072,20561633.0,1.75,-0.7,-0.06,0.19
2017-01-03,000030,8.54,8.66,8.67,8.46,82736,70975307.0,2.47,1.88,0.16,0.66
2017-01-04,000030,8.64,8.69,8.72,8.51,53622,46175575.0,2.42,0.35,0.03,0.43
2017-01-05,000030,8.67,8.57,8.8,8.57,73245,63395105.0,2.65,-1.38,-0.12,0.59
2017-01-06,000030,8.57,8.7,8.75,8.57,82536,71273621.0,2.1,1.52,0.13,0.66
2017-01-09,000030,8.75,8.65,8.75,8.55,71843,62012732.0,2.3,-0.57,-0.05,0.58
2017-01-10,000030,8.61,8.57,8.69,8.5,64386,55392878.0,2.2,-0.92,-0.08,0.52
2017-01-11,000030,8.56,8.41,8.59,8.4,40774,34616252.0,2.22,-1.87,-0.16,0.33
2017-01-12,000030,8.44,8.3,8.46,8.2,30572,25640808.0,3.09,-1.31,-0.11,0.25
2017-01-13,000030,8.28,8.08,8.31,8.05,69466,56647921.0,3.13,-2.65,-0.22,0.56
2017-01-16,000030,8.06,8.04,8.23,7.91,76620,61894976.0,3.96,-0.5,-0.04,0.62
2017-01-17,000030,8.02,8.02,8.13,7.94,84046,67528277.0,2.36,-0.25,-0.02,0.67
2017-01-18,000030,8.09,8.11,8.12,8.01,45889,36983016.0,1.37,1.12,0.09,0.37
2017-01-19,000030,8.07,8.02,8.09,7.99,41520,33362727.0,1.23,-1.11,-0.09,0.33
2017-01-20,000030,8.02,8.11,8.15,7.99,64508,52087893.0,2.0,1.12,0.09,0.52
2017-01-23,000030,8.11,8.15,8.17,8.08,47114,38279842.0,1.11,0.49,0.04,0.38
2017-01-24,000030,8.14,8.27,8.31,8.14,84550,69658546.0,2.09,1.47,0.12,0.68
2017-01-25,000030,8.26,8.22,8.26,8.18,51421,42208461.0,0.97,-0.6,-0.05,0.41
2017-01-26,000030,8.24,8.23,8.26,8.21,28870,23765018.0,0.61,0.12,0.01,0.23
2017-02-03,000030,8.27,8.28,8.29,8.18,45763,37648650.0,1.34,0.61,0.05,0.37
2017-02-06,000030,8.25,8.34,8.37,8.23,58374,48475214.0,1.69,0.72,0.06,0.47
2017-02-07,000030,8.33,8.39,8.5,8.29,73644,62050721.0,2.52,0.6,0.05,0.59
2017-02-08,000030,8.37,8.44,8.46,8.29,45732,38267321.0,2.03,0.6,0.05,0.37
2017-02-09,000030,8.42,8.5,8.85,8.42,70633,60319573.0,5.09,0.71,0.06,0.57
2017-02-10,000030,8.51,8.45,8.52,8.44,52315,44332745.0,0.94,-0.59,-0.05,0.42
2017-02-13,000030,8.46,8.45,8.5,8.41,70356,59494143.0,1.07,0.0,0.0,0.56
2017-02-14,000030,8.45,8.41,8.52,8.37,69526,58616963.0,1.78,-0.47,-0.04,0.56
2017-02-15,000030,8.38,8.39,8.47,8.31,49213,41396431.0,1.9,-0.24,-0.02,0.4
2017-02-16,000030,8.39,8.5,8.52,8.37,48164,40715752.0,1.79,1.31,0.11,0.39
2017-02-17,000030,8.53,8.4,8.53,8.38,42178,35619240.0,1.76,-1.18,-0.1,0.34
2017-02-20,000030,8.4,8.59,8.6,8.4,69294,59013395.0,2.38,2.26,0.19,0.56
2017-02-21,000030,8.6,8.69,8.71,8.55,84357,72896815.0,1.86,1.16,0.1,0.68
2017-02-22,000030,8.73,8.7,8.74,8.62,67918,58941028.0,1.38,0.12,0.01,0.55
2017-02-23,000030,8.69,8.76,8.77,8.61,75177,65187677.0,1.84,0.69,0.06,0.6
2017-02-24,000030,8.72,8.7,8.81,8.65,60803,52908844.0,1.83,-0.68,-0.06,0.49
2017-02-27,000030,8.65,8.5,8.69,8.5,68632,58880871.0,2.18,-2.3,-0.2,0.55
2017-02-28,000030,8.5,8.57,8.6,8.48,39842,34075720.0,1.41,0.82,0.07,0.32
2017-03-01,000030,8.57,8.64,8.68,8.5,75708,65222660.0,2.1,0.82,0.07,0.61
2017-03-02,000030,8.64,8.6,8.68,8.58,57542,49733585.0,1.16,-0.46,-0.04,0.46
2017-03-03,000030,8.59,8.64,8.66,8.54,46576,40083284.0,1.4,0.47,0.04,0.37
2017-03-06,000030,8.63,8.74,8.74,8.62,64743,56270899.0,1.39,1.16,0.1,0.52
2017-03-07,000030,8.76,8.66,8.77,8.6,60952,52793072.0,1.95,-0.92,-0.08,0.49
2017-03-08,000030,8.68,8.56,8.68,8.54,46923,40340548.0,1.62,-1.15,-0.1,0.38
2017-03-09,000030,8.56,8.58,8.6,8.48,59090,50634537.0,1.4,0.23,0.02,0.47
2017-03-10,000030,8.54,8.66,8.7,8.52,50304,43376583.0,2.1,0.93,0.08,0.4
2017-03-13,000030,8.66,8.83,8.95,8.61,103535,90658353.0,3.93,1.96,0.17,0.83
2017-03-14,000030,8.84,8.72,8.86,8.68,78033,68202654.0,2.04,-1.25,-0.11,0.63
2017-03-15,000030,8.72,8.87,8.87,8.68,71678,63015115.0,2.18,1.72,0.15,0.58
2017-03-16,000030,8.86,8.89,8.94,8.84,78806,69975754.0,1.13,0.23,0.02,0.63
2017-03-17,000030,8.9,8.71,8.93,8.68,70998,62631957.0,2.81,-2.02,-0.18,0.57
2017-03-20,000030,8.71,8.76,8.79,8.65,80977,70635443.0,1.61,0.57,0.05,0.65
2017-03-21,000030,8.74,8.68,8.75,8.62,66067,57282359.0,1.48,-0.91,-0.08,0.53
2017-03-22,000030,8.65,8.57,8.65,8.54,75038,64363588.0,1.27,-1.27,-0.11,0.6
2017-03-23,000030,8.55,8.61,8.62,8.47,80024,68449794.0,1.75,0.47,0.04,0.64
2017-03-24,000030,8.57,8.7,8.98,8.56,71229,61842119.0,4.88,1.05,0.09,0.57
2017-03-27,000030,8.68,8.54,8.68,8.51,99177,85014467.0,1.95,-1.84,-0.16,0.8
2017-03-28,000030,8.53,8.61,8.64,8.51,65310,55998640.0,1.52,0.82,0.07,0.52
2017-03-29,000030,8.64,8.67,8.92,8.57,167578,147163686.0,4.07,0.7,0.06,1.35
2017-03-30,000030,8.63,8.41,8.64,8.34,93373,79128928.0,3.46,-3.0,-0.26,0.75
2017-03-31,000030,8.4,8.42,8.45,8.37,53023,44563139.0,0.95,0.12,0.01,0.43
2017-04-05,000030,8.37,8.52,8.52,8.35,78982,66861922.0,2.02,1.19,0.1,0.63
2017-04-06,000030,8.5,8.51,8.55,8.45,76281,64762303.0,1.17,-0.12,-0.01,0.61
2017-04-07,000030,8.51,8.51,8.54,8.47,53749,45680798.0,0.82,0.0,0.0,0.43
2017-04-10,000030,8.48,8.44,8.5,8.42,75432,63773151.0,0.94,-0.82,-0.07,0.61
2017-04-11,000030,8.44,8.54,8.57,8.41,69963,59335176.0,1.9,1.18,0.1,0.56
2017-04-12,000030,8.57,8.6,8.67,8.48,99077,85235386.0,2.22,0.7,0.06,0.8
2017-04-13,000030,8.55,8.8,8.82,8.55,145603,127364250.0,3.14,2.33,0.2,1.17
2017-04-14,000030,8.75,8.62,8.78,8.53,103340,89377908.0,2.84,-2.05,-0.18,0.83
2017-04-17,000030,8.61,8.57,8.67,8.46,50904,43589186.0,2.44,-0.58,-0.05,0.41
2017-04-18,000030,8.58,8.57,8.66,8.48,72420,62188678.0,2.1,0.0,0.0,0.58
2017-04-19,000030,8.5,8.41,8.53,8.21,80371,67037544.0,3.73,-1.87,-0.16,0.65
2017-04-20,000030,8.39,8.44,8.46,8.35,42639,35841864.0,1.31,0.36,0.03,0.34
2017-04-21,000030,8.43,8.45,8.5,8.36,40458,34047250.0,1.66,0.12,0.01,0.32
2017-04-24,000030,8.44,8.22,8.45,8.16,53603,44284070.0,3.43,-2.72,-0.23,0.43
2017-04-25,000030,8.21,8.27,8.32,8.12,36705,30272699.0,2.43,0.61,0.05,0.29
2017-04-26,000030,8.27,8.34,8.35,8.21,32986,27392717.0,1.69,0.85,0.07,0.26
2017-04-27,000030,8.33,8.28,8.33,8.09,38345,31499543.0,2.88,-0.72,-0.06,0.31
2017-04-28,000030,8.42,8.5,8.55,8.41,78388,66560910.0,1.69,2.66,0.22,0.63
2017-05-02,000030,8.46,8.47,8.55,8.46,49895,42380762.0,1.06,-0.35,-0.03,0.4
2017-05-03,000030,8.5,8.61,8.62,8.43,57736,49289235.0,2.24,1.65,0.14,0.46
2017-05-04,000030,8.61,8.59,8.66,8.49,64588,55533986.0,1.97,-0.23,-0.02,0.52
2017-05-05,000030,8.57,8.48,8.57,8.4,47734,40522283.0,1.98,-1.28,-0.11,0.38
2017-05-08,000030,8.43,8.4,8.56,8.4,42799,36331218.0,1.89,-0.94,-0.08,0.34
2017-05-09,000030,8.39,8.45,8.49,8.34,38611,32504759.0,1.79,0.6,0.05,0.31
2017-05-10,000030,8.46,8.16,8.48,8.1,57878,48268652.0,4.5,-3.43,-0.29,0.46
2017-05-11,000030,8.1,8.05,8.13,7.87,62862,50228437.0,3.19,-1.35,-0.11,0.5
2017-05-12,000030,8.09,8.24,8.28,8.0,68614,56252090.0,3.48,2.36,0.19,0.55
2017-05-15,000030,8.25,8.27,8.33,8.18,21756,18012540.0,1.82,0.36,0.03,0.17
2017-05-16,000030,8.22,8.39,8.41,8.21,31332,25965004.0,2.42,1.45,0.12,0.25
2017-05-17,000030,8.36,8.38,8.42,8.28,32641,27284738.0,1.67,-0.12,-0.01,0.26
2017-05-18,000030,8.33,8.26,8.37,8.25,26417,21947768.0,1.43,-1.43,-0.12,0.21
2017-05-19,000030,8.27,8.26,8.33,8.2,16433,13582931.0,1.57,0.0,0.0,0.13
2017-05-22,000030,8.26,8.24,8.3,8.19,52293,43138138.0,1.33,-0.24,-0.02,0.42
2017-05-23,000030,8.26,8.26,8.4,8.22,50132,41579713.0,2.18,0.24,0.02,0.4
2017-05-24,000030,8.26,8.27,8.27,7.92,35241,28491049.0,4.24,0.12,0.01,0.28
2017-05-25,000030,8.22,8.3,8.37,8.12,32048,26413432.0,3.02,0.36,0.03,0.26
2017-05-26,000030,8.3,8.3,8.34,8.25,28821,23899980.0,1.08,0.0,0.0,0.23
2017-05-31,000030,8.35,8.29,8.4,8.23,46117,38348338.0,2.05,-0.12,-0.01,0.37
2017-06-01,000030,8.23,8.18,8.28,7.98,40650,33100043.0,3.62,-1.33,-0.11,0.33
2017-06-02,000030,8.12,8.18,8.2,7.99,29702,24032392.0,2.57,0.0,0.0,0.24
2017-06-05,000030,8.18,8.23,8.28,8.15,25564,21050481.0,1.59,0.61,0.05,0.21
2017-06-06,000030,8.22,8.29,8.29,8.16,25500,20975778.0,1.58,0.73,0.06,0.2
2017-06-07,000030,8.28,8.43,8.45,8.23,58151,48734907.0,2.65,1.69,0.14,0.47
2017-06-08,000030,8.44,8.61,8.64,8.36,83286,70874967.0,3.32,2.14,0.18,0.67
2017-06-09,000030,8.58,8.65,8.67,8.53,71464,61555067.0,1.63,0.46,0.04,0.57
2017-06-12,000030,8.64,8.51,8.66,8.47,39337,33747637.0,2.2,-1.62,-0.14,0.32
2017-06-13,000030,8.5,8.79,8.81,8.46,99865,86475259.0,4.11,3.29,0.28,0.8
2017-06-14,000030,8.8,8.73,8.81,8.67,59432,51863559.0,1.59,-0.68,-0.06,0.48
2017-06-15,000030,8.73,8.68,8.78,8.62,46457,40460160.0,1.83,-0.57,-0.05,0.37
2017-06-16,000030,8.69,8.78,8.78,8.62,51869,45312382.0,1.84,1.15,0.1,0.42
2017-06-19,000030,8.77,8.78,8.85,8.68,54929,48139362.0,1.94,0.0,0.0,0.44
2017-06-20,000030,8.78,8.74,8.81,8.66,45129,39353246.0,1.71,-0.46,-0.04,0.36
2017-06-21,000030,8.74,8.78,8.78,8.63,39818,34681711.0,1.72,0.46,0.04,0.32
2017-06-22,000030,8.77,8.74,8.96,8.6,125406,110842966.0,4.1,-0.46,-0.04,1.01
2017-06-23,000030,8.62,8.8,8.81,8.58,52751,45786624.0,2.63,0.69,0.06,0.42
2017-06-26,000030,8.79,9.14,9.19,8.76,142354,128577688.0,4.89,3.86,0.34,1.14
2017-06-27,000030,9.14,9.16,9.18,9.02,74986,68142853.0,1.75,0.22,0.02,0.6
2017-06-28,000030,8.95,8.85,8.95,8.78,66502,58805752.0,1.86,-3.38,-0.31,0.53
2017-06-29,000030,8.8,8.83,8.89,8.74,58715,51714953.0,1.69,-0.23,-0.02,0.47
2017-06-30,000030,8.77,8.94,8.99,8.72,74831,66225860.0,3.06,1.25,0.11,0.6
2017-07-03,000030,8.95,8.97,9.0,8.83,77475,69129652.0,1.9,0.34,0.03,0.62
2017-07-04,000030,8.93,8.89,9.08,8.85,78518,70215226.0,2.56,-0.89,-0.08,0.63
2017-07-05,000030,8.87,8.89,8.9,8.77,59930,52983842.0,1.46,0.0,0.0,0.48
2017-07-06,000030,8.86,8.91,8.98,8.78,84159,74835839.0,2.25,0.22,0.02,0.67
2017-07-07,000030,8.86,9.01,9.03,8.82,86086,76990440.0,2.36,1.12,0.1,0.69
2017-07-10,000030,9.01,8.99,9.02,8.88,64552,57788793.0,1.55,-0.22,-0.02,0.52
2017-07-11,000030,8.95,8.82,8.95,8.72,84712,74748568.0,2.56,-1.89,-0.17,0.68
2017-07-12,000030,8.79,8.68,8.79,8.51,74829,64532153.0,3.17,-1.59,-0.14,0.6
2017-07-13,000030,8.67,8.72,8.77,8.65,45129,39299176.0,1.38,0.46,0.04,0.36
2017-07-14,000030,8.71,8.67,8.72,8.56,60158,52058946.0,1.83,-0.57,-0.05,0.48
2017-07-17,000030,8.63,8.45,8.67,8.39,81902,69534869.0,3.23,-2.54,-0.22,0.65
2017-07-18,000030,8.39,8.64,8.64,8.3,59707,50691686.0,4.02,2.25,0.19,0.48
2017-07-19,000030,8.6,8.83,8.89,8.53,102424,89713198.0,4.17,2.2,0.19,0.82
2017-07-20,000030,8.88,8.81,8.93,8.79,59282,52425964.0,1.59,-0.23,-0.02,0.47
2017-07-21,000030,8.8,9.03,9.05,8.77,125114,111816864.0,3.18,2.5,0.22,1.0
2017-07-24,000030,9.12,9.32,9.45,9.07,184608,172393072.0,4.21,3.21,0.29,1.47
2017-07-25,000030,9.28,9.27,9.33,9.15,67681,62390169.0,1.93,-0.54,-0.05,0.54
2017-07-26,000030,9.24,9.17,9.29,9.08,84477,77270658.0,2.27,-1.08,-0.1,0.67
2017-07-27,000030,9.12,9.2,9.3,9.09,78431,72091400.0,2.29,0.33,0.03,0.63
2017-07-28,000030,9.21,9.34,9.42,9.1,110958,103333073.0,3.48,1.52,0.14,0.89
2017-07-31,000030,9.38,9.47,9.57,9.27,118298,111699907.0,3.21,1.39,0.13,0.94
2017-08-01,000030,9.42,9.2,9.5,9.16,103623,95898588.0,3.59,-2.85,-0.27,0.83
2017-08-02,000030,9.18,9.24,9.37,9.09,91311,84383918.0,3.04,0.43,0.04,0.73
2017-08-03,000030,9.22,9.65,9.7,9.21,200638,191521224.0,5.3,4.44,0.41,1.6
2017-08-04,000030,9.67,9.54,9.75,9.38,149368,142562501.0,3.83,-1.14,-0.11,1.19
2017-08-07,000030,9.45,9.55,9.57,9.39,73000,69057115.0,1.89,0.1,0.01,0.58
2017-08-08,000030,9.55,9.35,9.7,9.22,97983,91492055.0,5.03,-2.09,-0.2,0.78
2017-08-09,000030,9.36,9.27,9.37,9.18,60918,56362306.0,2.03,-0.86,-0.08,0.49
2017-08-10,000030,9.27,9.19,9.32,9.02,66034,60556022.0,3.24,-0.86,-0.08,0.53
2017-08-11,000030,9.14,8.94,9.14,8.83,98042,87690983.0,3.37,-2.72,-0.25,0.78
2017-08-14,000030,8.92,9.06,9.09,8.92,53420,48075405.0,1.9,1.34,0.12,0.43
2017-08-15,000030,9.04,9.03,9.27,8.89,50398,45288575.0,4.19,-0.33,-0.03,0.4
2017-08-16,000030,9.03,9.01,9.03,8.91,44190,39678461.0,1.33,-0.22,-0.02,0.35
2017-08-17,000030,8.96,9.11,9.11,8.96,71475,64638441.0,1.66,1.11,0.1,0.57
2017-08-18,000030,9.05,9.13,9.16,9.03,67514,61479795.0,1.43,0.22,0.02,0.54
2017-08-21,000030,9.11,9.21,9.23,9.08,42941,39439516.0,1.64,0.88,0.08,0.34
2017-08-22,000030,9.19,9.06,9.22,8.97,52948,48114410.0,2.71,-1.63,-0.15,0.42
2017-08-23,000030,9.06,9.04,9.08,8.98,40813,36870482.0,1.1,-0.22,-0.02,0.33
2017-08-24,000030,9.05,9.03,9.06,8.9,33074,29741991.0,1.77,-0.11,-0.01,0.26
2017-08-25,000030,8.98,9.15,9.16,8.98,61296,55777351.0,1.99,1.33,0.12,0.49
2017-08-28,000030,9.17,9.27,9.28,9.13,59397,54793503.0,1.64,1.31,0.12,0.47
2017-08-29,000030,9.3,9.16,9.3,9.09,83376,76532110.0,2.27,-1.19,-0.11,0.67
2017-08-30,000030,9.15,9.23,9.5,9.15,49829,45883686.0,3.82,0.76,0.07,0.4
2017-08-31,000030,9.27,9.07,9.27,9.05,77170,70509522.0,2.38,-1.73,-0.16,0.62
2017-09-01,000030,9.07,9.13,9.16,9.05,57533,52457264.0,1.21,0.66,0.06,0.46
2017-09-04,000030,9.14,9.03,9.14,8.98,79937,72363372.0,1.75,-1.1,-0.1,0.64
2017-09-05,000030,9.03,9.07,9.09,9.01,47849,43346617.0,0.89,0.44,0.04,0.38
2017-09-06,000030,9.05,9.26,9.28,9.01,108121,99365758.0,2.98,2.09,0.19,0.86
2017-09-07,000030,9.26,9.33,9.43,9.23,107881,100638752.0,2.16,0.76,0.07,0.86
2017-09-08,000030,9.35,9.14,9.35,8.98,119517,109701395.0,3.97,-2.04,-0.19,0.95
2017-09-11,000030,9.12,9.43,9.43,9.12,137894,128308547.0,3.39,3.17,0.29,1.1
2017-09-12,000030,9.46,9.31,9.48,9.15,143259,133465558.0,3.5,-1.27,-0.12,1.14
2017-09-13,000030,9.25,9.26,9.28,9.12,73802,67886143.0,1.72,-0.54,-0.05,0.59
2017-09-14,000030,9.23,9.15,9.34,9.09,71106,65336289.0,2.7,-1.19,-0.11,0.57
2017-09-15,000030,9.16,9.01,9.17,8.99,88111,79697206.0,1.97,-1.53,-0.14,0.7
2017-09-18,000030,9.03,9.05,9.07,8.92,63488,57310385.0,1.66,0.44,0.04,0.51
2017-09-19,000030,9.04,8.96,9.05,8.89,67998,61006600.0,1.77,-0.99,-0.09,0.54
2017-09-20,000030,8.95,8.99,9.02,8.9,40749,36512885.0,1.34,0.33,0.03,0.33
2017-09-21,000030,8.99,8.96,9.03,8.95,32457,29160761.0,0.89,-0.33,-0.03,0.26
2017-09-22,000030,8.91,8.95,9.0,8.85,46053,41078759.0,1.67,-0.11,-0.01,0.37
2017-09-25,000030,8.96,8.84,9.06,8.83,39881,35625528.0,2.57,-1.23,-0.11,0.32
2017-09-26,000030,8.84,8.76,8.88,8.7,40945,35874469.0,2.04,-0.9,-0.08,0.33
2017-09-27,000030,8.77,8.87,8.88,8.72,35224,31058058.0,1.83,1.26,0.11,0.28
2017-09-28,000030,8.87,8.76,8.87,8.73,35257,30976512.0,1.58,-1.24,-0.11,0.28
2017-09-29,000030,8.8,8.8,8.85,8.78,23585,20768183.0,0.8,0.46,0.04,0.19
2017-10-09,000030,8.85,8.91,8.95,8.85,78785,70144179.0,1.14,1.25,0.11,0.63
2017-10-10,000030,8.93,9.02,9.03,8.91,62378,56099306.0,1.35,1.23,0.11,0.5
2017-10-11,000030,9.01,8.92,9.01,8.87,55168,49300691.0,1.55,-1.11,-0.1,0.44
2017-10-12,000030,8.96,9.0,9.0,8.88,50978,45555810.0,1.35,0.9,0.08,0.41
2017-10-13,000030,8.99,8.98,8.99,8.92,35345,31672181.0,0.78,-0.22,-0.02,0.28
2017-10-16,000030,8.97,8.8,8.98,8.79,58208,51657825.0,2.12,-2.0,-0.18,0.46
2017-10-17,000030,8.8,8.83,8.87,8.78,38996,34442812.0,1.02,0.34,0.03,0.31
2017-10-18,000030,8.86,8.64,8.86,8.62,44512,38963353.0,2.72,-2.15,-0.19,0.36
2017-10-19,000030,8.6,8.5,8.69,8.44,56871,48658282.0,2.89,-1.62,-0.14,0.45
2017-10-20,000030,8.5,8.66,8.66,8.48,36995,31772895.0,2.12,1.88,0.16,0.3
2017-10-23,000030,8.65,8.71,8.88,8.61,40187,34925580.0,3.12,0.58,0.05,0.32
2017-10-24,000030,8.7,8.69,8.79,8.63,27065,23498608.0,1.84,-0.23,-0.02,0.22
2017-10-25,000030,8.66,8.75,8.77,8.66,39216,34233175.0,1.27,0.69,0.06,0.31
2017-10-26,000030,8.74,8.79,8.82,8.7,43038,37764155.0,1.37,0.46,0.04,0.34
2017-10-27,000030,8.79,8.79,8.88,8.78,52325,46226239.0,1.14,0.0,0.0,0.42
2017-10-30,000030,8.79,8.72,8.83,8.58,54267,47040295.0,2.84,-0.8,-0.07,0.43
2017-10-31,000030,8.71,8.58,8.71,8.5,51218,43953170.0,2.41,-1.61,-0.14,0.41
2017-11-01,000030,8.61,8.57,8.61,8.47,77301,65998964.0,1.63,-0.12,-0.01,0.62
2017-11-02,000030,8.56,8.4,8.56,8.38,47241,39879131.0,2.1,-1.98,-0.17,0.38
2017-11-03,000030,8.4,8.4,8.65,8.35,53223,44833191.0,3.57,0.0,0.0,0.43
2017-11-06,000030,8.4,8.36,8.42,8.23,42409,35335095.0,2.26,-0.48,-0.04,0.34
2017-11-07,000030,8.35,8.41,8.43,8.32,36021,30236409.0,1.32,0.6,0.05,0.29
2017-11-08,000030,8.41,8.43,8.48,8.39,41384,34954235.0,1.07,0.24,0.02,0.33
2017-11-09,000030,8.41,8.44,8.45,8.36,29227,24571084.0,1.07,0.12,0.01,0.23
2017-11-10,000030,8.42,8.46,8.52,8.33,54131,45706051.0,2.25,0.24,0.02,0.43
2017-11-13,000030,8.46,8.52,8.52,8.42,33755,28626118.0,1.18,0.71,0.06,0.27
2017-11-14,000030,8.49,8.43,8.52,8.34,43617,36679610.0,2.11,-1.06,-0.09,0.35
2017-11-15,000030,8.42,8.4,8.44,8.33,33736,28247607.0,1.3,-0.36,-0.03,0.27
2017-11-16,000030,8.35,8.4,8.59,8.34,38497,32426498.0,2.98,0.0,0.0,0.31
2017-11-17,000030,8.37,8.14,8.42,8.1,57294,47098259.0,3.81,-3.1,-0.26,0.46
2017-11-20,000030,8.13,8.11,8.18,7.99,51434,41494714.0,2.33,-0.37,-0.03,0.41
2017-11-21,000030,8.08,8.07,8.27,8.05,42875,34762038.0,2.71,-0.49,-0.04,0.34
2017-11-22,000030,8.08,8.13,8.16,8.02,41954,33921405.0,1.73,0.74,0.06,0.34
2017-11-23,000030,8.12,7.91,8.15,7.89,50169,40165811.0,3.2,-2.71,-0.22,0.4
2017-11-24,000030,7.92,8.13,8.49,7.86,68595,55149291.0,7.96,2.78,0.22,0.55
2017-11-27,000030,8.1,7.99,8.1,7.91,41317,33145423.0,2.34,-1.72,-0.14,0.33
2017-11-28,000030,7.99,8.03,8.06,7.96,28534,22866993.0,1.25,0.5,0.04,0.23
2017-11-29,000030,8.02,8.09,8.09,8.0,31984,25763825.0,1.12,0.75,0.06,0.26
2017-11-30,000030,8.03,8.06,8.12,8.03,40533,32713748.0,1.11,-0.37,-0.03,0.32
2017-12-01,000030,8.05,8.08,8.1,8.02,23855,19246169.0,0.99,0.25,0.02,0.19
2017-12-04,000030,8.07,8.0,8.09,7.99,27598,22145165.0,1.24,-0.99,-0.08,0.22
2017-12-05,000030,7.99,7.87,8.03,7.85,38470,30457758.0,2.25,-1.63,-0.13,0.31
2017-12-06,000030,7.83,7.87,7.88,7.74,39905,31156008.0,1.78,0.0,0.0,0.32
2017-12-07,000030,7.82,7.82,7.87,7.79,19605,15360728.0,1.02,-0.64,-0.05,0.16
2017-12-08,000030,7.82,7.9,7.91,7.81,24420,19223420.0,1.28,1.02,0.08,0.2
2017-12-11,000030,7.91,7.99,8.04,7.86,30351,24141118.0,2.28,1.14,0.09,0.24
2017-12-12,000030,8.03,7.95,8.07,7.95,33638,26924265.0,1.5,-0.5,-0.04,0.27
2017-12-13,000030,7.96,7.99,8.0,7.93,15082,12024872.0,0.88,0.5,0.04,0.12
2017-12-14,000030,8.03,7.99,8.04,7.96,21031,16801772.0,1.0,0.0,0.0,0.17
2017-12-15,000030,7.98,7.93,8.0,7.93,16767,13353208.0,0.88,-0.75,-0.06,0.13
2017-12-18,000030,7.93,7.83,7.94,7.81,23382,18383755.0,1.64,-1.26,-0.1,0.19
2017-12-19,000030,7.86,7.96,7.96,7.82,25439,20064150.0,1.79,1.66,0.13,0.2
2017-12-20,000030,7.97,7.82,7.97,7.8,26059,20534834.0,2.14,-1.76,-0.14,0.21
2017-12-21,000030,7.79,7.89,7.91,7.77,15870,12457539.0,1.79,0.9,0.07,0.13
2017-12-22,000030,7.86,7.94,7.95,7.86,20486,16161476.0,1.14,0.63,0.05,0.16
2017-12-25,000030,7.94,7.9,7.97,7.86,21641,17110953.0,1.39,-0.5,-0.04,0.17
2017-12-26,000030,7.89,8.01,8.02,7.81,24774,19681449.0,2.66,1.39,0.11,0.2
2017-12-27,000030,8.03,7.98,8.04,7.94,34080,27226477.0,1.25,-0.37,-0.03,0.27
2017-12-28,000030,7.95,8.07,8.08,7.95,44439,35686538.0,1.63,1.13,0.09,0.35
2017-12-29,000030,8.05,8.11,8.13,8.01,41521,33458020.0,1.49,0.5,0.04,0.33
2018-01-02,000030,8.11,8.14,8.17,8.07,48242,39206572.0,1.23,0.37,0.03,0.39
2018-01-03,000030,8.12,8.12,8.16,8.09,55007,44708423.0,0.86,-0.25,-0.02,0.44
2018-01-04,000030,8.1,8.11,8.14,8.07,37075,30054710.0,0.86,-0.12,-0.01,0.3
2018-01-05,000030,8.11,8.13,8.16,8.07,32018,26034676.0,1.11,0.25,0.02,0.26
2018-01-08,000030,8.13,8.22,8.23,8.11,59107,48323943.0,1.48,1.11,0.09,0.47
2018-01-09,000030,8.21,8.22,8.23,8.16,40059,32867247.0,0.85,0.0,0.0,0.32
2018-01-10,000030,8.2,8.15,8.23,8.12,30211,24663733.0,1.34,-0.85,-0.07,0.24
2018-01-11,000030,8.14,8.15,8.18,8.12,34224,27877173.0,0.74,0.0,0.0,0.27
2018-01-12,000030,8.13,8.14,8.19,8.11,24471,19945826.0,0.98,-0.12,-0.01,0.2
2018-01-15,000030,8.12,7.92,8.13,7.88,39506,31571438.0,3.07,-2.7,-0.22,0.32
2018-01-16,000030,7.9,7.91,7.96,7.85,38152,30148171.0,1.39,-0.13,-0.01,0.3
2018-01-17,000030,7.89,8.01,8.03,7.88,30978,24659514.0,1.9,1.26,0.1,0.25
2018-01-18,000030,8.0,8.09,8.1,7.96,24983,20040979.0,1.75,1.0,0.08,0.2
2018-01-19,000030,8.07,8.18,8.23,8.06,35191,28709253.0,2.1,1.11,0.09,0.28
2018-01-22,000030,8.17,8.22,8.23,8.15,36863,30248102.0,0.98,0.49,0.04,0.29
2018-01-23,000030,8.22,8.22,8.26,8.16,39218,32191932.0,1.22,0.0,0.0,0.31
2018-01-24,000030,8.25,8.24,8.26,8.18,33609,27646812.0,0.97,0.24,0.02,0.27
2018-01-25,000030,8.25,8.21,8.33,8.19,42522,35120745.0,1.7,-0.36,-0.03,0.34
2018-01-26,000030,8.2,8.19,8.24,8.14,45078,36906452.0,1.22,-0.24,-0.02,0.36
2018-01-29,000030,8.19,8.2,8.24,8.16,55177,45250209.0,0.98,0.12,0.01,0.44
2018-01-30,000030,8.21,8.15,8.21,8.14,31565,25795683.0,0.85,-0.61,-0.05,0.25
2018-01-31,000030,8.11,8.04,8.17,7.93,38531,30995272.0,2.94,-1.35,-0.11,0.31
2018-02-01,000030,8.03,7.79,8.08,7.78,50795,40192336.0,3.73,-3.11,-0.25,0.41
2018-02-02,000030,7.68,7.65,7.76,7.58,58145,44539240.0,2.31,-1.8,-0.14,0.46
2018-02-05,000030,7.5,7.6,7.62,7.44,43561,32914045.0,2.35,-0.65,-0.05,0.35
2018-02-06,000030,7.51,7.25,7.57,7.25,49492,36685542.0,4.21,-4.61,-0.35,0.4
2018-02-07,000030,7.37,7.39,7.54,7.18,33506,24688198.0,4.97,1.93,0.14,0.27
2018-02-08,000030,7.39,7.45,7.53,7.36,24505,18234220.0,2.3,0.81,0.06,0.2
2018-02-09,000030,7.38,7.13,7.47,7.03,48749,35232328.0,5.91,-4.3,-0.32,0.39
2018-02-12,000030,7.2,7.28,7.39,7.1,35765,25929812.0,4.07,2.1,0.15,0.29
2018-02-13,000030,7.31,7.28,7.37,7.23,23610,17275912.0,1.92,0.0,0.0,0.19
2018-02-14,000030,7.29,7.3,7.33,7.26,13632,9946946.0,0.96,0.27,0.02,0.11
2018-02-22,000030,7.35,7.4,7.42,7.31,19661,14504120.0,1.51,1.37,0.1,0.16
2018-02-23,000030,7.39,7.4,7.42,7.36,15916,11767699.0,0.81,0.0,0.0,0.13
2018-02-26,000030,7.4,7.52,7.55,7.4,23462,17560304.0,2.03,1.62,0.12,0.19
2018-02-27,000030,7.52,7.43,7.55,7.43,31530,23551694.0,1.6,-1.2,-0.09,0.25
2018-02-28,000030,7.43,7.45,7.48,7.29,32316,23885330.0,2.56,0.27,0.02,0.26
2018-03-01,000030,7.41,7.59,7.6,7.38,45030,33772138.0,2.95,1.88,0.14,0.36
2018-03-02,000030,7.53,7.56,7.64,7.49,34851,26317887.0,1.98,-0.4,-0.03,0.28
2018-03-05,000030,7.52,7.58,7.6,7.52,29988,22703070.0,1.06,0.26,0.02,0.24
2018-03-06,000030,7.6,7.64,7.67,7.54,32576,24758980.0,1.72,0.79,0.06,0.26
2018-03-07,000030,7.62,7.57,7.68,7.56,25870,19762504.0,1.57,-0.92,-0.07,0.21
2018-03-08,000030,7.55,7.6,7.62,7.54,26283,19931236.0,1.06,0.4,0.03,0.21
2018-03-09,000030,7.64,7.68,7.68,7.59,24217,18508791.0,1.18,1.05,0.08,0.19
2018-03-12,000030,7.7,7.77,7.79,7.69,39118,30314578.0,1.3,1.17,0.09,0.31
2018-03-13,000030,7.78,7.73,7.81,7.69,41328,32067668.0,1.54,-0.51,-0.04,0.33
2018-03-14,000030,7.7,7.57,7.72,7.57,29704,22672661.0,1.94,-2.07,-0.16,0.24
2018-03-15,000030,7.54,7.57,7.62,7.49,24016,18137868.0,1.72,0.0,0.0,0.19
2018-03-16,000030,7.52,7.56,7.61,7.51,20712,15625210.0,1.32,-0.13,-0.01,0.17
2018-03-19,000030,7.52,7.48,7.55,7.43,36234,27125762.0,1.59,-1.06,-0.08,0.29
2018-03-20,000030,7.44,7.41,7.46,7.32,43126,31828149.0,1.87,-0.94,-0.07,0.34
2018-03-21,000030,7.43,7.28,7.49,6.77,48984,36266962.0,9.72,-1.75,-0.13,0.39
2018-03-22,000030,7.3,7.21,7.34,7.14,36635,26548150.0,2.75,-0.96,-0.07,0.29
2018-03-23,000030,7.1,6.88,7.1,6.65,61414,42364253.0,6.24,-4.58,-0.33,0.49
2018-03-26,000030,6.79,6.97,7.0,6.73,39368,27212202.0,3.92,1.31,0.09,0.31
2018-03-27,000030,7.02,7.06,7.12,6.98,33130,23331687.0,2.01,1.29,0.09,0.26
2018-03-28,000030,7.05,6.92,7.05,6.92,31289,21861736.0,1.84,-1.98,-0.14,0.25
2018-03-29,000030,6.94,7.15,7.15,6.94,32462,22927660.0,3.03,3.32,0.23,0.26
2018-03-30,000030,7.14,7.15,7.28,7.11,27268,19505351.0,2.38,0.0,0.0,0.22
2018-04-02,000030,7.12,7.08,7.18,7.06,31846,22646221.0,1.68,-0.98,-0.07,0.25
2018-04-03,000030,7.03,6.98,7.09,6.93,24568,17170813.0,2.26,-1.41,-0.1,0.2
2018-04-04,000030,6.99,7.02,7.14,6.97,33280,23417991.0,2.44,0.57,0.04,0.27
2018-04-09,000030,7.0,7.02,7.09,6.93,26076,18264072.0,2.28,0.0,0.0,0.21
2018-04-10,000030,7.04,7.09,7.09,7.01,29710,20954561.0,1.14,1.0,0.07,0.24
2018-04-11,000030,7.1,7.19,7.2,7.1,47790,34195650.0,1.41,1.41,0.1,0.38
2018-04-12,000030,7.16,7.07,7.17,7.05,28147,19982020.0,1.67,-1.67,-0.12,0.22
2018-04-13,000030,7.08,7.1,7.16,7.07,21782,15476626.0,1.27,0.42,0.03,0.17
2018-04-16,000030,7.1,7.01,7.11,6.97,22936,16128193.0,1.97,-1.27,-0.09,0.18
2018-04-17,000030,7.01,7.0,7.04,6.92,21089,14748856.0,1.71,-0.14,-0.01,0.17
2018-04-18,000030,7.03,7.11,7.5,7.01,37244,26323847.0,7.0,1.57,0.11,0.3
2018-04-19,000030,7.09,7.08,7.15,7.05,21224,15021577.0,1.41,-0.42,-0.03,0.17
2018-04-20,000030,7.08,6.99,7.13,6.89,38338,26779563.0,3.39,-1.27,-0.09,0.31
2018-04-23,000030,7.0,6.86,7.04,6.83,33884,23459135.0,3.0,-1.86,-0.13,0.27
2018-04-24,000030,6.92,7.04,7.09,6.88,36851,25835779.0,3.06,2.62,0.18,0.29
2018-04-25,000030,7.04,7.01,7.09,6.96,25305,17713465.0,1.85,-0.43,-0.03,0.2
2018-04-26,000030,7.25,7.14,7.38,7.11,93870,67602353.0,3.85,1.85,0.13,0.75
2018-04-27,000030,7.19,7.18,7.27,7.15,39380,28316246.0,1.68,0.56,0.04,0.31
2018-05-02,000030,7.23,7.19,7.29,7.1,48470,34901145.0,2.65,0.14,0.01,0.39
2018-05-03,000030,7.17,7.26,7.27,7.14,35692,25707288.0,1.81,0.97,0.07,0.29
2018-05-04,000030,7.25,7.15,7.28,7.12,37197,26718115.0,2.2,-1.52,-0.11,0.3
2018-05-07,000030,7.17,7.22,7.23,7.16,46717,33607162.0,0.98,0.98,0.07,0.37
2018-05-08,000030,7.22,7.25,7.27,7.19,45094,32595254.0,1.11,0.42,0.03,0.36
2018-05-09,000030,7.26,7.24,7.26,7.21,28637,20725197.0,0.69,-0.14,-0.01,0.23
2018-05-10,000030,7.26,7.27,7.28,7.22,26388,19111732.0,0.83,0.41,0.03,0.21
2018-05-11,000030,7.29,7.32,7.4,7.26,47750,35037096.0,1.93,0.69,0.05,0.38
2018-05-14,000030,7.33,7.27,7.34,7.2,33578,24427703.0,1.91,-0.68,-0.05,0.27
2018-05-15,000030,7.28,7.28,7.29,7.18,29571,21371903.0,1.51,0.14,0.01,0.24
2018-05-16,000030,7.27,7.27,7.28,7.21,28390,20575183.0,0.96,-0.14,-0.01,0.23
2018-05-17,000030,7.27,7.25,7.28,7.23,13906,10086613.0,0.69,-0.28,-0.02,0.11
2018-05-18,000030,7.26,7.3,7.3,7.24,19402,14114058.0,0.83,0.69,0.05,0.15
2018-05-21,000030,7.34,7.4,7.44,7.32,44314,32751957.0,1.64,1.37,0.1,0.35
2018-05-22,000030,7.43,7.41,7.44,7.38,29540,21866893.0,0.81,0.14,0.01,0.24
2018-05-23,000030,7.39,7.3,7.42,7.26,46422,34087736.0,2.16,-1.48,-0.11,0.37
2018-05-24,000030,7.34,7.38,7.5,7.3,45647,33714112.0,2.74,1.1,0.08,0.36
2018-05-25,000030,7.4,7.3,7.41,7.3,29682,21806609.0,1.49,-1.08,-0.08,0.24
2018-05-28,000030,7.32,7.23,7.33,7.22,29273,21307192.0,1.51,-0.96,-0.07,0.23
2018-05-29,000030,7.23,7.18,7.31,7.14,34325,24761839.0,2.35,-0.69,-0.05,0.27
2018-05-30,000030,7.13,6.96,7.16,6.96,34904,24687823.0,2.79,-3.06,-0.22,0.28
2018-05-31,000030,7.0,7.05,7.09,6.91,34922,24381884.0,2.59,1.29,0.09,0.28
2018-06-01,000030,7.02,6.99,7.05,6.93,26517,18495471.0,1.7,-0.85,-0.06,0.21
2018-06-04,000030,7.02,7.02,7.1,6.96,25883,18122605.0,2.0,0.43,0.03,0.21
2018-06-05,000030,7.04,7.04,7.05,6.96,30757,21562808.0,1.28,0.28,0.02,0.25
2018-06-06,000030,7.0,6.98,7.04,6.96,26848,18790083.0,1.14,-0.85,-0.06,0.21
2018-06-07,000030,7.01,6.99,7.03,6.97,38995,27293350.0,0.86,0.14,0.01,0.31
2018-06-08,000030,6.99,7.08,7.08,6.96,37696,26401326.0,1.72,1.29,0.09,0.3
2018-06-11,000030,7.08,7.05,7.12,7.0,37949,26737129.0,1.69,-0.42,-0.03,0.3
2018-06-12,000030,7.06,7.13,7.15,7.01,33129,23464647.0,1.99,1.13,0.08,0.26
2018-06-13,000030,7.11,7.12,7.16,7.08,32378,23065884.0,1.12,-0.14,-0.01,0.26
2018-06-14,000030,7.09,7.19,7.2,7.09,23977,17144472.0,1.54,0.98,0.07,0.19
2018-06-15,000030,7.19,7.24,7.25,7.15,45072,32419512.0,1.39,0.7,0.05,0.36
2018-06-19,000030,7.16,6.94,7.25,6.7,74643,52539056.0,7.6,-4.14,-0.3,0.6
2018-06-20,000030,6.88,7.17,7.19,6.83,42265,29675908.0,5.19,3.31,0.23,0.34
2018-06-21,000030,7.19,7.29,7.35,7.17,61433,44609344.0,2.51,1.67,0.12,0.49
2018-06-22,000030,7.25,7.49,7.55,7.23,67414,50211139.0,4.39,2.74,0.2,0.54
2018-06-25,000030,7.51,7.46,7.59,7.41,47057,35117908.0,2.4,-0.4,-0.03,0.38
2018-06-26,000030,7.35,7.47,7.5,7.3,33144,24621309.0,2.68,0.13,0.01,0.26
2018-06-27,000030,7.51,7.45,7.6,7.41,32884,24629124.0,2.54,-0.27,-0.02,0.26
2018-06-28,000030,7.46,7.39,7.48,7.35,28284,20958964.0,1.74,-0.81,-0.06,0.23
2018-06-29,000030,7.39,7.42,7.58,7.35,46607,34824529.0,3.11,0.41,0.03,0.37
2018-07-02,000030,7.41,7.33,7.43,7.26,40519,29662803.0,2.29,-1.21,-0.09,0.32
2018-07-03,000030,7.3,7.49,7.51,7.3,44354,32877694.0,2.86,2.18,0.16,0.35
2018-07-04,000030,7.5,7.49,7.55,7.45,38490,28836902.0,1.34,0.0,0.0,0.31
2018-07-05,000030,7.39,7.37,7.45,7.34,26218,19344892.0,1.47,-1.6,-0.12,0.21
2018-07-06,000030,7.39,7.27,7.47,7.1,33396,24406917.0,5.02,-1.36,-0.1,0.27
2018-07-09,000030,7.27,7.38,7.39,7.22,22453,16444981.0,2.34,1.51,0.11,0.18
2018-07-10,000030,7.37,7.34,7.43,7.24,23339,17125874.0,2.57,-0.54,-0.04,0.19
2018-07-11,000030,7.32,7.1,7.32,6.9,38681,27573422.0,5.72,-3.27,-0.24,0.31
2018-07-12,000030,7.04,7.27,7.29,7.03,26791,19232950.0,3.66,2.39,0.17,0.21
2018-07-13,000030,7.25,7.37,7.49,7.22,27274,20000693.0,3.71,1.38,0.1,0.22
2018-07-16,000030,7.4,7.42,7.5,7.28,24904,18317889.0,2.99,0.68,0.05,0.2
2018-07-17,000030,7.41,7.42,7.42,7.31,25957,19115729.0,1.48,0.0,0.0,0.21
2018-07-18,000030,7.43,7.46,7.5,7.39,39629,29515387.0,1.48,0.54,0.04,0.32
2018-07-19,000030,7.48,7.5,7.55,7.39,45255,33834021.0,2.14,0.54,0.04,0.36
2018-07-20,000030,7.52,7.5,7.55,7.42,42919,32171289.0,1.73,0.0,0.0,0.34
2018-07-23,000030,7.45,7.61,7.63,7.36,45834,34425863.0,3.6,1.47,0.11,0.37
2018-07-24,000030,7.6,7.66,7.68,7.54,54348,41507932.0,1.84,0.66,0.05,0.43
2018-07-25,000030,7.68,7.55,7.68,7.51,48101,36414446.0,2.22,-1.44,-0.11,0.38
2018-07-26,000030,5.22,5.15,5.24,5.15,37034,19228778.0,1.19,-31.79,-2.4,0.21
2018-07-27,000030,5.13,5.13,5.22,5.12,29642,15298381.0,1.94,-0.39,-0.02,0.17
2018-07-30,000030,5.15,5.02,5.15,5.0,31769,16138890.0,2.92,-2.14,-0.11,0.18
2018-07-31,000030,5.06,5.07,5.09,5.02,21365,10771642.0,1.39,1.0,0.05,0.12
2018-08-01,000030,5.08,4.88,5.09,4.84,40680,20211243.0,4.93,-3.75,-0.19,0.23
2018-08-02,000030,4.88,4.81,4.9,4.61,41351,19667594.0,5.94,-1.43,-0.07,0.24
2018-08-03,000030,4.8,4.8,4.8,4.73,14641,6989118.0,1.46,-0.21,-0.01,0.08
2018-08-06,000030,4.8,4.8,4.81,4.55,22802,10810832.0,5.42,0.0,0.0,0.13
2018-08-07,000030,4.76,4.86,4.87,4.72,21404,10306222.0,3.13,1.25,0.06,0.12
2018-08-08,000030,4.86,4.79,4.86,4.74,14597,6991713.0,2.47,-1.44,-0.07,0.08
2018-08-09,000030,4.76,4.81,4.85,4.68,19550,9407892.0,3.55,0.42,0.02,0.11
2018-08-10,000030,4.82,4.8,4.84,4.79,10365,4990914.0,1.04,-0.21,-0.01,0.06
2018-08-13,000030,4.79,4.74,4.79,4.65,24521,11533311.0,2.92,-1.25,-0.06,0.14
2018-08-14,000030,4.73,4.75,4.76,4.65,20939,9863261.0,2.32,0.21,0.01,0.12
2018-08-15,000030,4.74,4.74,4.76,4.66,13915,6538285.0,2.11,-0.21,-0.01,0.08
2018-08-16,000030,4.68,4.68,4.72,4.63,17864,8329934.0,1.9,-1.27,-0.06,0.1
2018-08-17,000030,4.68,4.53,4.69,4.52,25489,11709219.0,3.63,-3.21,-0.15,0.15
2018-08-20,000030,4.55,4.42,4.55,4.32,26663,11808375.0,5.08,-2.43,-0.11,0.15
2018-08-21,000030,4.44,4.43,4.49,4.4,13336,5931527.0,2.04,0.23,0.01,0.08
2018-08-22,000030,4.44,4.39,4.44,4.36,13334,5852541.0,1.81,-0.9,-0.04,0.08
2018-08-23,000030,4.39,4.39,4.44,4.37,12133,5331730.0,1.59,0.0,0.0,0.07
2018-08-24,000030,4.4,4.39,4.43,4.35,10276,4512692.0,1.82,0.0,0.0,0.06
2018-08-27,000030,4.42,4.43,4.47,4.38,15891,7039408.0,2.05,0.91,0.04,0.09
2018-08-28,000030,4.44,4.44,4.47,4.41,13220,5864780.0,1.35,0.23,0.01,0.08
2018-08-29,000030,4.46,4.49,4.54,4.45,25654,11515091.0,2.03,1.13,0.05,0.15
2018-08-30,000030,4.46,4.39,4.49,4.33,32874,14515207.0,3.56,-2.23,-0.1,0.19
2018-08-31,000030,4.37,4.26,4.37,4.26,24845,10726874.0,2.51,-2.96,-0.13,0.14
2018-09-03,000030,4.26,4.28,4.3,4.1,34737,14558045.0,4.69,0.47,0.02,0.2
2018-09-04,000030,4.23,4.29,4.35,4.2,22391,9599560.0,3.5,0.23,0.01,0.13
2018-09-05,000030,4.29,4.2,4.32,4.19,25974,11056095.0,3.03,-2.1,-0.09,0.15
2018-09-06,000030,4.17,4.23,4.26,4.17,18249,7701023.0,2.14,0.71,0.03,0.1
2018-09-07,000030,4.23,4.21,4.28,4.18,17733,7505469.0,2.36,-0.47,-0.02,0.1
2018-09-10,000030,4.21,4.11,4.21,4.08,27626,11439531.0,3.09,-2.38,-0.1,0.16
2018-09-11,000030,4.09,4.11,4.15,4.08,24448,10081900.0,1.7,0.0,0.0,0.14
2018-09-12,000030,4.13,4.12,4.16,4.1,15005,6203266.0,1.46,0.24,0.01,0.09
2018-09-13,000030,4.14,4.14,4.17,4.11,14394,5950394.0,1.46,0.49,0.02,0.08
2018-09-14,000030,4.17,4.14,4.21,4.14,23231,9712335.0,1.69,0.0,0.0,0.13
2018-09-17,000030,4.15,4.19,4.19,4.11,23321,9698045.0,1.93,1.21,0.05,0.13
2018-09-18,000030,4.18,4.16,4.19,4.07,43322,17862323.0,2.86,-0.72,-0.03,0.25
2018-09-19,000030,4.14,4.2,4.22,4.11,48468,20215003.0,2.64,0.96,0.04,0.28
2018-09-20,000030,4.19,4.14,4.2,4.13,26869,11177110.0,1.67,-1.43,-0.06,0.15
2018-09-21,000030,4.14,4.23,4.23,4.14,60528,25417664.0,2.17,2.17,0.09,0.35
2018-09-25,000030,4.2,4.19,4.21,4.17,27442,11495581.0,0.95,-0.95,-0.04,0.16
2018-09-26,000030,4.2,4.26,4.31,4.19,44207,18755280.0,2.86,1.67,0.07,0.25
2018-09-27,000030,4.26,4.16,4.26,4.16,30601,12889420.0,2.35,-2.35,-0.1,0.17
2018-09-28,000030,4.17,4.24,4.25,4.17,34616,14629972.0,1.92,1.92,0.08,0.2
2018-10-08,000030,4.19,4.15,4.21,4.13,23434,9779786.0,1.89,-2.12,-0.09,0.13
2018-10-09,000030,4.16,4.15,4.19,4.12,20230,8405903.0,1.69,0.0,0.0,0.12
2018-10-10,000030,4.17,4.16,4.17,4.11,14386,5950018.0,1.45,0.24,0.01,0.08
2018-10-11,000030,4.11,3.77,4.11,3.74,48788,19053536.0,8.89,-9.38,-0.39,0.28
2018-10-12,000030,3.83,3.68,3.83,3.6,27636,10208223.0,6.1,-2.39,-0.09,0.16
2018-10-15,000030,3.71,3.56,3.71,3.52,22105,8002288.0,5.16,-3.26,-0.12,0.13
2018-10-16,000030,3.57,3.41,3.63,3.38,33985,11868314.0,7.02,-4.21,-0.15,0.19
2018-10-17,000030,3.53,3.44,3.54,3.33,29144,9979726.0,6.16,0.88,0.03,0.17
2018-10-18,000030,3.44,3.42,3.47,3.38,23654,8100593.0,2.62,-0.58,-0.02,0.14
2018-10-19,000030,3.4,3.52,3.58,3.35,24251,8427500.0,6.73,2.92,0.1,0.14
2018-10-22,000030,3.54,3.73,3.84,3.54,52222,19289763.0,8.52,5.97,0.21,0.3
2018-10-23,000030,3.73,3.62,3.74,3.6,33301,12157118.0,3.75,-2.95,-0.11,0.19
2018-10-24,000030,3.59,3.63,3.69,3.58,21074,7679970.0,3.04,0.28,0.01,0.12
2018-10-25,000030,3.81,3.92,3.95,3.66,119989,46504798.0,7.99,7.99,0.29,0.69
2018-10-26,000030,3.95,3.82,3.95,3.77,85617,32913207.0,4.59,-2.55,-0.1,0.49
2018-10-29,000030,3.82,3.64,3.82,3.6,44015,16191993.0,5.76,-4.71,-0.18,0.25
2018-10-30,000030,3.6,3.67,3.72,3.58,35977,13179162.0,3.85,0.82,0.03,0.21
2018-10-31,000030,3.69,3.77,3.85,3.69,60078,22792144.0,4.36,2.72,0.1,0.34
2018-11-01,000030,3.73,3.77,3.83,3.73,55882,21133254.0,2.65,0.0,0.0,0.32
2018-11-02,000030,3.8,3.87,3.92,3.79,57100,21992991.0,3.45,2.65,0.1,0.33
2018-11-05,000030,3.84,3.85,3.91,3.81,42055,16187327.0,2.58,-0.52,-0.02,0.24
2018-11-06,000030,3.82,3.85,3.91,3.81,45054,17399524.0,2.6,0.0,0.0,0.26
2018-11-07,000030,3.87,3.85,3.9,3.82,49187,18997419.0,2.08,0.0,0.0,0.28
2018-11-08,000030,3.86,3.87,3.9,3.82,29954,11560502.0,2.08,0.52,0.02,0.17
2018-11-09,000030,3.85,3.84,3.87,3.78,36260,13852870.0,2.33,-0.78,-0.03,0.21
2018-11-12,000030,3.84,3.92,3.94,3.8,77770,30220493.0,3.65,2.08,0.08,0.44
2018-11-13,000030,3.88,3.99,4.05,3.85,96613,38370417.0,5.1,1.79,0.07,0.55
2018-11-14,000030,4.0,4.03,4.12,3.93,130673,52373594.0,4.76,1.0,0.04,0.75
2018-11-15,000030,4.01,4.07,4.09,3.95,95587,38506516.0,3.47,0.99,0.04,0.55
2018-11-16,000030,4.06,4.15,4.18,4.05,121408,49984826.0,3.19,1.97,0.08,0.69
2018-11-19,000030,4.12,4.18,4.18,4.1,71872,29747963.0,1.93,0.72,0.03,0.41
2018-11-20,000030,4.16,4.06,4.22,4.06,76718,31794927.0,3.83,-2.87,-0.12,0.44
2018-11-21,000030,4.03,4.07,4.11,4.0,40995,16690279.0,2.71,0.25,0.01,0.23
2018-11-22,000030,4.09,4.15,4.15,4.06,54119,22266511.0,2.21,1.97,0.08,0.31
2018-11-23,000030,4.1,3.9,4.15,3.88,62681,25046846.0,6.51,-6.02,-0.25,0.36
2018-11-26,000030,3.9,3.89,3.98,3.87,39172,15339742.0,2.82,-0.26,-0.01,0.22
2018-11-27,000030,3.92,3.93,3.97,3.88,39311,15434422.0,2.31,1.03,0.04,0.22
2018-11-28,000030,3.93,3.91,3.95,3.81,48427,18820314.0,3.56,-0.51,-0.02,0.28
2018-11-29,000030,3.94,3.8,3.95,3.78,35320,13671599.0,4.35,-2.81,-0.11,0.2
2018-11-30,000030,3.79,3.8,3.84,3.73,35782,13565230.0,2.89,0.0,0.0,0.2
2018-12-03,000030,3.88,3.98,4.02,3.86,64367,25429275.0,4.21,4.74,0.18,0.37
2018-12-04,000030,3.99,4.07,4.1,3.95,57581,23308931.0,3.77,2.26,0.09,0.33
2018-12-05,000030,4.04,4.15,4.2,4.01,130934,54225550.0,4.67,1.97,0.08,0.75
2018-12-06,000030,4.1,4.05,4.1,4.01,68205,27684378.0,2.17,-2.41,-0.1,0.39
2018-12-07,000030,4.06,4.05,4.08,3.99,33665,13606232.0,2.22,0.0,0.0,0.19
2018-12-10,000030,4.01,3.99,4.05,3.98,29308,11744972.0,1.73,-1.48,-0.06,0.17
2018-12-11,000030,4.02,4.02,4.06,4.0,24971,10043968.0,1.5,0.75,0.03,0.14
2018-12-12,000030,4.05,4.06,4.1,4.03,44016,17893163.0,1.74,1.0,0.04,0.25
2018-12-13,000030,4.07,4.06,4.11,4.04,46713,19027698.0,1.72,0.0,0.0,0.27
2018-12-14,000030,4.06,3.92,4.07,3.91,51105,20396386.0,3.94,-3.45,-0.14,0.29
2018-12-17,000030,3.93,4.02,4.05,3.93,45196,18039643.0,3.06,2.55,0.1,0.26
2018-12-18,000030,4.03,3.92,4.03,3.85,42579,16708775.0,4.48,-2.49,-0.1,0.24
2018-12-19,000030,3.94,3.82,3.97,3.8,33209,12848133.0,4.34,-2.55,-0.1,0.19
2018-12-20,000030,3.8,3.81,3.85,3.76,29544,11233834.0,2.36,-0.26,-0.01,0.17
2018-12-21,000030,3.8,3.77,3.8,3.74,27388,10308391.0,1.57,-1.05,-0.04,0.16
2018-12-24,000030,3.78,3.86,3.86,3.69,24048,9119027.0,4.51,2.39,0.09,0.14
2018-12-25,000030,3.82,3.73,3.82,3.68,28391,10568362.0,3.63,-3.37,-0.13,0.16
2018-12-26,000030,3.73,3.75,3.8,3.72,18435,6929654.0,2.14,0.54,0.02,0.11
2018-12-27,000030,3.8,3.75,3.82,3.63,25628,9543307.0,5.07,0.0,0.0,0.15
2018-12-28,000030,3.7,3.71,3.73,3.66,21312,7875839.0,1.87,-1.07,-0.04,0.12
2019-01-02,000030,3.7,3.69,3.74,3.68,12134,4489006.0,1.62,-0.54,-0.02,0.07
2019-01-03,000030,3.69,3.68,3.74,3.65,13906,5143289.0,2.44,-0.27,-0.01,0.08
2019-01-04,000030,3.66,3.83,3.83,3.65,36338,13671400.0,4.89,4.08,0.15,0.21
2019-01-07,000030,3.86,3.91,3.92,3.8,32313,12548943.0,3.13,2.09,0.08,0.18
2019-01-08,000030,3.89,3.96,4.02,3.89,45658,18102967.0,3.32,1.28,0.05,0.26
2019-01-09,000030,3.95,4.01,4.08,3.94,70101,28375123.0,3.54,1.26,0.05,0.4
2019-01-10,000030,4.02,3.97,4.09,3.96,44859,18043190.0,3.24,-1.0,-0.04,0.26
2019-01-11,000030,3.98,4.03,4.06,3.98,30698,12359269.0,2.02,1.51,0.06,0.17
2019-01-14,000030,4.03,4.01,4.06,4.0,21942,8822927.0,1.49,-0.5,-0.02,0.12
2019-01-15,000030,4.01,4.03,4.04,3.98,25850,10369829.0,1.5,0.5,0.02,0.15
2019-01-16,000030,4.04,4.04,4.05,3.99,27011,10862243.0,1.49,0.25,0.01,0.15
2019-01-17,000030,4.04,3.95,4.04,3.95,34674,13819877.0,2.23,-2.23,-0.09,0.2
2019-01-18,000030,3.97,4.03,4.04,3.97,34262,13776406.0,1.77,2.03,0.08,0.2
2019-01-21,000030,4.06,4.0,4.06,3.97,30972,12411313.0,2.23,-0.74,-0.03,0.18
2019-01-22,000030,3.98,3.96,4.03,3.94,22880,9149773.0,2.25,-1.0,-0.04,0.13
2019-01-23,000030,3.98,4.02,4.04,3.94,20165,8062687.0,2.53,1.52,0.06,0.11
2019-01-24,000030,4.02,4.0,4.04,3.97,21232,8497881.0,1.74,-0.5,-0.02,0.12
2019-01-25,000030,4.01,3.99,4.03,3.98,20915,8361110.0,1.25,-0.25,-0.01,0.12
2019-01-28,000030,3.99,3.88,4.01,3.86,29174,11509862.0,3.76,-2.76,-0.11,0.17
2019-01-29,000030,3.85,3.92,3.95,3.82,42050,16380387.0,3.35,1.03,0.04,0.24
2019-01-30,000030,3.88,3.89,3.93,3.84,24746,9624174.0,2.3,-0.77,-0.03,0.14
2019-01-31,000030,3.86,3.8,3.9,3.68,44975,17130644.0,5.66,-2.31,-0.09,0.26
2019-02-01,000030,3.78,3.95,4.0,3.78,43699,17143024.0,5.79,3.95,0.15,0.25
2019-02-11,000030,3.95,4.02,4.03,3.91,40292,16055482.0,3.04,1.77,0.07,0.23
2019-02-12,000030,4.02,4.05,4.1,3.99,46292,18798257.0,2.74,0.75,0.03,0.26
2019-02-13,000030,4.07,4.12,4.14,4.05,49247,20203573.0,2.22,1.73,0.07,0.28
2019-02-14,000030,4.1,4.13,4.14,4.09,49265,20276942.0,1.21,0.24,0.01,0.28
2019-02-15,000030,4.16,4.06,4.16,4.06,41878,17182560.0,2.42,-1.69,-0.07,0.24
2019-02-18,000030,4.4,4.47,4.47,4.24,158651,69554591.0,5.67,10.1,0.41,0.9
2019-02-19,000030,4.6,4.54,4.86,4.48,359924,168007225.0,8.5,1.57,0.07,2.05
2019-02-20,000030,4.46,4.61,4.79,4.4,322072,148675406.0,8.59,1.54,0.07,1.83
2019-02-21,000030,4.68,4.61,4.7,4.51,155988,71776352.0,4.12,0.0,0.0,0.89
2019-02-22,000030,4.59,4.59,4.61,4.47,140657,63911105.0,3.04,-0.43,-0.02,0.8
2019-02-25,000030,4.58,4.75,4.78,4.58,207736,97141918.0,4.36,3.49,0.16,1.18
2019-02-26,000030,4.73,4.61,4.76,4.59,175358,82046297.0,3.58,-2.95,-0.14,1.0
2019-02-27,000030,4.56,4.58,4.69,4.52,112495,51948043.0,3.69,-0.65,-0.03,0.64
2019-02-28,000030,4.59,4.62,4.67,4.57,83429,38507119.0,2.18,0.87,0.04,0.47
2019-03-01,000030,4.64,4.68,4.7,4.54,81089,37582107.0,3.46,1.3,0.06,0.46
2019-03-04,000030,4.71,4.7,4.77,4.66,150176,70995224.0,2.35,0.43,0.02,0.85
2019-03-05,000030,4.7,4.79,4.8,4.66,150015,71305497.0,2.98,1.91,0.09,0.85
2019-03-06,000030,4.82,4.89,4.97,4.7,195160,94421263.0,5.64,2.09,0.1,1.11
2019-03-07,000030,4.92,4.91,4.95,4.82,133761,65433177.0,2.66,0.41,0.02,0.76
2019-03-08,000030,4.85,4.66,4.89,4.66,142972,68575050.0,4.68,-5.09,-0.25,0.81
2019-03-11,000030,4.73,4.97,5.07,4.73,211734,104638356.0,7.3,6.65,0.31,1.21
2019-03-12,000030,4.96,5.0,5.12,4.95,177822,89322270.0,3.42,0.6,0.03,1.01
2019-03-13,000030,5.0,4.96,5.08,4.91,151203,75665297.0,3.4,-0.8,-0.04,0.86
2019-03-14,000030,4.92,4.83,4.99,4.72,140808,68119903.0,5.44,-2.62,-0.13,0.8
2019-03-15,000030,4.85,4.91,4.93,4.85,92000,45068352.0,1.66,1.66,0.08,0.52
2019-03-18,000030,4.9,5.08,5.1,4.89,125296,63122909.0,4.28,3.46,0.17,0.71
2019-03-19,000030,5.1,5.13,5.19,5.0,144218,73691332.0,3.74,0.98,0.05,0.82
2019-03-20,000030,5.13,5.09,5.15,5.01,106761,54187818.0,2.73,-0.78,-0.04,0.61
2019-03-21,000030,5.09,5.12,5.17,5.06,96103,49255076.0,2.16,0.59,0.03,0.55
2019-03-22,000030,5.13,5.26,5.32,5.1,125955,65461946.0,4.3,2.73,0.14,0.72
2019-03-25,000030,5.2,5.28,5.47,5.13,136038,72351238.0,6.46,0.38,0.02,0.77
2019-03-26,000030,5.29,5.11,5.37,5.08,95668,49475545.0,5.49,-3.22,-0.17,0.54
2019-03-27,000030,5.13,5.22,5.22,5.11,66437,34390833.0,2.15,2.15,0.11,0.38
2019-03-28,000030,5.26,5.12,5.27,5.1,69141,35873737.0,3.26,-1.92,-0.1,0.39
2019-03-29,000030,5.1,5.18,5.22,5.07,77996,40351021.0,2.93,1.17,0.06,0.44
2019-04-01,000030,5.2,5.35,5.38,5.2,92801,49211942.0,3.47,3.28,0.17,0.53
2019-04-02,000030,5.45,5.35,5.45,5.23,97703,51829500.0,4.11,0.0,0.0,0.56
2019-04-03,000030,5.41,5.39,5.46,5.33,108817,58529325.0,2.43,0.75,0.04,0.62
2019-04-04,000030,5.39,5.38,5.44,5.31,74118,39803978.0,2.41,-0.19,-0.01,0.42
2019-04-08,000030,5.42,5.3,5.47,5.24,123956,66101234.0,4.28,-1.49,-0.08,0.71
2019-04-09,000030,5.35,5.33,5.45,5.25,119945,64130524.0,3.77,0.57,0.03,0.68
2019-04-10,000030,5.3,5.49,5.55,5.19,153588,82862148.0,6.75,3.0,0.16,0.87
2019-04-11,000030,5.5,5.45,5.74,5.41,166380,92551885.0,6.01,-0.73,-0.04,0.95
2019-04-12,000030,5.49,5.88,5.99,5.45,329751,189451310.0,9.91,7.89,0.43,1.88
2019-04-15,000030,5.85,5.84,6.37,5.79,287954,173974006.0,9.86,-0.68,-0.04,1.64
2019-04-16,000030,5.77,5.79,5.82,5.4,202112,113464311.0,7.19,-0.86,-0.05,1.15
2019-04-17,000030,5.72,6.02,6.04,5.6,250956,146057605.0,7.6,3.97,0.23,1.43
2019-04-18,000030,6.01,5.8,6.29,5.76,261894,158051929.0,8.8,-3.65,-0.22,1.49
2019-04-19,000030,5.75,5.74,5.78,5.54,134920,76614704.0,4.14,-1.03,-0.06,0.77
2019-04-22,000030,5.74,5.5,5.74,5.44,145096,80932605.0,5.23,-4.18,-0.24,0.83
2019-04-23,000030,5.47,5.27,5.47,5.26,140231,74798269.0,3.82,-4.18,-0.23,0.8
2019-04-24,000030,5.27,5.29,5.32,5.21,87902,46260839.0,2.09,0.38,0.02,0.5
2019-04-25,000030,5.28,4.97,5.28,4.94,158801,80682682.0,6.43,-6.05,-0.32,0.9
2019-04-26,000030,5.04,5.01,5.04,4.92,59832,29840786.0,2.41,0.8,0.04,0.34
2019-04-29,000030,4.96,4.9,5.35,4.8,67321,33035648.0,10.98,-2.2,-0.11,0.38
2019-04-30,000030,4.95,5.18,5.27,4.95,138432,71517675.0,6.53,5.71,0.28,0.79
2019-05-06,000030,5.08,5.26,5.34,4.93,211234,108817215.0,7.92,1.54,0.08,1.2
2019-05-07,000030,5.2,5.28,5.3,5.14,103993,54170759.0,3.04,0.38,0.02,0.59
2019-05-08,000030,5.18,5.07,5.23,5.04,75285,38649839.0,3.6,-3.98,-0.21,0.43
2019-05-09,000030,5.09,5.11,5.17,5.04,46606,23690620.0,2.56,0.79,0.04,0.27
2019-05-10,000030,5.15,5.17,5.19,4.98,83339,42756738.0,4.11,1.17,0.06,0.47
2019-05-13,000030,5.13,5.19,5.2,5.08,75389,38849640.0,2.32,0.39,0.02,0.43
2019-05-14,000030,5.1,5.05,5.2,5.01,65132,33282226.0,3.66,-2.7,-0.14,0.37
2019-05-15,000030,5.08,5.11,5.15,5.06,35274,17953740.0,1.78,1.19,0.06,0.2
2019-05-16,000030,5.11,5.11,5.13,5.05,31464,16008284.0,1.57,0.0,0.0,0.18
2019-05-17,000030,5.11,5.03,5.11,4.95,54607,27465373.0,3.13,-1.57,-0.08,0.31
2019-05-20,000030,5.03,5.05,5.08,4.91,56581,28279511.0,3.38,0.4,0.02,0.32
2019-05-21,000030,5.08,5.16,5.17,5.0,55932,28684565.0,3.37,2.18,0.11,0.32
2019-05-22,000030,5.17,5.13,5.17,5.08,36233,18620296.0,1.74,-0.58,-0.03,0.21
2019-05-23,000030,5.1,4.95,5.16,4.93,39303,19631271.0,4.48,-3.51,-0.18,0.22
2019-05-24,000030,4.92,4.93,5.0,4.84,37104,18189663.0,3.23,-0.4,-0.02,0.21
2019-05-27,000030,4.93,4.99,5.04,4.81,37133,18298457.0,4.67,1.22,0.06,0.21
2019-05-28,000030,5.0,4.98,5.04,4.95,23265,11592318.0,1.8,-0.2,-0.01,0.13
2019-05-29,000030,5.0,4.98,5.02,4.95,15011,7462718.0,1.41,0.0,0.0,0.09
2019-05-30,000030,4.98,4.96,4.99,4.86,41656,20387075.0,2.61,-0.4,-0.02,0.24
2019-05-31,000030,4.95,4.93,4.96,4.85,32371,15850977.0,2.22,-0.6,-0.03,0.18
2019-06-03,000030,4.9,4.86,4.93,4.83,19972,9713119.0,2.03,-1.42,-0.07,0.11
2019-06-04,000030,4.9,4.82,4.9,4.77,22064,10616334.0,2.67,-0.82,-0.04,0.13
2019-06-05,000030,4.84,4.82,4.87,4.81,15318,7408293.0,1.24,0.0,0.0,0.09
2019-06-06,000030,4.84,4.71,4.85,4.69,22671,10735464.0,3.32,-2.28,-0.11,0.13
2019-06-10,000030,4.76,4.72,4.76,4.69,15250,7190407.0,1.49,0.21,0.01,0.09
2019-06-11,000030,4.74,4.84,4.84,4.71,22853,10959358.0,2.75,2.54,0.12,0.13
2019-06-12,000030,4.85,4.84,4.85,4.79,18690,9001433.0,1.24,0.0,0.0,0.11
2019-06-13,000030,4.84,4.82,4.84,4.77,25723,12339648.0,1.45,-0.41,-0.02,0.15
2019-06-14,000030,4.82,4.74,4.82,4.68,21066,9993587.0,2.9,-1.66,-0.08,0.12
2019-06-17,000030,4.72,4.78,4.84,4.7,11138,5289989.0,2.95,0.84,0.04,0.06
2019-06-18,000030,4.81,4.77,4.82,4.76,11165,5343577.0,1.26,-0.21,-0.01,0.06
2019-06-19,000030,4.83,4.8,4.85,4.77,15708,7554712.0,1.68,0.63,0.03,0.09
2019-06-20,000030,4.82,4.89,4.89,4.77,37302,18081641.0,2.5,1.88,0.09,0.21
2019-06-21,000030,4.89,4.93,4.98,4.89,29076,14370190.0,1.84,0.82,0.04,0.17
2019-06-24,000030,4.97,4.96,4.98,4.93,22580,11177579.0,1.01,0.61,0.03,0.13
2019-06-25,000030,5.02,4.92,5.02,4.86,31318,15413456.0,3.23,-0.81,-0.04,0.18
2019-06-26,000030,4.77,4.76,4.8,4.71,18521,8822635.0,1.83,-3.25,-0.16,0.11
2019-06-27,000030,4.75,4.78,4.82,4.73,23643,11324032.0,1.89,0.42,0.02,0.13
2019-06-28,000030,4.79,4.67,4.79,4.6,30582,14313692.0,3.97,-2.3,-0.11,0.17
2019-07-01,000030,4.72,4.74,4.77,4.72,28631,13567102.0,1.07,1.5,0.07,0.16
2019-07-02,000030,4.74,4.76,4.78,4.73,26010,12380105.0,1.05,0.42,0.02,0.15
2019-07-03,000030,4.72,4.71,4.78,4.69,23261,11018012.0,1.89,-1.05,-0.05,0.13
2019-07-04,000030,4.74,4.73,4.75,4.7,14733,6958953.0,1.06,0.42,0.02,0.08
2019-07-05,000030,4.69,4.72,4.74,4.67,15268,7169996.0,1.48,-0.21,-0.01,0.09
2019-07-08,000030,4.71,4.54,4.71,4.53,28449,13044559.0,3.81,-3.81,-0.18,0.16
2019-07-09,000030,4.53,4.51,4.58,4.43,30002,13470712.0,3.3,-0.66,-0.03,0.17
2019-07-10,000030,4.46,4.43,4.52,4.41,19931,8859861.0,2.44,-1.77,-0.08,0.11
2019-07-11,000030,4.47,4.41,4.47,4.4,15823,7016388.0,1.58,-0.45,-0.02,0.09
2019-07-12,000030,4.43,4.41,4.43,4.38,14021,6185070.0,1.13,0.0,0.0,0.08
2019-07-15,000030,4.4,4.45,4.5,4.33,23605,10436095.0,3.85,0.91,0.04,0.13
2019-07-16,000030,4.49,4.55,4.59,4.45,25860,11722558.0,3.15,2.25,0.1,0.15
2019-07-17,000030,4.54,4.53,4.59,4.52,15767,7184706.0,1.54,-0.44,-0.02,0.09
2019-07-18,000030,4.53,4.45,4.54,4.43,18142,8119043.0,2.43,-1.77,-0.08,0.1
2019-07-19,000030,4.45,4.48,4.56,4.42,16204,7312731.0,3.15,0.67,0.03,0.09
2019-07-22,000030,4.49,4.41,4.53,4.31,20479,9065478.0,4.91,-1.56,-0.07,0.12
2019-07-23,000030,4.45,4.45,4.49,4.4,18248,8136482.0,2.04,0.91,0.04,0.1
2019-07-24,000030,4.52,4.53,4.55,4.49,18047,8178562.0,1.35,1.8,0.08,0.1
2019-07-25,000030,4.48,4.53,4.56,4.47,13064,5917201.0,1.99,0.0,0.0,0.07
2019-07-26,000030,4.5,4.53,4.56,4.49,12787,5786007.0,1.55,0.0,0.0,0.07
2019-07-29,000030,4.75,4.66,4.75,4.56,46857,21717356.0,4.19,2.87,0.13,0.27
2019-07-30,000030,4.61,4.7,4.7,4.61,31027,14444725.0,1.93,0.86,0.04,0.18
2019-07-31,000030,4.68,4.68,4.68,4.62,18944,8800107.0,1.28,-0.43,-0.02,0.11
2019-08-01,000030,4.66,4.66,4.67,4.62,22495,10441035.0,1.07,-0.43,-0.02,0.13
2019-08-02,000030,4.62,4.64,4.65,4.44,22575,10373323.0,4.51,-0.43,-0.02,0.13
2019-08-05,000030,4.56,4.57,4.64,4.56,14772,6774996.0,1.72,-1.51,-0.07,0.08
2019-08-06,000030,4.47,4.52,4.58,4.47,19114,8607937.0,2.41,-1.09,-0.05,0.11
2019-08-07,000030,4.52,4.51,4.6,4.49,14572,6611942.0,2.43,-0.22,-0.01,0.08
2019-08-08,000030,4.6,4.51,4.6,4.43,12604,5684435.0,3.77,0.0,0.0,0.07
2019-08-09,000030,4.51,4.5,4.58,4.5,14375,6521267.0,1.77,-0.22,-0.01,0.08
2019-08-12,000030,4.51,4.59,4.62,4.5,16249,7396251.0,2.67,2.0,0.09,0.09
2019-08-13,000030,4.54,4.55,4.6,4.54,10251,4674799.0,1.31,-0.87,-0.04,0.06
2019-08-14,000030,4.59,4.58,4.61,4.55,15315,7010801.0,1.32,0.66,0.03,0.09
2019-08-15,000030,4.77,4.63,4.77,4.55,35353,16348212.0,4.8,1.09,0.05,0.2
2019-08-16,000030,4.6,4.53,4.6,4.51,27822,12660849.0,1.94,-2.16,-0.1,0.16
2019-08-19,000030,4.52,4.6,4.61,4.52,25612,11697790.0,1.99,1.55,0.07,0.15
2019-08-20,000030,4.59,4.5,4.63,4.5,38091,17371975.0,2.83,-2.17,-0.1,0.22
2019-08-21,000030,4.52,4.53,4.56,4.49,18267,8261520.0,1.56,0.67,0.03,0.1
2019-08-22,000030,4.53,4.44,4.57,4.4,37299,16632779.0,3.75,-1.99,-0.09,0.21
2019-08-23,000030,4.45,4.43,4.46,4.41,15547,6890646.0,1.13,-0.23,-0.01,0.09
2019-08-26,000030,4.32,4.46,4.48,4.3,23373,10322528.0,4.06,0.68,0.03,0.13
2019-08-27,000030,4.58,4.63,4.73,4.54,48397,22310382.0,4.26,3.81,0.17,0.28
2019-08-28,000030,4.63,4.65,4.69,4.58,39038,18089159.0,2.38,0.43,0.02,0.22
2019-08-29,000030,4.64,4.58,4.65,4.58,23637,10886808.0,1.51,-1.51,-0.07,0.13
2019-08-30,000030,4.6,4.53,4.63,4.5,23806,10911436.0,2.84,-1.09,-0.05,0.14
2019-09-02,000030,4.53,4.63,4.64,4.51,32295,14869252.0,2.87,2.21,0.1,0.18
2019-09-03,000030,4.67,4.6,4.67,4.59,16345,7551788.0,1.73,-0.65,-0.03,0.09
2019-09-04,000030,4.62,4.61,4.63,4.57,17036,7834337.0,1.3,0.22,0.01,0.1
2019-09-05,000030,4.63,4.66,4.69,4.63,43195,20146634.0,1.3,1.08,0.05,0.25
2019-09-06,000030,4.74,4.71,4.74,4.67,37825,17802585.0,1.5,1.07,0.05,0.21
2019-09-09,000030,4.71,4.76,4.77,4.71,30621,14528728.0,1.27,1.06,0.05,0.17
2019-09-10,000030,4.76,4.76,4.76,4.7,26660,12643762.0,1.26,0.0,0.0,0.15
2019-09-11,000030,4.74,4.69,4.78,4.68,29722,13992276.0,2.1,-1.47,-0.07,0.17
2019-09-12,000030,4.72,4.71,4.72,4.64,31850,14883963.0,1.71,0.43,0.02,0.18
2019-09-16,000030,4.71,4.76,4.76,4.69,40222,19048812.0,1.49,1.06,0.05,0.23
2019-09-17,000030,4.79,4.83,4.85,4.74,104884,50442563.0,2.31,1.47,0.07,0.6
2019-09-18,000030,4.85,4.8,4.85,4.77,44167,21198228.0,1.66,-0.62,-0.03,0.25
2019-09-19,000030,4.79,4.9,4.9,4.73,51191,24706565.0,3.54,2.08,0.1,0.29
2019-09-20,000030,4.93,4.87,4.93,4.83,35121,17089131.0,2.04,-0.61,-0.03,0.2
2019-09-23,000030,4.87,4.83,4.87,4.78,31344,15061829.0,1.85,-0.82,-0.04,0.18
2019-09-24,000030,4.87,4.82,4.87,4.79,23755,11446782.0,1.66,-0.21,-0.01,0.13
2019-09-25,000030,4.85,4.8,4.85,4.78,25469,12224189.0,1.45,-0.41,-0.02,0.14
2019-09-26,000030,4.82,4.73,4.96,4.65,27737,13146012.0,6.46,-1.46,-0.07,0.16
2019-09-27,000030,4.79,4.69,4.79,4.67,18037,8485067.0,2.54,-0.85,-0.04,0.1
2019-09-30,000030,4.68,4.69,4.72,4.66,12211,5724650.0,1.28,0.0,0.0,0.07
2019-10-08,000030,4.72,4.59,4.72,4.57,23351,10792447.0,3.2,-2.13,-0.1,0.13
2019-10-09,000030,4.62,4.68,4.68,4.52,17370,7974357.0,3.49,1.96,0.09,0.1
2019-10-10,000030,4.68,4.68,4.71,4.63,19461,9084497.0,1.71,0.0,0.0,0.11
2019-10-11,000030,4.7,4.72,4.72,4.6,15733,7355363.0,2.56,0.85,0.04,0.09
2019-10-14,000030,4.75,4.81,4.84,4.72,23315,11182197.0,2.54,1.91,0.09,0.13
2019-10-15,000030,4.83,4.78,4.83,4.71,15201,7230594.0,2.49,-0.62,-0.03,0.09
2019-10-16,000030,4.77,4.7,4.79,4.68,13584,6428348.0,2.3,-1.67,-0.08,0.08
2019-10-17,000030,4.71,4.67,4.74,4.64,8319,3892415.0,2.13,-0.64,-0.03,0.05
2019-10-18,000030,4.67,4.52,4.69,4.45,29654,13552836.0,5.14,-3.21,-0.15,0.17
2019-10-21,000030,4.53,4.47,4.54,4.44,19000,8480190.0,2.21,-1.11,-0.05,0.11
2019-10-22,000030,4.47,4.5,4.51,4.44,13285,5943445.0,1.57,0.67,0.03,0.08
2019-10-23,000030,4.5,4.47,4.51,4.44,9254,4142411.0,1.56,-0.67,-0.03,0.05
2019-10-24,000030,4.46,4.48,4.51,4.41,8067,3607549.0,2.24,0.22,0.01,0.05
2019-10-25,000030,4.49,4.52,4.54,4.47,15714,7093051.0,1.56,0.89,0.04,0.09
2019-10-28,000030,4.52,4.58,4.59,4.52,22291,10149878.0,1.55,1.33,0.06,0.13
2019-10-29,000030,4.58,4.52,4.58,4.5,9503,4306745.0,1.75,-1.31,-0.06,0.05
2019-10-30,000030,4.51,4.51,4.53,4.47,18720,8425815.0,1.33,-0.22,-0.01,0.11
2019-10-31,000030,4.52,4.54,4.64,4.49,22265,10092086.0,3.33,0.67,0.03,0.13
2019-11-01,000030,4.57,4.57,4.58,4.47,24777,11249925.0,2.42,0.66,0.03,0.14
2019-11-04,000030,4.58,4.59,4.62,4.56,22395,10282868.0,1.31,0.44,0.02,0.13
2019-11-05,000030,4.63,4.54,4.63,4.46,43752,19760197.0,3.7,-1.09,-0.05,0.25
2019-11-06,000030,4.51,4.5,4.54,4.48,20562,9271357.0,1.32,-0.88,-0.04,0.12
2019-11-07,000030,4.52,4.54,4.56,4.49,17593,7967911.0,1.56,0.89,0.04,0.1
2019-11-08,000030,4.55,4.5,4.57,4.48,16768,7569826.0,1.98,-0.88,-0.04,0.1
2019-11-11,000030,4.5,4.45,4.5,4.42,18586,8290433.0,1.78,-1.11,-0.05,0.11
2019-11-12,000030,4.47,4.49,4.5,4.43,16216,7233836.0,1.57,0.9,0.04,0.09
2019-11-13,000030,4.5,4.53,4.53,4.44,15630,7017598.0,2.0,0.89,0.04,0.09
2019-11-14,000030,4.53,4.55,4.56,4.51,14128,6409280.0,1.1,0.44,0.02,0.08
2019-11-15,000030,4.57,4.54,4.58,4.49,18517,8424181.0,1.98,-0.22,-0.01,0.11
2019-11-18,000030,4.56,4.57,4.59,4.5,14425,6538717.0,1.98,0.66,0.03,0.08
2019-11-19,000030,4.55,4.55,4.56,4.49,22709,10274440.0,1.53,-0.44,-0.02,0.13
2019-11-20,000030,4.54,4.5,4.54,4.45,18652,8390699.0,1.98,-1.1,-0.05,0.11
2019-11-21,000030,4.48,4.46,4.49,4.43,17978,8012402.0,1.33,-0.89,-0.04,0.1
2019-11-22,000030,4.47,4.47,4.49,4.42,17952,7989756.0,1.57,0.22,0.01,0.1
2019-11-25,000030,4.48,4.5,4.5,4.41,14046,6271618.0,2.01,0.67,0.03,0.08
2019-11-26,000030,4.52,4.53,4.53,4.48,15750,7105639.0,1.11,0.67,0.03,0.09
2019-11-27,000030,4.54,4.55,4.59,4.53,20962,9542178.0,1.32,0.44,0.02,0.12
2019-11-28,000030,4.55,4.62,4.62,4.54,31141,14272283.0,1.76,1.54,0.07,0.18
2019-11-29,000030,4.64,4.62,4.68,4.58,22871,10570281.0,2.16,0.0,0.0,0.13
2019-12-02,000030,4.69,4.62,4.69,4.58,23575,10930280.0,2.38,0.0,0.0,0.13
2019-12-03,000030,4.64,4.63,4.64,4.52,25191,11525226.0,2.6,0.22,0.01,0.14
2019-12-04,000030,4.64,4.6,4.64,4.55,16851,7742534.0,1.94,-0.65,-0.03,0.1
2019-12-05,000030,4.62,4.59,4.63,4.57,34521,15846883.0,1.3,-0.22,-0.01,0.2
2019-12-06,000030,4.59,4.6,4.63,4.57,21320,9790045.0,1.31,0.22,0.01,0.12
2019-12-09,000030,4.62,4.65,4.66,4.6,19075,8821254.0,1.3,1.09,0.05,0.11
2019-12-10,000030,4.67,4.62,4.67,4.57,23988,11013270.0,2.15,-0.65,-0.03,0.14
2019-12-11,000030,4.63,4.65,4.65,4.58,25743,11913603.0,1.52,0.65,0.03,0.15
2019-12-12,000030,4.63,4.7,4.82,4.62,53504,25168018.0,4.3,1.08,0.05,0.3
2019-12-13,000030,4.74,4.7,4.74,4.64,42468,19845491.0,2.13,0.0,0.0,0.24
2019-12-16,000030,4.73,4.73,4.9,4.67,33301,15690836.0,4.89,0.64,0.03,0.19
2019-12-17,000030,4.74,4.75,4.76,4.7,33915,16041346.0,1.27,0.42,0.02,0.19
2019-12-18,000030,4.75,4.71,4.77,4.66,33310,15775492.0,2.32,-0.84,-0.04,0.19
2019-12-19,000030,4.69,4.72,4.73,4.68,23074,10865216.0,1.06,0.21,0.01,0.13
2019-12-20,000030,4.7,4.66,4.73,4.66,23573,11083542.0,1.48,-1.27,-0.06,0.13
2019-12-23,000030,4.67,4.74,4.82,4.67,61908,29502487.0,3.22,1.72,0.08,0.35
2019-12-24,000030,4.71,4.8,4.81,4.65,44626,21142711.0,3.38,1.27,0.06,0.25
2019-12-25,000030,4.79,4.73,4.79,4.71,39983,18996427.0,1.67,-1.46,-0.07,0.23
2019-12-26,000030,4.72,4.74,4.76,4.71,21191,10044321.0,1.06,0.21,0.01,0.12
2019-12-27,000030,4.74,4.71,4.76,4.7,32746,15503613.0,1.27,-0.63,-0.03,0.19
2019-12-30,000030,4.73,4.71,4.73,4.64,36479,17079275.0,1.91,0.0,0.0,0.21
2019-12-31,000030,4.7,4.76,4.79,4.68,35137,16697579.0,2.34,1.06,0.05,0.2
2020-01-02,000030,4.8,4.83,4.84,4.76,44169,21266498.0,1.68,1.47,0.07,0.25
2020-01-03,000030,4.8,4.82,4.84,4.77,30520,14669149.0,1.45,-0.21,-0.01,0.17
2020-01-06,000030,4.8,4.88,4.94,4.78,58134,28388993.0,3.32,1.24,0.06,0.33
2020-01-07,000030,4.92,4.99,5.01,4.86,102098,50543305.0,3.07,2.25,0.11,0.58
2020-01-08,000030,5.02,5.1,5.38,4.95,210450,108189161.0,8.62,2.2,0.11,1.2
2020-01-09,000030,5.21,5.15,5.28,5.03,132049,67578585.0,4.9,0.98,0.05,0.75
2020-01-10,000030,5.18,5.0,5.18,4.97,105415,53015130.0,4.08,-2.91,-0.15,0.6
2020-01-13,000030,5.01,5.05,5.07,4.97,70655,35427656.0,2.0,1.0,0.05,0.4
2020-01-14,000030,5.07,4.99,5.11,4.97,89404,44942536.0,2.77,-1.19,-0.06,0.51
2020-01-15,000030,4.99,4.94,4.99,4.91,47780,23576552.0,1.6,-1.0,-0.05,0.27
2020-01-16,000030,4.97,4.95,4.97,4.9,35649,17570147.0,1.42,0.2,0.01,0.2
2020-01-17,000030,4.95,4.9,4.97,4.87,36190,17763989.0,2.02,-1.01,-0.05,0.21
2020-01-20,000030,4.91,4.94,4.95,4.84,40461,19881262.0,2.24,0.82,0.04,0.23
2020-01-21,000030,4.95,4.81,4.95,4.77,44604,21600024.0,3.64,-2.63,-0.13,0.25
2020-01-22,000030,4.83,4.84,4.84,4.71,38730,18490428.0,2.7,0.62,0.03,0.22
2020-01-23,000030,4.82,4.67,4.82,4.59,58743,27435112.0,4.75,-3.51,-0.17,0.33
2020-02-03,000030,4.2,4.2,4.27,4.2,43011,18079950.0,1.5,-10.06,-0.47,0.24
2020-02-04,000030,4.15,4.21,4.28,4.14,66870,28130574.0,3.33,0.24,0.01,0.38
2020-02-05,000030,4.23,4.3,4.38,4.2,63769,27415321.0,4.28,2.14,0.09,0.36
2020-02-06,000030,4.27,4.32,4.34,4.23,89833,38623740.0,2.56,0.47,0.02,0.51
2020-02-07,000030,4.33,4.29,4.33,4.23,57038,24377305.0,2.31,-0.69,-0.03,0.32
2020-02-10,000030,4.29,4.43,4.45,4.25,68885,30027080.0,4.66,3.26,0.14,0.39
2020-02-11,000030,4.43,4.46,4.6,4.39,84377,37918744.0,4.74,0.68,0.03,0.48
2020-02-12,000030,4.45,4.49,4.49,4.39,59444,26364144.0,2.24,0.67,0.03,0.34
2020-02-13,000030,4.46,4.35,4.47,4.32,70071,30716323.0,3.34,-3.12,-0.14,0.4
2020-02-14,000030,4.36,4.37,4.41,4.33,42308,18460331.0,1.84,0.46,0.02,0.24
2020-02-17,000030,4.37,4.51,4.52,4.36,66624,29735643.0,3.66,3.2,0.14,0.38
2020-02-18,000030,4.57,4.63,4.67,4.55,111262,51273659.0,2.66,2.66,0.12,0.63
2020-02-19,000030,4.66,4.6,4.66,4.57,79787,36775237.0,1.94,-0.65,-0.03,0.45
2020-02-20,000030,4.6,4.72,4.72,4.58,108558,50469253.0,3.04,2.61,0.12,0.62
2020-02-21,000030,4.69,4.77,4.79,4.65,99581,47168049.0,2.97,1.06,0.05,0.57
2020-02-24,000030,4.77,4.73,4.77,4.64,117486,55203667.0,2.73,-0.84,-0.04,0.67
2020-02-25,000030,4.6,4.64,4.67,4.46,103091,47312058.0,4.44,-1.9,-0.09,0.59
2020-02-26,000030,4.54,5.1,5.1,4.54,353646,176415647.0,12.07,9.91,0.46,2.01
2020-02-27,000030,5.1,5.3,5.58,4.92,434840,227505567.0,12.94,3.92,0.2,2.47
2020-02-28,000030,5.11,5.83,5.83,5.02,663908,376724944.0,15.28,10.0,0.53,3.77
2020-03-02,000030,6.15,6.41,6.41,6.03,197572,124632928.0,6.52,9.95,0.58,1.12
2020-03-03,000030,7.05,6.62,7.05,6.42,1025081,708374560.0,9.83,3.28,0.21,5.82
2020-03-04,000030,6.29,6.71,7.04,6.06,731653,474682624.0,14.8,1.36,0.09,4.16
2020-03-05,000030,7.23,7.38,7.38,7.1,519961,381593952.0,4.17,9.99,0.67,2.95
2020-03-06,000030,7.0,6.79,7.2,6.7,599054,415223136.0,6.78,-7.99,-0.59,3.4
2020-03-09,000030,6.84,6.45,6.97,6.35,412675,274381680.0,9.13,-5.01,-0.34,2.34
2020-03-10,000030,6.35,6.65,6.7,5.93,427900,271387088.0,11.94,3.1,0.2,2.43
2020-03-11,000030,6.5,6.41,6.69,6.34,264541,172626164.0,5.26,-3.61,-0.24,1.5
2020-03-12,000030,6.16,6.33,6.38,6.03,186891,115543024.0,5.46,-1.25,-0.08,1.06
2020-03-13,000030,5.8,6.24,6.35,5.8,160694,98155101.0,8.69,-1.42,-0.09,0.91
2020-03-16,000030,6.28,6.0,6.29,5.94,145904,88721675.0,5.61,-3.85,-0.24,0.83
2020-03-17,000030,6.09,5.71,6.14,5.4,199874,114648339.0,12.33,-4.83,-0.29,1.14
2020-03-18,000030,5.77,5.61,5.99,5.52,221799,127563975.0,8.23,-1.75,-0.1,1.26
2020-03-19,000030,5.64,5.54,5.64,5.35,162685,89281423.0,5.17,-1.25,-0.07,0.92
2020-03-20,000030,5.59,5.51,5.69,5.37,136186,74977488.0,5.78,-0.54,-0.03,0.77
2020-03-23,000030,5.31,5.04,5.41,5.01,181426,94025267.0,7.26,-8.53,-0.47,1.03
2020-03-24,000030,5.17,5.18,5.23,5.01,154602,79119544.0,4.37,2.78,0.14,0.88
2020-03-25,000030,5.37,5.65,5.7,5.3,346175,192950010.0,7.72,9.07,0.47,1.97
2020-03-26,000030,5.42,5.37,5.51,5.24,214190,115756996.0,4.78,-4.96,-0.28,1.22
2020-03-27,000030,5.36,5.2,5.42,5.18,147870,78086620.0,4.47,-3.17,-0.17,0.84
2020-03-30,000030,5.03,5.1,5.22,5.01,126056,64129803.0,4.04,-1.92,-0.1,0.72
2020-03-31,000030,5.19,5.4,5.47,5.13,211010,112692939.0,6.67,5.88,0.3,1.2
2020-04-01,000030,5.5,5.32,5.69,5.3,207339,113591582.0,7.22,-1.48,-0.08,1.18
2020-04-02,000030,5.35,5.43,5.47,5.25,105922,56821658.0,4.14,2.07,0.11,0.6
2020-04-03,000030,5.42,5.25,5.54,5.24,110874,59515603.0,5.52,-3.31,-0.18,0.63
2020-04-07,000030,5.4,5.43,5.48,5.32,150688,81578550.0,3.05,3.43,0.18,0.86
2020-04-08,000030,5.43,5.31,5.43,5.23,120301,63924472.0,3.68,-2.21,-0.12,0.68
2020-04-09,000030,5.33,5.4,5.41,5.26,112134,59851299.0,2.82,1.69,0.09,0.64
2020-04-10,000030,5.4,5.24,5.41,5.1,135085,70533559.0,5.74,-2.96,-0.16,0.77
2020-04-13,000030,5.17,5.07,5.18,5.0,103102,52190602.0,3.44,-3.24,-0.17,0.59
2020-04-14,000030,5.09,5.19,5.23,5.08,80595,41612004.0,2.96,2.37,0.12,0.46
2020-04-15,000030,5.25,5.15,5.31,5.15,100104,52404833.0,3.08,-0.77,-0.04,0.57
2020-04-16,000030,5.16,5.24,5.31,5.16,99400,52003804.0,2.91,1.75,0.09,0.56
2020-04-17,000030,5.26,5.12,5.29,5.06,151582,78039508.0,4.39,-2.29,-0.12,0.86
2020-04-20,000030,5.12,5.08,5.13,5.03,69636,35422055.0,1.95,-0.78,-0.04,0.4
2020-04-21,000030,5.08,4.91,5.1,4.83,169105,83176312.0,5.31,-3.35,-0.17,0.96
2020-04-22,000030,4.85,4.93,4.93,4.76,94813,46012572.0,3.46,0.41,0.02,0.54
2020-04-23,000030,5.01,4.91,5.01,4.85,81907,40356064.0,3.25,-0.41,-0.02,0.47
2020-04-24,000030,4.93,4.75,4.95,4.7,110308,52977070.0,5.09,-3.26,-0.16,0.63
2020-04-27,000030,4.76,4.64,4.79,4.6,94178,44209369.0,4.0,-2.32,-0.11,0.54
2020-04-28,000030,4.65,4.48,4.7,4.31,119615,53883010.0,8.41,-3.45,-0.16,0.68
2020-04-29,000030,4.47,4.53,4.64,4.44,91516,41613681.0,4.46,1.12,0.05,0.52
2020-04-30,000030,4.61,4.7,4.74,4.55,96106,44862275.0,4.19,3.75,0.17,0.55
2020-05-06,000030,4.62,4.83,4.83,4.62,94976,44946345.0,4.47,2.77,0.13,0.54
2020-05-07,000030,4.8,4.71,4.8,4.69,72717,34372608.0,2.28,-2.48,-0.12,0.41
2020-05-08,000030,4.73,4.89,4.92,4.73,140248,67912133.0,4.03,3.82,0.18,0.8
2020-05-11,000030,4.93,4.95,5.05,4.89,133195,66256754.0,3.27,1.23,0.06,0.76
2020-05-12,000030,4.99,4.89,4.99,4.82,63044,30812202.0,3.43,-1.21,-0.06,0.36
2020-05-13,000030,4.9,5.0,5.0,4.77,86292,42501159.0,4.7,2.25,0.11,0.49
2020-05-14,000030,5.0,4.9,5.0,4.83,85692,41888085.0,3.4,-2.0,-0.1,0.49
2020-05-15,000030,4.93,4.84,4.93,4.8,74476,36081248.0,2.65,-1.22,-0.06,0.42
2020-05-18,000030,4.87,4.7,4.88,4.61,119619,56299807.0,5.58,-2.89,-0.14,0.68
2020-05-19,000030,4.78,4.72,4.78,4.64,62993,29584647.0,2.98,0.43,0.02,0.36
2020-05-20,000030,4.73,4.75,4.85,4.7,89019,42346172.0,3.18,0.64,0.03,0.51
2020-05-21,000030,4.81,4.68,4.82,4.62,73939,34633297.0,4.21,-1.47,-0.07,0.42
2020-05-22,000030,4.66,4.58,4.66,4.48,91019,41359571.0,3.85,-2.14,-0.1,0.52
2020-05-25,000030,4.58,4.59,4.63,4.51,47417,21632634.0,2.62,0.22,0.01,0.27
2020-05-26,000030,4.59,4.66,4.67,4.57,49496,22898021.0,2.18,1.53,0.07,0.28
2020-05-27,000030,4.68,4.82,4.82,4.61,120018,56787754.0,4.51,3.43,0.16,0.68
2020-05-28,000030,4.9,5.1,5.3,4.83,348110,179314791.0,9.75,5.81,0.28,1.98
2020-05-29,000030,5.5,5.61,5.61,5.2,453290,252354326.0,8.04,10.0,0.51,2.58
2020-06-01,000030,5.59,6.17,6.17,5.42,454557,265538151.0,13.37,9.98,0.56,2.58
2020-06-02,000030,6.35,6.79,6.79,6.35,385689,254223214.0,7.13,10.05,0.62,2.19
2020-06-03,000030,7.01,6.55,7.13,6.11,688982,445962672.0,15.02,-3.53,-0.24,3.91
2020-06-04,000030,6.55,6.49,6.92,6.21,502869,328609856.0,10.84,-0.92,-0.06,2.86
2020-06-05,000030,6.3,5.95,6.39,5.84,469556,284666656.0,8.47,-8.32,-0.54,2.67
2020-06-08,000030,5.95,6.01,6.17,5.8,277905,165966547.0,6.22,1.01,0.06,1.58
2020-06-09,000030,6.05,5.71,6.12,5.67,239665,139152119.0,7.49,-4.99,-0.3,1.36
2020-06-10,000030,5.72,5.59,5.77,5.58,146239,82341866.0,3.33,-2.1,-0.12,0.83
2020-06-11,000030,5.62,5.97,6.15,5.59,476640,283984816.0,10.02,6.8,0.38,2.71
2020-06-12,000030,5.78,5.88,6.06,5.77,262602,154412808.0,4.86,-1.51,-0.09,1.49
2020-06-15,000030,5.8,5.93,6.05,5.62,214629,125914709.0,7.31,0.85,0.05,1.22
2020-06-16,000030,5.8,5.68,5.83,5.55,183888,103918617.0,4.72,-4.22,-0.25,1.04
2020-06-17,000030,5.67,5.55,5.74,5.51,124563,69669062.0,4.05,-2.29,-0.13,0.71
2020-06-18,000030,5.6,6.11,6.11,5.57,402163,238219789.0,9.73,10.09,0.56,2.29
2020-06-19,000030,6.16,6.41,6.7,6.11,494784,315042464.0,9.66,4.91,0.3,2.81
2020-06-22,000030,6.42,6.33,6.69,6.24,317774,204547345.0,7.02,-1.25,-0.08,1.81
2020-06-23,000030,6.33,6.32,6.45,6.2,249658,157309157.0,3.95,-0.16,-0.01,1.42
2020-06-24,000030,6.32,6.28,6.51,6.05,274131,171505185.0,7.28,-0.63,-0.04,1.56
2020-06-29,000030,6.2,6.15,6.26,6.03,125790,77022640.0,3.66,-2.07,-0.13,0.71
2020-06-30,000030,6.16,6.39,6.45,6.03,216224,134932972.0,6.83,3.9,0.24,1.23
2020-07-01,000030,6.5,6.17,6.5,6.1,145472,90185612.0,6.26,-3.44,-0.22,0.83
2020-07-02,000030,6.09,5.92,6.3,5.88,229105,136869220.0,6.81,-4.05,-0.25,1.3
2020-07-03,000030,6.01,6.11,6.26,5.91,210384,128239956.0,5.91,3.21,0.19,1.2
2020-07-06,000030,6.08,6.45,6.65,6.02,324823,204923811.0,10.31,5.56,0.34,1.85
2020-07-07,000030,6.64,7.1,7.1,6.38,415885,285033536.0,11.16,10.08,0.65,2.36
2020-07-08,000030,7.24,7.68,7.81,7.1,544403,409914768.0,10.0,8.17,0.58,3.09
2020-07-09,000030,7.53,7.52,7.67,7.1,395861,295819600.0,7.42,-2.08,-0.16,2.25
2020-07-10,000030,7.53,7.8,8.08,7.34,316874,245612609.0,9.84,3.72,0.28,1.8
2020-07-13,000030,7.9,8.58,8.58,7.5,264599,216789316.0,13.85,10.0,0.78,1.5
2020-07-14,000030,8.65,8.47,9.3,8.05,325223,276523152.0,14.57,-1.28,-0.11,1.85
2020-07-15,000030,8.58,8.19,8.83,8.12,182463,154148827.0,8.38,-3.31,-0.28,1.04
2020-07-16,000030,8.06,8.17,8.62,7.78,221120,180347570.0,10.26,-0.24,-0.02,1.26
2020-07-17,000030,8.06,8.4,8.55,7.85,185228,153584228.0,8.57,2.82,0.23,1.05
2020-07-20,000030,8.5,8.83,8.84,8.21,155927,133278287.0,7.5,5.12,0.43,0.89
2020-07-21,000030,8.88,8.83,8.95,8.61,111923,97690374.0,3.85,0.0,0.0,0.64
2020-07-22,000030,8.79,8.68,8.96,8.6,120424,105454789.0,4.08,-1.7,-0.15,0.68
2020-07-23,000030,8.58,8.29,8.68,8.08,132444,110066483.0,6.91,-4.49,-0.39,0.75
2020-07-24,000030,8.36,7.87,8.51,7.86,124434,101156629.0,7.84,-5.07,-0.42,0.71
2020-07-27,000030,7.89,8.03,8.09,7.72,93233,73972220.0,4.7,2.03,0.16,0.53
2020-07-28,000030,8.03,7.86,8.14,7.75,85123,67288482.0,4.86,-2.12,-0.17,0.48
2020-07-29,000030,7.9,8.05,8.05,7.6,84917,67282442.0,5.73,2.42,0.19,0.48
2020-07-30,000030,8.01,7.68,8.12,7.67,120987,94431624.0,5.59,-4.6,-0.37,0.69
2020-07-31,000030,7.7,7.71,8.07,7.59,86705,67174618.0,6.25,0.39,0.03,0.49
2020-08-03,000030,7.83,7.99,8.0,7.71,89693,70833578.0,3.76,3.63,0.28,0.51
2020-08-04,000030,8.03,7.88,8.1,7.8,69500,54913489.0,3.75,-1.38,-0.11,0.39
2020-08-05,000030,7.8,7.9,7.94,7.62,94856,74164201.0,4.06,0.25,0.02,0.54
2020-08-06,000030,7.93,7.88,8.11,7.75,97528,77062886.0,4.56,-0.25,-0.02,0.55
2020-08-07,000030,7.86,8.5,8.52,7.75,206727,171724831.0,9.77,7.87,0.62,1.17
2020-08-10,000030,8.5,8.43,8.59,8.1,144445,119669202.0,5.76,-0.82,-0.07,0.82
2020-08-11,000030,8.43,8.17,8.79,8.15,158285,134153624.0,7.59,-3.08,-0.26,0.9
2020-08-12,000030,8.18,7.95,8.26,7.6,160153,125810906.0,8.08,-2.69,-0.22,0.91
2020-08-13,000030,8.05,8.37,8.59,7.95,146381,120751115.0,8.05,5.28,0.42,0.83
2020-08-14,000030,8.32,8.5,8.6,8.2,105375,88629666.0,4.78,1.55,0.13,0.6
2020-08-17,000030,8.84,8.81,8.98,8.42,133578,116412663.0,6.59,3.65,0.31,0.76
2020-08-18,000030,8.95,8.84,9.15,8.76,111770,99996837.0,4.43,0.34,0.03,0.64
2020-08-19,000030,8.84,8.36,8.88,8.25,102413,86854818.0,7.13,-5.43,-0.48,0.58
2020-08-20,000030,8.24,8.05,8.33,8.0,81553,66411117.0,3.95,-3.71,-0.31,0.46
2020-08-21,000030,8.13,8.17,8.48,8.1,73558,60723918.0,4.72,1.49,0.12,0.42
2020-08-24,000030,8.15,8.08,8.3,8.01,48209,39121488.0,3.55,-1.1,-0.09,0.27
2020-08-25,000030,8.13,7.8,8.15,7.75,103469,81473401.0,4.95,-3.47,-0.28,0.59
2020-08-26,000030,7.8,7.34,7.81,7.31,113543,85290868.0,6.41,-5.9,-0.46,0.65
2020-08-27,000030,7.46,7.21,7.81,7.0,236996,170986013.0,11.04,-1.77,-0.13,1.35
2020-08-28,000030,7.12,7.28,7.42,7.08,166999,120932748.0,4.72,0.97,0.07,0.95
2020-08-31,000030,7.31,7.04,7.46,6.98,262461,187915855.0,6.59,-3.3,-0.24,1.49
2020-09-01,000030,7.02,7.11,7.15,6.92,137004,96935012.0,3.27,0.99,0.07,0.78
2020-09-02,000030,7.15,6.98,7.16,6.93,137270,96088119.0,3.23,-1.83,-0.13,0.78
2020-09-03,000030,7.0,6.84,7.03,6.77,133177,91486636.0,3.72,-2.01,-0.14,0.76
2020-09-04,000030,6.74,6.81,6.85,6.67,86970,58777766.0,2.63,-0.44,-0.03,0.49
2020-09-07,000030,6.8,6.72,6.91,6.68,97384,66324613.0,3.38,-1.32,-0.09,0.55
2020-09-08,000030,6.76,6.79,6.93,6.58,99289,67064165.0,5.21,1.04,0.07,0.56
2020-09-09,000030,6.79,6.51,6.79,6.43,129081,84902663.0,5.3,-4.12,-0.28,0.73
2020-09-10,000030,6.54,6.37,6.59,6.3,105388,68034332.0,4.45,-2.15,-0.14,0.6
2020-09-11,000030,6.46,6.49,6.54,6.37,96076,62122092.0,2.67,1.88,0.12,0.55
2020-09-14,000030,6.53,6.43,6.67,6.33,116066,75237020.0,5.24,-0.92,-0.06,0.66
2020-09-15,000030,6.45,6.37,6.48,6.3,158655,101300497.0,2.8,-0.93,-0.06,0.9
2020-09-16,000030,6.4,6.46,6.57,6.36,107901,69577032.0,3.3,1.41,0.09,0.61
2020-09-17,000030,6.48,6.82,6.97,6.42,278569,188667415.0,8.51,5.57,0.36,1.58
2020-09-18,000030,6.87,6.97,7.23,6.82,241610,169262200.0,6.01,2.2,0.15,1.37
2020-09-21,000030,7.06,6.95,7.07,6.86,138269,96311860.0,3.01,-0.29,-0.02,0.79
2020-09-22,000030,6.86,6.7,7.0,6.69,117495,79956837.0,4.46,-3.6,-0.25,0.67
2020-09-23,000030,6.79,6.73,6.82,6.64,67024,45003505.0,2.69,0.45,0.03,0.38
2020-09-24,000030,6.67,6.52,6.7,6.46,83845,54972504.0,3.57,-3.12,-0.21,0.48
2020-09-25,000030,6.58,6.62,6.74,6.51,78396,51691610.0,3.53,1.53,0.1,0.45
2020-09-28,000030,6.61,6.67,6.73,6.51,80433,53413380.0,3.32,0.76,0.05,0.46
2020-09-29,000030,6.73,6.7,6.83,6.57,86038,57713194.0,3.9,0.45,0.03,0.49
2020-09-30,000030,6.7,6.71,6.89,6.63,79094,53444211.0,3.88,0.15,0.01,0.45
2020-10-09,000030,6.87,6.98,7.05,6.75,106210,73476123.0,4.47,4.02,0.27,0.6
2020-10-12,000030,7.08,7.12,7.18,6.99,104802,74399013.0,2.72,2.01,0.14,0.6
2020-10-13,000030,7.11,7.05,7.11,6.94,123761,86798497.0,2.39,-0.98,-0.07,0.7
2020-10-14,000030,7.03,7.01,7.12,6.95,73402,51588557.0,2.41,-0.57,-0.04,0.42
2020-10-15,000030,7.01,7.18,7.33,7.01,154754,111467977.0,4.56,2.43,0.17,0.88
2020-10-16,000030,7.21,7.11,7.21,7.0,78193,55235120.0,2.92,-0.97,-0.07,0.44
2020-10-19,000030,7.06,6.9,7.13,6.83,71191,49588331.0,4.22,-2.95,-0.21,0.4
2020-10-20,000030,6.85,6.97,7.0,6.74,81220,55873814.0,3.77,1.01,0.07,0.46
2020-10-21,000030,6.95,6.96,7.05,6.84,73762,51141248.0,3.01,-0.14,-0.01,0.42
2020-10-22,000030,6.91,6.98,7.02,6.78,93187,64432104.0,3.45,0.29,0.02,0.53
2020-10-23,000030,6.98,7.04,7.26,6.93,164935,117504281.0,4.73,0.86,0.06,0.94
2020-10-26,000030,7.02,7.1,7.15,6.88,119818,84128322.0,3.84,0.85,0.06,0.68
2020-10-27,000030,7.06,6.84,7.07,6.81,94128,64970458.0,3.66,-3.66,-0.26,0.53
2020-10-28,000030,6.86,7.0,7.02,6.74,127776,88234748.0,4.09,2.34,0.16,0.73
2020-10-29,000030,6.9,7.68,7.7,6.86,376395,282247584.0,12.0,9.71,0.68,2.14
2020-10-30,000030,7.71,7.5,7.9,7.45,455391,349688464.0,5.86,-2.34,-0.18,2.59
2020-11-02,000030,7.68,7.65,7.74,7.36,266824,203669720.0,5.07,2.0,0.15,1.52
2020-11-03,000030,7.68,7.42,7.76,7.35,256509,192123172.0,5.36,-3.01,-0.23,1.46
2020-11-04,000030,7.58,7.83,8.16,7.58,342168,269253920.0,7.82,5.53,0.41,1.94
2020-11-05,000030,7.95,7.81,8.09,7.75,254530,201045214.0,4.34,-0.26,-0.02,1.45
2020-11-06,000030,7.84,8.07,8.36,7.81,290185,235576746.0,7.04,3.33,0.26,1.65
2020-11-09,000030,8.08,8.79,8.85,8.05,354992,305718160.0,9.91,8.92,0.72,2.02
2020-11-10,000030,8.8,8.98,9.14,8.64,322708,287418064.0,5.69,2.16,0.19,1.83
2020-11-11,000030,8.91,8.85,9.22,8.67,260326,232951547.0,6.12,-1.45,-0.13,1.48
2020-11-12,000030,8.83,8.63,8.92,8.5,221344,192829718.0,4.75,-2.49,-0.22,1.26
2020-11-13,000030,8.88,8.22,8.99,8.11,245067,204234026.0,10.2,-4.75,-0.41,1.39
2020-11-16,000030,8.42,8.25,8.42,7.94,146935,120235297.0,5.84,0.36,0.03,0.83
2020-11-17,000030,8.28,8.25,8.44,8.19,116343,96639156.0,3.03,0.0,0.0,0.66
2020-11-18,000030,8.28,8.07,8.38,7.99,149591,121528359.0,4.73,-2.18,-0.18,0.85
2020-11-19,000030,8.09,8.16,8.42,8.03,163002,133711506.0,4.83,1.12,0.09,0.93
2020-11-20,000030,8.1,8.24,8.43,8.08,196588,162934595.0,4.29,0.98,0.08,1.12
2020-11-23,000030,8.32,8.25,8.52,8.15,181030,150148398.0,4.49,0.12,0.01,1.03
2020-11-24,000030,8.27,8.13,8.44,8.05,152124,124868405.0,4.73,-1.45,-0.12,0.86
2020-11-25,000030,8.15,8.0,8.27,8.0,141963,115394198.0,3.32,-1.6,-0.13,0.81
2020-11-26,000030,8.01,7.84,8.07,7.72,142773,111974732.0,4.38,-2.0,-0.16,0.81
2020-11-27,000030,7.82,7.68,7.86,7.52,112580,86258210.0,4.34,-2.04,-0.16,0.64
2020-11-30,000030,7.66,7.63,7.77,7.55,98548,75396548.0,2.86,-0.65,-0.05,0.56
2020-12-01,000030,7.55,7.59,7.67,7.46,185911,140914261.0,2.75,-0.52,-0.04,1.06
2020-12-02,000030,7.58,7.5,7.71,7.44,111317,83627176.0,3.56,-1.19,-0.09,0.63
2020-12-03,000030,7.51,7.49,7.55,7.42,83857,62832068.0,1.73,-0.13,-0.01,0.48
2020-12-04,000030,7.48,7.43,7.52,7.31,104853,77601650.0,2.8,-0.8,-0.06,0.6
2020-12-07,000030,7.43,7.33,7.63,7.32,137465,102212552.0,4.17,-1.35,-0.1,0.78
2020-12-08,000030,7.38,7.4,7.57,7.33,115739,85797953.0,3.27,0.95,0.07,0.66
2020-12-09,000030,7.34,7.07,7.41,7.01,141290,101457658.0,5.41,-4.46,-0.33,0.8
2020-12-10,000030,7.05,6.98,7.08,6.93,61823,43317609.0,2.12,-1.27,-0.09,0.35
2020-12-11,000030,6.96,6.83,7.04,6.74,120909,82748919.0,4.3,-2.15,-0.15,0.69
2020-12-14,000030,6.85,7.1,7.19,6.73,141134,99187408.0,6.73,3.95,0.27,0.8
2020-12-15,000030,7.13,7.08,7.25,7.0,83279,58944261.0,3.52,-0.28,-0.02,0.47
2020-12-16,000030,7.12,7.04,7.12,6.99,55210,38913302.0,1.84,-0.56,-0.04,0.31
2020-12-17,000030,7.1,7.04,7.21,6.91,155331,109880335.0,4.26,0.0,0.0,0.88
2020-12-18,000030,7.04,7.16,7.28,7.02,131122,94093688.0,3.69,1.7,0.12,0.75
2020-12-21,000030,7.17,7.41,7.54,7.16,171611,126768077.0,5.31,3.49,0.25,0.98
2020-12-22,000030,7.4,7.49,7.62,7.35,193065,144941972.0,3.64,1.08,0.08,1.1
2020-12-23,000030,7.47,7.67,7.95,7.45,202691,156280184.0,6.68,2.4,0.18,1.15
2020-12-24,000030,7.73,7.53,7.73,7.47,91803,69452697.0,3.39,-1.83,-0.14,0.52
2020-12-25,000030,7.53,7.37,7.56,7.33,85288,63097402.0,3.05,-2.12,-0.16,0.48
2020-12-28,000030,7.43,7.73,7.73,7.29,159002,120171604.0,5.97,4.88,0.36,0.9
2020-12-29,000030,7.7,7.3,7.76,7.22,165604,122844808.0,6.99,-5.56,-0.43,0.94
2020-12-30,000030,7.3,7.35,7.57,7.21,101749,74872914.0,4.93,0.68,0.05,0.58
2020-12-31,000030,7.28,7.34,7.4,7.23,91743,67084534.0,2.31,-0.14,-0.01,0.52
2021-01-04,000030,7.34,7.5,7.63,7.33,166239,124850233.0,4.09,2.18,0.16,0.94
2021-01-05,000030,7.45,7.46,7.55,7.35,112297,83646632.0,2.67,-0.53,-0.04,0.64
2021-01-06,000030,7.46,7.17,7.6,7.13,171982,125207841.0,6.3,-3.89,-0.29,0.98
2021-01-07,000030,7.15,6.76,7.17,6.73,157412,108574108.0,6.14,-5.72,-0.41,0.89
2021-01-08,000030,6.74,6.69,6.84,6.54,108804,72621029.0,4.44,-1.04,-0.07,0.62
2021-01-11,000030,6.69,6.63,6.88,6.52,110838,73906116.0,5.38,-0.9,-0.06,0.63
2021-01-12,000030,6.63,6.59,6.73,6.52,72489,47713139.0,3.17,-0.6,-0.04,0.41
2021-01-13,000030,6.6,6.59,6.73,6.51,100322,66240312.0,3.34,0.0,0.0,0.57
2021-01-14,000030,6.55,6.44,6.62,6.43,89878,58511159.0,2.88,-2.28,-0.15,0.51
2021-01-15,000030,6.45,6.43,6.49,6.32,77388,49531432.0,2.64,-0.16,-0.01,0.44
2021-01-18,000030,6.43,6.43,6.49,6.4,69168,44563930.0,1.4,0.0,0.0,0.39
2021-01-19,000030,6.4,6.44,6.49,6.32,67367,43139401.0,2.64,0.16,0.01,0.38
2021-01-20,000030,6.49,7.08,7.08,6.47,345713,238706991.0,9.47,9.94,0.64,1.96
2021-01-21,000030,6.98,6.78,6.98,6.7,252246,172039290.0,3.95,-4.24,-0.3,1.43
2021-01-22,000030,6.72,6.82,6.87,6.67,138864,94095798.0,2.95,0.59,0.04,0.79
2021-01-25,000030,6.76,6.78,6.86,6.62,88219,59471924.0,3.52,-0.59,-0.04,0.5
2021-01-26,000030,6.72,6.72,6.79,6.65,67333,45234617.0,2.06,-0.88,-0.06,0.38
2021-01-27,000030,6.74,6.73,6.8,6.65,43751,29402722.0,2.23,0.15,0.01,0.25
2021-01-28,000030,6.7,6.58,6.7,6.38,97922,63917134.0,4.75,-2.23,-0.15,0.56
2021-01-29,000030,6.51,6.42,6.6,6.37,37099,23898598.0,3.5,-2.43,-0.16,0.21
2021-02-01,000030,6.41,6.31,6.43,6.14,53399,33660685.0,4.52,-1.71,-0.11,0.3
2021-02-02,000030,6.33,6.43,6.45,6.23,45516,28886075.0,3.49,1.9,0.12,0.26
2021-02-03,000030,6.48,6.33,6.53,6.32,37286,23827078.0,3.27,-1.56,-0.1,0.21
2021-02-04,000030,6.28,6.16,6.34,6.11,51875,32024407.0,3.63,-2.69,-0.17,0.29
2021-02-05,000030,6.29,6.22,6.32,6.15,38416,23893662.0,2.76,0.97,0.06,0.22
2021-02-08,000030,6.22,6.22,6.28,6.14,45648,28304991.0,2.25,0.0,0.0,0.26
2021-02-09,000030,6.23,6.63,6.72,6.18,115319,75655515.0,8.68,6.59,0.41,0.66
2021-02-10,000030,6.63,6.64,6.84,6.62,58560,39320985.0,3.32,0.15,0.01,0.33
2021-02-18,000030,6.69,6.8,6.81,6.58,107577,72050012.0,3.46,2.41,0.16,0.61
2021-02-19,000030,6.77,7.22,7.28,6.75,169576,120971436.0,7.79,6.18,0.42,0.96
2021-02-22,000030,7.22,7.24,7.36,7.16,114950,83239648.0,2.77,0.28,0.02,0.65
2021-02-23,000030,7.16,7.3,7.36,7.13,104189,75645902.0,3.18,0.83,0.06,0.59
2021-02-24,000030,7.27,7.25,7.41,7.15,85160,61936662.0,3.56,-0.68,-0.05,0.48
2021-02-25,000030,7.25,7.18,7.33,7.09,61568,44295779.0,3.31,-0.97,-0.07,0.35
2021-02-26,000030,7.0,6.84,7.16,6.84,96057,66828554.0,4.46,-4.74,-0.34,0.55
2021-03-01,000030,6.84,6.88,6.97,6.72,97475,66841222.0,3.65,0.58,0.04,0.55
2021-03-02,000030,6.88,7.25,7.55,6.88,183107,133531174.0,9.74,5.38,0.37,1.04
2021-03-03,000030,7.23,7.26,7.28,7.13,93406,67475806.0,2.07,0.14,0.01,0.53
2021-03-04,000030,7.24,7.18,7.33,7.11,64685,46597058.0,3.03,-1.1,-0.08,0.37
2021-03-05,000030,7.1,7.43,7.5,7.07,95158,70056275.0,5.99,3.48,0.25,0.54
2021-03-08,000030,7.46,7.5,7.62,7.39,117525,88074632.0,3.1,0.94,0.07,0.67
2021-03-09,000030,7.5,7.22,7.51,7.09,85010,62080103.0,5.6,-3.73,-0.28,0.48
2021-03-10,000030,7.28,7.55,7.62,7.25,108201,80873064.0,5.12,4.57,0.33,0.61
2021-03-11,000030,7.44,7.55,7.6,7.34,72868,54721485.0,3.44,0.0,0.0,0.41
2021-03-12,000030,7.54,7.42,7.6,7.35,55805,41416333.0,3.31,-1.72,-0.13,0.32
2021-03-15,000030,7.47,7.5,7.72,7.4,88619,67174819.0,4.31,1.08,0.08,0.5
2021-03-16,000030,7.65,7.89,8.0,7.47,133161,104421770.0,7.07,5.2,0.39,0.76
2021-03-17,000030,7.97,7.9,8.14,7.81,91041,72690832.0,4.18,0.13,0.01,0.52
2021-03-18,000030,7.89,7.84,8.02,7.72,73405,57311370.0,3.8,-0.76,-0.06,0.42
2021-03-19,000030,7.72,7.58,7.74,7.53,58945,44866033.0,2.68,-3.32,-0.26,0.33
2021-03-22,000030,7.53,7.63,7.7,7.48,44845,34172949.0,2.9,0.66,0.05,0.25
2021-03-23,000030,7.65,7.44,7.71,7.42,76674,57819088.0,3.8,-2.49,-0.19,0.44
2021-03-24,000030,7.47,7.36,7.52,7.26,57188,42043250.0,3.49,-1.08,-0.08,0.32
2021-03-25,000030,7.36,7.3,7.39,7.17,34456,25096922.0,2.99,-0.82,-0.06,0.2
2021-03-26,000030,7.34,7.28,7.45,7.2,38534,28096051.0,3.42,-0.27,-0.02,0.22
2021-03-29,000030,7.38,7.53,7.59,7.21,85933,64166837.0,5.22,3.43,0.25,0.49
2021-03-30,000030,7.62,7.23,7.63,7.12,64834,47441347.0,6.77,-3.98,-0.3,0.37
2021-03-31,000030,7.3,7.45,7.54,7.17,73343,54618251.0,5.12,3.04,0.22,0.42
2021-04-01,000030,7.45,7.45,7.59,7.38,40072,29885978.0,2.82,0.0,0.0,0.23
2021-04-02,000030,7.54,7.5,7.58,7.43,52449,39383579.0,2.01,0.67,0.05,0.3
2021-04-06,000030,7.5,7.95,8.02,7.48,132620,104117345.0,7.2,6.0,0.45,0.75
2021-04-07,000030,7.95,7.96,8.07,7.84,75391,59786297.0,2.89,0.13,0.01,0.43
2021-04-08,000030,8.02,7.77,8.03,7.72,67733,53100734.0,3.89,-2.39,-0.19,0.38
2021-04-09,000030,7.76,7.87,7.9,7.67,54376,42417000.0,2.96,1.29,0.1,0.31
2021-04-12,000030,7.92,7.85,7.96,7.7,57559,44977264.0,3.3,-0.25,-0.02,0.33
2021-04-13,000030,7.84,7.54,7.89,7.46,53689,40778445.0,5.48,-3.95,-0.31,0.31
2021-04-14,000030,7.56,7.39,7.57,7.18,91927,67451239.0,5.17,-1.99,-0.15,0.52
2021-04-15,000030,7.35,7.43,7.44,7.19,52308,38177825.0,3.38,0.54,0.04,0.3
2021-04-16,000030,7.48,7.49,7.68,7.41,61763,46669756.0,3.63,0.81,0.06,0.35
2021-04-19,000030,7.53,7.49,7.62,7.47,105404,79118011.0,2.0,0.0,0.0,0.6
2021-04-20,000030,7.5,7.51,7.79,7.42,100122,75791529.0,4.94,0.27,0.02,0.57
2021-04-21,000030,7.48,7.42,7.48,7.26,40820,30138922.0,2.93,-1.2,-0.09,0.23
2021-04-22,000030,7.4,7.34,7.49,7.33,34658,25617557.0,2.16,-1.08,-0.08,0.2
2021-04-23,000030,7.4,7.41,7.42,7.25,36121,26457085.0,2.32,0.95,0.07,0.21
2021-04-26,000030,7.48,7.27,7.51,7.22,59281,43729704.0,3.91,-1.89,-0.14,0.34
2021-04-27,000030,7.38,7.17,7.38,6.95,55976,39782709.0,5.91,-1.38,-0.1,0.32
2021-04-28,000030,7.1,7.18,7.25,7.02,45480,32543808.0,3.21,0.14,0.01,0.26
2021-04-29,000030,7.28,7.09,7.28,7.09,55268,39659103.0,2.65,-1.25,-0.09,0.31
2021-04-30,000030,7.13,7.2,7.34,7.06,77165,55698342.0,3.95,1.55,0.11,0.44
2021-05-06,000030,7.15,7.07,7.28,7.05,69041,49174693.0,3.19,-1.81,-0.13,0.39
2021-05-07,000030,7.12,7.05,7.19,7.01,58881,41700688.0,2.55,-0.28,-0.02,0.33
2021-05-10,000030,7.04,7.2,7.27,6.98,78460,56021517.0,4.11,2.13,0.15,0.45
2021-05-11,000030,7.21,7.1,7.3,6.82,94606,66194409.0,6.67,-1.39,-0.1,0.54
2021-05-12,000030,6.99,6.98,6.99,6.84,52340,36278564.0,2.11,-1.69,-0.12,0.3
2021-05-13,000030,6.96,6.86,6.99,6.82,48230,33198695.0,2.44,-1.72,-0.12,0.27
2021-05-14,000030,6.9,6.84,6.92,6.77,65211,44476899.0,2.19,-0.29,-0.02,0.37
2021-05-17,000030,6.83,6.74,6.83,6.73,40951,27714906.0,1.46,-1.46,-0.1,0.23
2021-05-18,000030,6.75,6.75,6.97,6.72,56826,38630705.0,3.71,0.15,0.01,0.32
2021-05-19,000030,6.74,6.8,6.82,6.67,45022,30441719.0,2.22,0.74,0.05,0.26
2021-05-20,000030,6.8,6.76,6.83,6.72,38880,26296811.0,1.62,-0.59,-0.04,0.22
2021-05-21,000030,6.76,6.83,6.89,6.75,41336,28222401.0,2.07,1.04,0.07,0.23
2021-05-24,000030,6.85,6.88,6.88,6.76,34445,23475033.0,1.76,0.73,0.05,0.2
2021-05-25,000030,6.85,6.85,6.86,6.79,34991,23875690.0,1.02,-0.44,-0.03,0.2
2021-05-26,000030,6.83,6.79,6.88,6.78,30171,20558910.0,1.46,-0.88,-0.06,0.17
2021-05-27,000030,6.78,6.77,6.79,6.73,25546,17273568.0,0.88,-0.29,-0.02,0.15
2021-05-28,000030,6.8,6.78,6.84,6.76,23904,16257274.0,1.18,0.15,0.01,0.14
2021-05-31,000030,6.79,6.81,6.81,6.71,34816,23491014.0,1.47,0.44,0.03,0.2
2021-06-01,000030,6.81,6.85,6.94,6.72,78020,53429104.0,3.23,0.59,0.04,0.44
2021-06-02,000030,6.89,6.98,7.08,6.85,98313,68677368.0,3.36,1.9,0.13,0.56
2021-06-03,000030,7.0,6.77,7.0,6.75,91275,62439183.0,3.58,-3.01,-0.21,0.52
2021-06-04,000030,6.76,6.66,6.76,6.62,62046,41435420.0,2.07,-1.62,-0.11,0.35
2021-06-07,000030,6.66,6.6,6.69,6.59,52922,35098240.0,1.5,-0.9,-0.06,0.3
2021-06-08,000030,6.6,6.68,6.69,6.57,41896,27815526.0,1.82,1.21,0.08,0.24
2021-06-09,000030,6.68,6.61,6.76,6.6,59636,39706596.0,2.4,-1.05,-0.07,0.34
2021-06-10,000030,6.73,6.79,6.79,6.67,67889,45730888.0,1.82,2.72,0.18,0.39
2021-06-11,000030,6.78,6.81,6.86,6.74,41718,28453466.0,1.77,0.29,0.02,0.24
2021-06-15,000030,6.81,6.71,6.85,6.67,32832,22049955.0,2.64,-1.47,-0.1,0.19
2021-06-16,000030,6.71,6.66,6.72,6.61,32184,21425114.0,1.64,-0.75,-0.05,0.18
2021-06-17,000030,6.38,6.32,6.4,6.23,46196,29221559.0,2.55,-5.11,-0.34,0.26
2021-06-18,000030,6.32,6.52,6.59,6.23,71106,45917976.0,5.7,3.16,0.2,0.4
2021-06-21,000030,6.52,6.52,6.64,6.45,64592,42415597.0,2.91,0.0,0.0,0.37
2021-06-22,000030,6.55,6.43,6.57,6.42,50197,32509037.0,2.3,-1.38,-0.09,0.29
2021-06-23,000030,6.43,6.44,6.55,6.36,65752,42317164.0,2.95,0.16,0.01,0.37
2021-06-24,000030,6.44,6.58,6.59,6.38,77340,50503198.0,3.26,2.17,0.14,0.44
2021-06-25,000030,6.58,6.41,6.61,6.36,83428,53565117.0,3.8,-2.58,-0.17,0.47
2021-06-28,000030,6.39,6.47,6.49,6.36,46796,30026408.0,2.03,0.94,0.06,0.27
2021-06-29,000030,6.42,6.35,6.48,6.34,29659,18939778.0,2.16,-1.85,-0.12,0.17
2021-06-30,000030,6.33,6.37,6.41,6.26,39681,25103953.0,2.36,0.31,0.02,0.23
2021-07-01,000030,6.37,6.33,6.39,6.32,28685,18240508.0,1.1,-0.63,-0.04,0.16
2021-07-02,000030,6.31,6.26,6.37,6.24,29563,18519812.0,2.05,-1.11,-0.07,0.17
2021-07-05,000030,6.23,6.27,6.3,6.22,26513,16571954.0,1.28,0.16,0.01,0.15
2021-07-06,000030,6.24,6.22,6.25,6.16,30022,18575890.0,1.44,-0.8,-0.05,0.17
2021-07-07,000030,6.2,6.24,6.27,6.19,17476,10886191.0,1.29,0.32,0.02,0.1
2021-07-08,000030,6.25,6.18,6.27,6.15,28272,17511963.0,1.92,-0.96,-0.06,0.16
2021-07-09,000030,6.18,6.5,6.55,6.1,139335,89298089.0,7.28,5.18,0.32,0.79
2021-07-12,000030,6.53,6.57,6.7,6.41,137515,90353013.0,4.46,1.08,0.07,0.78
2021-07-13,000030,6.6,6.57,6.68,6.51,77141,50831901.0,2.59,0.0,0.0,0.44
2021-07-14,000030,6.55,6.35,6.59,6.33,91789,58924758.0,3.96,-3.35,-0.22,0.52
2021-07-15,000030,6.35,6.25,6.45,6.2,124643,78434791.0,3.94,-1.57,-0.1,0.71
2021-07-16,000030,6.26,6.14,6.29,6.13,82045,50870313.0,2.56,-1.76,-0.11,0.47
2021-07-19,000030,6.16,6.07,6.17,6.01,47118,28532655.0,2.61,-1.14,-0.07,0.27
2021-07-20,000030,6.05,6.03,6.06,5.99,43659,26275025.0,1.15,-0.66,-0.04,0.25
2021-07-21,000030,6.04,6.09,6.12,6.0,42488,25781313.0,1.99,1.0,0.06,0.24
2021-07-22,000030,6.08,6.1,6.18,6.03,56401,34446211.0,2.46,0.16,0.01,0.32
2021-07-23,000030,6.1,6.1,6.12,6.03,34977,21247721.0,1.48,0.0,0.0,0.2
2021-07-26,000030,6.1,5.82,6.1,5.81,67153,39716038.0,4.75,-4.59,-0.28,0.38
2021-07-27,000030,5.82,5.69,5.87,5.68,40925,23640394.0,3.26,-2.23,-0.13,0.23
2021-07-28,000030,5.66,5.63,5.72,5.56,28938,16303934.0,2.81,-1.05,-0.06,0.16
2021-07-29,000030,5.62,5.6,5.69,5.57,45337,25463945.0,2.13,-0.53,-0.03,0.26
2021-07-30,000030,5.61,5.42,5.63,5.36,83223,45608378.0,4.82,-3.21,-0.18,0.47
2021-08-02,000030,5.43,5.53,5.63,5.4,112692,62116152.0,4.24,2.03,0.11,0.64
2021-08-03,000030,5.5,5.48,5.6,5.46,68019,37526604.0,2.53,-0.9,-0.05,0.39
2021-08-04,000030,5.5,5.46,5.53,5.41,115452,63020416.0,2.19,-0.36,-0.02,0.66
2021-08-05,000030,5.48,5.52,5.64,5.42,143224,79374213.0,4.03,1.1,0.06,0.81
2021-08-06,000030,5.55,5.46,5.56,5.41,80554,43890154.0,2.72,-1.09,-0.06,0.46
2021-08-09,000030,5.43,5.52,5.55,5.4,79660,43722256.0,2.75,1.1,0.06,0.45
2021-08-10,000030,5.54,5.6,5.62,5.49,112114,62236641.0,2.36,1.45,0.08,0.64
2021-08-11,000030,5.6,5.8,5.81,5.57,139122,79093746.0,4.29,3.57,0.2,0.79
2021-08-12,000030,5.8,6.16,6.18,5.73,244102,146566814.0,7.76,6.21,0.36,1.39
2021-08-13,000030,6.08,6.36,6.4,6.03,221011,137921034.0,6.01,3.25,0.2,1.26
2021-08-16,000030,6.39,6.57,6.7,6.27,240870,157138032.0,6.76,3.3,0.21,1.37
2021-08-17,000030,6.55,6.17,6.55,6.09,187259,116876040.0,7.0,-6.09,-0.4,1.06
2021-08-18,000030,6.17,6.66,6.79,6.14,313438,204549046.0,10.53,7.94,0.49,1.78
2021-08-19,000030,6.49,6.57,6.76,6.48,107777,71344811.0,4.2,-1.35,-0.09,0.61
2021-08-20,000030,6.5,6.6,6.77,6.44,116308,76530102.0,5.02,0.46,0.03,0.66
2021-08-23,000030,6.56,6.55,6.65,6.48,87161,57218372.0,2.58,-0.76,-0.05,0.5
2021-08-24,000030,6.55,6.55,6.6,6.49,88771,58156008.0,1.68,0.0,0.0,0.5
2021-08-25,000030,6.6,6.57,6.61,6.49,81905,53581598.0,1.83,0.31,0.02,0.47
2021-08-26,000030,6.6,6.52,6.87,6.36,188198,123777474.0,7.76,-0.76,-0.05,1.07
2021-08-27,000030,6.41,6.45,6.58,6.34,85541,55276279.0,3.68,-1.07,-0.07,0.49
2021-08-30,000030,6.45,6.27,6.52,6.17,180244,113615974.0,5.43,-2.79,-0.18,1.02
2021-08-31,000030,6.27,6.3,6.49,6.22,192917,122592411.0,4.31,0.48,0.03,1.1
2021-09-01,000030,6.32,6.13,6.36,6.11,108361,67299696.0,3.97,-2.7,-0.17,0.62
2021-09-02,000030,6.13,6.19,6.23,6.04,128658,79034961.0,3.1,0.98,0.06,0.73
2021-09-03,000030,6.2,6.07,6.24,6.01,146530,89669860.0,3.72,-1.94,-0.12,0.83
2021-09-06,000030,6.1,6.14,6.33,6.05,202234,124396234.0,4.61,1.15,0.07,1.15
2021-09-07,000030,6.15,6.16,6.22,6.11,148967,91873476.0,1.79,0.33,0.02,0.85
2021-09-08,000030,6.18,6.18,6.23,6.09,120262,74381039.0,2.27,0.32,0.02,0.68
2021-09-09,000030,6.15,6.26,6.33,6.15,143469,89726407.0,2.91,1.29,0.08,0.82
2021-09-10,000030,6.27,6.4,6.43,6.23,198791,126186676.0,3.19,2.24,0.14,1.13
2021-09-13,000030,6.67,6.42,6.78,6.29,265788,171854390.0,7.66,0.31,0.02,1.51
2021-09-14,000030,6.33,6.19,6.36,6.13,179313,111515259.0,3.58,-3.58,-0.23,1.02
2021-09-15,000030,6.14,6.17,6.18,6.05,95987,58787731.0,2.1,-0.32,-0.02,0.55
2021-09-16,000030,6.18,5.96,6.18,5.94,160083,96925546.0,3.89,-3.4,-0.21,0.91
2021-09-17,000030,5.98,5.9,5.98,5.87,80533,47628523.0,1.85,-1.01,-0.06,0.46
2021-09-22,000030,5.84,5.87,5.89,5.73,76257,44337785.0,2.71,-0.51,-0.03,0.43
2021-09-23,000030,5.87,5.95,5.97,5.87,58322,34639193.0,1.7,1.36,0.08,0.33
2021-09-24,000030,5.98,5.82,5.98,5.77,54778,32110943.0,3.53,-2.18,-0.13,0.31
2021-09-27,000030,5.85,5.72,5.87,5.63,74623,42839383.0,4.12,-1.72,-0.1,0.42
2021-09-28,000030,5.68,5.75,5.76,5.66,38630,22107207.0,1.75,0.52,0.03,0.22
2021-09-29,000030,5.72,5.66,5.73,5.59,65353,37019397.0,2.43,-1.57,-0.09,0.37
2021-09-30,000030,5.72,5.83,5.86,5.7,48233,28015905.0,2.83,3.0,0.17,0.27
2021-10-08,000030,5.86,6.03,6.14,5.86,122700,74138607.0,4.8,3.43,0.2,0.7
2021-10-11,000030,6.08,6.02,6.11,5.96,68892,41644081.0,2.49,-0.17,-0.01,0.39
2021-10-12,000030,6.0,5.98,6.08,5.94,52169,31305025.0,2.33,-0.66,-0.04,0.3
2021-10-13,000030,5.99,6.1,6.12,5.97,63686,38640208.0,2.51,2.01,0.12,0.36
2021-10-14,000030,6.05,6.26,6.33,6.05,127095,79265956.0,4.59,2.62,0.16,0.72
2021-10-15,000030,6.29,6.3,6.34,6.19,91126,57165322.0,2.4,0.64,0.04,0.52
2021-10-18,000030,6.31,6.28,6.34,6.2,61206,38388208.0,2.22,-0.32,-0.02,0.35
2021-10-19,000030,6.33,6.18,6.34,6.11,65231,40226815.0,3.66,-1.59,-0.1,0.37
2021-10-20,000030,6.18,6.14,6.2,6.09,55672,34149928.0,1.78,-0.65,-0.04,0.32
2021-10-21,000030,6.22,6.07,6.22,6.07,48748,29751103.0,2.44,-1.14,-0.07,0.28
2021-10-22,000030,6.08,6.08,6.12,5.89,77925,46712171.0,3.79,0.16,0.01,0.44
2021-10-25,000030,6.02,5.94,6.05,5.86,52188,30849386.0,3.13,-2.3,-0.14,0.3
2021-10-26,000030,5.92,5.86,5.98,5.84,64379,38047118.0,2.36,-1.35,-0.08,0.37
2021-10-27,000030,5.89,5.78,5.91,5.7,57624,33350401.0,3.58,-1.37,-0.08,0.33
2021-10-28,000030,5.7,5.72,5.8,5.66,37708,21538058.0,2.42,-1.04,-0.06,0.21
2021-10-29,000030,5.59,5.66,5.71,5.5,68651,38494626.0,3.67,-1.05,-0.06,0.39
2021-11-01,000030,5.69,6.21,6.23,5.69,236374,143365363.0,9.54,9.72,0.55,1.34
2021-11-02,000030,6.08,6.53,6.57,6.08,398117,255509536.0,7.89,5.15,0.32,2.26
2021-11-03,000030,6.74,6.41,6.78,6.33,319247,207322349.0,6.89,-1.84,-0.12,1.81
2021-11-04,000030,6.48,6.43,6.65,6.31,214416,139549514.0,5.3,0.31,0.02,1.22
2021-11-05,000030,6.44,6.26,6.47,6.21,168823,106918757.0,4.04,-2.64,-0.17,0.96
2021-11-08,000030,6.35,5.94,6.35,5.9,218784,132432762.0,7.19,-5.11,-0.32,1.24
2021-11-09,000030,5.93,5.83,5.98,5.79,186280,109492761.0,3.2,-1.85,-0.11,1.06
2021-11-10,000030,5.83,5.83,5.88,5.76,123339,71612328.0,2.06,0.0,0.0,0.7
2021-11-11,000030,5.83,5.92,5.95,5.81,111127,65658805.0,2.4,1.54,0.09,0.63
2021-11-12,000030,5.95,6.51,6.51,5.95,257796,162673529.0,9.46,9.97,0.59,1.46
2021-11-15,000030,6.69,6.66,6.81,6.49,474732,316463088.0,4.92,2.3,0.15,2.7
2021-11-16,000030,6.66,6.79,7.01,6.54,495495,333374816.0,7.06,1.95,0.13,2.82
2021-11-17,000030,6.78,6.93,6.97,6.71,378017,259613861.0,3.83,2.06,0.14,2.15
2021-11-18,000030,6.95,6.84,7.25,6.83,304518,212111922.0,6.06,-1.3,-0.09,1.73
2021-11-19,000030,6.99,7.38,7.52,6.71,584556,421412592.0,11.84,7.89,0.54,3.32
2021-11-22,000030,7.38,7.74,7.78,7.18,430165,324685392.0,8.13,4.88,0.36,2.44
2021-11-23,000030,7.63,8.24,8.38,7.6,391027,316378640.0,10.08,6.46,0.5,2.22
2021-11-24,000030,8.19,7.94,8.28,7.82,297923,239736131.0,5.58,-3.64,-0.3,1.69
2021-11-25,000030,8.05,7.69,8.07,7.63,238990,184699661.0,5.54,-3.15,-0.25,1.36
2021-11-26,000030,7.6,8.3,8.38,7.6,431467,347203504.0,10.14,7.93,0.61,2.45
2021-11-29,000030,8.09,8.15,8.22,7.91,209821,169851581.0,3.73,-1.81,-0.15,1.19
2021-11-30,000030,8.2,8.1,8.38,7.9,256601,208135404.0,5.89,-0.61,-0.05,1.46
2021-12-01,000030,8.1,8.47,8.53,8.0,227949,188318904.0,6.54,4.57,0.37,1.3
2021-12-02,000030,8.53,8.57,9.3,8.37,506057,443225296.0,10.98,1.18,0.1,2.88
2021-12-03,000030,8.42,8.16,8.46,7.98,283508,232873094.0,5.6,-4.78,-0.41,1.61
2021-12-06,000030,8.08,7.6,8.12,7.56,295436,229728496.0,6.86,-6.86,-0.56,1.68
2021-12-07,000030,7.68,7.2,7.74,7.15,299015,221162278.0,7.76,-5.26,-0.4,1.7
2021-12-08,000030,7.19,7.44,7.55,7.12,191880,141155538.0,5.97,3.33,0.24,1.09
2021-12-09,000030,7.36,7.16,7.52,7.14,200503,145284478.0,5.11,-3.76,-0.28,1.14
2021-12-10,000030,7.19,7.1,7.31,7.0,248910,176952517.0,4.33,-0.84,-0.06,1.41
2021-12-13,000030,7.1,7.22,7.32,7.01,227428,163357784.0,4.37,1.69,0.12,1.29
2021-12-14,000030,7.34,7.94,7.94,7.32,387012,295818976.0,8.59,9.97,0.72,2.2
2021-12-15,000030,8.22,8.1,8.69,7.77,560882,459659040.0,11.59,2.02,0.16,3.19
2021-12-16,000030,8.14,8.3,8.41,7.87,310992,252098747.0,6.67,2.47,0.2,1.77
2021-12-17,000030,8.25,8.17,8.28,8.02,173309,141417272.0,3.13,-1.57,-0.13,0.98
2021-12-20,000030,8.16,7.83,8.16,7.8,181068,143720010.0,4.41,-4.16,-0.34,1.03
2021-12-21,000030,7.98,7.94,8.04,7.73,132859,104738174.0,3.96,1.4,0.11,0.75
2021-12-22,000030,8.0,7.89,8.2,7.8,122818,97007687.0,5.04,-0.63,-0.05,0.7
2021-12-23,000030,7.89,8.15,8.28,7.83,244181,198106588.0,5.7,3.3,0.26,1.39
2021-12-24,000030,8.2,7.83,8.3,7.83,170329,136675095.0,5.77,-3.93,-0.32,0.97
2021-12-27,000030,7.77,7.46,7.78,7.33,234839,176571569.0,5.75,-4.73,-0.37,1.33
2021-12-28,000030,7.52,7.38,7.56,7.25,163040,119646369.0,4.16,-1.07,-0.08,0.93
2021-12-29,000030,7.3,7.28,7.37,7.22,115058,83921317.0,2.03,-1.36,-0.1,0.65
2021-12-30,000030,7.35,7.3,7.4,7.23,143235,104696599.0,2.34,0.27,0.02,0.81
2021-12-31,000030,7.26,7.42,7.48,7.17,215858,157169703.0,4.25,1.64,0.12,1.23
2022-01-04,000030,7.43,7.27,7.43,7.22,179988,130990207.0,2.83,-2.02,-0.15,1.02
2022-01-05,000030,7.27,7.06,7.28,7.0,132381,93998421.0,3.85,-2.89,-0.21,0.75
2022-01-06,000030,7.01,7.15,7.23,7.01,104817,74892004.0,3.12,1.27,0.09,0.6
2022-01-07,000030,7.12,7.09,7.21,7.05,89782,63919476.0,2.24,-0.84,-0.06,0.51
2022-01-10,000030,7.1,7.07,7.15,7.05,87486,62027257.0,1.41,-0.28,-0.02,0.5
2022-01-11,000030,7.05,7.18,7.19,7.05,82784,59138609.0,1.98,1.56,0.11,0.47
2022-01-12,000030,7.18,7.19,7.2,7.07,70376,50200524.0,1.81,0.14,0.01,0.4
2022-01-13,000030,7.17,7.05,7.2,7.04,105158,74859716.0,2.23,-1.95,-0.14,0.6
2022-01-14,000030,7.0,7.02,7.18,6.94,100125,70849486.0,3.4,-0.43,-0.03,0.57
2022-01-17,000030,7.03,7.3,7.36,6.97,130735,94971573.0,5.56,3.99,0.28,0.74
2022-01-18,000030,7.26,7.18,7.35,7.11,118028,85072474.0,3.29,-1.64,-0.12,0.67
2022-01-19,000030,7.13,7.09,7.28,7.04,105864,75439948.0,3.34,-1.25,-0.09,0.6
2022-01-20,000030,7.1,6.85,7.12,6.85,104096,72384288.0,3.81,-3.39,-0.24,0.59
2022-01-21,000030,6.85,6.66,6.87,6.6,111443,74644135.0,3.94,-2.77,-0.19,0.63
2022-01-24,000030,6.71,6.72,6.82,6.62,58662,39523633.0,3.0,0.9,0.06,0.33
2022-01-25,000030,6.7,6.43,6.78,6.43,94884,62051990.0,5.21,-4.32,-0.29,0.54
2022-01-26,000030,6.43,6.56,6.57,6.39,75071,48755375.0,2.8,2.02,0.13,0.43
2022-01-27,000030,6.56,6.3,6.57,6.28,60667,38736127.0,4.42,-3.96,-0.26,0.34
2022-01-28,000030,6.4,6.28,6.4,6.11,62457,39170699.0,4.6,-0.32,-0.02,0.35
2022-02-07,000030,6.39,6.36,6.45,6.28,59695,37918382.0,2.71,1.27,0.08,0.34
2022-02-08,000030,6.33,6.47,6.47,6.3,75574,48292176.0,2.67,1.73,0.11,0.43
2022-02-09,000030,6.46,6.51,6.55,6.41,58760,38098251.0,2.16,0.62,0.04,0.33
2022-02-10,000030,6.52,6.51,6.55,6.43,51004,33061728.0,1.84,0.0,0.0,0.29
2022-02-11,000030,6.46,6.31,6.48,6.29,70609,44852052.0,2.92,-3.07,-0.2,0.4
2022-02-14,000030,6.3,6.24,6.36,6.21,53695,33698223.0,2.38,-1.11,-0.07,0.3
2022-02-15,000030,6.3,6.25,6.31,6.16,49353,30761815.0,2.4,0.16,0.01,0.28
2022-02-16,000030,6.3,6.36,6.39,6.26,68148,43119601.0,2.08,1.76,0.11,0.39
2022-02-17,000030,6.37,6.24,6.37,6.23,72201,45293519.0,2.2,-1.89,-0.12,0.41
2022-02-18,000030,6.22,6.28,6.28,6.18,45494,28316296.0,1.6,0.64,0.04,0.26
2022-02-21,000030,6.26,6.29,6.32,6.22,64285,40259238.0,1.59,0.16,0.01,0.37
2022-02-22,000030,6.27,6.22,6.27,6.15,57579,35694153.0,1.91,-1.11,-0.07,0.33
2022-02-23,000030,6.22,6.29,6.31,6.22,61084,38293633.0,1.45,1.13,0.07,0.35
2022-02-24,000030,6.3,6.09,6.33,6.03,106129,65397186.0,4.77,-3.18,-0.2,0.6
2022-02-25,000030,6.12,6.24,6.29,6.12,76399,47581631.0,2.79,2.46,0.15,0.43
2022-02-28,000030,6.24,6.19,6.27,6.0,76976,47255655.0,4.33,-0.8,-0.05,0.44
2022-03-01,000030,6.26,6.25,6.26,6.14,44645,27793829.0,1.94,0.97,0.06,0.25
2022-03-02,000030,6.21,6.26,6.27,6.16,51953,32345289.0,1.76,0.16,0.01,0.3
2022-03-03,000030,6.25,6.34,6.34,6.2,90942,57010019.0,2.24,1.28,0.08,0.52
2022-03-04,000030,6.29,6.18,6.29,6.15,78704,48816836.0,2.21,-2.52,-0.16,0.45
2022-03-07,000030,6.16,6.03,6.17,6.0,69301,41962164.0,2.75,-2.43,-0.15,0.39
2022-03-08,000030,6.03,5.82,6.08,5.76,91634,53937245.0,5.31,-3.48,-0.21,0.52
2022-03-09,000030,5.83,5.69,5.89,5.4,118073,66829597.0,8.42,-2.23,-0.13,0.67
2022-03-10,000030,5.79,5.76,5.85,5.73,67222,38869365.0,2.11,1.23,0.07,0.38
2022-03-11,000030,5.68,5.79,5.83,5.58,46688,26667405.0,4.34,0.52,0.03,0.27
2022-03-14,000030,5.74,5.55,5.74,5.55,55357,31227243.0,3.28,-4.15,-0.24,0.31
2022-03-15,000030,5.58,5.2,5.61,5.2,95648,51393116.0,7.39,-6.31,-0.35,0.54
2022-03-16,000030,5.3,5.43,5.54,5.06,103185,54726786.0,9.23,4.42,0.23,0.59
2022-03-17,000030,5.65,5.57,5.8,5.53,125028,70639095.0,4.97,2.58,0.14,0.71
2022-03-18,000030,5.57,5.57,5.61,5.5,76326,42413696.0,1.97,0.0,0.0,0.43
2022-03-21,000030,5.56,5.56,5.65,5.5,54997,30635412.0,2.69,-0.18,-0.01,0.31
2022-03-22,000030,5.55,5.6,5.64,5.46,44978,24988122.0,3.24,0.72,0.04,0.26
2022-03-23,000030,5.6,5.6,5.64,5.56,41238,23098722.0,1.43,0.0,0.0,0.23
2022-03-24,000030,5.53,5.5,5.58,5.47,33641,18533087.0,1.96,-1.79,-0.1,0.19
2022-03-25,000030,5.49,5.48,5.54,5.46,34766,19130840.0,1.45,-0.36,-0.02,0.2
2022-03-28,000030,5.41,5.45,5.48,5.3,35530,19147929.0,3.28,-0.55,-0.03,0.2
2022-03-29,000030,5.44,5.35,5.46,5.34,26221,14129657.0,2.2,-1.83,-0.1,0.15
2022-03-30,000030,5.38,5.48,5.51,5.36,48918,26702216.0,2.8,2.43,0.13,0.28
2022-03-31,000030,5.48,5.44,5.5,5.42,54433,29687941.0,1.46,-0.73,-0.04,0.31
2022-04-01,000030,5.43,5.46,5.46,5.35,29028,15712155.0,2.02,0.37,0.02,0.16
2022-04-06,000030,5.44,5.51,5.52,5.41,42170,23122374.0,2.01,0.92,0.05,0.24
2022-04-07,000030,5.49,5.3,5.5,5.3,59537,32004250.0,3.63,-3.81,-0.21,0.34
2022-04-08,000030,5.28,5.35,5.36,5.22,58440,30935335.0,2.64,0.94,0.05,0.33
2022-04-11,000030,5.35,5.14,5.36,5.12,71838,37478243.0,4.49,-3.93,-0.21,0.41
2022-04-12,000030,5.19,5.21,5.22,5.07,54708,28193978.0,2.92,1.36,0.07,0.31
2022-04-13,000030,5.2,5.06,5.2,5.05,64459,32958609.0,2.88,-2.88,-0.15,0.37
2022-04-14,000030,5.09,5.13,5.18,5.08,33192,17005782.0,1.98,1.38,0.07,0.19
2022-04-15,000030,5.13,5.11,5.16,5.05,46216,23587776.0,2.14,-0.39,-0.02,0.26
2022-04-18,000030,5.18,5.37,5.49,5.1,180485,95579014.0,7.63,5.09,0.26,1.02
2022-04-19,000030,5.37,5.39,5.47,5.25,155726,83743971.0,4.1,0.37,0.02,0.88
2022-04-20,000030,5.43,5.47,5.56,5.37,161529,88275563.0,3.53,1.48,0.08,0.92
2022-04-21,000030,5.4,5.22,5.48,5.2,100800,53997596.0,5.12,-4.57,-0.25,0.57
2022-04-22,000030,5.35,5.18,5.35,5.11,73396,38093478.0,4.6,-0.77,-0.04,0.42
2022-04-25,000030,5.06,4.68,5.12,4.67,152722,74377477.0,8.69,-9.65,-0.5,0.87
2022-04-26,000030,4.71,4.42,4.79,4.3,94822,43374624.0,10.47,-5.56,-0.26,0.54
2022-04-27,000030,4.39,4.7,4.7,4.27,85748,38790518.0,9.73,6.33,0.28,0.49
2022-04-28,000030,4.63,4.64,4.73,4.55,49637,23009466.0,3.83,-1.28,-0.06,0.28
2022-04-29,000030,4.65,4.75,4.82,4.65,59543,28319101.0,3.66,2.37,0.11,0.34
2022-05-05,000030,4.5,4.69,4.75,4.5,88925,41463272.0,5.26,-1.26,-0.06,0.5
2022-05-06,000030,4.57,4.58,4.68,4.51,52416,23920605.0,3.62,-2.35,-0.11,0.3
2022-05-09,000030,4.56,4.61,4.68,4.54,38980,18031416.0,3.06,0.66,0.03,0.22
2022-05-10,000030,4.55,4.68,4.69,4.47,57241,26292727.0,4.77,1.52,0.07,0.33
2022-05-11,000030,4.68,5.15,5.15,4.63,82266,41046035.0,11.11,10.04,0.47,0.47
2022-05-12,000030,5.26,5.12,5.28,5.07,163549,84365450.0,4.08,-0.58,-0.03,0.93
2022-05-13,000030,5.12,5.21,5.23,5.05,110571,56900872.0,3.52,1.76,0.09,0.63
2022-05-16,000030,5.17,5.32,5.4,5.07,168986,88235269.0,6.33,2.11,0.11,0.96
2022-05-17,000030,5.24,5.32,5.48,5.16,137617,73647603.0,6.02,0.0,0.0,0.78
2022-05-18,000030,5.32,5.3,5.38,5.24,67691,35969173.0,2.63,-0.38,-0.02,0.38
2022-05-19,000030,5.24,5.3,5.3,5.19,58995,30995884.0,2.08,0.0,0.0,0.33
2022-05-20,000030,5.35,5.36,5.4,5.27,68829,36742372.0,2.45,1.13,0.06,0.39
2022-05-23,000030,5.36,5.48,5.49,5.31,82081,44416770.0,3.36,2.24,0.12,0.47
2022-05-24,000030,5.75,5.34,5.75,5.31,142439,78913072.0,8.03,-2.55,-0.14,0.81
2022-05-25,000030,5.28,5.43,5.51,5.2,87990,47202408.0,5.81,1.69,0.09,0.5
2022-05-26,000030,5.42,5.42,5.51,5.31,61361,33088291.0,3.68,-0.18,-0.01,0.35
2022-05-27,000030,5.4,5.37,5.49,5.34,48559,26235357.0,2.77,-0.92,-0.05,0.28
2022-05-30,000030,5.4,5.73,5.9,5.34,192052,108601374.0,10.43,6.7,0.36,1.09
2022-05-31,000030,5.8,5.69,5.81,5.6,86054,48785723.0,3.66,-0.7,-0.04,0.49
2022-06-01,000030,5.66,5.79,5.91,5.66,129472,75404000.0,4.39,1.76,0.1,0.74
2022-06-02,000030,5.75,5.86,5.95,5.71,86229,50509683.0,4.15,1.21,0.07,0.49
2022-06-06,000030,5.95,5.89,6.03,5.85,89218,52919531.0,3.07,0.51,0.03,0.51
2022-06-07,000030,5.88,5.78,5.9,5.71,68905,39775801.0,3.23,-1.87,-0.11,0.39
2022-06-08,000030,5.79,5.82,5.82,5.62,70179,40263986.0,3.46,0.69,0.04,0.4
2022-06-09,000030,5.78,5.63,5.81,5.58,45300,25703607.0,3.95,-3.26,-0.19,0.26
2022-06-10,000030,5.55,5.84,5.86,5.53,90942,52264443.0,5.86,3.73,0.21,0.52
2022-06-13,000030,5.55,5.43,5.55,5.33,122748,66753256.0,3.77,-7.02,-0.41,0.7
2022-06-14,000030,5.4,5.51,5.55,5.26,115742,62837659.0,5.34,1.47,0.08,0.66
2022-06-15,000030,5.56,5.39,5.58,5.39,86187,47117904.0,3.45,-2.18,-0.12,0.49
2022-06-16,000030,5.37,5.32,5.43,5.31,58899,31637989.0,2.23,-1.3,-0.07,0.33
2022-06-17,000030,5.3,5.35,5.4,5.28,58023,31091058.0,2.26,0.56,0.03,0.33
2022-06-20,000030,5.37,5.52,5.54,5.36,106994,58204118.0,3.36,3.18,0.17,0.61
2022-06-21,000030,5.51,5.47,5.6,5.35,99478,54137583.0,4.53,-0.91,-0.05,0.56
2022-06-22,000030,5.41,5.76,6.0,5.41,334622,192787681.0,10.79,5.3,0.29,1.9
2022-06-23,000030,5.74,5.79,5.94,5.61,355611,205799431.0,5.73,0.52,0.03,2.02
2022-06-24,000030,5.78,5.84,5.96,5.7,209421,121804881.0,4.49,0.86,0.05,1.19
2022-06-27,000030,5.89,5.91,6.01,5.78,262766,154527973.0,3.94,1.2,0.07,1.49
2022-06-28,000030,5.93,5.98,6.03,5.83,326345,193667006.0,3.38,1.18,0.07,1.85
2022-06-29,000030,5.9,5.62,5.98,5.59,257918,148360046.0,6.52,-6.02,-0.36,1.46
2022-06-30,000030,5.6,5.48,5.75,5.43,231600,128807034.0,5.69,-2.49,-0.14,1.32
2022-07-01,000030,5.44,5.66,5.84,5.42,214289,121199214.0,7.66,3.28,0.18,1.22
2022-07-04,000030,5.63,5.74,5.85,5.52,134178,76439209.0,5.83,1.41,0.08,0.76
2022-07-05,000030,5.73,5.79,5.81,5.62,130947,75048512.0,3.31,0.87,0.05,0.74
2022-07-06,000030,5.76,5.79,5.88,5.64,107205,61866684.0,4.15,0.0,0.0,0.61
2022-07-07,000030,5.79,5.84,5.93,5.65,126167,73512621.0,4.84,0.86,0.05,0.72
2022-07-08,000030,5.84,5.83,5.87,5.71,85597,49401913.0,2.74,-0.17,-0.01,0.49
2022-07-11,000030,5.77,5.65,5.81,5.59,104516,59071289.0,3.77,-3.09,-0.18,0.59
2022-07-12,000030,5.65,5.63,5.74,5.62,62159,35281633.74,2.12,-0.35,-0.02,0.35
2022-07-13,000030,5.63,5.8,5.86,5.59,109538,63454858.1,4.8,3.02,0.17,0.62
2022-07-14,000030,5.86,5.69,5.86,5.67,94893,54568151.24,3.28,-1.9,-0.11,0.54
2022-07-15,000030,5.69,5.52,5.73,5.52,61593,34737945.76,3.69,-2.99,-0.17,0.35
2022-07-18,000030,5.57,5.81,5.84,5.52,133326,76725648.54,5.8,5.25,0.29,0.76
2022-07-19,000030,5.81,5.79,5.87,5.71,83308,48247481.6,2.75,-0.34,-0.02,0.47
2022-07-20,000030,5.8,5.77,5.82,5.73,61499,35548559.0,1.55,-0.35,-0.02,0.35
2022-07-21,000030,5.78,5.83,5.93,5.71,93204,54461655.38,3.81,1.04,0.06,0.53
2022-07-22,000030,5.82,5.84,5.92,5.76,63340,36924476.0,2.74,0.17,0.01,0.36
2022-07-25,000030,5.88,5.66,5.91,5.64,75397,43166994.26,4.62,-3.08,-0.18,0.43
2022-07-26,000030,5.66,5.73,5.75,5.57,57130,32466277.72,3.18,1.24,0.07,0.32
2022-07-27,000030,5.71,5.95,6.01,5.66,160710,94947948.62,6.11,3.84,0.22,0.91
2022-07-28,000030,6.0,5.97,6.18,5.94,141909,85499452.88,4.03,0.34,0.02,0.81
2022-07-29,000030,5.98,5.97,6.04,5.91,103612,62011012.44,2.18,0.0,0.0,0.59
2022-08-01,000030,5.99,6.03,6.07,5.85,105494,63012290.49,3.69,1.01,0.06,0.6
2022-08-02,000030,6.0,5.72,6.0,5.61,115581,66519432.12,6.47,-5.14,-0.31,0.66
2022-08-03,000030,5.72,5.59,5.89,5.58,151490,86471688.33,5.42,-2.27,-0.13,0.86
2022-08-04,000030,5.62,5.53,5.72,5.45,119068,65907393.62,4.83,-1.07,-0.06,0.68
2022-08-05,000030,5.52,5.46,5.54,5.36,92439,50265733.74,3.25,-1.27,-0.07,0.52
2022-08-08,000030,5.44,5.67,5.75,5.34,106711,59624768.0,7.51,3.85,0.21,0.61
2022-08-09,000030,5.68,5.56,5.75,5.53,70101,39235988.92,3.88,-1.94,-0.11,0.4
2022-08-10,000030,5.52,5.58,5.6,5.47,59010,32716482.85,2.34,0.36,0.02,0.34
2022-08-11,000030,5.59,5.62,5.64,5.52,60633,33866932.9,2.15,0.72,0.04,0.34
2022-08-12,000030,5.65,5.54,5.87,5.52,132342,75089953.8,6.23,-1.42,-0.08,0.75
2022-08-15,000030,5.53,5.42,5.54,5.41,103304,56466771.98,2.35,-2.17,-0.12,0.59
2022-08-16,000030,5.41,5.59,5.67,5.39,106448,59261251.5,5.17,3.14,0.17,0.6
2022-08-17,000030,5.6,5.8,5.81,5.53,109390,61784790.55,5.01,3.76,0.21,0.62
2022-08-18,000030,5.8,5.64,5.81,5.6,138884,79043436.08,3.62,-2.76,-0.16,0.79
2022-08-19,000030,5.6,5.47,5.66,5.46,103578,57443505.8,3.55,-3.01,-0.17,0.59
2022-08-22,000030,5.42,5.47,5.48,5.38,60357,32829074.58,1.83,0.0,0.0,0.34
2022-08-23,000030,5.47,5.46,5.55,5.43,49319,27000232.02,2.19,-0.18,-0.01,0.28
2022-08-24,000030,5.5,5.2,5.51,5.18,104494,55384451.21,6.04,-4.76,-0.26,0.59
2022-08-25,000030,5.18,5.16,5.24,5.11,50193,25835531.06,2.5,-0.77,-0.04,0.29
2022-08-26,000030,5.16,5.16,5.22,5.13,33983,17585054.98,1.74,0.0,0.0,0.19
2022-08-29,000030,5.1,5.14,5.15,5.06,38328,19557808.37,1.74,-0.39,-0.02,0.22
2022-08-30,000030,5.16,5.12,5.17,5.08,33044,16906950.02,1.75,-0.39,-0.02,0.19
2022-08-31,000030,5.12,5.01,5.13,5.0,34755,17518913.0,2.54,-2.15,-0.11,0.2
2022-09-01,000030,5.03,5.05,5.17,5.0,42146,21475792.69,3.39,0.8,0.04,0.24
2022-09-02,000030,5.08,5.14,5.15,5.04,28147,14337863.85,2.18,1.78,0.09,0.16
2022-09-05,000030,5.13,5.12,5.14,5.08,19857,10147359.32,1.17,-0.39,-0.02,0.11
2022-09-06,000030,5.11,5.21,5.25,5.1,28756,14887868.36,2.93,1.76,0.09,0.16
2022-09-07,000030,5.2,5.21,5.24,5.16,20635,10743470.0,1.54,0.0,0.0,0.12
2022-09-08,000030,5.21,5.18,5.24,5.17,26153,13584589.44,1.34,-0.58,-0.03,0.15
2022-09-09,000030,5.19,5.24,5.25,5.14,27652,14412288.42,2.12,1.16,0.06,0.16
2022-09-13,000030,5.26,5.2,5.26,5.18,18266,9508053.4,1.53,-0.76,-0.04,0.1
2022-09-14,000030,5.15,5.11,5.18,5.09,26330,13497095.16,1.73,-1.73,-0.09,0.15
2022-09-15,000030,5.14,4.87,5.18,4.82,80969,39965090.84,7.05,-4.7,-0.24,0.46
2022-09-16,000030,4.88,4.65,4.89,4.62,64817,30695497.66,5.54,-4.52,-0.22,0.37
2022-09-19,000030,4.68,4.6,4.69,4.54,68739,31607709.12,3.23,-1.08,-0.05,0.39
2022-09-20,000030,4.65,4.69,4.76,4.62,85956,40363924.49,3.04,1.96,0.09,0.49
2022-09-21,000030,4.69,4.72,4.75,4.56,100127,46646564.34,4.05,0.64,0.03,0.57
2022-09-22,000030,4.73,4.67,4.75,4.65,43495,20376253.89,2.12,-1.06,-0.05,0.25
2022-09-23,000030,4.7,4.6,4.71,4.54,49173,22681362.4,3.64,-1.5,-0.07,0.28
2022-09-26,000030,4.61,4.47,4.61,4.2,48952,22132124.0,8.91,-2.83,-0.13,0.28
2022-09-27,000030,4.6,4.58,4.61,4.46,71020,32147963.49,3.36,2.46,0.11,0.4
2022-09-28,000030,4.59,4.39,4.63,4.38,68195,30349775.13,5.46,-4.15,-0.19,0.39
2022-09-29,000030,4.46,4.33,4.48,4.3,64379,28178821.57,4.1,-1.37,-0.06,0.37
2022-09-30,000030,4.38,4.3,4.39,4.24,87151,37639426.12,3.46,-0.69,-0.03,0.49
2022-10-10,000030,4.3,4.35,4.38,4.26,60976,26436599.11,2.79,1.16,0.05,0.35
2022-10-11,000030,4.37,4.42,4.44,4.26,62442,27293627.59,4.14,1.61,0.07,0.35
2022-10-12,000030,4.38,4.5,4.53,4.31,50479,22284510.14,4.98,1.81,0.08,0.29
2022-10-13,000030,4.52,4.5,4.61,4.47,37112,16744411.0,3.11,0.0,0.0,0.21
2022-10-14,000030,4.54,4.53,4.56,4.51,38695,17552225.46,1.11,0.67,0.03,0.22
2022-10-17,000030,4.46,4.54,4.56,4.46,46420,20970520.0,2.21,0.22,0.01,0.26
2022-10-18,000030,4.57,4.5,4.59,4.49,37808,17105843.79,2.2,-0.88,-0.04,0.21
2022-10-19,000030,4.51,4.48,4.53,4.46,32747,14748571.0,1.56,-0.44,-0.02,0.19
2022-10-20,000030,4.51,4.43,4.52,4.37,43714,19359647.98,3.35,-1.12,-0.05,0.25
2022-10-21,000030,4.43,4.4,4.46,4.38,30060,13280496.69,1.81,-0.68,-0.03,0.17
2022-10-24,000030,4.44,4.34,4.47,4.31,53950,23673014.54,3.64,-1.36,-0.06,0.31
2022-10-25,000030,4.31,4.49,4.49,4.3,73663,32492906.13,4.38,3.46,0.15,0.42
2022-10-26,000030,4.47,4.48,4.56,4.45,71585,32272812.44,2.45,-0.22,-0.01,0.41
2022-10-27,000030,4.48,4.61,4.68,4.48,180067,83382061.4,4.46,2.9,0.13,1.02
2022-10-28,000030,4.59,4.4,4.64,4.38,91244,41146388.48,5.64,-4.56,-0.21,0.52
2022-10-31,000030,4.38,4.56,4.65,4.36,106947,48765294.93,6.59,3.64,0.16,0.61
2022-11-01,000030,4.57,4.63,4.64,4.54,63516,29162064.26,2.19,1.54,0.07,0.36
2022-11-02,000030,4.62,4.66,4.68,4.59,68861,31985967.33,1.94,0.65,0.03,0.39
2022-11-03,000030,4.62,4.65,4.7,4.6,46737,21795391.82,2.15,-0.21,-0.01,0.27
2022-11-04,000030,4.64,4.78,4.79,4.63,53476,25329027.9,3.44,2.8,0.13,0.3
2022-11-07,000030,4.78,4.76,4.81,4.73,41690,19889591.83,1.67,-0.42,-0.02,0.24
2022-11-08,000030,4.78,4.73,4.78,4.69,50862,24000028.1,1.89,-0.63,-0.03,0.29
2022-11-09,000030,4.73,4.7,4.77,4.67,42688,20147994.6,2.11,-0.63,-0.03,0.24
2022-11-10,000030,4.7,4.67,4.71,4.63,41254,19239577.58,1.7,-0.64,-0.03,0.23
2022-11-11,000030,4.74,4.74,4.8,4.7,57997,27503927.16,2.14,1.5,0.07,0.33
2022-11-14,000030,4.74,4.71,4.87,4.7,64234,30663513.84,3.59,-0.63,-0.03,0.36
2022-11-15,000030,4.73,4.8,4.81,4.69,41202,19649089.2,2.55,1.91,0.09,0.23
2022-11-16,000030,4.8,4.79,4.84,4.76,38275,18358848.6,1.67,-0.21,-0.01,0.22
2022-11-17,000030,4.79,4.79,4.82,4.73,43327,20724698.6,1.88,0.0,0.0,0.25
2022-11-18,000030,4.8,4.77,4.85,4.76,54116,26062986.29,1.88,-0.42,-0.02,0.31
2022-11-21,000030,4.75,4.75,4.78,4.65,38514,18155552.21,2.73,-0.42,-0.02,0.22
2022-11-22,000030,4.75,4.68,4.77,4.67,57205,26982044.95,2.11,-1.47,-0.07,0.32
2022-11-23,000030,4.7,4.68,4.71,4.62,52280,24422348.42,1.92,0.0,0.0,0.3
2022-11-24,000030,4.7,4.72,4.73,4.64,47733,22383535.09,1.92,0.85,0.04,0.27
2022-11-25,000030,4.71,4.64,4.72,4.62,49282,22903625.77,2.12,-1.69,-0.08,0.28
2022-11-28,000030,4.63,4.58,4.64,4.54,49081,22500425.0,2.16,-1.29,-0.06,0.28
2022-11-29,000030,4.62,4.73,4.74,4.59,51219,24020367.05,3.28,3.28,0.15,0.29
2022-11-30,000030,4.73,4.82,4.85,4.7,76547,36757318.72,3.17,1.9,0.09,0.43
2022-12-01,000030,4.89,4.76,4.9,4.75,80125,38603943.75,3.11,-1.24,-0.06,0.45
2022-12-02,000030,4.76,4.77,4.81,4.75,42639,20377117.4,1.26,0.21,0.01,0.24
2022-12-05,000030,4.8,4.84,4.86,4.75,62259,30014061.12,2.31,1.47,0.07,0.35
2022-12-06,000030,4.84,4.86,4.88,4.79,50116,24279083.33,1.86,0.41,0.02,0.28
2022-12-07,000030,4.87,4.78,4.89,4.76,67371,32389918.03,2.67,-1.65,-0.08,0.38
2022-12-08,000030,4.79,4.79,4.8,4.76,30228,14462510.32,0.84,0.21,0.01,0.17
2022-12-09,000030,4.78,4.75,4.79,4.73,44972,21381172.75,1.25,-0.84,-0.04,0.26
2022-12-12,000030,4.77,4.78,4.8,4.73,47512,22663274.2,1.47,0.63,0.03,0.27
2022-12-13,000030,4.76,4.73,4.77,4.7,42670,20166406.46,1.46,-1.05,-0.05,0.24
2022-12-14,000030,4.73,4.68,4.77,4.67,32807,15451798.0,2.11,-1.06,-0.05,0.19
2022-12-15,000030,4.66,4.78,4.79,4.66,46566,22050157.35,2.78,2.14,0.1,0.26
2022-12-16,000030,4.76,4.68,4.76,4.67,34231,16135826.77,1.88,-2.09,-0.1,0.19
2022-12-19,000030,4.7,4.61,4.76,4.59,39278,18323642.64,3.63,-1.5,-0.07,0.22
2022-12-20,000030,4.58,4.61,4.68,4.56,73383,33946163.2,2.6,0.0,0.0,0.42
2022-12-21,000030,4.65,4.51,4.67,4.49,62916,28564120.94,3.9,-2.17,-0.1,0.36
2022-12-22,000030,4.53,4.46,4.57,4.45,40664,18345798.7,2.66,-1.11,-0.05,0.23
2022-12-23,000030,4.46,4.43,4.47,4.39,43011,19041987.9,1.79,-0.67,-0.03,0.24
2022-12-26,000030,4.46,4.5,4.5,4.42,40172,17934075.89,1.81,1.58,0.07,0.23
2022-12-27,000030,4.5,4.5,4.54,4.46,30339,13638516.26,1.78,0.0,0.0,0.17
2022-12-28,000030,4.5,4.42,4.5,4.39,42338,18742997.04,2.44,-1.78,-0.08,0.24
2022-12-29,000030,4.42,4.37,4.44,4.36,36078,15849537.14,1.81,-1.13,-0.05,0.2
2022-12-30,000030,4.41,4.4,4.44,4.37,27840,12256024.0,1.6,0.69,0.03,0.16
2023-01-03,000030,4.4,4.48,4.5,4.37,49970,22230377.8,2.95,1.82,0.08,0.28
2023-01-04,000030,4.5,4.51,4.54,4.46,41618,18766756.16,1.79,0.67,0.03,0.24
2023-01-05,000030,4.56,4.62,4.65,4.53,56750,26129667.4,2.66,2.44,0.11,0.32
2023-01-06,000030,4.62,4.67,4.71,4.6,59169,27637416.66,2.38,1.08,0.05,0.34
2023-01-09,000030,4.69,4.67,4.72,4.65,39558,18539141.38,1.5,0.0,0.0,0.22
2023-01-10,000030,4.67,4.69,4.71,4.64,42815,20043533.0,1.5,0.43,0.02,0.24
2023-01-11,000030,4.71,4.68,4.74,4.66,40090,18823769.0,1.71,-0.21,-0.01,0.23
2023-01-12,000030,4.69,4.7,4.72,4.66,29923,14051021.8,1.28,0.43,0.02,0.17
2023-01-13,000030,4.7,4.72,4.74,4.67,25747,12115574.6,1.49,0.43,0.02,0.15
2023-01-16,000030,4.69,4.73,4.75,4.68,46554,21956354.49,1.48,0.21,0.01,0.26
2023-01-17,000030,4.73,4.77,4.79,4.71,46535,22168727.88,1.69,0.85,0.04,0.26
2023-01-18,000030,4.75,4.73,4.79,4.71,31072,14739915.38,1.68,-0.84,-0.04,0.18
2023-01-19,000030,4.74,4.8,4.8,4.73,48323,23102368.18,1.48,1.48,0.07,0.27
2023-01-20,000030,4.81,4.8,4.81,4.76,35950,17216008.73,1.04,0.0,0.0,0.2
2023-01-30,000030,4.86,4.88,4.93,4.81,56003,27345777.56,2.5,1.67,0.08,0.32
2023-01-31,000030,4.87,4.88,4.9,4.85,44728,21775233.31,1.02,0.0,0.0,0.25
2023-02-01,000030,4.89,5.0,5.03,4.88,87273,43371942.98,3.07,2.46,0.12,0.5
2023-02-02,000030,5.08,5.01,5.13,4.99,83662,42169182.29,2.8,0.2,0.01,0.48
2023-02-03,000030,5.02,4.95,5.04,4.89,51898,25647975.79,2.99,-1.2,-0.06,0.29
2023-02-06,000030,4.94,4.95,4.99,4.89,61785,30591951.0,2.02,0.0,0.0,0.35
2023-02-07,000030,4.96,5.04,5.06,4.9,66579,33378588.59,3.23,1.82,0.09,0.38
2023-02-08,000030,5.03,5.04,5.07,5.0,45736,23047261.04,1.39,0.0,0.0,0.26
2023-02-09,000030,5.04,5.08,5.09,5.02,49815,25213743.6,1.39,0.79,0.04,0.28
2023-02-10,000030,5.26,5.12,5.26,5.06,104220,53436392.38,3.94,0.79,0.04,0.59
2023-02-13,000030,5.12,5.06,5.12,5.03,60406,30648840.6,1.76,-1.17,-0.06,0.34
2023-02-14,000030,5.08,5.07,5.1,5.05,43995,22294386.6,0.99,0.2,0.01,0.25
2023-02-15,000030,5.09,5.07,5.09,5.05,45103,22874590.18,0.79,0.0,0.0,0.26
2023-02-16,000030,5.08,4.98,5.11,4.94,61030,30777455.1,3.35,-1.78,-0.09,0.35
2023-02-17,000030,4.99,4.99,5.03,4.95,48276,24126433.83,1.61,0.2,0.01,0.27
2023-02-20,000030,5.0,5.02,5.09,4.96,61274,30767562.7,2.61,0.6,0.03,0.35
2023-02-21,000030,5.05,5.1,5.14,5.05,69455,35376785.53,1.79,1.59,0.08,0.39
2023-02-22,000030,5.1,5.12,5.15,5.06,53846,27547639.7,1.76,0.39,0.02,0.31
2023-02-23,000030,5.12,5.17,5.18,5.09,59281,30570197.56,1.76,0.98,0.05,0.35
2023-02-24,000030,5.18,5.21,5.26,5.12,90958,47300885.98,2.71,0.77,0.04,0.54
2023-02-27,000030,5.15,5.19,5.26,5.15,70185,36646617.52,2.11,-0.38,-0.02,0.41
2023-02-28,000030,5.18,5.21,5.24,5.13,51526,26735634.13,2.12,0.39,0.02,0.3
2023-03-01,000030,5.18,5.17,5.23,5.15,56202,29022983.0,1.54,-0.77,-0.04,0.33
2023-03-02,000030,5.15,5.17,5.22,5.14,47316,24478867.28,1.55,0.0,0.0,0.28
2023-03-03,000030,5.18,5.16,5.21,5.11,44485,22947409.0,1.93,-0.19,-0.01,0.26
2023-03-06,000030,5.15,5.19,5.2,5.11,55550,28658005.33,1.74,0.58,0.03,0.33
2023-03-07,000030,5.18,5.1,5.2,5.08,52047,26726603.2,2.31,-1.73,-0.09,0.31
2023-03-08,000030,5.07,5.1,5.1,5.05,36102,18318078.58,0.98,0.0,0.0,0.21
2023-03-09,000030,5.1,5.07,5.14,5.03,35327,17879403.46,2.16,-0.59,-0.03,0.21
2023-03-10,000030,5.05,4.96,5.05,4.94,56681,28286729.8,2.17,-2.17,-0.11,0.33
2023-03-13,000030,4.96,4.85,4.97,4.81,76810,37358130.5,3.23,-2.22,-0.11,0.45
2023-03-14,000030,4.87,4.77,4.88,4.7,56510,26975588.0,3.71,-1.65,-0.08,0.33
2023-03-15,000030,4.77,4.78,4.81,4.76,34025,16279412.04,1.05,0.21,0.01,0.2
2023-03-16,000030,4.77,4.77,4.88,4.75,58785,28295298.12,2.72,-0.21,-0.01,0.35
2023-03-17,000030,4.8,4.71,4.83,4.71,61810,29321217.47,2.52,-1.26,-0.06,0.37
2023-03-20,000030,4.72,4.72,4.84,4.7,81882,39034361.01,2.97,0.21,0.01,0.48
2023-03-21,000030,4.78,4.81,4.82,4.72,40436,19322529.3,2.12,1.91,0.09,0.24
2023-03-22,000030,4.85,4.84,4.87,4.81,28457,13768313.72,1.25,0.62,0.03,0.17
2023-03-23,000030,4.8,4.79,4.84,4.76,32137,15388395.92,1.65,-1.03,-0.05,0.19
2023-03-24,000030,4.79,4.77,4.85,4.76,37754,18079660.26,1.88,-0.42,-0.02,0.22
2023-03-27,000030,4.78,4.76,4.79,4.71,41400,19660714.0,1.68,-0.21,-0.01,0.24
2023-03-28,000030,4.79,4.75,4.79,4.71,34342,16303299.08,1.68,-0.21,-0.01,0.2
2023-03-29,000030,4.78,4.74,4.79,4.73,27611,13139713.0,1.26,-0.21,-0.01,0.16
2023-03-30,000030,4.75,4.76,4.77,4.71,31557,14968770.45,1.27,0.42,0.02,0.19
2023-03-31,000030,4.76,4.81,4.81,4.74,41167,19664275.52,1.47,1.05,0.05,0.24
2023-04-03,000030,4.8,4.77,4.83,4.76,51310,24542041.0,1.46,-0.83,-0.04,0.3
2023-04-04,000030,4.76,4.71,4.8,4.68,54054,25483169.01,2.52,-1.26,-0.06,0.32
2023-04-06,000030,4.71,4.68,4.71,4.65,32524,15213652.0,1.27,-0.64,-0.03,0.19
2023-04-07,000030,4.74,4.71,4.74,4.68,33757,15872595.0,1.28,0.64,0.03,0.2
2023-04-10,000030,4.72,4.65,4.72,4.64,44714,20849970.8,1.7,-1.27,-0.06,0.26
2023-04-11,000030,4.68,4.64,4.69,4.61,50339,23350247.0,1.72,-0.22,-0.01,0.3
2023-04-12,000030,4.66,4.65,4.78,4.63,46487,21697896.44,3.23,0.22,0.01,0.27
2023-04-13,000030,4.67,4.62,4.68,4.61,41300,19135327.41,1.51,-0.65,-0.03,0.24
2023-04-14,000030,4.66,4.61,4.67,4.59,44474,20582331.15,1.73,-0.22,-0.01,0.26
2023-04-17,000030,4.61,4.67,4.71,4.61,106550,49700341.81,2.17,1.3,0.06,0.63
2023-04-18,000030,4.7,4.7,4.74,4.65,74178,34866028.93,1.93,0.64,0.03,0.44
2023-04-19,000030,4.74,4.66,4.74,4.61,69301,32324109.21,2.77,-0.85,-0.04,0.41
2023-04-20,000030,4.67,4.68,4.74,4.62,69409,32407667.52,2.58,0.43,0.02,0.41
2023-04-21,000030,4.72,4.61,4.78,4.61,96251,45179474.69,3.63,-1.5,-0.07,0.57
2023-04-24,000030,4.6,4.57,4.62,4.45,83177,37783212.37,3.69,-0.87,-0.04,0.49
2023-04-25,000030,4.58,4.47,4.59,4.44,61056,27475552.85,3.28,-2.19,-0.1,0.36
2023-04-26,000030,4.47,4.69,4.7,4.45,72891,33889642.77,5.59,4.92,0.22,0.43
2023-04-27,000030,4.69,4.66,4.74,4.61,56007,26145303.56,2.77,-0.64,-0.03,0.33
2023-04-28,000030,4.68,4.66,4.73,4.58,84809,39372053.05,3.22,0.0,0.0,0.5
2023-05-04,000030,4.65,4.72,4.77,4.63,116320,54970619.43,3.0,1.29,0.06,0.69
2023-05-05,000030,4.78,4.72,4.78,4.64,88027,41409596.64,2.97,0.0,0.0,0.52
2023-05-08,000030,4.73,4.73,4.81,4.71,156749,74279878.44,2.12,0.21,0.01,0.93
2023-05-09,000030,4.73,4.71,4.77,4.69,91889,43463853.91,1.69,-0.42,-0.02,0.54
2023-05-10,000030,4.69,4.83,4.84,4.69,96186,46045088.0,3.18,2.55,0.12,0.57
2023-05-11,000030,4.88,4.91,4.94,4.77,102932,50167884.72,3.52,1.66,0.08,0.61
2023-05-12,000030,4.86,4.85,4.91,4.82,71585,34744343.74,1.83,-1.22,-0.06,0.42
2023-05-15,000030,4.87,4.86,4.89,4.8,72414,35104477.72,1.86,0.21,0.01,0.43
2023-05-16,000030,4.84,4.84,4.88,4.81,72378,35054718.83,1.44,-0.41,-0.02,0.43
2023-05-17,000030,4.86,4.86,4.89,4.81,86848,42205880.9,1.65,0.41,0.02,0.51
2023-05-18,000030,4.9,4.86,4.92,4.83,106948,52098331.4,1.85,0.0,0.0,0.63
2023-05-19,000030,4.87,4.84,4.9,4.77,51705,24967737.13,2.67,-0.41,-0.02,0.31
2023-05-22,000030,4.84,4.85,4.87,4.81,48585,23508369.44,1.24,0.21,0.01,0.29
2023-05-23,000030,4.88,4.83,4.91,4.79,79828,38801369.0,2.47,-0.41,-0.02,0.47
2023-05-24,000030,4.82,4.82,4.89,4.81,44340,21482608.2,1.66,-0.21,-0.01,0.26
2023-05-25,000030,4.79,4.82,4.86,4.75,58280,27970877.19,2.28,0.0,0.0,0.34
2023-05-26,000030,4.83,4.9,4.93,4.74,66284,32135654.44,3.94,1.66,0.08,0.39
2023-05-29,000030,4.9,4.88,4.92,4.83,77159,37557108.04,1.84,-0.41,-0.02,0.46
2023-05-30,000030,4.85,4.87,4.95,4.82,69302,33836910.46,2.66,-0.2,-0.01,0.41
2023-05-31,000030,4.89,4.82,4.89,4.8,52143,25194131.34,1.85,-1.03,-0.05,0.31
2023-06-01,000030,4.83,4.79,4.86,4.78,79984,38509792.6,1.66,-0.62,-0.03,0.47
2023-06-02,000030,4.82,4.86,4.89,4.8,49849,24209843.0,1.88,1.46,0.07,0.29
2023-06-05,000030,4.89,4.9,4.94,4.83,72665,35519255.0,2.26,0.82,0.04,0.43
2023-06-06,000030,4.89,4.79,4.89,4.76,78307,37730470.4,2.65,-2.24,-0.11,0.46
2023-06-07,000030,4.77,4.71,4.79,4.7,58947,27897700.0,1.88,-1.67,-0.08,0.35
2023-06-08,000030,4.7,4.71,4.74,4.66,47980,22562696.59,1.7,0.0,0.0,0.28
2023-06-09,000030,4.74,4.84,4.85,4.7,84245,40502635.88,3.18,2.76,0.13,0.5
2023-06-12,000030,4.83,5.0,5.04,4.81,130684,64900604.26,4.75,3.31,0.16,0.77
2023-06-13,000030,5.05,5.1,5.11,5.04,99064,50329730.82,1.4,2.0,0.1,0.59
2023-06-14,000030,5.07,5.12,5.18,5.06,82598,42207395.84,2.35,0.39,0.02,0.49
2023-06-15,000030,5.13,5.11,5.17,5.06,74824,38281793.0,2.15,-0.2,-0.01,0.44
2023-06-16,000030,5.13,5.15,5.19,5.11,77528,39987550.7,1.57,0.78,0.04,0.46
2023-06-19,000030,5.18,5.15,5.2,5.11,93911,48449972.43,1.75,0.0,0.0,0.55
2023-06-20,000030,5.15,5.13,5.17,5.08,62889,32227088.13,1.75,-0.39,-0.02,0.37
2023-06-21,000030,5.13,5.09,5.18,5.07,56322,28820510.33,2.14,-0.78,-0.04,0.33
2023-06-26,000030,5.15,5.15,5.2,5.07,171028,88073828.61,2.55,1.18,0.06,1.01
2023-06-27,000030,4.82,4.91,4.94,4.75,106283,51854341.28,3.69,-4.66,-0.24,0.63
2023-06-28,000030,4.95,5.03,5.08,4.9,119827,59945226.8,3.67,2.44,0.12,0.71
2023-06-29,000030,5.04,5.03,5.08,4.97,71091,35708454.6,2.19,0.0,0.0,0.42
2023-06-30,000030,5.03,5.04,5.1,4.99,70833,35746581.94,2.19,0.2,0.01,0.42
2023-07-03,000030,5.04,5.11,5.19,5.04,122039,62783691.0,2.98,1.39,0.07,0.72
2023-07-04,000030,5.14,5.23,5.25,5.1,118198,61418352.89,2.94,2.35,0.12,0.7
2023-07-05,000030,5.25,5.22,5.29,5.16,99288,52018635.69,2.49,-0.19,-0.01,0.59
2023-07-06,000030,5.22,5.23,5.26,5.15,67102,34910537.6,2.11,0.19,0.01,0.4
2023-07-07,000030,5.23,5.23,5.29,5.2,75702,39672374.24,1.72,0.0,0.0,0.45
2023-07-10,000030,5.22,5.25,5.3,5.2,84166,44207844.0,1.91,0.38,0.02,0.5
2023-07-11,000030,5.22,5.36,5.37,5.2,104983,55742357.7,3.24,2.1,0.11,0.62
2023-07-12,000030,5.4,5.45,5.63,5.36,246183,135646122.44,5.04,1.68,0.09,1.45
2023-07-13,000030,5.46,5.4,5.48,5.32,152979,82322495.45,2.94,-0.92,-0.05,0.9
2023-07-14,000030,5.4,5.37,5.47,5.29,110892,59785720.73,3.33,-0.56,-0.03,0.66
2023-07-17,000030,5.35,5.38,5.39,5.27,109888,58610621.75,2.23,0.19,0.01,0.65
2023-07-18,000030,5.37,5.43,5.49,5.3,84847,45861092.44,3.53,0.93,0.05,0.5
2023-07-19,000030,5.42,5.44,5.49,5.4,61986,33726128.0,1.66,0.18,0.01,0.37
2023-07-20,000030,5.44,5.39,5.49,5.38,86211,46892385.64,2.02,-0.92,-0.05,0.51
2023-07-21,000030,5.38,5.33,5.42,5.31,71550,38278837.64,2.04,-1.11,-0.06,0.42
2023-07-24,000030,5.32,5.37,5.41,5.31,56368,30260638.4,1.88,0.75,0.04,0.33
2023-07-25,000030,5.38,5.46,5.47,5.36,84913,46033310.34,2.05,1.68,0.09,0.5
2023-07-26,000030,5.45,5.35,5.46,5.31,71859,38472921.85,2.75,-2.01,-0.11,0.42
2023-07-27,000030,5.34,5.4,5.48,5.34,99597,54039120.33,2.62,0.93,0.05,0.59
2023-07-28,000030,5.37,5.44,5.48,5.31,83159,45030936.11,3.15,0.74,0.04,0.49
2023-07-31,000030,5.46,5.56,5.58,5.44,99979,55205074.94,2.57,2.21,0.12,0.59
2023-08-01,000030,5.54,5.48,5.56,5.46,76891,42243824.97,1.8,-1.44,-0.08,0.45
2023-08-02,000030,5.46,5.55,5.57,5.45,85531,47193121.76,2.19,1.28,0.07,0.51
2023-08-03,000030,5.55,5.48,5.56,5.46,59460,32652761.6,1.8,-1.26,-0.07,0.35
2023-08-04,000030,5.48,5.46,5.52,5.42,70015,38271074.13,1.82,-0.36,-0.02,0.41
2023-08-07,000030,5.46,5.48,5.53,5.35,74953,40949543.0,3.3,0.37,0.02,0.44
2023-08-08,000030,5.47,5.46,5.51,5.43,58317,31855014.45,1.46,-0.36,-0.02,0.34
2023-08-09,000030,5.47,5.33,5.48,5.3,82977,44370760.76,3.3,-2.38,-0.13,0.49
2023-08-10,000030,5.33,5.27,5.35,5.25,65039,34366138.8,1.88,-1.13,-0.06,0.38
2023-08-11,000030,5.32,5.19,5.36,5.19,59168,31126362.04,3.23,-1.52,-0.08,0.35
2023-08-14,000030,5.22,5.23,5.24,5.11,68698,35556937.14,2.5,0.77,0.04,0.41
2023-08-15,000030,5.23,5.24,5.33,5.19,60506,31790472.24,2.68,0.19,0.01,0.36
2023-08-16,000030,5.21,5.2,5.29,5.19,52877,27604708.0,1.91,-0.76,-0.04,0.31
2023-08-17,000030,5.17,5.28,5.32,5.12,62450,32708424.68,3.85,1.54,0.08,0.37
2023-08-18,000030,5.3,5.22,5.32,5.22,46614,24540715.49,1.89,-1.14,-0.06,0.28
2023-08-21,000030,5.16,5.15,5.3,5.15,46597,24317663.16,2.87,-1.34,-0.07,0.28
2023-08-22,000030,5.2,5.26,5.28,5.17,74277,38847531.28,2.14,2.14,0.11,0.44
2023-08-23,000030,5.3,5.21,5.3,5.17,74880,39231207.74,2.47,-0.95,-0.05,0.44
2023-08-24,000030,5.26,5.14,5.26,5.12,63722,32869837.9,2.69,-1.34,-0.07,0.38
2023-08-25,000030,5.14,5.1,5.18,5.06,48153,24653309.6,2.33,-0.78,-0.04,0.28
2023-08-28,000030,5.27,5.27,5.4,5.24,136349,72400830.3,3.14,3.33,0.17,0.81
2023-08-29,000030,5.23,5.43,5.46,5.2,129577,69455038.18,4.93,3.04,0.16,0.77
2023-08-30,000030,5.4,5.52,5.56,5.39,133693,73518210.0,3.13,1.66,0.09,0.79
2023-08-31,000030,5.45,5.43,5.51,5.39,79843,43327695.2,2.17,-1.63,-0.09,0.47
2023-09-01,000030,5.42,5.43,5.46,5.38,82701,44824737.19,1.47,0.0,0.0,0.49
2023-09-04,000030,5.45,5.47,5.49,5.4,86394,47039157.6,1.66,0.74,0.04,0.51
2023-09-05,000030,5.48,5.43,5.51,5.38,81773,44298244.21,2.38,-0.73,-0.04,0.48
2023-09-06,000030,5.4,5.42,5.47,5.36,59698,32382113.12,2.03,-0.18,-0.01,0.35
2023-09-07,000030,5.42,5.3,5.42,5.3,54212,29024074.63,2.21,-2.21,-0.12,0.32
2023-09-08,000030,5.3,5.31,5.35,5.28,43455,23100472.0,1.32,0.19,0.01,0.26
2023-09-11,000030,5.39,5.53,5.53,5.31,101468,55337034.2,4.14,4.14,0.22,0.6
2023-09-12,000030,5.51,5.53,5.57,5.47,63952,35340397.55,1.81,0.0,0.0,0.38
2023-09-13,000030,5.52,5.45,5.56,5.41,63891,34965476.8,2.71,-1.45,-0.08,0.38
2023-09-14,000030,5.44,5.36,5.45,5.33,58590,31440540.0,2.2,-1.65,-0.09,0.35
2023-09-15,000030,5.37,5.35,5.42,5.33,55000,29503829.34,1.68,-0.19,-0.01,0.33
2023-09-18,000030,5.35,5.46,5.5,5.35,89542,48737212.15,2.8,2.06,0.11,0.53
2023-09-19,000030,5.52,5.46,5.52,5.4,60652,33045104.46,2.2,0.0,0.0,0.36
2023-09-20,000030,5.45,5.42,5.53,5.41,60396,32957396.74,2.2,-0.73,-0.04,0.36
2023-09-21,000030,5.46,5.31,5.46,5.28,76695,40949027.46,3.32,-2.03,-0.11,0.45
2023-09-22,000030,5.34,5.38,5.39,5.28,70568,37701257.03,2.07,1.32,0.07,0.42
2023-09-25,000030,5.4,5.41,5.48,5.37,64189,34808410.0,2.04,0.56,0.03,0.38
2023-09-26,000030,5.42,5.38,5.43,5.36,45243,24360562.0,1.29,-0.55,-0.03,0.27
2023-09-27,000030,5.38,5.28,5.39,5.27,57508,30604844.55,2.23,-1.86,-0.1,0.34
2023-09-28,000030,5.29,5.26,5.35,5.24,130491,69058129.12,2.08,-0.38,-0.02,0.77
2023-10-09,000030,5.24,5.42,5.45,5.24,128081,68904845.12,3.99,3.04,0.16,0.76
2023-10-10,000030,5.4,5.45,5.47,5.31,83936,45415445.61,2.95,0.55,0.03,0.5
2023-10-11,000030,5.48,5.31,5.48,5.3,65142,34881236.98,3.3,-2.57,-0.14,0.38
2023-10-12,000030,5.34,5.45,5.48,5.32,75209,40765778.96,3.01,2.64,0.14,0.44
2023-10-13,000030,5.44,5.43,5.53,5.42,70673,38623988.8,2.02,-0.37,-0.02,0.42
2023-10-16,000030,5.43,5.42,5.48,5.36,74772,40504472.2,2.21,-0.18,-0.01,0.44
2023-10-17,000030,5.45,5.3,5.46,5.27,74457,39619382.0,3.51,-2.21,-0.12,0.44
2023-10-18,000030,5.29,5.32,5.38,5.25,69134,36770311.0,2.45,0.38,0.02,0.41
2023-10-19,000030,5.31,5.2,5.31,5.16,78029,40735970.38,2.82,-2.26,-0.12,0.46
2023-10-20,000030,5.16,5.17,5.33,5.16,78870,41259595.1,3.27,-0.58,-0.03,0.47
2023-10-23,000030,5.15,5.05,5.18,5.01,73329,37296830.18,3.29,-2.32,-0.12,0.43
2023-10-24,000030,5.05,5.14,5.19,5.05,66138,33960954.9,2.77,1.78,0.09,0.39
2023-10-25,000030,5.2,5.3,5.33,5.18,85749,45256776.0,2.92,3.11,0.16,0.51
2023-10-26,000030,5.27,5.45,5.47,5.25,97777,52550293.95,4.15,2.83,0.15,0.58
2023-10-27,000030,5.42,5.61,5.66,5.42,164200,92023950.59,4.4,2.94,0.16,0.97
2023-10-30,000030,5.61,5.41,5.63,5.36,198573,107888564.64,4.81,-3.57,-0.2,1.17
2023-10-31,000030,5.4,5.26,5.43,5.25,134885,71491974.19,3.33,-2.77,-0.15,0.8
2023-11-01,000030,5.24,5.3,5.37,5.19,132232,69958109.46,3.42,0.76,0.04,0.78
2023-11-02,000030,5.3,5.31,5.4,5.27,97195,52065420.94,2.45,0.19,0.01,0.57
2023-11-03,000030,5.32,5.32,5.4,5.31,82814,44297073.4,1.69,0.19,0.01,0.49
2023-11-06,000030,5.33,5.49,5.5,5.31,115140,62806671.26,3.57,3.2,0.17,0.68
2023-11-07,000030,5.5,5.47,5.57,5.46,95650,52709949.0,2.0,-0.36,-0.02,0.57
2023-11-08,000030,5.5,5.46,5.52,5.41,81719,44585238.0,2.01,-0.18,-0.01,0.48
2023-11-09,000030,5.46,5.45,5.52,5.34,105048,56990646.32,3.3,-0.18,-0.01,0.62
2023-11-10,000030,5.46,5.41,5.46,5.38,71455,38641371.0,1.47,-0.73,-0.04,0.42
2023-11-13,000030,5.43,5.45,5.46,5.39,53978,29329757.8,1.29,0.74,0.04,0.32
2023-11-14,000030,5.45,5.47,5.49,5.42,72876,39806026.78,1.28,0.37,0.02,0.43
2023-11-15,000030,5.51,5.56,5.57,5.41,110756,60804889.55,2.93,1.65,0.09,0.65
2023-11-16,000030,5.62,5.99,6.12,5.59,677488,401043446.26,9.53,7.73,0.43,4.0
2023-11-17,000030,5.9,6.09,6.25,5.9,738593,447723556.4,5.84,1.67,0.1,4.36
2023-11-20,000030,6.08,6.02,6.18,5.94,547363,328670641.49,3.94,-1.15,-0.07,3.23
2023-11-21,000030,6.02,5.92,6.02,5.9,333552,198161748.18,1.99,-1.66,-0.1,1.97
2023-11-22,000030,5.9,5.77,5.91,5.75,224948,130674647.3,2.7,-2.53,-0.15,1.33
2023-11-23,000030,5.76,5.9,5.93,5.76,199301,116937468.9,2.95,2.25,0.13,1.18
2023-11-24,000030,5.92,5.89,6.03,5.87,231802,137557310.57,2.71,-0.17,-0.01,1.37
2023-11-27,000030,5.94,5.97,6.02,5.83,229907,136451667.43,3.23,1.36,0.08,1.36
2023-11-28,000030,5.96,6.17,6.19,5.91,335063,203024750.81,4.69,3.35,0.2,1.98
2023-11-29,000030,6.1,6.0,6.16,5.99,408389,247077498.95,2.76,-2.76,-0.17,2.41
2023-11-30,000030,5.94,5.96,6.09,5.88,232031,138512035.08,3.5,-0.67,-0.04,1.37
2023-12-01,000030,5.94,5.88,5.99,5.84,153086,90206073.62,2.52,-1.34,-0.08,0.9
2023-12-04,000030,5.91,5.9,5.95,5.87,123163,72673949.31,1.36,0.34,0.02,0.73
2023-12-05,000030,5.9,5.8,5.91,5.8,109149,63651904.12,1.86,-1.69,-0.1,0.65
2023-12-06,000030,5.8,5.79,5.87,5.75,97693,56792866.2,2.07,-0.17,-0.01,0.58
2023-12-07,000030,5.78,5.7,5.8,5.68,113151,64663520.37,2.07,-1.55,-0.09,0.67
2023-12-08,000030,5.7,5.61,5.73,5.59,109584,61725962.32,2.46,-1.58,-0.09,0.65
2023-12-11,000030,5.61,5.78,5.79,5.55,116211,66240656.91,4.28,3.03,0.17,0.69
2023-12-12,000030,5.77,5.79,5.81,5.67,82114,47363444.0,2.42,0.17,0.01,0.49
2023-12-13,000030,5.8,5.78,5.87,5.72,78294,45321691.7,2.59,-0.17,-0.01,0.46
2023-12-14,000030,5.81,5.72,5.81,5.7,72312,41455473.4,1.9,-1.04,-0.06,0.43
2023-12-15,000030,5.73,5.65,5.74,5.62,73982,41860113.29,2.1,-1.22,-0.07,0.44
2023-12-18,000030,5.63,5.61,5.69,5.58,71878,40439065.8,1.95,-0.71,-0.04,0.42
2023-12-19,000030,5.62,5.54,5.62,5.49,70004,38756317.36,2.32,-1.25,-0.07,0.41
2023-12-20,000030,5.54,5.46,5.58,5.46,67058,36962253.4,2.17,-1.44,-0.08,0.4
2023-12-21,000030,5.51,5.48,5.51,5.38,74523,40574664.28,2.38,0.37,0.02,0.44
2023-12-22,000030,5.52,5.41,5.53,5.38,96459,52466304.0,2.74,-1.28,-0.07,0.57
2023-12-25,000030,5.43,5.48,5.52,5.4,80923,44280026.28,2.22,1.29,0.07,0.48
2023-12-26,000030,5.5,5.37,5.5,5.34,60386,32606994.54,2.92,-2.01,-0.11,0.36
2023-12-27,000030,5.37,5.39,5.44,5.36,73946,39921733.8,1.49,0.37,0.02,0.44
2023-12-28,000030,5.42,5.4,5.44,5.32,88116,47529480.57,2.23,0.19,0.01,0.52
2023-12-29,000030,5.37,5.34,5.43,5.33,121017,64977987.8,1.85,-1.11,-0.06,0.72
2024-01-02,000030,5.35,5.38,5.42,5.3,112106,60302586.28,2.25,0.75,0.04,0.66
2024-01-03,000030,5.38,5.36,5.43,5.32,81328,43604215.8,2.04,-0.37,-0.02,0.48
2024-01-04,000030,5.37,5.34,5.38,5.32,65148,34864742.0,1.12,-0.37,-0.02,0.38
2024-01-05,000030,5.35,5.28,5.42,5.26,67289,35949401.0,3.0,-1.12,-0.06,0.4
2024-01-08,000030,5.28,5.19,5.31,5.19,70268,36888566.0,2.27,-1.7,-0.09,0.42
2024-01-09,000030,5.21,5.22,5.27,5.18,73454,38425742.0,1.73,0.58,0.03,0.43
2024-01-10,000030,5.23,5.2,5.24,5.15,50199,26108481.4,1.72,-0.38,-0.02,0.3
2024-01-11,000030,5.19,5.22,5.25,5.15,72134,37550221.4,1.92,0.38,0.02,0.43
2024-01-12,000030,5.23,5.22,5.29,5.17,57400,30075243.8,2.3,0.0,0.0,0.34
2024-01-15,000030,5.24,5.18,5.24,5.13,67970,35190847.38,2.11,-0.77,-0.04,0.4
2024-01-16,000030,5.19,5.2,5.22,5.12,52354,27062498.0,1.93,0.39,0.02,0.31
2024-01-17,000030,5.2,5.07,5.21,5.07,67484,34673830.0,2.69,-2.5,-0.13,0.4
2024-01-18,000030,5.05,4.95,5.06,4.81,110722,54400864.46,4.93,-2.37,-0.12,0.65
2024-01-19,000030,4.94,4.9,4.98,4.89,59406,29274246.5,1.82,-1.01,-0.05,0.35
2024-01-22,000030,4.95,4.65,4.95,4.62,100287,47924863.35,6.73,-5.1,-0.25,0.59
2024-01-23,000030,4.64,4.66,4.69,4.53,86442,40081019.25,3.44,0.22,0.01,0.51
2024-01-24,000030,4.68,4.76,4.77,4.57,79056,37052082.0,4.29,2.15,0.1,0.47
2024-01-25,000030,4.77,4.95,4.97,4.73,78141,38090513.26,5.04,3.99,0.19,0.46
2024-01-26,000030,4.97,5.0,5.1,4.96,105071,52800585.0,2.83,1.01,0.05,0.62
2024-01-29,000030,5.0,4.89,5.08,4.88,59279,29347402.4,4.0,-2.2,-0.11,0.35
2024-01-30,000030,4.8,4.76,4.95,4.75,72157,34990692.36,4.09,-2.66,-0.13,0.43
2024-01-31,000030,4.69,4.6,4.81,4.59,96694,45119953.47,4.62,-3.36,-0.16,0.57
2024-02-01,000030,4.59,4.53,4.64,4.45,129875,59041857.72,4.13,-1.52,-0.07,0.77
2024-02-02,000030,4.55,4.28,4.57,4.12,156040,68185485.56,9.93,-5.52,-0.25,0.92
2024-02-05,000030,4.17,3.89,4.23,3.85,197682,79363766.41,8.88,-9.11,-0.39,1.17
2024-02-06,000030,3.85,4.15,4.25,3.8,207068,82741440.57,11.57,6.68,0.26,1.22
2024-02-07,000030,4.24,4.37,4.57,4.18,347336,153682960.53,9.4,5.3,0.22,2.05
2024-02-08,000030,4.28,4.48,4.55,4.22,342962,151554107.39,7.55,2.52,0.11,2.03
2024-02-19,000030,4.53,4.62,4.63,4.45,214689,97507390.15,4.02,3.13,0.14,1.27
2024-02-20,000030,4.58,4.57,4.6,4.46,128740,58307888.66,3.03,-1.08,-0.05,0.76
2024-02-21,000030,4.56,4.7,4.84,4.47,147386,69237648.97,8.1,2.84,0.13,0.87
2024-02-22,000030,4.69,4.76,4.79,4.64,106986,50670942.0,3.19,1.28,0.06,0.63
2024-02-23,000030,4.76,4.83,4.85,4.67,104432,49594390.85,3.78,1.47,0.07,0.62
2024-02-26,000030,4.83,4.86,4.96,4.82,129676,63497145.0,2.9,0.62,0.03,0.77
2024-02-27,000030,4.85,5.0,5.01,4.83,104169,51642888.4,3.7,2.88,0.14,0.62
2024-02-28,000030,5.0,4.76,5.04,4.76,167839,82749008.27,5.6,-4.8,-0.24,0.99
2024-02-29,000030,4.8,4.96,4.96,4.75,120592,58888012.15,4.41,4.2,0.2,0.71
2024-03-01,000030,4.97,4.99,5.02,4.91,110530,54980171.34,2.22,0.6,0.03,0.65
2024-03-04,000030,4.98,4.94,4.99,4.85,92891,45592909.73,2.81,-1.0,-0.05,0.55
2024-03-05,000030,4.9,4.92,4.97,4.86,87467,42978176.29,2.23,-0.4,-0.02,0.52
2024-03-06,000030,4.92,4.94,4.98,4.87,74019,36489807.0,2.24,0.41,0.02,0.44
2024-03-07,000030,4.94,4.89,4.99,4.88,63779,31464889.9,2.23,-1.01,-0.05,0.38
2024-03-08,000030,4.88,4.91,4.95,4.86,63446,31098020.5,1.84,0.41,0.02,0.37
2024-03-11,000030,4.9,4.95,4.96,4.89,62606,30831890.5,1.43,0.81,0.04,0.37
2024-03-12,000030,4.98,5.05,5.07,4.91,89658,44871973.12,3.23,2.02,0.1,0.53
2024-03-13,000030,5.06,5.07,5.14,5.03,85488,43456213.0,2.18,0.4,0.02,0.51
2024-03-14,000030,5.08,5.07,5.15,5.03,68543,34892711.37,2.37,0.0,0.0,0.41
2024-03-15,000030,5.08,5.22,5.23,5.06,95364,49116018.4,3.35,2.96,0.15,0.56
2024-03-18,000030,5.22,5.3,5.31,5.22,133693,70490304.91,1.72,1.53,0.08,0.79
2024-03-19,000030,5.28,5.28,5.42,5.25,135191,72073475.32,3.21,-0.38,-0.02,0.8
2024-03-20,000030,5.3,5.37,5.37,5.26,99913,53109822.74,2.08,1.7,0.09,0.59
2024-03-21,000030,5.31,5.35,5.38,5.29,75319,40139298.3,1.68,-0.37,-0.02,0.45
2024-03-22,000030,5.35,5.29,5.4,5.24,98398,52299213.29,2.99,-1.12,-0.06,0.58
2024-03-25,000030,5.26,5.26,5.37,5.24,89639,47576324.81,2.46,-0.57,-0.03,0.53
2024-03-26,000030,5.26,5.33,5.37,5.25,156784,83365757.9,2.28,1.33,0.07,0.93
2024-03-27,000030,5.27,5.14,5.28,5.1,138214,72126027.81,3.38,-3.56,-0.19,0.82
2024-03-28,000030,5.18,5.25,5.31,5.17,154738,81246116.51,2.72,2.14,0.11,0.91
2024-03-29,000030,5.48,5.37,5.59,5.25,249686,133772878.41,6.48,2.29,0.12,1.48
2024-04-01,000030,5.34,5.44,5.49,5.32,238064,128853066.22,3.17,1.3,0.07,1.41
2024-04-02,000030,5.43,5.39,5.5,5.33,151115,81490435.01,3.13,-0.92,-0.05,0.89
2024-04-03,000030,5.35,5.35,5.39,5.25,124758,66189591.68,2.6,-0.74,-0.04,0.74
2024-04-08,000030,5.3,5.29,5.39,5.27,94569,50423264.92,2.24,-1.12,-0.06,0.56
2024-04-09,000030,5.25,5.35,5.38,5.25,91738,48975374.0,2.46,1.13,0.06,0.54
2024-04-10,000030,5.34,5.3,5.35,5.23,86084,45539293.9,2.24,-0.93,-0.05,0.51
2024-04-11,000030,5.28,5.34,5.41,5.24,85810,45816066.32,3.21,0.75,0.04,0.51
2024-04-12,000030,5.37,5.28,5.38,5.27,69776,37210856.51,2.06,-1.12,-0.06,0.41
2024-04-15,000030,5.28,5.24,5.35,5.14,99688,52356174.46,3.98,-0.76,-0.04,0.59
2024-04-16,000030,5.27,5.13,5.28,5.11,162662,84014968.4,3.24,-2.1,-0.11,0.96
2024-04-17,000030,5.18,5.34,5.34,5.14,143539,75271506.3,3.9,4.09,0.21,0.85
2024-04-18,000030,5.3,5.32,5.41,5.28,130659,69887593.6,2.43,-0.37,-0.02,0.77
2024-04-19,000030,5.3,5.34,5.39,5.27,90880,48336884.12,2.26,0.38,0.02,0.54
2024-04-22,000030,5.55,5.45,5.59,5.35,288285,156907144.05,4.49,2.06,0.11,1.7
2024-04-23,000030,5.44,5.32,5.63,5.28,292158,158429661.05,6.42,-2.39,-0.13,1.73
2024-04-24,000030,5.33,5.48,5.5,5.3,193318,104763595.1,3.76,3.01,0.16,1.14
2024-04-25,000030,5.49,5.49,5.54,5.45,143629,78872487.7,1.64,0.18,0.01,0.85
2024-04-26,000030,5.4,5.61,5.64,5.4,193509,107385583.2,4.37,2.19,0.12,1.14
2024-04-29,000030,5.61,5.82,5.82,5.56,244509,140156424.05,4.63,3.74,0.21,1.44
2024-04-30,000030,5.8,5.72,5.84,5.7,153984,88566187.58,2.41,-1.72,-0.1,0.91
2024-05-06,000030,5.75,5.9,5.92,5.74,173505,101725654.96,3.15,3.15,0.18,1.03
2024-05-07,000030,5.87,5.84,5.92,5.8,104516,61131367.0,2.03,-1.02,-0.06,0.62
2024-05-08,000030,5.83,5.76,5.84,5.74,94141,54383403.2,1.71,-1.37,-0.08,0.56
2024-05-09,000030,5.75,5.84,5.88,5.75,86142,50270494.2,2.26,1.39,0.08,0.51
2024-05-10,000030,5.86,5.83,5.88,5.78,64719,37748145.0,1.71,-0.17,-0.01,0.38
2024-05-13,000030,5.79,5.72,5.83,5.7,121140,69556015.33,2.23,-1.89,-0.11,0.72
2024-05-14,000030,5.75,5.82,5.86,5.7,78111,45404996.2,2.8,1.75,0.1,0.46
2024-05-15,000030,5.83,5.74,5.84,5.72,58585,33859606.4,2.06,-1.37,-0.08,0.35
2024-05-16,000030,5.75,5.72,5.79,5.69,67276,38562805.8,1.74,-0.35,-0.02,0.4
2024-05-17,000030,5.72,5.76,5.77,5.68,69015,39485912.6,1.57,0.7,0.04,0.41
2024-05-20,000030,5.76,5.84,5.87,5.7,94249,54930904.0,2.95,1.39,0.08,0.56
2024-05-21,000030,5.82,5.77,5.86,5.73,61129,35247702.75,2.23,-1.2,-0.07,0.36
2024-05-22,000030,5.78,5.72,5.79,5.71,49545,28430693.8,1.39,-0.87,-0.05,0.29
2024-05-23,000030,5.71,5.6,5.72,5.56,70977,40001896.0,2.8,-2.1,-0.12,0.42
2024-05-24,000030,5.58,5.6,5.68,5.57,61218,34489371.0,1.96,0.0,0.0,0.36
2024-05-27,000030,5.62,5.72,5.73,5.57,68204,38481163.4,2.86,2.14,0.12,0.4
2024-05-28,000030,5.7,5.6,5.72,5.59,58769,33228157.0,2.27,-2.1,-0.12,0.35
2024-05-29,000030,5.55,5.63,5.66,5.55,58976,33086505.6,1.96,0.54,0.03,0.35
2024-05-30,000030,5.63,5.6,5.7,5.55,57419,32349841.4,2.66,-0.53,-0.03,0.34
2024-05-31,000030,5.63,5.61,5.7,5.59,68017,38337228.8,1.96,0.18,0.01,0.4
2024-06-03,000030,5.63,5.52,5.66,5.47,99826,55322381.71,3.39,-1.6,-0.09,0.59
2024-06-04,000030,5.58,5.51,5.58,5.44,73514,40409259.41,2.54,-0.18,-0.01,0.43
2024-06-05,000030,5.51,5.49,5.6,5.48,85651,47535701.16,2.18,-0.36,-0.02,0.51
2024-06-06,000030,5.5,5.33,5.53,5.3,94587,50850790.92,4.19,-2.91,-0.16,0.56
2024-06-07,000030,5.38,5.45,5.54,5.35,67808,36976947.0,3.56,2.25,0.12,0.4
2024-06-11,000030,5.4,5.45,5.48,5.36,73305,39746167.98,2.2,0.0,0.0,0.43
2024-06-12,000030,5.45,5.46,5.52,5.4,54836,30018338.88,2.2,0.18,0.01,0.32
2024-06-13,000030,5.48,5.42,5.48,5.4,42407,23039639.74,1.47,-0.73,-0.04,0.25
2024-06-14,000030,5.4,5.45,5.48,5.36,62583,33869408.56,2.21,0.55,0.03,0.37
2024-06-17,000030,5.42,5.44,5.52,5.41,58957,32234117.62,2.02,-0.18,-0.01,0.35
2024-06-18,000030,5.44,5.63,5.64,5.42,89002,49479277.0,4.04,3.49,0.19,0.53
2024-06-19,000030,5.66,5.59,5.69,5.58,74068,41810152.93,1.95,-0.71,-0.04,0.44
2024-06-20,000030,5.75,5.32,5.75,5.29,151948,82104079.64,8.23,-4.83,-0.27,0.9
2024-06-21,000030,5.35,5.42,5.46,5.29,79169,42883224.1,3.2,1.88,0.1,0.47
2024-06-24,000030,5.4,5.24,5.45,5.23,99503,52855815.6,4.06,-3.32,-0.18,0.59
2024-06-25,000030,5.23,5.31,5.36,5.19,75161,39839852.71,3.24,1.34,0.07,0.44
2024-06-26,000030,5.0,5.19,5.21,5.0,123198,63406965.18,3.95,-2.26,-0.12,0.73
2024-06-27,000030,5.19,4.99,5.22,4.97,103314,52094925.16,4.82,-3.85,-0.2,0.61
2024-06-28,000030,4.98,4.91,5.06,4.89,143856,71520129.77,3.41,-1.6,-0.08,0.85
2024-07-01,000030,4.91,5.16,5.21,4.91,141479,71815110.6,6.11,5.09,0.25,0.84
2024-07-02,000030,5.16,5.05,5.24,5.02,96397,49319044.28,4.26,-2.13,-0.11,0.57
2024-07-03,000030,5.05,5.0,5.11,4.99,67110,33771115.27,2.38,-0.99,-0.05,0.4
2024-07-04,000030,5.0,4.95,5.07,4.91,61186,30464707.6,3.2,-1.0,-0.05,0.36
2024-07-05,000030,4.9,4.95,5.0,4.86,70866,34861293.4,2.83,0.0,0.0,0.42
2024-07-08,000030,4.9,4.83,4.95,4.81,65744,32022426.9,2.83,-2.42,-0.12,0.39
2024-07-09,000030,4.84,5.06,5.07,4.81,82372,40745659.09,5.38,4.76,0.23,0.49
2024-07-10,000030,5.05,5.07,5.14,5.02,72309,36812145.64,2.37,0.2,0.01,0.43
2024-07-11,000030,5.14,5.2,5.21,5.14,68788,35609946.0,1.38,2.56,0.13,0.41
2024-07-12,000030,5.2,5.32,5.34,5.16,109809,57864113.14,3.46,2.31,0.12,0.65
2024-07-15,000030,5.28,5.23,5.33,5.21,75673,39819284.2,2.26,-1.69,-0.09,0.45
2024-07-16,000030,5.24,5.21,5.26,5.18,62889,32767429.0,1.53,-0.38,-0.02,0.37
2024-07-17,000030,5.27,5.14,5.29,5.11,66335,34160893.4,3.45,-1.34,-0.07,0.39
2024-07-18,000030,5.08,5.06,5.14,4.98,84155,42479417.27,3.11,-1.56,-0.08,0.5
2024-07-19,000030,5.01,4.97,5.1,4.96,85412,42802813.6,2.77,-1.78,-0.09,0.5
2024-07-22,000030,4.94,4.83,4.98,4.79,107780,52341021.92,3.82,-2.82,-0.14,0.64
2024-07-23,000030,4.85,4.77,4.87,4.77,87624,42178636.6,2.07,-1.24,-0.06,0.52
2024-07-24,000030,4.77,4.67,4.77,4.65,91324,42899631.76,2.52,-2.1,-0.1,0.54
2024-07-25,000030,4.64,4.67,4.69,4.59,63544,29510575.0,2.14,0.0,0.0,0.38
2024-07-26,000030,4.67,4.81,4.82,4.65,68295,32652403.9,3.64,3.0,0.14,0.4
2024-07-29,000030,4.82,4.87,4.9,4.78,74340,36106179.29,2.49,1.25,0.06,0.44
2024-07-30,000030,4.89,4.86,4.89,4.79,74426,36064468.4,2.05,-0.21,-0.01,0.44
2024-07-31,000030,4.87,5.12,5.14,4.82,125308,63220746.48,6.58,5.35,0.26,0.74
2024-08-01,000030,5.09,5.2,5.24,5.07,113362,58747862.4,3.32,1.56,0.08,0.67
2024-08-02,000030,5.17,5.1,5.2,5.07,95503,49042413.69,2.5,-1.92,-0.1,0.56
2024-08-05,000030,5.1,4.97,5.15,4.97,99922,50640761.97,3.53,-2.55,-0.13,0.59
2024-08-06,000030,5.0,4.84,5.08,4.77,147777,71641345.8,6.24,-2.62,-0.13,0.87
2024-08-07,000030,4.8,4.81,4.87,4.74,76993,37038167.77,2.69,-0.62,-0.03,0.45
2024-08-08,000030,4.81,4.81,4.84,4.73,58571,28052391.0,2.29,0.0,0.0,0.35
2024-08-09,000030,4.84,4.79,4.89,4.78,56214,27114162.0,2.29,-0.42,-0.02,0.33
2024-08-12,000030,4.79,4.77,4.79,4.74,53895,25674122.0,1.04,-0.42,-0.02,0.32
2024-08-13,000030,4.75,4.8,4.82,4.73,50133,23928618.82,1.89,0.63,0.03,0.3
2024-08-14,000030,4.79,4.74,4.82,4.74,44292,21100269.6,1.67,-1.25,-0.06,0.26
2024-08-15,000030,4.76,4.79,4.86,4.7,57473,27516812.78,3.38,1.05,0.05,0.34
2024-08-16,000030,4.82,4.71,4.82,4.7,47160,22424369.5,2.51,-1.67,-0.08,0.28
2024-08-19,000030,4.72,4.68,4.79,4.66,66006,31162243.5,2.76,-0.64,-0.03,0.39
2024-08-20,000030,4.69,4.56,4.71,4.54,63931,29330967.64,3.63,-2.56,-0.12,0.38
2024-08-21,000030,4.58,4.54,4.58,4.5,46605,21147463.74,1.75,-0.44,-0.02,0.28
2024-08-22,000030,4.56,4.53,4.59,4.51,54764,24895950.51,1.76,-0.22,-0.01,0.32
2024-08-23,000030,4.53,4.57,4.58,4.5,46429,21098614.4,1.77,0.88,0.04,0.27
2024-08-26,000030,4.55,4.6,4.61,4.49,58556,26723433.29,2.63,0.66,0.03,0.35
2024-08-27,000030,4.57,4.48,4.57,4.46,57576,25903228.4,2.39,-2.61,-0.12,0.34
2024-08-28,000030,4.47,4.37,4.47,4.27,128949,56299536.96,4.46,-2.46,-0.11,0.76
2024-08-29,000030,4.36,4.54,4.55,4.36,108207,48462475.2,4.35,3.89,0.17,0.64
2024-08-30,000030,4.53,4.48,4.6,4.45,139342,63203419.0,3.3,-1.32,-0.06,0.82
2024-09-02,000030,4.49,4.39,4.53,4.39,121807,54116811.34,3.13,-2.01,-0.09,0.72
2024-09-03,000030,4.4,4.46,4.47,4.36,75011,33230496.6,2.51,1.59,0.07,0.44
2024-09-04,000030,4.42,4.45,4.53,4.39,76451,34131547.01,3.14,-0.22,-0.01,0.45
2024-09-05,000030,4.49,4.5,4.54,4.44,54699,24564240.4,2.25,1.12,0.05,0.32
2024-09-06,000030,4.53,4.43,4.53,4.42,60853,27208808.1,2.44,-1.56,-0.07,0.36
2024-09-09,000030,4.43,4.4,4.45,4.37,60046,26446520.8,1.81,-0.68,-0.03,0.35
2024-09-10,000030,4.41,4.4,4.42,4.31,62305,27173231.77,2.5,0.0,0.0,0.37
2024-09-11,000030,4.39,4.36,4.41,4.33,39394,17190657.6,1.82,-0.91,-0.04,0.23
2024-09-12,000030,4.37,4.38,4.49,4.37,65407,28983722.7,2.75,0.46,0.02,0.39
2024-09-13,000030,4.42,4.3,4.42,4.29,58294,25237665.16,2.97,-1.83,-0.08,0.34
2024-09-18,000030,4.27,4.31,4.34,4.23,44665,19097789.68,2.56,0.23,0.01,0.26
2024-09-19,000030,4.33,4.43,4.48,4.31,73264,32304236.92,3.94,2.78,0.12,0.43
2024-09-20,000030,4.43,4.36,4.43,4.34,73941,32359297.0,2.03,-1.58,-0.07,0.44
2024-09-23,000030,4.36,4.37,4.42,4.33,55796,24406963.2,2.06,0.23,0.01,0.33
2024-09-24,000030,4.4,4.56,4.56,4.39,106802,47864352.88,3.89,4.35,0.19,0.63
2024-09-25,000030,4.59,4.59,4.69,4.56,98497,45605866.34,2.85,0.66,0.03,0.58
2024-09-26,000030,4.59,4.74,4.74,4.57,124677,57898832.26,3.7,3.27,0.15,0.74
2024-09-27,000030,4.81,4.88,4.95,4.79,139499,67708414.4,3.38,2.95,0.14,0.82
2024-09-30,000030,5.1,5.31,5.33,5.02,263152,137353050.46,6.35,8.81,0.43,1.56
2024-10-08,000030,5.84,5.64,5.84,5.31,325171,180777610.98,9.98,6.21,0.33,1.92
2024-10-09,000030,5.56,5.21,5.57,5.16,218667,117049046.84,7.27,-7.62,-0.43,1.29
2024-10-10,000030,5.26,5.28,5.4,5.15,140044,74244956.15,4.8,1.34,0.07,0.83
2024-10-11,000030,5.26,5.1,5.3,5.04,131161,67667676.55,4.92,-3.41,-0.18,0.78
2024-10-14,000030,5.12,5.15,5.17,5.04,164152,83843001.72,2.55,0.98,0.05,0.97
2024-10-15,000030,5.12,4.97,5.13,4.96,134433,67716022.2,3.3,-3.5,-0.18,0.79
2024-10-16,000030,4.94,4.94,5.0,4.86,100407,49628911.5,2.82,-0.6,-0.03,0.59
2024-10-17,000030,4.96,4.84,5.0,4.82,114688,56252434.66,3.64,-2.02,-0.1,0.68
2024-10-18,000030,4.85,4.98,5.05,4.82,137109,67775027.97,4.75,2.89,0.14,0.81
2024-10-21,000030,5.04,4.9,5.04,4.86,194417,95504550.42,3.61,-1.61,-0.08,1.15
2024-10-22,000030,4.94,5.02,5.04,4.91,216829,108003784.58,2.65,2.45,0.12,1.28
2024-10-23,000030,5.02,5.14,5.2,4.99,185285,94693410.2,4.18,2.39,0.12,1.09
2024-10-24,000030,5.12,5.11,5.17,5.05,111797,56963147.45,2.33,-0.58,-0.03,0.66
2024-10-25,000030,5.09,5.19,5.21,5.08,140812,72776603.95,2.54,1.57,0.08,0.83
2024-10-28,000030,5.22,5.31,5.31,5.16,156182,81905009.4,2.89,2.31,0.12,0.92
2024-10-29,000030,5.35,5.24,5.39,5.21,192021,101676048.13,3.39,-1.32,-0.07,1.13
2024-10-30,000030,5.15,5.08,5.16,5.0,274053,139056698.33,3.05,-3.05,-0.16,1.62
2024-10-31,000030,5.08,5.29,5.3,5.03,334005,172627440.21,5.31,4.13,0.21,1.97
2024-11-01,000030,5.3,5.16,5.45,5.09,342179,179015855.0,6.81,-2.46,-0.13,2.02
2024-11-04,000030,5.2,5.35,5.4,5.17,308367,164113180.73,4.46,3.68,0.19,1.82
2024-11-05,000030,5.38,5.5,5.52,5.3,374419,202794475.19,4.11,2.8,0.15,2.21
2024-11-06,000030,5.55,5.55,5.69,5.5,405789,226434462.86,3.45,0.91,0.05,2.4
2024-11-07,000030,5.53,5.61,5.67,5.47,273534,152425872.35,3.6,1.08,0.06,1.62
2024-11-08,000030,5.62,5.65,5.78,5.61,286412,163034933.3,3.03,0.71,0.04,1.69
2024-11-11,000030,5.65,5.69,5.75,5.6,259295,146955942.39,2.65,0.71,0.04,1.53
2024-11-12,000030,5.69,5.6,5.73,5.54,190610,107621522.13,3.34,-1.58,-0.09,1.13
2024-11-13,000030,5.55,5.59,5.61,5.49,169281,93887327.53,2.14,-0.18,-0.01,1.0
2024-11-14,000030,5.58,5.42,5.61,5.4,158445,87060358.6,3.76,-3.04,-0.17,0.94
2024-11-15,000030,5.4,5.3,5.44,5.29,121980,65614658.2,2.77,-2.21,-0.12,0.72
2024-11-18,000030,5.33,5.32,5.43,5.28,165511,88601271.2,2.83,0.38,0.02,0.98
2024-11-19,000030,5.2,5.47,5.48,5.2,164604,88697608.8,5.26,2.82,0.15,0.97
2024-11-20,000030,5.44,5.51,5.54,5.41,156240,85707974.06,2.38,0.73,0.04,0.92
2024-11-21,000030,5.5,5.5,5.54,5.44,110956,60966835.28,1.81,-0.18,-0.01,0.66
2024-11-22,000030,5.5,5.3,5.51,5.28,145985,78907518.69,4.18,-3.64,-0.2,0.86
2024-11-25,000030,5.31,5.41,5.45,5.27,117789,63081154.52,3.4,2.08,0.11,0.7
2024-11-26,000030,5.4,5.28,5.41,5.25,102225,54367770.54,2.96,-2.4,-0.13,0.6
2024-11-27,000030,5.28,5.28,5.3,5.09,158993,82512608.66,3.98,0.0,0.0,0.94
2024-11-28,000030,5.26,5.23,5.31,5.21,136224,71554331.0,1.89,-0.95,-0.05,0.81
2024-11-29,000030,5.23,5.36,5.4,5.2,144244,76828924.66,3.82,2.49,0.13,0.85
2024-12-02,000030,5.36,5.49,5.5,5.34,173787,94583578.25,2.99,2.43,0.13,1.03
2024-12-03,000030,5.52,5.5,5.52,5.41,118540,64773872.0,2.0,0.18,0.01,0.7
2024-12-04,000030,5.51,5.47,5.55,5.42,166155,91012952.0,2.36,-0.55,-0.03,0.98
2024-12-05,000030,5.46,5.57,5.63,5.43,170014,94104712.66,3.66,1.83,0.1,1.0
2024-12-06,000030,5.57,5.59,5.61,5.46,177256,98500970.6,2.69,0.36,0.02,1.05
2024-12-09,000030,5.57,5.61,5.63,5.52,153832,85932527.6,1.97,0.36,0.02,0.91
2024-12-10,000030,5.72,5.54,5.74,5.52,207886,116782591.5,3.92,-1.25,-0.07,1.23
2024-12-11,000030,5.53,5.58,5.6,5.51,154016,85742822.16,1.62,0.72,0.04,0.91
2024-12-12,000030,5.61,5.66,5.66,5.52,192161,107651770.24,2.51,1.43,0.08,1.14
2024-12-13,000030,5.66,5.48,5.67,5.45,176577,97881732.32,3.89,-3.18,-0.18,1.04
2024-12-16,000030,5.48,5.45,5.52,5.4,109107,59611305.86,2.19,-0.55,-0.03,0.64
2024-12-17,000030,5.44,5.36,5.49,5.34,132120,71294030.73,2.75,-1.65,-0.09,0.78
2024-12-18,000030,5.37,5.36,5.43,5.34,104432,56265657.6,1.68,0.0,0.0,0.62
2024-12-19,000030,5.3,5.37,5.38,5.27,92984,49485199.26,2.05,0.19,0.01,0.55
2024-12-20,000030,5.37,5.31,5.38,5.29,101052,53824879.0,1.68,-1.12,-0.06,0.6
2024-12-23,000030,5.32,5.17,5.35,5.14,123444,64634704.11,3.95,-2.64,-0.14,0.73
2024-12-24,000030,5.16,5.24,5.28,5.16,91369,47728535.29,2.32,1.35,0.07,0.54
2024-12-25,000030,5.25,5.18,5.26,5.12,101486,52406379.74,2.67,-1.15,-0.06,0.6
2024-12-26,000030,5.15,5.22,5.27,5.14,98508,51350017.18,2.51,0.77,0.04,0.58
2024-12-27,000030,5.23,5.29,5.32,5.19,107438,56583362.78,2.49,1.34,0.07,0.63
2024-12-30,000030,5.25,5.28,5.33,5.19,118158,62337938.4,2.65,-0.19,-0.01,0.7
2024-12-31,000030,5.27,5.13,5.32,5.12,108048,56283745.84,3.79,-2.84,-0.15,0.64
2025-01-02,000030,5.13,4.98,5.18,4.92,132320,66970378.06,5.07,-2.92,-0.15,0.78
2025-01-03,000030,5.0,4.88,5.05,4.85,122267,60464285.06,4.02,-2.01,-0.1,0.72
2025-01-06,000030,4.86,4.93,4.99,4.82,107092,52640194.0,3.48,1.02,0.05,0.63
2025-01-07,000030,4.92,4.94,4.99,4.88,82431,40684308.0,2.23,0.2,0.01,0.49
2025-01-08,000030,4.92,4.9,4.95,4.76,128665,62467512.0,3.85,-0.81,-0.04,0.76
2025-01-09,000030,4.89,4.83,4.9,4.82,75918,36881266.0,1.63,-1.43,-0.07,0.45
2025-01-10,000030,4.82,4.81,4.98,4.8,101543,49405259.0,3.73,-0.41,-0.02,0.6
2025-01-13,000030,4.77,4.81,4.84,4.74,73394,35165181.52,2.08,0.0,0.0,0.43
2025-01-14,000030,4.83,5.05,5.06,4.83,154356,76376680.11,4.78,4.99,0.24,0.91
2025-01-15,000030,5.05,5.02,5.06,4.97,89972,45081034.0,1.78,-0.59,-0.03,0.53
2025-01-16,000030,5.03,5.02,5.1,5.0,99265,50192639.08,1.99,0.0,0.0,0.59
2025-01-17,000030,5.02,5.07,5.09,5.0,76037,38361010.0,1.79,1.0,0.05,0.45
2025-01-20,000030,5.09,5.1,5.16,5.07,84137,42946971.4,1.78,0.59,0.03,0.5
2025-01-21,000030,5.11,5.14,5.15,5.05,82501,42072158.51,1.96,0.78,0.04,0.49
2025-01-22,000030,5.15,5.1,5.15,5.06,70660,36003487.0,1.75,-0.78,-0.04,0.42
2025-01-23,000030,5.13,5.07,5.18,5.07,79459,40704370.0,2.16,-0.59,-0.03,0.47
2025-01-24,000030,5.06,5.18,5.19,5.06,98576,50560869.2,2.56,2.17,0.11,0.58
2025-01-27,000030,5.18,5.17,5.25,5.16,89117,46394547.64,1.74,-0.19,-0.01,0.53
2025-02-05,000030,5.18,5.12,5.22,5.11,87965,45424393.47,2.13,-0.97,-0.05,0.52
2025-02-06,000030,5.13,5.28,5.28,5.11,122055,63669867.86,3.32,3.13,0.16,0.72
2025-02-07,000030,5.3,5.41,5.48,5.28,198661,107073419.14,3.79,2.46,0.13,1.17
2025-02-10,000030,5.41,5.37,5.46,5.34,138550,74395148.01,2.22,-0.74,-0.04,0.82
2025-02-11,000030,5.37,5.43,5.45,5.33,137549,74118932.32,2.23,1.12,0.06,0.81
2025-02-12,000030,5.42,5.48,5.54,5.4,172593,94473124.48,2.58,0.92,0.05,1.02
2025-02-13,000030,5.5,5.36,5.51,5.34,161930,87548292.49,3.1,-2.19,-0.12,0.96
2025-02-14,000030,5.34,5.4,5.44,5.34,114776,62027358.04,1.87,0.75,0.04,0.68
2025-02-17,000030,5.44,5.42,5.48,5.35,104161,56373192.0,2.41,0.37,0.02,0.62
2025-02-18,000030,5.4,5.35,5.46,5.31,109165,58823963.31,2.77,-1.29,-0.07,0.65
2025-02-19,000030,5.35,5.46,5.46,5.33,129699,70404481.66,2.43,2.06,0.11,0.77
