date,stock_code,open,close,high,low,volume,amount,amplitude,pct_change,change,turnover,volume_log,volume_log_diff,p_SMA:5,p_WMA:5,p_EMA:5,v_log_SMA:5,v_log_WMA:5,v_log_EMA:5,p_SMA:10,p_WMA:10,p_EMA:10,v_log_SMA:10,v_log_WMA:10,v_log_EMA:10,p_SMA:20,p_WMA:20,p_EMA:20,v_log_SMA:20,v_log_WMA:20,v_log_EMA:20,p_SMA:30,p_WMA:30,p_EMA:30,v_log_SMA:30,v_log_WMA:30,v_log_EMA:30,p_SMA:60,p_WMA:60,p_EMA:60,v_log_SMA:60,v_log_WMA:60,v_log_EMA:60,amount_log
2021-08-23,sz001212,38.0,45.6,45.6,38.0,4173,18994735.0,24.0,43.98,13.93,1.84,3.620448384711709,0.0,45.6,45.6,45.6,3.620448384711709,3.620448384711709,3.620448384711709,45.6,45.6,45.6,3.620448384711709,3.620448384711709,3.620448384711709,45.6,45.6,45.6,3.620448384711709,3.620448384711709,3.620448384711709,45.6,45.6,45.6,3.620448384711709,3.620448384711709,3.620448384711709,45.6,45.6,45.6,3.620448384711709,3.620448384711709,3.620448384711709,7.278633238988896
2021-08-24,sz001212,50.16,42.02,50.16,41.5,108873,492877200.0,18.99,-7.85,-3.58,48.02,5.036920190087437,1.416471805375728,43.81,43.21333333333334,44.40666666666667,4.328684287399573,4.564762921628861,4.092605653170285,43.81,43.21333333333334,44.949090909090906,4.328684287399573,4.564762921628861,3.877988712961841,43.81,43.21333333333334,45.25904761904762,4.328684287399573,4.564762921628861,3.7553504614141593,43.81,43.21333333333334,45.36903225806452,4.328684287399573,4.564762921628861,3.7118336624778854,43.81,43.21333333333334,45.482622950819675,4.328684287399573,4.564762921628861,3.6668900832486178,8.692738728596579
2021-08-25,sz001212,38.66,37.88,40.0,37.83,68002,262101872.0,5.16,-9.85,-4.14,30.0,4.832521685885511,-0.20439850420192585,41.833333333333336,40.546666666666674,42.23111111111112,4.496630086894886,4.698642303757186,4.339244330742027,41.833333333333336,40.546666666666674,43.66380165289256,4.496630086894886,4.698642303757186,4.051540162584326,41.833333333333336,40.546666666666674,44.556281179138324,4.496630086894886,4.698642303757186,3.8579381970780973,41.833333333333336,40.546666666666674,44.88586888657649,4.496630086894886,4.698642303757186,3.784136115600958,41.833333333333336,40.546666666666674,45.23335662456329,4.496630086894886,4.698642303757186,3.7051075128432696,8.418470122802255
2021-08-26,sz001212,37.33,41.67,41.67,35.61,93755,360649872.0,16.0,10.01,3.79,41.36,4.971994438154483,0.13947275226897204,41.792500000000004,40.996,42.04407407407408,4.615471174709785,4.807983157516105,4.550161033212846,41.792500000000004,40.996,43.30129226145755,4.615471174709785,4.807983157516105,4.218895485415263,41.792500000000004,40.996,44.281397257315625,4.615471174709785,4.807983157516105,3.9640387914663244,41.792500000000004,40.996,44.6783934745393,4.615471174709785,4.807983157516105,3.860772136410863,41.792500000000004,40.996,45.11652525982351,4.615471174709785,4.807983157516105,3.746644789082981,8.557085782388546
2021-08-27,sz001212,41.18,40.0,44.55,39.97,89474,379606848.0,10.99,-4.01,-1.67,39.47,4.951696853226794,-0.02029758492768874,41.434000000000005,40.664,41.362716049382726,4.682716310413187,4.855887722753001,4.684006306550829,41.434000000000005,40.664,42.7010573048289,4.682716310413187,4.855887722753001,4.352132097744633,41.434000000000005,40.664,43.87364513757128,4.682716310413187,4.855887722753001,4.058101464014941,41.434000000000005,40.664,44.37656163747225,4.682716310413187,4.855887722753001,3.9311543762054395,41.434000000000005,40.664,44.948770333271916,4.682716310413187,4.855887722753001,3.786154692825401,8.579334038375345
2021-08-30,sz001212,37.72,36.81,37.8,36.1,65449,241257849.0,4.25,-7.98,-3.19,28.87,4.815903015320698,-0.13579383790609612,39.676,39.12266666666667,39.84514403292182,4.921807236534985,4.900283291055505,4.727971876140786,40.663333333333334,39.56285714285715,41.62995597667819,4.7049140945644385,4.8444635206294855,4.436454082758463,40.663333333333334,39.56285714285715,43.20091702923116,4.7049140945644385,4.8444635206294855,4.130273040329775,40.663333333333334,39.56285714285715,43.88839637053856,4.7049140945644385,4.8444635206294855,3.988234933567714,40.663333333333334,39.56285714285715,44.68192540431218,4.7049140945644385,4.8444635206294855,3.819916932907214,8.38248145143319
2021-08-31,sz001212,35.93,35.74,36.5,35.36,38744,138900704.0,3.1,-2.91,-1.07,17.09,4.588204456038483,-0.22769855928221538,38.42,37.81066666666667,38.476762688614556,4.832064089725193,4.789082364223337,4.681382736106685,39.96,38.607142857142854,40.55905489000943,4.6882412890607315,4.780398754481736,4.464045059718466,39.96,38.607142857142854,42.49035350263771,4.6882412890607315,4.780398754481736,4.173885556111556,39.96,38.607142857142854,43.36269337889091,4.6882412890607315,4.780398754481736,4.026942644694861,39.96,38.607142857142854,44.38874752220358,4.6882412890607315,4.780398754481736,3.845106687763977,8.142704446907814
2021-09-01,sz001212,35.75,34.91,35.75,34.66,29535,103203290.0,3.05,-2.32,-0.83,13.03,4.470336975193799,-0.11786748084468357,37.826,36.64066666666667,37.28784179240971,4.759627147586851,4.66850665937954,4.611034149135723,39.32875,37.78555555555556,39.5319540009168,4.661003249827364,4.711496136862194,4.465189044350344,39.32875,37.78555555555556,41.76841507381507,4.661003249827364,4.711496136862194,4.2021190245955795,39.32875,37.78555555555556,42.81735832218827,4.661003249827364,4.711496136862194,4.055548730533502,39.32875,37.78555555555556,44.077968914918216,4.661003249827364,4.711496136862194,3.8656060414502003,8.013693542311255
2021-09-02,sz001212,34.98,35.21,35.61,34.78,23892,84148573.0,2.38,0.86,0.3,10.54,4.378252506075034,-0.092084469118765,36.534,35.76866666666667,36.595227861606475,4.640878761170962,4.541381778875601,4.533440268115494,38.87111111111111,37.27044444444444,38.74614418256829,4.62958650052155,4.644847410704762,4.44938240102756,38.87111111111111,37.27044444444444,41.14380411440411,4.62958650052155,4.644847410704762,4.218893641879337,38.87111111111111,37.27044444444444,42.326561011079356,4.62958650052155,4.644847410704762,4.076368328955536,38.87111111111111,37.27044444444444,43.78721583574057,4.62958650052155,4.644847410704762,3.882414122257572,7.9250467555646
2021-09-03,sz001212,35.0,34.92,35.12,34.62,22876,79811096.0,1.42,-0.82,-0.29,10.09,4.3593800878746345,-0.018872418200399643,35.518,35.23066666666667,36.03681857440432,4.52241540810053,4.447548887776824,4.4754202080352075,38.476,36.84309090909091,38.05048160391951,4.602565859256858,4.5929442610992846,4.433018344090665,38.476,36.84309090909091,40.55106086541324,4.602565859256858,4.5929442610992846,4.232273303402699,38.476,36.84309090909091,41.84871836520327,4.602565859256858,4.5929442610992846,4.094627152111607,38.476,36.84309090909091,43.4964874476835,4.602565859256858,4.5929442610992846,3.898052350638459,7.902063274766416
2021-09-06,sz001212,34.95,35.4,35.48,34.9,19225,67739677.0,1.66,1.37,0.48,8.48,4.2838663484734685,-0.07551373940116601,35.236000000000004,35.19133333333333,35.82454571626955,4.416008074731084,4.368032534567804,4.411568921514628,37.456,36.28381818181818,37.56857585775232,4.668907655633034,4.534998895502305,4.4058997994329925,38.196363636363635,36.60257575757576,40.06048364013579,4.573593176458368,4.541431275661649,4.237186926742772,38.196363636363635,36.60257575757576,41.43267201906112,4.573593176458368,4.541431275661649,4.10683613252205,38.196363636363635,36.60257575757576,43.23102884284142,4.573593176458368,4.541431275661649,3.910701989911738,7.8308431214870575
2021-09-07,sz001212,35.3,35.18,35.36,35.03,17669,62158023.0,0.93,-0.62,-0.22,7.79,4.247211970742112,-0.036654377731356824,35.123999999999995,35.17266666666667,35.609697144179705,4.34780957767181,4.311767166571481,4.356783271257123,36.772000000000006,35.87,37.13428933816099,4.589936833698502,4.458326952794864,4.377047466943741,37.945,36.383717948717944,39.595675674408575,4.546394742648681,4.49616676721249,4.238141692837947,37.945,36.383717948717944,41.02927382428298,4.546394742648681,4.49616676721249,4.1158926382136665,37.945,36.383717948717944,42.96706068405973,4.546394742648681,4.49616676721249,3.9217351040373236,7.793497192828815
2021-09-08,sz001212,34.96,36.24,36.99,34.9,34803,125039918.0,5.94,3.01,1.06,15.35,4.54161668151239,0.2944047107702783,35.39,35.54466666666667,35.819798096119804,4.362065518935528,4.376369534518341,4.418394408008878,36.608000000000004,35.77327272727273,36.97169127667718,4.56084633326119,4.449541470579207,4.406969142319858,37.81384615384616,36.36318681318681,39.27608751494109,4.54602719948435,4.502659612112475,4.267044072711703,37.81384615384616,36.36318681318681,40.72028841626472,4.54602719948435,4.502659612112475,4.143358705523262,37.81384615384616,36.36318681318681,42.74650131736925,4.54602719948435,4.502659612112475,3.9420590901840473,8.097048680204995
2021-09-09,sz001212,36.24,35.52,36.24,35.51,19183,68558371.0,2.01,-1.99,-0.72,8.46,4.282916526795146,-0.2587001547172436,35.452000000000005,35.588,35.7198653974132,4.34299832307955,4.349986537138213,4.373235114270968,35.993,35.57545454545455,36.707747408190414,4.491938542125256,4.399008778494472,4.3844141213153645,37.65,36.2507619047619,38.91836489447051,4.52723358000655,4.4733605340701645,4.268555735005364,37.65,36.2507619047619,40.38478593779603,4.52723358000655,4.4733605340701645,4.1523624359279,37.65,36.2507619047619,42.509566847947305,4.52723358000655,4.4733605340701645,3.9532347438434274,7.836060489864443
2021-09-10,sz001212,35.49,35.09,35.8,35.04,16533,58261878.0,2.14,-1.21,-0.43,7.29,4.218351665745133,-0.06456486105001336,35.486000000000004,35.467333333333336,35.509910264942135,4.31479263865365,4.308437651360074,4.32160729809569,35.501999999999995,35.41127272727273,36.413611515792155,4.41860402337709,4.349265710061722,4.354220947575322,37.47933333333334,36.10566666666667,38.55375871404475,4.506641452389122,4.441484425529536,4.263774395075818,37.47933333333334,36.10566666666667,40.043186845035,4.506641452389122,4.441484425529536,4.156619805593528,37.47933333333334,36.10566666666667,42.26630236112936,4.506641452389122,4.441484425529536,3.961927101938565,7.765384479465899
2021-09-13,sz001212,35.0,35.29,35.34,34.99,11553,40613469.0,1.0,0.57,0.2,5.1,4.062694773342393,-0.15565689240273972,35.464000000000006,35.402,35.436606843294754,4.270558323627435,4.224405029589655,4.235303123177925,35.35,35.372727272727275,36.20931851292085,4.343283199179259,4.28455493732814,4.30121618862388,37.3425,36.00970588235294,38.24292455080239,4.478894784948702,4.396920937036931,4.24462395491073,37.3425,36.00970588235294,39.73652962922629,4.478894784948702,4.396920937036931,4.150560126093455,37.3425,36.00970588235294,42.0375711361743,4.478894784948702,4.396920937036931,3.9652309600173785,7.608670086343377
2021-09-14,sz001212,35.01,36.08,36.3,35.01,28807,103074118.0,3.66,2.24,0.79,12.71,4.459498032619692,0.39680325927729854,35.644000000000005,35.60733333333334,35.651071228863174,4.3130155360029505,4.2873849325870745,4.310034759658514,35.384,35.50545454545455,36.18580605602615,4.330412556837381,4.305684907044584,4.329994705714028,37.26823529411765,36.017516339869275,38.03693173644026,4.477753799517584,4.403873947657237,4.265088152787774,37.26823529411765,36.017516339869275,39.500624491856854,4.477753799517584,4.403873947657237,4.170491603933858,37.26823529411765,36.017516339869275,41.842240934988254,4.477753799517584,4.403873947657237,3.981436437807618,8.01314962725344
2021-09-15,sz001212,35.78,35.48,36.87,35.44,25805,92947841.0,3.96,-1.66,-0.6,11.38,4.411703863405971,-0.04779416921372093,35.492000000000004,35.55266666666667,35.59404748590878,4.287032972381668,4.320281041721414,4.343924460907667,35.441,35.522909090909096,36.05747768220321,4.324549245658598,4.320465144602509,4.344850916203472,37.16888888888889,35.960935672514616,37.79341442820785,4.474084358622494,4.404698149314998,4.279051553799031,37.16888888888889,35.960935672514616,39.241229363349966,4.474084358622494,4.404698149314998,4.1860536851901236,37.16888888888889,35.960935672514616,41.633642871546016,4.474084358622494,4.404698149314998,3.9955435665157606,7.968239306397577
2021-09-16,sz001212,35.01,34.39,35.15,34.34,23602,82119582.0,2.28,-3.07,-1.09,10.41,4.372948806027788,-0.03875505737818319,35.266,35.18533333333333,35.19269832393919,4.305039428228196,4.348919652936788,4.353599242614374,35.358999999999995,35.33181818181818,35.75429992180263,4.324018875653873,4.3292650646696345,4.349959623444256,37.02263157894737,35.80384210526316,37.46927972075949,4.46876143480172,4.401523214986278,4.287994149249388,37.02263157894737,35.80384210526316,38.928246823779006,4.46876143480172,4.401523214986278,4.198111434921586,37.02263157894737,35.80384210526316,41.396146383954346,4.46876143480172,4.401523214986278,4.0079175087948435,7.914446730085361
2021-09-17,sz001212,34.28,33.47,34.47,33.31,15835,53467028.0,3.37,-2.68,-0.92,6.99,4.199618067707931,-0.1733307383198568,34.94199999999999,34.586666666666666,34.61846554929279,4.301292708620755,4.313779199430033,4.302272184312226,35.214000000000006,34.98836363636364,35.338972663293056,4.308042673637202,4.3066467359521905,4.322624795128561,36.845,35.58157142857142,37.08839593783001,4.455304266447031,4.3822941533407205,4.2795773795787735,36.845,35.58157142857142,38.576101867406166,4.455304266447031,4.3822941533407205,4.198208637036834,36.845,35.58157142857142,41.13627273202142,4.455304266447031,4.3822941533407205,4.014202773021502,7.728086044226161
2021-09-22,sz001212,33.3,32.98,33.3,32.8,11703,38556946.0,1.49,-1.46,-0.49,5.16,4.068297205031453,-0.13132086267647747,34.48,33.93266666666666,34.0723103661952,4.302413194958567,4.236114031566932,4.224280524551968,34.971999999999994,34.582181818181816,34.91006854269432,4.286485759293001,4.263056650751146,4.276383415110905,36.214,35.2134761904762,36.69712013422715,4.477696707463018,4.345436337967809,4.259455458193314,36.66095238095238,35.34506493506493,38.21506303725093,4.436875358760575,4.353748976221697,4.18982725432681,36.66095238095238,35.34506493506493,40.868853953922354,4.436875358760575,4.353748976221697,4.015976360956254,7.58610262720501
2021-09-23,sz001212,32.98,33.17,33.27,32.96,8370,27721268.0,0.94,0.58,0.19,3.69,3.92272545799326,-0.14557174703819342,33.898,33.496,33.771540244130136,4.195058680033281,4.109551452578497,4.123762169032399,34.771,34.25454545454546,34.59369244402262,4.254037108018116,4.196918414151193,4.2120819683622415,35.7715,34.923571428571435,36.36120393096742,4.421986970858308,4.292581933256404,4.227385934364738,36.502272727272725,35.155928853754936,37.889575099363775,4.413504908725696,4.316268670288789,4.1725948803698065,36.502272727272725,35.155928853754936,40.61643251281014,4.413504908725696,4.316268670288789,4.01291895430173,7.442813091481198
2021-09-24,sz001212,33.16,32.5,33.16,32.5,11794,38520876.0,1.99,-2.02,-0.67,5.2,4.071661123441788,0.1489356654485281,33.302,33.03,33.34769349608676,4.127050132040444,4.068418933714666,4.106395153835529,34.397000000000006,33.84163636363636,34.21302109056396,4.207041552211056,4.163759144228224,4.186550905649431,35.5025,34.612,35.99347022325624,4.383943942736122,4.259217566835782,4.2125549999911245,36.32826086956521,34.934601449275355,37.54186057682418,4.398642135452483,4.295884708051539,4.166083025084128,36.32826086956521,34.934601449275355,40.35031997140653,4.398642135452483,4.295884708051539,4.0148449270604205,7.585696154819068
2021-09-27,sz001212,32.5,31.71,32.68,31.68,9953,31930157.0,3.08,-2.43,-0.79,4.39,3.997954004069403,-0.07370711937238505,32.766000000000005,32.49933333333333,32.80179566405785,4.052051171648768,4.025386891057653,4.070248103913487,34.016,33.35309090909091,33.75792634682506,4.178545299938481,4.125743226384286,4.152260559907608,35.0045,34.25080952380952,35.58552067818422,4.3352419210318685,4.222456620296094,4.192116809903341,36.13583333333333,34.676633333333335,37.165611507351656,4.381946796644855,4.272050251732968,4.155235991470275,36.13583333333333,34.676633333333335,40.06703079201615,4.381946796644855,4.272050251732968,4.014291126306617,7.504201053962746
2021-09-28,sz001212,31.71,31.74,31.94,31.68,5602,17803590.0,0.82,0.09,0.03,2.47,3.7483431044875495,-0.24961089958185356,32.42,32.157333333333334,32.44786377603857,3.961796179004691,3.92415086867058,3.9629464374381747,33.681,32.93927272727273,33.39103064740232,4.131544443812723,4.047524645393208,4.078821022558507,34.5915,33.939904761904764,35.219280613595245,4.275074233594906,4.166561494910921,4.14985264748279,35.96,34.450738461538464,36.815572055264454,4.356602648958562,4.231765086560243,4.12898483747139,35.96,34.450738461538464,39.794013388999225,4.356602648958562,4.231765086560243,4.00557151903386,7.250507584330556
2021-09-29,sz001212,31.76,31.66,32.25,31.65,8843,28231933.0,1.89,-0.25,-0.08,3.9,3.9465996250151325,0.19825652052758302,32.156000000000006,31.904,32.18524251735904,3.937456663001427,3.919085350674061,3.9574974999638277,33.318,32.57181818181818,33.07629780242007,4.119934928979997,4.013898314702738,4.054780768459711,34.333999999999996,33.660714285714285,34.880301507538555,4.231609064079628,4.135278198855705,4.1304952167715845,35.79461538461538,34.244017094017096,36.48295450331191,4.340833301883815,4.210641719038383,4.117218049570987,35.79461538461538,34.244017094017096,39.527324425425476,4.340833301883815,4.210641719038383,4.003638014311934,7.450740614685831
2021-09-30,sz001212,31.62,31.74,31.83,31.58,5540,17562547.0,0.79,0.25,0.08,2.44,3.74350976472843,-0.20308986028670262,31.869999999999997,31.76533333333333,32.03682834490603,3.9016135243484613,3.8544363845830616,3.886168254885362,32.884,32.28490909090909,32.83333456561642,4.048336102190871,3.9454573757479072,3.9981860405085685,34.134,33.413666666666664,34.58122517348726,4.189374329514125,4.0887925512984475,4.093639459434141,35.644444444444446,34.06515873015873,36.17695743858211,4.318710207915097,4.1772751508733865,4.09310783764566,35.644444444444446,34.06515873015873,39.27200231311644,4.318710207915097,4.1772751508733865,3.9951092192436226,7.244587499487637
2021-10-08,sz001212,31.85,32.21,32.45,31.85,6847,21971930.0,1.89,1.48,0.47,3.02,3.8355003278673188,0.09199056313888887,31.812,31.878666666666668,32.09455222993736,3.854381365233567,3.8323986524226807,3.8692789458793477,32.557,32.16236363636364,32.72000100823161,3.990715748637006,3.9067599622345344,3.968606820028341,33.999,33.230428571428575,34.35539420458372,4.157632497147801,4.0550902654273235,4.069054780237301,35.52178571428571,33.93721674876847,35.92102470060907,4.301452712199105,4.153704473424692,4.076487998305122,35.52178571428571,33.93721674876847,39.040461253669996,4.301452712199105,4.153704473424692,3.989876140837842,7.3418682067400844
2021-10-11,sz001212,32.08,32.03,32.25,31.92,5148,16479132.0,1.02,-0.56,-0.18,2.27,3.711638538232349,-0.12386178963496963,31.875999999999998,31.95133333333333,32.07303481995824,3.797118272066156,3.7848177100889417,3.8167321433303485,32.321000000000005,32.066545454545455,32.59454627946223,3.924584721857461,3.8560186512518695,3.9218853142472514,33.839999999999996,33.042904761904765,34.133928089861456,4.124301798755667,4.012614650292519,4.035015138141591,35.40137931034483,33.81006896551724,35.66999084895687,4.281114292407148,4.124233411078536,4.052949323461718,35.40137931034483,33.81006896551724,38.810610065025074,4.281114292407148,4.124233411078536,3.980753596490121,7.216934332510486
2021-10-12,sz001212,32.0,31.07,32.02,30.0,8678,27217575.0,6.31,-3.0,-0.96,3.83,3.9384196457931933,0.22678110756084413,31.742,31.682666666666666,31.73868987997216,3.835133580327285,3.8319181679979546,3.8572946441512967,32.081,31.839090909090906,32.317356046832735,3.8984648796659878,3.858534091967457,3.9248915563465134,33.6475,32.77909523809524,33.842125414636556,4.103253776651596,3.994911588105616,4.025815567441744,35.257,33.63329032258064,35.373217245798365,4.269691137520016,4.112245426221417,4.045560311999233,35.257,33.63329032258064,38.55681957108982,4.269691137520016,4.112245426221417,3.979365598106615,7.434849428323818
2021-10-13,sz001212,31.25,31.35,31.5,30.6,6721,20882953.0,2.9,0.9,0.28,2.96,3.8274338954007794,-0.11098575039241387,31.68,31.552,31.60912658664811,3.8113004344044144,3.829351606355786,3.8473410612344576,31.918,31.706181818181822,32.14147312922678,3.8743785487029205,3.8456193675556007,3.9071719816291073,33.44500000000001,32.56028571428571,33.604780137052124,4.08043215399796,3.968643027986492,4.006922074866414,34.782000000000004,33.38122580645162,35.11365484284364,4.276590654542985,4.083712700923402,4.031487639960623,35.130967741935486,33.49058467741935,38.320530404824574,4.255424774871009,4.0944447055451265,3.974384230804784,7.319791911041213
2021-10-14,sz001212,31.35,31.27,31.37,31.06,3747,11704555.0,0.99,-0.26,-0.08,1.65,3.573683693093798,-0.25375020230698153,31.586000000000002,31.415333333333333,31.49608439109874,3.777335220077488,3.7501460259189137,3.7561219385209044,31.728,31.58836363636364,31.983023469367367,3.8394743722129747,3.79094757562667,3.8465377473499602,33.2495,32.353142857142856,33.38242012399954,4.046755740115545,3.9203812698051412,3.965661276602355,34.42366666666667,33.154645161290325,34.865677111047276,4.227816104643197,4.038363864700874,4.001951901453086,35.0103125,33.356003787878784,38.089365473518846,4.23412036606547,4.062883432063229,3.9612465082568824,7.068354906736767
2021-10-15,sz001212,31.31,31.01,31.43,30.95,5200,16193161.0,1.54,-0.83,-0.26,2.29,3.716003343634799,0.14231965054100115,31.346000000000004,31.223333333333336,31.334056260732496,3.7534358232309843,3.7297020671046837,3.742749073558869,31.579,31.457818181818187,31.80611011130057,3.803908594232275,3.7684982977033643,3.822804219401749,32.988,32.139857142857146,33.15647535028529,4.005475073221666,3.88888104156888,3.9418843306054447,34.19466666666666,32.93440860215053,34.616923749044226,4.1905988265681735,4.005343686571301,3.983503607400294,34.8890909090909,33.21800356506239,37.857255130124784,4.2184198502342385,4.0424787209792035,3.953205748761076,7.209331633858921
2021-10-18,sz001212,30.96,30.63,30.96,30.5,5108,15637507.0,1.48,-1.23,-0.38,2.25,3.708250888591378,-0.007752455043421147,31.066000000000003,30.984666666666666,31.099370840488334,3.75275829330279,3.7146404222248157,3.7312496785697054,31.471000000000004,31.285272727272734,31.59227190924592,3.774938282684473,3.7511059875868384,3.8019763410725904,32.7435,31.91528571428571,32.91585865025812,3.976741791311477,3.860573976365996,3.919633526604105,33.82666666666667,32.70443010752688,34.359702862009115,4.148474041582737,3.974224464766345,3.965745367477138,34.763823529411766,33.07011764705882,37.62029594553052,4.2034148807741545,4.023379987699899,3.945174441870266,7.194167517109834
2021-10-19,sz001212,30.63,30.71,30.8,30.51,4175,12800965.0,0.95,0.26,0.08,1.84,3.620656479819621,-0.08759440877175706,30.994,30.866,30.96958056032556,3.689205660108075,3.6706064843970925,3.6943852789863443,31.368000000000002,31.14690909090909,31.43185883483757,3.76216962021768,3.7230547507023197,3.76900909357205,32.5245,31.72161904761905,32.70577687404307,3.946857032015201,3.8266610895572475,3.8911595221484396,33.517,32.503354838709676,34.12423816123434,4.1041060291358304,3.9401717188461443,3.9434815682734277,34.648,32.939,37.393728865349196,4.1867646407468815,4.001006459484328,3.9345345086882775,7.107242710146146
2021-10-20,sz001212,30.4,30.37,30.74,30.35,5065,15456278.0,1.27,-1.11,-0.34,2.23,3.704579449696299,0.08392296987667835,30.798000000000002,30.658,30.769720373550378,3.6646347709671794,3.6757310809265005,3.697783335889663,31.238999999999997,30.96545454545455,31.238793592139828,3.7379676026857966,3.7125838106075233,3.757294612867368,32.2785,31.51642857142857,32.48332193365801,3.9289512658328967,3.803587034098304,3.873389991438712,33.30233333333334,32.300322580645165,33.88202924760632,4.0670619102816845,3.914395810495206,3.928068528365226,34.52916666666667,32.800135135135136,37.16344267304267,4.173370607662143,3.984983377874165,3.9269949985573924,7.1891049204573
2021-10-21,sz001212,30.36,30.03,30.58,30.02,6591,19886675.0,1.84,-1.12,-0.34,2.91,3.8189513116401725,0.11437186194387339,30.55,30.401999999999997,30.523146915700252,3.713688294676454,3.7271699278174983,3.738172661139833,31.068,30.745636363636365,31.019012939023494,3.7455117573769705,3.7273081213265002,3.7685049217351505,31.976,31.302285714285716,32.24967222569058,3.89692392978392,3.793110847984712,3.8682053552674223,33.112,32.08920430107527,33.633511231631715,4.04142013880174,3.898388675098981,3.9210287079313515,34.40756756756757,32.65433854907539,36.9295593067134,4.163791707769658,3.9762448480723758,3.923452582592893,7.298562176293639
2021-10-22,sz001212,30.03,30.27,30.38,30.03,4763,14418837.0,1.17,0.8,0.24,2.1,3.6778805815115905,-0.14107073012858207,30.401999999999997,30.308666666666667,30.438764610466837,3.706063742251812,3.7152340234292107,3.7180753012637524,30.874000000000002,30.600545454545454,30.882828768291947,3.7297497827413983,3.7150115438964306,3.7520277689672303,31.715500000000002,31.139809523809518,32.06113201372005,3.8602327656892017,3.77224957672068,3.8500791863382955,32.95733333333333,31.905849462365595,33.416510507010315,4.015004925679,3.874934510112519,3.9053417320333024,34.29868421052631,32.53206477732793,36.71121309993591,4.151004572868129,3.9609441164538737,3.915401041573834,7.158930232307713
2021-10-25,sz001212,30.45,30.91,31.25,30.03,9308,28741379.0,4.03,2.11,0.64,4.11,3.9688563746146923,0.29097579310310184,30.458000000000006,30.478,30.59584307364456,3.758184839456475,3.8028315675501707,3.8016689923807325,30.762,30.607090909090914,30.887768992238865,3.755471566379632,3.7584854696915757,3.791451151812223,31.541499999999996,31.063095238095237,31.95150039336576,3.840028144118547,3.782594682332632,3.861391299507476,32.814,31.773763440860215,33.25480015171933,4.001358387963656,3.8719571842374014,3.909439450909521,34.21179487179487,32.45096153846154,36.52100939174129,4.146334106246247,3.961339729361915,3.917153675444026,7.458507601575626
2021-10-26,sz001212,30.6,30.59,30.96,30.42,6325,19320241.0,1.75,-1.04,-0.32,2.79,3.8010605298478555,-0.16779584476683684,30.433999999999997,30.522,30.593895382429707,3.7942656494621216,3.817123464347297,3.80146617153644,30.714,30.575818181818182,30.83362917546816,3.7417356547850984,3.766774372140343,3.793198311455065,31.3975,30.972476190476193,31.82183368923569,3.8201002672255426,3.7788834809735183,3.8556455119208453,32.669666666666664,31.630279569892473,33.08287756128583,3.9827477360294297,3.8590347417783177,3.9024472624539297,34.121249999999996,32.36018292682927,36.3265500674219,4.137702266836287,3.9535212318246433,3.9133473428015284,7.286012539487205
2021-10-27,sz001212,30.69,29.71,30.7,29.66,6821,20482347.0,3.4,-2.88,-0.88,3.01,3.833848049531148,0.03278751968329274,30.302,30.28066666666667,30.299263588286472,3.8201193694290922,3.8303175977036394,3.81226013086801,30.55,30.39327272727273,30.629332961746677,3.7423770701981356,3.783522080275989,3.8005891729234436,31.234,30.811761904761905,31.62070667121324,3.8083778094505276,3.7801927935740527,3.8535695631218263,32.480000000000004,31.439333333333334,32.865272557331906,3.9677471260646855,3.8494283103913327,3.8980215067814923,34.01365853658537,32.2339837398374,36.109613999637574,4.13029118836543,3.947822508858286,3.910740808595942,7.311379719430181
2021-10-28,sz001212,29.7,28.63,29.7,28.52,8604,24812245.0,3.97,-3.64,-1.08,3.8,3.934700401715425,0.10085235218427657,30.022,29.723333333333336,29.742842392190983,3.8432691874441423,3.8685112751324175,3.8530735544838155,30.285999999999994,30.04418181818182,30.265817877792735,3.7784787410602982,3.818489958733678,3.8249730327038036,31.006999999999998,30.563761904761908,31.33587746443103,3.808976556636636,3.7922235166468994,3.86129630965455,32.26166666666667,31.19094623655914,32.5920291665363,3.957330073763796,3.8472962636591226,3.9003878870998108,33.88547619047619,32.06635658914728,35.86438075374782,4.125634264873763,3.947212178293502,3.9115263690260886,7.394666060805953
2021-10-29,sz001212,28.63,28.83,28.9,28.53,4294,12351392.0,1.29,0.7,0.2,1.89,3.63286204010023,-0.30183836161519473,29.733999999999998,29.326,29.438561594793992,3.8342654791618704,3.798375559351113,3.779669716355954,30.068,29.77945454545455,30.00476008183042,3.7701646107068414,3.7920141949227566,3.7900437613213356,30.823500000000003,30.356428571428573,31.09722246781855,3.7870366024695583,3.775450705548194,3.8395406649350905,32.01466666666666,30.969548387096776,32.34931760740493,3.9270382523833907,3.82636284213244,3.8831281550353216,33.767906976744186,31.91924947145877,35.63374531919871,4.114174445692983,3.9329235356483534,3.9023898336514704,7.091715905275997
2021-11-01,sz001212,28.83,29.34,29.49,28.71,5596,16308245.0,2.71,1.77,0.51,2.47,3.74787770581979,0.11501566571956001,29.419999999999998,29.194666666666667,29.405707729862662,3.79006974540289,3.7695796349037534,3.769072379510566,29.939,29.647090909090913,29.883894612406706,3.7741272924296823,3.787962030397838,3.7823772057755995,30.705000000000002,30.215142857142855,30.929867947073927,3.774532787557077,3.771721286819645,3.830810859305062,31.808666666666667,30.796989247311828,32.15516808434655,3.9092036250175455,3.8148040971928534,3.8744023196020616,33.66727272727273,31.804616161616156,35.42739301365121,4.105849519786774,3.9246992765448616,3.897323862247153,7.212407227268028
2021-11-02,sz001212,29.23,28.93,29.68,28.9,5445,15751191.0,2.66,-1.4,-0.41,2.4,3.735997884091794,-0.011879821727996287,29.088,29.031333333333336,29.24713848657511,3.777057216251678,3.751555681133388,3.758047547704309,29.761000000000003,29.46363636363636,29.71045922833276,3.7856614328568994,3.7810294107000404,3.7739446018330893,30.5645,30.04609523809524,30.739404333066886,3.77391552653729,3.7680512960134274,3.8217810521418936,31.60333333333333,30.6112688172043,31.947092724066128,3.893125165629101,3.8036295332621592,3.865473001182045,33.562,31.679632850241543,35.2143637345151,4.097630594549108,3.916494868177337,3.8920344859141904,7.19731339781909
2021-11-03,sz001212,28.94,31.79,31.79,28.82,19586,59639264.0,10.27,9.89,2.86,8.64,4.291945750170066,0.555947866078272,29.504,29.932,30.094758991050078,3.868676756379461,3.923185192439518,3.936013615192895,29.903000000000002,29.832545454545453,30.088557550454073,3.8443980629042764,3.8730811047569795,3.8681266288034486,30.571000000000005,30.16280952380952,30.839461063250994,3.7911828327950365,3.817387507787977,3.866558642430291,31.486666666666668,30.62331182795699,31.93695770961025,3.9007668648566898,3.8293598935551247,3.892987372084498,33.52347826086957,31.68432932469935,35.10208951371133,4.101854837062607,3.932471501453623,3.905146330643891,7.775532275245226
2021-11-04,sz001212,32.1,31.56,32.16,30.93,23824,74137717.0,3.87,-0.72,-0.23,10.51,4.3770146804081005,0.08506893023803475,30.089999999999996,30.61733333333333,30.583172660700054,3.957139612117996,4.09263116711573,4.083013970264631,30.055999999999994,30.133818181818185,30.356092541280603,3.9002043997810696,3.969920489757675,3.9606517290952032,30.562,30.256999999999998,30.908083819131853,3.82285807857902,3.8731810170844603,3.9151735031900827,31.336,30.628043010752684,31.912637857377334,3.89801741978297,3.860085559074571,3.9242149403634405,33.481702127659574,31.679148936170208,34.98595543129456,4.107709301814639,3.9509941339100596,3.920617424078783,7.87003920821677
2021-11-05,sz001212,30.95,31.78,32.3,30.92,16534,51765310.0,4.37,0.7,0.22,7.29,4.218377933291753,-0.1586367471163479,30.679999999999996,31.18066666666667,30.98211510713337,4.074242790756301,4.1797106075069825,4.128135291273671,30.207,30.447272727272725,30.61498480650231,3.9542541349590854,4.0277702231232535,4.007511038949121,30.540499999999998,30.373000000000005,30.99112345540501,3.842001958850242,3.910849574676149,3.944050115580718,31.21266666666667,30.65668817204301,31.904080576256217,3.8915732221124966,3.880753979300944,3.943193197971719,33.44625,31.683265306122447,34.88084213846523,4.110014898303745,3.9619077583746187,3.93038006372511,7.71403881915633
2021-11-08,sz001212,31.38,32.0,32.28,31.33,13080,41327762.0,2.99,0.69,0.22,5.77,4.116607743988248,-0.10177018930350457,31.212,31.62066666666667,31.32141007142225,4.147988798389992,4.193832258584298,4.124292775511863,30.315999999999995,30.773272727272726,30.866805750774617,3.9690292718964413,4.0572890611285555,4.02734680350169,30.538999999999998,30.511999999999997,31.087206935842627,3.8622504191380367,3.937002506594054,3.9604841754290545,31.133,30.707483870967746,31.91026892617517,3.8830285200445114,3.8952723355509926,3.954381233198592,33.41673469387755,31.695934693877547,34.786388297859816,4.110149446174858,3.9680957577991633,3.936485889307508,7.616241887803683
2021-11-09,sz001212,31.84,31.77,32.17,31.5,9137,28733138.0,2.09,-0.72,-0.23,4.03,3.9608036249117697,-0.1558041190764783,31.78,31.80666666666667,31.470940047614835,4.192949946553988,4.131437200758224,4.069796391978499,30.433999999999997,31.037636363636363,31.031022886997413,3.9850035814028324,4.055793488949525,4.015248043758067,30.574,30.629238095238094,31.15223484671476,3.863369618093966,3.946388526191552,3.960514599189313,31.076333333333334,30.74858064516129,31.90121931803484,3.875068038617973,3.900290084252106,3.9547955810510556,33.3838,31.698839215686274,34.687490320880805,4.107162529749596,3.967809791803579,3.937283192114205,7.458383058698653
2021-11-10,sz001212,31.74,31.4,31.74,31.01,9744,30115414.0,2.3,-1.16,-0.37,4.3,3.9887372752888,0.02793365037703044,31.701999999999998,31.68,31.447293365076558,4.132308251577735,4.063366310336495,4.042776686415266,30.603,31.213272727272727,31.098109634816062,4.000492503978597,4.056472342383337,4.010427904036382,30.5765,30.70790476190476,31.17583152798002,3.8714347870883663,3.9583283030672507,3.96320247310355,31.023666666666667,30.769462365591398,31.868882587839046,3.8724160409598842,3.907623583392159,3.956985367776072,33.34490196078431,31.68734539969834,34.57970375298307,4.10484046593664,3.968614695014549,3.9389702112346834,7.4787888378429646
2021-11-11,sz001212,31.3,32.13,32.27,31.3,16529,52370156.0,3.09,2.32,0.73,7.29,4.218246579668302,0.22950930437950223,31.815999999999995,31.82266666666667,31.674862243384375,4.100554631429775,4.092012419700018,4.101266650832945,30.953000000000003,31.49090909090909,31.285726064849506,4.028847121773885,4.096063992508737,4.04821311778764,30.6195,30.855857142857147,31.266704715791445,3.9036629314170916,3.991357997598673,3.987492388014479,30.988999999999997,30.84083870967742,31.885728872494596,3.8822667450157193,3.929935231050767,3.9738409298336355,33.32153846153846,31.704049346879536,34.49938559714756,4.107021352739171,3.9780347661335584,3.9481268134784084,7.719083867577985
2021-11-12,sz001212,32.28,32.24,32.36,31.73,12980,41302054.0,1.96,0.34,0.11,5.73,4.11327469246435,-0.10497188720395201,31.907999999999998,31.964000000000002,31.863241495589584,4.0795339832642945,4.096252440044877,4.105269331376747,31.294,31.724909090909094,31.45923041669505,4.076888387010298,4.111414459907004,4.060042495001587,30.681,31.010190476190477,31.359399504763687,3.923526498858569,4.011321022460318,3.9994716551049425,30.980333333333338,30.921548387096774,31.90858507426914,3.8836538639831377,3.9448389695958395,3.9828366564549724,33.3011320754717,31.723899371069184,34.425307380847634,4.107139340281155,3.983043652293958,3.9535414980353245,7.61597165017176
2021-11-15,sz001212,32.15,32.76,33.12,32.06,16319,52906407.0,3.29,1.61,0.52,7.2,4.212693542421026,0.09941884995667571,32.06,32.248000000000005,32.16216099705972,4.09875114295085,4.140638959763787,4.141077401724841,31.636000000000003,31.991454545454545,31.695733977295948,4.123369970670422,4.136106306345319,4.08779723089603,30.7875,31.208190476190477,31.492790028119526,3.948748631550052,4.038860740894837,4.019778501515998,31.015333333333334,31.03636559139785,31.963515069477584,3.8908118485948586,3.966067335946671,3.997666132968911,33.291111111111114,31.76157575757576,34.37070713885263,4.10909404772819,3.9913945573894876,3.962038286375839,7.723508268561764
2021-11-16,sz001212,32.66,31.6,32.67,31.59,14296,45616490.0,3.3,-3.54,-1.16,6.31,4.155214539497588,-0.057479002923438216,32.025999999999996,32.09466666666666,31.974773998039815,4.137633325868014,4.159460091946033,4.145789780982424,31.903,31.98490909090909,31.678327799605775,4.165291636211,4.141896227950258,4.100054923369041,30.832,31.285571428571426,31.503000501631952,3.97547653453395,4.058524160699363,4.032677171799959,31.01066666666667,31.07408602150537,31.94006248435,3.9043742297618595,3.983125574069428,4.007830546293342,33.260363636363635,31.755805194805195,34.27986428184107,4.1099326021239975,3.9972452710362054,3.968371934019175,7.659121865064323
2021-11-17,sz001212,31.6,32.09,32.55,31.55,11018,35048899.0,3.16,1.55,0.49,4.86,4.042102768037303,-0.11311177146028495,32.164,32.116,32.01318266535988,4.148306424417714,4.12761657266913,4.111227443334051,31.933,32.0189090909091,31.753177290586542,4.140307337997724,4.119498251918676,4.089518167854179,30.917999999999996,31.405380952380952,31.55890521576224,3.9923527004510007,4.064869516271112,4.033574847632087,31.025,31.143720430107532,31.949735872456454,3.907557667862599,3.9920112862162305,4.010041657373598,33.239464285714284,31.7675313283208,34.208065452928246,4.108721355086735,3.9988192182994027,3.970789338413212,7.544674379913669
2021-11-18,sz001212,32.09,31.51,32.35,31.44,8761,27625745.0,2.84,-1.81,-0.58,3.86,3.94255368033421,-0.0995490877030929,32.04,31.898000000000003,31.84545511023992,4.093167844550896,4.059032324641295,4.055002855667437,31.927999999999997,31.942,31.708963237752624,4.096861237990335,4.083543041434401,4.062797351941458,30.992,31.461761904761907,31.55424757616584,3.9985328188857023,4.060126752450466,4.02490616503229,31.017333333333337,31.17501075268817,31.92136581616894,3.914192465049459,3.9942690934724636,4.0056875943387995,33.20912280701754,31.758650937689048,34.119604290537154,4.105806132722655,3.996879027335086,3.969863579131933,7.441313998730318
2021-11-19,sz001212,31.54,32.2,32.27,31.43,9207,29081976.0,2.67,2.19,0.69,4.06,3.964118143151485,0.021564462817274865,32.032000000000004,31.951333333333334,31.963636740159952,4.063336534688323,4.016015757508159,4.024707951495453,31.97,31.99145454545455,31.79824264907033,4.071435258976309,4.059407933281883,4.044855677616008,31.0885,31.57680952380953,31.61574780700719,4.012844696967697,4.0568491642853015,4.01911682961507,31.017,31.251311827956993,31.939342215125784,3.9184797255589308,3.9974901049629166,4.003005694262199,33.19172413793104,31.77361192285213,34.05666644494577,4.103363236350739,3.995768488888184,3.9696752041817542,7.4636239117035466
2021-11-22,sz001212,32.21,33.3,33.3,31.98,21926,71505186.0,4.1,3.42,1.1,9.67,4.340959409772542,0.376841266621057,32.14,32.374,32.409091160106634,4.088989708158626,4.108556715869565,4.130125104254483,32.1,32.23327272727273,32.07128944014845,4.093870425554738,4.108412324335744,4.098692719826286,31.208000000000006,31.787428571428574,31.77615277776841,4.031449848725589,4.08809818455243,4.049768503915782,31.05933333333333,31.398602150537634,32.02712658834348,3.9394570879436035,4.024746858783151,4.024809159778995,33.1935593220339,31.824491525423724,34.03185770904591,4.107390290137549,4.0072748529176625,3.9818484568240753,7.854337540675312
2021-11-23,sz001212,33.3,33.15,33.3,32.72,13122,42934385.0,1.74,-0.45,-0.15,5.79,4.11800003342128,-0.22295937635126162,32.45,32.71066666666667,32.65606077340443,4.081546806943364,4.11822682429045,4.126083413976749,32.238,32.42418181818182,32.26741863284873,4.109590066405689,4.112799525766024,4.102203140479921,31.336000000000002,31.972380952380952,31.906995370361894,4.047296823904261,4.096341059285353,4.056266744821068,31.128666666666668,31.533483870967746,32.09957003425681,3.94544310086454,4.036265758491387,4.03082147420753,33.19283333333333,31.867950819672128,34.00294434153621,4.107567119192278,4.010905186704667,3.9863124429420163,7.632805246365535
2021-11-24,sz001212,33.22,33.16,33.48,32.7,12266,40193919.0,2.35,0.03,0.01,5.41,4.088702960351474,-0.02929707306980589,32.664,32.947333333333326,32.82404051560295,4.0908668454061985,4.1206122087598205,4.113623262768325,32.414,32.59181818181818,32.42970615414896,4.119586634911956,4.109001870119804,4.099748562274749,31.508499999999998,32.146095238095235,32.02632914461314,4.060039569445277,4.100284500851755,4.059355908204916,31.189,31.6645376344086,32.16798487075637,3.9541520696962293,4.04550833007119,4.034555763636171,32.9855,31.86687431693989,33.975306822141576,4.115371362119607,4.010286689693493,3.9896695090865886,7.604160352972264
2021-11-25,sz001212,33.4,33.85,34.28,32.92,21650,72253381.0,4.1,2.08,0.69,9.55,4.335457900689384,0.2467549403379099,33.13199999999999,33.342666666666666,33.16602701040197,4.169447689477233,4.2021425605208815,4.187568142075345,32.586,32.85290909090909,32.68794139884915,4.131307767014064,4.148251191170245,4.142604805622865,31.7695,32.36909523809524,32.20001208322142,4.080077444393975,4.1265148181130975,4.08565133606058,31.275,31.836215053763446,32.27650197586887,3.979544543282749,4.070108706264296,4.053968804736379,32.849333333333334,31.895218579234967,33.97119840174349,4.1036803239629736,4.017502641777747,4.001006833401434,7.858858174131535
2021-11-26,sz001212,33.75,32.88,33.83,32.84,16583,54651123.0,2.92,-2.87,-0.97,7.31,4.219663100737022,-0.1157947999523623,33.268,33.25866666666666,33.07068467360132,4.22055668099434,4.218881030940811,4.198266461629237,32.65,32.906363636363636,32.72286114451294,4.141946607841332,4.164315797301692,4.15661540473453,31.972,32.47485714285715,32.264772837200326,4.109417497425815,4.1398086901457685,4.09841436126786,31.337333333333333,31.93976344086021,32.31543733226443,3.9963332018528233,4.085600226100055,4.064658759317066,32.766,31.89622404371585,33.93542140496501,4.093466014210498,4.021305355770339,4.0081758913468635,7.737599090488691
2021-11-29,sz001212,32.29,33.61,34.15,32.29,22527,74864462.0,5.66,2.22,0.73,9.94,4.352703359047548,0.13304025831052613,33.33,33.37266666666667,33.25045644906755,4.2229054708493425,4.262929923625214,4.249745427435341,32.735,33.08090909090909,32.88415911823786,4.155947589503984,4.202635206611913,4.192267760064169,32.185500000000005,32.630857142857145,32.392889709847914,4.139658780087203,4.162978772204982,4.122632361056402,31.436666666666667,32.08638709677419,32.398957504376405,4.017814950868029,4.108591849144877,4.083242281880323,32.63166666666667,31.92389617486339,33.92475185070386,4.083144496225383,4.029804940846964,4.019471873894426,7.8742757079537835
2021-11-30,sz001212,33.7,33.42,34.09,33.12,10816,35875634.0,2.89,-0.57,-0.19,4.77,4.0340666785975605,-0.3186366804499876,33.384,33.40266666666667,33.306970966045036,4.206118799884598,4.199983659541287,4.177852511156081,32.917,33.20545454545455,32.9815847331037,4.14383280341398,4.1804750409925635,4.1635039270702405,32.410000000000004,32.74842857142857,32.490709737481446,4.154562219812491,4.1529223815869205,4.11419753415556,31.526999999999997,32.21434408602151,32.464831213771475,4.031595290827294,4.109640347708072,4.080069662313693,32.522,31.949743169398907,33.90820260969718,4.067850659981563,4.0281958320722815,4.019950392081414,7.554799584732113
2021-12-01,sz001212,33.19,33.53,33.63,33.05,8909,29481369.0,1.74,0.33,0.11,3.93,3.9498289589353135,-0.08423771966224702,33.458000000000006,33.45133333333333,33.38131397736336,4.178343999601366,4.114553712558192,4.101844660415825,33.061,33.31690909090909,33.08129659981212,4.134605422503782,4.145201614723715,4.12465393286389,32.497,32.85509523809524,32.58968976248321,4.137456380250753,4.133423975789094,4.098543384134584,31.63233333333333,32.34356989247312,32.53355178062493,4.039770274468594,4.104365100489234,4.0716670362892815,32.467333333333336,31.982792349726775,33.89580252413334,4.053416092375139,4.024326268103552,4.017651328699575,7.469547646600217
2021-12-02,sz001212,33.33,32.75,33.52,32.72,10744,35162603.0,2.39,-2.33,-0.78,4.74,4.031165999660659,0.08133704072534531,33.238,33.215333333333334,33.17087598490891,4.117485619395621,4.065494379244623,4.078285106830769,33.185,33.26036363636364,33.021060854391735,4.143466654436427,4.126394446934056,4.107656126826939,32.5565,32.87919047619047,32.60495740415148,4.120163946213381,4.123301082399561,4.092126490375162,31.723,32.415677419354836,32.54751618187494,4.0468440974026105,4.103809985985497,4.069054066184209,32.4175,31.992060109289618,33.858235228260114,4.044132118102175,4.023596756867011,4.018094432665512,7.546081017331554
2021-12-03,sz001212,32.74,32.68,33.03,32.59,6195,20141048.0,1.34,-0.21,-0.07,2.73,3.792041310712082,-0.23912468894857675,33.198,33.029333333333334,33.00725065660594,4.031961261390633,3.9570129430167773,3.982870508124541,33.233000000000004,33.16854545454545,32.95904978995687,4.126258971192486,4.062498929893266,4.050271614806055,32.6015,32.890952380952385,32.61210431804181,4.098847115084397,4.092051307589914,4.063546949454869,31.803333333333335,32.47741935483871,32.556063524979784,4.050649455042627,4.087371096521592,4.051182275508588,32.38033333333333,32.000666666666675,33.819604565038475,4.0328271903608135,4.015331484493566,4.010682854896547,7.304082064468624
2021-12-06,sz001212,32.68,31.5,32.9,31.5,11909,37667910.0,4.28,-3.61,-1.18,5.25,4.0758752952598325,0.28383398454775044,32.775999999999996,32.46333333333334,32.50483377107063,3.97659564863309,3.9716509543065106,4.013872103836305,33.053,32.85345454545455,32.693768009964714,4.099750559741215,4.0533382615418745,4.054926829434015,32.576499999999996,32.786047619047615,32.50618962108545,4.096810492647977,4.0898635152256695,4.06472107762677,31.823,32.45784946236559,32.48793039433593,4.054216752397465,4.088998570083993,4.052775373557056,32.3185,31.97180327868853,33.74355195634869,4.0277875701805606,4.016742897768943,4.012820311957639,7.575971524088379
2021-12-07,sz001212,31.5,31.39,32.06,31.01,6960,21663971.0,3.33,-0.35,-0.11,3.07,3.842609239610562,-0.2332660556492705,32.37,32.001333333333335,32.13322251404709,3.9383041608356897,3.9269888179656673,3.9567844824277243,32.877,32.55109090909091,32.45671928088022,4.072211480360144,4.006585294245392,4.016323631284296,32.5575,32.67304761904762,32.39988584764874,4.090900773382916,4.065653872079248,4.043567569244274,31.849666666666668,32.42991397849463,32.41709617534652,4.055601709389555,4.075346472484838,4.039216268141153,32.25966666666667,31.941360655737707,33.66638631843561,4.019174722709492,4.010671477094517,4.0072396210610135,7.335738065646649
2021-12-08,sz001212,31.45,31.61,31.69,31.31,3885,12141732.0,1.21,0.7,0.22,1.71,3.5893910231369333,-0.25321821647362874,31.986,31.748,31.958815009364727,3.866216573676014,3.810684438732749,3.8343199959974608,32.722,32.32072727272727,32.30277032072018,4.02228028663869,3.9187997565684443,3.938699520712048,32.568,32.58280952380952,32.32465862406315,4.070933460775323,4.017891038722488,4.000312660091194,31.913,32.41445161290322,32.36502545435643,4.047453141843081,4.045268363694347,4.010195284592494,32.1965,31.92006010928962,33.59896381619182,4.007600133953884,3.996580208256073,3.9935396670307157,7.08428064261981
2021-12-09,sz001212,31.62,31.98,32.1,31.51,6306,19976490.0,1.87,1.17,0.37,2.78,3.799753966411886,0.21036294327495275,31.832,31.746000000000002,31.965876672909822,3.81993416702626,3.7885302363113733,3.822797986135603,32.535,32.185818181818185,32.24408480786196,3.96870989321094,3.8783404256181164,3.913436692657473,32.560500000000005,32.526809523809526,32.29183399319999,4.0500088301125015,3.9920644202116846,3.9812118321217365,32.02466666666667,32.41877419354839,32.34018510246247,4.042954927332963,4.029287771731042,3.996618425355036,32.143166666666666,31.912961748633883,33.54588303533307,4.00014250054838,3.9897655798120737,3.987186037502229,7.300519182211042
2021-12-10,sz001212,31.93,31.99,32.05,31.69,3581,11333659.0,1.13,0.03,0.01,1.58,3.554004321011903,-0.24574964539998323,31.694,31.79866666666667,31.973917781939882,3.7723267690862237,3.6998869543065873,3.7332000977610367,32.446,32.08672727272727,32.19788757006887,3.902144015238428,3.80293941249102,3.848085352358278,32.548,32.47247619047619,32.26308789860951,4.0220453115398795,3.9448258955354385,3.9405254024922285,32.13,32.416537634408606,32.31759251520683,4.040326336696685,3.9977425713232324,3.9680626766877376,32.07233333333333,31.907939890710384,33.49487047679756,3.983682294540038,3.9751380985157945,3.972983358273038,7.054370141722965
2021-12-13,sz001212,31.99,33.19,33.3,31.93,17011,55452149.0,4.28,3.75,1.2,7.5,4.230729844577681,0.6767255235657781,32.032,32.297333333333334,32.37927852129326,3.803297678949794,3.852687979470407,3.8990433466999184,32.404,32.222,32.37827164823816,3.8899466637914415,3.8626822905527014,3.917657078216351,32.5695,32.53361904761905,32.35136524159908,4.022947126647712,3.9647006129676097,3.968163920786081,32.25833333333333,32.484924731182794,32.37387686906446,4.056421407988615,4.010026668605877,3.9850089455838633,32.033500000000004,31.944584699453547,33.48487472345993,3.9828125165030803,3.983238018189161,3.981434062742043,7.743918381517763
2021-12-14,sz001212,33.19,33.28,33.7,33.06,13227,43683804.0,1.93,0.27,0.09,5.83,4.121461353545985,-0.10926849103169545,32.41,32.71333333333333,32.679519014195506,3.859068101736878,3.9587425376691376,3.9731826823152745,32.39,32.38127272727273,32.54222225764941,3.8986861312862837,3.904775870508073,3.954712401003557,32.653499999999994,32.60128571428571,32.43980664716108,4.0212594673501325,3.974082920291255,3.982763676287024,32.403333333333336,32.550838709677414,32.43233642589901,4.069270190303755,4.014222794125708,3.99381232674271,32.00333333333334,31.985453551912567,33.478157519412065,3.9811976779664278,3.9877838816987636,3.986025121456926,7.640320449849526
2021-12-15,sz001212,33.24,33.42,33.6,32.99,11420,37835771.0,1.83,0.42,0.14,5.04,4.057666103909829,-0.06379524963615602,32.772000000000006,33.05,32.92634600946367,3.952723117891457,4.024941871726788,4.001343822846794,32.379,32.56854545454546,32.701818210804056,3.909469845783735,3.93368132007599,3.9734312560774243,32.720000000000006,32.674285714285716,32.5331583950505,4.022037634143759,3.9775502190112255,3.9898972408225295,32.45766666666667,32.61643010752688,32.496056656486175,4.061460868761747,4.013474143390616,3.997931925269621,31.972166666666666,32.03190163934426,33.47625071549691,3.9811138668092183,3.9902910432051053,3.988374006127513,7.577902588247657
2021-12-16,sz001212,33.5,33.59,33.7,33.08,10104,33487185.0,1.86,0.51,0.17,4.46,4.004493337547275,-0.053172766362554746,33.09400000000001,33.32266666666667,33.14756400630912,3.9936709921185356,4.0421986116120605,4.002393661080288,32.463,32.78872727272727,32.863305808839684,3.906802579572397,3.950958318578452,3.9790789072537605,32.824,32.75714285714286,32.63380997647426,4.0251346170044116,3.9758793336210836,3.991287345272505,32.525333333333336,32.68948387096774,32.566633646390294,4.049043490666387,4.009798818796133,3.99835524219076,31.93066666666667,32.08494535519126,33.47998020023471,3.973530455224678,3.9910575832293027,3.988902508797013,7.524878641408196
2021-12-17,sz001212,33.59,33.23,33.67,32.99,8543,28161351.0,2.02,-1.07,-0.36,3.77,3.931610406362962,-0.07288293118431266,33.342,33.368,33.17504267087274,4.069192209188747,4.021511749693537,3.9787992428411796,32.518,32.92818181818182,32.92997747995974,3.9207594891374855,3.9554688325403733,3.97044827072816,32.8755,32.79580952380953,32.690589978714804,4.0235092301649855,3.9669722659409454,3.9856038272811203,32.57366666666667,32.73494623655914,32.609431475655434,4.039484573102093,4.002222490776557,3.994049123750257,31.89316666666667,32.12754644808743,33.47178412809587,3.9655288976072947,3.9896831553977723,3.9870240792090113,7.449653485618193
2021-12-20,sz001212,33.05,33.88,34.0,32.96,17861,59573071.0,3.13,1.96,0.65,7.88,4.251905770472128,0.3202953641091657,33.480000000000004,33.547333333333334,33.41002844724849,4.073427394367636,4.082416270121331,4.069834752051496,32.75599999999999,33.17581818181818,33.10270884723979,3.9383625366587145,4.015677247328489,4.021622361590699,32.9045,32.89147619047619,32.803867123599105,4.019056548199965,3.988724317398769,4.010965917108835,32.63633333333333,32.81922580645161,32.69140363851638,4.043994507318223,4.015927084155269,4.010685036441991,31.884666666666664,32.19268852459017,33.48516825504355,3.9635115136813672,3.999072561065472,3.9957087248241954,7.775049988616163
2021-12-21,sz001212,34.15,35.36,35.44,33.6,34967,121241836.0,5.43,4.37,1.48,15.42,4.54365837353502,0.29175260306289186,33.896,34.17400000000001,34.06001896483233,4.157866798365443,4.239159929843791,4.227775959212671,33.153,33.64927272727273,33.51312542046892,4.00846745005116,4.125731035851454,4.11653800012603,33.015,33.12533333333333,33.047308349923,4.040339465205652,4.038686396002108,4.061698532006567,32.756,32.994946236559144,32.863571145708875,4.063422998938997,4.0481634626208685,4.045070413028639,31.916166666666665,32.306633879781415,33.5466381483208,3.9692455187784854,4.018093769585263,4.013674287077009,8.083652504391653
2021-12-22,sz001212,37.45,35.75,38.87,35.37,65169,239505601.0,9.9,1.1,0.39,28.75,4.814041056919891,0.27038268338487104,34.362,34.792,34.62334597655489,4.309141788967455,4.4578846826952745,4.423197658448411,33.56699999999999,34.12145454545455,33.91982988947457,4.130932453429456,4.272198964373042,4.2433567377249135,33.1445,33.38580952380953,33.304707554692236,4.076606370034073,4.112372261879654,4.133350201045931,32.900999999999996,33.188107526881716,33.04979236211476,4.090933124993367,4.096590434103508,4.094681422311946,31.962333333333333,32.43233333333333,33.618879520507,3.981674582976626,4.045791983950555,4.03991582051448,8.379315674138683
2021-12-23,sz001212,34.8,33.86,35.61,33.8,42621,145828803.0,5.06,-5.29,-1.89,18.8,4.6296236351807885,-0.18441742173910214,34.416000000000004,34.62466666666667,34.36889731770326,4.434167848494158,4.564711964766386,4.492006317359204,33.755,34.174727272727274,33.90895172775192,4.213919420306346,4.3628700883278295,4.31358708271689,33.144999999999996,33.45395238095239,33.35759254948345,4.091314656758643,4.165040572846008,4.180614337630203,32.958666666666666,33.249978494623655,33.102063822623485,4.1046456935104505,4.131344660567213,4.129193823142194,31.973833333333335,32.494551912568305,33.62678510999858,3.9934562192630847,4.067036215170364,4.059250502962556,8.163843311008986
2021-12-24,sz001212,33.74,32.34,33.85,32.3,22539,73483534.0,4.58,-4.49,-1.52,9.94,4.35293464355942,-0.2766889916213682,34.238,33.93266666666667,33.69259821180218,4.518432695933449,4.53763422978814,4.445649092759276,33.79,33.917454545454554,33.62368777725157,4.293812452561098,4.388145583464753,4.320741184688259,33.118,33.37728571428571,33.260678973342166,4.097978233899763,4.18995676206513,4.197025795337748,32.962,33.21006451612903,33.052898414712296,4.112634358546953,4.147363302505856,4.143628714782015,31.971166666666665,32.50655737704918,33.58459543426092,3.9981441112650447,4.078822393016146,4.068879491178846,7.866190034402856
2021-12-27,sz001212,32.49,32.73,32.79,32.11,9261,29866317.0,2.1,1.21,0.39,4.09,3.9666578842017577,-0.3862767593576626,34.007999999999996,33.43,33.371732141201456,4.461383118679376,4.353709292544242,4.285985356573437,33.744,33.72472727272727,33.46119909047855,4.267405256523506,4.3286629346721455,4.2563624027816225,33.074,33.340333333333334,33.21013811873815,4.078675960157474,4.177450062093892,4.175085994277177,32.961,33.19509677419355,33.03206625892441,4.104433169939643,4.137945465451327,4.132211241841354,31.988166666666665,32.53143715846995,33.55657591182614,3.9976225092672513,4.077790057702595,4.065527963081236,7.475181670371276
2021-12-28,sz001212,32.84,33.06,33.27,32.6,9648,31606589.0,2.05,1.01,0.33,4.26,3.9844372947960762,0.017779410594318534,33.548,33.114,33.26782142746764,4.349538902931587,4.194727351249809,4.185469335980983,33.721999999999994,33.60036363636364,33.388253801300635,4.253702850648515,4.277214214358067,4.206921474056977,33.056,33.339,33.195839250286895,4.076194490967399,4.1684749511070915,4.156928975278977,33.00966666666667,33.20148387096774,33.033868435768,4.09874059511626,4.130203796087225,4.122677438806175,32.01016666666667,32.56657923497268,33.540294734389214,4.00155741243906,4.077357755588785,4.062869252645657,7.499777629075566
2021-12-29,sz001212,33.06,32.78,33.06,32.17,8615,27836812.0,2.69,-0.85,-0.28,3.8,3.9352552817840474,-0.04918201301202885,32.954,32.858,33.10521428497843,4.173781747904418,4.056632810867296,4.102064651248671,33.658,33.42909090909091,33.27766220106415,4.241461768435936,4.219314656382709,4.1575276209164445,33.0185,33.31271428571429,33.15623551216433,4.075465807109836,4.155052169280106,4.135817194946127,33.032666666666664,33.18666666666667,33.017489827008774,4.095179012241151,4.119656356517407,4.110585686740231,32.02883333333333,32.591819672131145,33.51536703817973,4.001368340051875,4.075183915239441,4.058685188027244,7.444619496380812
2021-12-30,sz001212,32.6,32.57,32.92,32.52,7999,25939267.0,1.22,-0.64,-0.21,3.53,3.903035696788497,-0.03221958499555022,32.696000000000005,32.730000000000004,32.92680952331895,4.02846416022596,3.966384127161989,4.035721666428613,33.556,33.231272727272724,33.14899634632522,4.231316004360059,4.157782643355902,4.11125636198409,33.0095,33.269999999999996,33.10040355862487,4.069059291966228,4.138630254011407,4.1136475284549245,33.068,33.15681720430108,32.98861951558885,4.09386174612296,4.107260013584976,4.097195364807861,32.04266666666667,32.60956284153006,33.48437139758367,4.00402710558621,4.071959894148838,4.053581926019416,7.413957699490813
2021-12-31,sz001212,32.58,32.61,32.83,32.51,6361,20594922.0,0.98,0.12,0.04,2.81,3.8035253955765325,-0.09951030121196469,32.75,32.70133333333334,32.8212063488793,3.9185823106293824,3.8914045389455136,3.95832290947792,33.49400000000001,33.05927272727272,33.05099701062972,4.218507503281415,4.080002532667987,4.055305277182716,33.006,33.23195238095238,33.053698457803456,4.06963349620945,4.113341311498102,4.084112087228411,33.08166666666667,33.1272688172043,32.96419245006699,4.0885086545371285,4.088528636130369,4.078248915180034,32.04933333333333,32.628163934426226,33.455703482908795,4.00349419004803,4.065386067591144,4.045383351250797,7.313760151474095
2022-01-04,sz001212,32.46,32.98,33.17,32.46,7697,25100185.0,2.18,1.13,0.37,3.4,3.8863214865594795,0.08279609098294705,32.8,32.778,32.87413756591954,3.902515031100927,3.880650930922213,3.934322435171773,33.404,32.96581818181818,33.0380884632425,4.18194907489015,4.019605075082182,4.024580951614855,33.08,33.22947619047619,33.046679557060266,4.060155805774433,4.095883024864771,4.065274887164703,33.071000000000005,33.12070967741935,32.96521229199815,4.073354057096694,4.075484302712455,4.065866500430321,32.06516666666666,32.65867759562841,33.44010664740359,4.006405572520149,4.061544339607913,4.040168208146163,7.399676922444507
2022-01-05,sz001212,33.04,33.23,33.7,32.4,14014,45704880.0,3.94,0.76,0.25,6.18,4.1465621131575565,0.260240626598077,32.834,32.92133333333333,32.99275837727969,3.9349399947732224,3.9619999582744225,4.005068994500368,33.191,32.93418181818181,33.07298146992568,4.142239448852405,4.013171082039892,4.046759344622618,33.172,33.2437619047619,33.06413864686405,4.075353449451782,4.104112196996498,4.073016527735451,33.07366666666666,33.130967741935486,32.98229536993375,4.074306126421236,4.080207403103479,4.071072668993368,32.101166666666664,32.69686885245901,33.433217904865764,4.009874613642888,4.066139636022254,4.043656532900635,7.659962573022229
2022-01-06,sz001212,33.08,33.75,33.82,32.93,14340,47749345.0,2.68,1.56,0.52,6.33,4.156549151331781,0.009987038174224416,33.028,33.22666666666667,33.2451722515198,3.9791987686827697,4.035869677127275,4.055562380110839,32.991,33.03581818181818,33.196075748121004,4.076490258293594,4.015772846127051,4.066721127660648,33.278999999999996,33.29880952380953,33.12945877573414,4.103711355861525,4.111845120985069,4.0809720156970055,33.093333333333334,33.17460215053764,33.03182470090577,4.07656766612058,4.08551340471061,4.076587280757137,32.14116666666667,32.750928961748635,33.44360420306688,4.015359867908405,4.070948637257956,4.047357930226246,7.678967418540986
2022-01-07,sz001212,33.87,34.3,34.75,33.86,25672,87507159.0,2.64,1.63,0.55,11.32,4.409459704087448,0.252910552755667,33.374,33.650666666666666,33.5967815010132,4.08048357014256,4.179289988928835,4.173528154769709,33.035000000000004,33.27381818181818,33.39678924846264,4.054473865184259,4.076312745362297,4.12903723246552,33.394999999999996,33.39604761904762,33.240938892330895,4.134196642745303,4.1409640112923,4.112256557448476,33.108333333333334,33.25245161290323,33.11364246213766,4.079034392900515,4.106990310385893,4.098062920971995,32.19166666666667,32.82171038251366,33.471682753786006,4.0292894680916325,4.083869943362187,4.05923011953317,7.942043584302467
2022-01-10,sz001212,34.35,34.38,34.62,33.9,14461,49101748.0,2.1,0.23,0.08,6.38,4.160198326116569,-0.24926137797087922,33.727999999999994,33.986,33.857854334008806,4.151818156250568,4.205861574253505,4.169084878551995,33.239,33.51836363636364,33.57555483965125,4.035200233439975,4.095535374622717,4.13470288585662,33.514500000000005,33.48985714285714,33.349420902585095,4.164506343000537,4.143440362089563,4.116822440178771,33.15833333333333,33.334494623655914,33.19534294845136,4.0770522337465005,4.112226693174025,4.102071656787774,32.24783333333333,32.89345901639344,33.501463647104494,4.036692717799662,4.088162037067922,4.062540552535904,7.691096953085118
2022-01-11,sz001212,34.18,34.42,34.96,34.08,16300,55639109.0,2.56,0.12,0.04,7.19,4.212187604403958,0.05198927828738942,34.016000000000005,34.21666666666667,34.04523622267254,4.216991379819463,4.225984723637969,4.183452453835983,33.408,33.733090909090905,33.729090323351016,4.059753205460195,4.127714896616169,4.14879101650159,33.576,33.576095238095235,33.45138081662461,4.16357923099185,4.147981434604175,4.125904836771646,33.18533333333333,33.41589247311828,33.27435308080934,4.072368375258381,4.120945104184183,4.109175911472689,32.311,32.96467759562841,33.531579593101064,4.045091663063205,4.093915967776259,4.06744701325289,7.745380166620482
2022-01-12,sz001212,34.44,35.06,35.06,34.16,20337,69915439.0,2.61,1.86,0.64,8.97,4.308286888629105,0.09609928422514713,34.382000000000005,34.56466666666667,34.38349081511503,4.249336334913773,4.25641655990785,4.225063932100357,33.608,34.033454545454546,33.97107390092356,4.092138164843497,4.172902839010516,4.17779026597932,33.665000000000006,33.71742857142858,33.604582643612744,4.172920507746006,4.161763116283914,4.1432745559961655,33.24,33.53683870967742,33.389556107853906,4.081509048926098,4.136165653433908,4.1220217809666515,32.3835,33.054808743169396,33.58169173758956,4.056552169876697,4.1025453194341575,4.075343402609487,7.8445730889378344
2022-01-13,sz001212,35.15,34.06,35.15,34.01,16493,56420072.0,3.25,-2.85,-1.0,7.28,4.217299658976496,-0.09098722965260908,34.444,34.45733333333333,34.27566054341003,4.2614864364427145,4.245737667928758,4.222475841059071,33.736,34.115636363636355,33.98724228257382,4.120342602562742,4.195659474307425,4.184973791978806,33.696999999999996,33.75504761904762,33.64795572517343,4.18090218549934,4.165989702115389,4.150324565803816,33.257666666666665,33.589741935483865,33.43281055250849,4.090424738927472,4.144926337953288,4.128168740838254,32.445,33.10977595628415,33.59737397570137,4.065097506698033,4.107815728912841,4.07999770609693,7.751433636040948
2022-01-14,sz001212,34.0,33.18,34.31,33.18,17752,59273884.0,3.32,-2.58,-0.88,7.83,4.249247289223952,0.03194763024745573,34.220000000000006,34.035999999999994,33.91044036227335,4.229443953470016,4.241657952189169,4.231399657114031,33.797,34.014545454545456,33.84047095846949,4.154963761806288,4.219096690064008,4.1966598823870145,33.676500000000004,33.70580952380953,33.60338851325215,4.193139883083173,4.17249875961297,4.159745777558115,33.272000000000006,33.5847311827957,33.416500194282136,4.097694115246248,4.155172954101448,4.135980260088945,32.4975,33.133874316939895,33.583689583055424,4.07226910632443,4.113853426700576,4.085546872756832,7.772863385894351
2022-01-17,sz001212,33.19,33.6,33.7,33.16,9937,32991592.0,1.63,1.27,0.42,4.38,3.997255289820103,-0.25199199940384887,34.06400000000001,33.82933333333334,33.80696024151557,4.196855346210723,4.164261730972532,4.153351534682722,33.896,33.97872727272727,33.79674896602049,4.174336751230645,4.1904224224301565,4.160404501920303,33.695,33.69852380952381,33.603065797704325,4.19642212725603,4.153843084064107,4.144270493011637,33.30266666666667,33.60589247311828,33.42833889142523,4.104534581216515,4.148693029880406,4.127030262007085,32.553000000000004,33.170021857923494,33.5842243508241,4.077592018129571,4.111393957306991,4.082652066758906,7.518403272809161
2022-01-18,sz001212,33.53,32.79,33.58,32.68,10841,35352186.0,2.68,-2.41,-0.81,4.78,4.035069344421104,0.03781405460100107,33.738,33.404666666666664,33.46797349434371,4.161431694214153,4.110333063709326,4.11392413792885,33.876999999999995,33.77763636363636,33.61370369947131,4.189211537016807,4.165101075737512,4.137616291465903,33.6405,33.61233333333333,33.52563095982772,4.185580305953479,4.138476152365543,4.133870383622063,33.345666666666666,33.57281720430108,33.38715573713973,4.103174382855224,4.1442114017000575,4.121097299582183,32.58433333333333,33.17779234972678,33.55818420817413,4.078695567626345,4.1099997712837615,4.081091977501929,7.548416273532771
2022-01-19,sz001212,32.85,33.45,33.76,32.85,10998,36316618.0,2.78,2.01,0.66,4.85,4.0413137153458605,0.006244370924756382,33.416,33.30866666666667,33.461982329562474,4.108037059557503,4.070293737419895,4.0897206637345205,33.899,33.7,33.58393939047652,4.178686697235638,4.138210562706432,4.12010673217135,33.545,33.59419047619048,33.518428011272704,4.1604630730440215,4.124736477069579,4.125055462833854,33.41433333333333,33.57954838709677,33.39121020571136,4.1097978653797345,4.140220390893001,4.115949971566936,32.632,33.206174863387986,33.55463718495531,4.0826997873846445,4.108774136782763,4.079787772185337,7.560105397879713
2022-01-20,sz001212,33.46,32.51,33.6,32.43,11894,38666413.0,3.5,-2.81,-0.94,5.25,4.0753279341632584,0.03401421881739797,33.106,33.00666666666667,33.14465488637498,4.079642714594856,4.059390695621814,4.0849230872107665,33.775,33.44745454545454,33.38867768311715,4.170564575518785,4.119418060329636,4.1119651325335145,33.382999999999996,33.495619047619044,33.42238724829435,4.12352741690619,4.1166283686047445,4.120319507722368,33.44433333333333,33.52120430107527,33.33435793437514,4.125995762413945,4.137996524362907,4.113329194960247,32.678666666666665,33.202174863387974,33.52038678544858,4.0867244521285135,4.108532436677144,4.079641547987891,7.587333885376353
2022-01-21,sz001212,32.78,32.78,32.87,32.21,7658,24664875.0,2.03,0.83,0.27,3.38,3.8841153620116686,-0.19121257215158982,33.026,32.898,33.02310325758332,4.006616329152399,3.994214911427418,4.017987178811067,33.623000000000005,33.26654545454545,33.27800901345948,4.118030141311207,4.067336385146524,4.070537901529542,33.329,33.438190476190485,33.36120751036155,4.086252003247734,4.093827220519552,4.09782387479754,33.471,33.4783440860215,33.29859290635094,4.128807808933938,4.122391337240178,4.098541205737758,32.74783333333333,33.205497267759554,33.49611180887649,4.0858813681334505,4.101889515689706,4.07323085336572,7.392078918827238
2022-01-24,sz001212,32.55,31.75,32.69,31.62,8558,27035809.0,3.26,-3.14,-1.03,3.78,3.932372282147914,0.048256920136245274,32.656,32.47266666666667,32.59873550505555,3.9936397276179614,3.9694668957592563,3.9894488799233496,33.36,32.926,33.00018919283048,4.095247536914342,4.0335804107531965,4.045416879823792,33.2995,33.28780952380953,33.20775917604141,4.065223885177158,4.0791720089862356,4.082066580259481,33.463,33.36731182795699,33.198683686586364,4.141420074305138,4.109718077447532,4.087820630022285,32.7965,33.17278142076503,33.43886224137234,4.090873205500912,4.096856430903295,4.0686125395553,7.431939369620137
2022-01-25,sz001212,31.75,30.35,31.75,30.32,8929,27250073.0,4.5,-4.41,-1.4,3.94,3.9508028229646586,0.018430540816744667,32.168,31.704,31.84915700337037,3.976786423326673,3.9551879275414885,3.9765668609371194,32.953,32.37872727272727,32.51833661231585,4.069109058770412,4.007317735489618,4.0282143240312225,33.180499999999995,33.006904761904764,32.93559163546603,4.0644311321153035,4.068274764965997,4.069565270040926,33.36833333333333,33.166473118279576,33.01489764229047,4.1320891735847045,4.097420190264276,4.078980771502438,32.81333333333333,33.09256830601093,33.33758806952407,4.09425529078666,4.092263959344729,4.0647499258965905,7.435367670042192
2022-01-26,sz001212,30.62,30.54,30.7,30.19,4239,12784563.0,1.68,0.63,0.19,1.87,3.627263416568221,-0.32353940639643763,31.586000000000002,31.161333333333335,31.41277133558025,3.893976363571144,3.838680258622005,3.86013237948082,32.501000000000005,31.940000000000005,32.158639046440236,4.001006711564324,3.9269821641801292,3.9553141590379495,33.054500000000004,32.755428571428574,32.70744005113593,4.046572438203911,4.026639744437705,4.027441283995907,33.277,32.984,32.85522682665883,4.1156159090187785,4.064850786585792,4.049837716345393,32.84016666666667,33.01803278688524,33.24586387052327,4.0924430496612665,4.076952750353961,4.0504061059186105,7.106685887627729
2022-01-27,sz001212,30.73,29.76,30.73,29.72,6036,17995008.0,3.31,-2.55,-0.78,2.66,3.7807492311035524,0.1534858145353315,31.036,30.552666666666667,30.8618475570535,3.8350606229592032,3.800937881132808,3.833671330021731,32.071000000000005,31.441636363636363,31.722522856178372,3.9573516687770294,3.8869353495508987,3.923575081231695,32.9035,32.44166666666667,32.426731474837275,4.038847135669886,4.001323248523384,4.0039468027680645,33.155,32.75709677419355,32.655534773326,4.106385346591903,4.04324648478481,4.032477168910435,32.806333333333335,32.917043715846994,33.13157325181759,4.083923107676825,4.066733280893052,4.04156489690828,7.255152044062289
2022-01-28,sz001212,29.76,30.05,30.19,29.34,5326,15737641.0,2.86,0.97,0.29,2.35,3.7264011621029223,-0.05434806900063016,30.490000000000002,30.224,30.591231704702334,3.803517782977454,3.764718060847381,3.797914607382128,31.758000000000003,31.074181818181817,31.41842779141867,3.9050670560649268,3.8449443483374237,3.887725277753736,32.777499999999996,32.16990476190476,32.200376096281346,4.030015408935607,3.971566489136054,3.9775138846094795,33.037,32.55677419354839,32.48743575569207,4.097115607410425,4.018731376108102,4.012730329761563,32.781166666666664,32.82667213114754,33.03053806323341,4.073079549038406,4.055011249890629,4.031231659701547,7.196939634156276
2022-02-07,sz001212,30.27,30.6,30.69,30.0,7978,24003257.0,2.3,1.83,0.55,3.52,3.901894031973821,0.17549286987089863,30.26,30.26066666666667,30.59415446980156,3.7974221329426356,3.79751014384617,3.8325744155793595,31.458,30.863636363636367,31.269622738433455,3.895530930280298,3.844367434866314,3.890301414884661,32.677,31.96252380952381,32.04795932520693,4.034933840755472,3.9593644532349317,3.970311993882274,32.949333333333335,32.39954838709678,32.36566570693774,4.096125061597453,4.0061364357573535,4.005579600872031,32.7615,32.75515846994535,32.950848290668375,4.067804817349773,4.0493986099868735,4.026991081743261,7.380270175093136
2022-02-08,sz001212,30.6,31.18,31.18,30.3,6617,20212894.0,2.88,1.9,0.58,2.92,3.8206611346435957,-0.0812328973302252,30.426,30.567333333333334,30.789436313201044,3.771393795278423,3.80525647774649,3.8286033219341054,31.296999999999997,30.81309090909091,31.253327695081914,3.8740901093025477,3.83075474475055,3.8776395457499215,32.587,31.81995238095238,31.965296532330083,4.031650823159677,3.9389575288433245,3.9560595310976376,32.85933333333334,32.28539784946237,32.28917114519982,4.081750240403169,3.9883645695022665,3.9936493772443904,32.74783333333333,32.70330601092897,32.89278769097433,4.062872373860696,4.041295538422736,4.020226165444911,7.305628498485671
2022-02-09,sz001212,31.17,31.3,31.48,31.0,5509,17022574.0,1.54,0.38,0.12,2.43,3.7410727723733213,-0.07958836227027444,30.578000000000003,30.858666666666668,30.959624208800697,3.7941556664394427,3.795149470111456,3.799426472080511,31.082,30.813636363636363,31.26181356870338,3.8440660150052937,3.8065697743997817,3.852809223317812,32.490500000000004,31.697380952380957,31.901934957822455,4.011376356120466,3.9112834287684333,3.935584601695322,32.724000000000004,32.18479569892473,32.22535365196113,4.054997387031112,3.96638537801647,3.977354112413999,32.739999999999995,32.65583606557377,32.84056514372927,4.059210192985055,4.030744731816592,4.011073595180269,7.23102523080584
2022-02-10,sz001212,31.2,31.02,31.37,30.79,5263,16166443.0,1.85,-0.89,-0.28,2.32,3.7212333700172775,-0.019839402356043756,30.830000000000002,31.006000000000004,30.9797494725338,3.7822524942221882,3.770842037970735,3.7733621047261003,30.933,30.802363636363637,31.217847465302764,3.8086565585906955,3.7842365662201423,3.828886340899533,32.354,31.55733333333333,31.817941152315555,3.989610567054741,3.8836507634252726,3.915170198678365,32.56633333333333,32.07486021505377,32.147588900221706,4.018570464134358,3.9448522156284804,3.9608301935496946,32.73366666666667,32.59944262295082,32.78087448327913,4.054751794563863,4.019663524506173,4.001570636978204,7.208614475354493
2022-02-11,sz001212,30.85,30.96,31.29,30.77,4833,14837052.0,1.68,-0.19,-0.06,2.13,3.6842167951388807,-0.037016574878396824,31.012,31.049333333333333,30.973166315022535,3.7738156208293794,3.738163471609633,3.7436470015303605,30.751000000000005,30.80727272727273,31.170966107974987,3.7886667019034164,3.7616111546834485,3.8025827871248685,32.187,31.42457142857143,31.736232471142642,3.953348421607312,3.854565642290429,3.89317463643651,32.46966666666667,31.971225806451613,32.07097026149773,3.987056902799628,3.923281011177159,3.9429841678457715,32.714166666666664,32.541289617486335,32.72117368054867,4.045851298155039,4.0075148360004365,3.9911655929834713,7.171347618778805
2022-02-14,sz001212,30.96,31.03,31.17,30.73,4121,12643655.0,1.42,0.23,0.07,1.82,3.615002614524588,-0.06921418061429252,31.098000000000003,31.055333333333337,30.992110876681693,3.7164373373395327,3.685225802841369,3.7007655391951033,30.679000000000002,30.857999999999997,31.14533590652499,3.7569297351410844,3.730035866069117,3.7684773011975445,32.0195,31.314380952380954,31.668972235795724,3.9260886360277127,3.8223422320920744,3.8666820629210887,32.426,31.878344086021507,32.0038108897882,3.9624591684984667,3.899277508707802,3.9218240676315017,32.694,32.48607103825137,32.665725363153626,4.03754676352271,3.9933886496518967,3.978832380574983,7.1018726369903495
2022-02-15,sz001212,31.01,31.19,31.24,30.83,5023,15455927.0,1.32,0.52,0.16,2.22,3.700963178159549,0.08596056363496096,31.1,31.086000000000006,31.058073917787794,3.6924977460427235,3.680067749781374,3.7008314188499187,30.762999999999998,30.950909090909093,31.153456650793174,3.731945770660573,3.7198601284361095,3.756202006099727,31.858000000000004,31.235380952380954,31.623355832386608,3.900527414715493,3.800901712295107,3.850899311991418,32.37466666666667,31.798602150537633,31.95130696141477,3.95360267829706,3.882406799653677,3.90757497798815,32.667833333333334,32.43675956284153,32.61734092501744,4.029017924118351,3.9823531222629405,3.9697219149220175,7.18909505785687
2022-02-16,sz001212,31.3,31.67,31.72,31.2,6681,20878363.0,1.67,1.54,0.48,2.95,3.8248414717537007,0.12387829359415159,31.174,31.276000000000003,31.262049278525197,3.7092514859187995,3.724182325018367,3.7421681031511795,30.875999999999998,31.115818181818184,31.24737362337623,3.7517035761791213,3.736750255907588,3.768681908945904,31.688499999999998,31.21747619047619,31.627798134064076,3.8763551438717223,3.793693527251126,3.848417612921159,32.32833333333333,31.75313978494624,31.933158125194463,3.948282817528981,3.8740996250379767,3.9022373324246376,32.669000000000004,32.40404371584699,32.58628056682014,4.02351170632262,3.9756588123493457,3.9649717364574824,7.319696444141655
2022-02-17,sz001212,31.4,31.4,31.89,31.37,7646,23931829.0,1.64,-0.85,-0.27,3.37,3.8834342936830093,0.05859282192930859,31.25,31.351333333333336,31.30803285235013,3.741691670651946,3.78224326093977,3.7892568333284564,31.04,31.211090909090906,31.27512387367146,3.7619720824370666,3.7607012954537495,3.7895459788981047,31.555500000000002,31.189999999999998,31.606103073677023,3.8596618756070478,3.7943677319950577,3.8517525348984782,32.282333333333334,31.693247311827953,31.898760826794824,3.9465554512589462,3.869915849305979,3.9010242331509843,32.6575,32.362437158469945,32.547386122006365,4.0208672317500485,3.9710661102955878,3.962298377677991,7.3789758910185075
2022-02-18,sz001212,31.47,33.01,33.33,31.02,23375,75398433.0,7.36,5.13,1.61,10.31,4.368751619544556,0.4853173258615464,31.660000000000004,31.937999999999995,31.87535523490009,3.8785986355330815,3.9912632439039735,3.9824217620671565,31.336000000000002,31.569272727272725,31.590555896640282,3.8262071281812298,3.8710248476551112,3.8948560953792772,31.546999999999997,31.32852380952381,31.739807542850638,3.865637092123078,3.8428524695129163,3.900990542960009,32.297,31.740193548387094,31.97045367667903,3.9620793153508145,3.897154311776018,3.931200193563473,32.6825,32.373994535519124,32.5625537901373,4.027970530736888,3.9824721557970464,3.9756247134768947,7.877362320053794
2022-02-21,sz001212,32.9,32.73,32.9,32.26,11253,36276107.0,1.94,-0.85,-0.28,4.96,4.0512683188703855,-0.3174833006741702,32.0,32.294666666666664,32.16023682326673,3.9658517764022405,4.048819805016408,4.0053706143348995,31.549,31.822727272727274,31.79772755179659,3.841144556870886,3.911945064144048,3.9232946814685694,31.503500000000003,31.441190476190474,31.834111586388673,3.868337743575592,3.8605316339650413,3.9153027120943307,32.301,31.76812903225807,32.01945666528038,3.9703374127939433,3.9029084410353456,3.938946524228435,32.69133333333333,32.375551912568305,32.56804382980493,4.029423033665537,3.9832360177030637,3.978104831686517,7.5596206742222725
2022-02-22,sz001212,32.48,33.24,33.27,32.15,11899,38600025.0,3.42,1.56,0.51,5.25,4.075510464524414,0.02424214565402849,32.410000000000004,32.708,32.52015788217782,4.040761233675213,4.085372701057134,4.028750564398071,31.755000000000003,32.13018181818182,32.05995890601539,3.866629489858968,3.9545570473537808,3.950970278387814,31.526,31.606571428571435,31.968005721018326,3.8703597995807577,3.8802623692935003,3.930560593278148,32.309666666666665,31.828709677419354,32.09820139655261,3.976643712059441,3.909693799211505,3.9477571010217245,32.690333333333335,32.39354098360656,32.59007517964739,4.024998884578067,3.9847470810099113,3.9812984589926774,7.586587585950474
2022-02-23,sz001212,33.06,33.27,33.42,32.91,10661,35063894.0,1.53,0.09,0.03,4.7,4.0277979433503,-0.047712521174114286,32.730000000000004,32.99466666666667,32.770105254785214,4.081352527994533,4.0810516042821625,4.028433024048814,31.951999999999998,32.40563636363637,32.279966377648954,3.8953020069566664,3.983860402534023,3.9649389447446293,31.517000000000003,31.772666666666666,32.09200517615944,3.86968401098098,3.8952564782239327,3.9398212932850196,32.311,31.89066666666667,32.17380130645245,3.9726849063991994,3.9129940721980123,3.9529210263332457,32.69233333333334,32.41254644808743,32.612367796708135,4.023495516410217,3.984838853428673,3.9828230322503044,7.544860144752774
2022-02-24,sz001212,33.01,32.1,33.34,31.76,14720,47303901.0,4.75,-3.52,-1.17,6.49,4.16790781000148,0.14010986665117997,32.870000000000005,32.784666666666666,32.54673683652348,4.1382472312582275,4.109903364951145,4.07492461936637,32.06,32.432545454545455,32.247245218076415,3.939969450955086,4.0334250939967164,4.001842374791329,31.496500000000005,31.82819047619047,32.092766587953776,3.8743130047728913,3.9236587447973137,3.9615438186865872,32.256,31.87705376344086,32.16903993184261,3.973063528354856,3.925589098236869,3.966791141408616,32.67466666666667,32.393125683060106,32.59556885255377,4.024815597237717,3.9895736827267467,3.988891385619195,7.674896957078511
2022-02-25,sz001212,32.39,32.41,32.7,32.0,6960,22306688.0,2.18,0.97,0.31,3.07,3.842609239610562,-0.3252985703909177,32.75,32.63133333333334,32.50115789101565,4.033018755271429,4.011357367735256,3.9974861594477673,32.205,32.49618181818182,32.276836996607976,3.955808695402254,4.015723237388621,3.972890895667553,31.477999999999998,31.91519047619047,32.12297929386294,3.8722376986528353,3.920639338591378,3.950216715917442,32.193,31.88698924731182,32.184585742691475,3.9541685128722928,3.917172692511431,3.9587794058087415,32.65066666666667,32.38444808743169,32.58948462787987,4.016601452886404,3.983599703788152,3.9840952496844855,7.348435092914889
2022-02-28,sz001212,32.31,32.9,32.9,31.4,8275,26382165.0,4.63,1.51,0.49,3.65,3.9177680024477564,0.07515876283719436,32.784,32.681333333333335,32.6341052606771,4.006318691986903,3.9729404501273655,3.970913440447764,32.392,32.62254545454545,32.39013936086107,3.9860852341945714,4.00880674776053,3.9628685514457715,31.535499999999995,32.05061904761905,32.19698126587599,3.871507484667828,3.9249755580004173,3.947126362253662,32.14366666666667,31.932602150537633,32.23074150122751,3.946087502083332,3.9148242724840414,3.9561335088177105,32.650999999999996,32.39262295081967,32.59966545975266,4.0115698679149165,3.980359262790164,3.9819205858406583,7.421310432187317
2022-03-01,sz001212,33.09,32.89,33.1,32.6,4837,15759683.0,1.52,-0.03,-0.01,2.13,3.6845760873884554,-0.23319191505930092,32.714000000000006,32.71666666666666,32.71940350711807,3.9281318165597106,3.8656929152612163,3.8754676560946613,32.562,32.71309090909091,32.48102311343178,3.9844465251174617,3.953986902886691,3.9122699216171686,31.6625,32.17961904761905,32.262983050078276,3.858196147889017,3.9071725677833347,3.922121574171262,32.092666666666666,31.98075268817205,32.273274307599934,3.928500451516149,3.8979525683101777,3.9386136751771135,32.639,32.40045901639344,32.60918462500667,4.000434413387264,3.9696381552319195,3.972171585891406,7.197547477573882
2022-03-02,sz001212,32.7,33.23,33.52,32.5,11382,37391310.0,3.1,1.03,0.34,5.02,4.056218581272306,0.37164249388385073,32.706,32.88866666666666,32.88960233807872,3.9338159441441123,3.9083885034987484,3.9357179644872096,32.718,32.83454545454545,32.61720072917146,4.007584236069322,3.9670363676421174,3.9384424051908296,31.796999999999997,32.32890476190476,32.35507990245178,3.8796439061242216,3.9260318471531717,3.934892717704695,32.031666666666666,32.05412903225807,32.334998545819296,3.920098174604256,3.9061924476492846,3.9462010884735776,32.63583333333334,32.41983606557377,32.629539227465465,4.000803611765177,3.971467144342903,3.974927225084222,7.572770680875136
2022-03-03,sz001212,33.4,33.33,33.63,32.91,13389,44225668.0,2.17,0.3,0.1,5.91,4.126748141560192,0.07052956028788593,32.952,33.096666666666664,33.03640155871915,3.9255840104558546,3.972699235970775,3.999394690178204,32.911,32.945818181818176,32.74680059659483,4.03191562085704,3.9887025322768213,3.9726798118034408,31.9755,32.47490476190476,32.44792943555161,3.896943851647054,3.949565583861359,3.9531646628337898,32.007333333333335,32.13789247311828,32.39919218802451,3.9170797906903787,3.919524703581926,3.9578492854469083,32.6325,32.442595628415305,32.65250515443381,4.003752264808925,3.975596473188642,3.979904960050647,7.645674401367469
2022-03-04,sz001212,33.1,33.65,33.65,32.38,10968,36091867.0,3.81,0.96,0.32,4.84,4.040127441781456,-0.08662069977873621,33.199999999999996,33.32933333333333,33.24093437247943,3.965087650890034,4.010880379745975,4.012972274045955,32.975,33.08018181818182,32.91101866994122,3.999053203080731,3.9901955906267146,3.984943017253989,32.1555,32.63438095238096,32.56241234645145,3.91263016563098,3.963202116255111,3.9614468322573773,32.022999999999996,32.24387096774194,32.47988946621648,3.910109129108962,3.9274632617168344,3.9631575535975245,32.6475,32.47595628415301,32.68520990346877,4.003901622177605,3.97678910194184,3.981879467648378,7.557409348305716
2022-03-07,sz001212,33.33,33.45,33.65,32.92,8609,28364366.0,2.17,-0.59,-0.2,3.8,3.934952707817858,-0.10517473396359778,33.31,33.41266666666666,33.31062291498629,3.9685245919640537,4.000835398721917,3.9869657519699233,33.047000000000004,33.16654545454545,33.009015275406455,3.987421641975478,3.9785409551243736,3.9758538700837827,32.298,32.757666666666665,32.64694450393227,3.9142830994231828,3.9653280726538624,3.9589235823107565,32.018,32.33593548387097,32.54247724258961,3.9080323763755542,3.92906607324644,3.9613378861278687,32.660333333333334,32.50226775956284,32.71028498860094,4.006283478796035,3.9745284817988975,3.9803408853588524,7.452773080663678
2022-03-08,sz001212,33.39,36.77,36.77,32.53,73488,261624184.0,12.68,9.93,3.32,32.42,4.866216428073848,0.9312637202559899,34.086,34.566,34.46374860999086,4.204852660101133,4.300066010758515,4.280049310671232,33.4,33.84345454545454,33.69283067987801,4.066492238330421,4.138321825324079,4.137737971536522,32.5775,33.183571428571426,33.03961645593872,3.9665608640946948,4.055988389668211,4.045332424764384,32.150666666666666,32.64251612903225,32.81522064629351,3.935737279163979,3.9908843991624594,4.019717146898578,32.74816666666666,32.63701092896174,32.84339039881075,4.019455831009602,4.002723004726039,4.00938598512,8.417677886794044
2022-03-09,sz001212,35.3,36.77,38.3,34.81,85650,304120832.0,9.49,0.0,0.0,37.78,4.9327273673015295,0.06651093922768148,34.794,35.460666666666675,35.23249907332725,4.3801544173069775,4.542690913158648,4.497608662881332,33.75,34.45618181818182,34.252316010809274,4.1569851807255445,4.295819121500643,4.28228149803925,32.851,33.582857142857144,33.394891079182656,4.0261435938411045,4.148004247116481,4.12984622881554,32.26133333333333,32.9405376344086,33.07036770137135,3.9654510675625008,4.0552063403326235,4.078621032085866,32.837833333333336,32.768874316939886,32.97213169721039,4.037624466471118,4.032666333784791,4.039659473060378,8.483046169939518
2022-03-10,sz001212,35.67,34.57,36.27,34.57,56779,198601729.0,4.62,-5.98,-2.2,25.05,4.7541877393996606,-0.17853962790186895,35.041999999999994,35.386,35.011666048884834,4.50564233687487,4.667368687189542,4.583135021720775,33.997,34.60527272727273,34.31007673611668,4.215613173665362,4.404401404895937,4.368082632832052,33.0285,33.74657142857142,33.506806214498596,4.077791312310224,4.217341784788725,4.189307325061647,32.330000000000005,33.08948387096774,33.167118172250625,3.988079727737048,4.106092577225344,4.12220598094482,32.887166666666666,32.82566666666667,33.02452082189202,4.057037745075497,4.056160211585726,4.063086629333797,8.297983025085298
2022-03-11,sz001212,33.8,34.1,34.25,32.99,35460,118009540.0,3.64,-1.36,-0.47,15.64,4.549738731264899,-0.20444900813476163,35.132000000000005,35.072,34.70777736592322,4.607564594771559,4.682067485319552,4.57200292490215,34.166000000000004,34.624,34.271880965913645,4.286326122830796,4.46515150627767,4.401111014365297,33.185500000000005,33.848619047619046,33.563300860736824,4.121067409116526,4.262289158022503,4.223634125652433,32.374,33.20367741935485,33.22730409662155,4.010267173378822,4.142328641969077,4.149788739029987,32.9225,32.86543169398907,33.059782434289,4.06953749115638,4.072314342280461,4.079042435954489,8.071917117491584
2022-03-14,sz001212,33.5,34.28,35.02,33.3,33621,114450236.0,5.04,0.53,0.18,14.83,4.526610626653219,-0.023128104611680023,35.298,34.788000000000004,34.565184910615486,4.7258961785386315,4.655082829280105,4.556872158819173,34.304,34.64472727272727,34.27335715392935,4.347210385251342,4.508839597881748,4.423929125690373,33.348,33.95285714285714,33.631557921619034,4.166647809722957,4.300912321597426,4.2524890305096505,32.458333333333336,33.32664516129032,33.29521996135565,4.030075118195666,4.175641122825488,4.174099828554066,32.96066666666666,32.90993989071038,33.099789567590996,4.0857475962504015,4.08730034672298,4.093716802862644,8.058616692540419
2022-03-15,sz001212,33.72,30.98,34.2,30.88,32680,104783379.0,9.68,-9.63,-3.3,14.42,4.514282047860378,-0.012328578792841327,34.14,33.34866666666667,33.37012327374366,4.655509302495938,4.584544785720687,4.542675455166242,34.113,34.04036363636364,33.67456494412401,4.430180981298535,4.539216263810663,4.440356929721283,33.3375,33.727333333333334,33.379028595750555,4.207313753207998,4.334020344277181,4.277421698828768,32.47933333333334,33.2312688172043,33.14585093159077,4.048857759025523,4.206880279578051,4.196047068509312,32.92383333333333,32.845000000000006,33.03028827029293,4.090473466305114,4.1013506566118325,4.107505827288799,8.0202923992407
2022-03-16,sz001212,31.1,30.21,31.3,28.89,27579,81706251.0,7.78,-2.49,-0.77,12.17,4.44057851483637,-0.07370353302400723,32.828,32.03866666666667,32.31674884916244,4.557079532002906,4.5129011898341655,4.508643141722951,33.811,33.33072727272727,33.04464404519237,4.468616974654941,4.541106724453906,4.440397217924025,33.2645,33.42947619047619,33.07721634853621,4.238100605362132,4.356236035860835,4.292960443210444,32.468333333333334,33.084860215053766,32.95644119406879,4.075968262301128,4.232152586404557,4.211823290852994,32.87266666666667,32.75602185792349,32.937819802414474,4.095792085659953,4.112829510662037,4.118426243273965,7.912255283839095
2022-03-17,sz001212,30.3,30.98,31.5,30.3,19910,60898369.0,3.97,2.55,0.77,8.78,4.29907126002741,-0.14150725480896043,32.11,31.422666666666668,31.87116589944163,4.4660562361284555,4.426898432509001,4.4387858478244375,33.576,32.815999999999995,32.66925421879375,4.485849286501663,4.510280230885264,4.41470158921555,33.2435,33.21190476190477,32.877481458199426,4.258882453679352,4.362042764876575,4.293542425764441,32.509,32.988838709677424,32.82892885896758,4.0932456632652565,4.246546328193349,4.217452192090054,32.832,32.69396721311475,32.873628989220556,4.099815504928579,4.1194944016249035,4.124349030708504,7.784605661372033
2022-03-18,sz001212,31.3,32.06,32.8,31.02,22886,72864841.0,5.75,3.49,1.08,10.1,4.359569893603762,0.06049863357635221,31.701999999999998,31.406000000000002,31.934110599627754,4.428022468596228,4.391402985000769,4.412380529750879,33.417,32.540363636363644,32.558480724467614,4.5177935316838935,4.487320341267464,4.404677644558861,33.196000000000005,33.09919047619047,32.799626081228055,4.258423367382312,4.3716320448693775,4.2998307560348525,32.576,32.959870967741935,32.7793205454858,4.114351287648618,4.263728536602285,4.22662107605868,32.8065,32.66865573770492,32.846952628918245,4.105733447529521,4.128010938958518,4.1320611901476925,7.862518021555156
2022-03-21,sz001212,32.06,33.18,33.37,31.41,24229,78872949.0,6.11,3.49,1.12,10.69,4.384335489934284,0.02476559633052222,31.482,31.898666666666667,32.34940706641851,4.399567441252442,4.376840658780122,4.403032183145348,33.39,32.49727272727272,32.671484229109865,4.562731809895536,4.463055242767535,4.400979070990756,33.2185,33.09766666666667,32.83585216873014,4.275076725935508,4.383623675588612,4.307878825930037,32.662,32.998838709677415,32.80517083287381,4.1304326695806335,4.281146872233619,4.236796199534526,32.80566666666667,32.68090163934426,32.85787221485535,4.113278865589043,4.137145432152116,4.140332478665286,7.896928079072303
2022-03-22,sz001212,33.3,32.85,33.45,32.6,14787,48284770.0,2.56,-0.99,-0.33,6.52,4.169880072874387,-0.2144554170598978,31.856,32.35466666666667,32.51627137761234,4.3306870462552425,4.300278202654103,4.325314813055028,32.998000000000005,32.39909090909091,32.70394164199898,4.49309817437559,4.391627654218235,4.358961071333233,33.199,33.062571428571424,32.837199581232035,4.279795206353006,4.373604946725648,4.294736087543784,32.717666666666666,33.010967741935474,32.80806303720453,4.142073300854993,4.283691865994506,4.232479030072581,32.7885,32.68235519125683,32.85761410945025,4.111911770629081,4.13900120944016,4.1413012522459125,7.68381016702495
2022-03-23,sz001212,33.14,32.12,33.14,31.91,13452,42945611.0,3.74,-2.22,-0.73,5.93,4.128786858642598,-0.0410932142317888,32.238,32.44266666666667,32.38418091840823,4.268328715016489,4.232978140116555,4.2598054949175514,32.533,32.23945454545455,32.5977704343628,4.412704123509696,4.325389233175873,4.3171112144803905,33.1415,32.95980952380952,32.76889485920994,4.28484465211762,4.359223199324657,4.278931399077004,32.745,32.972408602150544,32.76367187351392,4.1549971037306355,4.282834676174352,4.22578921256097,32.7345,32.660437158469946,32.83343004028795,4.104997245380874,4.139554491014374,4.140890944258919,7.632918785958193
2022-03-24,sz001212,31.91,31.42,32.0,31.2,10260,32027067.0,2.49,-2.18,-0.7,4.53,4.011147360775797,-0.11763949786680072,32.326,32.17,32.06278727893882,4.210743935166166,4.147251022036325,4.176919450203634,32.217999999999996,32.03709090909091,32.383630355387744,4.338400085647311,4.2523789126788,4.261481422897737,33.1075,32.79585714285714,32.64042868214232,4.277006629656337,4.333156790625436,4.2534281573340325,32.75833333333333,32.886924731182795,32.67698336554528,4.164660903422586,4.27355404759662,4.211941351155476,32.662333333333336,32.61733879781421,32.78708807175392,4.091615683778472,4.136477445617486,4.136637056275865,7.505517168322282
2022-03-25,sz001212,31.43,31.07,31.72,30.92,8537,26459972.0,2.55,-1.11,-0.35,3.77,3.931305281421673,-0.07984207935412391,32.128,31.75133333333333,31.731858185959215,4.125091012729748,4.0541048041214935,4.095048060609647,31.915000000000003,31.828363636363637,32.14478847258997,4.276556740662988,4.178361675546866,4.201449397174816,33.0405,32.60180952380952,32.49086404574781,4.2814414317468925,4.300232852698325,4.222749788199522,32.762,32.778000000000006,32.573307019381076,4.1728971862986795,4.258498846177206,4.193835798269424,32.615833333333335,32.565131147540974,32.730790102188216,4.079977044549154,4.1312213668516895,4.129904866936384,7.422589380280359
2022-03-28,sz001212,31.06,30.7,31.14,30.0,9409,28515722.0,3.67,-1.19,-0.37,4.15,3.9735434685324895,0.042238187110816394,31.631999999999998,31.275333333333332,31.387905457306147,4.042932608449389,4.003588956055741,4.054546529917262,31.557,31.60745454545455,31.882099659391795,4.2212500248509155,4.123268353341321,4.160011955603483,32.9305,32.378904761904764,32.3203055652004,4.284230205051129,4.270909237154096,4.199015852993138,32.751,32.64496774193549,32.45244850200166,4.184848548098943,4.245637315998742,4.1796233898993,32.5885,32.50231693989071,32.66420682014926,4.073653858298705,4.127731741408519,4.124778263710026,7.455084372121241
2022-03-29,sz001212,30.87,30.25,30.87,30.2,8484,25571280.0,2.18,-1.47,-0.45,3.74,3.9286006598445242,-0.0449428086879653,31.112000000000002,30.814666666666668,31.0086036382041,3.9946767258434166,3.9654783065207857,4.01256457322635,31.484,31.36981818181818,31.585354266775102,4.16268188604933,4.070059377885614,4.1179371745564,32.7985,32.12361904761905,32.12313360660988,4.296431433673932,4.23703975665823,4.173262025074222,32.71966666666666,32.483612903225804,32.310355050259616,4.192436464155109,4.229105194175876,4.163428375057056,32.54716666666667,32.42564480874317,32.58505249817715,4.073019571226085,4.122975898836251,4.118346211124272,7.407752467683104
2022-03-30,sz001212,30.45,31.0,31.03,30.26,8697,26416480.0,2.55,2.48,0.75,3.84,3.9393694700746598,0.01076881023013554,30.887999999999998,30.77733333333333,31.005735758802736,3.9567932481298285,3.9470425545978673,3.98816620550912,31.563,31.28181818181818,31.478926218270537,4.112560981573159,4.029457120435674,4.085470319196083,32.687,31.952333333333343,32.016168501218466,4.29058897811405,4.203033855363061,4.150986543645692,32.69733333333333,32.37266666666667,32.225816014759,4.196254064099141,4.2127782913319765,4.148972961832386,32.51283333333333,32.37491803278688,32.533083563810685,4.072268440814061,4.118593928306696,4.112478121253792,7.4218749473276135
2022-03-31,sz001212,30.96,31.23,31.97,30.96,13404,41737810.0,3.26,0.74,0.23,5.91,4.1272344191632335,0.18786494908857376,30.85,30.891333333333332,31.080490505868493,3.9800106598073164,4.003856278275668,4.0345222767271585,31.588,31.22127272727273,31.433666905857713,4.09537729748674,4.032125018179324,4.093063791917382,32.582,31.813571428571425,31.94129531062623,4.290613291994202,4.187476278320126,4.148724436552124,32.69166666666667,32.278,32.16156982025842,4.204380734948481,4.208325411013531,4.14757047520857,32.487,32.33285792349727,32.4903595125382,4.075468093103714,4.120396091531259,4.112961934300003,7.620529657717759
2022-04-01,sz001212,30.92,30.91,31.42,30.81,7424,22779285.0,1.95,-1.02,-0.32,3.27,3.8706379632108057,-0.25659645595242786,30.818,30.911333333333335,31.023660337245666,3.967877196165143,3.967398712743498,3.979894172221708,31.473000000000003,31.098,31.33845474115631,4.046484104447446,3.991263321038244,4.05262273215255,32.44500000000001,31.654333333333334,31.84307670961421,4.28213881806567,4.147478627959803,4.122240010519617,32.62166666666667,32.163053763440864,32.08082338024175,4.187776946404023,4.186793619288519,4.129703861531295,32.45933333333333,32.281153005464475,32.43854444655334,4.074928130877419,4.1136803495675585,4.10501688606757,7.357540088249322
2022-04-06,sz001212,30.99,31.57,31.76,30.93,9436,29437731.0,2.69,2.14,0.66,4.16,3.974787932213558,0.10414996900275231,30.992,31.161999999999995,31.20577355816378,3.9681260889013563,3.9697022914263034,3.9781920922189915,31.312,31.115636363636366,31.380553879127888,4.005529348675372,3.978227653359356,4.03847095034546,32.351,31.570999999999998,31.817069403936667,4.2841305792854545,4.118207115021506,4.10819695544285,32.583,32.09520430107527,32.047867033129386,4.185227600182129,4.173052392566555,4.11970928544628,32.442,32.251994535519124,32.41006757945323,4.0777825064880355,4.110397064365464,4.100747084301865,7.46890433242649
2022-04-07,sz001212,31.49,31.58,32.39,31.21,11872,37317945.0,3.74,0.03,0.01,5.24,4.0745238879349515,0.09973595572139349,31.258,31.358,31.330515705442522,3.9973107345194423,4.005168224437503,4.0103026907909785,31.184999999999995,31.16436363636364,31.41681681019554,3.9959937301814286,3.990772115042916,4.045026029907186,32.0915,31.497571428571426,31.79449136546651,4.244545952278509,4.098244572988125,4.104989996632574,32.52766666666667,32.03049462365591,32.01768206325007,4.185194714295814,4.165910217582865,4.1167940985100655,32.41866666666667,32.22373224043716,32.38285224897935,4.080919213177627,4.110290224412904,4.0998873073718025,7.571917720290621
2022-04-08,sz001212,31.51,31.71,32.01,30.95,12816,39982427.0,3.36,0.41,0.13,5.65,4.107752498740163,0.03322861080521111,31.4,31.508666666666667,31.457010470295018,4.030987340252542,4.041982145844409,4.0427859601073735,31.144,31.259818181818183,31.47012284470544,3.9938902941911865,4.0110918911445035,4.056430842422272,31.8385,31.461238095238095,31.786444568755414,4.203297208850442,4.085216625032091,4.105253092071392,32.47566666666667,31.977741935483866,31.99783160755652,4.1878598661421425,4.160913945611532,4.116210769492652,32.39333333333334,32.200497267759566,32.360791519504616,4.0802723862706705,4.1111700042674135,4.100145182498634,7.601869152981602
2022-04-11,sz001212,31.4,30.39,31.59,30.13,9832,30162999.0,4.6,-4.16,-1.32,4.34,3.9926418698783976,-0.11511062886176493,31.232,31.172,31.101340313530013,4.004068830395576,4.029200322386361,4.026071263364382,31.040999999999997,31.12272727272727,31.27373687294081,3.992039745101445,4.010864904905815,4.044832847414295,31.6295,31.32328571428571,31.653449847921564,4.165219915374378,4.065154211796659,4.094528213767297,32.41866666666667,31.843182795698926,31.894100536101263,4.18201766813804,4.148319236175161,4.108238582420766,32.33733333333333,32.13481420765027,32.29617540411102,4.077540598246448,4.108296872582421,4.0966204837242,7.479474519704372
2022-04-12,sz001212,30.22,30.1,30.47,29.38,9656,28545379.0,3.59,-0.95,-0.29,4.26,3.984797257089293,-0.007844612789104755,31.07,30.794666666666664,30.76756020902001,4.026900689171272,4.022776464617601,4.012313261272686,30.944,30.95163636363636,31.060330168769752,3.997388942668208,4.009548088903605,4.033917285537021,31.429499999999997,31.177619047619043,31.505502243357608,4.136972841665598,4.047971101483793,4.08407764646463,32.34166666666667,31.69359139784946,31.778352114417313,4.186757268720664,4.135595338688146,4.100274625947768,32.26733333333333,32.06145901639344,32.22416965315656,4.070462890796478,4.10525610729858,4.0929541484246945,7.455535813554506
2022-04-13,sz001212,29.9,29.66,30.65,29.5,6074,17892312.0,3.82,-1.46,-0.44,2.68,3.7834747875822465,-0.20132246950704635,30.688,30.32466666666667,30.39837347268001,3.988638060245011,3.941634497421258,3.9360337700425396,30.839999999999996,30.71818181818182,30.805724683538884,3.978382074573183,3.9706546061607035,3.98838228590888,31.198500000000003,31.009095238095234,31.329740124942596,4.099816049712048,4.014304620142522,4.055448802761545,32.23366666666667,31.52058064516129,31.64168423606781,4.182280828225147,4.109577114098571,4.0798359266983795,32.18866666666666,31.97597267759563,32.140098516987486,4.06418416515424,4.095846661291556,4.082807284134778,7.2526664626448705
2022-04-14,sz001212,29.94,29.28,29.95,29.2,8210,23946497.0,2.53,-1.28,-0.38,3.62,3.9143431571194407,0.13086836953719416,30.227999999999998,29.855333333333338,30.025582315120012,3.956601914081909,3.9168695297127347,3.92880356573484,30.743000000000002,30.434545454545457,30.528320195622722,3.976956324300675,3.9590111666236596,3.974920626128982,31.1135,30.826380952380955,31.13452677970997,4.069819105175002,3.996640535133703,4.04201016984325,32.11333333333333,31.330021505376344,31.489317511160213,4.189939730549513,4.0922908127369135,4.0691589738223195,32.102999999999994,31.880606557377057,32.04632479511904,4.059220091032831,4.090933841355988,4.077283870134274,7.379241991870065
2022-04-15,sz001212,29.23,28.96,29.5,28.83,6467,18609474.0,2.29,-1.09,-0.32,2.85,3.8107028609471167,-0.10364029617232395,29.678000000000004,29.432666666666666,29.67038821008001,3.897191986523299,3.8682365120011384,3.889436664138932,30.538999999999998,30.11036363636364,30.243171069145863,3.964089663387921,3.9287832641957396,3.94506285064137,31.051000000000005,30.621285714285715,30.92742899116616,4.03832532248054,3.9719627975881897,4.0199809023293325,31.971000000000004,31.12658064516129,31.326135736246652,4.181755873205341,4.067823917923855,4.052484385894887,32.001333333333335,31.777557377049177,31.94513381822989,4.050927023904798,4.082785735451539,4.068543509177318,7.269734097895631
2022-04-18,sz001212,28.92,28.52,28.92,27.51,7526,20941199.0,4.87,-1.52,-0.44,3.32,3.8765642139838454,0.06586135303672869,29.304000000000002,29.04666666666667,29.286925473386674,3.873976455344389,3.861360587821321,3.8851458474205702,30.267999999999994,29.743272727272725,29.92986723839207,3.9390226428699817,3.912869546122272,3.9326085530672743,30.928000000000004,30.38023809523809,30.698150039626526,4.017199970178361,3.9565569777313616,4.006322170105952,31.81066666666667,30.90393548387097,31.145094721004934,4.173416408952795,4.0481341334579515,4.041134697384498,31.909,31.66341530054645,31.83283434877973,4.045248099821587,4.077068922011508,4.062249106056221,7.321001543826896
2022-04-19,sz001212,28.42,28.59,28.93,28.37,3726,10533071.0,1.96,0.25,0.07,1.64,3.571242850560224,-0.3053213634236216,29.002,28.808666666666667,29.054616982257784,3.791265574038575,3.7604493862265986,3.7805115151337882,30.036,29.438181818181818,29.686255013229875,3.909083131604924,3.8460004929750435,3.866905698065992,30.754499999999997,30.15757142857143,30.497373845376384,3.9777836180261845,3.9140848711010627,3.9648860444349308,31.642,30.696150537634406,30.98024990029494,4.1577869225787545,4.0092842264648825,4.010819094363578,31.8325,31.554595628415303,31.72651191111482,4.033948025843858,4.0615277662980205,4.046150540302254,7.022555011632492
2022-04-20,sz001212,28.52,28.52,28.99,28.38,4037,11458077.0,2.13,-0.24,-0.07,1.78,3.6060587494103142,0.0348158988500904,28.774,28.648000000000003,28.876411321505188,3.7557823664041883,3.6987137780171784,3.7223605932259636,29.731,29.162545454545455,29.474208647188078,3.8722102133245997,3.7909051507578413,3.819478980128596,30.521500000000003,29.944761904761904,30.309052526769108,3.9388697809999855,3.878682502661456,3.930712016337348,31.477666666666668,30.4947311827957,30.821524100275912,4.146823790631836,3.9736888604540157,3.9847055237214324,31.747833333333336,31.44598907103825,31.62138037304548,4.027428083503695,4.047498609693641,4.031721301256617,7.059111736447608
2022-04-21,sz001212,28.58,27.22,28.77,27.21,6530,18027932.0,5.47,-4.56,-1.3,2.88,3.814913181275074,0.2088544318647596,28.362000000000002,28.129999999999995,28.324274214336796,3.7358963712353153,3.718424049640807,3.7532114559090006,29.295000000000005,28.706000000000003,29.064352529517517,3.846249142658612,3.780487508567018,3.8186488348825014,30.24,29.63033333333333,30.014857048029192,3.9211214364200204,3.8668771122114642,3.9196835558552268,31.159333333333333,30.220043010752686,30.589167706709727,4.111780349071877,3.952275272753579,3.973751179047474,31.655000000000005,31.29753551912568,31.477072819830873,4.023758814117928,4.040530907981228,4.024612838306402,7.255945911275994
2022-04-22,sz001212,27.1,27.79,27.97,26.8,5493,14911585.0,4.3,2.09,0.57,2.42,3.739809599021359,-0.07510358225371494,28.127999999999997,27.93933333333333,28.146182809557864,3.721717718850164,3.719728458902822,3.748744170279787,28.903,28.43236363636364,28.83265206960524,3.8094548526867316,3.7611348642693363,3.8043144283622934,30.023500000000002,29.397,29.80296590059784,3.901672573438959,3.8496093181734965,3.9025527028234297,30.860000000000003,30.00266666666667,30.408576241760713,4.0720164234625384,3.928277159847094,3.958658173884499,31.56066666666667,31.17081420765028,31.356185186393795,4.018733745512519,4.031221097650193,4.015275027182303,7.173523808454249
2022-04-25,sz001212,27.6,28.1,28.54,26.8,11031,30254594.0,6.26,1.12,0.31,4.87,4.042614884588525,0.3028052855671657,28.044,27.93,28.130788539705247,3.7549278529710994,3.8266941808156085,3.846701075049366,28.674,28.28636363636363,28.699442602404286,3.814452154157744,3.803527597342389,3.84764178403979,29.857499999999998,29.213809523809527,29.640778671969475,3.903245949629595,3.8630323954258357,3.915891958229629,30.644333333333332,29.824602150537633,30.259635839066476,4.048297328302167,3.9263802863713515,3.9640747358654043,31.487166666666667,31.057349726775957,31.249425016348095,4.018188528019608,4.032004085816619,4.016171415949719,7.48079132931463
2022-04-26,sz001212,26.3,25.32,26.3,25.32,15176,38298363.0,3.49,-9.89,-2.78,6.69,4.181157317880606,0.1385424332920815,27.389999999999997,27.022000000000002,27.193859026470165,3.8769107464351764,3.9687706691187774,3.9581864893264465,28.195999999999998,27.676545454545455,28.08499849287623,3.8340881602368753,3.870201263473819,3.908280972010847,29.57,28.781666666666666,29.229275941305715,3.9157385514525416,3.8895001447830753,3.9411553258154366,30.351666666666667,29.48109677419355,29.940949655900898,4.0360112811893565,3.934951898602219,3.978080063737353,31.362833333333338,30.855147540983605,31.055017638762912,4.02313922728409,4.037347324828455,4.021580789783519,7.5831802111680835
2022-04-27,sz001212,24.3,24.52,24.67,22.82,16180,37505422.0,7.31,-3.16,-0.8,7.14,4.208978517276254,0.027821199395647866,26.589999999999996,26.065333333333335,26.302572684313443,3.997494700008364,4.079459926065804,4.041783831976383,27.682,27.008181818181818,27.436816948716913,3.8766385332062763,3.9383631465718874,3.9629532529681932,29.261000000000003,28.300714285714285,28.78077347070517,3.92751030388973,3.9174277605758108,3.9666622964307527,30.026333333333334,29.10486021505376,29.59121096842342,4.025423544210125,3.946111075123954,3.992976738159218,31.242333333333338,30.63079234972677,30.840754765360845,4.027749331202895,4.043440416303608,4.027724977570165,7.574094056380117
2022-04-28,sz001212,23.97,22.63,23.97,22.38,10509,23959510.0,6.48,-7.71,-1.89,4.64,4.021561392037355,-0.1874171252388992,25.671999999999997,24.745333333333335,25.0783817895423,4.0388243421608205,4.087482156742134,4.035043018663374,27.016999999999996,26.089636363636366,26.56285023076838,3.8873603566980677,3.9647127572684475,3.973609278253495,28.880000000000003,27.66919047619048,28.1949855211142,3.932158340499371,3.9263850070660595,3.9718907817266196,29.747999999999998,28.627677419354836,29.14210058336385,4.008999522349357,3.9458619040160343,3.9948209093771623,31.113666666666667,30.348420765027317,30.57154969108672,4.0289286406874405,4.043237533052279,4.027522892798598,7.379477931978035
2022-04-29,sz001212,23.1,24.01,24.25,22.82,8553,20059826.0,6.32,6.1,1.38,3.77,3.9321184720291225,-0.08944292000823229,24.916000000000004,24.191333333333333,24.722254526361535,4.077286116762372,4.0519135333649015,4.000734836451957,26.522000000000002,25.54290909090909,26.098695643355946,3.899501917806268,3.9728505964195486,3.9660654953036087,28.5305,27.20538095238095,27.796415471484277,3.931795790597094,3.926381210068893,3.9681029427078105,29.541333333333334,28.25748387096774,28.81099731992102,3.9920508542557824,3.940901836253437,3.990775590838579,31.004833333333334,30.115513661202186,30.356416914329778,4.034009558278455,4.040063429161842,4.024394879002878,7.302327161607251
2022-05-05,sz001212,24.29,24.51,24.79,23.74,5822,14037831.0,4.37,2.08,0.5,2.57,3.765072201102792,-0.1670462709263303,24.198,24.056,24.651503017574356,4.021777580065226,3.947842228145042,3.9221806246689024,26.121,25.177090909090904,25.8098418900185,3.8883527165181624,3.9484088297461892,3.9295212599943694,28.194499999999998,26.82247619047619,27.483423521819105,3.9136876796940725,3.9105027729741986,3.948766681602571,29.325666666666667,27.93288172043011,28.5335136218616,3.974250885624962,3.926258052179051,3.9762140818233673,30.917333333333332,29.90256830601093,30.164731113859947,4.0337482744451085,4.031245810893788,4.015892496120908,7.147300009681178
2022-05-06,sz001212,23.9,24.1,24.5,23.76,5338,12753163.0,3.02,-1.67,-0.41,2.35,3.727378569451489,-0.03769363165130324,23.954,24.023333333333333,24.467668678382907,3.931021830379403,3.8497092246071296,3.8572466062630983,25.671999999999997,24.809636363636365,25.498961546378773,3.9039662884072888,3.919140803006794,3.892768043532027,27.853999999999996,26.432523809523808,27.161192710217286,3.9065247100061065,3.8927590481891907,3.927682099492944,29.060333333333332,27.595741935483876,28.247480484967305,3.9531778414865526,3.910330805974311,3.960160177799376,30.81816666666667,29.67904918032787,29.96588747078257,4.033764564567585,4.021200902533341,4.006433023115353,7.1056179105021355
2022-05-09,sz001212,24.5,24.67,24.97,24.1,4881,11888441.0,3.61,2.37,0.57,2.15,3.6885088076565213,-0.038869761794967594,23.984,24.262,24.535112452255273,3.8269278884554567,3.7688715503661694,3.8010006733942396,25.287,24.627454545454544,25.348241265218995,3.9122112942319105,3.879966715597564,3.8556300006455713,27.509000000000004,26.12928571428571,26.923936261625162,3.8922107537782544,3.871995628917802,3.904903690746618,28.776666666666667,27.312494623655912,28.01667529238877,3.9299836187439605,3.8932553844368893,3.94263428295145,30.71933333333333,29.477469945355192,29.79225181600281,4.030208144162297,4.009881041651012,3.9960092783462104,7.075124906806321
2022-05-10,sz001212,24.3,25.2,25.5,24.11,7029,17304183.0,5.63,2.15,0.53,3.1,3.846893543316625,0.1583847356601038,24.498,24.667333333333332,24.75674163483685,3.7919943187113105,3.775526768653226,3.8162982967017016,25.085,24.61163636363636,25.32128830790645,3.9154093304360655,3.868090760885694,3.85404155385849,27.189999999999998,25.90938095238095,26.759751855756097,3.8808292365473385,3.8676797041119317,3.899378914800905,28.521666666666665,27.081741935483873,27.834954305783043,3.9192174010920353,3.8878947344093193,3.936457461039526,30.619666666666667,29.296508196721312,29.64168618269124,4.030645350973514,4.003870726869186,3.991120237853437,7.238151099326894
2022-05-11,sz001212,25.2,25.1,25.8,24.96,6586,16589574.0,3.33,-0.4,-0.1,2.91,3.818621726375889,-0.028271816940736105,24.716,24.868000000000002,24.871161089891235,3.769294969580664,3.7844025712080853,3.8170727732597642,24.816,24.614363636363635,25.281054070105277,3.923290543171518,3.8504930146929346,3.8476015852252896,26.859500000000004,25.710333333333338,26.60168025044599,3.866372697929124,3.861755179333699,3.8916877539985224,28.287666666666667,26.860989247311828,27.658505640893818,3.9088785633498113,3.8814046908792457,3.928855155577356,30.516333333333332,29.115535519125682,29.492778438996446,4.031937833540224,3.9969191326200835,3.9854645489525335,7.2198352340156395
2022-05-12,sz001212,24.88,25.41,25.54,24.82,4807,12016419.0,2.87,1.24,0.31,2.12,3.681874122128647,-0.1367476042472422,24.896,25.099333333333334,25.05077405992749,3.7526553537858347,3.7552622887240803,3.7720065562160587,24.547,24.722363636363635,25.30449878463159,3.8872164669255307,3.806599119957867,3.817469319207718,26.610500000000002,25.572285714285712,26.48818689326066,3.8508343105416367,3.84418388640032,3.8717055033442485,28.087333333333333,26.675333333333334,27.513440760836154,3.89790278872824,3.866759243058526,3.9129208953548584,30.422833333333333,28.948114754098363,29.358916850832628,4.031281846075413,3.9854416338852774,3.9755107644665046,7.0797750633198255
2022-05-13,sz001212,25.41,25.45,25.75,25.09,3665,9196236.0,2.6,0.16,0.04,1.62,3.564073978977147,-0.11780014315149989,25.166,25.284,25.183849373284993,3.719994435690966,3.6924018304545174,3.7026956971364218,24.560000000000002,24.886545454545455,25.33095355106221,3.8255081330351843,3.7478459403308886,3.7713974391657956,26.377999999999997,25.461761904761907,26.38931195104536,3.82979814663603,3.8168733786322733,3.8424072629283343,27.9,26.50518279569892,27.380315550459628,3.8856617453134223,3.8452219004939394,3.890414642685329,30.331000000000003,28.78507103825137,29.230755642608607,4.029279465806051,3.9701233431607448,3.9620210337947226,6.963610107897654
2022-05-16,sz001212,25.7,25.38,25.89,25.18,3314,8335759.0,2.79,-0.28,-0.07,1.46,3.520352504083318,-0.04372147489382883,25.308,25.35533333333333,25.24923291552333,3.686363174976326,3.6258545199186347,3.6419146327853875,24.646,25.035636363636364,25.339871087232712,3.7566455317158907,3.6923630987032765,3.725752905514436,26.163999999999998,25.366714285714288,26.293187003326754,3.8166420324610835,3.7874023650558244,3.811735381133571,27.72266666666667,26.342602150537633,27.251262934300943,3.8705553798317833,3.821653562350061,3.8665396660013287,30.23683333333333,28.62274316939891,29.104501359244388,4.027701963965363,3.953437213268196,3.9475400983943483,6.920945149995379
2022-05-17,sz001212,25.1,25.12,25.48,24.92,3851,9549623.0,2.21,-1.02,-0.26,1.7,3.585573518622731,0.06522101453941298,25.292,25.292666666666666,25.206155277015554,3.6340991700375467,3.59225796780077,3.6231342613978357,24.895,25.12181818181818,25.299894525917672,3.713046744374428,3.6612590963227025,3.700265744261398,25.956,25.267285714285716,26.181454907771826,3.800203550536248,3.7653958399283622,3.790196156132539,27.55166666666667,26.174688172043012,27.113762099829916,3.859121141791057,3.8032676358204456,3.848412817783355,30.13566666666667,28.454978142076502,28.9738619704167,4.0257788029730825,3.938941198666798,3.9356723416805246,6.979986226845371
2022-05-18,sz001212,25.12,25.31,25.71,25.11,4365,10964118.0,2.39,0.76,0.19,1.93,3.6399842480415887,0.054410729418857606,25.334,25.29866666666667,25.24077018467704,3.5983716743706866,3.594219660468784,3.6287509236124205,25.025,25.197272727272725,25.30173188484173,3.6838333219756754,3.647975006080367,3.6893054722214327,25.773500000000002,25.205761904761903,26.098459202269744,3.7916676198909713,3.750136858738395,3.7758902601238766,27.362000000000002,26.030064516129027,26.997390351453795,3.8491416343899543,3.789129771707576,3.834965813283886,30.029666666666667,28.29675956284153,28.853735348435823,4.0226978492445475,3.926292196865765,3.9259776500858052,7.03997370093469
2022-05-19,sz001212,25.08,27.46,27.81,24.93,39129,106135714.0,11.38,8.49,2.15,17.26,4.592498748998779,0.9525145009571907,25.744,26.007333333333335,25.980513456451362,3.780496599744713,3.9255953520114817,3.950000198741207,25.32,25.639999999999997,25.694144269415958,3.7665759767652736,3.8131869019027502,3.8535224316354952,25.720500000000005,25.366380952380954,26.22812975443453,3.827464346641718,3.826406490081996,3.853662497159582,27.236333333333334,26.0363870967742,27.02723613523097,3.8646504453844726,3.837088295230726,3.8838389059106535,29.964,28.212508196721316,28.808039107503497,4.034515590166476,3.9449741935790192,3.9478308008698373,8.025861545854772
2022-05-20,sz001212,26.5,30.18,30.18,26.12,65420,182912279.0,14.79,9.91,2.72,28.86,4.815710539788963,0.2232117907901836,26.689999999999998,27.485999999999997,27.38034230430091,4.030823911907076,4.270666665359566,4.238570312423793,25.927999999999997,26.523636363636363,26.50975440224942,3.875409173799021,4.00393864063433,4.0284657240270345,25.8,25.791095238095238,26.60449834925029,3.8896877311031552,3.9205251751436383,3.945286120267142,27.211999999999996,26.226301075268815,27.23064025553865,3.8961528646037444,3.898447010998757,3.943959656483448,29.916833333333333,28.219590163934427,28.85302143184764,4.0419649055038835,3.97058714274697,3.9762858742770217,8.26224286087798
2022-05-23,sz001212,30.9,33.17,33.17,30.9,37081,119935689.0,7.52,9.91,2.99,16.36,4.569151437679197,-0.2465591021097664,28.248,29.646000000000004,29.31022820286728,4.240583698626252,4.450109173950271,4.348764020842261,26.778000000000002,27.840363636363637,27.720708147294978,3.9634734368012885,4.130073597703452,4.1267722174183366,26.0325,26.493000000000002,27.22978422075026,3.9378423655165995,3.9852360043413557,4.004701864782576,27.265333333333334,26.61068817204301,27.61382475518132,3.915964981452599,3.941866273777819,3.9842946101089805,29.924166666666665,28.326251366120214,28.99456171277067,4.050596290817364,3.987871947080586,3.9957240894705355,8.078948434387042
2022-05-24,sz001212,35.3,34.39,36.3,33.18,106102,365813904.0,9.41,3.68,1.22,46.8,5.025723570336566,0.45657213265736907,30.101999999999997,31.69333333333333,31.00348546857819,4.528613708969019,4.7118224645203775,4.5744172040070294,27.697000000000003,29.22436363636363,28.93330666596862,4.081356439503283,4.323209985618958,4.290217917948923,26.391,27.288952380952388,27.91170953305976,3.9983828849696743,4.0888437381337335,4.101942027216289,27.358999999999998,27.070344086021503,28.050997351621238,3.947671637532653,4.013463602092914,4.051483575284954,29.943333333333335,28.472672131147544,29.1714613287454,4.066433175914233,4.019843333294331,4.029494564253028,8.56326020829108
2022-05-25,sz001212,37.8,37.8,37.8,37.8,28921,108451950.0,0.0,9.92,3.41,12.76,4.461213305461135,-0.5645102648754303,32.6,34.25933333333333,33.26899031238546,4.692859520452928,4.6893556633510824,4.536682571158399,28.967000000000002,31.06127272727273,30.545432726701595,4.145615597411807,4.392274870338567,4.321307988405689,26.8915,28.37552380952381,28.853451482292165,4.034453070291663,4.132922825799588,4.136158339430084,27.562,27.743956989247316,28.679965264419867,3.959453664423352,4.046595322604429,4.077917751425353,30.01883333333333,28.730267759562846,29.45436423599965,4.073656765282747,4.032786944099147,4.043649277079523,8.035237365171108
2022-05-26,sz001212,39.3,35.9,40.5,35.3,101015,381490400.0,13.76,-5.03,-1.9,44.56,5.0043858681740545,0.5431725627129191,34.288,35.35933333333333,34.14599354159031,4.775236944287983,4.793197779258124,4.692583670163618,30.016,32.32181818181818,31.518990412755848,4.277866772016348,4.548414919568066,4.445503966545392,27.2815,29.23347619047619,29.52455134112148,4.082541619470939,4.225297377978862,4.218846675500938,27.74566666666667,28.281892473118276,29.145773957037942,3.9931784643665407,4.114010303491571,4.137689887989786,30.08216666666667,28.923092896174865,29.665696556130808,4.08759806625229,4.063302652390665,4.075148837443278,8.581483613642186
2022-05-27,sz001212,38.3,39.46,39.46,36.2,96158,362349104.0,9.08,9.92,3.56,42.42,4.982985421817601,-0.021400446356453884,36.144000000000005,37.083333333333336,35.91732902772687,4.808691920693711,4.862447271767996,4.789384254048279,31.416999999999994,34.03890909090909,32.96281033770933,4.4197579163003935,4.676618310441022,4.543227867503975,27.9885,30.39333333333333,30.470784546728957,4.122633024667789,4.311053930583307,4.291621794197763,28.057666666666666,29.037655913978494,29.811207895293563,4.026451403190817,4.1778688168755105,4.192225083720613,30.199666666666666,29.230562841530055,29.986821259208487,4.1066043359557405,4.092659614868216,4.10491397135719,8.559127191752443
2022-05-30,sz001212,38.25,40.72,42.3,35.54,101371,387498048.0,17.13,3.19,1.26,44.72,5.005913730724013,0.02292830890641273,37.653999999999996,38.608666666666664,37.51821935181792,4.896044379302674,4.928187875111432,4.861560746273524,32.951,35.730363636363634,34.37320845812581,4.568314038964463,4.78319209488168,4.627352569907618,28.7985,31.605857142857136,31.44690030418334,4.162479785340177,4.395175902588662,4.359649597676453,28.426333333333332,29.854580645161292,30.515000934306883,4.06719936796221,4.2410599347808775,4.244721125462768,30.330000000000002,29.575491803278684,30.338728758906566,4.124740098093678,4.122145168795044,4.134454947074135,8.58826951911339
2022-05-31,sz001212,40.11,36.71,40.3,36.68,75114,280538160.0,8.89,-9.85,-4.01,33.13,4.875720889815015,-0.13019284090899852,38.118,38.294000000000004,37.24881290121195,4.866043843198364,4.9214133786155445,4.866280794120687,34.11,36.413818181818186,34.79807964755748,4.697328776083691,4.839084249581781,4.672510446254417,29.502499999999998,32.35933333333333,31.94814789426112,4.205187760229061,4.463103626824361,4.408799244546793,28.674,30.38901075268817,30.914678293383858,4.099245292385396,4.29322261361009,4.285430787679043,30.393666666666665,29.784672131147545,30.54762289795881,4.144592511467454,4.146767489835089,4.158758748475476,8.447991944202643
2022-06-01,sz001212,37.8,40.35,40.35,37.8,47073,185865167.0,6.95,9.92,3.64,20.76,4.672771877123848,-0.2029490126911666,38.628,39.038,38.2825419341413,4.908355557530906,4.856989389924039,4.8017778217884075,35.614,37.54836363636363,35.80751971163794,4.800607538991917,4.834619358861809,4.672557979139768,30.319499999999998,33.39242857142857,32.74832428528387,4.242220430483796,4.5076354474810065,4.433939495268417,29.053666666666665,31.14230107526882,31.52340872606877,4.127980926257953,4.3302243287545075,4.31042053538516,30.512333333333334,30.111109289617488,30.869012311140487,4.1548683997316465,4.1640848460861175,4.175611637939357,8.2691980062477
2022-06-02,sz001212,40.33,39.84,42.28,37.8,81933,324193216.0,11.1,-1.26,-0.51,36.14,4.913458856965983,0.24068697984213472,39.416,39.442,38.80169462276087,4.890170155289292,4.858690489735732,4.839004833514267,36.852,38.31672727272728,36.54069794588558,4.832703549788638,4.855137780311639,4.716358138744534,31.086000000000002,34.299142857142854,33.4237219723997,4.299639763276955,4.5715629166697855,4.479608005906281,29.430999999999997,31.838193548387096,32.05996300180627,4.162544081024024,4.380900324284059,4.349326233551665,30.620833333333334,30.41693442622951,31.16314305503752,4.16798024498841,4.1889566643560965,4.199803350038591,8.510803922651325
2022-06-06,sz001212,41.72,43.79,43.79,41.65,56333,242101886.0,5.37,9.91,3.95,24.85,4.750762880096574,-0.16269597686940873,40.282000000000004,40.9,40.464463081840584,4.843725646945087,4.812221398004826,4.809590849041703,38.213,39.57818181818182,37.85875286481548,4.826208783819399,4.840239476731264,4.722613546263086,32.070499999999996,35.50904761904762,34.41098654645687,4.35080897880921,4.61452702303356,4.505432279638689,29.93766666666667,32.76458064516129,32.8167395823349,4.201861415341903,4.418849924224221,4.375225372038432,30.78983333333333,30.848710382513666,31.577138364708418,4.179824168960328,4.208064291736692,4.217867596925738,8.383998172656117
2022-06-07,sz001212,44.5,46.8,48.14,44.19,80081,372608400.0,9.02,6.87,3.01,35.32,4.903529487695167,0.1527666075985925,41.498,43.07266666666667,42.57630872122706,4.823248798339318,4.832156011588186,4.840903728592858,39.576,41.13945454545455,39.48443416212175,4.859646588820996,4.854297786526858,4.755507353796191,33.177,36.911857142857144,35.59089258965145,4.411560012811142,4.667167071498889,4.543346299453591,30.547,33.852473118279576,33.71888541573264,4.245110439951398,4.464118832117982,4.409309508532416,31.012333333333334,31.37363387978142,32.07624858225896,4.195967115291618,4.2317923349739,4.240348314655883,8.571252641307746
2022-06-08,sz001212,47.3,49.9,51.45,47.19,89490,438538064.0,9.1,6.62,3.1,39.48,4.9517745080817255,0.04824502038655876,44.136,45.873333333333335,45.01753914748471,4.83845952199266,4.874997914835656,4.8778606550891475,41.126999999999995,43.01654545454545,41.37817340537234,4.8522516825955115,4.871048317301536,4.791192290939015,34.412,38.50452380952381,36.95366472397036,4.466804061049396,4.718616071048468,4.582244224084842,31.303,35.101053763440866,34.762828292136994,4.28300581751162,4.509710062319937,4.444307250438824,31.231166666666663,31.99290163934426,32.66063387464391,4.1973930832917485,4.256572905229312,4.263673763620664,8.642007295005856
2022-06-09,sz001212,49.0,48.92,52.13,48.68,59608,296348288.0,6.91,-1.96,-0.98,26.29,4.775304550389529,-0.17646995769219664,45.85,47.467999999999996,46.318359431656475,4.858966056645796,4.853946257634612,4.843675286855941,42.239,44.433454545454545,42.74941460439554,4.883660807088352,4.857057929627721,4.788303610839108,35.603,39.8862380952381,38.093315702639856,4.5146382022500795,4.747997070033242,4.600630921828146,32.007333333333335,36.23763440860215,35.67619420877332,4.3175223158905585,4.541471270892706,4.465661914951773,31.433666666666667,32.57286338797814,33.19372784596706,4.194769369676548,4.2755208221833385,4.2804485435147255,8.471802422669011
2022-06-10,sz001212,49.23,53.78,53.78,48.01,52941,275020144.0,11.79,9.93,4.86,23.35,4.7237921404103655,-0.05151240997916329,48.638,50.11133333333333,48.80557295443765,4.821032713334672,4.808888285556136,4.803714238040749,44.027,46.53181818181818,44.754975585414535,4.855601434311982,4.827990899322633,4.776574252579336,37.021499999999996,41.61738095238096,39.58728563572177,4.5667341031641655,4.767916492715175,4.612360561693119,32.86333333333334,37.642322580645164,36.84418167917504,4.340228224417953,4.567682227313339,4.482315477884586,31.753833333333333,33.305530054644805,33.86868758872224,4.19426277636006,4.292865831059857,4.294984399150648,8.439364505130786
2022-06-13,sz001212,53.7,59.13,59.13,53.35,21970,124551992.0,10.75,9.95,5.35,9.69,4.34183005692051,-0.3819620834898556,51.705999999999996,53.60866666666667,52.24704863629177,4.7392461486994595,4.649154066751415,4.649752844334003,45.994,49.27781818181818,47.368616388066435,4.791485897822273,4.7345779216150925,4.69752985336864,38.7055,43.72295238095238,41.44849652755779,4.605621907061333,4.746497059739589,4.586595751714776,33.99033333333333,39.33694623655914,38.28197640955084,4.34558398238595,4.567785571345762,4.473251902338517,32.171,34.20310928961749,34.69692733991167,4.190797631787654,4.297704102553642,4.296520322356217,8.095350677739164
2022-06-14,sz001212,65.01,65.01,65.01,63.19,42335,272502016.0,3.08,9.94,5.88,18.67,4.626699564107673,0.284869507187163,55.348,58.04333333333334,56.50136575752786,4.683880163981961,4.611638538554152,4.642068417591894,48.423,52.73527272727273,50.57614068114526,4.753564481160639,4.704616770030619,4.684651618957555,40.687,46.228142857142856,43.69244923921896,4.660939260062551,4.748504455648764,4.590415162418862,35.34,41.338215053763435,40.0063650282895,4.359508017280331,4.585922060489097,4.483151751484915,32.68316666666667,35.27979781420765,35.69079857466866,4.192465780745228,4.311995969187086,4.307345871266102,8.435369719583072
2022-06-15,sz001212,71.46,61.76,71.46,61.5,146630,755584640.0,15.32,-5.0,-3.25,49.75,5.166222834572085,0.5395232704644117,57.720000000000006,60.18066666666667,58.25424383835191,4.726769829280033,4.772419428750861,4.816786556585291,50.928000000000004,55.16018181818182,52.60956964820976,4.782614675636347,4.779645561559974,4.77221002179656,42.519000000000005,48.23509523809524,45.413168359293344,4.739971725860019,4.7966267008401475,4.645253988338217,36.64433333333333,43.0427311827957,41.40982534904502,4.397663398698155,4.637968177733727,4.527220853619571,33.19616666666667,36.23313661202186,36.545526490253295,4.203331460523756,4.343922429968295,4.335505771702363,8.878283120728032
2022-06-16,sz001212,62.39,67.89,67.89,62.39,90690,458700448.0,8.91,9.93,6.13,30.77,4.95755940189748,-0.20866343267460508,61.513999999999996,63.57066666666666,61.466162558901274,4.763220799581623,4.84934928629001,4.86371083835602,53.682,58.24418181818182,55.387829712171616,4.811093428113709,4.811453693607453,4.805909909087636,44.648,50.65138095238095,47.55381899174159,4.805850483552813,4.81734933665324,4.674997361058146,38.107,45.05858064516129,43.11822371362277,4.4318447630271,4.674090500520782,4.554984630927824,33.82416666666667,37.370639344262294,37.57321414631056,4.211947808641441,4.368651214931368,4.355900972692366,8.66152916429556
2022-06-17,sz001212,67.56,72.1,74.62,66.3,170517,930243600.0,12.26,6.2,4.21,57.86,5.23176768325901,0.2742082813615303,65.178,67.09933333333333,65.01077503926751,4.864815908151352,5.005531580849138,4.9863964533236835,56.907999999999994,61.5929090909091,58.42640612814041,4.842924310743012,4.887939921815688,4.8833385953006125,46.879999999999995,53.26585714285714,49.89155051633763,4.837813930265825,4.857912879482401,4.728023106029657,39.693333333333335,47.25167741935484,44.98801573209872,4.480734612432308,4.725698430858324,4.598648053658868,34.5095,38.625584699453555,38.7052399120053,4.227492749028635,4.402087932131943,4.38461791402242,8.96859669079328
2022-06-20,sz001212,73.4,69.24,73.83,64.95,120138,618809440.0,12.32,-3.97,-2.86,40.76,5.079680397744567,-0.15208728551444306,67.2,68.45333333333333,66.42051669284501,5.012385976316163,5.077153077380211,5.017491101463978,59.452999999999996,63.835090909090916,60.39251410484214,4.875816062507811,4.9309864830887,4.919037104835876,48.833,55.39538095238095,51.73425999097214,4.851012423163605,4.880947781147043,4.761514276669172,41.198,49.15791397849463,46.552659878414936,4.525811340042077,4.764340094426856,4.629682398438591,35.12916666666667,39.764289617486334,39.706379587021516,4.2394945907643145,4.430028510778367,4.40740684791495,8.791556930283694
2022-06-21,sz001212,67.78,62.38,69.76,62.38,97244,481115968.0,10.66,-9.91,-6.86,33.0,4.987862814652981,-0.0918175830915855,66.674,66.84666666666666,65.07367779523001,5.084618626425225,5.068978690159151,5.007615005860313,61.011,64.36727272727272,60.75387517668902,4.884249395203593,4.951358619842367,4.931550870257168,50.2935,56.68557142857143,52.74813999183194,4.871947992012293,4.89398115176508,4.783071280286678,42.455,50.52449462365591,47.57377859593655,4.569123140275292,4.794149866982399,4.652790812387908,35.61583333333333,40.657759562841534,40.44977697761097,4.249553379509626,4.454565173856684,4.426438191086689,8.6822497711599
2022-06-22,sz001212,60.4,58.29,60.4,56.28,123495,542583088.0,6.6,-6.56,-4.09,41.9,5.091649374467202,0.10378655981422025,65.97999999999999,64.05199999999999,62.81245186348668,5.069703934404248,5.071322272839809,5.035626462062609,61.85,63.87254545454546,60.305897871836464,4.8982368818421405,4.9890677069812055,4.960659689204447,51.4885,57.44714285714286,53.275936183086046,4.8752442822188256,4.91490509295126,4.812459670208633,43.558,51.54610752688173,48.26514771877935,4.610615001313645,4.827861236930263,4.681104268005927,36.039833333333334,41.40117486338797,41.03470232260733,4.26491620120284,4.482174878609391,4.448248393820475,8.734466252929552
2022-06-23,sz001212,57.28,57.01,58.38,55.39,88802,385200608.0,5.13,-2.2,-1.28,30.13,4.948422747075702,-0.14322662739149994,63.803999999999995,61.062000000000005,60.878301242324454,5.067876603439893,5.03089521039696,5.006558557066974,62.659000000000006,62.99254545454546,59.706643713320744,4.915548701510757,4.998192409750943,4.958434790635584,52.449,57.973000000000006,53.63156130850642,4.899604754299554,4.921874470556678,4.825408534672163,44.62166666666667,52.41397849462365,48.829331736922626,4.6482750353369715,4.849655285043944,4.6983506214943,36.45466666666667,42.08872131147541,41.558482574325126,4.278576799343392,4.504584929293748,4.464647552943597,8.585686963942727
2022-06-24,sz001212,57.51,56.89,59.61,56.11,110416,483388176.0,6.14,-0.21,-0.12,37.47,5.043032010061923,0.09460926298622141,60.762,58.75733333333333,59.54886749488297,5.030129468800475,5.022613679270971,5.018716374731957,62.970000000000006,61.943636363636365,59.19452667453515,4.947472688475914,5.021371193123881,4.973816103258555,53.4985,58.39595238095238,53.941888802934386,4.901537061393947,4.935534209200712,4.846134579947378,45.671,53.20548387096774,49.349374850669555,4.693646964934747,4.875123476961684,4.720588130434146,36.87916666666667,42.758732240437155,42.06115527680626,4.295774876831493,4.529649034563207,4.483610977767149,8.684296023066342
2022-06-27,sz001212,55.2,54.95,57.54,53.6,114000,480392944.0,6.93,-3.41,-1.94,38.68,5.056904851336473,0.013872841274549685,57.903999999999996,56.82,58.015911663255324,5.025574359518856,5.03153880678297,5.0314458669334625,62.55200000000001,60.485454545454544,58.42279455189239,5.01898016791751,5.041267950007621,4.9889231483636305,54.273,58.534190476190474,54.03789939313111,4.905233032869892,4.950331141576192,4.8662079391272925,46.654333333333334,53.80412903225807,49.71070550546507,4.743407994013392,4.898559469632763,4.742285983395587,37.277166666666666,43.35121857923497,42.48374034969786,4.314534869663407,4.554604115694518,4.502407498212044,8.681596619870817
2022-06-28,sz001212,55.29,60.39,60.39,55.2,122792,538894864.0,9.44,9.9,5.44,41.67,5.0891700730833955,0.03226522174692281,57.50599999999999,57.64866666666667,58.807274442170225,5.04583581120494,5.05273737797115,5.050687268983441,62.089999999999996,60.09236363636364,58.780468269730136,5.065227218815082,5.054029750946873,5.007149861949042,55.256499999999996,59.1167619047619,54.64286135569005,4.9093958499878605,4.967848954929858,4.8874424280754925,47.821333333333335,54.69030107526883,50.39969224704797,4.7957019129800615,4.920866700540504,4.764665602085124,37.772000000000006,44.109016393442616,43.07083083003563,4.333128646405923,4.580001991216485,4.52164561542094,8.731504044521822
2022-06-29,sz001212,61.7,54.41,63.38,54.41,125480,546220544.0,14.85,-9.9,-5.98,42.58,5.098574510025707,0.009404436942311634,56.73,56.61666666666667,57.34151629478015,5.04722083831664,5.070316944244739,5.066649682664197,61.355,58.696000000000005,57.98583767523374,5.0584623863604445,5.060092894803349,5.023772525235708,56.14149999999999,59.036142857142856,54.62068408371957,4.920538530998394,4.985865970171558,4.907550245404084,48.79766666666667,55.115376344086016,50.65842177949649,4.84613527936016,4.940406868091836,4.786208112274839,38.17466666666667,44.65452459016393,43.44260686839512,4.352628210575608,4.6050985769089365,4.540561316883392,8.737368030439466
2022-06-30,sz001212,56.55,55.37,57.94,55.2,99288,427301600.0,5.04,1.76,0.96,33.69,4.996896762607118,-0.10167774741858882,56.402,56.163333333333334,56.6843441965201,5.056915641422924,5.053542252341566,5.0433987093118375,60.102999999999994,57.60781818181818,57.51023082519124,5.062396122431408,5.048899145030018,5.018886022939601,56.8925,58.96266666666666,54.692047504317706,4.936744775272559,4.993138182705722,4.916059437518659,49.79966666666667,55.53939784946237,50.96239456791608,4.891365696512344,4.950133415398093,4.799800928425309,38.58083333333333,45.218306010928956,43.8336689382838,4.370253665451149,4.626222135991938,4.5555231347759735,8.630734519004582
2022-07-01,sz001212,54.63,53.24,56.89,52.83,89699,372216208.0,7.33,-3.85,-2.13,30.44,4.952787601384084,-0.044109161223034654,55.672000000000004,55.10933333333334,55.53622946434673,5.038866759687356,5.018832905661952,5.013195006669253,58.217000000000006,56.36000000000001,56.73382522061102,5.034498114243915,5.028970323021413,5.006868128111325,57.5625,58.61480952380953,54.553757265811264,4.938711212493464,4.99466607090682,4.919557357886795,50.659,55.76135483870968,51.10933685385698,4.903375324925189,4.954096118938204,4.809671036358134,38.94766666666667,45.6989344262295,44.14207323538925,4.384012885154831,4.645321609301214,4.568548199254928,8.570795280379123
2022-07-04,sz001212,52.68,52.17,53.38,51.42,70423,279040928.0,3.68,-2.01,-1.07,23.9,4.847714521951065,-0.10507307943301836,55.116,53.942,54.41415297623116,4.997028693810274,4.955115493083188,4.958034845096524,56.510000000000005,55.26054545454545,55.904038816863554,5.011301526664566,4.995009669877258,4.97793110880946,57.9815,58.10123809523809,54.32673276430543,4.943558794586188,4.985999719426592,4.912715183035773,51.392,55.858838709677414,51.17776673425331,4.904442124330592,4.950505099391486,4.812125454783485,39.302,46.13245355191257,44.40528394898304,4.400297494467168,4.660524941655189,4.577701193441686,8.44566790757805
2022-07-05,sz001212,51.77,50.19,52.43,49.05,73220,280056544.0,6.48,-3.8,-1.98,24.84,4.864629724545512,0.01691520259444701,53.076,52.3,53.00610198415411,4.952120624102697,4.910982503328268,4.926899804912853,55.291,54.11145454545455,54.865122668342906,4.998978217653819,4.968342069491976,4.957330857125105,58.150999999999996,57.35919047619047,53.932758215323965,4.941613806428705,4.978482665137004,4.90813561556051,51.95933333333333,55.78129032258066,51.11403984817245,4.914291400559469,4.947936557469869,4.815512827026197,39.61233333333333,46.48943715846994,44.59494677032785,4.415128191006033,4.675748949198742,4.587108686264762,8.447245725156465
2022-07-06,sz001212,50.26,50.36,50.52,49.23,42025,159158638.0,2.57,0.34,0.17,14.26,4.623507722111508,-0.24112200243400395,52.266,51.39466666666667,52.12406798943607,4.857107266519859,4.801444869331205,4.825769110645739,54.498000000000005,53.21490909090909,54.046009455916916,4.952164052418249,4.900074706666102,4.896635741668087,58.174,56.61719047619048,53.59249552815025,4.925200467130194,4.948186847582984,4.8810281971367955,52.49166666666667,55.67810752688171,51.0653921160323,4.900884205618634,4.929176320150645,4.803125400902669,39.925333333333334,46.841819672131145,44.783964909005626,4.4242779215756425,4.682581064972691,4.58830209727613,8.201830214015345
2022-07-07,sz001212,50.6,49.83,50.6,48.71,45627,172715920.0,3.75,-1.05,-0.53,15.48,4.659221914613612,0.035714192502103614,51.158,50.58266666666667,51.35937865962405,4.789572296921157,4.735483085362457,4.77025337863503,53.779999999999994,52.36618181818182,53.27946228211384,4.92324396917204,4.846812499792532,4.853469591294546,58.219500000000004,55.82252380952381,53.23416262070737,4.919396335341398,4.922855556867119,4.859903789277445,52.89266666666666,55.5063870967742,50.98568939886893,4.907484492590383,4.913585204601934,4.793841305013053,40.227333333333334,47.16656284153006,44.94940868248084,4.433469078506868,4.690284146711641,4.590627337188835,8.237332370280235
2022-07-08,sz001212,51.42,49.48,51.42,49.08,46008,174135813.0,4.7,-0.7,-0.35,15.61,4.662833354589669,0.0036114399760567295,50.406,50.023333333333326,50.732919106416034,4.731581447562274,4.693236771251961,4.734446703953243,53.039,51.58436363636364,52.58865095809314,4.8852241036248145,4.7994651153230095,4.818808457348204,58.00450000000001,54.99019047619048,52.87662332349715,4.916348396050363,4.898420987271716,4.841135176450038,53.345333333333336,55.286215053763435,50.888548147329004,4.896099408804236,4.897801260214791,4.785389179179286,40.5455,47.469928961748636,45.097952660104426,4.444638936585389,4.697804286911077,4.5929947475954185,8.240888097876697
2022-07-11,sz001212,48.44,48.66,49.34,47.72,30611,112474970.0,3.27,-1.66,-0.82,10.39,4.485877517359114,-0.17695583723055464,49.70399999999999,49.441333333333326,50.04194607094403,4.659214046643884,4.6113354611842405,4.651590308421867,52.410000000000004,50.78818181818182,51.874350783894386,4.828121370227079,4.726856645092882,4.75827555916837,57.480999999999995,54.10023809523811,52.47504014983075,4.923550769072294,4.857423760729692,4.807301113679474,53.652,54.98393548387097,50.74477084750133,4.879529145322286,4.8713353317344605,4.7660658461586305,40.85483333333333,47.7359781420765,45.21474109747805,4.452990274256552,4.69915637152661,4.589482707259801,8.051055885999986
2022-07-12,sz001212,48.57,47.61,48.57,47.14,31548,114419888.61,2.94,-2.16,-1.05,10.7,4.4989718321539875,0.01309431479487344,49.188,48.74333333333333,49.23129738062936,4.5860824681655785,4.557921389687609,4.600717482999241,51.132,49.91545454545454,51.09901427773177,4.769101546134138,4.667011274534138,4.711129426983936,56.611000000000004,53.16014285714286,52.01170299270401,4.91716438247461,4.816987671499378,4.777936420200856,53.88166666666667,54.59412903225807,50.54252756701737,4.862631082036619,4.846783247013925,4.748833974287364,41.153999999999996,47.957459016393436,45.293274176249255,4.464915224999414,4.700663963588821,4.5865151375842,8.05850152063568
2022-07-13,sz001212,49.38,52.31,52.31,49.23,44456,173440630.04,6.47,9.87,4.7,15.08,4.6479303837773225,0.14895855162333493,49.577999999999996,49.784,50.25753158708624,4.5909670004987415,4.57853736155819,4.6164551165919345,50.922,50.12963636363636,51.31919349996235,4.7240371335093,4.644980154105626,4.69963869185546,56.1385,52.75052380952381,52.040112231494106,4.891249759934872,4.791346338290112,4.765554892922425,54.401666666666664,54.492731182795694,50.65655804656464,4.855038065168697,4.832931589061713,4.7423240652222,41.53783333333333,48.323229508196725,45.52333076063453,4.477141678777047,4.706664460597931,4.588528752213483,8.23915084247821
2022-07-14,sz001212,51.95,47.15,52.31,47.14,102011,376738821.05,9.88,-9.86,-5.16,34.61,5.0086470049160665,0.36071662113874403,49.041999999999994,48.974666666666664,49.22168772472416,4.660852018559232,4.717764029697298,4.747185746033312,50.1,49.44381818181818,50.56115831815101,4.725212157740193,4.696727403452312,4.755822021502842,55.1015,51.89447619047618,51.57438725706609,4.893804140085801,4.8025270282883215,4.7887065226361045,54.62833333333334,54.0248817204301,50.43032849517338,4.86623390276177,4.842841843238962,4.75950619036374,41.841,48.507234972677594,45.576664178318644,4.497107414509862,4.724090864733637,4.60230312115455,8.57604037438195
2022-07-15,sz001212,46.1,46.05,47.17,44.94,46461,162836892.82,4.73,-2.33,-1.1,15.77,4.6670885530709345,-0.341558451845132,48.356,47.977333333333334,48.164458483149446,4.661703058255485,4.719842874534533,4.7204866817125195,49.38099999999999,48.707454545454546,49.740947714850826,4.696642252908879,4.686159475330627,4.739688663606132,53.799,51.03242857142857,51.048255137345514,4.865570183576397,4.780935067620239,4.777123858867993,54.83533333333333,53.47144086021505,50.1477266567751,4.858021559298602,4.829993756162135,4.753543762151301,42.13316666666667,48.64523497267759,45.592183385586885,4.510282820161313,4.7296640168176065,4.6044272336763985,8.211752806775387
2022-07-18,sz001212,45.97,46.03,46.61,45.32,41105,143555531.17,2.8,-0.04,-0.02,13.95,4.613894652541167,-0.05319390052976747,47.83,47.202,47.45297232209963,4.687306485291896,4.703906739296427,4.68495600532207,48.767,48.09818181818182,49.066229948514305,4.673260265967889,4.671114457081954,4.716817025230683,52.6385,50.29252380952382,50.57032607664594,4.842280896316227,4.756965969426408,4.7615782201702,54.91,52.90335483870968,49.88206687246703,4.853459285046755,4.8142436331455265,4.7445341421764535,42.42383333333333,48.772999999999996,45.6065380286824,4.5276603501943296,4.733061126075963,4.604737640852292,8.157019930446817
2022-07-19,sz001212,45.7,46.76,48.05,45.32,51621,183760619.68,5.93,1.59,0.73,17.52,4.712826413425117,0.09893176088394995,47.660000000000004,46.84533333333333,47.221981548066424,4.730077401546122,4.712413382007501,4.69424614135642,48.424,47.73327272727273,48.64691541242079,4.65807993485585,4.678308302074177,4.716091459447853,51.8575,49.73266666666667,50.20743787887014,4.828529076254834,4.744636971055826,4.7569351909563835,54.90866666666667,52.377548387096766,49.68064320327561,4.84710251590442,4.805170544653807,4.742488482257012,42.727833333333336,48.91516939890711,45.644356453971504,4.546106477927909,4.739132144542546,4.608281535035007,8.264252446723054
2022-07-20,sz001212,46.75,46.28,47.07,45.92,33977,119318336.97,2.46,-1.03,-0.48,11.53,4.531185030184496,-0.1816413832406214,46.454,46.38533333333333,46.907987698710954,4.7067283308275565,4.646115924886959,4.6398924376324455,48.016,47.34345454545455,48.21656715561701,4.6488476656631486,4.655236501224839,4.682472108672696,51.25699999999999,49.2014761904762,49.8333961761206,4.800505859040699,4.716318490477698,4.735435175644775,54.788,51.82086021505376,49.46124686758041,4.833082866641179,4.784788771381555,4.728856001478141,43.0455,49.03163387978143,45.665197225972435,4.558044342076399,4.738642916747679,4.605753780777613,8.076707191641203
2022-07-21,sz001212,46.09,46.36,47.13,45.45,37264,130847725.47,3.63,0.17,0.08,12.64,4.571289471190606,0.040104441006110214,46.29600000000001,46.354,46.72532513247397,4.6192568240824645,4.600969638341309,4.617024782151832,47.669,47.04236363636363,47.87900949095937,4.640054421320848,4.64113501132074,4.662257083675953,50.7245,48.73509523809524,49.50259654029959,4.781649195246444,4.694488358301499,4.7198022514110445,54.70266666666667,51.27711827956988,49.261166424510705,4.826282364001215,4.7678988749008715,4.718690418878945,43.355000000000004,49.140306010928974,45.687977644793015,4.571902339945888,4.739077183276014,4.604623803414104,8.116766177687298
2022-07-22,sz001212,46.29,44.55,47.07,44.28,43153,149327697.79,6.02,-3.9,-1.81,14.64,4.635010993287761,0.06372152209715498,45.995999999999995,45.772,46.000216754982645,4.61284131212583,4.6062210280764075,4.623020185863808,47.176,46.47527272727273,47.273735038057666,4.637272185190658,4.640218024405633,4.657303249059917,50.1075,48.147047619047626,49.030920679318676,4.761248144407736,4.680522815257814,4.711726893494541,54.395,50.62210752688172,48.957220203574536,4.8233229924304615,4.755558786467746,4.713291746260159,43.62916666666667,49.17948633879782,45.65066690234078,4.581775608424207,4.741146319451158,4.605620104721438,8.174140369558247
2022-07-25,sz001212,44.75,44.79,45.9,44.23,26304,89570722.4,3.75,0.54,0.24,8.93,4.420021795859957,-0.21498919742780398,45.748,45.37,45.596811169988435,4.574066740789588,4.541947855987784,4.555354055862525,46.789,46.04145454545455,46.82214684931991,4.630686613040742,4.6007179536182345,4.614161166659924,49.59949999999999,47.64061904761905,48.62702347176452,4.729403991633911,4.648025067777073,4.68394545562458,53.917,50.00243010752688,48.688367287214895,4.825929383728444,4.729539354430939,4.694371104298857,43.95366666666667,49.21754644808743,45.62244831537879,4.5857566830571965,4.735842915760527,4.599534914266963,7.952166076872368
2022-07-26,sz001212,45.01,46.37,46.59,43.53,51279,177275544.7,6.83,3.53,1.58,17.4,4.709939547347023,0.28991775148706633,45.67,45.57733333333333,45.85454077999229,4.573489367573969,4.587238791506929,4.6068825530240245,46.665,45.96527272727273,46.73993833126174,4.651783384560045,4.615127578037558,4.631575417693941,48.8985,47.33304761904761,48.41206885540599,4.710442465347091,4.646171311178323,4.68642108340767,53.29566666666666,49.515526881720426,48.53879520416878,4.828704049836421,4.722056139180525,4.695375519979384,44.31783333333333,49.29677049180328,45.646958206677844,4.5941060335583765,4.7399144850815045,4.603154738302375,8.248648828469594
2022-07-27,sz001212,45.93,46.79,47.66,45.71,49876,177137283.42,4.21,0.91,0.42,16.92,4.697891616266296,-0.012047931080727103,45.772,45.95066666666666,46.16636051999486,4.606830684790329,4.628706207737705,4.637218907438115,46.113,45.988,46.749040452850515,4.656779507808943,4.62351089289324,4.64363290834346,48.5175,47.13223809523809,48.25758610727209,4.690408320659121,4.644975992218247,4.687513515108492,52.79666666666667,49.0958064516129,48.42596970712563,4.813093009226228,4.7136166273372915,4.695537848772088,44.7205,49.377825136612024,45.68443498678677,4.605378203962191,4.743317291071928,4.606260865448732,8.24830998004625
2022-07-28,sz001212,46.88,47.84,48.61,46.1,60845,217990934.97,5.36,2.24,1.05,20.65,4.784224895439896,0.08633327917359956,46.068,46.64,46.724240346663244,4.649417769640187,4.687837611287561,4.686220903438709,46.182,46.302,46.947396734150416,4.634337296861325,4.646682781553413,4.669195087815539,48.141,47.06771428571428,48.21781600181761,4.679774727300759,4.65391090410213,4.696724122759101,52.12833333333333,48.77602150537634,48.388165209891724,4.807315192344309,4.711754168383334,4.701259593718399,45.117666666666665,49.48010382513661,45.755109249515066,4.619579977685705,4.749181117022016,4.612095751677951,8.338438434089179
2022-07-29,sz001212,47.52,52.56,52.56,46.33,113534,430044336.56,13.02,9.87,4.72,38.52,5.05512593907255,0.2709010436326542,47.67,48.803999999999995,48.66949356444216,4.733440758797145,4.823073667765015,4.809189248649989,46.833000000000006,47.46163636363636,47.96787005521397,4.673141035461486,4.723189807409999,4.7393643334986315,48.107,47.48857142857144,48.631357334977835,4.684891644185183,4.689658638556586,4.730857629074667,51.477,48.803870967741936,48.65731584151162,4.8014271342047605,4.727741958494834,4.7240896805154415,45.585166666666666,49.724114754098366,45.97822042166211,4.641080873318534,4.7634613124773235,4.626621331592528,8.633513232627822
2022-08-01,sz001212,53.24,51.35,54.24,50.45,115318,458026892.59,7.21,-2.3,-1.21,39.13,5.0618971016619225,0.0067711625893727145,48.982000000000006,50.03066666666667,49.56299570962811,4.861815819957538,4.932559115386607,4.893425199653967,47.364999999999995,48.28290909090909,48.58280277244779,4.717941280373562,4.793872728537351,4.798006654982866,48.066,47.79742857142857,48.890275684027564,4.695600773170726,4.725563920221038,4.762385197892502,50.88066666666667,48.79567741935485,48.831037400123776,4.8008343576686725,4.744546472524328,4.745883707686183,46.03933333333334,49.9131256830601,46.15434434226335,4.663322848855374,4.7772585658656315,4.6408926683161145,8.660890977917767
2022-08-02,sz001212,49.74,46.28,49.99,46.28,78488,282540112.45,7.22,-9.87,-5.07,26.63,4.894803262705033,-0.16709383895688923,48.964,49.129999999999995,48.468663806418746,4.89878856302914,4.943554929635773,4.893884554004323,47.317,48.08563636363636,48.16411135927546,4.736138965301554,4.826029452597618,4.815606038205078,47.8705,47.62733333333333,48.641677999834464,4.697109450078702,4.744535585890971,4.7749964421603615,50.34400000000001,48.498860215053774,48.666454342051274,4.7977323726037415,4.750608982526673,4.755491420913206,46.3995,49.92101639344262,46.158464199894055,4.683427756439516,4.784848087631195,4.6492176058370625,8.451080113674122
2022-08-03,sz001212,46.49,44.1,47.4,43.98,60889,213113614.86,7.39,-4.71,-2.18,20.66,4.7845388415525,-0.11026442115253321,48.426,47.50866666666666,47.0124425376125,4.91611800808638,4.9054716891435595,4.857435983187049,47.099,47.500727272727275,47.42518202122537,4.761474346438354,4.83482943009779,4.809957456995519,47.5575,47.2682380952381,48.20913723794547,4.705161006050751,4.752862194602762,4.7759052421024695,49.870999999999995,48.09602150537634,48.37184438449958,4.787495354839917,4.749757786974981,4.757365448051225,46.7145,49.845622950819674,46.09097357038933,4.699055178076781,4.7881632051758825,4.6536543676637985,8.32861119570056
2022-08-04,sz001212,43.43,42.51,44.1,41.87,56912,184710644.74,5.06,-3.61,-1.59,19.31,4.755203847841705,-0.029334993710794954,47.36,45.53666666666666,45.51162835840833,4.910313798566743,4.851833635728668,4.823358604738601,46.714,46.66636363636364,46.53151256282075,4.779865784103465,4.833689339443854,4.800002255331188,47.191500000000005,46.787523809523805,47.66636226290304,4.709960102712156,4.757628179535235,4.773933680744301,49.38766666666666,47.62111827956989,47.993660875822194,4.7810547248654505,4.747674463942838,4.7572259899731915,47.004666666666665,49.70777049180328,45.97356460086837,4.714664880101211,4.790004145168175,4.656983858817172,8.2664919242363
2022-08-05,sz001212,42.6,42.85,43.1,42.13,36187,117016975.94,2.28,0.8,0.34,12.28,4.558552580415453,-0.19665126742625194,45.418,44.03333333333333,44.62441890560556,4.8109991268353225,4.734579896344906,4.735089929964219,46.544,45.96381818181818,45.862146642307884,4.772219942816234,4.793450575136943,4.756102314437418,46.86,46.37404761904762,47.207661095007516,4.704746064003446,4.7432084155069765,4.753421194998697,48.91966666666667,47.199333333333335,47.66181178705948,4.764905410543902,4.733319486881547,4.744408350646886,47.29533333333334,49.57155191256831,45.87115264674154,4.729276187739325,4.784885709112903,4.653756603787608,8.068248870483458
2022-08-08,sz001212,42.67,44.25,45.16,42.56,35768,119903378.52,6.07,3.27,1.4,12.14,4.553494656859975,-0.005057923555478183,43.998000000000005,43.644,44.49961260373704,4.709318637874934,4.648745073019788,4.674558172262804,46.489999999999995,45.546727272727274,45.56902907097918,4.785567228916236,4.753682341326714,4.719264558514246,46.639500000000005,46.12547619047619,46.925979085959185,4.708126920978488,4.728803519588551,4.734380572318819,48.563,46.89806451612903,47.44169489757177,4.748125070728019,4.719680083418069,4.732091338144505,47.60866666666667,49.471704918032785,45.81800010094673,4.7457665323707054,4.779122380231614,4.65046932683916,8.07883142039594
2022-08-09,sz001212,44.15,48.62,48.62,43.58,58187,205822762.85,11.39,9.88,4.37,19.74,4.764825966455619,0.21133130959564372,44.465999999999994,45.184666666666665,45.87307506915803,4.68332317862505,4.6672475158800175,4.704647436993743,46.714999999999996,45.934,46.123751058073864,4.791055870827095,4.749911202697511,4.727548450867222,46.69,46.31409523809524,47.08731441110593,4.72141962769357,4.734203428681611,4.737280133665181,48.17066666666666,46.90174193548387,47.51771458159941,4.737313600507093,4.720757560561784,4.734203249648448,47.996,49.50486338797814,45.90986895009602,4.766507756743577,4.779747279709808,4.654218724859372,8.313493403630842
2022-08-10,sz001212,49.15,48.71,50.45,47.45,94953,352272339.8,6.17,0.19,0.09,32.22,4.977508690640845,0.2126827241852265,45.388,46.599333333333334,46.818716712772016,4.721917148442719,4.7653093532186155,4.795601188209444,46.907,46.29672727272727,46.59397813842407,4.81901757826455,4.78381171539092,4.772995767189699,46.51,46.50647619047619,47.241855895762505,4.737898543036747,4.758592863248018,4.76015904385334,47.98066666666667,46.936537634408594,47.59463622149622,4.733278073194264,4.736254017989769,4.749900374873764,48.389166666666675,49.528273224043716,46.00167652550271,4.789706676277212,4.786665343116276,4.6648183958686005,8.546878543993534
2022-08-11,sz001212,48.62,49.17,49.74,47.85,64738,241658567.38,3.88,0.94,0.46,21.97,4.811159278285883,-0.16634941235496203,46.72,47.86,47.60247780851468,4.733108234531556,4.7950567298330045,4.800787218234924,47.04,46.708181818181814,47.062345749619695,4.821711016549149,4.782382933576617,4.779934587389005,46.611000000000004,46.75980952380952,47.42548866759465,4.728024156705237,4.765570076128888,4.765016209037392,47.774,47.0132688172043,47.69627259430292,4.727086823716889,4.7412786118666475,4.7538525621906755,48.786833333333334,49.5538743169399,46.10555598368295,4.809226260114617,4.78736870711656,4.669616457587201,8.383202196536363
2022-08-12,sz001212,48.8,47.88,49.48,47.27,51628,188767927.38,4.49,-2.62,-1.29,17.52,4.7128853013829275,-0.0982739769029557,47.726,48.24666666666667,47.69498520567646,4.76397477872505,4.788315752116794,4.771486579284259,46.571999999999996,46.8609090909091,47.21101015877974,4.787486952780187,4.762596439910031,4.767743808115172,46.7025,46.88066666666667,47.468775461157065,4.730313994120836,4.764128280383907,4.760051360689348,47.59533333333333,47.02010752688173,47.70812597531563,4.719090080383518,4.740362384619296,4.751209513106304,49.12716666666666,49.52414207650272,46.163734476021205,4.811232702654353,4.784209987158144,4.671035108203454,8.275928207413747
2022-08-15,sz001212,48.1,47.69,48.17,46.76,33015,118556179.68,2.94,-0.4,-0.19,11.2,4.518711301609029,-0.1941739997738985,48.414,48.23466666666666,47.69332347045098,4.757018107674861,4.706561259744787,4.687228153392516,46.206,47.06418181818182,47.298099220819786,4.733168372774897,4.713728139697094,4.722465170568601,46.7855,46.97471428571428,47.48984446485639,4.72555482657423,4.743975643001829,4.7370665931578895,47.446000000000005,47.02621505376344,47.70695655755334,4.708123306372116,4.727434721472553,4.736209628493577,49.419,49.47702185792349,46.21377596861067,4.806282715351354,4.774619121550101,4.6660408850364234,8.073924196281114
2022-08-16,sz001212,48.11,49.35,51.2,48.11,87863,332302681.36,6.48,3.48,1.66,29.81,4.943806027761564,0.4250947261525351,48.56,48.54666666666667,48.245548980300654,4.79281411993605,4.768823899773689,4.772754111515532,46.513,47.63581818181819,47.67117208976164,4.73806864928055,4.752025895149215,4.762708962785503,46.915000000000006,47.21895238095238,47.66700213487007,4.737103807291052,4.764761471686337,4.756756063120144,47.418,47.149053763440854,47.81295936029184,4.710762516479319,4.742640058336389,4.749602944575383,49.68866666666666,49.47475956284153,46.31660298603327,4.812526958519394,4.77912808261273,4.675147938896264,8.521533845627655
2022-08-17,sz001212,48.78,47.72,49.41,47.61,50639,185543996.79,3.65,-3.3,-1.63,17.18,4.704485120809259,-0.23932090695230546,48.362,48.266666666666666,48.07036598686711,4.738209405969732,4.739380900064758,4.749997781280108,46.875,47.85527272727273,47.680049891623156,4.730063277206225,4.745919799063527,4.752122809698912,46.987,47.29561904761905,47.67204955059673,4.74576881182229,4.761654930116642,4.751777878138156,47.33,47.1685376344086,47.8069619822085,4.713461763102576,4.742235065067353,4.746692117235633,49.910833333333336,49.4102131147541,46.362616002884636,4.807172984360605,4.775585727277972,4.676109813713083,8.26844690746867
2022-08-18,sz001212,47.72,45.7,47.72,45.54,42774,150549412.35,4.57,-4.23,-2.02,14.51,4.631179865096633,-0.0733052557126257,47.668,47.379333333333335,47.280243991244745,4.702213523331883,4.703704386440392,4.710391809218949,47.194,47.641636363636366,47.320040820418946,4.717660878931719,4.727940996861782,4.730133183407588,46.95399999999999,47.17304761904762,47.48423530768276,4.748763331517592,4.750741697095151,4.7402923530865815,47.19233333333333,47.06337634408602,47.67102895109827,4.712527028118677,4.736926555518583,4.739239713871827,50.0425,49.27215300546449,46.34089088803596,4.81000576035453,4.769815461072596,4.67463670064369,8.177679064640207
2022-08-19,sz001212,46.0,43.38,46.1,43.32,38066,127525174.72,6.08,-5.08,-2.32,12.92,4.580537243265738,-0.050642621830895074,46.767999999999994,45.95,45.98016266082983,4.6757439117084445,4.663145626418343,4.667106953901213,47.247,46.94818181818182,46.603669762160955,4.719859345216747,4.703009426740695,4.7029339215636154,46.8955,46.83266666666667,47.09335575457012,4.7460396440164905,4.734720164880689,4.725077580722692,46.989,46.817419354838705,47.39418837360806,4.70978382440788,4.72841108552807,4.729000844800467,50.16716666666667,49.053710382513664,46.24381249826428,4.802941616606058,4.762291903135258,4.671551472532938,8.105595927222867
2022-08-22,sz001212,43.38,44.67,44.73,42.97,31560,105530153.13,4.06,2.97,1.29,10.71,4.499136994537383,-0.08140024872835472,46.164,45.25066666666667,45.543441773886556,4.671829050294116,4.60427665402799,4.611116967446603,47.289,46.47963636363637,46.252093441768054,4.714423578984489,4.662878090253537,4.6658799348315725,46.889500000000005,46.62071428571428,46.862559968420584,4.749995403950362,4.711205626835059,4.703559429657425,46.856,46.66780645161289,47.21843428498819,4.710225806980488,4.71482096747191,4.714170918977042,50.254000000000005,48.87347540983606,46.19221208848512,4.794877476151387,4.752331095854318,4.6658985388281655,8.023376568324966
2022-08-23,sz001212,44.63,41.47,44.63,40.26,81546,257652012.75,9.78,-7.16,-3.2,14.63,4.911402662855964,0.4122656683185806,44.588,43.686,44.185627849257706,4.665348377312996,4.684134524881939,4.711212199249724,46.574,45.42163636363637,45.38262190690113,4.729081248624523,4.698692469139259,4.710520430836008,46.64450000000001,46.104571428571425,46.348982828571,4.760068559725809,4.726577746730832,4.723354023295381,46.65133333333333,46.32032258064516,46.84756755692444,4.7239735013372215,4.727800119463877,4.726895547614393,50.26649999999999,48.58547540983606,46.03738546263315,4.79330229168692,4.756151593779059,4.67394785437006,8.411033539472445
2022-08-24,sz001212,40.91,39.59,41.28,39.48,36215,110067389.21,4.34,-4.53,-1.88,6.5,4.558888489536734,-0.3525141733192294,42.962,42.02,42.65375189950514,4.636229051058491,4.648647895623185,4.660437629345394,45.662,44.151818181818186,44.32941792382819,4.687219228514111,4.667748331123298,4.682950986963412,46.284499999999994,45.43271428571428,45.705270178230904,4.753118403389331,4.707417740046158,4.707690639127891,46.227333333333334,45.86475268817205,46.37933739196158,4.721005438195869,4.717149473541263,4.716056382577125,50.314499999999995,48.23542622950819,45.825995775333695,4.788021751682281,4.748465895347905,4.670175416178803,8.0416586651661
2022-08-25,sz001212,39.94,38.52,40.04,38.01,32735,95843766.82,5.13,-2.7,-1.07,5.87,4.5150123452580155,-0.043876144278718776,41.526,40.53933333333334,41.27583459967009,4.612995547090767,4.608242327023027,4.611962534649601,44.597,42.85327272727273,43.27316011949579,4.657604535211325,4.636437988713099,4.652416688471521,45.8185,44.693238095238094,45.0209587326851,4.739657775880237,4.68474097260508,4.689340325425999,45.93966666666666,45.367505376344084,45.872283366673734,4.7045509495406,4.703859596577532,4.703085799524279,50.284,47.8487213114754,45.58645493024079,4.785392426151185,4.739514767268419,4.665088102378122,7.981563873878635
2022-08-26,sz001212,38.52,38.51,39.14,38.17,20679,60502407.0,2.52,-0.03,-0.01,3.71,4.315529533213849,-0.19948281204416674,40.552,39.534,40.3538897331134,4.559994005080389,4.509086989064055,4.513151534171017,43.660000000000004,41.746545454545455,42.40713100686019,4.617868958394417,4.574242533804467,4.5911644784246715,45.116,43.997190476190475,44.40086742481033,4.702677955587301,4.644347806636853,4.65373929759627,45.68833333333334,44.888172043010755,45.397297343017364,4.692832315545363,4.6787614406854825,4.678082169439736,50.261833333333335,47.46268852459016,45.3544400144952,4.775426937421982,4.724109426516376,4.653627165684211,7.781772652768566
2022-08-29,sz001212,37.94,39.09,39.4,37.65,21677,63856631.84,4.54,1.51,0.58,3.89,4.335999177608131,0.020469644394282227,39.436,39.04666666666667,39.93259315540894,4.527366441694539,4.434422046573302,4.454100748650055,42.8,40.91563636363636,41.80401627834016,4.599597745994327,4.522993482752415,4.544770787367119,44.503,43.42328571428571,43.89507052720935,4.666383059384612,4.609426018257885,4.623478333787876,45.457,44.462473118279576,44.99037493379044,4.6835691330475955,4.655739947915338,4.656012298998987,50.183499999999995,47.096398907103826,45.14904853861011,4.768514209047175,4.709701958981496,4.643213133288275,7.805206007659753
2022-08-30,sz001212,38.95,38.83,39.47,38.17,23055,67504109.9,3.33,-0.67,-0.26,4.14,4.362765126555426,0.026765948947295115,38.908,38.84466666666667,39.56506210360596,4.417638934434431,4.379554941526931,4.423655541285179,41.748000000000005,40.19381818181818,41.263286045914676,4.541493655873714,4.479933006490797,4.51167884903772,44.1305,42.88300000000001,43.41268285795131,4.6397811525771315,4.580510024655106,4.598648504527643,45.19266666666667,44.0349247311828,44.59293138967493,4.671900423485273,4.635042915238424,4.637093126583274,50.050666666666665,46.72415300546448,44.94186661931141,4.759501469694846,4.696398710375209,4.634018116674083,7.829330215091087
2022-08-31,sz001212,38.46,36.83,38.85,36.66,28709,81181836.6,5.64,-5.15,-2.0,5.15,4.458018065291855,0.09525293873642848,38.356,38.152,38.65337473573731,4.397464849585456,4.393014651812738,4.435109715954071,40.659000000000006,39.29963636363637,40.45723403756655,4.516846950321973,4.464755626385005,4.501922342902108,43.766999999999996,42.187714285714286,42.785760681003566,4.623455113764099,4.563199254437459,4.58525512936233,44.87766666666666,43.495397849462364,44.0920971064701,4.669461524655517,4.621244053419494,4.625539896822538,49.83283333333334,46.290688524590166,44.675903779333986,4.751272195648348,4.686514008591504,4.628247623186141,7.909458872261174
2022-09-01,sz001212,36.83,37.88,38.14,36.83,28108,80192295.28,3.56,2.85,1.05,5.04,4.448829944865182,-0.009188120426673052,38.227999999999994,37.99333333333333,38.39558315715821,4.384228369506888,4.4101363502393145,4.439683125591108,39.876999999999995,38.794363636363634,39.98864603073627,4.498611958298828,4.452388898120134,4.492269179622666,43.5355,41.62704761904762,42.31854537805084,4.608136418615273,4.5465682859708965,4.572262254648315,44.595,43.04393548387097,43.69131664798816,4.665379540444671,4.607009757949151,4.614139254760774,49.64883333333333,45.89879234972678,44.45308726197877,4.745830952222943,4.676597869221565,4.622365076355945,7.904132644118082
2022-09-02,sz001212,39.03,38.22,40.48,37.88,36398,106785942.0,6.86,0.9,0.34,6.53,4.561077520659303,0.1122475757941217,38.17,37.99066666666667,38.33705543810547,4.43333796699598,4.46908606729012,4.4801479239471735,39.361000000000004,38.49309090909091,39.667074025147855,4.496665986038185,4.463746273094765,4.504779787083873,43.303999999999995,41.12080952380952,41.92820772299838,4.608262665627466,4.542086486165565,4.571197041887457,44.384,42.63264516129032,43.33832847715022,4.662915091357055,4.600280595382352,4.610715917076809,49.389500000000005,45.52407650273223,44.248723745192585,4.743119041893758,4.670540379662102,4.6203556483003165,8.028514083088787
2022-09-05,sz001212,38.29,38.55,39.13,37.48,27286,79696852.35,4.32,0.86,0.33,4.9,4.435939874795859,-0.1251376458634441,38.062,38.117333333333335,38.408036958736986,4.453326106433526,4.46995336989008,4.465411907563403,38.749,38.345636363636366,39.46396965693915,4.4903462740640325,4.452705161959797,4.492263439395143,43.019,40.66804761904762,41.60647365414139,4.602384926524261,4.52567479180065,4.5583154069263525,44.176,42.25625806451613,43.02940405926956,4.663445693988251,4.585637033023565,4.599440043381264,49.0465,45.16868306010928,44.06188034371086,4.744687538858347,4.660468931560531,4.614309229496891,7.90144116914993
2022-09-06,sz001212,38.87,39.27,39.27,37.79,30788,90176028.4,3.84,1.87,0.72,5.52,4.488381477887442,0.052441603091582856,38.15,38.519999999999996,38.69535797249132,4.478449376699929,4.481638493708052,4.47306843100475,38.529,38.44036363636364,39.42870244658658,4.44804415556718,4.452347926291326,4.491557628211924,42.5515,40.311,41.38395235374697,4.588562702095851,4.514817320501906,4.551655032732171,43.93933333333334,41.93974193548387,42.78686186189733,4.656060425006266,4.574342567468674,4.592274974639728,48.61749999999999,44.848142076502725,43.90476951276952,4.742382237421343,4.652065454151649,4.610180450755598,7.955091103869784
2022-09-07,sz001212,38.72,39.2,39.66,38.72,27507,81773767.56,2.39,-0.18,-0.07,4.94,4.439443227449247,-0.04893825043819522,38.624,38.87,38.86357198166088,4.474734409131407,4.468636443957824,4.461860029819583,38.49,38.56236363636364,39.38712018357083,4.436099629358432,4.450784121178975,4.482082282618709,42.076,39.991809523809515,41.175956891485356,4.561659428936271,4.500615465773658,4.540968194133797,43.68633333333333,41.63397849462366,42.55545141919428,4.647445478712364,4.560367264400479,4.582414861917761,48.2415,44.539371584699445,43.75051477464592,4.730269243969297,4.642133027595187,4.604582509007849,7.912614007447894
2022-09-08,sz001212,39.2,38.62,39.21,37.9,24812,72253379.19,3.34,-1.48,-0.58,4.45,4.394661772492928,-0.044781454956318356,38.772000000000006,38.86866666666666,38.78238132110725,4.463900774656956,4.441945565078331,4.439460610710698,38.5,38.586,39.24764378655795,4.424064572081922,4.443249965385247,4.466187644414021,41.5485,39.66266666666667,40.93253242562961,4.540834553646624,4.484710927064768,4.527034249215619,43.379,41.307118279569885,42.30155132763336,4.634460041280798,4.544058638192775,4.570301759374224,47.75366666666666,44.22391256830602,43.582301175477205,4.720887616812553,4.6311295039402225,4.597699861908999,7.85885816325214
2022-09-09,sz001212,38.91,39.35,39.37,37.92,24849,72978462.66,3.75,1.89,0.73,4.46,4.395308916078588,0.0006471435856596486,38.998000000000005,39.06133333333333,38.97158754740484,4.430747053740813,4.419081612218876,4.424743379166662,38.584,38.740545454545455,39.266254007183775,4.432042510368396,4.438021664293731,4.453300602898488,41.122,39.453285714285705,40.78181505176012,4.524955734381407,4.470851342534479,4.514488979393045,42.93866666666667,41.04718279569892,42.11112866133444,4.612466140514333,4.528629533341019,4.559011898516441,47.20783333333333,43.94838251366121,43.44353720251074,4.706946637359548,4.620454792440748,4.591064093193248,7.86319471042201
2022-09-13,sz001212,39.21,39.09,39.89,38.98,19018,56720128.55,2.31,-0.66,-0.26,3.41,4.27916484306227,-0.11614407301631768,39.106,39.092,39.01105836493656,4.3993920473940955,4.368554208659361,4.376217200465199,38.583999999999996,38.83254545454545,39.23420782405945,4.42635907691381,4.410225724783527,4.421639555655539,40.692,39.2597619047619,40.62068980873535,4.5129784114540685,4.44744268621837,4.492077156885352,42.529999999999994,40.79888172043012,41.91621713479674,4.586375065227679,4.507126223827982,4.5409572497774615,46.705333333333336,43.68222404371584,43.300798277838254,4.693604711448175,4.606429159840838,4.5808378882709215,7.753737206457316
2022-09-14,sz001212,38.1,39.44,39.7,37.91,28276,83830566.58,4.58,0.9,0.35,5.07,4.451417972989262,0.17225312992699138,39.14,39.20333333333333,39.154038909957706,4.39199934641446,4.385896183857751,4.401284124639886,38.644999999999996,38.98818181818182,39.27162458332137,4.435224361557194,4.414781887706337,4.42705381335258,40.1965,39.14052380952381,40.508243160284366,4.488359008715453,4.441579787316961,4.488204853657153,42.302,40.599526881720436,41.75646119061631,4.571595555570485,4.49841931465131,4.535180522242739,46.323,43.44401639344262,43.174214727745195,4.684663964087113,4.598488611038906,4.576594612360047,7.923402401405478
2022-09-15,sz001212,39.6,39.33,40.2,38.46,31595,93669671.71,4.41,-0.28,-0.11,5.67,4.499618359700007,0.04820038671074478,39.166,39.266666666666666,39.21269260663847,4.404034372864611,4.421769188286267,4.43406220299326,38.894999999999996,39.11272727272727,39.28223829544475,4.4393843909980095,4.426489887368666,4.44024736723393,39.777,39.05799999999999,40.39602952597157,4.4781156706599905,4.442652106458346,4.489291854232663,42.143,40.40778494623655,41.59991530735074,4.562098206175403,4.49377562459515,4.532886189175467,46.007,43.21473770491804,43.04817490060601,4.67479678050766,4.592421542042608,4.574070800797422,7.971598998133493
2022-09-16,sz001212,39.53,38.47,39.73,38.47,28159,83173174.48,3.2,-2.19,-0.86,5.05,4.449617227806961,-0.05000113189304578,39.136,39.034666666666666,38.96512840442565,4.415025463927418,4.43696347326705,4.439247211264494,38.954,39.03545454545454,39.13455860536388,4.439463119292187,4.428350403152112,4.441950978247208,39.4155,38.933523809523805,40.21259814254571,4.469037538795508,4.439937969043773,4.485513318382596,42.00833333333333,40.17081720430107,41.397985287521664,4.551911985507577,4.4865187872810575,4.527513998119435,45.69799999999999,42.967622950819674,42.89807080550417,4.666483355186514,4.585038605888486,4.569990355781341,7.919983277566552
2022-09-19,sz001212,38.51,37.68,39.07,37.32,22782,65443662.76,4.55,-2.05,-0.79,4.09,4.357591847523441,-0.09202538028351981,38.802,38.54933333333334,38.5367522696171,4.407482050216388,4.417818934465724,4.412028756684143,38.9,38.80381818181818,38.870093404388626,4.419114551978601,4.413464717375976,4.42661295447925,39.1305,38.76823809523809,39.971398319446116,4.457890269008393,4.429324093684527,4.473330321157914,41.836,39.89156989247312,41.15811526897188,4.545213294411178,4.473982004185307,4.516551278726146,45.377833333333335,42.70473770491803,42.72698651679911,4.655059352477539,4.574911015473305,4.563026470264688,7.815867597997328
2022-09-20,sz001212,37.91,39.81,39.82,37.7,43704,130202157.71,5.63,5.65,2.13,7.84,4.640521187506526,0.28292933998308545,38.946,38.88533333333333,38.96116817974473,4.47975331910524,4.495498646895769,4.488192900291605,39.026,38.969272727272724,39.0409855126816,4.439572683249667,4.453720469290145,4.465505360484209,38.8875,38.83295238095238,39.95602705092744,4.46495947865685,4.446717514493874,4.489253260810163,41.687999999999995,39.76086021505376,41.07114009032854,4.548114178766062,4.480130900514038,4.524549337357138,45.1255,42.522185792349724,42.63134761460898,4.648119624747041,4.574434354326715,4.56556728066606,8.114618181419438
2022-09-21,sz001212,39.6,39.7,40.25,39.22,26268,78790351.33,2.59,-0.28,-0.11,4.71,4.419427007615557,-0.22109417989096958,38.998000000000005,39.13666666666666,39.20744545316316,4.4733551260305,4.475389876399209,4.465270936066256,39.069,39.091818181818184,39.16080632855767,4.43267723622248,4.450057619174852,4.457127478144454,38.79899999999999,38.91033333333333,39.93164352226768,4.440360695894829,4.442381088680417,4.482603141458296,41.39066666666667,39.63260215053764,40.982679439339606,4.536600880138059,4.471828502375296,4.517767251567359,44.78066666666666,42.34430054644808,42.53523785675295,4.636957240322576,4.566936235732239,4.560775796303749,7.896473037023765
2022-09-22,sz001212,39.29,39.6,40.44,39.09,36261,109133279.48,3.4,-0.25,-0.1,6.51,4.559439776827703,0.140012769212146,39.05200000000001,39.337333333333326,39.33829696877544,4.485319409456038,4.504084759998277,4.496660549653405,39.109,39.18836363636363,39.24065972336537,4.4446768911603245,4.473105353830348,4.475729714268681,38.7995,38.986619047619044,39.90005842490885,4.440388260259377,4.453721953531168,4.489920916255382,41.086999999999996,39.5170752688172,40.893474314220924,4.522665249677622,4.4733019795810804,4.520455801584156,44.53383333333333,42.17444262295082,42.43900054997416,4.627971661435944,4.56439467955208,4.5607319923865015,8.037957206047667
2022-09-23,sz001212,39.37,37.82,39.73,37.66,29805,86539286.91,5.23,-4.49,-1.78,5.35,4.4742891261654965,-0.0851506506622064,38.922000000000004,38.92666666666667,38.832197979183626,4.4902537891277445,4.500407998901431,4.489203408490769,39.029,38.95399999999999,38.98235795548075,4.452639626527581,4.47848939655856,4.47546778915901,38.764500000000005,38.89333333333334,39.701957622536575,4.438352099304752,4.456950607426988,4.48843217434206,40.708666666666666,39.30630107526882,40.695185648787316,4.5114362446069425,4.470180939354491,4.517477306395855,44.24133333333334,41.95431693989071,42.2875579089914,4.619261534161917,4.559355907903868,4.557897800051387,7.9372133122594235
2022-09-26,sz001212,37.0,37.91,39.13,36.7,25735,74003333.37,6.43,0.24,0.09,4.62,4.410524172586189,-0.06376495357930789,38.968,38.589333333333336,38.52479865278909,4.500840254140295,4.473831460054245,4.462976996522576,38.885000000000005,38.75054545454546,38.78738378175697,4.454161152178341,4.470832041296489,4.463659858873042,38.7345,38.811952380952384,39.53129499181881,4.443101831273369,4.454300328691888,4.481012364651026,40.376333333333335,39.125741935483866,40.51549625209136,4.501357540313718,4.463670483095088,4.510577104214586,43.985833333333325,41.74673224043716,42.14403142017201,4.610223810348618,4.552512059983352,4.553065877839412,7.869251282320067
2022-09-27,sz001212,38.01,38.69,38.7,37.65,20367,58920836.85,2.77,2.06,0.78,3.65,4.308927063394053,-0.10159710919213527,38.744,38.49666666666667,38.57986576852606,4.4345214293178,4.409860396472165,4.411627018813069,38.845,38.71509090909091,38.76967763961934,4.45713737421152,4.444425843335709,4.435526623331407,38.7145,38.80771428571428,39.45117165926464,4.441748225562665,4.441521779370047,4.464623288340838,40.07633333333333,39.01694623655914,40.39772230034353,4.494364732373219,4.451255613616399,4.497567424161649,43.76116666666667,41.573098360655734,42.030784488363096,4.601244019372668,4.54263347811599,4.545061326546121,7.770268906479423
2022-09-28,sz001212,38.43,37.42,38.69,37.3,20140,57642888.85,3.59,-3.28,-1.27,3.61,4.304059466217599,-0.004867597176454019,38.288,38.05533333333334,38.193243845684044,4.411447921038208,4.366373075438764,4.375771167947913,38.643,38.455999999999996,38.52428170514309,4.442401523534353,4.416593496427724,4.41162350385617,38.644,38.68442857142857,39.25772673933467,4.438812942545773,4.428408564194326,4.449331495757672,39.67866666666667,38.845569892473115,40.205611184192335,4.47303984698842,4.438977854509585,4.4850830397781625,43.54833333333333,41.365191256830606,41.879611226449555,4.59190118173387,4.53288972227484,4.5371596262074805,7.760745737932639
2022-09-29,sz001212,37.68,35.96,37.88,35.73,23534,65246356.65,5.75,-3.9,-1.46,4.22,4.371695749117709,0.06763628290010981,37.56,37.279333333333334,37.448829230456035,4.37389911549621,4.353122351465265,4.374412695004512,38.306,37.96818181818182,38.05804866784434,4.429609262476124,4.403737901079243,4.4043639120855405,38.6005,38.42880952380953,38.9436575260647,4.434496826737066,4.422016450534511,4.441937615125295,39.28666666666667,38.60565591397849,39.931700785212186,4.461946867932036,4.432439525614701,4.477767730703294,43.30833333333333,41.11639344262295,41.6855256124676,4.587704315517305,4.525669872025128,4.5317345810569964,7.814556265727143
2022-09-30,sz001212,35.88,35.06,36.25,34.92,18839,50437144.0,3.7,-2.5,-0.9,3.38,4.275057846120968,-0.0966379029967408,37.008,36.446000000000005,36.652552820304024,4.334052859487303,4.320175261673517,4.341294412043331,37.964999999999996,37.378,37.51294891005446,4.412153324307524,4.3756376435601245,4.3808537182738,38.4595,38.09161904761905,38.573785380725205,4.425808221799856,4.406831785713931,4.426044303791549,38.932,38.33296774193548,39.61739750874689,4.45007613396618,4.420382169368826,4.464689673633467,43.06216666666667,40.84595628415301,41.46829526451784,4.581301581042428,4.515419168110495,4.523318950403356,7.702750486700471
2022-10-10,sz001212,35.1,34.52,35.83,34.33,15303,40362166.7,4.28,-1.54,-0.54,2.75,4.184776578250849,-0.09028126787011903,36.33,35.61666666666667,35.941701880202686,4.288903340620236,4.270416501261366,4.289121800779171,37.649,36.751636363636365,36.96877638095365,4.394871797380266,4.3342964170043645,4.345203329178718,38.2745,37.71642857142857,38.1877105825609,4.406993174679433,4.383876391090215,4.403066425168626,38.63666666666667,38.048322580645156,39.28853315334387,4.436884111799016,4.403266069000095,4.4466307642539435,42.81283333333333,40.56588524590163,41.24048230502545,4.573333968103447,4.502418348346837,4.512219200496716,7.6059744717521065
2022-10-11,sz001212,34.07,35.58,36.01,34.02,20214,53732334.8,5.76,3.07,1.06,3.63,4.305652261364764,0.12087568311391461,35.708000000000006,35.36666666666667,35.82113458680179,4.2882483802143785,4.275999474842876,4.294631954307702,37.226,36.375454545454545,36.71627158441662,4.361384904766089,4.318074683183365,4.338012225939817,38.126,37.45980952380952,37.93935719374558,4.400478794007879,4.374224875536437,4.393788885758734,38.333666666666666,37.8511182795699,39.04927294990233,4.430434620693263,4.394799498004336,4.437535376970771,42.594833333333334,40.32874316939892,41.05489272125413,4.570330213836875,4.493641898945568,4.5054465139678,7.730235712125103
2022-10-12,sz001212,35.86,37.39,37.65,34.82,24158,66226007.4,7.95,5.09,1.81,4.33,4.383060976930993,0.07740871556622952,35.702,35.92733333333334,36.34408972453453,4.304048682357058,4.307603673748414,4.324108295182133,36.995,36.405272727272724,36.83876765997723,4.357748301697633,4.3220157872133464,4.3462029079382125,38.032,37.389714285714284,37.88703746100791,4.3952127689600555,4.372566035814829,4.392767180156092,38.19766666666667,37.790236559139785,38.9422230821667,4.41282323116243,4.391743133890642,4.43402089954885,42.4245,40.158092896174864,40.93473230416383,4.568398366249825,4.487501923965048,4.5014338734092165,7.821028573310279
2022-10-13,sz001212,37.36,36.75,37.36,36.62,13091,36670271.1,1.98,-1.71,-0.64,2.35,4.116972822860455,-0.26608815407053843,35.86,36.276666666666664,36.479393149689685,4.253104097105607,4.245245053916213,4.2550631377415735,36.71,36.360727272727274,36.82262808543591,4.313501606300908,4.27823842742477,4.304524710651347,37.9095,37.26761904761905,37.77874817900715,4.379089248730617,4.346066993329154,4.366501050889841,38.103,37.696838709677415,38.800789334930144,4.398092708939887,4.372656010774385,4.413566184923792,42.16516666666667,39.97204371584699,40.79752796632239,4.559549073567878,4.472701086476872,4.488828593063356,7.564314120672324
2022-10-14,sz001212,36.88,37.62,37.86,36.74,19778,55786823.79,3.05,2.37,0.87,3.55,4.296182372555435,0.17920954969498037,36.372,36.86333333333334,36.85959543312646,4.2573290023925,4.259604479066157,4.268769549346194,36.69,36.526181818181826,36.96760479717483,4.295690930939902,4.275089475834684,4.3030079219066355,37.859500000000004,37.240047619047616,37.76362930481599,4.3741652787337415,4.338171100360089,4.359804033905612,38.073,37.66567741935484,38.72460937783788,4.390798376516469,4.366081150362485,4.405993035738737,42.00633333333334,39.8230218579235,40.69334672152493,4.547674663028534,4.464066112673184,4.482512323538505,7.746531635657656
2022-10-17,sz001212,37.36,37.43,37.75,36.92,13919,39275539.2,2.21,-0.51,-0.19,2.5,4.143608034837595,-0.1525743377178399,36.954,37.216,37.04973028875098,4.249095293709849,4.221697489881189,4.227049044509995,36.642,36.66072727272727,37.05167665223395,4.268999317165043,4.247438040179719,4.274026124257719,37.7635,37.19914285714285,37.731855085309704,4.361580234671692,4.3162132676080756,4.339213938756277,38.037,37.6241935483871,38.641086192170924,4.385067659903926,4.350133386383202,4.38906497116447,41.86266666666666,39.6729781420765,40.5863517470487,4.538949987724646,4.45081802650299,4.471400707515524,7.594122156028426
2022-10-18,sz001212,37.44,37.65,37.84,37.16,14068,39984452.34,1.82,0.59,0.22,2.52,4.148232359644905,0.0046243248073096765,37.367999999999995,37.448,37.24982019250066,4.217611313365877,4.188076511859541,4.200776816221632,36.538,36.844,37.16046271546414,4.252929846790128,4.225480411539694,4.251154530691752,37.691500000000005,37.18833333333333,37.724059362899254,4.355033610500824,4.295894422367429,4.321025216936146,37.989000000000004,37.599225806451614,38.57714514751474,4.37880876597182,4.334853689592299,4.3735273833244985,41.723,39.53485792349727,40.49007791927661,4.5311889495097075,4.438007612467589,4.460805023978782,7.6018911519390056
2022-10-19,sz001212,37.39,37.14,37.65,37.14,9764,27611059.9,1.35,-1.35,-0.51,1.75,3.989627770745151,-0.15860458889975426,37.318,37.37199999999999,37.21321346166711,4.1389246721287085,4.112081997652632,4.130393801062805,36.510000000000005,36.95345454545455,37.156742221743386,4.221486677242883,4.177607306804243,4.203604210701461,37.5765,37.13580952380953,37.66843466167075,4.331944100388618,4.261093866200222,4.289463555394146,37.93266666666667,37.544451612903224,38.4844261057396,4.3663708541114765,4.309745238287352,4.348759666383895,41.562666666666665,39.3845956284153,40.380239298972455,4.5191356387983745,4.4202515082458005,4.445356589446532,7.4410830781309825
2022-10-20,sz001212,37.0,37.31,38.27,36.54,16899,47747457.0,4.66,0.46,0.17,3.03,4.227861005955013,0.2382332352098624,37.43,37.36933333333333,37.24547564111141,4.16110230874762,4.141727442261401,4.1628828693602085,36.645,37.09890909090909,37.1846072723355,4.207103202926612,4.178766275660995,4.208014537111198,37.4755,37.110428571428564,37.63429802722592,4.318356232701368,4.251181190539879,4.283596645923753,37.94866666666667,37.504279569892475,38.40865667956285,4.358698952133582,4.300809119051451,4.340959752807839,41.41316666666667,39.24516393442624,40.27957571539958,4.51408023839455,4.410701520283722,4.4382255867091045,7.678950246280454
2022-10-21,sz001212,37.32,36.77,37.83,36.64,11016,30927995.79,3.19,-1.45,-0.54,1.98,4.042023927248867,-0.18583707870614585,37.260000000000005,37.14933333333333,37.08698376074095,4.110270619686307,4.102034648428483,4.122596555323096,36.816,37.12163636363636,37.10922413191086,4.183799811039403,4.148751861901404,4.177834426227137,37.390499999999996,37.0432380952381,37.55198392939488,4.297976567673464,4.22486382811583,4.260589720335668,37.91166666666666,37.42823655913979,38.30293689378461,4.345138751546371,4.280378472284695,4.3216735705137115,41.25333333333333,39.09292896174863,40.16450765915697,4.50525914599552,4.395224264180586,4.425235368366146,7.490351777567176
2022-10-24,sz001212,36.77,35.57,37.39,35.47,16760,45990500.5,5.22,-3.26,-1.2,3.01,4.224274014294258,0.18225008704539025,36.888,36.586000000000006,36.581322507160635,4.126403815577639,4.140035779964467,4.156489041646816,36.921,36.89509090909091,36.82936519883615,4.187749554643744,4.1561108079477425,4.186277987693886,37.285000000000004,36.86985714285714,37.3632235551668,4.291310676012005,4.21784453731781,4.257131081665057,37.82333333333334,37.27716129032258,38.12661838450819,4.33391196800087,4.272580747300688,4.315389728176973,41.10366666666666,38.90659016393443,40.01386806377477,4.498413529678962,4.386011636911692,4.418646471511329,7.6626681358885715
2022-10-25,sz001212,35.84,36.48,36.7,34.53,17448,47351362.1,6.1,2.56,0.91,3.13,4.241745652570644,0.01747163827638598,36.654,36.45,36.54754833810709,4.1451064741627865,4.178483058962135,4.18490791195476,37.011,36.81490909090909,36.76584425359321,4.181358893764332,4.165928280298087,4.196363017671478,37.1185,36.79319047619047,37.27910702610329,4.27137189926521,4.213124058894824,4.255665802703684,37.754333333333335,37.190494623655916,38.020384940346375,4.327438827260029,4.266634533401963,4.310638497492693,40.96516666666666,38.75499453551913,39.89800353709363,4.495442260624141,4.377596296678633,4.412846444660815,7.6753324763489115
2022-10-26,sz001212,36.28,36.32,36.71,36.04,11586,31932915.0,1.84,-0.44,-0.16,2.08,4.063933524163039,-0.17781212840760485,36.489999999999995,36.33866666666667,36.471698892071394,4.159967624846365,4.151425408962219,4.144583116024187,36.904,36.68927272727272,36.6847816620308,4.149446148487536,4.144578213097852,4.172284927942671,36.9495,36.71714285714286,37.18776349980774,4.253597225092585,4.193368023170808,4.237405585699814,37.656,37.097956989247315,37.910682686130485,4.313290562135882,4.249634191266674,4.294722047600458,40.79766666666667,38.60269398907104,39.78069194571351,4.484675493571074,4.363448469253678,4.4014066767756415,7.504238564973236
2022-10-27,sz001212,36.32,36.44,37.86,36.22,19127,53649458.7,4.52,0.33,0.12,3.43,4.281646857867514,0.21771333370447543,36.315999999999995,36.321999999999996,36.461132594714265,4.170724795228865,4.1919851533026025,4.190271029971963,36.873000000000005,36.60490909090909,36.640275905297926,4.1659135519882415,4.168614705712393,4.192168915201733,36.7915,36.66861904761905,37.11654792839748,4.239707579144575,4.1960394167684205,4.241619040191976,37.564,37.019505376344085,37.815799932186586,4.308030683149825,4.247592661959038,4.293878486972526,40.62516666666667,38.45981967213115,39.671161062247485,4.477738080931094,4.356791792673234,4.397480125336031,7.729565344479249
2022-10-28,sz001212,35.87,33.84,36.75,33.53,24733,65053359.61,8.84,-7.14,-2.6,4.44,4.393276797494561,0.11162993962704704,35.73,35.49666666666667,35.58742172980951,4.2409753692780034,4.266169154057835,4.257939619146162,36.495,36.05345454545455,36.13113483160739,4.175622994482155,4.209953477622634,4.228733984709519,36.5925,36.38752380952381,36.80449574474058,4.235656962711028,4.210665056611275,4.256062636125556,37.40466666666667,36.77924731182795,37.55929671075519,4.307984517316545,4.2530924112716,4.300291281199754,40.39183333333333,38.23735519125683,39.47997545364921,4.471222279298672,4.354022570265479,4.397342311308441,7.813269730142923
2022-10-31,sz001212,33.2,34.48,35.05,33.16,11728,30510630.7,5.59,1.89,0.64,2.1,4.069223957297052,-0.3240528401975089,35.512,35.080000000000005,35.21828115320635,4.209965357878563,4.208918683397518,4.195034398529792,36.2,35.68709090909091,35.83092849858786,4.168184586728101,4.190608198134433,4.199732161543616,36.421,36.18633333333334,36.583115197622426,4.218591951946571,4.194814294190897,4.238268476237127,37.242333333333335,36.59055913978495,37.36063240683551,4.297115018690494,4.237688504173569,4.285383711915708,40.0905,38.04352459016393,39.31604183221808,4.454790579602414,4.3408422974129675,4.386584332488395,7.484451185246427
2022-11-01,sz001212,34.56,35.4,35.44,34.56,9844,26168426.7,2.55,2.67,0.92,1.77,3.993171605030765,-0.07605235226628748,35.29600000000001,35.04266666666667,35.278854102137565,4.160250548370586,4.136654099114919,4.127746800696783,35.975,35.54163636363636,35.752577862480976,4.152678511266687,4.158787656007644,4.162175696723097,36.2565,36.08909523809523,36.47043755975363,4.202804179028407,4.1733456897227255,4.214925917074616,37.11933333333334,36.47169892473118,37.23413999349128,4.287581910756112,4.218079251679392,4.266531317923131,39.824666666666666,37.88973770491803,39.187647018047,4.436978487991895,4.325707249066355,4.373685554538964,7.4177776127412205
2022-11-02,sz001212,35.47,36.61,36.82,35.05,17566,48328526.48,5.0,3.42,1.21,3.15,4.24467287841611,0.2515012733853452,35.354,35.48066666666667,35.72256940142505,4.196398419221201,4.16479487579676,4.166722159936558,35.922000000000004,35.657090909090904,35.90847279657534,4.178183022033783,4.175513904580268,4.177175184303645,36.215999999999994,36.1227619047619,36.48372922072947,4.199834849638333,4.177333184902507,4.217758961011901,37.025,36.43883870967742,37.193872897137005,4.2806904076036725,4.215310927012296,4.2651210960194526,39.6635,37.78433879781421,39.103134001061854,4.42614298158708,4.31940214711305,4.3694556307316565,7.684203553852709
2022-11-03,sz001212,36.36,37.35,37.45,35.93,17629,49283033.48,4.15,2.02,0.74,3.16,4.2462276777673145,0.0015547993512043945,35.535999999999994,36.146,36.2650462676167,4.189314583201162,4.181404628645465,4.193223999213477,35.926,35.91672727272727,36.17056865174346,4.180019689215013,4.187885660168182,4.189730183115222,36.2855,36.230761904761906,36.566231199707616,4.193561446070813,4.181751549486219,4.22047026736956,36.958999999999996,36.4598064516129,37.20394561345075,4.272244051539249,4.21308752508737,4.263902165809637,39.551,37.70848633879781,39.045654197748355,4.417171128857327,4.31350328469273,4.365415369978727,7.69269743176755
2022-11-04,sz001212,37.43,37.91,38.14,37.13,24010,68505607.08,2.7,1.5,0.56,4.31,4.380392160057028,0.13416448228971323,36.349999999999994,36.93733333333333,36.813364178411135,4.186737655713655,4.245097154264087,4.255613386161327,36.04,36.277454545454546,36.48682889688101,4.213856512495829,4.224317018503094,4.224395997104641,36.428000000000004,36.38547619047619,36.69420918068784,4.198828161767616,4.19954495081824,4.235700923815985,36.940333333333335,36.521161290322574,37.249497509357155,4.269936549280918,4.220064822411097,4.271417649309469,39.474333333333334,37.65468306010929,39.008419633887755,4.410924267394248,4.312297416863212,4.365906412276376,7.8357261192916265
2022-11-07,sz001212,37.88,38.26,38.61,37.13,16157,46659301.5,3.9,0.92,0.35,2.9,4.208360724978379,-0.17203143507864826,37.105999999999995,37.574,37.29557611894076,4.214565009249919,4.252304844018996,4.239862499100345,36.309,36.681090909090905,36.80922364290264,4.212265183564241,4.223317784409012,4.221480493081684,36.615,36.55995238095238,36.84333211586043,4.200007369103992,4.20045281398117,4.2330970953552605,36.959666666666664,36.60630107526881,37.31469121843089,4.264962178529417,4.216092188585128,4.267349460642947,39.39783333333333,37.61486885245902,38.9838812852357,4.405087736470296,4.30565598924302,4.36074097990595,7.668938233022538
2022-11-08,sz001212,38.07,38.81,39.21,37.95,21542,63014481.77,3.29,1.44,0.55,3.86,4.333286021554434,0.12492529657605456,37.788,38.142,37.80038407929384,4.282587892554654,4.291878514787167,4.271003673251708,36.541999999999994,37.13581818181818,37.17300116237488,4.22141922046262,4.245321573134502,4.24180877098582,36.7765,36.769,37.03063381911181,4.2013890571134755,4.213146018976449,4.24263889785042,36.92633333333333,36.72567741935484,37.41116275272567,4.254721006331013,4.2205001784577085,4.271603432314656,39.30716666666667,37.5955956284153,38.97818025949026,4.401417592548538,4.303301834655614,4.359840817337048,7.799440368978108
2022-11-09,sz001212,38.81,38.79,39.04,38.31,14002,40961765.18,1.88,-0.05,-0.02,2.51,4.146190073315927,-0.18709594823850662,38.224000000000004,38.476,38.13025605286256,4.262891331534616,4.246412575040925,4.2293991399397814,36.789,37.54454545454546,37.46700095103399,4.229644875377909,4.231643546380558,4.224423553227657,36.8465,36.96076190476191,37.19819250300593,4.189545511932723,4.207888972900492,4.233453295513802,36.895999999999994,36.84591397849462,37.50011999448531,4.245613108521026,4.213498182779316,4.263512247863125,39.14333333333333,37.57863934426229,38.9720104149168,4.391106994329544,4.294933719270939,4.3528358749101255,7.612378663578504
2022-11-10,sz001212,38.81,38.33,38.81,38.1,13043,37912362.79,1.83,-1.19,-0.46,2.34,4.115377494279117,-0.03081257903681056,38.42,38.51133333333333,38.196837368575046,4.236721294836977,4.197241295955759,4.191391924719561,36.977999999999994,37.824727272727266,37.623909869027806,4.213017939019069,4.21086765890805,4.204596997055195,36.9255,37.10204761904762,37.30598369319584,4.1894657455036555,4.200825352171578,4.222207981110499,36.85366666666667,36.93843010752689,37.55366064000239,4.2308110324360735,4.20509588508629,4.253955166986738,38.97033333333333,37.55197267759563,38.95096089311625,4.3767381410568476,4.285893407793876,4.345050354233699,7.578780851550736
2022-11-11,sz001212,39.24,38.03,39.24,37.91,14256,41636520.8,3.47,-0.78,-0.3,2.56,4.1539976866928,0.038620192413683085,38.444,38.38133333333334,38.141224912383365,4.191442400164132,4.1696667599077,4.178927178710641,37.397000000000006,38.016000000000005,37.69774443829547,4.189090027938892,4.200136703939638,4.19539712244385,36.946,37.2072380952381,37.37493762717719,4.182356511210524,4.197447441808639,4.215711762594527,36.86066666666667,37.014322580645164,37.58439221161514,4.220134651120317,4.200140185360918,4.2475062972903554,38.784666666666666,37.521142076502734,38.92076545399768,4.3657854478636295,4.2785904420770215,4.338786332347112,7.619474432161983
2022-11-14,sz001212,38.4,37.82,39.08,37.68,20133,58622273.5,3.68,-0.55,-0.21,3.61,4.303908493535954,0.14991080684315428,38.355999999999995,38.17333333333333,38.03414994158891,4.210551953875647,4.207155457698307,4.220587616985746,37.731,38.09290909090908,37.71997272224175,4.212558481562783,4.221012788593649,4.215126462642415,36.965500000000006,37.290476190476184,37.417324519826984,4.1903715341454415,4.209023821077728,4.224111451255616,36.85766666666667,37.07621505376344,37.59959271409158,4.216580795151975,4.205544949387733,4.251145148661039,38.617,37.48951366120218,38.884674783374805,4.358969167732847,4.2765616894761145,4.337642796648386,7.768062657319036
2022-11-15,sz001212,37.92,38.27,38.43,37.69,11339,32724264.1,1.96,1.19,0.45,2.03,4.054574755294823,-0.24933373824113136,38.248,38.14466666666667,38.11276662772595,4.154809700623725,4.155163058171366,4.165249996422105,38.018,38.19090909090909,37.81997768183416,4.218698796589189,4.192288474726747,4.18593524312467,36.9965,37.41471428571429,37.498531708414895,4.185688653927937,4.196090794520527,4.20796509925935,36.843666666666664,37.16733333333334,37.642844797053414,4.208102384882,4.195092946816303,4.238463187798703,38.46,37.47813661202185,38.864521511788745,4.3512335586276105,4.266581544806015,4.328361877259745,7.514869888961441
2022-11-16,sz001212,38.18,38.43,38.66,37.75,13900,40215249.9,2.38,0.42,0.16,2.49,4.143014800254095,0.08844004495927216,38.176,38.205333333333336,38.21851108515063,4.154174646011358,4.151231424714823,4.157838264366102,38.2,38.26581818181818,37.93089083059158,4.208532988772987,4.178527748120366,4.1781315262391105,37.061,37.5512380952381,37.58724297428014,4.193358005403385,4.19202661798016,4.201779356496945,36.87733333333333,37.269677419354835,37.69362900369513,4.202734229349884,4.190893747808052,4.232305227311954,38.278000000000006,37.47715300546448,38.850274904844845,4.3378870381691526,4.259754700269178,4.322284923915297,7.604390771779175
2022-11-17,sz001212,38.43,38.57,38.7,37.65,13374,38680865.68,2.73,0.36,0.14,2.4,4.1262613188638815,-0.016753481390213487,38.224000000000004,38.33666666666667,38.33567405676709,4.156351410928311,4.141926982332332,4.147312615865362,38.321999999999996,38.333090909090906,38.04709249775674,4.196536352882644,4.163569262682348,4.168700579443614,37.124,37.69495238095238,37.68083888149155,4.188278021048829,4.18563645735735,4.194587162436653,36.96433333333333,37.37888172043011,37.75016906797286,4.194553081674757,4.185960011647664,4.225463684831434,38.125499999999995,37.48672677595628,38.84108556370239,4.328249974803396,4.252816152095235,4.315857920470989,7.587496185055226
2022-11-18,sz001212,38.78,37.92,38.78,37.78,13911,40302766.8,2.59,-1.69,-0.65,2.5,4.1433583506154665,0.017097031751585057,38.202000000000005,38.23533333333333,38.19711603784473,4.1542235437128445,4.137595962228049,4.14599452744873,38.323,38.260000000000005,38.02398477089188,4.172832971938488,4.153900534997406,4.16409290147486,37.1815,37.770761904761905,37.70361613087331,4.193344742217159,4.181358393506553,4.189708227977492,37.059666666666665,37.44053763440861,37.761125902297195,4.190163098491239,4.182657125772871,4.22016656649492,37.99583333333333,37.479989071038254,38.81088603702362,4.32011961622871,4.246754131630057,4.3102021968691675,7.605334861643001
2022-11-21,sz001212,37.74,36.84,37.74,36.54,25647,71865241.43,3.16,-2.85,-1.08,4.6,4.409036571800908,0.2656782211854418,38.006,37.781333333333336,37.74474402522982,4.175249159365835,4.222533638257405,4.233675208899456,38.181,37.99036363636363,37.808714812547905,4.1929005566207405,4.1968466440633,4.208628114261415,37.245,37.738238095238096,37.62136697555204,4.20258287009249,4.20190047251453,4.210596641674961,37.13699999999999,37.426365591397854,37.701698424729635,4.197638431609575,4.196777995018656,4.232351728127565,37.886833333333335,37.44209289617486,38.74626682269498,4.317261271704296,4.249669441648818,4.313442668178404,7.856518888920863
2022-11-22,sz001212,36.71,36.87,37.91,36.71,23677,66833499.12,3.26,0.08,0.03,4.25,4.37432667414956,-0.03470989765134824,37.726,37.40266666666666,37.45316268348655,4.239199543136783,4.288892809851979,4.28055903064949,37.987,37.751999999999995,37.63803939208465,4.197004621880253,4.229833210886723,4.238755125150169,37.2645,37.70252380952381,37.54980821597566,4.209211921171436,4.218257025281869,4.226189978101113,37.18,37.409139784946234,37.64804046184385,4.199927578702401,4.2081772364728485,4.241511402064468,37.75683333333333,37.40875409836066,38.68474987768858,4.315181099697833,4.251540438450302,4.315438865095492,7.824994199545444
2022-11-23,sz001212,36.87,37.39,37.42,36.01,16432,45605800.9,3.82,1.41,0.52,2.95,4.215690426253203,-0.15863624789635722,37.518,37.29066666666666,37.432108455657705,4.2537346683366035,4.281056437557453,4.2589361625173945,37.847,37.643454545454546,37.59294132079653,4.2039546571739805,4.233230629863622,4.234561543532538,37.318,37.71447619047619,37.534588385882735,4.216799766275945,4.218874025765847,4.225190020782264,37.17999999999999,37.42268817204301,37.631392690111994,4.194348560346475,4.209194194379352,4.23984553265729,37.688833333333335,37.39672677595628,38.64229906202666,4.303585895754453,4.248278449157034,4.312168424477711,7.6590200869326415
2022-11-24,sz001212,37.45,37.73,38.92,37.42,20394,58753010.75,4.01,0.91,0.34,3.66,4.309502414966703,0.09381198871350005,37.35,37.36133333333333,37.53140563710514,4.290382887557168,4.299645686434152,4.275791580000497,37.787,37.622181818181815,37.6178610806517,4.223367149242739,4.252421131280482,4.248187156520568,37.3825,37.75371428571428,37.55319901579867,4.218192544130904,4.227702849450682,4.233219772609354,37.212666666666664,37.45817204301076,37.637754452040255,4.200766213416683,4.216623475322593,4.2443395250643485,37.65783333333333,37.39807650273224,38.61238761737005,4.299429461178286,4.248472433393503,4.312081014329809,7.769030126579665
2022-11-25,sz001212,38.04,36.71,38.14,36.61,13307,37332876.9,4.06,-2.7,-1.02,2.39,4.1240801568797,-0.1854222580870033,37.108,37.148,37.2576037580701,4.286527248810016,4.244211442874996,4.225221105626899,37.654999999999994,37.42636363636364,37.45279542962412,4.22037539626143,4.234368950850837,4.225622247494955,37.525999999999996,37.68966666666667,37.47289434762737,4.204732712100161,4.218739764950567,4.2228255234922445,37.18233333333333,37.42574193548387,37.57789932610218,4.195029472894159,4.211675987804078,4.23658085614921,37.62766666666666,37.36700000000001,38.55001425286611,4.292913924705314,4.242723275875516,4.305917051790462,7.572091458280257
2022-11-28,sz001212,36.09,36.62,36.84,35.7,9498,26172382.7,3.11,-0.25,-0.09,1.7,3.9776321652459994,-0.14644799163370026,37.064,36.98533333333333,37.04506917204673,4.200246367499034,4.1412464150203245,4.142691458833266,37.535,37.23818181818181,37.301378078783365,4.187747763432434,4.190233817938941,4.180533141631508,37.633,37.60338095238095,37.39166631452,4.200153122497609,4.197111141440648,4.19947377508784,37.15533333333334,37.38946236559139,37.51609936957946,4.1894969439077725,4.197650355052584,4.219874488994165,37.59616666666667,37.33396174863388,38.48673509703444,4.287282301905849,4.232386169007997,4.295153612887364,7.417843262049796
2022-11-29,sz001212,36.99,37.65,37.88,36.99,16046,45603239.84,2.43,2.81,1.03,2.88,4.205366787866476,0.2277346226204764,37.21999999999999,37.18066666666667,37.24671278136449,4.166454390242417,4.1429532218094725,4.163583235177669,37.473,37.25909090909091,37.364763882640936,4.202826966689599,4.193437276926948,4.1850483500378655,37.7455,37.605,37.416269522660954,4.210762881639394,4.197607680999586,4.2000350144000915,37.15533333333333,37.42137634408602,37.524738119929175,4.191401424848491,4.198674215953145,4.21893850827625,37.57216666666667,37.33572677595628,38.45930115942675,4.285105095410156,4.229700414449329,4.29220978255881,7.658995697810312
2022-11-30,sz001212,37.64,37.27,38.09,37.01,15553,43983763.82,2.87,-1.01,-0.38,2.79,4.191814171998342,-0.013552615868134055,37.196,37.19733333333333,37.254475187576325,4.161679139391444,4.151406482394781,4.172993547451227,37.357,37.22218181818182,37.34753408579713,4.207706903864024,4.191434950619448,4.1862784994852245,37.778499999999994,37.55971428571429,37.402339091931346,4.208119946318506,4.195803041986154,4.199252077028497,37.159666666666666,37.42877419354839,37.50830340251439,4.198140971556931,4.198700844801523,4.21718855109703,37.546166666666664,37.325819672131146,38.420307678789804,4.282255912834204,4.226641695648944,4.288918123196172,7.643292390470789
2022-12-01,sz001212,37.38,40.94,40.94,37.38,59442,182683677.48,9.55,9.85,3.67,10.66,4.774093413376194,0.5822792413778526,37.838,38.44533333333334,38.48298345838422,4.254597339073343,4.355544573723031,4.373360169426217,37.594,37.87363636363636,38.00070970656129,4.272490113315255,4.294414315985296,4.293153938374491,37.958000000000006,37.86080952380953,37.73925917841408,4.23451323309895,4.249705276944027,4.253998870966373,37.28066666666667,37.67266666666667,37.72970318299733,4.216348718470971,4.2358590668543785,4.253117897050525,37.61466666666666,37.43709289617485,38.502920541780306,4.287523835302276,4.242767515338843,4.304825509759452,8.261699745507746
2022-12-02,sz001212,41.42,40.18,42.59,39.22,129866,398472185.53,8.23,-1.86,-0.76,23.3,5.113495464043401,0.3394020506672071,38.532,39.226,39.04865563892282,4.452480400506083,4.641843948713051,4.620071934298612,37.82,38.343818181818186,38.39694430536832,4.369503824658048,4.4473243797540505,4.442306943041565,38.0715,38.072428571428574,37.97171068523179,4.271168398298268,4.33341787036731,4.335855689354661,37.394333333333336,37.85972043010753,37.88778684861041,4.252064436364122,4.293739502052599,4.308626127179098,37.653000000000006,37.52120218579236,38.55790675352522,4.2986015939552455,4.269848552346749,4.331339278752368,8.600398011823911
2022-12-05,sz001212,39.7,39.96,40.28,39.3,57366,172762548.6,2.44,-0.55,-0.22,10.29,4.758654568577039,-0.35484089546636266,39.2,39.702,39.35243709261522,4.608684881172291,4.743902004736702,4.666266145724754,38.132,38.73290909090909,38.68113624984681,4.404465624335662,4.518079060466594,4.499824693138923,38.1565,38.25228571428572,38.161071572352576,4.298683090478201,4.379845124679574,4.376122249280602,37.54066666666667,38.025247311827954,38.0214780196678,4.269877121506881,4.326422736388916,4.337660220172514,37.682,37.59684153005465,38.60387702390143,4.301894544753876,4.28493225643271,4.345349616123668,8.237449602152218
2022-12-06,sz001212,39.79,39.96,40.9,39.44,58319,176967899.32,3.65,0.0,0.0,10.46,4.765810068495698,0.00715549991865938,39.662,39.95533333333333,39.55495806174348,4.720773537298135,4.796277067177838,4.699447453315069,38.441,39.06527272727272,38.91365693169284,4.443613963770276,4.583778050313874,4.548185670476518,38.214,38.42404761904762,38.33239808927138,4.320309292825264,4.424333408300288,4.413235374920135,37.65666666666666,38.181333333333335,38.146543953882784,4.287345935371049,4.358418410388196,4.365282791032074,37.7055,37.67153005464481,38.648340072298105,4.307392381315539,4.300142601473426,4.35913520472603,8.24789449566958
2022-12-07,sz001212,39.37,39.56,39.83,38.7,46077,136585264.73,2.83,-1.0,-0.4,8.27,4.6634841951143935,-0.10232587338130461,40.120000000000005,39.92133333333333,39.55663870782899,4.815107541921345,4.777180619783258,4.687459700581511,38.658,39.26872727272727,39.031173853203235,4.488393340656395,4.623754456012803,4.569149038592495,38.252500000000005,38.552238095238096,38.449312556959825,4.346173998915188,4.457016732327824,4.4370685958910165,37.76466666666667,38.30412903225806,38.23773466653551,4.307330957736095,4.382685394887766,4.384521591295449,37.71033333333334,37.732333333333344,38.67823056173095,4.310310759935988,4.311817742909453,4.369113860148599,8.135403848747895
2022-12-08,sz001212,39.34,39.51,39.85,38.79,33799,100763902.76,2.68,-0.13,-0.05,6.06,4.528903851138409,-0.13458034397598428,39.834,39.717999999999996,39.54109247188599,4.7660696294737885,4.681779389522279,4.6346077507671435,38.836,39.42363636363637,39.11823315262083,4.510333484273565,4.63112000337317,4.561831731782661,38.3115,38.672,38.55033040867794,4.366850316758152,4.474419575396701,4.445814810676483,37.867,38.416731182795694,38.319816300952574,4.315572857511792,4.3969804202685605,4.393836575801447,37.7155,37.79133879781421,38.705501690854526,4.311801770330808,4.318984729506254,4.3743528762466255,8.003304980127263
2022-12-09,sz001212,39.51,40.76,40.76,39.26,61836,188424698.86,3.8,3.16,1.25,11.09,4.791241388508699,0.2623375373702901,39.95,40.026666666666664,39.94739498125733,4.701618814366848,4.69016997586725,4.686818963347662,39.241,39.77345454545455,39.41673621578068,4.577049607436466,4.682194167779558,4.603542578460122,38.448,38.90519047619047,38.76077513166099,4.398712501848947,4.514837772706278,4.478712579993837,38.09766666666667,38.60337634408602,38.47724750734274,4.328838343878929,4.4276687125909415,4.419475595976109,37.75116666666667,37.89115846994536,38.772862291154375,4.318411430597737,4.334704061249791,4.388021352058497,8.275137829855757
2022-12-12,sz001212,40.78,42.2,43.8,39.98,86076,270259742.9,9.37,3.53,1.44,15.44,4.934882076883062,0.1436406883743624,40.398,40.776666666666664,40.69826332083822,4.736864316028052,4.767924396705989,4.769506667859462,39.799,40.311454545454545,39.92278417654783,4.672774598600172,4.747254616769849,4.663786123627929,38.667,39.26252380952381,39.088320357217086,4.430261181016303,4.565901541757146,4.522157293983287,38.355000000000004,38.86804301075269,38.71742508751417,4.357693614531796,4.466768308268628,4.452727627002364,37.79866666666667,38.03702185792349,38.885227461936196,4.327404316611146,4.354916213587016,4.4059512118888104,8.431781359281915
2022-12-13,sz001212,41.48,44.08,45.28,40.93,88388,289665978.41,10.31,4.45,1.88,15.86,4.94639330700924,0.011511230126178162,41.222,42.004,41.825508880558814,4.772980963730761,4.837767393699718,4.828468880909388,40.44199999999999,41.089818181818174,40.67864159899368,4.746877250514449,4.797003472844224,4.715169247879077,38.957499999999996,39.778047619047626,39.563718418434505,4.474852108602024,4.615056982327902,4.562560723795282,38.64433333333333,39.23739784946236,39.06339766251326,4.389467671264412,4.504748933589752,4.484577025712485,37.88183333333333,38.24296721311476,39.05554787302026,4.338524791010261,4.3752109345836745,4.423670624843578,8.461897489831095
2022-12-14,sz001212,43.47,42.55,45.42,42.52,66877,221147720.4,6.58,-3.47,-1.53,12.0,4.82527678308126,-0.12111652392797989,41.82000000000001,42.44666666666667,42.067005920372544,4.805339481324134,4.855199333483216,4.827404848300013,40.97,41.473090909090914,41.018888580994826,4.810223511622739,4.811257933310918,4.7351887997340185,39.163500000000006,40.12019047619047,39.84812618810741,4.5089652077433815,4.648430760849734,4.587581300870137,38.842333333333336,39.489376344086025,39.28833974880273,4.408821134753251,4.532865650481162,4.506557655220149,37.93366666666667,38.3960218579235,39.17012007390484,4.344755771178461,4.39117001629092,4.436838039867765,8.344682467002917
2022-12-15,sz001212,42.76,43.73,43.76,41.16,52957,170812349.87,6.11,2.77,1.18,9.5,4.723923374461307,-0.10135340861995257,42.664,43.083333333333336,42.62133728024837,4.844343385988713,4.8280606311956085,4.792911023687111,41.249,41.97490909090909,41.51181792990486,4.805206507731251,4.795566999281567,4.733140540593525,39.421499999999995,40.555095238095234,40.2178284559067,4.538848310523254,4.668902967203822,4.600566260259772,39.055,39.80470967741935,39.57489847468642,4.42474432464305,4.553194827236521,4.520581250009901,38.007,38.58606557377049,39.319624333776815,4.34849418809115,4.403601740988718,4.446250673788865,8.23251926732779
2022-12-16,sz001212,42.54,41.65,43.37,41.64,43672,140270217.24,3.96,-4.76,-2.08,7.84,4.640203081297905,-0.08372029316340246,42.842,42.74533333333333,42.29755818683225,4.814135724546555,4.760013862965338,4.742008376224042,41.396,42.04781818181819,41.53694194264943,4.757877269456701,4.765566376293685,4.716242820721594,39.608000000000004,40.76733333333333,40.35422574582035,4.563690547057375,4.678555802515693,4.604341195596737,39.17966666666667,39.97212903225807,39.70877599244859,4.433404688684414,4.5670953921819955,4.528298787512353,38.06000000000001,38.705508196721304,39.396030093325116,4.3516706189826655,4.413165966995496,4.45260976911703,8.146965469593013
2022-12-19,sz001212,41.51,38.88,42.12,38.49,40740,123797747.26,8.72,-6.65,-2.77,7.31,4.610021024664145,-0.030182056633759835,42.178000000000004,41.42466666666667,41.15837212455484,4.749163514102772,4.6919756296712025,4.698012592370744,41.288,41.59036363636364,41.05386158944044,4.743013915065412,4.738683422695039,4.696929766892967,39.71,40.698,40.21382329383746,4.573739769700537,4.682968228954433,4.604882131698395,39.20033333333333,39.95279569892474,39.65530657358094,4.446793365340605,4.5784899945032675,4.533571189909242,38.08,38.73239344262296,39.379111073871826,4.355877771935011,4.421636472099808,4.4577707938890665,8.092712741926
2022-12-20,sz001212,38.7,36.67,38.81,36.67,40423,114234295.8,5.5,-5.68,-2.21,7.25,4.606628541616139,-0.0033924830480058787,40.696,39.58866666666667,39.66224808303656,4.681210561024152,4.644463972175657,4.66755124211921,40.958999999999996,40.750727272727275,40.25679584590581,4.727095762377456,4.713886082067898,4.68051136229718,39.7,40.40847619047619,39.87631631347199,4.585354863073865,4.686100492946395,4.605048456452466,39.129000000000005,39.78954838709677,39.46270614947895,4.455904782675995,4.588801941359754,4.53828456743872,38.02766666666666,38.686163934426226,39.29028775997439,4.355312894503504,4.429857808810665,4.462651375781757,8.05779650881906
2022-12-21,sz001212,36.43,35.54,37.19,34.87,34749,93592454.3,6.33,-3.08,-1.13,6.23,4.540942311063374,-0.06568623055276479,39.294000000000004,37.87,38.28816538869104,4.624343666620575,4.597707888855399,4.625348265100598,40.557,39.765454545454546,39.39919660119566,4.714841573972354,4.680040000010792,4.655135171163761,39.6075,40.01228571428572,39.463333807427034,4.601617457314374,4.6818707260882535,4.598943109272553,39.02066666666667,39.55799999999999,39.209628333383534,4.46906319060091,4.59428823351378,4.538456034769343,37.958333333333336,38.604601092896175,39.167327505549,4.3573381495609675,4.435944019189677,4.465218291692629,7.971240836046102
2022-12-22,sz001212,35.56,34.11,35.76,33.98,24127,63704045.98,5.01,-4.02,-1.43,4.33,4.382503324211151,-0.15843898685222335,37.37,36.14200000000001,36.895443592460694,4.556059656570544,4.517094441385591,4.5443999514707825,40.016999999999996,38.593272727272726,38.43752449188736,4.700201521279628,4.619614863690574,4.605565744445104,39.4265,39.48871428571429,38.95349249243399,4.605267502776597,4.661002713411756,4.578329796409562,38.879999999999995,39.241182795698926,38.88062005381041,4.477967384931977,4.588703726004762,4.528394569572041,37.86683333333334,38.4784262295082,39.001513488973615,4.354389208684025,4.4367691068831245,4.462506325545696,7.804167016181294
2022-12-23,sz001212,33.78,34.74,34.85,33.71,16746,43558124.92,3.34,1.85,0.63,3.0,4.223911086872275,-0.15859223733887617,35.988,35.26533333333334,36.1769623949738,4.4728012576854175,4.406378251486169,4.437570329937947,39.415,37.633818181818185,37.7652473115442,4.6434684911159865,4.533016602889236,4.536173988522771,39.327999999999996,39.04238095238095,38.552207493154555,4.610259049276226,4.624683054754201,4.544575633596487,38.77033333333333,38.974086021505386,38.613483276145224,4.480297831604627,4.5723129970976855,4.508750473913992,37.8155,38.37590710382514,38.86179173523677,4.350216241362472,4.432491135676183,4.454683530835092,7.639069176078582
2022-12-26,sz001212,34.4,35.17,35.24,34.1,15938,41956607.24,3.28,1.24,0.43,2.86,4.202433822489233,-0.02147726438304165,35.245999999999995,34.992666666666665,35.84130826331587,4.391283817250435,4.31625577308744,4.35919149412171,38.712,36.862,37.29338416399071,4.570223665676603,4.452828481320736,4.475493958334855,39.2555,38.64638095238096,38.2300924938065,4.621499132138387,4.5858425569649635,4.51199069920532,38.682,38.7418064516129,38.39132306478101,4.476915342569737,4.554386286832177,4.488988109305943,37.76983333333333,38.289169398907106,38.74074938326179,4.346748068860856,4.427645810467224,4.446413048594243,7.622800362349945
2022-12-27,sz001212,35.32,35.5,36.41,34.7,20967,56339348.35,4.86,0.94,0.33,3.76,4.321536295193487,0.11910247270425334,35.012,35.07733333333333,35.72753884221058,4.334265367965904,4.293006599068458,4.346639761145636,37.854,36.278000000000006,36.9673143159924,4.507737964495028,4.407612595778351,4.447501655945516,39.148,38.28871428571429,37.97008368487255,4.627307607504738,4.557274667732116,4.493852184537526,38.589666666666666,38.53651612903226,38.204786092859656,4.485814060566359,4.54436183216274,4.478184766459979,37.71666666666667,38.214748633879786,38.634495305122066,4.34695822272418,4.4268191949371465,4.442318728810611,7.750811819404532
2022-12-28,sz001212,35.44,34.18,35.44,34.18,17887,46700688.74,3.55,-3.72,-1.32,3.21,4.252537506990004,-0.0689987882034826,34.739999999999995,34.8,35.21169256147372,4.276584407151231,4.265763978743157,4.315272343093759,37.017,35.61,36.46052989490287,4.4504640368859025,4.361212512595619,4.412053628862695,38.9935,37.81557142857143,37.6091233339323,4.630343774254321,4.521582277206904,4.470869834294906,38.448,38.25202150537635,37.94512247396548,4.489464817457556,4.529311731932008,4.463626878752239,37.662666666666674,38.09879234972677,38.488446278724616,4.34609952340372,4.423723433765534,4.436096393668952,7.669323285572018
2022-12-29,sz001212,34.02,34.31,34.88,34.02,12957,33728959.86,2.52,0.38,0.13,2.32,4.112504458767161,-0.14003304822284335,34.78,34.656666666666666,34.911128374315815,4.222584634062432,4.211070662615135,4.247683048318226,36.075,35.11781818181818,36.06952445946598,4.389322145316488,4.299765316574032,4.357590143390779,38.662,37.36952380952381,37.29492111165304,4.597264326523869,4.472264247160508,4.4367397985303585,38.306000000000004,37.98505376344086,37.71059844338706,4.48900625545433,4.504991708790692,4.440973819398363,37.63516666666667,37.98886885245902,38.351448040077905,4.341779668564543,4.416064579187286,4.425486822032827,7.528002948540889
2022-12-30,sz001212,34.2,33.92,35.05,33.75,13142,33857905.2,3.79,-1.14,-0.39,2.36,4.118661462854496,0.006157004087335771,34.616,34.37,34.58075224954388,4.201534709258877,4.176429605545823,4.20467585316365,35.30200000000001,34.726,35.678701830472164,4.337167983472146,4.250554283399123,4.314148565111455,38.349000000000004,36.917904761904765,36.973500053400365,4.547522626464424,4.426683022049139,4.4064466237040865,38.17266666666667,37.70208602150537,37.46604370510403,4.488183025862298,4.481098496364897,4.420179473814888,37.61616666666667,37.86706010928962,38.2061546617147,4.339173062176769,4.408749228180399,4.415426974190915,7.529660084658218
2023-01-03,sz001212,33.85,34.35,34.4,33.59,12556,32305182.9,2.39,1.27,0.43,2.29,4.098851307028005,-0.019810155826491815,34.452000000000005,34.281333333333336,34.50383483302925,4.180818206166632,4.142201804802199,4.169401004451768,34.849000000000004,34.55290909090909,35.43711967947722,4.286051011708532,4.207223978591097,4.275003609096282,38.0685,36.53704761904761,36.723642905457474,4.514532463386972,4.383952420198051,4.377151831639698,38.089666666666666,37.4554623655914,37.265008627355385,4.477843517036535,4.455980320956233,4.399448624344767,37.61333333333334,37.759972677595634,38.07972336133061,4.337740974323054,4.400869826372243,4.40504744412,7.509272204197915
2023-01-04,sz001212,34.41,34.92,35.02,33.83,17229,45164262.86,3.46,1.66,0.57,3.14,4.236260071000829,0.1374087639728243,34.336,34.437333333333335,34.64255655535284,4.163762961328099,4.160682426413598,4.191687359968122,34.674,34.56581818181819,35.34309791957227,4.249014164647002,4.198171080280606,4.267959329442562,37.816500000000005,36.23719047619048,36.551867390652,4.488054963512229,4.357450287589847,4.3637335687217105,38.02466666666667,37.25096774193548,37.11371774817117,4.473241296931578,4.440394292179735,4.388920330580642,37.60233333333334,37.67166666666667,37.976125874073865,4.33658443781699,4.397542583640367,4.399513431886584,7.65479492637079
2023-01-05,sz001212,35.13,35.15,35.28,34.53,16310,43090608.28,2.15,0.66,0.23,2.98,4.212453961040276,-0.0238061099605531,34.53,34.708666666666666,34.811704370235226,4.155746252138154,4.176912759650991,4.198609560325506,34.635000000000005,34.65236363636363,35.30798920692277,4.216165329644691,4.191523770533928,4.25786744427851,37.596,35.9832380952381,36.418356210589906,4.465503451808523,4.331202573068707,4.349325987037765,37.95,37.065505376344085,36.98702628054722,4.473133414757813,4.423569302767392,4.377535403513522,37.56499999999999,37.591262295081975,37.88346600935013,4.333740987552145,4.3934727319427695,4.393380334481788,7.634382624763301
2023-01-06,sz001212,34.98,36.87,38.08,34.87,42444,117790491.86,9.13,4.89,1.72,7.74,4.6278163058623765,0.41536234482210066,35.042,35.48866666666667,35.49780291349015,4.258808621557196,4.334269444225732,4.341678475504463,34.910999999999994,35.058727272727275,35.59199116930044,4.240696627809815,4.266369402573508,4.325130873657394,37.464,35.91409523809524,36.46136990481944,4.470449074544722,4.346660940121457,4.375848874544871,37.92133333333334,36.99582795698925,36.97947619793127,4.48374387778767,4.433548844128978,4.393682558503771,37.567,37.56847540983606,37.85023761560094,4.342255045602176,4.403114545657859,4.401066759772954,8.071110235277974
2023-01-09,sz001212,36.57,36.53,36.99,36.14,22474,62120875.84,2.31,-0.92,-0.34,4.1,4.351680376527895,-0.2761359293344814,35.56400000000001,35.98466666666666,35.84186860899344,4.305412404291876,4.365226695882631,4.3450124425122745,35.09,35.35309090909091,35.76253822942763,4.2534735567753765,4.286548265976795,4.329958055997485,37.2525,35.82514285714286,36.46790610436045,4.448471023945681,4.335349635548426,4.373547112828968,37.915333333333336,36.90606451612903,36.95047773354861,4.491330551775943,4.4250286182412495,4.3909727403117795,37.54883333333333,37.53447540983606,37.806951136400905,4.343180012335051,4.403423572901326,4.399447534092787,7.793237570202007
2023-01-10,sz001212,36.58,36.18,36.75,36.06,13091,35911057.3,1.89,-0.96,-0.35,2.39,4.116972822860455,-0.23470755366744012,35.92999999999999,36.190000000000005,35.95457907266229,4.309036707458366,4.302413502072158,4.268999235961668,35.191,35.551272727272725,35.838440369531696,4.244927456812499,4.261729950719537,4.291233468154388,36.951499999999996,35.723000000000006,36.440486475373746,4.407575561244551,4.303778378302214,4.3491114661653,37.900666666666666,36.794107526881724,36.900769492674506,4.495975240363091,4.4008765066983155,4.373295326282662,37.528000000000006,37.4895956284153,37.75360847619104,4.342736092135431,4.396006943738224,4.390186068150744,7.55522819189288
2023-01-11,sz001212,36.06,35.67,36.8,35.54,15320,41842468.7,3.48,-1.41,-0.51,2.79,4.185258765296585,0.0682859424361304,36.08,36.10333333333333,35.859719381774866,4.298836446317518,4.261154188018231,4.241085745739974,35.208000000000006,35.638363636363636,35.80781484779866,4.231299703822809,4.2508810977166425,4.27196534036206,36.531,35.600952380952386,36.36710681105244,4.369518834158918,4.282605350116693,4.333506447034946,37.834666666666664,36.650193548387094,36.82136500927616,4.495304972944095,4.380830282500477,4.361163935251302,37.495,37.428677595628415,37.68529344418477,4.343353198896294,4.390843752694328,4.383467140188312,7.621617299930889
2023-01-12,sz001212,36.08,35.44,36.08,35.19,10996,29546493.38,2.5,-0.64,-0.23,2.01,4.041234731171431,-0.1440240341251542,36.138,35.88999999999999,35.71981292118325,4.264592600343748,4.175286949636202,4.174468740883793,35.334,35.68054545454545,35.740939420926175,4.210169426240951,4.216323829961848,4.230014320509218,36.1755,35.49704761904762,36.27881092428554,4.330316731563427,4.251340197451218,4.305671045524135,37.77366666666667,36.49569892473118,36.732244686097054,4.490285658249864,4.351535428192563,4.340523341439697,37.46666666666667,37.36130054644809,37.611677265686914,4.3442133149033975,4.380938229162364,4.372246405466447,7.47050594558672
2023-01-13,sz001212,35.45,36.49,36.54,35.31,19131,52128527.0,3.47,2.96,1.05,3.49,4.281737671706917,0.24050294053548615,36.062,36.007333333333335,35.9765419474555,4.195376873512657,4.181001973423926,4.210225051158168,35.552,35.890727272727275,35.87713225348505,4.227092747534927,4.229336238228386,4.239418566181527,35.813500000000005,35.526999999999994,36.29892416959168,4.308207446425707,4.246713620322026,4.303391676589162,37.62533333333333,36.412881720430114,36.716615996671436,4.473873800194222,4.33808071938334,4.33673071758597,37.453,37.32927868852459,37.574900961893896,4.3451112593325965,4.378889847418217,4.369278905998922,7.717075453206129
2023-01-16,sz001212,37.26,36.69,37.45,36.26,15573,43269438.2,3.26,0.55,0.2,2.84,4.1923722835985116,-0.08936538810840577,36.094,36.21666666666667,36.21436129830367,4.16351525492678,4.180000443452544,4.204274128638283,35.82899999999999,36.09763636363636,36.02492638921504,4.234463829609329,4.223023426603585,4.230864696620978,35.5655,35.61047619047619,36.33616948677343,4.285815906540737,4.235681700052771,4.292818401066243,37.509,36.352537634408606,36.71489883559586,4.4431696941793914,4.319919331215874,4.327417270231941,37.451666666666675,37.30426229508196,37.54588781560229,4.347617065271757,4.373882012148248,4.36347868887104,7.636181256460017
2023-01-17,sz001212,36.75,36.18,36.79,35.86,12283,33642381.5,2.53,-1.39,-0.51,2.24,4.0893044518478705,-0.10306783175064105,36.09400000000001,36.24533333333333,36.202907532202445,4.157981580724264,4.155263509092907,4.165950903041479,36.012,36.161454545454546,36.05312159117594,4.233509144091315,4.196630812465137,4.205126470298595,35.4305,35.669,36.32129620231882,4.259780077899924,4.216966323415354,4.273436120188302,37.383,36.26679569892473,36.68038923329936,4.4208580236217525,4.297089315581583,4.31205515291684,37.46183333333333,37.26256830601093,37.50110460853337,4.345367572564316,4.36541274613435,4.354489369624379,7.526886731350024
2023-01-18,sz001212,36.19,36.26,36.41,35.97,7711,21131831.0,1.22,0.22,0.08,1.41,3.8871107031248835,-0.202193748722987,36.212,36.300666666666665,36.22193835480164,4.098351968289923,4.06497321655978,4.073004169735948,36.146,36.206545454545456,36.09073584732577,4.198594207303721,4.1336492777439675,4.147305421721556,35.410000000000004,35.748,36.315458468764646,4.223804185975361,4.1814740020082075,4.236643223325119,37.259666666666675,36.1943440860215,36.65326734728004,4.39156804477606,4.262654004581785,4.284639381962521,37.45816666666667,37.22316393442623,37.46041265415523,4.339456990073555,4.350387930742893,4.339165478919477,7.3249371287960425
2023-01-19,sz001212,36.35,36.0,36.58,35.89,11896,32494450.0,1.9,-0.72,-0.26,2.17,4.0754009555138975,0.18829025238901398,36.324,36.230000000000004,36.14795890320109,4.105185213158417,4.0573228789677716,4.073803098328598,36.230999999999995,36.18,36.07423842053926,4.184888906751082,4.111250504691272,4.134231882411072,35.43300000000001,35.80419047619048,36.285414805072776,4.200527118197887,4.1673403610118775,4.2212868168669075,37.141,36.1130752688172,36.61112106681036,4.37196527012271,4.242256127855194,4.271140128643255,37.45283333333334,37.17535519125683,37.412530272051775,4.339648113929401,4.341730355839298,4.330517461758639,7.511809190511075
2023-01-20,sz001212,36.15,36.66,36.82,36.01,13489,37392407.4,2.25,1.83,0.66,2.46,4.1299797546697095,0.054578799155811986,36.358,36.342,36.31863926880073,4.074833629750975,4.065587726138203,4.092528650442302,36.21,36.257999999999996,36.18074052589576,4.135105251631815,4.1012670224946595,4.133458768276278,35.560500000000005,35.92104761904763,36.32108958554203,4.187900939720814,4.1606215644853854,4.21259090618146,37.046,36.08204301075269,36.614274546370986,4.35866780024042,4.22664415911629,4.262033007741736,37.4565,37.149360655737716,37.38785714837795,4.3371203288761055,4.334855983404553,4.3239424549688374,7.572783426825218
2023-01-30,sz001212,37.39,37.32,37.52,36.96,17817,50302005.8,1.53,1.8,0.66,3.25,4.250834579996684,0.12085482532697434,36.483999999999995,36.66266666666666,36.65242617920049,4.086526089030609,4.124254709553439,4.145297293627096,36.289,36.45981818181818,36.38787861209653,4.125020671978695,4.1223087185609995,4.154799824952716,35.689499999999995,36.08861904761905,36.416223910728505,4.189247114377036,4.166615244511657,4.216233160830529,36.931333333333335,36.099720430107524,36.65980522079867,4.340654239956685,4.219687177165082,4.261310528532378,37.5145,37.14488524590164,37.38563232384096,4.334746291917807,4.332026942457687,4.321545475461554,7.701585302958588
2023-01-31,sz001212,37.42,38.68,38.91,37.0,27775,80199370.78,5.12,3.64,1.36,5.07,4.443654067612905,0.19281948761622125,36.984,37.394666666666666,37.32828411946699,4.157396012183616,4.243297369080872,4.244749551622366,36.539,36.89454545454546,36.804627955351705,4.1576887964539395,4.1802420632217645,4.207318778163659,35.864999999999995,36.373428571428576,36.63182163351627,4.201308126633219,4.190844478153169,4.237892294809804,36.81399999999999,36.212537634408605,36.79014036784391,4.324279972981014,4.226332327336452,4.273074627827896,37.584500000000006,37.18309836065574,37.42807060830519,4.340986793756405,4.335597689201788,4.325549035859959,7.904170960954414
2023-02-01,sz001212,38.7,38.83,39.17,38.31,19140,56129303.2,2.22,0.39,0.15,3.49,4.281941933440825,-0.1617121341720802,37.498,38.01,37.828856079644666,4.236362258246805,4.284812676166608,4.257147012228519,36.855000000000004,37.3110909090909,37.17287741801503,4.167357113268364,4.202833542673926,4.220886624577688,36.0315,36.65580952380952,36.84117195413376,4.199328408545586,4.1985238883253215,4.2420874984889485,36.639,36.34260215053763,36.92174421507979,4.302131593862066,4.223600840914503,4.273646712060988,37.641666666666666,37.22393442622951,37.47403550639354,4.3457996325632395,4.333661792142261,4.324119294797037,7.749189650837642
2023-02-02,sz001212,38.85,38.62,39.01,38.43,13300,38992590.1,1.49,-0.54,-0.21,2.43,4.123851640967086,-0.15809029247373907,38.022,38.384,38.09257071976311,4.246052395337442,4.247309137073368,4.2127152218080415,37.173,37.632000000000005,37.435990614739566,4.175618804247929,4.194923456800966,4.203243900284852,36.253499999999995,36.90233333333333,37.01058414897817,4.192894115244441,4.191335624746418,4.230826940629723,36.508,36.470408602150535,37.03130910442948,4.278750755791594,4.212098908469667,4.263982513925898,37.67516666666666,37.25601092896175,37.51160811274129,4.343785945272422,4.326384808811241,4.317553142212448,7.590982084348716
2023-02-03,sz001212,38.86,39.09,39.52,38.42,21345,62986900.4,2.85,1.22,0.47,3.89,4.3292961591399655,0.20544451817287968,38.507999999999996,38.74,38.425047146508746,4.285915676231494,4.275057058340876,4.251575534252016,37.43300000000001,37.98054545454545,37.73671959387782,4.180374652991234,4.222864794054064,4.226162492803963,36.4925,37.17247619047619,37.208623753837394,4.20373370026308,4.20432629559361,4.240204961440222,36.35333333333333,36.636989247311824,37.16412787188565,4.265596515280882,4.215359902234077,4.268196297488096,37.704166666666666,37.30239890710382,37.563358666421905,4.345170419961966,4.3259097338560775,4.317938159160891,7.799250237143372
2023-02-06,sz001212,38.82,38.26,39.07,38.18,14212,41465444.54,2.28,-2.12,-0.83,2.59,4.15265519881729,-0.1766409603226755,38.696,38.657333333333334,38.370031431005835,4.266279799995615,4.230636899202809,4.218602089107108,37.59,38.130909090909086,37.831861485900035,4.176402944513113,4.217824893295164,4.212797530260932,36.7095,37.34080952380952,37.3087548249005,4.20543338706122,4.199461676408297,4.231866888809467,36.240333333333325,36.760000000000005,37.23482929950593,4.249344919198196,4.208073365688039,4.2607420330577215,37.71,37.320622950819676,37.58619936588348,4.341374803941304,4.319597759392319,4.3125190457070035,7.617686325698904
2023-02-07,sz001212,38.22,38.56,38.66,38.17,12234,35606654.54,1.28,0.78,0.3,2.23,4.087568476161784,-0.06508672265550608,38.672,38.612,38.433354287337224,4.19506268170539,4.171066457924865,4.174924218125334,37.828,38.30727272727273,37.96425030664548,4.1762293469445035,4.201673171776742,4.190028611333814,36.92,37.51704761904762,37.427921032052836,4.204869245517909,4.188236446798826,4.218124182843021,36.22966666666667,36.90965591397849,37.32032418340877,4.231929834248117,4.197636175814722,4.2495695455160485,37.715,37.34849180327869,37.618127255526645,4.33936159979436,4.311276240448727,4.305143617197324,7.551531171004489
2023-02-08,sz001212,38.49,38.82,39.34,38.43,15469,45669743.3,2.36,0.67,0.26,2.82,4.189462239457662,0.10189376329587851,38.67,38.66133333333334,38.56223619155815,4.176566742908758,4.16919964384229,4.17977022523611,38.084,38.487636363636355,38.11984115998267,4.206464500577781,4.20407915223368,4.189925634629058,37.114999999999995,37.698,37.56049998138114,4.20252935394075,4.186769112888327,4.2153944739491775,36.30133333333333,37.07677419354838,37.417077461898536,4.218024290842834,4.194896330989532,4.245691654802604,37.71516666666666,37.38472131147541,37.657532919279866,4.336964536759414,4.306361507322934,4.3013507851402855,7.6596285705361264
2023-02-09,sz001212,38.82,39.13,39.24,38.49,14036,41457698.8,1.93,0.8,0.31,2.56,4.147243359543369,-0.04221887991429352,38.772000000000006,38.81466666666667,38.7514907943721,4.181245086624014,4.159425182720493,4.168927936671864,38.397000000000006,38.67781818181818,38.30350640362218,4.213648740980728,4.193311672045605,4.182165220977114,37.314,37.88990476190476,37.70997617363056,4.199268823865905,4.181503780088577,4.208903891624815,36.421,37.2592688172043,37.527588593388955,4.2049009924588345,4.190329819292791,4.2393401518826535,37.72083333333333,37.43110928961749,37.7058105284838,4.3369820915298725,4.300141140856834,4.296298082661698,7.617605191964351
2023-02-10,sz001212,39.13,39.81,40.24,39.04,22135,66770604.2,3.07,1.74,0.68,4.04,4.3450795263148665,0.19783616677149762,38.916000000000004,39.16066666666667,39.10432719624807,4.184401760058995,4.214036662617444,4.227645133219532,38.712,38.93472727272727,38.57741433023633,4.235158718145244,4.217208178469994,4.211786003765797,37.461,38.12761904761904,37.909978442808594,4.18513198488853,4.195390513655145,4.221872999690534,36.611000000000004,37.47791397849462,37.67484094220257,4.203653532528958,4.1993735956706,4.246162047007313,37.7455,37.49960655737705,37.77480034722204,4.340810458730468,4.300406630521915,4.297897474256884,7.824585306135216
2023-02-13,sz001212,39.78,39.85,40.33,39.46,17700,53472562.3,2.19,0.1,0.04,3.23,4.247973266361806,-0.0971062599530601,39.234,39.472,39.35288479749872,4.203465373567898,4.23522716471838,4.23442117760029,38.964999999999996,39.141636363636366,38.80879354292063,4.234872586781756,4.21953809632755,4.21836550605598,37.627,38.35514285714286,38.09474240063635,4.179946629380225,4.201375397604981,4.224358739373512,36.781333333333336,37.6868817204301,37.81517378464112,4.20445560517861,4.2022329333372355,4.246278899868893,37.77583333333333,37.568606557377045,37.842839680100006,4.342376718391618,4.297362788149172,4.296260614981636,7.728130995136232
2023-02-14,sz001212,40.38,40.04,40.82,40.0,18350,55934166.8,2.06,0.48,0.19,3.35,4.2636360685881085,0.01566280222630212,39.53,39.74066666666667,39.58192319833248,4.238678892053163,4.255284063058451,4.24415947459623,39.101,39.33709090909092,39.032649262389604,4.2168707868792765,4.224767820292342,4.226596517425458,37.82,38.58495238095238,38.28000502914717,4.187279791666608,4.209345820386683,4.22809943739395,36.943666666666665,37.897118279569895,37.95871095982557,4.2064956800485716,4.206051027750752,4.247398717205617,37.81283333333333,37.64284153005464,37.91487772337541,4.341705511309154,4.294781127499878,4.2951909577228315,7.747677173178454
2023-02-15,sz001212,40.04,39.61,40.54,39.53,16661,50401427.98,2.52,-1.07,-0.43,3.04,4.221701064384597,-0.041935004203511816,39.688,39.76733333333333,39.59128213222166,4.24512665703855,4.249624787168929,4.236673337859019,39.179,39.429636363636355,39.13762212377331,4.210846699973653,4.225646052566036,4.225706435054392,38.017,38.75542857142857,38.406671216847435,4.1891019066210085,4.212624036836016,4.227490068535916,37.080666666666666,38.06913978494624,38.06524573661102,4.203167839021608,4.20703202028856,4.24574080412039,37.835166666666666,37.70176502732241,37.97045550293687,4.344490949793983,4.290846555469564,4.292781453023218,7.702442841109194
2023-02-16,sz001212,39.61,38.04,40.18,37.66,23742,69985016.2,6.36,-3.96,-1.57,4.33,4.375517300649672,0.153816236265075,39.47,39.217999999999996,39.07418808814778,4.29078144525981,4.293088335039304,4.282954658789237,39.121,39.222545454545454,38.938054464905434,4.236013265941912,4.255586161779858,4.252944774253534,38.147,38.75761904761905,38.371750148576254,4.20581603509492,4.230377883886365,4.241587900165797,37.20933333333333,38.131032258064515,38.063616979410305,4.207267165476931,4.218151340393596,4.254113481315828,37.82866666666666,37.70848087431693,37.97273565038156,4.348365991467244,4.291863812874669,4.295494103765068,7.845005067468202
2023-02-17,sz001212,38.17,37.9,38.91,37.84,14360,41707859.5,2.81,-0.37,-0.14,2.62,4.157154439906281,-0.21836286074339029,39.088,38.69466666666666,38.68279205876519,4.253196427978094,4.24854599992146,4.241021252494919,39.001999999999995,39.00054545454546,38.74931728946808,4.218799094018544,4.241248193409743,4.23552834982676,38.217499999999994,38.73409523809524,38.32682156299756,4.199586873504889,4.225743446249352,4.2335466182363195,37.32899999999999,38.175591397849466,38.05306104525481,4.208755498181568,4.214918261324523,4.247858059289406,37.8175,37.710819672131144,37.97035087495921,4.348880876817949,4.285594581675948,4.290958377081174,7.620217901876702
2023-02-20,sz001212,37.92,39.4,39.99,37.92,20369,60450260.3,5.46,3.96,1.5,3.72,4.30896970817825,0.15181526827196823,38.998000000000005,38.79866666666667,38.92186137251012,4.2653957163413825,4.267137093321512,4.263670737722697,39.116,39.072909090909086,38.86762323683752,4.234430544954639,4.25764285052969,4.248881324072485,38.353,38.846714285714285,38.42902903318827,4.205416744733876,4.236160859075386,4.24072976965936,37.51166666666666,38.30920430107527,38.13996033265772,4.215099106359026,4.221383694227533,4.251800746314493,37.84216666666667,37.76270491803279,38.017224616763826,4.351641066110663,4.284286018769729,4.29154891252698,7.7813981752813275
2023-02-21,sz001212,39.42,39.18,39.46,38.62,11883,35133997.4,2.13,-0.56,-0.22,2.17,4.074926097123956,-0.23404361105429405,38.826,38.85933333333333,39.007907581673415,4.227653722048552,4.203647220249038,4.2007558575231165,39.178,39.084545454545456,38.924419011957966,4.233166307050857,4.2286420418332025,4.217253100990934,38.503,38.925476190476196,38.50055007764654,4.20469782699768,4.223733178350631,4.224938943703608,37.67266666666667,38.41683870967742,38.207059666034645,4.214301599362225,4.212340274276885,4.240389478624781,37.881166666666665,37.80656830601093,38.055348399820744,4.34607255819938,4.275213396835738,4.284446525136717,7.545727564821858
2023-02-22,sz001212,39.17,38.75,39.37,38.3,7373,21737085.0,2.73,-1.1,-0.43,1.35,3.8676442339030985,-0.20728186322085707,38.653999999999996,38.833999999999996,38.921938387782276,4.156842355952252,4.083644057533887,4.089718649649777,39.171,39.00672727272727,38.892706464329244,4.2009845064954,4.1621834830790645,4.15368785242951,38.6275,38.949,38.52430721310877,4.20372450353659,4.191632836151147,4.190910876103559,37.800333333333334,38.48634408602151,38.242088074677575,4.2020144047923,4.189975282956941,4.216341398320156,37.9125,37.83505464480874,38.0781238621217,4.337627850861939,4.259527222268647,4.270780876243811,7.337201303628114
2023-02-23,sz001212,38.72,40.21,40.25,38.62,31995,96205268.82,4.21,3.77,1.46,5.84,4.50508211450511,0.6374378806020116,39.088,39.352666666666664,39.35129225852152,4.1827553187233395,4.199723977051506,4.228173137934888,39.278999999999996,39.19563636363636,39.13221437990574,4.236768381991575,4.217473957262648,4.2175777182614365,38.838,39.099714285714285,38.684849383288885,4.225208561486151,4.220333561005293,4.220831946427516,37.96900000000001,38.6418064516129,38.3690501343758,4.2117686765744615,4.209528038422283,4.234969831622411,37.959500000000006,37.91038251366121,38.14802144041279,4.342451045666137,4.265017525994653,4.2784628840556564,7.983198857451453
2023-02-24,sz001212,40.09,39.55,40.72,39.33,24635,74200164.7,3.46,-1.64,-0.66,4.49,4.391552566610928,-0.11352954789418224,39.41799999999999,39.50666666666667,39.41752817234768,4.229634944064268,4.269323059680702,4.2826329474935685,39.253,39.24490909090909,39.20817540174105,4.24141568602118,4.245616536284348,4.249209508870434,38.9825,39.167523809523814,38.767244680118516,4.238287202083212,4.236175847207652,4.237091053111651,38.05833333333333,38.7438064516129,38.44524044828704,4.203893218599413,4.2211269990697975,4.2450719435571544,37.98983333333334,37.962530054644816,38.19398795056319,4.343818548193541,4.266627411927269,4.2821707425000906,7.870404869271234
2023-02-27,sz001212,40.12,40.64,41.11,39.82,38894,120035240.6,3.26,2.76,1.09,7.1,4.589882609863729,0.1983300432528008,39.666000000000004,39.914,39.82501878156512,4.285817524401365,4.389405614947189,4.3850495016169555,39.331999999999994,39.497090909090915,39.46850714687904,4.275606620371373,4.308974158801175,4.311150072687397,39.1485,39.325380952380954,38.945602329631036,4.255239603576564,4.269661124139129,4.270690248992801,38.19533333333333,38.910365591397856,38.586837838720136,4.211833293043941,4.246029540441688,4.267317792996288,38.05533333333334,38.049420765027314,38.274185066938166,4.351581922409943,4.274695086080389,4.292259656184144,8.079308767308175
2023-02-28,sz001212,40.41,40.12,40.7,39.38,26299,79596863.86,3.25,-1.28,-0.52,4.8,4.419939235077641,-0.16994337478608745,39.854,40.065333333333335,39.92334585437675,4.354820151992102,4.434112851839282,4.396679412770518,39.339999999999996,39.64036363636363,39.586960392901034,4.291236937020327,4.335216452384134,4.330929920394714,39.2205,39.41790476190475,39.05744972680903,4.254053861949801,4.285346803329707,4.284904438143738,38.32666666666667,39.0345376344086,38.68575152654464,4.221932173451181,4.259455730250314,4.277164337646698,38.11366666666666,38.11711475409837,38.334703589333635,4.358953706907135,4.276936309446544,4.296445871885569,7.9008959567436
2023-03-01,sz001212,41.0,40.68,41.09,40.2,33190,101973572.0,2.22,1.4,0.56,6.05,4.521007252408604,0.10106801733096304,40.239999999999995,40.34066666666667,40.17556390291783,4.485492755693203,4.489508551978116,4.438122025983214,39.446999999999996,39.884,39.78569486691903,4.321167555822727,4.376992873363819,4.36548943530633,39.313,39.55690476190477,39.21197832425579,4.26600712789819,4.3107709357543555,4.307390420454678,38.49366666666667,39.18636559139785,38.814412718380474,4.233123789688248,4.278750896634664,4.292896138599079,38.164166666666674,38.201256830601096,38.41159855361778,4.364214381316171,4.282249540446592,4.30380854009944,8.008487632333212
2023-03-02,sz001212,40.51,40.78,41.42,40.38,43151,133911445.52,2.56,0.25,0.1,7.87,4.6349908646966425,0.11398361228803822,40.354,40.52066666666666,40.37704260194522,4.511474505731509,4.539341254979263,4.503744972221023,39.721,40.12636363636364,39.966477618388296,4.347114912227424,4.434051656795441,4.414489695195478,39.42100000000001,39.696619047619045,39.36131372194571,4.291564089084668,4.345912244020876,4.338590462763436,38.67166666666667,39.33387096774194,38.94122480106561,4.252915660805755,4.304677804699722,4.314966766089245,38.22266666666667,38.2870218579235,38.48925106005654,4.371600659527809,4.2911274579344765,4.31466697697148,8.126817698100481
2023-03-03,sz001212,39.33,38.57,39.53,38.57,34848,102903148.67,2.35,-5.42,-2.21,6.36,4.542177858075681,-0.09281300662096115,40.158,39.926,39.77469506796348,4.541599564024461,4.549575705760653,4.516555934172576,39.788,39.9170909090909,39.712572596863154,4.385617254044364,4.46951764694967,4.43770572481006,39.394999999999996,39.61557142857143,39.28595051033184,4.302208174031454,4.36978022202002,4.35797973850746,38.741,39.32731182795698,38.91727481390009,4.26159700035138,4.323339881942942,4.329625546217402,38.18316666666667,38.298409836065574,38.49189856628419,4.367735400272801,4.296720152968832,4.322126350122437,8.012428663674825
2023-03-06,sz001212,38.43,41.04,41.85,37.97,55151,167721136.56,10.06,6.4,2.47,10.06,4.741553391491433,0.19937553341575143,40.238,40.22,40.19646337864232,4.5719337203500015,4.616226981582978,4.591555086612195,39.952,40.14472727272727,39.953923033797125,4.428875622375682,4.5342333083036825,4.492950755115764,39.534000000000006,39.772238095238095,39.45300284268119,4.331653083665161,4.411622623682874,4.394510562601171,38.885999999999996,39.475634408602154,39.054224825906545,4.279903037281144,4.35430481040359,4.356201536235082,38.1975,38.39207650273224,38.57544287558635,4.361536365730269,4.308976480549772,4.3358780563968295,8.22458779673215
2023-03-07,sz001212,40.74,42.95,44.64,40.12,90731,294856485.1,11.01,4.65,1.91,16.55,4.957755697519939,0.21620230602850654,40.803999999999995,41.124,41.11430891909488,4.6794970128384605,4.744834307306291,4.713621956914777,40.329,40.68981818181818,40.49866430037947,4.517158582415282,4.630393321966275,4.577460744643796,39.753499999999995,40.09757142857143,39.786050190997265,4.375162444733069,4.471251444049996,4.448152956402959,39.111666666666665,39.73782795698925,39.30556515971903,4.30885141213688,4.398037240096417,4.395011482124428,38.24733333333333,38.54789617486339,38.71887097802614,4.364854717879316,4.328524655362547,4.356267487253326,8.469610684130688
2023-03-08,sz001212,43.73,47.19,47.19,43.73,94232,332028421.64,8.06,9.87,4.24,17.19,4.974198408774393,0.016442711254454068,42.105999999999995,43.25266666666666,43.13953927939659,4.770135244111619,4.843068105951602,4.800480774201316,41.173,41.93727272727272,41.71527079121956,4.62781399990241,4.713491472213385,4.649594865394813,40.172000000000004,40.80580952380952,40.49118826804515,4.414399253198906,4.5283024882444085,4.498252523295476,39.476,40.25901075268817,39.81423837522103,4.345087668991864,4.440962852782708,4.432378380617974,38.36783333333334,38.841098360655735,38.996612913172825,4.368327856883962,4.348503137031238,4.376527517467131,8.521175260912191
2023-03-09,sz001212,48.41,48.83,51.27,46.79,152284,561555079.32,9.49,3.48,1.64,27.78,5.182654275780315,0.208455867005922,43.716,45.494,45.036359519597724,4.879667926328352,4.980574449841169,4.927871941394316,42.035,43.329454545454546,43.00885792008873,4.695571216029931,4.814371522373005,4.746514758192177,40.657000000000004,41.630380952380946,41.285360813945616,4.4661697990107525,4.601469633252162,4.563433642579747,39.903666666666666,40.86249462365592,40.395900415529354,4.381996113000744,4.494999408059382,4.480783277080062,38.52233333333333,39.184120218579245,39.31901904716716,4.376980691561727,4.375202363880299,4.402957902985596,8.74939235983451
2023-03-10,sz001212,48.01,46.0,48.32,45.83,101505,362617516.25,5.1,-5.8,-2.83,18.52,5.00648743553915,-0.1761668402411649,45.202,46.255333333333326,45.35757301306515,4.972529841821046,5.0228476195781,4.954077106109262,42.68,44.05036363636364,43.55270193461804,4.757064702922753,4.870901744101954,4.793782517709808,40.966499999999996,42.13923809523809,41.73437406976032,4.499240194471967,4.652928455778676,4.605629241909214,40.215,41.255806451612905,40.75745522743069,4.411213035696393,4.535289170803797,4.514699674400003,38.6305,39.42928961748634,39.53806760299775,4.384940417968406,4.395841929256608,4.422745756511942,8.559448778874168
2023-03-13,sz001212,44.93,44.63,45.59,43.43,74318,250251943.31,4.7,-2.98,-1.37,13.56,4.871094013678654,-0.1353934218604964,45.92,46.06466666666667,45.11504867537677,4.998437966258491,4.98903567686397,4.926416075299059,43.07899999999999,44.4049090909091,43.74857431014203,4.785185843304245,4.891634346057572,4.807839153340507,41.2055,42.48814285714285,42.01014796787839,4.53039623183781,4.688343105226932,4.6309116011253515,40.45866666666667,41.54064516129033,41.00729682566097,4.431888350152459,4.56495891131878,4.5376928575792705,38.695,39.625994535519126,39.70501620617815,4.386271295054572,4.411781391411043,4.437445699369867,8.398377458640997
2023-03-14,sz001212,44.49,43.4,44.63,42.73,60599,200157797.77,4.26,-2.76,-1.23,11.05,4.782465457531546,-0.08862855614710785,46.01,45.224666666666664,44.54336578358452,4.963379918260811,4.917044840621655,4.8784325360432215,43.407000000000004,44.46327272727273,43.68519716284348,4.821438465549636,4.891139730462536,4.803225754102514,41.3735,42.69714285714286,42.142514828080444,4.556337701284981,4.712349698150145,4.645345301735466,40.616,41.73040860215055,41.16166477239252,4.443182063149746,4.587576789214205,4.553484638221353,38.715,39.78025683060109,39.826163215811654,4.3837310180653795,4.424771363951272,4.4487578225882825,8.301372514063981
2023-03-15,sz001212,43.5,44.11,45.16,43.28,61482,206415350.86,4.33,1.64,0.71,11.22,4.7887479865901685,0.006282529058622366,45.394000000000005,44.59133333333334,44.398910522389684,4.926289833823967,4.85883419673144,4.848537686225537,43.75,44.5910909090909,43.762434042326475,4.848212538967792,4.8851960070153595,4.800593432736633,41.5985,42.95776190476191,42.32989436826326,4.584690047395259,4.734484011036353,4.6590027002930565,40.792,41.955827956989246,41.3518799483672,4.460075598254724,4.609871364920038,4.568662918761277,38.715500000000006,39.957142076502734,39.96661688086701,4.381103596058395,4.438050608820936,4.459905041080147,8.314741992111587
2023-03-16,sz001212,43.89,41.77,44.38,41.63,58110,188246942.66,6.23,-5.3,-2.34,10.6,4.764250875438774,-0.024497111151394968,43.982,43.38333333333333,43.52260701492646,4.842609153755658,4.804821210603042,4.82044208262995,43.849000000000004,44.23109090909091,43.400173307358024,4.861138540042006,4.869930250010085,4.793985695046113,41.785000000000004,42.97409523809524,42.27657109509533,4.604126726134715,4.751585042278592,4.669026336021219,40.897000000000006,42.018924731182786,41.37885543556932,4.481422239403781,4.629495576351268,4.581281496611438,38.7025,40.05728961748634,40.02574419624842,4.380086497597688,4.450612814702261,4.469883593026331,8.274727931503953
2023-03-17,sz001212,42.07,41.77,42.42,40.94,54762,173269505.79,3.54,0.0,0.0,9.99,4.738479300913787,-0.025771574524986463,43.136,42.646,42.938404676617644,4.789007526830586,4.770111259655752,4.793121155391229,44.169,43.85309090909091,43.10377816056565,4.880768684325817,4.84762857016859,4.78389362338569,41.978500000000004,42.972666666666676,42.22832622889577,4.633192969185091,4.764380525590885,4.675640904106226,40.98633333333334,42.07524731182795,41.4040905687584,4.495061677462909,4.646079902900301,4.591423290437397,38.66983333333334,40.15786338797814,40.08293291112552,4.380329096371895,4.462363398417542,4.478690009678379,8.238722136675584
2023-03-20,sz001212,41.55,41.87,42.85,41.22,53982,172139830.06,3.9,0.24,0.1,9.85,4.732248970862833,-0.0062303300509540804,42.584,42.224000000000004,42.582269784411764,4.761238518267422,4.751191740999834,4.772830427215097,44.251999999999995,43.4350909090909,42.87945485864462,4.879838242262956,4.820624985902593,4.774503686563352,42.102,42.96233333333333,42.19419992138189,4.6543569323193195,4.773814430512575,4.681032148559236,41.10666666666667,42.13225806451613,41.43414924174173,4.514381469864426,4.661382308926102,4.60050881820678,38.6735,40.26278688524591,40.14152527469517,4.38186319453131,4.473901754958229,4.487003418241804,8.23588136988536
2023-03-21,sz001212,41.87,41.99,42.26,40.29,42000,131941274.1,4.71,0.29,0.12,7.66,4.623249290397901,-0.10899968046493225,42.302,42.025999999999996,42.384846522941174,4.7293952848406935,4.7051953317099935,4.722970048276032,44.156,43.02381818181818,42.7177357934365,4.846387601550752,4.773972449199855,4.7470028872605425,42.2425,42.95166666666666,42.174752309821706,4.6817730919830165,4.770851797948631,4.675529019210537,41.221,42.18924731182796,41.4700105809842,4.53223749700563,4.6684060392831,4.601975945444917,38.72533333333333,40.371524590163936,40.20213100339368,4.382083665626874,4.481816053183363,4.491470496017414,8.120380673559257
2023-03-22,sz001212,41.78,42.12,43.04,41.69,44248,142155221.42,3.22,0.31,0.13,8.07,4.6458936454611095,0.02264435506320872,41.903999999999996,41.965333333333334,42.296564348627456,4.700824416614881,4.677361451916799,4.697277914004392,43.649,42.65363636363636,42.609056558266225,4.813557125219424,4.737519002638102,4.728619388751555,42.411,42.940000000000005,42.1695378041244,4.720685562560917,4.7674347078036865,4.672706602662973,41.331,42.24724731182795,41.51194538221103,4.547451877205744,4.675738694022164,4.604809345445962,38.81616666666667,40.48282513661203,40.265011954102086,4.382738084024289,4.490465560718912,4.496533550097536,8.152762816135132
2023-03-23,sz001212,42.02,42.26,43.03,41.28,42080,134886942.31,4.15,0.33,0.14,7.68,4.624075731145683,-0.021817914315426457,42.001999999999995,42.083999999999996,42.28437623241831,4.6727893877562625,4.651778556760401,4.672877186384823,42.992000000000004,42.40109090909091,42.54559172949054,4.757699270755961,4.70306784007924,4.709611451005032,42.5135,42.925619047619044,42.17815325135065,4.726635243392946,4.758233771478426,4.668075091089897,41.43533333333334,42.307182795698914,41.56020697045548,4.563346289592489,4.680682168469901,4.606052338071751,38.92816666666667,40.59573770491803,40.33042139822989,4.384123641025662,4.498378270460598,4.500715260951574,8.129969909959609
2023-03-24,sz001212,41.8,40.83,42.2,40.78,43366,135912429.58,3.36,-3.38,-1.43,7.91,4.637149365472668,0.01307363432698505,41.814,41.693333333333335,41.79958415494554,4.65252340066804,4.639898549332535,4.660967912747438,42.475,42.007999999999996,42.23366596049225,4.720765463749312,4.681149675482278,4.696436526362784,42.5775,42.76528571428571,42.04975770360297,4.738915083336033,4.749711306914591,4.665129783888257,41.46933333333333,42.26812903225807,41.51309684332932,4.573081950897749,4.685443657236365,4.608058597904068,39.040166666666664,40.658092896174864,40.346801024517426,4.3883677417133535,4.506674195852302,4.505188510280134,8.133259176019935
2023-03-27,sz001212,40.65,42.45,42.62,40.52,46549,147754981.7,5.14,3.97,1.62,8.49,4.667910355582737,0.030760990110068498,41.92999999999999,41.90533333333333,42.01638943663036,4.63965567761202,4.645027534304102,4.6632820603592045,42.257,42.003454545454545,42.272999422220934,4.700447097939721,4.671539655815627,4.691249949857321,42.668,42.753142857142855,42.08787601754555,4.7428164706219835,4.742948951890466,4.665394600240112,41.556000000000004,42.33139784946236,41.573542208275825,4.5870798538717805,4.6915616188289455,4.611920001625273,39.168666666666674,40.76989071038252,40.41575836797587,4.395767729525194,4.5158395274545775,4.510523652749072,8.16954213245243
2023-03-28,sz001212,42.41,41.45,42.65,41.39,30269,96163068.9,2.97,-2.36,-1.0,5.52,4.4809980733630566,-0.18691228221968004,41.821999999999996,41.745333333333335,41.82759295775358,4.6112054342050515,4.592141666221114,4.602520731360489,42.062,41.85672727272727,42.12336316363531,4.670300359522872,4.631639833165326,4.653022335949272,42.734500000000004,42.637142857142855,42.02712592063645,4.745869412536254,4.718013866437236,4.647833026251821,41.603,42.32455913978495,41.565571743225775,4.594325254030945,4.684717632989672,4.603473425608356,39.27333333333333,40.84468852459016,40.449667929681574,4.400410467039758,4.518633964957457,4.509555600965924,7.983008314736327
2023-03-29,sz001212,41.46,40.93,41.81,40.87,21907,68456030.0,2.27,-1.25,-0.52,4.0,4.340582908247528,-0.14041516511552832,41.584,41.448,41.528395305169056,4.550143286762335,4.5019341575686065,4.515208123656169,41.744,41.650909090909096,41.90638804297435,4.625483851688608,4.571691205660718,4.5962151672762275,42.747,42.46528571428572,41.922637737718695,4.736848195328201,4.679415151743071,4.618571110251412,41.647,42.281139784946234,41.524567114630564,4.598287982159708,4.668347159068161,4.586512747068948,39.36383333333333,40.89900546448088,40.46541652215103,4.400727910590659,4.516672405652795,4.504015512680075,7.83541170930541
2023-03-30,sz001212,40.94,40.96,41.52,39.99,26255,81379543.19,3.74,0.07,0.03,4.79,4.419212022623076,0.07862911437554754,41.324,41.24,41.33893020344604,4.509170545057814,4.45829040285552,4.483209423311805,41.663,41.50836363636364,41.73431748970628,4.590979966407039,4.5341872367397125,4.564032777339291,42.756,42.29509523809524,41.83095795317406,4.726059253224522,4.649164087675917,4.599584530477284,41.74433333333333,42.236817204301076,41.488143429815686,4.599744472892155,4.656793871356122,4.575719151943408,39.476833333333325,40.951338797814216,40.481632373883784,4.403505819184543,4.517278442112873,4.5012350703831245,7.910515247687099
2023-03-31,sz001212,41.28,42.77,43.51,41.11,50847,163729803.8,5.86,4.42,1.81,9.28,4.706265334409592,0.28705331178651594,41.712,41.722,41.81595346896403,4.522993738845198,4.52398866597278,4.557561393677734,41.763,41.709636363636356,41.92262340066877,4.587758569756619,4.555148212740176,4.589893242261163,42.966,42.29642857142857,41.92039052906224,4.7342636270412175,4.6472789525506855,4.609744607042266,41.906666666666666,42.30298924731183,41.57084385369855,4.6180481693756,4.663666185002406,4.584141486296065,39.61783333333333,41.059311475409835,40.55666082064169,4.413401833778583,4.527204983595663,4.507957374121697,8.21412774140181
2023-04-03,sz001212,43.06,44.18,44.6,42.8,51188,170384130.42,4.21,3.3,1.41,9.34,4.709168161276517,0.0029028268669248902,42.05800000000001,42.544666666666664,42.60396897930936,4.531245299983953,4.586046806783219,4.608096982877328,41.994,42.149090909090916,42.33305550963808,4.585450488797987,4.577222683925612,4.6115795911730455,43.123000000000005,42.41204761904762,42.13559143105631,4.732644365530471,4.644888908192144,4.619213516969338,42.066,42.44965591397851,41.73917650829865,4.631388117812208,4.669544894157305,4.592207723391579,39.78883333333333,41.2088907103825,40.67545882652229,4.423243612085617,4.53690224023494,4.5145544491103795,8.231429142120952
2023-04-04,sz001212,43.76,43.25,44.47,42.93,44901,148469141.38,3.49,-2.11,-0.93,8.19,4.652256013378507,-0.05691214789800991,42.418,42.942,42.81931265287291,4.565496887987044,4.62638371124807,4.622816659711054,42.12,42.37745454545455,42.49977268970388,4.588351161096048,4.589369142940252,4.618975304301311,43.138,42.424142857142854,42.241725580479525,4.717369381323399,4.63723287465386,4.622360421389258,42.20166666666667,42.52604301075269,41.83664899163422,4.650632448354027,4.670891210000291,4.596081806616542,39.93716666666667,41.322371584699454,40.75987001253795,4.432467023858126,4.544410843556017,4.51906925449622,8.171636196945943
2023-04-06,sz001212,43.38,42.85,43.56,42.2,26337,85536275.84,3.14,-0.92,-0.4,4.8,4.4205663037446925,-0.2316897096338142,42.802,43.086,42.82954176858194,4.581493567086477,4.57807351650062,4.555399874388934,42.193,42.51018181818182,42.56345038248499,4.565818426924406,4.558862805240006,4.582900940563744,42.921,42.39671428571429,42.29965647757671,4.689687776071915,4.608965914884459,4.603141933994538,42.33833333333333,42.56787096774194,41.90202647604492,4.669063184015413,4.656048232928722,4.5847582257861,40.06933333333333,41.417874316939894,40.82839886458589,4.435538794403857,4.544020656011314,4.515839649553547,7.9321503376048375
2023-04-07,sz001212,42.59,44.73,45.38,42.41,47072,157604499.93,6.93,4.39,1.88,8.59,4.672762651047436,0.25219634730274354,43.556000000000004,43.72866666666666,43.46302784572129,4.632203692771349,4.608496544487607,4.594520799941768,42.44,42.97145454545455,42.957368494760445,4.570687118914581,4.578307209626011,4.59923943337896,42.715999999999994,42.568999999999996,42.53111776542654,4.6641931948352715,4.607353998215462,4.609772478475766,42.489,42.722172043010765,42.08447638081621,4.6746525352334904,4.65628690822111,4.59043593064167,40.229000000000006,41.57068306010928,40.95632021328799,4.4432106059039755,4.551798487376677,4.520984665995969,8.19756861332402
2023-04-10,sz001212,44.59,44.21,45.37,43.89,29243,98593325.31,3.31,-1.16,-0.52,5.33,4.466021924257536,-0.2067407267899002,43.844,43.94666666666667,43.7120185638142,4.584155010740938,4.553102621649669,4.551687841380358,42.778000000000006,43.29327272727273,43.18511967753127,4.553574374793068,4.559277174233821,4.575018068084155,42.6265,42.711285714285715,42.691011311576396,4.63716991927119,4.5884805438747245,4.596081949502601,42.64433333333333,42.83320430107526,42.22160693689259,4.6771348471550445,4.642826868803307,4.582409220552371,40.35133333333333,41.70120765027323,41.06299823908182,4.440514032877229,4.552546399453844,4.519182608889791,7.993847514544093
2023-04-11,sz001212,43.86,44.18,45.05,43.6,26457,88913260.3,3.28,-0.07,-0.03,4.83,4.422540597322725,-0.04348132693481066,43.844,44.05866666666667,43.868012375876134,4.52682949795018,4.499231150510266,4.5086387600278135,42.951,43.54818181818182,43.36600700888921,4.529037398967067,4.535452851057395,4.547294891582077,42.604,42.8592380952381,42.83281975809293,4.6147422484533935,4.568039656070108,4.579554201675946,42.76233333333334,42.93227956989248,42.347954876447915,4.671556780070344,4.626401433330255,4.572095115827878,40.478833333333334,41.82673770491804,41.165195018128315,4.441695036557143,4.551957106484844,4.516014018346608,7.948966535387142
2023-04-12,sz001212,44.14,43.37,44.15,43.2,23032,76048096.82,2.15,-1.83,-0.81,4.2,4.362331651870026,-0.0602089454526995,43.868,43.900666666666666,43.70200825058409,4.468844625648483,4.4443985351502135,4.459869723975218,43.142999999999994,43.62436363636363,43.366733007272984,4.517170756817764,4.50514271522157,4.5136652116344305,42.6025,42.93219047619048,42.8839797811317,4.593735558170318,4.544000551633598,4.558866339789668,42.870666666666665,42.97148387096774,42.41389327151579,4.669636527296757,4.606451425059266,4.55856198912092,40.59866666666666,41.921530054644805,41.23748370605853,4.445784350373969,4.549355028298381,4.510975252232622,7.881088349869431
2023-04-13,sz001212,43.63,42.15,43.66,41.95,24165,78002579.5,3.94,-2.81,-1.22,4.41,4.383186799474899,0.02085514760487328,43.727999999999994,43.327999999999996,43.184672167056064,4.461368724794525,4.4158459264256855,4.4343087491417785,43.265,43.44381818181818,43.14550882413244,4.521431145940501,4.480781995704685,4.489941863969061,42.50449999999999,42.88909523809524,42.81407694483344,4.5734574988145535,4.5239482889007006,4.542134954997785,42.919666666666664,42.92498924731183,42.396867899159936,4.665042512198967,4.587970797457855,4.547247460756662,40.70666666666667,41.97239344262295,41.26740227307301,4.449083150943608,4.547302649580378,4.506785466896303,7.892108964794232
2023-04-14,sz001212,42.13,41.87,42.45,41.55,16207,51545639.7,2.14,-0.66,-0.28,2.96,4.209702632120352,-0.1734841673545473,43.15599999999999,42.708666666666666,42.74644811137071,4.368756721009108,4.331957228867628,4.35944004346797,43.356,43.19018181818182,42.91359812883563,4.500480206890228,4.424104084101022,4.438989276360204,42.509499999999996,42.82866666666666,42.724164854849306,4.545730086648633,4.489304968263157,4.510474733771363,42.955999999999996,42.85726881720429,42.36287642179478,4.650866237779757,4.558594031001171,4.52547037503819,40.813833333333335,42.01053551912569,41.287159575595204,4.451890949292756,4.539454107979616,4.497045046083976,7.712191933745233
2023-04-17,sz001212,41.87,42.32,43.34,41.86,21627,70113869.5,3.53,1.07,0.45,3.95,4.334996280243225,0.1252936481228737,42.778,42.43,42.604298740913805,4.342551592206246,4.320703748612334,4.351292122393055,43.311,43.00181818181818,42.80567119632006,4.4633533014735916,4.39401609743793,4.42008145888439,42.537,42.81061904761904,42.68567296391128,4.525555935615105,4.469235081938833,4.493762500102017,43.081,42.81623655913978,42.360110201033834,4.643960185185342,4.53821532406333,4.513181723761096,40.910999999999994,42.05991803278688,41.321023196067486,4.452778592768362,4.535621495879631,4.491731971794114,7.845803935962616
2023-04-18,sz001212,42.17,42.63,43.14,41.68,17546,56317916.6,3.45,0.73,0.31,3.2,4.244178125022544,-0.09081815522068126,42.468,42.38066666666666,42.612865827275876,4.30687909774621,4.2879125928844335,4.315587456602884,43.156,42.87800000000001,42.77373097880732,4.416854297848194,4.354166065355922,4.388099034545872,42.575,42.819476190476195,42.68037077687211,4.501152393323091,4.442437195215732,4.469992559618258,43.134,42.787139784946234,42.377522446128424,4.6273810096363786,4.512422933085086,4.495826652874738,41.01,42.1162786885246,41.36394046832757,4.453642023458761,4.528782136281407,4.483615452227833,7.750646580333995
2023-04-19,sz001212,42.08,40.38,42.65,39.83,38171,117677671.0,6.62,-5.28,-2.25,6.96,4.581733537701078,0.33755541267853406,41.87,41.684666666666665,41.86857721818392,4.35075947491242,4.379530739536056,4.404302816968949,42.869,42.37327272727273,42.33850716447872,4.409802050280452,4.384144108965537,4.423305307846818,42.4945,42.61042857142857,42.46128784574143,4.499076605688249,4.450111589918397,4.480634557530908,43.04833333333333,42.6094623655914,42.24865003024918,4.614846937642417,4.509477934895711,4.501369032540954,41.080000000000005,42.09562295081967,41.33168012510371,4.4618491748896485,4.532981858059844,4.4868324386367915,8.070694064530338
2023-04-20,sz001212,40.46,40.42,41.59,40.21,23981,74126878.68,3.42,0.1,0.04,4.37,4.379867289080878,-0.20186624862019986,41.524,41.20133333333333,41.385718145455954,4.350095572833615,4.389233344258876,4.396157641006258,42.626,41.928,41.98968768002804,4.40573214881407,4.378701425111069,4.41540748625301,42.409499999999994,42.41285714285715,42.266879479480345,4.485775287869237,4.438758321670076,4.471037674821382,42.82266666666666,42.43989247311827,42.13067260894279,4.5950359003193,4.49431795756916,4.49353021038224,41.149333333333324,42.07398360655737,41.30178897346096,4.470061784655582,4.530293927377589,4.48332538455299,7.869975713320286
2023-04-21,sz001212,40.41,38.91,40.68,38.77,21687,65074196.96,4.73,-3.74,-1.51,3.96,4.336199479466631,-0.04366780961424688,40.932,40.330000000000005,40.560478763637306,4.375394942302871,4.384601313136548,4.376171587159716,42.044,41.25236363636364,41.429744465477484,4.372075831655989,4.366059121593353,4.401006030473669,42.242000000000004,42.079571428571434,41.94717667191079,4.471381475285286,4.424513006584115,4.4581959419304535,42.492,42.1874623655914,41.92288727933358,4.566820740442178,4.477618833643182,4.48337984064575,41.19783333333333,42.000562841530055,41.223369662855674,4.474408426721461,4.525904999338607,4.478501584386224,7.813408817457529
2023-04-24,sz001212,39.25,39.56,39.57,38.39,20594,60831568.4,3.03,1.67,0.65,3.76,4.313740708405768,-0.02245877106086347,40.38000000000001,39.87266666666667,40.226985842424874,4.37114382793538,4.364049901837514,4.3553612942417335,41.57899999999999,40.80072727272727,41.089790926299756,4.356847710070813,4.355452735547858,4.385139608279505,42.1785,41.82414285714285,41.719826512681195,4.45521104243194,4.4094996002146365,4.444438300642388,42.27733333333333,41.99830107526881,41.77044293873142,4.543729182871064,4.461291089640831,4.472435380501235,41.24616666666667,41.94686338797814,41.16883295259811,4.477471109283728,4.520637205295469,4.473099588452438,7.784129013876773
2023-04-25,sz001212,39.42,36.65,39.56,36.09,30983,87375588.3,8.77,-7.36,-2.91,5.65,4.491123467017969,0.1773827586122012,39.184,38.629333333333335,39.03465722828325,4.420532896334466,4.404043114865043,4.400615351833812,40.82600000000001,39.904545454545456,40.28255621242707,4.363705997040337,4.37986650953825,4.404409400777407,41.8885,41.29761904761905,41.23698589242584,4.446371698003702,4.412919831127591,4.448884506963872,42.01133333333333,41.63524731182796,41.44009178139392,4.531063497982374,4.4578971724890195,4.473641063502315,41.235,41.7961693989071,41.02067449513588,4.481475924067416,4.521084823581838,4.473690535290652,7.9413901128691435
2023-04-26,sz001212,36.38,37.97,38.51,36.38,19793,56467668.62,5.81,3.6,1.32,3.61,4.296511624661298,-0.19461184235667073,38.702,38.224666666666664,38.67977148552217,4.36348851372651,4.362702690973988,4.365914109442974,40.286,39.38527272727272,39.86209144653124,4.357123994319465,4.367649350923879,4.3847916233017505,41.7145,40.92442857142858,40.92584437886148,4.437147375568614,4.39864744319022,4.434372803887436,41.830333333333336,41.37451612903225,41.216214892271736,4.5148650368867,4.44276479356508,4.462213357770637,41.223166666666664,41.689120218579234,40.920652380541256,4.479023550018223,4.515020420322622,4.467881390679854,7.751799857395626
2023-04-27,sz001212,38.18,37.49,38.42,37.29,12438,35480991.3,2.98,-1.26,-0.48,2.27,4.094750552477504,-0.20176107218379435,38.116,37.82066666666667,38.283180990348114,4.306465166405834,4.273123370557653,4.27552625712115,39.82,38.87690909090909,39.43080209261647,4.3282803696197245,4.319945088770796,4.332056883151887,41.542500000000004,40.52209523809523,40.5986211046842,4.424855757780112,4.366038221943447,4.402027827562681,41.60966666666666,41.09449462365592,40.97581393148002,4.491731789082945,4.415660633280615,4.43850608000979,41.200833333333335,41.566721311475405,40.80817197462187,4.475903693668835,4.502421305649154,4.455647592706006,7.549995745040912
2023-04-28,sz001212,38.0,38.16,38.92,37.83,10665,30894811.0,2.91,1.79,0.67,1.95,4.0279608597854475,-0.06678969269205659,37.966,37.83533333333333,38.242120660232075,4.244817442469598,4.1802886016841905,4.193004458009249,39.449,38.57509090909091,39.199747166686194,4.310106192386234,4.2653415415282,4.276766697085262,41.402499999999996,40.19995238095238,40.36637147566666,4.405293199638232,4.328238707848717,4.366402402060087,41.48933333333333,40.87193548387096,40.794148516545825,4.467188788561166,4.385739928164647,4.412019291608219,41.19316666666667,41.467021857923505,40.72134666397853,4.474305513982474,4.4877346553578965,4.441625076872545,7.489885542748262
2023-05-04,sz001212,37.83,36.66,38.55,36.26,23045,64882060.26,6.0,-3.93,-1.5,4.2,4.362576712460539,0.33461585267509175,37.385999999999996,37.4,37.714747106821385,4.254584643280552,4.2195416916811705,4.249528542826346,38.882999999999996,38.068,38.73797495456143,4.312864235607966,4.274881636087165,4.292368518062585,41.097,39.748285714285714,40.01338371607936,4.3881087685407785,4.324170470974652,4.366038050669654,41.318999999999996,40.56036559139785,40.52742925741384,4.454658702279392,4.378990761964608,4.4088294477922405,41.15266666666666,41.318393442622956,40.58818775696284,4.47486018987115,4.484071415963735,4.4390333272196925,7.8121246319759585
2023-05-05,sz001212,36.58,35.53,36.58,35.37,22877,61943848.2,3.3,-3.08,-1.13,4.17,4.359399072180887,-0.003177640279652394,37.162,36.781333333333336,36.98649807121426,4.228239764313136,4.254479834647949,4.286152052611193,38.173,37.458363636363636,38.154706781004805,4.3243863303238,4.283342515464059,4.304555891538639,40.6645,39.21809523809524,39.58639479073847,4.370620314085998,4.321436214178472,4.365405767004057,41.10766666666667,40.18688172043011,40.20501446661295,4.442230372323327,4.372844979377606,4.405640391301185,41.10716666666667,41.134043715847,40.42234553542307,4.4783059210938765,4.48028580554766,4.436422368038092,7.791998181971878
2023-05-08,sz001212,35.45,35.27,36.09,34.8,24392,65350723.0,3.63,-0.73,-0.26,4.45,4.3872474113573245,0.027848339176437698,36.622,36.150666666666666,36.41433204747618,4.24638692165234,4.307482383662679,4.319850505526571,37.662,36.93054545454545,37.63021463900393,4.304937717689425,4.294771802924701,4.319590713323855,40.265499999999996,38.70433333333333,39.1753095725729,4.357369883984939,4.323019747251931,4.36748592360913,40.88366666666666,39.81025806451612,39.88662643650889,4.434363643021974,4.369297691573348,4.404453747433839,41.05233333333333,40.94266120218579,40.25341617360591,4.483300570013802,4.477300280638266,4.434810074376427,7.815250396708812
2023-05-09,sz001212,35.62,34.07,35.62,34.0,20728,53995413.5,4.59,-3.4,-1.2,3.78,4.316557399977769,-0.07069001137955588,35.938,35.3,35.632888031650786,4.2907482911523935,4.330872543104489,4.31875280367697,37.027,36.277454545454546,36.98290288645776,4.298606728779115,4.296884472431672,4.319039201806385,39.826499999999996,38.114285714285714,38.68908961328024,4.352169438796592,4.3191328440131525,4.36263558802519,40.61533333333333,39.370666666666665,39.51136021479864,4.423385768172531,4.361697288796303,4.3987830153399,40.97316666666667,40.71373224043715,40.050681217094244,4.485418822689137,4.471833291456756,4.430932937510898,7.7323568713741375
2023-05-10,sz001212,34.07,34.76,34.79,33.91,13672,35674306.6,2.58,2.03,0.69,2.49,4.135832049712681,-0.18072535026508785,35.257999999999996,34.907333333333334,35.341925354433855,4.31232252913784,4.279233795957918,4.257779219022208,36.612,35.86527272727273,36.578738725283614,4.278569985803719,4.267289076237775,4.28572881051662,39.328,37.6317619047619,38.314890602491644,4.325322908729854,4.298529283148019,4.3410352510430466,40.36533333333333,38.992903225806444,39.20482084610196,4.40711097879143,4.343145435992441,4.381818436912337,40.900333333333336,40.51002185792351,39.877216259156725,4.485228634191959,4.460371430047692,4.4212574985666935,7.552355540505105
2023-05-11,sz001212,34.85,34.76,35.17,34.56,11088,29192550.0,1.75,0.0,0.0,2.02,4.044853217267732,-0.0909788324449492,34.878,34.74133333333334,35.14795023628923,4.248777830099279,4.190077358667882,4.186803885104049,36.132,35.52854545454545,36.248058957050226,4.251681236689915,4.224795118322141,4.241933248107731,38.8555,37.196714285714286,37.97632959273053,4.304264473380364,4.27181788396115,4.3128274383025405,40.163000000000004,38.6312688172043,38.918058210869575,4.387367773851265,4.319773967507042,4.3600787453223635,40.81616666666667,40.30869945355191,39.70943867688929,4.480224862374508,4.445932891787882,4.408916374589679,7.46527203272556
2023-05-12,sz001212,34.69,33.74,34.75,33.7,12958,33324559.5,3.02,-2.93,-1.02,2.36,4.112537975609308,0.06768475834157606,34.519999999999996,34.362,34.67863349085949,4.199405610784963,4.144664073837891,4.1620485819391355,35.840999999999994,35.093636363636364,35.79204823758655,4.213822687549049,4.199496343580213,4.218406834926199,38.3335,36.70952380952381,37.572869631518095,4.288764342294693,4.253558217506764,4.2937522513793756,39.87266666666667,38.21688172043011,38.58398993920058,4.368855361185484,4.302043012781755,4.344108373082812,40.714333333333336,40.07669398907103,39.51371937600767,4.477967607528632,4.433877584025088,4.399199050032945,7.522764417411218
2023-05-15,sz001212,34.28,34.37,34.4,33.53,10084,25915685.54,2.58,1.87,0.63,1.84,4.0036328370044085,-0.10890513860489914,34.339999999999996,34.312000000000005,34.575755660572995,4.12268269591438,4.079406482577706,4.1092433336275604,35.481,34.826181818181816,35.53349401257081,4.18453480878336,4.161280007117551,4.179357017122237,37.883500000000005,36.33204761904762,37.26783442851637,4.270829401551412,4.226402836050546,4.266121830962712,39.63666666666666,37.861870967741936,38.31211962054248,4.3529431866401955,4.2784802692862005,4.322142209464851,40.61983333333333,39.86868306010929,39.34507283908938,4.47363422033557,4.418325624335769,4.386229665999222,7.413562701591574
2023-05-16,sz001212,34.53,34.35,34.72,33.94,10644,27668668.15,2.27,-0.06,-0.02,1.94,4.027104865879351,0.023472028874942374,34.396,34.315333333333335,34.50050377371533,4.064792189094696,4.047547205899364,4.081863844378157,35.167,34.62054545454545,35.318313283012486,4.177770240123545,4.132656381135003,4.151674807805349,37.4935,35.99552380952381,36.98994543532434,4.253025304871635,4.20319097551035,4.243358310478582,39.41733333333333,37.520795698924736,38.05649899986233,4.3424939185612565,4.25745844214034,4.303107542136754,40.53216666666666,39.66311475409836,39.18129995911924,4.470390950360483,4.403685317632287,4.374455082388735,7.4419882545863185
2023-05-17,sz001212,34.3,34.31,34.53,34.11,9831,25464070.02,1.22,-0.12,-0.04,1.79,3.992597696102038,-0.03450716977731272,34.306,34.28666666666666,34.43700251581022,4.036145318372567,4.023482374901811,4.052108461619451,34.782,34.46472727272727,35.13498359519203,4.174233923755204,4.098988645858366,4.1227516965865645,37.115500000000004,35.69233333333333,36.73471253672202,4.242170058070719,4.178388346103722,4.219476347204625,39.19566666666667,37.19129032258065,37.81478938696798,4.3282734410105554,4.2348844923042614,4.283074648844192,40.470000000000006,39.45910928961749,39.02158520636123,4.464008956951355,4.388019965033648,4.361935168084253,7.405927819818799
2023-05-18,sz001212,34.31,34.93,34.97,34.27,13990,36781280.5,2.04,1.81,0.62,2.55,4.145817714491828,0.15322001838978938,34.339999999999996,34.49466666666667,34.60133501054015,4.0563382178173875,4.060039840274897,4.083344879243576,34.609,34.49163636363636,35.09771385061166,4.152558023958333,4.093822062355934,4.126945518023885,36.745999999999995,35.48419047619048,36.56283515227231,4.232711129783149,4.169211932429541,4.212461239327216,38.934333333333335,36.916086021505365,37.62867394264747,4.309591853679963,4.223113155109504,4.274219362756942,40.4205,39.27746994535519,38.887434871726434,4.4638200115277815,4.377587465280877,4.354849349933682,7.565626844652024
2023-05-19,sz001212,34.82,35.09,35.24,33.88,15284,40098388.3,3.89,0.46,0.16,2.79,4.184237029016371,0.0384193145245435,34.61,34.744666666666674,34.764223340360104,4.070678028498799,4.102672777341226,4.116975595834508,34.565000000000005,34.57909090909091,35.09631133231863,4.135041819641882,4.099581881457396,4.137362156386155,36.369,35.32647619047619,36.422565137770185,4.22971407498284,4.1645953514041345,4.209773219297612,38.63133333333334,36.66806451612903,37.464888526992794,4.292094149271292,4.215025747066693,4.268414050902712,40.34866666666667,39.10269945355191,38.76292881035835,4.46174113354175,4.368420810116569,4.349255503346229,7.603126917096913
2023-05-22,sz001212,35.09,35.63,35.79,34.8,16390,43849632.15,2.82,1.54,0.54,2.99,4.214578953570499,0.03034192455412832,34.862,35.084666666666664,35.05281556024007,4.112867251812018,4.150639752365127,4.1495100484131715,34.601,34.77272727272727,35.19334563553342,4.117774973863199,4.114043178535326,4.1514015740560355,36.1315,35.256095238095234,36.34708274369683,4.211356345776312,4.1631539112696245,4.210230908275983,38.37733333333333,36.47443010752689,37.34650862202552,4.277504913944358,4.210024766698899,4.264940818816763,40.2895,38.94798907103825,38.66020983296955,4.464068681149192,4.360317132084725,4.344839878763418,7.641965954466135
2023-05-23,sz001212,35.62,35.21,35.82,35.21,12093,32435574.0,1.71,-1.18,-0.42,2.21,4.082534052872713,-0.13204490069778618,35.034000000000006,35.20066666666666,35.105210373493385,4.12395308921069,4.140528686052025,4.127184716566353,34.714999999999996,34.88345454545455,35.19637370180007,4.094372639152693,4.1076357383552375,4.1388802065681585,35.871,35.16833333333333,36.23878914905904,4.196489683965903,4.150885121469282,4.198069302999481,38.12266666666667,36.27008602150538,37.20866935608839,4.266237172248625,4.197446001468469,4.25317264036876,40.2305,38.7814480874317,38.547088199101694,4.467650178132019,4.347807800010086,4.3362396877506075,7.511021587878296
2023-05-24,sz001212,35.1,35.73,36.06,34.83,15453,41578732.0,3.49,1.48,0.52,2.82,4.1890128046002415,0.1064787517275283,35.318,35.43266666666667,35.313473582328925,4.163236110910331,4.162215257848542,4.147794079244315,34.812,35.068,35.29339666510914,4.099690714641449,4.124843041163882,4.147995224392173,35.712,35.15490476190476,36.190333039624846,4.189130350222585,4.1501730377201715,4.197206779342411,37.82266666666667,36.11572043010753,37.11327133311495,4.250112177367053,4.192463784200833,4.2490332961256305,40.155833333333334,38.63389071038251,38.45472465159016,4.462382356300272,4.338672148418881,4.331412576827645,7.618871240796318
2023-05-25,sz001212,35.69,35.95,36.0,35.5,13258,35877937.84,1.4,0.62,0.22,2.42,4.122478014681511,-0.0665347899187303,35.522000000000006,35.64333333333333,35.52564905488595,4.158568170948268,4.148629225772269,4.139355391056714,34.931,35.27490909090909,35.41277908963475,4.107453194382827,4.1289861866257125,4.143355731717507,35.5315,35.177571428571426,36.167444178708195,4.1795672155363714,4.14382519624007,4.1900897541366104,37.547333333333334,35.994903225806446,37.03822156968818,4.238660713714518,4.184229322092088,4.240868439258269,40.09583333333333,38.49599453551913,38.372602531865894,4.457897780434782,4.327527743775642,4.3245622633146565,7.554827473099866
2023-05-26,sz001212,36.09,35.57,36.09,35.14,12156,32613224.3,2.64,-1.06,-0.38,2.22,4.084790691407905,-0.03768732327360613,35.618,35.65933333333333,35.5404327032573,4.138678903426575,4.124036732592148,4.1211671578404445,35.114,35.391090909090906,35.44136470970116,4.104678465962687,4.124865731539363,4.132707542570306,35.477500000000006,35.18123809523809,36.11054473311694,4.159250576755868,4.134798860608788,4.180061271971971,37.26033333333333,35.867333333333335,36.94349759745024,4.227402383517357,4.174302223878758,4.230798907138891,40.01133333333333,38.34760655737705,38.28071392426373,4.449479581793851,4.315294724463286,4.316700900301321,7.513393737367004
2023-05-29,sz001212,35.7,34.53,35.7,34.4,13522,35546122.7,3.65,-2.92,-1.04,2.47,4.131040931600099,0.046250240192193814,35.398,35.29666666666666,35.20362180217154,4.121971299032494,4.121490741983323,4.12445841576033,35.13,35.28490909090909,35.27566203521004,4.117419275422256,4.129658907109801,4.132404522393904,35.3055,35.091,35.96001666329628,4.150977042102808,4.132112227736808,4.175392668127031,36.96566666666667,35.69118279569893,36.78778807503409,4.219692692841694,4.168085356013129,4.224362908717033,39.91816666666667,38.16789071038252,38.15773969723868,4.444664610069226,4.304854112981523,4.310613688212756,7.5507922356753765
2023-05-30,sz001212,34.39,34.61,34.78,33.89,10337,26829450.4,2.58,0.23,0.08,1.89,4.014394516273535,-0.11664641532656361,35.278,35.034,35.00574786811436,4.108343391712658,4.085631814397003,4.087770449264732,35.156,35.19036363636364,35.15463257426276,4.1161482404616745,4.110927132719125,4.110948157644746,35.161500000000004,35.0247619047619,35.83144364774425,4.14695924029261,4.119104368134022,4.16005951080765,36.714333333333336,35.539204301075266,36.647285618580284,4.207399616734981,4.154840312363571,4.210816560817453,39.817,37.993852459016395,38.04142036290299,4.436221064466975,4.290746896791501,4.300901584214749,7.428611776261503
2023-05-31,sz001212,34.53,34.0,34.76,33.85,10334,26679565.7,2.63,-1.76,-0.61,1.89,4.014268457209643,-0.00012605906389229204,34.932,34.608,34.67049857874291,4.073394522234539,4.054273502895998,4.063269785246369,35.125,34.98018181818182,34.94469937894226,4.118315316572435,4.092403535764211,4.093370030292909,34.953500000000005,34.914142857142856,35.65702044319718,4.146274620163819,4.106467150697548,4.146174648560221,36.452000000000005,35.36408602150538,36.47649299802672,4.200885144237957,4.142380237555484,4.198136038004047,39.704,37.80313114754098,37.90891477723404,4.425875691008858,4.2769123850781465,4.291503776771958,7.426178755693213
2023-06-01,sz001212,33.85,33.58,34.11,33.4,12247,31253217.72,2.09,-1.24,-0.42,2.23,4.088029717842714,0.07376126063307087,34.458,34.15733333333333,34.30699905249527,4.06650486286678,4.059151901432057,4.071523096111818,34.99,34.69927272727272,34.69657221913457,4.112536516907523,4.086897063267897,4.092399064392874,34.7995,34.78333333333333,35.4592089724165,4.132547270432928,4.1009200171431575,4.140637036110935,36.160666666666664,35.17879569892472,36.289622482024996,4.192652925491274,4.135099242304177,4.191032404445251,39.62083333333333,37.60234426229508,37.76698314519358,4.418306555338307,4.265835467925157,4.284832496151327,7.494894737395301
2023-06-02,sz001212,33.58,35.24,35.44,33.58,21118,55435240.7,5.54,4.94,1.66,3.85,4.324652785542988,0.23662306770027453,34.392,34.418,34.61799936833018,4.114477281693796,4.145201208990794,4.1558996592555415,35.005,34.744727272727275,34.795377270201016,4.126578092560186,4.125463657565255,4.134627013692894,34.785,34.82528571428572,35.43833192742445,4.130809956101033,4.1192157804869725,4.158162345580654,35.91433333333334,35.119397849462366,36.221904902539514,4.195335414175289,4.143615362307514,4.199653074193493,39.524166666666666,37.45871038251366,37.68413123879379,4.411358211905833,4.262764852522032,4.28613807941007,7.74378593757684
2023-06-05,sz001212,35.17,35.28,35.52,34.92,11402,30349082.8,1.7,0.11,0.04,2.08,4.056981036668113,-0.267671748874875,34.542,34.714000000000006,34.838666245553455,4.0996653027073995,4.126035793982232,4.122926785059732,34.97,34.79472727272727,34.88349049380083,4.110818300869946,4.1128096474030595,4.1205095633247515,34.7855,34.87242857142858,35.42325269624117,4.114296637366572,4.112184454826694,4.148526030446126,35.74433333333333,35.07847311827957,36.16113684431116,4.177843664140856,4.134689273436083,4.19044842661121,39.39633333333334,37.31955737704918,37.605307263751364,4.396345300891637,4.251145928743746,4.2786247337463985,7.48214557050459
2023-06-06,sz001212,35.19,35.31,35.63,34.83,13212,35311112.3,2.27,0.09,0.03,2.41,4.120968565019377,0.0639875283512632,34.682,34.97,34.99577749703564,4.120980112456567,4.133136881419558,4.1222740450462805,34.980000000000004,34.856545454545454,34.96103767674613,4.114661752084613,4.114655149975683,4.12059301817832,34.847500000000004,34.92238095238095,35.41246672517059,4.104517195618653,4.112819876507913,4.145901509929293,35.574,35.050451612903224,36.10622478983947,4.16921370667214,4.13101991220244,4.185965854895608,39.19833333333334,37.18557923497268,37.53005128789066,4.382124803495719,4.242117183305311,4.273455679034037,7.547911398054286
2023-06-07,sz001212,35.31,34.87,35.97,34.63,14172,37698862.98,3.79,-1.25,-0.44,2.59,4.1514311436611395,0.03046257864176294,34.85600000000001,35.032666666666664,34.953851664690426,4.1484126497468665,4.143287225154415,4.1319930779179,34.894,34.83654545454545,34.9444853718832,4.110903585990703,4.121340493898688,4.1261999500842865,34.852999999999994,34.924523809523805,35.36080322753529,4.105297150316076,4.117287871559579,4.146428141713278,35.43933333333334,35.00503225806452,36.02646835178532,4.163054762145291,4.129872650072698,4.183737809009513,38.96566666666667,37.04366666666666,37.44283649156637,4.364937751293734,4.234553456753359,4.269454874595581,7.5763282518249335
2023-06-08,sz001212,34.76,34.83,35.44,34.66,10695,28339398.5,2.24,-0.11,-0.04,1.95,4.029180788907547,-0.12225035475359292,35.106,35.024,34.912567776460286,4.136642863959834,4.10354327154131,4.097722314914449,34.782000000000004,34.82490909090909,34.923669849722614,4.101573863413305,4.106481803519933,4.108560102597607,34.8565,34.922333333333334,35.3102505391986,4.1045135288980665,4.110038694282577,4.135261727160351,35.281666666666666,34.965720430107524,35.94927684521853,4.15356943149535,4.12123561954123,4.173766388357774,38.7795,36.90807103825137,37.35716972135108,4.348649307183207,4.223545031757089,4.261577035720563,7.452390628166095
2023-06-09,sz001212,34.83,34.05,35.18,33.98,11313,29371266.14,3.45,-2.24,-0.78,2.06,4.053577787125283,0.024396998217736332,34.867999999999995,34.672,34.625045184306856,4.082427864276292,4.075854912596459,4.0830074723180605,34.629999999999995,34.69181818181818,34.76482078613668,4.098452572985044,4.097755244194838,4.098563317966275,34.872,34.845523809523804,35.19022667832254,4.101565519473866,4.105187671256598,4.1274823042998685,35.195,34.88625806451613,35.82674285520443,4.1389845754989265,4.114784545710903,4.166012285052452,38.60316666666667,36.75300546448087,37.24873792720842,4.33502403674065,4.213870555689616,4.254757388225636,7.4679226685440145
2023-06-12,sz001212,33.98,34.66,34.87,33.58,11386,29482146.62,3.79,1.79,0.61,2.08,4.056371179475529,0.0027933923502461155,34.74399999999999,34.602666666666664,34.63669678953791,4.082305892837775,4.067169350996205,4.074128708037216,34.643,34.697272727272725,34.74576246138456,4.090985597772587,4.090104081738562,4.090892020058867,34.8865,34.82533333333333,35.13972889943468,4.104202436597421,4.100883448399613,4.1207098162213605,35.084666666666664,34.85174193548387,35.751469122610594,4.130979893992734,4.109454649193265,4.158938665337812,38.457499999999996,36.62372131147541,37.16386127385732,4.322922465439717,4.204734396435022,4.248252922364977,7.469559101686349
2023-06-13,sz001212,34.66,34.36,34.84,34.26,7164,18648012.02,1.67,-0.87,-0.3,1.31,3.855155577176994,-0.20121560229853497,34.553999999999995,34.474666666666664,34.54446452635861,4.029143295269298,3.991452579109278,4.001137664417143,34.617999999999995,34.64581818181818,34.67562383204191,4.075061703862933,4.0472258961757275,4.048030848625799,34.887,34.775190476190474,35.065469004250424,4.095604972162304,4.077164699883381,4.095418936312373,34.98033333333333,34.80498924731182,35.66169692115185,4.122993394816051,4.091659531979346,4.139339756424212,38.294999999999995,36.48937704918033,37.07193139602593,4.307362591949498,4.18939777714772,4.23536448481783,7.27063254044699
2023-06-14,sz001212,34.35,33.79,34.57,33.74,10033,25790882.96,2.42,-1.66,-0.57,1.83,4.001430812246398,0.1462752350694041,34.337999999999994,34.22,34.29297635090574,3.9991432289863504,3.9822150847683107,4.001235380360228,34.596999999999994,34.49527272727272,34.51460131712519,4.073777939366609,4.033838461336357,4.039558114738635,34.861000000000004,34.67071428571429,34.94399576575039,4.096046627969522,4.0681957322723425,4.086467686401328,34.834666666666664,34.728193548387104,35.54094228107754,4.122109059898082,4.083816784716788,4.130442405186933,38.162,36.34167213114754,36.964327087959504,4.294648924229624,4.179367226993521,4.227694528340078,7.411466210617644
2023-06-15,sz001212,33.94,34.44,34.56,33.41,15825,40690053.86,3.4,1.92,0.65,2.89,4.199343718689392,0.19791290644299409,34.26,34.254,34.34198423393716,4.03317581494272,4.048948581335992,4.067271493136616,34.683,34.466727272727276,34.50103744128425,4.0849093394512765,4.056668603031409,4.068610042729682,34.8365,34.63061904761906,34.89599616901226,4.0987229281794,4.07803355043614,4.097217784714476,34.760666666666665,34.702731182795695,35.46991374681447,4.116667960105711,4.08879966592913,4.13488765121935,38.039833333333334,36.2196393442623,36.88156226540345,4.285663331192551,4.176242466156135,4.226764993597432,7.609488264714069
2023-06-16,sz001212,34.35,34.43,34.63,34.19,9339,24148286.11,1.28,-0.03,-0.01,1.7,3.9703003754021777,-0.22904334328721454,34.336,34.31066666666666,34.37132282262478,4.016520332598098,4.027990101489144,4.034947787225137,34.602,34.42072727272727,34.488121542868925,4.049474098437195,4.035830609567936,4.050735557761044,34.8035,34.591904761904765,34.85161558148728,4.08802609549869,4.0658028311240235,4.085130412399019,34.724000000000004,34.681397849462364,35.402822537342566,4.103698003546421,4.079356595948258,4.124269117295662,37.91583333333333,36.10128415300546,36.80118317473448,4.272964187934874,4.165902697113829,4.21835631759103,7.3828863127528335
2023-06-19,sz001212,34.3,33.37,34.53,33.33,18276,46345510.84,3.49,-3.08,-1.06,3.33,4.261881149383667,0.2915807739814893,34.077999999999996,33.98866666666667,34.03754854841652,4.057622326579727,4.109777040417668,4.110592241277981,34.411,34.19672727272727,34.28482671689275,4.069964109708751,4.0744500733763855,4.089125665328794,34.6905,34.45538095238095,34.71050933563135,4.0903912052893485,4.082360455303546,4.1019638159213665,34.660666666666664,34.59404301075269,35.271672696223696,4.099519128147298,4.089561960195822,4.133147312914243,37.772166666666664,35.952240437158466,36.68868536572679,4.266941385584636,4.165539318800674,4.219783361256362,7.666007673500233
2023-06-20,sz001212,33.23,32.01,33.36,31.94,23011,55883767.4,4.26,-4.08,-1.36,4.2,4.361935492421146,0.1000543430374794,33.608,33.29933333333333,33.36169903227768,4.158978309628557,4.211214762364808,4.19437332499237,34.081,33.76018181818181,33.871221859275884,4.094060802448928,4.127535779324094,4.138727452072858,34.530499999999996,34.20009523809523,34.45331797033313,4.10436127726677,4.108221815982764,4.1267230232070595,34.592,34.42303225806452,35.06124219969313,4.101031731228744,4.1064920482134895,4.147907840624366,37.60366666666666,35.763316939890714,36.53528584553903,4.262208749700637,4.168653879680559,4.2244440868683215,7.747285676359092
2023-06-21,sz001212,32.27,31.36,32.27,31.34,15386,36609586.3,2.91,-2.03,-0.65,2.81,4.187125728101728,-0.1748097643194182,33.122,32.55,32.69446602151845,4.196117292799622,4.2205972351891985,4.191957459362156,33.730000000000004,33.265454545454546,33.414636066680266,4.097630260892986,4.144456674897331,4.147527138623561,34.312,33.89814285714285,34.158716258872836,4.104266923441845,4.116104144633713,4.132475661768456,34.47866666666666,34.214516129032255,34.822452380358094,4.1027415205083795,4.1120464996246495,4.150438026913228,37.422000000000004,35.55860655737705,36.3656043424066,4.2549262496499045,4.16619214126748,4.223220534121875,7.563594821243118
2023-06-26,sz001212,31.36,30.79,31.58,30.77,13350,31167642.8,2.58,-1.82,-0.57,2.44,4.125481265700594,-0.061644462401134525,32.392,31.772666666666666,32.059644014345636,4.181344802201863,4.197051892822856,4.169798728141635,33.326,32.73090909090909,32.93742950910204,4.107260308572291,4.1495204939532595,4.143518798092112,34.054,33.562714285714286,33.83788613898018,4.104417085992798,4.118124558182164,4.131809528809612,34.346333333333334,33.97653763440861,34.562294162270476,4.105429122122809,4.113513579959631,4.148827913286607,37.25466666666667,35.34116393442623,36.182797642655565,4.246398447987037,4.1619480434330764,4.2200159679441285,7.49370395795013
2023-06-27,sz001212,30.67,32.22,32.28,30.67,19891,47640720.18,5.23,4.64,1.43,3.63,4.298656617391146,0.17317535169055187,31.95,31.715333333333334,32.11309600956376,4.247016050599656,4.236155831219283,4.212751357891472,33.143,32.529818181818186,32.806987780174396,4.131768191598877,4.184319822829415,4.171725674328299,33.8865,33.38804761904762,33.683801744791595,4.115110382291961,4.136623561172484,4.147699727722139,34.29566666666666,33.839354838709674,34.41117840986593,4.11163307684887,4.125979869976943,4.158494281293351,37.08416666666666,35.17609289617486,36.052869851093085,4.2402442190171765,4.163661426036489,4.22259434989321,7.67797831804659
2023-06-28,sz001212,32.2,32.19,32.72,31.47,11538,27739719.1,3.88,-0.09,-0.03,2.1,4.062130534622123,-0.23652608276902232,31.714,31.795333333333335,32.13873067304251,4.207065927647347,4.174527325893439,4.16254441680169,32.896,32.356545454545454,32.69480818377905,4.132344127113537,4.171658430651823,4.151799285290813,33.7695,33.22647619047619,33.5415349119543,4.111664862443062,4.131577861394405,4.139550280760233,34.223,33.70350537634408,34.26787657697136,4.1135830001027935,4.122786157575217,4.1522772653790785,36.929833333333335,35.01562841530055,35.92621838056544,4.2332630933714945,4.157821633105504,4.2173332411957976,7.443102058974554
2023-06-29,sz001212,32.05,32.46,32.77,32.03,10426,25531046.0,2.3,0.84,0.27,1.9,4.018117720591,-0.04401281403112289,31.803999999999995,32.044000000000004,32.245820448695014,4.138302373281318,4.1115445902079895,4.1144021847314605,32.706,32.277272727272724,32.65211578672832,4.1486403414549375,4.150889993102271,4.127493546254483,33.662,33.1017619047619,33.438531587006274,4.111851022658935,4.1226686097894465,4.12798527502983,34.16,33.58976344086022,34.15123937845708,4.113283428593181,4.116627107284135,4.143621810876622,36.78866666666667,34.86907650273224,35.8125718762846,4.227888673577219,4.150767686456964,4.2108015847825255,7.4070686080953685
2023-06-30,sz001212,32.59,32.83,33.18,32.38,14010,34553615.6,2.46,1.14,0.37,2.56,4.146438135285774,0.12832041469477407,32.098,32.385999999999996,32.44054696579668,4.130164854718127,4.1142565108761415,4.125080834916232,32.61,32.29981818181818,32.68445837095953,4.163141073758875,4.150489591980605,4.130938016987445,33.6035,33.022523809523804,33.38057619776758,4.118459506562742,4.125962620515811,4.129742690292301,34.11066666666667,33.503956989247314,34.06599812823404,4.11841144323264,4.118766120619141,4.1438035092256005,36.65316666666667,34.739284153005464,35.7147826344392,4.223342442121597,4.148097177004786,4.208691307749845,7.5384934975270985
2023-07-03,sz001212,32.83,33.4,33.8,32.81,15163,38203910.58,3.02,1.74,0.57,2.77,4.180785134973439,0.034346999687664415,32.62,32.82,32.76036464386445,4.1412256285726965,4.131129937627913,4.143648934935301,32.506,32.44345454545455,32.81455684896689,4.16128521538728,4.153697603110526,4.140001129348534,33.5945,33.00314285714285,33.38242608369448,4.123097277419278,4.131898394650165,4.134603875500028,34.059666666666665,33.45810752688171,34.023030507057655,4.11957702391536,4.122790229763708,4.146189420564171,36.497,34.63262295081967,35.63888812183463,4.214584438797662,4.146701855458945,4.207776351265372,7.582107819885276
2023-07-04,sz001212,33.36,34.02,34.14,33.09,15586,39635179.0,3.14,1.86,0.62,2.84,4.192734671903164,0.011949536929725113,32.980000000000004,33.28666666666667,33.18024309590963,4.120041239475101,4.1482996187380685,4.160010847257922,32.464999999999996,32.71872727272727,33.033728330972906,4.183528645037379,4.159415686113414,4.149589046176649,33.533500000000004,33.04366666666667,33.44314740905691,4.116501371737288,4.138530527458152,4.140140141824136,34.024,33.455548387096776,34.02283499047329,4.119860278678253,4.127510078020986,4.1491923400053965,36.327666666666666,34.551409836065574,35.58580982275809,4.205977213974772,4.1459854696591245,4.207283181450218,7.598080823890254
2023-07-05,sz001212,33.89,33.74,34.13,33.66,8822,22505472.1,1.38,-0.82,-0.28,1.61,3.9455670534423883,-0.24716761846077562,33.290000000000006,33.54,33.36682873060642,4.096728543239154,4.090141556727164,4.088529582652745,32.501999999999995,32.950545454545455,33.1621413617051,4.15189723544325,4.116149942187053,4.112494138406784,33.4565,33.06333333333333,33.47141908438483,4.110930672576001,4.122251068572924,4.121609371502065,33.961,33.437225806451615,34.00458757173308,4.110893215340649,4.116265353812221,4.136055224743267,36.16916666666667,34.46656830601093,35.525291467913554,4.194199064642503,4.137447431608882,4.1987023247942235,7.3522881276177285
2023-07-06,sz001212,33.74,33.63,33.81,33.32,8020,20268027.2,1.45,-0.33,-0.11,1.46,3.9041743682841634,-0.04139268515822492,33.524,33.65333333333333,33.454552487070956,4.073939872777786,4.0259568317421675,4.0270778445298845,32.664,33.15563636363636,33.24720656866781,4.106121123029552,4.0711094208854,4.074617816566307,33.3725,33.07985714285715,33.48652202872913,4.100090962739239,4.102559991973703,4.1009012759575025,33.90833333333333,33.41587096774193,33.98042063162127,4.1049478925210305,4.102928654002125,4.121095169487841,36.015499999999996,34.38331693989072,35.46315076404753,4.1855925323848275,4.127938425170904,4.189045670482418,7.306811478448808
2023-07-07,sz001212,33.81,33.31,33.87,33.24,6215,15627001.62,1.87,-0.95,-0.32,1.13,3.7934411329776636,-0.11073323530649981,33.620000000000005,33.582,33.40636832471397,4.003340472316164,3.9324572518087937,3.9491989406791443,32.858999999999995,33.27309090909091,33.258623556182755,4.066752663517145,4.014258513603239,4.023494783186553,33.2945,33.07390476190476,33.4697104069454,4.082191462205066,4.073355246282123,4.07161935757847,33.827666666666666,33.3772688172043,33.93716768764571,4.091762170133611,4.082831443709004,4.099956199390411,35.82516666666666,34.29461202185792,35.392555657029575,4.170937173750332,4.1150810022395214,4.176075029908492,7.193875657174246
2023-07-10,sz001212,33.06,33.48,33.59,33.06,6317,15870310.31,1.59,0.51,0.17,1.15,3.800510876894368,0.00706974391670423,33.636,33.535333333333334,33.43091221647598,3.92728562070035,3.864847386668195,3.899636252750886,33.128,33.385999999999996,33.29887381869498,4.034255624636524,3.965850916035461,3.982952254769792,33.227,33.09157142857143,33.4706903681887,4.070757966604407,4.04652852387158,4.045799502275222,33.74533333333333,33.354838709677416,33.907672998120184,4.0810299322073735,4.064041037693569,4.08063714632615,35.64633333333333,34.217721311475415,35.32984891417615,4.159845322960946,4.10293587775244,4.163761451121143,7.200585418538285
2023-07-11,sz001212,33.49,33.58,33.68,33.02,8897,22297135.0,1.97,0.3,0.1,1.62,3.949243590568265,0.14873271367389718,33.548,33.516666666666666,33.48060814431732,3.8785874044333704,3.8721667099575,3.916172032023346,33.263999999999996,33.46818181818182,33.34998766984134,3.9993143219542353,3.9503941825685054,3.9768234067331507,33.203500000000005,33.12519047619047,33.48110080931358,4.065541256776557,4.034955726153853,4.036603701160273,33.679,33.34417204301076,33.886532804693076,4.0765116955127185,4.055538693071691,4.072160142728867,35.46966666666667,34.149972677595635,35.272476818629386,4.151957039515038,4.096030902919894,4.156728078643999,7.3482490633340145
2023-07-12,sz001212,34.83,33.62,35.54,33.62,35032,90961019.12,5.72,0.12,0.04,6.39,4.544464932184069,0.5952213416158041,33.524,33.54066666666667,33.52707209621155,3.998366980181706,4.0941258858744005,4.125602998743587,33.407,33.53290909090909,33.399080820779275,4.0475477617104305,4.049512475337566,4.080030956815135,33.1515,33.16485714285714,33.49432930366467,4.0899459444119834,4.080567504764093,4.084971437448254,33.648666666666664,33.340365591397855,33.86933713987417,4.090292495532185,4.085729224469842,4.1026314194679125,35.307166666666674,34.08932786885246,35.21829725080547,4.154992594186939,4.108900014154943,4.169440762366624,7.958855317507657
2023-07-13,sz001212,33.14,33.26,33.84,33.02,18762,47102400.6,2.44,-1.07,-0.36,3.42,4.273279131626577,-0.2711858005574923,33.45,33.452666666666666,33.43804806414103,4.072187932850189,4.185763269689358,4.17482837637125,33.487,33.506181818181815,33.3737933988194,4.0730639028139874,4.090554542595047,4.115166988599033,33.096500000000006,33.175190476190465,33.47201222712518,4.110852122134462,4.0980278083083395,4.102905503560475,33.60366666666667,33.31529032258064,33.8300250663339,4.098921982710619,4.097534813895288,4.1136409492846004,35.159,34.022207650273224,35.15409078356595,4.153160799722801,4.112778261284113,4.172845299063671,7.673043041752363
2023-07-14,sz001212,33.22,33.23,33.48,33.09,10591,26490145.1,1.17,-0.09,-0.03,1.93,4.024936968037443,-0.2483421635891334,33.434,33.37933333333333,33.36869870942735,4.118487099862145,4.170012948085108,4.124864573593315,33.527,33.45945454545455,33.3476491444886,4.060913786089154,4.081804190817494,4.098761530315107,33.06849999999999,33.18790476190476,33.44896344358945,4.112027429924014,4.089845412680051,4.095479928748757,33.578,33.29118279569892,33.791313771731716,4.099277599738213,4.092761587142179,4.107918111784784,35.015,33.95896174863388,35.091005839842474,4.150081371988085,4.108574201228855,4.167995845587401,7.4230843371555455
2023-07-17,sz001212,33.1,33.33,33.4,32.67,10014,24920919.2,2.2,0.3,0.1,1.83,4.00060758706289,-0.02432938097455306,33.403999999999996,33.34466666666666,33.355799139618235,4.15850644189585,4.130719777152024,4.0834455780831735,33.519999999999996,33.42363636363636,33.344440209127036,4.042896031298099,4.070839427358172,4.080915358814703,33.013,33.212809523809526,33.43763359181902,4.102090623342689,4.079233999074231,4.086444467635817,33.56966666666666,33.275182795698925,33.761551592910315,4.096363528712218,4.086395779872803,4.100994852125307,34.86516666666667,33.903715846994544,35.03326794345419,4.144508227101746,4.103673421395242,4.162507705963646,7.396564057093289
2023-07-18,sz001212,33.33,33.68,33.76,33.13,9933,25031320.57,1.89,1.05,0.35,1.81,3.9970804354717306,-0.003527151591159683,33.42399999999999,33.43666666666666,33.46386609307882,4.1680738108765425,4.076911108343984,4.054657197212693,33.486000000000004,33.45272727272727,33.405451080194844,4.023330607654956,4.062509319026106,4.0656726454796175,32.9755,33.27633333333333,33.46071610688388,4.103429626346167,4.069233028800806,4.0779336074297134,33.51766666666666,33.28230107526882,33.75629019981933,4.08544445037651,4.0799904190185785,4.094290696212173,34.716,33.86485792349727,34.9888985026852,4.140389932275899,4.098839723309013,4.157083861029485,7.398483762158574
2023-07-19,sz001212,33.71,34.06,34.24,33.57,10849,27701726.14,1.99,1.13,0.38,1.98,4.035389709198677,0.03830927372694637,33.512,33.648666666666664,33.66257739538588,4.066258766279463,4.032683074451362,4.048234701208021,33.518,33.55709090909091,33.52445997470487,4.032312873230585,4.0647018829431465,4.060166657064901,33.010000000000005,33.379619047619045,33.517790763371124,4.092105054336917,4.062753036691522,4.073881807598187,33.477,33.31729032258064,33.77588438047615,4.084724739460862,4.076761080878074,4.090490632533883,34.61066666666667,33.843349726775955,34.95844281407257,4.131284201800859,4.095397093044184,4.153093888838311,7.44250683150923
2023-07-20,sz001212,34.2,33.84,34.39,33.78,9839,25248890.4,1.79,-0.65,-0.22,1.79,3.9929509605704463,-0.042438748628230716,33.628,33.758,33.72171826359059,4.010193132068237,4.008247139215024,4.029806787662163,33.539,33.61563636363636,33.58183088839489,4.041190532459213,4.057545171550394,4.047945621338636,33.1015,33.45866666666667,33.54847735733578,4.073655827744383,4.053309789666143,4.066174107881259,33.428,33.34070967741936,33.78002087205834,4.08045748597923,4.0708401919174015,4.084197750471726,34.501,33.81808196721312,34.92177255787347,4.124835596325685,4.090861576938269,4.147843301026249,7.40224229715782
2023-07-21,sz001212,33.8,33.89,34.24,33.59,8972,22924040.0,1.92,0.15,0.05,1.64,3.95288926491093,-0.04006169565951634,33.760000000000005,33.845333333333336,33.777812175727064,3.9957835914429354,3.989145850162588,4.004167613411752,33.597,33.67945454545454,33.63786163595945,4.05713534565254,4.041490395632524,4.030662647442689,33.228,33.5337619047619,33.5810033233038,4.061944004584843,4.041808212253432,4.055385075217418,33.39533333333333,33.37051612903226,33.78711629966748,4.073839423354224,4.062609984106543,4.075726235274256,34.41733333333333,33.79804918032787,34.8879439494186,4.118447092749757,4.08522399230172,4.141451365415911,7.360291157583832
2023-07-24,sz001212,33.74,33.65,33.93,33.24,8818,22241154.0,2.04,-0.71,-0.24,1.61,3.9453700944903036,-0.007519170420626331,33.824,33.80866666666667,33.73520811715137,3.9847360929284177,3.972341351178377,3.9845684404379362,33.614,33.68909090909091,33.64006861123955,4.071621267412134,4.021169440875754,4.015154910542256,33.370999999999995,33.57395238095238,33.5875744353701,4.052938446024328,4.030705935101572,4.044907458005312,33.356,33.38694623655915,33.77827008678571,4.071045733540315,4.054321640308871,4.067316161675291,34.31883333333334,33.77289071038251,34.84735562320815,4.112307582517833,4.079549336621083,4.135022471287202,7.347157317209927
2023-07-25,sz001212,33.66,34.92,35.24,33.66,18391,48172714.0,4.7,3.77,1.27,3.36,4.264605344391663,0.31923524990135954,34.072,34.174,34.130138744767585,4.0382410747124045,4.065631101666126,4.077914075089179,33.748000000000005,33.926545454545455,33.872783409195996,4.1031574427944735,4.056257454872032,4.060509534878511,33.506,33.72147619047619,33.714472108192,4.051235882374354,4.0508646873270315,4.065831066232583,33.385,33.487849462365595,33.85193008118663,4.078079985449196,4.06680935713799,4.080044496044089,34.29,33.79260109289617,34.849737406053784,4.108532280474061,4.084542705862848,4.1392710900775125,7.682801114697672
2023-07-26,sz001212,34.84,35.67,35.8,34.79,20904,55922167.0,2.89,2.15,0.75,3.81,4.320229396719269,0.055624052327606144,34.394000000000005,34.70666666666667,34.64342582984506,4.0952090122165234,4.159627209001747,4.158685848965876,33.952999999999996,34.275999999999996,34.19955006206945,4.080733889247993,4.095725082858358,4.107731327940467,33.68,33.927571428571426,33.90071285979276,4.064140825479212,4.076483117264644,4.090059478659887,33.41866666666667,33.635268817204306,33.96922491465846,4.08687525935732,4.082431899800576,4.095540296087649,34.251666666666665,33.83784699453552,34.876631261593,4.108927576675027,4.091483594920068,4.1452041493116685,7.747583992099353
2023-07-27,sz001212,35.05,35.21,35.8,35.05,14229,37996916.88,2.1,-1.29,-0.46,2.6,4.153174379371534,-0.1670550173477352,34.668,34.97866666666667,34.832283886563374,4.127253695976741,4.178948998053419,4.156848692434428,34.148,34.50454545454546,34.383268232602276,4.068723414022489,4.108896081062639,4.115993700927934,33.817499999999995,34.07328571428572,34.02540687314583,4.070893658418238,4.084962503349627,4.096070421584805,33.446999999999996,33.75083870967742,34.04927492016437,4.096809219430471,4.086709262382137,4.099258624041449,34.21366666666667,33.869267759562845,34.88756138416372,4.109901307123261,4.092934309762576,4.145465468330024,7.579748358818785
2023-07-28,sz001212,35.08,35.28,35.44,34.89,10381,27551648.88,1.56,0.2,0.07,1.89,4.016239191042639,-0.13693518832889495,34.946,35.18266666666667,34.98152259104225,4.139923681203083,4.141944163075385,4.109978858637165,34.352999999999994,34.71036363636364,34.546310372129135,4.067853636323008,4.099353495066302,4.097856517312425,33.940000000000005,34.21257142857144,34.14489193284623,4.064383711206082,4.0797573159805225,4.0884674472474565,33.49666666666666,33.869096774193544,34.128676538218286,4.097302832057013,4.081511196034535,4.0939025315899125,34.16566666666667,33.90422950819672,34.9004282240272,4.109705945977548,4.089863420710752,4.141228541205847,7.440147595131787
2023-07-31,sz001212,35.44,35.96,36.08,35.08,18912,50945339.16,2.83,1.93,0.68,3.45,4.276737459201161,0.2604982681585222,35.408,35.52066666666666,35.307681727361505,4.206197154145254,4.187548755741411,4.165565058825164,34.616,35.002545454545455,34.80334484992383,4.0954666235368355,4.1373323719532396,4.1303803249285584,34.068,34.40495238095238,34.31775936781325,4.069181327417467,4.0999814824562435,4.106397924576381,33.547333333333334,34.028021505376344,34.246826438978395,4.099882623407405,4.093087623592223,4.105698333371284,34.154,33.96306010928962,34.935168282255816,4.1082752917565575,4.095339863767264,4.145671456549955,7.707104457828545
2023-08-01,sz001212,35.93,35.17,36.21,35.1,13292,35585570.8,3.09,-2.2,-0.79,2.42,4.123590332606674,-0.15314712659448748,35.458000000000006,35.44133333333333,35.261787818241004,4.177994151788257,4.160013148561885,4.151573483419001,34.765,35.10327272727273,34.87000942266495,4.1081176132503305,4.1424457736023,4.129145780870034,34.1255,34.509904761904764,34.39892514230723,4.065724110452643,4.105163292474264,4.108035296769742,33.571999999999996,34.132709677419356,34.306386023560435,4.104992288647555,4.094617153217981,4.1068526559026,34.148,33.99637158469945,34.942867682837594,4.104345146096987,4.095841996254153,4.144947485273127,7.551273936393157
2023-08-02,sz001212,35.28,35.39,35.88,35.05,12152,32475082.5,2.36,0.63,0.22,2.22,4.08464776085473,-0.038942571751944044,35.402,35.41866666666667,35.30452521216067,4.130877824615348,4.128897684917376,4.129264909230911,34.898,35.21690909090909,34.964553163998595,4.113043418415936,4.138178527712192,4.121055231776342,34.208,34.63033333333333,34.49331322399225,4.072678145823259,4.1069655448935105,4.105807912396884,33.63933333333333,34.25,34.37629660268557,4.0990845090299235,4.0933046030378,4.105420082028544,34.15,34.03709289617487,34.95752775881014,4.099301818588611,4.095196180344571,4.142970445128261,7.511550263032186
2023-08-03,sz001212,35.39,35.28,35.47,34.83,7451,19744560.98,1.81,-0.31,-0.11,1.36,3.8722145633975855,-0.21243319745714428,35.416000000000004,35.378,35.29635014144045,4.074685861420558,4.042676597844789,4.043581460619803,35.042,35.28636363636364,35.021907134180665,4.10096977869865,4.094391463163401,4.075811473889296,34.290499999999994,34.73242857142857,34.56823577408823,4.071080155578931,4.087873775138684,4.083560926777903,33.748333333333335,34.3558494623656,34.4346000476736,4.082760478062472,4.078667832351843,4.090374564697514,34.17016666666667,34.07414207650274,34.968100619177015,4.091896104645608,4.0877506965678165,4.134093203104304,7.295447481649006
2023-08-04,sz001212,35.49,34.66,35.54,34.62,10693,28127618.6,2.61,-1.76,-0.62,1.95,4.029099566823543,0.15688500342595768,35.292,35.126,35.08423342762697,4.077257936576739,4.027481166312451,4.038754162687717,35.119,35.21690909090909,34.95610583705691,4.10859080888991,4.081324151913381,4.06731839987734,34.358,34.76761904761905,34.576975224175065,4.0828630772712255,4.083875623828647,4.078374130591773,33.858333333333334,34.41466666666667,34.449141980081755,4.077492939353198,4.0752058380783645,4.086421339028226,34.1685,34.09020218579235,34.95799895953187,4.090117229930788,4.0856917936884045,4.130650788800017,7.4491329645626765
2023-08-07,sz001212,34.85,34.06,34.85,33.8,9361,24056161.7,3.03,-1.73,-0.6,1.71,3.971322245242813,-0.057777321580730234,34.912,34.715333333333334,34.74282228508465,4.016174893785069,3.9921692692011415,4.016276856872749,35.160000000000004,35.02436363636364,34.793177503046564,4.111186023965161,4.056366231250273,4.049864553580154,34.387,34.73923809523809,34.527739488539346,4.091403645688647,4.073252687444989,4.068178712939491,33.967333333333336,34.427677419354836,34.424036045882936,4.07235430533794,4.068356115877694,4.07899559104207,34.15683333333333,34.08664480874317,34.92855637069476,4.088891713730374,4.081796876157651,4.1254269021260095,7.381226334330144
2023-08-08,sz001212,33.92,34.11,34.46,33.91,8103,20841353.8,1.61,0.15,0.05,1.48,3.9086458389071135,-0.06267640633569949,34.7,34.448,34.53188152338977,3.9731859950451573,3.95632625090849,3.9803998508842042,35.07899999999999,34.83345454545455,34.66896341158355,4.0755900734167065,4.0195407430579015,4.0241884236396,34.4135,34.712857142857146,34.48795477534512,4.089373758105589,4.0558471820372235,4.052985105888788,34.03033333333333,34.4368817204301,34.403775655825974,4.059353946055138,4.057794279333769,4.068005284452719,34.163000000000004,34.085109289617485,34.901718456901484,4.085493511452004,4.075887175343774,4.118319326282767,7.318925926180913
2023-08-09,sz001212,34.0,34.27,34.41,33.81,7997,20607786.0,1.76,0.47,0.16,1.46,3.902927096017263,-0.0057187428898504145,34.476,34.30466666666667,34.44458768225985,3.9368418620776637,3.9329066178991923,3.954575599261891,34.93900000000001,34.68636363636364,34.596424609477445,4.033859843346506,3.98814747443982,4.002140909526448,34.446000000000005,34.69919047619047,34.46719717769321,4.057296866297249,4.038090357076431,4.0386938668534045,34.099666666666664,34.45234408602151,34.395144968353335,4.05404716476831,4.047702224492616,4.0573550787472055,34.16133333333334,34.0886174863388,34.88100637634734,4.083815082435551,4.069901391231159,4.111257285946193,7.31403133580483
2023-08-10,sz001212,34.14,33.68,34.44,33.58,12723,32390092.6,2.51,-1.72,-0.59,2.32,4.104589527179372,0.2016624311621089,34.156,34.03933333333334,34.18972512150657,3.983316854834021,3.9888225062664286,4.004580241901051,34.786,34.457454545454546,34.429801953208816,4.02900135812729,4.001007416954886,4.020767930917889,34.467,34.6262380952381,34.392226017912904,4.048862386074889,4.042594420017585,4.044969644027306,34.14033333333334,34.4252688172043,34.349006583298284,4.056929558321255,4.050963022067523,4.060402462517023,34.150166666666664,34.07283606557377,34.84162911810644,4.085106493457219,4.070582520567022,4.111038670904658,7.510412189615967
2023-08-11,sz001212,33.83,33.2,33.93,33.15,8449,21259708.9,2.32,-1.43,-0.48,1.54,3.926805310111606,-0.17778421706776593,33.864,33.720666666666666,33.85981674767105,3.962858003491634,3.9699853246922903,3.978655264637903,34.578,34.16909090909091,34.206201598079936,4.020057970034186,3.9824263173156718,4.003683818044019,34.465500000000006,34.50557142857143,34.27868068287358,4.043955803178597,4.03096993659251,4.033715897940096,34.15266666666666,34.36460215053763,34.274877126311296,4.0496084641487835,4.0425679092798035,4.051783291394093,34.13166666666667,34.041683060109285,34.787805212594755,4.084009953690711,4.0653923178343785,4.104998232845869,7.327557313621464
2023-08-14,sz001212,33.06,33.15,33.23,32.25,7507,18558845.43,2.95,-0.15,-0.05,1.37,3.8754664158663856,-0.05133889424522042,33.682,33.48266666666667,33.623211165114036,3.9436868376163483,3.9408547954838737,3.9442589817140643,34.297,33.909454545454544,34.014164943883586,3.979930865700708,3.956136943830617,3.980371563102631,34.4565,34.38028571428572,34.17118728450467,4.037698744618772,4.014923328277062,4.018644518694981,34.14433333333333,34.29991397849463,34.202304408484764,4.039431173511881,4.031332938422874,4.040408009101983,34.102,34.00949726775956,34.73410668103427,4.07950409871362,4.058554824790958,4.097472599502279,7.268550954696596
2023-08-15,sz001212,33.18,32.72,33.58,32.42,7392,18202673.56,3.5,-1.3,-0.43,1.35,3.8687619582120503,-0.006704457654335361,33.404,33.162000000000006,33.32214077674269,3.935710061477336,3.9158798356824414,3.919093307213393,34.052,33.622727272727275,33.77886222681384,3.954448028261246,3.9359244151963155,3.9600789076679797,34.408500000000004,34.21490476190477,34.0329789716947,4.031282820755788,3.9988341105240406,4.004369989125179,34.101,34.208021505376344,34.106671866001875,4.02863208305551,4.020322021306757,4.029334070334891,34.0625,33.964185792349724,34.668070396410194,4.074246180866882,4.051645246413858,4.0899738899517795,7.260135180681796
2023-08-16,sz001212,32.74,32.49,32.97,32.38,5087,12478453.0,1.8,-0.7,-0.23,0.93,3.7064617376313547,-0.1623002205806956,33.048,32.85733333333334,33.044760517828465,3.896416989800154,3.8394637277337806,3.848216117352714,33.762,33.338727272727276,33.54452364012042,3.9166294259389085,3.8908359987181536,3.9139666949340475,34.33,34.03219047619048,33.88602859343807,4.014836422177422,3.967898769274095,3.9759977746971957,34.059333333333335,34.10408602150538,34.00237045529208,4.020661905861809,3.999536837731005,4.008503597257244,34.01016666666666,33.91262841530055,34.5966582522656,4.065777560601229,4.039586740078266,4.077399721023241,7.096160747589364
2023-08-17,sz001212,32.53,32.71,32.84,31.8,9869,23964013.0,3.2,0.68,0.22,1.8,3.9942731489731704,0.28781141134181576,32.854,32.74466666666667,32.93317367855231,3.8743537141589135,3.8720824474581197,3.896901794559533,33.505,33.14745454545455,33.39279206918943,3.928835284496467,3.9049530392698375,3.928567868395706,34.2735,33.877904761904766,33.774025870253496,4.014902531597558,3.9659403623022618,3.9777382865330027,34.028666666666666,34.01703225806451,33.91899171624098,4.023665198551443,3.997834337286576,4.007585503819562,33.9685,33.870000000000005,34.534800604650336,4.064306545536237,4.037242333139642,4.07467425964455,7.3795595465145025
2023-08-18,sz001212,32.71,32.36,33.15,32.32,9469,23365138.0,2.54,-1.07,-0.35,1.73,3.976304116552003,-0.01796903242116743,32.68599999999999,32.58,32.74211578570154,3.884253475446993,3.906065914922484,3.92336923522369,33.275,32.93927272727272,33.20501169297317,3.9235557394693132,3.9135837360072077,3.9372471862423053,34.196999999999996,33.69566666666666,33.63935673975316,4.016073274179612,3.962264322774113,3.9776016989157648,33.997,33.90937634408602,33.818411605515756,4.029760631337255,3.9947787836091924,4.0055673498023,33.91233333333333,33.81726229508197,34.46349566679295,4.060761400735433,4.0343570075991755,4.071449009051352,7.368568350413254
2023-08-21,sz001212,32.77,32.4,32.89,32.36,7704,18875237.0,1.64,0.12,0.04,1.41,3.8867162741164782,-0.08958784243552476,32.536,32.48466666666666,32.6280771904677,3.8865034470970117,3.9068868478123115,3.9111515815212865,33.108999999999995,32.780181818181816,33.05864593061441,3.9150951423566793,3.906885651397601,3.9280597476739727,34.1345,33.52452380952381,33.521322764538574,4.01314058316092,3.9499446084823857,3.9689459441729755,33.961,33.806344086021504,33.726901179353455,4.032634144577992,3.985550115401401,3.997899538467731,33.85316666666667,33.76767759562841,34.39584007116039,4.056832038392682,4.028650610005112,4.065392198069881,7.275892413395055
2023-08-22,sz001212,32.71,32.12,32.92,31.55,10277,24786422.0,4.23,-0.86,-0.28,1.87,4.011866356527724,0.12515008241124592,32.416000000000004,32.346000000000004,32.45871812697847,3.9151243267601465,3.948674484289216,3.9447231731900994,32.910000000000004,32.60036363636364,32.88798303413906,3.925417194118741,3.924480417610518,3.943297312920109,33.9945,33.33266666666666,33.38786345363014,4.000503633767724,3.9498232535649382,3.9730336024924755,33.912333333333336,33.68756989247312,33.6232301355242,4.034721570109974,3.9842102581078356,3.9988006235038602,33.79566666666667,33.71085245901639,34.32122236390923,4.055616632811346,4.027176325353801,4.063637252445547,7.394213839482363
2023-08-23,sz001212,32.2,31.57,32.38,31.57,6090,14565861.6,2.52,-1.71,-0.55,1.11,3.784617292632875,-0.227249063894849,32.232,32.064,32.162478751318986,3.9307554377604506,3.9051721395801255,3.8913545463376917,32.64,32.35672727272728,32.648349755204684,3.9135862137803015,3.898880435522179,3.9144464001406116,33.7895,33.1017619047619,33.21473360090346,3.973723028563404,3.9292626496473337,3.9550891920296563,33.844,33.53645161290323,33.490763675167806,4.009393315458267,3.968074498270603,3.984982344092829,33.74633333333333,33.637879781420764,34.23101835197778,4.049842905495226,4.018291101085655,4.054489057041852,7.163336179115309
2023-08-24,sz001212,31.67,31.49,31.77,31.05,6583,15538381.0,2.28,-0.25,-0.08,1.2,3.8184238550920786,0.03380656245920344,31.988,31.816666666666663,31.93831916754599,3.8955855789842326,3.867728278690669,3.8670443159224877,32.421,32.14763636363637,32.43774070880383,3.884969646571572,3.8815781884879565,3.896987755586333,33.603500000000004,32.88276190476191,33.05047325796027,3.9569855023494314,3.914472252173875,3.942073445654649,33.785000000000004,33.38458064516129,33.361682147737625,3.994231472907117,3.955753887924398,3.9742366351250387,33.69433333333333,33.56390163934426,34.141148897814574,4.046576727808868,4.010703591236371,4.046749214354974,7.191405766112554
2023-08-25,sz001212,31.49,30.79,31.67,30.64,6489,15136222.3,3.27,-2.22,-0.7,1.18,3.8121777741587537,-0.0062460809333249045,31.674,31.417333333333332,31.55554611169733,3.8627603105055828,3.8399256770821757,3.84875546866791,32.18,31.851090909090907,32.13815148902131,3.8735068929762875,3.8683433025947167,3.8815677589631363,33.379,32.61480952380952,32.835190090535484,3.9467824315052367,3.9006810399652387,3.9297024293217064,33.70366666666667,33.19135483870968,33.19576717046423,3.987139499777827,3.944008488005149,3.963781224740117,33.64083333333333,33.468677595628414,34.03127516346,4.0432085497580195,4.0030183796412855,4.039058347463294,7.180017497424154
2023-08-28,sz001212,32.22,31.68,33.2,31.54,13655,32941368.0,5.39,2.89,0.89,2.49,4.135291704475752,0.3231139303169983,31.53,31.41933333333333,31.597030741131555,3.9124753965774373,3.9307694750722324,3.9442675472705244,32.033,31.760181818181813,32.05485121829016,3.8994894218372247,3.915940541049165,3.9276993854199755,33.165000000000006,32.453,32.72517198667496,3.9397101437689663,3.9186343040576688,3.949282360288758,33.648666666666664,33.06079569892472,33.0979757401117,3.991628970358256,3.9535666947598536,3.9748464169811264,33.60916666666667,33.404387978142076,33.954184174494095,4.043996249535238,4.006037499468096,4.0422135394964895,7.517741630732788
2023-08-29,sz001212,31.55,33.03,33.07,31.34,12400,30285191.9,5.46,4.26,1.35,2.26,4.093421685162235,-0.041870019313517304,31.712,31.91933333333333,32.07468716075437,3.928786462304339,3.9910849046004984,3.993985593234428,32.064,31.941454545454544,32.232150996782856,3.9219553945322425,3.951200952562804,3.9578307126458405,33.058,32.44014285714286,32.75420322603925,3.9382017113967445,3.933273498476075,3.9630099150386133,33.626999999999995,33.020881720430104,33.09359020849159,3.9948403453479395,3.960133966682691,3.9824964342831337,33.57233333333333,33.385398907103834,33.92388305401887,4.040142397862224,4.0076580055542275,4.043892495092088,7.481230329884644
2023-08-30,sz001212,33.15,33.37,33.68,32.72,9763,24508497.3,2.91,1.03,0.34,1.78,3.989583289311005,-0.10383839585122967,32.071999999999996,32.472,32.50645810716958,3.969779661639965,4.0113505136027205,3.9925181585932874,32.152,32.17890909090909,32.43903263373143,3.950267549700208,3.9634969334316694,3.963603908403143,32.957,32.469857142857144,32.81285053784504,3.9334484878195584,3.938166982086957,3.965540712588365,33.604,33.00430107526882,33.11142309826633,3.993313464685017,3.9597948017770817,3.982953650736545,33.540499999999994,33.3787650273224,33.9057229538871,4.039019102072939,4.0060003298640225,4.042111865394347,7.389316683984654
2023-08-31,sz001212,33.05,33.23,33.5,33.05,8547,21383743.0,1.35,-0.42,-0.14,1.56,3.9318137039591394,-0.057769585351865604,32.419999999999995,32.858,32.747638738113054,3.9924576314133775,3.9986951943757787,3.972283340381905,32.20399999999999,32.37490909090909,32.582844882143895,3.9440216051988046,3.960141688751475,3.957823871231506,32.8545,32.49585714285714,32.852579058050274,3.9364284448476363,3.938011288385964,3.962328616528439,33.583666666666666,32.980172043010754,33.119073220958825,3.991275556131307,3.9558270752786377,3.979654299331551,33.505833333333335,33.36858469945356,33.88356810293998,4.035866521055269,4.002485398778325,4.038495532232536,7.33008372622208
2023-09-01,sz001212,33.07,33.36,33.55,33.07,6348,15896799.0,1.44,0.39,0.13,1.16,3.802636918082811,-0.12917678587632864,32.934,33.17133333333333,32.951759158742036,3.9905494601981886,3.9354216232655896,3.9157345329488735,32.303999999999995,32.58509090909091,32.72414581266318,3.9266548853518857,3.9344353820031124,3.9296080615681066,32.789500000000004,32.544,32.900904862045486,3.9251053124105995,3.9252692382178864,3.947119883343141,33.566,32.96574193548387,33.13461688412278,3.9862671445703692,3.9436568405658314,3.968233823121955,33.48066666666667,33.36380327868852,33.86640193563047,4.030053283962297,3.9948385265497195,4.030762462916152,7.201309683025416
2023-09-04,sz001212,33.45,34.31,34.31,33.44,11703,29973284.0,2.61,2.85,0.95,2.13,4.068297205031453,0.26566028694864263,33.459999999999994,33.63,33.40450610582803,3.9771505603093287,3.9613375382100116,3.9665887569764005,32.495,32.94981818181819,33.012482937633514,3.944812978443383,3.960188531035761,3.954824269470533,32.802,32.688809523809525,33.03510439899354,3.929954060400031,3.938906561324634,3.9586605806467903,33.588,33.01374193548387,33.21044805288905,3.990364714921741,3.9489491025310635,3.974689525180633,33.472,33.39099453551912,33.880946134462256,4.030705224231029,3.9960924256011676,4.031993110198621,7.476734328696201
2023-09-05,sz001212,34.27,34.19,34.37,33.97,7248,18652997.8,1.17,-0.35,-0.12,1.32,3.8602181846687564,-0.208079020362697,33.69199999999999,33.87333333333333,33.66633740388535,3.930509860210633,3.922360079663154,3.931131899540519,32.702,33.258,33.22657694897288,3.929648161257486,3.9448076594403743,3.937623163142937,32.806,32.821,33.14509445623225,3.927532677688114,3.932265049350227,3.949285114363168,33.56366666666666,33.05258064516129,33.27364495270266,3.9768851429309775,3.940552552192161,3.9673042774056735,33.474333333333334,33.414535519125685,33.89107904808644,4.027482564190086,3.9905026865991258,4.02636114542715,7.270748639006537
2023-09-06,sz001212,34.14,34.69,34.69,33.85,12493,32439218.9,2.46,1.46,0.5,2.28,4.096666739975382,0.23644855530662579,33.956,34.205999999999996,34.007558269256904,3.951926550343509,3.977745706251404,3.986310179685474,33.013999999999996,33.61945454545455,33.492653867341446,3.960853105991737,3.975174673752719,3.966540177112472,32.827,33.000428571428564,33.29222831754347,3.9372196598860194,3.9483730552823486,3.9633214596595696,33.531,33.125247311827955,33.36502269768959,3.9694330543728484,3.948280397162768,3.9756502427327516,33.474833333333336,33.454393442622944,33.91727317765738,4.028154156865084,3.992771020231431,4.028666246887748,7.5110703883410945
2023-09-07,sz001212,34.61,34.2,34.76,34.07,9506,24607920.0,1.99,-1.41,-0.49,1.73,3.97799780995874,-0.11866893001664236,34.15,34.28733333333333,34.07170551283794,3.961163371543429,3.9864361261231473,3.983539389776563,33.285000000000004,33.83509090909091,33.62126225509755,3.9768105014784028,3.9782918926558115,3.9686233830845206,32.853,33.131190476190476,33.37868276349171,3.9308900740249877,3.952256688622607,3.96471920730711,33.49733333333333,33.16840860215054,33.41889220106445,3.963593835392422,3.9488329620392775,3.9758016986828157,33.472166666666666,33.4781693989071,33.92654290953746,4.030201527411447,3.9911265498410584,4.027004986660567,7.391074906238412
2023-09-08,sz001212,34.2,33.61,34.23,33.49,7410,18771120.11,2.16,-1.73,-0.59,1.35,3.869818207979328,-0.1081796019794119,34.2,34.10733333333334,33.917803675225294,3.974599629522732,3.9559877382684476,3.945632329177485,33.56699999999999,33.89418181818181,33.61921457235254,3.98257454486046,3.958838748383252,3.950658805792667,32.8735,33.20328571428572,33.4007129764925,3.928040718918374,3.946440320427783,3.9556810168949403,33.44166666666667,33.175677419354834,33.43122173647965,3.958713135956978,3.942782921561012,3.9689640541213005,33.469166666666666,33.482688524590166,33.91616445348705,4.028007984006995,3.9858680803514814,4.021851321785772,7.273490188608448
2023-09-11,sz001212,33.57,33.35,33.87,32.92,10036,25114053.5,2.83,-0.77,-0.26,1.83,4.001560652642573,0.13174244466324536,34.007999999999996,33.824,33.72853578348354,3.9612523190449567,3.9649747459750615,3.964275103665848,33.733999999999995,33.854727272727274,33.57026646828844,3.969201439677142,3.9622907679800003,3.9599136870381044,32.8835,33.24866666666667,33.3958831692075,3.9343454307571832,3.953442218877706,3.9600505060137623,33.35466666666667,33.169763440860216,33.4259816244487,3.9495405757383586,3.945547277476212,3.9710670604775116,33.451,33.478781420765024,33.897601684520254,4.024711599572881,3.985000954732976,4.021186053945011,7.399916815086727
2023-09-12,sz001212,33.36,33.07,33.59,33.0,8478,21171881.0,1.77,-0.84,-0.28,1.55,3.928293412232202,-0.07326724041037114,33.784000000000006,33.51133333333334,33.5090238556557,3.974867364557646,3.953988443704143,3.9522812065212998,33.738,33.734,33.47930892859963,3.952688612384139,3.954852944808193,3.954164546164304,32.900999999999996,33.26642857142857,33.364846676902026,3.937322003458191,3.952865836161041,3.957026020891709,33.284666666666666,33.15139784946236,33.40301506803266,3.943030678392543,3.9441764927338805,3.968307470268137,33.428333333333335,33.46628961748633,33.87046720306058,4.024011483520049,3.9818397026890184,4.0181403935609845,7.3257594443033325
2023-09-13,sz001212,33.19,32.88,33.31,32.62,8668,21461366.0,2.09,-0.57,-0.19,1.58,3.9379189026477803,0.009625490415578142,33.422000000000004,33.21,33.2993492371038,3.9431177970921256,3.9416722897341883,3.9474937718967937,33.689,33.578,33.37034366885424,3.947522173717817,3.9521675430379455,3.951210792797663,32.9205,33.264428571428574,33.318670802911356,3.9488948617090123,3.9529226837029063,3.9552062953446683,33.201,33.125290322580646,33.36927216041765,3.9381397164523113,3.943846700750347,3.966346917518437,33.42016666666667,33.44831147540984,33.837992868534,4.018612112741118,3.9790169951194363,4.015510180744158,7.331657361030773
2023-09-14,sz001212,32.9,32.46,32.9,32.24,8171,19999511.0,2.01,-1.28,-0.42,1.49,3.9122752104988123,-0.025643692148968,33.074,32.88933333333333,33.019566158069196,3.9299732772001392,3.9313914275364175,3.9357542514308004,33.612,33.35454545454545,33.20482663815346,3.9455683243717843,3.945759004270854,3.944131596016054,32.908,33.220571428571425,33.236892631205514,3.9447949647852942,3.949435097873364,3.951117620597444,33.107,33.07748387096775,33.31060944039071,3.939475071355685,3.9421780229468957,3.9628584202913646,33.42766666666667,33.41683060109289,33.79281277448371,4.011117774709079,3.975530539308213,4.01212542762136,7.301019377034085
2023-09-15,sz001212,32.4,32.76,33.11,32.2,8724,21457468.8,2.8,0.92,0.3,1.59,3.940715656906663,0.028440446407850484,32.904,32.784666666666666,32.933044105379466,3.9441527669856065,3.9349722207719258,3.937408053256088,33.55200000000001,33.199636363636365,33.12394906758011,3.9593761982541693,3.9448767010953776,3.943510516177983,32.928000000000004,33.20647619047619,33.191474285376415,3.943015541803027,3.9490465923611136,3.950126957388798,33.04366666666667,33.055096774193544,33.275086250688084,3.9365289410251223,3.9422580607243782,3.9614298549117066,33.451,33.39493989071038,33.75895006056621,4.0070109401891605,3.9732222731507565,4.009784123663501,7.331578489716236
2023-09-18,sz001212,32.74,33.11,33.41,32.24,8671,21565566.4,3.57,1.07,0.35,1.58,3.9380691862233856,-0.002646470683277169,32.856,32.85333333333333,32.992029403586315,3.931454473701769,3.932944360517852,3.9376284309118543,33.432,33.11927272727273,33.12141287347463,3.9463533963733624,3.941002698907962,3.9425211834589646,32.963499999999996,33.22380952380952,33.18371482962628,3.945583187408373,3.948575510877338,3.9489785982301875,33.012,33.059376344086026,33.26443552483724,3.935420505724475,3.9423574313823297,3.959922714996331,33.489666666666665,33.38375956284153,33.737673009400105,4.003887405531207,3.9709618877748296,4.007432814239235,7.333760868981588
2023-09-19,sz001212,33.1,32.83,33.23,32.74,6799,16837114.8,1.48,-0.85,-0.28,1.24,3.832445041174111,-0.10562414504927453,32.808,32.84466666666666,32.93801960239088,3.9122847994901506,3.899941216341966,3.9025673009992734,33.29600000000001,33.00981818181818,33.06842871466106,3.9435760820238976,3.9202920888717343,3.922507339407173,32.998999999999995,33.21109523809524,33.15002770299521,3.9366121216406915,3.9378004493312178,3.937880164224847,32.96933333333333,33.04763440860216,33.236407426460644,3.9328804791333747,3.9357138530242426,3.951698348943285,33.499833333333335,33.362131147540985,33.7079132386001,3.9961172125942563,3.9653408266483674,4.001695510204312,7.226267673042962
2023-09-20,sz001212,32.83,33.0,33.33,32.62,8279,20596801.0,2.16,0.52,0.17,1.51,3.917977882592908,0.08553284141879702,32.832,32.90866666666667,32.95867973492726,3.908296595479176,3.9018389107095524,3.9077041615304853,33.127,32.955999999999996,33.05598713017723,3.92570719628565,3.9156378707933728,3.921683801804579,33.070499999999996,33.21119047619048,33.135739350329004,3.9432801511386932,3.9360257598980963,3.935984708831329,32.927,33.04961290322581,33.22115533443093,3.9333821720192295,3.9347523951829215,3.9495228349851965,33.513333333333335,33.34574316939891,33.68470296848206,3.9937146683937694,3.962778881402422,3.9989506699547577,7.31379977299379
2023-09-21,sz001212,32.9,32.41,33.31,32.38,7471,18377927.5,2.82,-1.79,-0.59,1.36,3.873378736409141,-0.04459914618376715,32.821999999999996,32.768,32.77578648995151,3.9005173006612424,3.890199624352874,3.896262353156704,32.948,32.82563636363636,32.93853492469046,3.9152452889306906,3.90612360536128,3.9129010626417715,33.1165,33.14828571428571,33.06662131696434,3.946027895204547,3.9293684823048047,3.930022235267311,32.88466666666667,33.01625806451612,33.168822732209584,3.925675145660222,3.930881205788723,3.944610312496419,33.5125,33.309568306010924,33.64290942853182,3.9913023519907385,3.9588334410094834,3.9948335573794913,7.2642965339237
2023-09-22,sz001212,32.14,33.46,33.48,32.14,12531,31238456.1,4.13,3.24,1.05,2.29,4.097985729984783,0.2246069935756423,32.962,32.980666666666664,33.00385765996767,3.931971315276866,3.9560224341273877,3.963503478766064,32.93300000000001,32.91872727272727,33.03334675656492,3.9380620411312366,3.9393491400983884,3.9465528203405005,33.25,33.181,33.10408595344392,3.960318292995848,3.9438406570457802,3.946018758573737,32.89333333333333,33.05337634408602,33.18760836238961,3.931381159655994,3.9419980176806297,3.9545055007214747,33.523,33.30784699453552,33.63691239808816,3.990494811902389,3.962331256681418,3.9982155958255663,7.494689561574674
2023-09-25,sz001212,33.88,33.81,34.14,33.36,13257,33659694.4,2.33,1.05,0.35,2.42,4.122445256281956,0.024459526297172296,33.102,33.263333333333335,33.27257177331178,3.96884652928858,4.019513747795751,4.016484071271361,32.979,33.07818181818181,33.17455643718947,3.9501505014951745,3.9728733610348823,3.9785332632389467,33.3565,33.23433333333333,33.17131586263974,3.959675970586159,3.959281320215886,3.962821282164996,32.91533333333333,33.11251612903226,33.22776266159028,3.939613787669847,3.954324733591982,3.9653403236608606,33.529833333333336,33.31725683060109,33.64258740142952,3.989522480590864,3.966657500759437,4.002288699447087,7.527110168651208
2023-09-26,sz001212,33.68,32.76,33.78,32.58,14483,35828810.79,3.55,-3.11,-1.05,2.64,4.160858530679992,0.0384132743980361,33.088,33.14933333333333,33.10171451554119,4.034529227189756,4.083517748259554,4.064608891074238,32.948,33.03836363636363,33.09918253951866,3.9734070133399535,4.011183911795758,4.011683311864591,33.343,33.177523809523805,33.132142923340716,3.963047812862046,3.978441564034345,3.9816819724997576,32.916666666666664,33.10249462365591,33.197584425358656,3.949350340085445,3.9685985879797343,3.977954401533063,33.508833333333335,33.29201639344262,33.613650109579375,3.988991211570478,3.972275076172196,4.007487710307182,7.554232393543954
2023-09-27,sz001212,32.54,33.2,33.61,32.36,12575,31463408.62,3.82,1.34,0.44,2.29,4.099507993727965,-0.06135053695202686,33.128,33.18666666666666,33.13447634369413,4.070835249416768,4.105177337105625,4.076241925292147,32.980000000000004,33.08418181818182,33.1175129868789,3.989565922447972,4.0341113627753975,4.027651435839749,33.3345,33.16390476190476,33.13860550207017,3.9685440480828946,3.9914377717358613,3.9929034983310157,32.940333333333335,33.120774193548385,33.197740268883905,3.962451881955332,3.978286178537315,3.985796568771444,33.499833333333335,33.28189071038251,33.60008781090464,3.991556893908571,3.9758985772265394,4.010504768779994,7.497805770565294
2023-09-28,sz001212,33.62,33.39,33.62,33.14,8667,21757606.4,1.45,0.57,0.19,1.58,3.9378687965638592,-0.16163919716410557,33.324,33.274,33.21965089579609,4.083733261447711,4.060855186154655,4.030117549049385,33.073,33.158727272727276,33.167056080173644,3.9921252810544763,4.0247118853419215,4.011327319607769,33.3425,33.16919047619048,33.16254783520634,3.9688468027131307,3.9885163192102393,3.987662098162715,32.963,33.149784946236565,33.2101441225043,3.960571736875022,3.976700173028188,3.982704454435471,33.49583333333333,33.278289617486344,33.59319968595694,3.9921184677132326,3.974138311739828,4.0081232614942195,7.3376111160054585
2023-10-09,sz001212,33.37,32.51,33.37,32.33,15923,39138141.43,3.11,-2.64,-0.88,2.9,4.202024895104038,0.2641560985401785,33.134,33.00266666666666,32.98310059719739,4.104541094471562,4.100285730706764,4.087419997734269,33.047999999999995,33.056363636363635,33.04759133832389,4.0182562048742145,4.062875451532751,4.045999606061636,33.3,33.08990476190476,33.10040042232955,3.988816201564192,4.010723756580802,4.008077602633318,32.967999999999996,33.120559139784945,33.16497353395564,3.968095762826756,3.9922777961397378,3.9968541602850562,33.4825,33.24596721311475,33.55768494215507,3.9989281970820056,3.9810204896870673,4.014480692104377,7.5926001982800795
2023-10-10,sz001212,32.61,31.81,32.84,31.49,13549,32481962.5,4.15,-2.15,-0.7,2.47,4.131907242774386,-0.07011765232965139,32.734,32.56133333333333,32.59206706479826,4.106433491770049,4.109407780141039,4.1022490794143085,32.918,32.831272727272726,32.82257473135591,4.037640010529314,4.08353927660551,4.0616191763730445,33.175,32.948,32.977505144012454,3.9919967034513384,4.024351474791298,4.019870901694372,32.94833333333334,33.04584946236559,33.07755588660366,3.9762687951153532,4.002846278717004,4.005567262381142,33.45466666666667,33.191131147540986,33.50038379651064,4.004451469846672,3.9853804583982937,4.018330742946016,7.5116422606298805
2023-10-11,sz001212,31.71,31.54,32.02,31.46,11716,27827093.22,1.76,-0.85,-0.27,2.14,4.068779363009561,-0.06312787976482515,32.489999999999995,32.163333333333334,32.241378043198836,4.088017658235962,4.096856403887544,4.091092507279393,32.789,32.58072727272727,32.58937932565483,4.061273442712859,4.089200977056464,4.062921028488774,33.0425,32.79228571428572,32.840599892201745,4.002424762368379,4.031664109034938,4.024528850391056,32.929,32.95498924731183,32.97835873262923,3.978165895331414,4.008814702452114,4.009645462421686,33.42066666666667,33.12835519125684,33.43610891793652,4.006443732720694,3.987489569649535,4.019984796062854,7.4444678428972475
2023-10-12,sz001212,31.73,32.28,32.38,31.53,12072,29026269.91,2.69,2.35,0.74,2.2,4.081779226767534,0.012999863757972463,32.306,32.093333333333334,32.25425202879923,4.084471904843876,4.0947769267314005,4.087988080442107,32.717,32.48818181818182,32.53312853917213,4.077653577130322,4.092929301430041,4.066349791812185,32.922000000000004,32.71966666666667,32.78720942627777,4.001680386707986,4.039221677072952,4.029981267188816,32.952666666666666,32.91311827956989,32.933303330524126,3.988071293135903,4.01549943351251,4.0142992536698054,33.39833333333333,33.09095628415301,33.39820370751237,3.9987323042970853,3.9899595858477928,4.022010842971204,7.462791229369814
2023-10-13,sz001212,32.22,31.29,32.22,31.15,11863,28044473.9,3.31,-3.07,-0.99,2.16,4.074194530401819,-0.007584696365714905,31.885999999999996,31.754666666666665,31.932834685866155,4.111737051611468,4.091351135250715,4.083390230428678,32.605000000000004,32.22872727272727,32.307105168413564,4.097735156529589,4.092300383843041,4.067776107919391,32.7765,32.564238095238096,32.64461805234655,4.00649022273014,4.046127785996174,4.034192054161483,32.946,32.8058494623656,32.82728376081289,3.9965969823128944,4.021055771400633,4.018163465071871,33.3655,33.021830601092894,33.32908227447918,3.9954142276100053,3.9924337571954887,4.023721783542699,7.447847297279391
2023-10-16,sz001212,31.29,31.27,31.47,30.97,8484,19890135.71,1.6,-0.06,-0.02,1.55,3.9286006598445242,-0.14559387055729456,31.637999999999998,31.549333333333333,31.711889790577438,4.057052204559565,4.0303056713284,4.031793706900627,32.386,31.986000000000004,32.11854059233837,4.080796649515563,4.061548657173029,4.042471480996688,32.659499999999994,32.4207619047619,32.513702047361164,4.009429345323399,4.0387097323880194,4.024135730893201,32.962,32.69772043010753,32.72681384076045,4.0004777451690865,4.016668911886544,4.012385219573333,33.33283333333333,32.95312568306011,33.26157138023396,3.9938086224734572,3.9902431484162926,4.020603058175546,7.298637746317149
2023-10-17,sz001212,31.23,31.67,31.75,31.1,8508,20128255.14,2.08,1.28,0.4,1.55,3.9298274812306913,0.0012268213861670318,31.609999999999996,31.560000000000002,31.697926527051628,4.016636252250826,3.987897430218776,3.997804965010649,32.172,31.855818181818186,32.036987757367754,4.061534872010437,4.03409971748487,4.021990753766506,32.5755,32.326523809523806,32.433349471422005,4.005842686752805,4.031128602474428,4.015153992830105,32.961666666666666,32.61436559139785,32.65863230264688,3.9936289377275846,4.012110830342131,4.0070589138738075,33.305166666666665,32.89860655737705,33.209388712029565,3.9926289540429205,3.988145406080464,4.017626809751124,7.3038061287925915
2023-10-18,sz001212,31.67,31.41,31.72,30.86,7082,16584800.78,2.72,-0.82,-0.26,1.29,3.850155922422092,-0.07967155880859922,31.584000000000003,31.493333333333336,31.60195101803442,3.972911564133333,3.932403986942531,3.94858861748113,32.037,31.717272727272725,31.922989983300887,4.030464611184647,3.995667181196081,3.9907480571584304,32.4925,32.21552380952381,32.335887617000864,4.0019358122623,4.01630129158579,3.9994398908864843,32.907666666666664,32.51425806451613,32.578075379895466,3.9855200789695795,4.002854506774035,3.9969361402317616,33.26733333333333,32.83646994535519,33.15039236081548,3.9901802121587595,3.9834741591420757,4.012135960986237,7.21971025905319
2023-10-19,sz001212,31.33,30.75,31.57,30.66,9606,22384491.9,2.9,-2.1,-0.66,1.75,3.9825425823029432,0.1323866598808512,31.278,31.215333333333334,31.317967345356283,3.953064235240414,3.9356143263324013,3.959906605755068,31.791999999999994,31.483272727272727,31.709719077246177,4.018768070042145,3.986954085035771,3.9892561526392507,32.386,32.04957142857143,32.18485070109602,4.004166996245058,4.0144543173039455,3.9978306234023373,32.82033333333333,32.37505376344086,32.46013503280544,3.9852853887359774,4.0026624102148975,3.9960075235911927,33.21216666666667,32.75393442622951,33.071690971936285,3.9892994267104975,3.983223745048443,4.01116568627531,7.3499472408891915
2023-10-20,sz001212,30.85,31.23,31.92,30.76,10625,25046032.0,3.77,1.56,0.48,1.94,4.026328938722349,0.04378635641940587,31.266000000000002,31.199333333333335,31.28864489690419,3.9434911169045206,3.960035894159714,3.9820473834108285,31.576,31.381090909090904,31.622497426837782,4.027614084257994,3.988328788432171,3.9959966591998137,32.3245,31.939476190476196,32.09391253908687,4.009869682656236,4.0165649784922595,4.00054474867091,32.75366666666667,32.272451612903225,32.38077148230186,3.9884358965614184,4.0053103811817605,3.9979637439222353,33.16866666666667,32.68894535519126,33.011307661381,3.9898557263463625,3.9844378274094865,4.011662842093245,7.398738931121222
2023-10-23,sz001212,31.16,30.23,31.53,30.06,9200,21048756.76,4.71,-3.2,-1.0,1.68,3.963787827345555,-0.06254111137679397,31.058,30.854000000000003,30.935763264602798,3.9505285504047265,3.966801464306725,3.975960864722404,31.348000000000003,31.136363636363637,31.369316076503637,4.0037903774821455,3.9767240144480915,3.9901405079535848,32.19799999999999,31.740000000000002,31.916397059173836,4.01102329117818,4.012176230367433,3.9970440894970665,32.64933333333333,32.10963440860215,32.242012031830775,3.993807593536843,4.003720183167834,3.9957588460785787,33.10766666666667,32.5925956284153,32.920117246253746,3.990037369053606,3.9835831421963452,4.010093169478567,7.323226449425043
2023-10-24,sz001212,30.21,31.42,31.53,30.21,12299,28808120.6,4.37,3.94,1.19,2.24,4.089869801509551,0.12608197416399625,31.008,30.974666666666668,31.0971755097352,3.982537014460499,4.013248548008334,4.01393051031812,31.309000000000005,31.149454545454546,31.378531335321156,3.999586633355662,3.992374818816711,4.008273106781942,32.1135,31.665904761904763,31.869121148776326,4.018613321942488,4.019685421827564,4.005884633498256,32.553,32.03032258064516,32.188978997519115,3.994526680086113,4.009917744972525,4.001830520622513,33.0705,32.537262295081966,32.87093307424542,3.9924456975039266,3.986856336703098,4.012708796758271,7.459514926462537
2023-10-25,sz001212,31.44,31.67,32.28,31.44,9720,23235133.7,2.67,0.8,0.25,1.77,3.9876662649262746,-0.10220353658327674,31.060000000000002,31.195333333333338,31.28811700649014,4.010039082961335,4.0149582981635925,4.005175761854172,31.321999999999996,31.215090909090907,31.431525637990035,3.991475323547334,3.9902074791022772,4.00452640826273,32.0555,31.623666666666665,31.850157229845248,4.026374383130096,4.016738083064115,4.0041495507771145,32.469,31.973354838709678,32.155496481550145,3.9987749494280305,4.009475137542857,4.000916697674369,33.016333333333336,32.49134426229507,32.83155821935213,3.9878300461795035,3.986699633995635,4.0118877301408284,7.366145175846743
2023-10-26,sz001212,31.62,31.28,31.73,30.79,8996,21033301.0,2.97,-1.23,-0.39,1.64,3.9540494467635945,-0.03361681816268014,31.166000000000004,31.268666666666665,31.285411337660094,4.004340455853465,3.9962950860976787,3.98813365682398,31.222,31.207454545454542,31.403975521991846,3.9787023455469397,3.9834027742325055,3.99534877889925,31.9695,31.54980952380953,31.795856541288558,4.02817796133863,4.009849993886353,3.9993781122996364,32.355333333333334,31.89664516129032,32.09901283757917,3.994021039654304,4.006589621241926,3.9978930040672225,32.94316666666666,32.43441530054645,32.7806874580619,3.981727047013576,3.985592073359047,4.009991392980919,7.322907436908036
2023-10-27,sz001212,31.24,31.93,32.19,31.1,12075,28879807.2,3.48,2.08,0.65,2.2,4.08188713942355,0.1278376926599556,31.306,31.523333333333333,31.50027422510673,4.015452095993705,4.022143980621041,4.019384817690503,31.286,31.336181818181817,31.499616336175144,3.9794716064491125,4.0021636458464345,4.011083026267304,31.9455,31.546047619047624,31.808632108784884,4.038603381489351,4.0149651537039635,4.007236114882867,32.279666666666664,31.869204301075268,32.088108783541806,3.997484017303131,4.0122584018722,4.003311980541825,32.8885,32.40119672131148,32.752796065994296,3.980538926347776,3.9888760108151113,4.012348630569202,7.460594289581271
2023-10-30,sz001212,32.09,31.96,32.33,31.84,10388,25047983.0,1.53,0.09,0.03,1.9,4.0165319409572655,-0.06535519846628457,31.652000000000005,31.741333333333337,31.653516150071155,4.026000918716048,4.0225039289422275,4.018433858779424,31.355,31.458727272727273,31.583322456870572,3.9882647345603863,4.0089018884842815,4.012073738029115,31.870500000000003,31.547428571428572,31.823048098424422,4.0345306920379755,4.012863111748527,4.0081214316518565,32.224666666666664,31.848580645161288,32.07984370073266,4.002374475069062,4.013487300172467,4.004164881213788,32.83316666666666,32.370754098360656,32.72680275235514,3.98054380551302,3.9900561096547666,4.012485788286844,7.398772759854439
2023-10-31,sz001212,31.84,31.9,32.2,31.77,7956,19094311.0,1.35,-0.19,-0.06,1.45,3.900694774452398,-0.11583716650486764,31.748,31.824,31.735677433380772,3.9881659133046172,3.9807352141876775,3.979187497337082,31.377999999999997,31.557818181818178,31.64090019198501,3.9853514638825573,3.9929800775555564,3.9918230173788025,31.775,31.550238095238097,31.830376850955428,4.023443167946497,4.000116833883234,3.997890321442384,32.17633333333333,31.827634408602147,32.06824088133055,3.9990122791293894,4.00692731948752,3.9974893904549895,32.7655,32.34015846994536,32.699694465392675,3.9742764274338738,3.987438108636386,4.008820509144731,7.280903991889925
2023-11-01,sz001212,32.09,32.14,32.24,31.81,6841,16485866.0,1.35,0.75,0.24,1.25,3.8351195904245494,-0.06557518402784845,31.842000000000002,31.954666666666665,31.870451622253853,3.957656578404271,3.929719773227655,3.931164861699571,31.451000000000004,31.69636363636364,31.7316456116241,3.983847830682804,3.9656651914722816,3.963331485205302,31.744,31.585,31.859864769912054,4.007156220933725,3.9821812550716205,3.9823883470597337,32.14533333333333,31.82529032258065,32.072870501889874,3.9959064850691344,3.996353597635596,3.9870139194852836,32.715,32.31965027322405,32.68134382718308,3.969468581730838,3.982875589390179,4.003125397055545,7.217111765500582
2023-11-02,sz001212,32.2,31.77,32.33,31.71,6746,16192548.8,1.93,-1.15,-0.37,1.23,3.8290463368531826,-0.006073253571366788,31.940000000000005,31.93066666666667,31.836967748169236,3.9326559564221895,3.8868496927106255,3.897125353417442,31.552999999999997,31.754363636363635,31.738619136783353,3.968498206137827,3.937519465321442,3.9389160036867343,31.672500000000003,31.587476190476185,31.851306220396623,3.9936331380899857,3.9652184089687115,3.967784346087681,32.108333333333334,31.801075268817208,32.05333046950988,3.992277399542648,3.9855884267829538,3.976822462541277,32.654666666666664,32.28866666666667,32.651463701701665,3.9652085579974794,3.978271581361404,3.9974178868849757,7.209315214575014
2023-11-03,sz001212,31.92,32.03,32.22,31.6,7291,17551836.5,1.95,0.82,0.26,1.33,3.8627870982353443,0.033740761382161644,31.96,31.960666666666665,31.901311832112825,3.8888359481845485,3.863560073315011,3.885679268356743,31.633000000000003,31.84109090909091,31.791597475550013,3.9521440220891266,3.918299263884627,3.9250743845137537,31.604499999999994,31.621523809523815,31.868324675596945,3.98987905317356,3.952756881363507,3.9577846081969823,32.094,31.796021505376345,32.0518252779286,3.9906277958005325,3.9772342137953856,3.969465342263475,32.6005,32.26818579234973,32.631087842629476,3.965051433578109,3.974913500713465,3.993003762666955,7.244322564681496
2023-11-06,sz001212,32.14,32.62,32.64,32.01,9892,24077117.5,1.97,1.84,0.59,1.8,3.9952841076892596,0.1324970094539153,32.092,32.18066666666667,32.140874554741885,3.884586381530947,3.8990427931499148,3.9222142148009156,31.871999999999996,32.020545454545456,31.9422161163591,3.9552936501234974,3.926142915811924,3.937839788727482,31.609999999999996,31.71823809523809,31.939912801730568,3.9795420138028215,3.9532716484602406,3.961355989101009,32.089333333333336,31.82995698924731,32.088481711610626,3.992446744159952,3.977534621014012,3.9711310690651387,32.5665,32.26882513661202,32.630724306805554,3.9644878425925376,3.975904735930223,3.993078528077522,7.381604492188082
2023-11-07,sz001212,32.62,32.7,32.72,32.2,7380,18036075.0,1.59,0.25,0.08,1.35,3.8680563618230415,-0.1272277458662181,32.252,32.38333333333333,32.32724970316126,3.878058699005076,3.893532786580613,3.9041615971416244,32.0,32.17109090909091,32.07999500429381,3.933112306154846,3.910281590666387,3.9251518929266744,31.654500000000002,31.82204761904762,32.01230205870861,3.9663494697552535,3.9426539673193095,3.9524703103126306,32.07566666666666,31.86935483870968,32.12793450440994,3.990112983346607,3.969509435056793,3.9644810879527452,32.54383333333333,32.27320218579235,32.63299564100865,3.9627667445355415,3.9727430480361416,3.988979440659342,7.2561420325792225
2023-11-08,sz001212,32.7,32.71,32.75,32.33,5908,14494680.7,1.28,0.03,0.01,1.08,3.771440486639912,-0.09661587518312942,32.366,32.536,32.454833135440836,3.8653228782481484,3.8579933824588917,3.859921226974387,32.104,32.30018181818182,32.194541367149476,3.9114897283262104,3.880886714390944,3.897204364510899,31.713,31.922571428571427,32.078749481688746,3.951482525936772,3.9240912070226104,3.935229374724753,32.071666666666665,31.91027956989247,32.16548711702866,3.9880794981954675,3.955401532043458,3.952026855609982,32.5205,32.278650273224045,32.63552037409033,3.9604799886644213,3.9664700559739905,3.981847015937393,7.161208652822756
2023-11-09,sz001212,32.66,32.41,32.81,32.19,8379,20425333.3,1.9,-0.92,-0.3,1.53,3.9231921904206675,0.15175170378075542,32.49399999999999,32.550666666666665,32.439888756960556,3.8841520489616457,3.8772831531830647,3.8810115481231473,32.217,32.35581818181818,32.233715664031386,3.908404002691917,3.8830144347717543,3.9019294237672204,31.7195,31.988952380952384,32.11029715009934,3.9435531741194283,3.9213968893544093,3.934082976219602,32.052,31.932107526881722,32.18126214173649,3.9882533084563927,3.951215254122503,3.9501665546300266,32.4895,32.27502732240436,32.62812626346442,3.9608177402378115,3.965247505211899,3.979923906904057,7.310169152067111
2023-11-10,sz001212,32.33,32.62,32.74,32.09,8628,21015926.0,2.01,0.65,0.21,1.57,3.9359101364305076,0.012717946009840109,32.612,32.592666666666666,32.499925837973706,3.8987766566006785,3.894535849006019,3.8993110775589344,32.285999999999994,32.42909090909091,32.30394917966204,3.893806302392613,3.8880155499969526,3.908107735160545,31.786,32.07471428571428,32.15884027866131,3.936638954420862,3.9206689810030846,3.934256991477784,32.059,31.968752688172042,32.209567810011556,3.990337688457105,3.9478382752821224,3.949246785713929,32.47183333333333,32.27930601092896,32.627859828596726,3.9580064170586633,3.9644308624641194,3.9784808324623016,7.322548530569399
2023-11-13,sz001212,32.62,32.8,32.88,32.25,9882,24207887.5,1.93,0.55,0.18,1.8,3.994844849553398,0.058934713122890336,32.648,32.65533333333333,32.59995055864914,3.8986888049735056,3.926558579990259,3.931155668223756,32.37,32.52254545454545,32.394140237905305,3.8916375932522262,3.9063861949352763,3.9238781195956087,31.8625,32.17128571428571,32.21990310926499,3.9399511639063065,3.9262123995871345,3.940027263675461,32.037,32.016559139784945,32.24766020936565,3.986899659109392,3.948129059868981,3.9521885962842176,32.46516666666666,32.2900655737705,32.63350376864273,3.959140409382693,3.9656386799229626,3.979017357612829,7.383956892410657
2023-11-14,sz001212,32.66,32.57,32.84,32.4,9115,22325130.0,1.34,-0.7,-0.23,1.66,3.959756672990995,-0.03508817656240293,32.622,32.62933333333333,32.58996703909943,3.917028867207096,3.946914535996089,3.9406893364795024,32.437,32.55890909090909,32.42611474010434,3.897543783106086,3.918771482160508,3.930401492940224,31.907500000000006,32.23866666666666,32.25324567028737,3.9414476234943217,3.9280986385475813,3.941906255038845,31.99566666666667,32.05094623655914,32.268456324890444,3.9814767063330265,3.9463778994742458,3.952676859297558,32.4555,32.29350273224044,32.63142167786756,3.960545247001437,3.9656588852871697,3.9783858597563753,7.348793996479656
2023-11-15,sz001212,32.68,33.11,33.32,32.58,12534,31152402.5,2.27,1.66,0.54,2.29,4.0980896903639525,0.13833301737295756,32.702,32.792,32.76331135939962,3.9823587079519043,4.007268143715041,3.9931561211076527,32.534,32.68127272727272,32.55045751463082,3.9238407931000268,3.95523437438921,3.9608902561081742,31.992499999999996,32.35319047619047,32.334841320736196,3.9538443118914146,3.943016930630403,3.9567808679269505,32.007333333333335,32.122838709677424,32.32274946522009,3.979384411655825,3.953901317798822,3.9620583322695837,32.462,32.31496174863388,32.64711277039649,3.9643673758706353,3.970168539167908,3.9823105755140005,7.493491545449701
2023-11-16,sz001212,33.15,32.79,33.52,32.72,9593,23841207.84,2.42,-0.97,-0.32,1.75,3.9819544444699737,-0.11613524589397883,32.778000000000006,32.821333333333335,32.772207572933084,3.9941111587617657,4.007133389221065,3.9894222288950933,32.636,32.72781818181818,32.59401069378885,3.939131603861705,3.9658004928201107,3.964720108537592,32.0945,32.42914285714286,32.378189766380366,3.953814904999766,3.9456940861140755,3.9591783514072385,31.993666666666666,32.17333333333333,32.35289466101234,3.975465960013892,3.9540671263674763,3.9633419524115445,32.467,32.325715846994534,32.651797597596605,3.968958920984612,3.9707451643678864,3.9822988990863273,7.377328253792999
2023-11-17,sz001212,32.7,33.24,33.36,32.48,12118,30206682.3,2.68,1.37,0.45,2.21,4.083430948160511,0.10147650369053718,32.902,32.97533333333333,32.92813838195539,4.0236153211077665,4.03690665235398,4.020758468650232,32.757000000000005,32.83763636363636,32.711463294918154,3.9611959888542216,3.9920367372380756,3.9863038975599405,32.195,32.53823809523809,32.460266931487,3.956670005471674,3.958038471177003,3.9710119320504074,31.988666666666667,32.25374193548387,32.41012726352768,3.9803180317337805,3.9610326094737105,3.9710896295566394,32.475833333333334,32.35106010928961,32.67108292226557,3.9704448843044013,3.9744983455867673,3.9856147039740053,7.4801030278907295
2023-11-20,sz001212,33.32,33.67,33.87,33.06,11098,27928694.3,2.44,1.29,0.43,2.02,4.045244720478147,-0.03818622768236413,33.076,33.23133333333333,33.17542558797027,4.033695295292716,4.044116452144107,4.02892055259287,32.862,33.00363636363637,32.885742695842126,3.9661920501331105,4.007318324806061,3.9970204108177962,32.367000000000004,32.678714285714285,32.57547960467871,3.960742850128304,3.9664741583204766,3.9780817214244775,32.02733333333334,32.362215053763435,32.491409375558156,3.9750920259129177,3.965221428102379,3.97587382897093,32.49766666666667,32.3902131147541,32.70383430186342,3.9715938943698372,3.9769507992318087,3.9875697864823376,7.446050632387001
2023-11-21,sz001212,33.59,33.57,34.23,33.49,10915,27864204.5,2.2,-0.3,-0.1,1.99,4.038023740045158,-0.007220980432988355,33.275999999999996,33.396,33.30695039198018,4.049348708703549,4.045559267061588,4.0319549484103,32.949,33.132363636363635,33.01015311477992,3.983188787955323,4.020378632062798,4.004475561586407,32.4745,32.793285714285716,32.670195832804545,3.9581505470550837,3.9738342430744638,3.9837904851026376,32.086,32.46174193548387,32.560995867457635,3.971962575821943,3.9692815386915554,3.9798835006531386,32.51716666666667,32.42537158469945,32.73223317721216,3.9741156854686484,3.9791288269588683,3.989224014468004,7.445046648820824
2023-11-22,sz001212,33.55,33.09,33.85,33.09,9438,23705306.1,2.26,-1.43,-0.48,1.72,3.9748799730069306,-0.06314376703822777,33.272,33.33400000000001,33.23463359465346,4.024706765232144,4.020736355162715,4.012929956609177,32.987,33.158,33.02467073027448,4.003532736592024,4.018867938435816,3.9990945454810474,32.5455,32.85190476190476,32.71017718206126,3.9575112324591166,3.975427521736544,3.9829418649030464,32.13766666666667,32.52651612903226,32.595125166331336,3.968832596155189,3.9694697578647804,3.9795606924178997,32.53333333333333,32.44415300546448,32.743963236975695,3.973499245743302,3.9791538855666806,3.988753718026657,7.374845567614588
2023-11-23,sz001212,33.2,33.44,33.55,32.97,7712,19342333.7,1.75,1.06,0.35,1.41,3.887167020894774,-0.08771295211215646,33.402,33.39,33.303089063102306,4.005749280517104,3.9748897737169244,3.97100897803771,33.09,33.24036363636364,33.100185142951844,3.9999302196394355,3.9977105355817715,3.978744086465361,32.6535,32.93709523809524,32.779684117103045,3.954167111165676,3.9687280730161305,3.973820451187973,32.17633333333333,32.61053763440861,32.649633220116414,3.962345522626097,3.964201011073786,3.97359981038415,32.564499999999995,32.47387978142076,32.7667841144519,3.9752084078809995,3.9763233208175484,3.985423006645284,7.2865088716026465
2023-11-24,sz001212,33.48,33.28,34.0,33.27,13233,33464041.0,2.18,-0.48,-0.16,2.41,4.12165831249807,0.23449129160329596,33.41,33.349333333333334,33.29539270873487,4.013394753384616,4.01352611771058,4.02122542285783,33.156,33.27490909090909,33.132878753324235,4.018505037246191,4.019842916101524,4.0047284911985805,32.721,32.996761904761904,32.82733324880752,3.9561556698194025,3.9846796160001685,3.987900247503221,32.24266666666667,32.68174193548387,32.690302044625035,3.963927648695972,3.9744792555816555,3.983151971810855,32.59433333333333,32.49733879781421,32.783610864797744,3.980262315504433,3.981124957034502,3.9898897379847194,7.524578383668643
2023-11-27,sz001212,33.23,33.1,33.39,32.84,9099,22657668.2,1.65,-0.54,-0.18,1.66,3.958993665030326,-0.16266464746774423,33.29600000000001,33.246,33.230261805823254,3.9961445422950526,3.9953924215924834,4.000481503581995,33.186,33.26472727272727,33.12690079817437,4.014919918793884,4.009022666607731,3.9964130682588976,32.778,33.03285714285714,32.85330151082585,3.9532787560230553,3.984949901258351,3.9851472396486596,32.303666666666665,32.73705376344086,32.71673417077826,3.964940748868832,3.974160934054839,3.9815933713734015,32.63283333333333,32.51391803278688,32.79398427906667,3.98270924701896,3.980427624232072,3.9888767519862145,7.35521521267737
2023-11-28,sz001212,33.02,33.74,33.81,33.02,9645,24365527.96,2.39,1.93,0.64,1.76,3.9843022319799033,0.025308566949577394,33.33,33.394000000000005,33.400174537215506,3.9854002406820017,3.991444984820767,3.9950884130479647,33.303000000000004,33.365454545454554,33.23837338032448,4.017374474692774,4.003455814459734,3.9942110980263528,32.87,33.12447619047619,32.937748985985294,3.9574591288994307,3.9879045180161468,3.9850667627278256,32.37266666666667,32.82972043010753,32.78275132105063,3.966756573893806,3.9754100619974886,3.9817681365738213,32.66716666666667,32.55021857923497,32.82500118794973,3.980192755810695,3.980479853247185,3.9887267677237124,7.386775826250065
2023-11-29,sz001212,33.93,33.16,34.0,33.14,6846,17185388.5,2.55,-1.72,-0.58,1.25,3.8354368948018585,-0.14886533717804484,33.344,33.337333333333326,33.32011635814367,3.9575116250409863,3.94145720286072,3.941871240299263,33.308,33.339454545454544,33.22412367481094,3.991109195136565,3.970376254479567,3.9653430610764446,32.921,33.15209523809524,32.958915749224786,3.9574749941182956,3.9762833528639967,3.9708162991158287,32.431000000000004,32.88051612903226,32.80708994549898,3.9662659396397983,3.9669378246367177,3.9723274112982114,32.669333333333334,32.56637704918033,32.83598475555794,3.975893009304689,3.975733759443617,3.9837008702508645,7.235159354424893
2023-11-30,sz001212,33.18,32.8,33.32,32.55,7484,18523150.34,2.32,-1.09,-0.36,1.37,3.8741337788279724,0.03869688402611393,33.216,33.156,33.14674423876245,3.9549049766276263,3.9136645874563816,3.9192920864754996,33.309,33.247090909090915,33.14701027939077,3.980327128572365,3.949107996968914,3.948759555213086,32.972500000000004,33.14057142857143,32.943780915965284,3.959729366217035,3.9683460942649185,3.961608440040795,32.49933333333333,32.904322580645164,32.806632529660334,3.9626523128572995,3.9609938142617622,3.965992338235616,32.65983333333334,32.57066120218579,32.83480492750686,3.973968850796638,3.9723973912312656,3.980108506597655,7.267714851618311
2023-12-01,sz001212,32.88,32.94,33.09,32.61,6864,16952972.7,1.46,0.43,0.14,1.25,3.836577274840649,-0.03755650398732335,33.148,33.064,33.0778294925083,3.8978887690961423,3.874222020194056,3.8917204825972167,33.279,33.18,33.10937204677427,3.955641761240379,3.9229716599267834,3.9283627769635516,33.018,33.13747619047619,32.943420828730495,3.9584188750473004,3.956617323657643,3.9497007100217334,32.556333333333335,32.932752688172044,32.815236882585474,3.956327257394576,3.952859940841332,3.9576429793069083,32.655,32.579846994535515,32.83825394627713,3.972381576977997,3.9678927493966434,3.975402564572835,7.22924586265763
2023-12-04,sz001212,32.89,32.66,33.05,32.48,9036,22188664.5,1.73,-0.85,-0.28,1.65,3.9559762222483252,0.1193989474076762,33.059999999999995,32.90133333333333,32.93855299500554,3.897285280539742,3.893584504578117,3.91313906248092,33.178000000000004,33.067454545454545,33.02766803826985,3.946714911417397,3.9230324710191367,3.933383403378965,33.019999999999996,33.103380952380945,32.9164283688514,3.9564534807752536,3.9563846900577415,3.950298377852837,32.63733333333333,32.93944086021505,32.80522159983803,3.9560668705580015,3.9528372934125424,3.957535446593451,32.64333333333333,32.58001092896175,32.83240955459591,3.9749372320474223,3.967354868913703,3.9747656353162935,7.346131163532825
2023-12-05,sz001212,32.8,32.32,32.96,32.25,7454,18178374.3,2.17,-1.04,-0.34,1.36,3.8723893884178207,-0.08358683383050458,32.775999999999996,32.654666666666664,32.73236866333703,3.8749027118273256,3.885285873870811,3.8995558377932205,33.053000000000004,32.911454545454546,32.89900112222079,3.930151476254663,3.909518739564669,3.9222935824769385,33.001,33.03671428571428,32.85962566705603,3.9566701321049926,3.9483785860237,3.942878474097121,32.66733333333333,32.91896774193548,32.77391698049364,3.9488175234549434,3.9474387461776916,3.952042152517604,32.610166666666665,32.56940983606557,32.81560924133047,3.9716721017705283,3.963992644532404,3.971409037057327,7.25955504147623
2023-12-06,sz001212,32.33,32.63,32.93,32.16,7384,18121956.3,2.38,0.96,0.31,1.35,3.8682916880178557,-0.004097700399964932,32.67,32.605999999999995,32.69824577555802,3.8814736704705246,3.8830821992676543,3.8891344545347657,33.007,32.83454545454545,32.850091827271555,3.9194926477557557,3.898271505339795,3.9124750562116506,32.997,33.001380952380956,32.83775655590784,3.9615126921738897,3.9399615913487347,3.9357749706610003,32.69933333333333,32.916559139784944,32.764632014010175,3.94483837089133,3.942243530988203,3.9466388967434267,32.58416666666667,32.570060109289614,32.80952369243439,3.9718066601596798,3.9606031227700216,3.968028140367508,7.2582050787952515
2023-12-07,sz001212,32.64,32.22,32.64,32.03,8176,19834723.6,1.87,-1.26,-0.41,1.49,3.9125408827906374,0.044249194772781664,32.553999999999995,32.456,32.53883051703868,3.8891550912630577,3.893437936707691,3.896936597286723,32.885,32.69145454545455,32.73552967685854,3.9220300339453424,3.8970075480734097,3.9124870246805568,32.9875,32.92738095238095,32.77892259820233,3.9609801267923883,3.93529760950271,3.9335622003876325,32.730666666666664,32.88563440860215,32.7294944647192,3.943454752092231,3.9401598220784804,3.944439024875505,32.543,32.55812021857923,32.7901950467808,3.9687378958732675,3.9586599825284137,3.9662088860207256,7.297426152890272
2023-12-08,sz001212,32.45,31.32,32.53,31.31,11020,26298323.0,3.79,-2.79,-0.9,2.01,4.042181594515767,0.12964071172512925,32.23,32.044666666666664,32.13255367802579,3.9302759551980815,3.944446771125261,3.9453515963630714,32.689,32.406909090909096,32.47816064470244,3.914082362147112,3.918853286358942,3.9360678555596857,32.9225,32.76857142857143,32.639977588849725,3.9662936996966516,3.9430310826192225,3.943906904590312,32.71033333333334,32.79462365591397,32.63855933796313,3.942131233928639,3.946529295783224,3.9507449971103608,32.495,32.5180218579235,32.74199193049291,3.9698076256158843,3.96106797264784,3.9686997944959725,7.419928055141193
2023-12-11,sz001212,31.25,31.38,31.59,30.97,7416,17439285.0,1.98,0.19,0.06,1.35,3.8701697211364405,-0.1720118733793261,31.974,31.76133333333333,31.881702452017194,3.913114654975705,3.924411359771381,3.9202909712875282,32.517,32.1689090909091,32.27849507293836,3.905199967757723,3.910869169811547,3.9240863765736407,32.8515,32.62166666666667,32.51997972324499,3.960059943275803,3.933876417994441,3.936884315689943,32.691,32.70879569892473,32.55736196132035,3.937252493267944,3.9418866175385667,3.9455465922088178,32.45783333333333,32.48146448087432,32.69733645736199,3.9698134841685033,3.95780115610753,3.9654693002874635,7.241528675153885
2023-12-12,sz001212,31.42,31.33,31.59,30.62,9083,21235293.0,3.09,-0.16,-0.05,1.66,3.958229314188382,0.08805959305194166,31.776,31.546666666666667,31.69780163467813,3.9302826401298168,3.93944957950894,3.932937085587813,32.275999999999996,31.95309090909091,32.10604142331321,3.902592675978571,3.920510869162576,3.930294183412684,32.7895,32.47676190476191,32.40664832103118,3.9599835753356727,3.9337020723670673,3.9389171726897945,32.672,32.620989247311826,32.478177318654524,3.939170311259144,3.9432399608237554,3.9463648323365317,32.424166666666665,32.44448633879781,32.65250575384193,3.9690912951942665,3.9574213472557234,3.9652319236940508,7.327058257669779
2023-12-13,sz001212,31.15,30.99,31.32,30.93,7987,18634354.0,1.24,-1.09,-0.34,1.46,3.9023836844324715,-0.055845629755910675,31.448,31.284666666666666,31.461867756452087,3.9371010394127395,3.930149927609825,3.922752618536033,32.059000000000005,31.719272727272728,31.90312480089262,3.9092873549416325,3.9204728706996486,3.9252195472344633,32.6835,32.30538095238095,32.27172943331392,3.9501982750390985,3.9282163684715243,3.9354377928557636,32.63366666666666,32.512473118279566,32.38216587874133,3.941412447726074,3.9408666300607447,3.9435273389233667,32.389500000000005,32.39746448087432,32.59799736847006,3.9686594663976047,3.9552342124766473,3.963171325685474,7.270314341597599
2023-12-14,sz001212,31.01,31.14,31.44,31.01,6069,14230463.0,1.39,0.48,0.15,1.11,3.7831171374904673,-0.11926654694200423,31.232,31.182,31.354578504301394,3.911216290352706,3.878821960302401,3.876207458187511,31.893,31.552181818181815,31.76437483709396,3.9001856908078816,3.8975328311630726,3.8993827454628276,32.601,32.15838095238095,32.16394567776022,3.940256409690124,3.912303879181178,3.920931063773354,32.61266666666666,32.41610752688172,32.30202614462899,3.9398814744139843,3.930654029400383,3.9331782936696316,32.360499999999995,32.356497267759565,32.550194176061204,3.966079436978316,3.9491508574305123,3.9572679096790804,7.15321903044788
2023-12-15,sz001212,31.1,31.28,31.55,31.1,6520,15356273.03,1.45,0.45,0.14,1.19,3.81424759573192,0.031130458241452885,31.224,31.198,31.3297190028676,3.8656294905959365,3.8464990620954724,3.855554170702314,31.726999999999997,31.440727272727273,31.676306684895057,3.897952722897009,3.8819077229674437,3.883903627329935,32.503,32.03257142857142,32.079760375116386,3.9267972420686936,3.9003030397565883,3.9107707334836936,32.587666666666664,32.33012903225806,32.236088974007764,3.938263490997203,3.9225486178725077,3.9255053454155857,32.34083333333333,32.32107103825137,32.50854846537067,3.9644456433988675,3.9441727642748923,3.952578719057862,7.18628582514166
2023-12-18,sz001212,31.15,30.76,31.2,30.67,8628,20011418.0,1.69,-1.66,-0.52,1.57,3.9359101364305076,0.1216625406985874,31.1,31.043333333333337,31.1398126685784,3.8787775736547503,3.8699259440403297,3.8823394926117123,31.537,31.264909090909086,31.50970546945959,3.895946114315227,3.8888090708826257,3.893359356257312,32.3575,31.86657142857143,31.954068910819586,3.9213305128663114,3.901170934457713,3.913164962335771,32.525666666666666,32.21221505376344,32.14085742729759,3.9362843586219114,3.9223967885456252,3.9261766222552583,32.3075,32.269240437158466,32.45121900748967,3.964365551390932,3.9432371738824874,3.952032208152047,7.301277863636518
2023-12-19,sz001212,30.89,30.84,30.94,30.6,6494,15001266.3,1.11,0.26,0.08,1.18,3.8125122842899826,-0.12339785214052501,31.002,30.956666666666667,31.0398751123856,3.8496341676750703,3.8478375142520735,3.8590637565044696,31.389,31.138181818181817,31.387940838648753,3.889958403902443,3.873639283605308,3.878659888626888,32.221,31.72204761904762,31.84796710978915,3.9100549400785534,3.8908072936409193,3.903578992998077,32.46366666666667,32.1034623655914,32.05693114166549,3.9344328893708096,3.914411493427436,3.9188434391607245,32.269666666666666,32.22112568306011,32.398392154785085,3.9622729363587084,3.938258378239833,3.9474577844188645,7.17612792064838
2023-12-20,sz001212,31.05,30.71,31.27,30.66,7414,17224646.5,1.98,-0.42,-0.13,1.35,3.8700525816935447,0.057540297403562146,30.945999999999998,30.859333333333336,30.929916741590404,3.8431679471272853,3.8546436522582326,3.8627266982341615,31.196999999999996,31.01472727272727,31.26467886798534,3.8901344932700126,3.87002004320369,3.877094923729916,32.102000000000004,31.578142857142858,31.73958928980923,3.9048135705128835,3.8869975452232994,3.9003860014452645,32.397,31.990322580645163,31.97003235833223,3.93771995920593,3.9102579251901926,3.9156956419047777,32.23433333333334,32.16998907103825,32.34303503495607,3.962899728700699,3.9352347600540902,3.944919908919674,7.236150317681276
2023-12-21,sz001212,30.55,31.12,31.38,30.19,11047,25552471.4,3.87,1.34,0.41,2.02,4.0432443540084835,0.17319177231493876,30.942,30.917333333333332,30.993277827726935,3.895193390430888,3.9213357878852984,3.9228992501589355,31.087,31.000727272727275,31.238373619260727,3.9032048403917967,3.897858199701595,3.907303911053292,31.986,31.484619047619045,31.680580786017874,3.9126174371685694,3.9001814293657375,3.9139915588322376,32.354,31.907935483870972,31.915191561020475,3.9417216979921914,3.9170659506613252,3.923924591072759,32.203,32.13345355191257,32.30293552561324,3.964987503224292,3.9378690100641816,3.9481436612176672,7.407432910869013
2023-12-22,sz001212,31.01,30.63,31.24,30.47,9434,21798506.6,2.47,-1.57,-0.49,1.72,3.974695871909683,-0.06854848209880027,30.812,30.813333333333336,30.872185218484624,3.927283045666441,3.947836615044897,3.940164790742518,31.017999999999994,30.91763636363636,31.127760233940595,3.896456268131189,3.910856569068482,3.919556994845363,31.853500000000004,31.35547619047619,31.58052547306379,3.9052693151391495,3.9060936612458437,3.919772921982471,32.28766666666667,31.796709677419354,31.83227597643851,3.9430145558414966,3.919193316720519,3.9272001575783673,32.17333333333333,32.08187978142076,32.24808518051117,3.966676122149301,3.938187317234194,3.9490142255026512,7.338426741421326
2023-12-25,sz001212,30.66,30.46,30.89,30.34,10042,23015763.7,1.8,-0.56,-0.17,1.83,4.001820217038328,0.027124345128644922,30.752,30.696,30.73479014565642,3.940465061788005,3.9726823388355266,3.960716599507788,30.926,30.816181818181814,31.006349282315032,3.9096213177213777,3.9300136506879633,3.934513944334993,31.7215,31.222761904761903,31.473808761343427,3.90741064273955,3.915288985236242,3.9275869500830285,32.209666666666664,31.678795698924734,31.743742042474736,3.9432470680909946,3.922987230346121,3.932014354962881,32.12333333333333,32.02570491803279,32.18945943688785,3.965073363600193,3.939339582640392,3.9507455694874274,7.362025390057414
2023-12-26,sz001212,30.5,30.02,30.6,29.89,7751,17526703.7,2.33,-1.44,-0.44,1.41,3.8893577368889316,-0.11246248014939653,30.588,30.451999999999998,30.496526763770945,3.955834152307795,3.955646563869169,3.9369303119681693,30.794999999999998,30.65145454545454,30.82701304916684,3.9027341599914323,3.926329363263882,3.9263037247993453,31.535500000000003,31.060714285714287,31.335350784072624,3.9026634179850013,3.9135696608695163,3.9239460726359714,32.12466666666667,31.53752688172043,31.63253287844411,3.940900436887593,3.919510499300826,3.929262315087142,32.06016666666667,31.95674316939891,32.11832961928497,3.9611885716103097,3.936857103076088,3.9487328536645254,7.243700244701232
2023-12-27,sz001212,30.11,29.91,30.4,29.71,6423,14401370.0,2.3,-0.37,-0.11,1.17,3.8077379220141006,-0.08161981487483105,30.427999999999997,30.226,30.301017842513964,3.943371220371906,3.9062811537712707,3.89386618198348,30.687,30.490545454545455,30.660283403863776,3.8932695837495954,3.9090573199952767,3.904746306111119,31.373,30.90590476190476,31.19960309035142,3.901278469345614,3.904529137443715,3.9128786297196028,32.018,31.39464516129032,31.521401724996103,3.9312220446092643,3.910919369308987,3.921422031663075,32.01266666666667,31.88624590163934,32.04592536947234,3.9553032281325446,3.9318259342368687,3.9441100690202493,7.158403808424345
2023-12-28,sz001212,29.86,31.46,31.67,29.72,12294,28639035.0,6.52,5.18,1.55,2.24,4.089693208784839,0.2819552867707382,30.496000000000002,30.57,30.687345228342643,3.952660991327177,3.9550551499089153,3.959141857583933,30.719,30.63109090909091,30.80568642134309,3.923927190879032,3.9447707063653206,3.9383730156881587,31.305999999999994,30.914190476190473,31.22440279603224,3.9120564408434566,3.9224733983426896,3.9297181134401016,31.973666666666666,31.35864516129032,31.517440323383454,3.934813336753093,3.921143315384831,3.932278236638673,31.983666666666668,31.86812568306011,32.02671470162079,3.9551396483834926,3.9362321631107138,3.948883286717449,7.456958380212783
2023-12-29,sz001212,31.47,31.62,31.72,31.2,9284,21999065.9,1.65,0.51,0.16,1.69,3.96773513178388,-0.12195807700095873,30.694,30.94466666666667,30.99823015222843,3.9512688433020164,3.9600798633944834,3.962006282317249,30.753000000000004,30.79490909090909,30.953743435644345,3.9392759444842285,3.9527357865298383,3.9437115822510167,31.24,30.944095238095233,31.262078720219645,3.9186143336906185,3.9277761308132053,3.9333387818537946,31.919666666666668,31.335827956989252,31.524057076713554,3.9309568095405387,3.923267302161011,3.9345657782609442,31.954166666666662,31.85620218579235,32.01337979337092,3.9556374206371596,3.9366451297795795,3.949501379998315,7.342404240681839
2024-01-02,sz001212,31.49,32.05,32.16,31.49,9052,21687208.45,2.12,1.36,0.43,1.65,3.956744545282691,-0.010990586501189004,31.012,31.396666666666665,31.34882010148562,3.9422537089508887,3.9619050973880414,3.9602523699723964,30.881999999999998,31.030727272727272,31.153062810981737,3.9413593853694464,3.9559118957659223,3.946081211893139,31.209500000000002,31.021238095238097,31.337118842103486,3.9186527498423365,3.931407579536261,3.935567902180356,31.865666666666662,31.34423655913978,31.557988878215905,3.92800680370069,3.9249310270476023,3.935996666455896,31.9465,31.859344262295085,32.01458045588335,3.9515494148068044,3.9366814289482845,3.949738860827311,7.336203653776112
2024-01-03,sz001212,31.92,31.86,32.37,31.67,7764,18618344.21,2.18,-0.59,-0.19,1.42,3.8900855267163252,-0.0666590185663658,31.380000000000003,31.679333333333332,31.519213400990417,3.942399266916367,3.944515703309854,3.936863422220373,30.984,31.208545454545458,31.28159684534869,3.949116709612081,3.9465893760108095,3.9359001782246272,31.186500000000002,31.083190476190474,31.38691704761744,3.9195375567572626,3.9286868916194977,3.931236247374258,31.808666666666667,31.343870967741935,31.577473466718107,3.923075529923062,3.92248449304861,3.93303465744044,31.947333333333333,31.856508196721304,32.00951224421504,3.947519052872503,3.934666219502696,3.9477830138072787,7.2699410551396735
2024-01-04,sz001212,31.86,32.15,32.27,31.8,7341,17672757.9,1.48,0.91,0.29,1.34,3.8657552240714517,-0.02433030264487357,31.828000000000003,31.935999999999996,31.72947560066028,3.9540027273278375,3.9189676890282157,3.9131606895040663,31.128000000000004,31.42054545454545,31.439488328012565,3.9486869738498713,3.93143274227615,3.923146550196777,31.1625,31.17495238095238,31.45959161451102,3.9194107335599417,3.9235647646970397,3.9249999594406577,31.77733333333333,31.365892473118283,31.614410662413714,3.91943803829188,3.918786408800119,3.9286940488359896,31.9575,31.863153005464476,32.014118400142415,3.9441353172235343,3.9319854382305306,3.945093578078235,7.247304328074439
2024-01-05,sz001212,32.15,31.85,32.55,31.75,8636,20869618.0,2.49,-0.93,-0.3,1.58,3.936312633662193,0.0705574095907413,31.906,31.94333333333333,31.769650400440188,3.9233266123033084,3.9130709911396675,3.920878004223442,31.201,31.55181818181818,31.51412681382846,3.937993801815243,3.929182862242026,3.925540383554125,31.144,31.24042857142857,31.496773365509974,3.920599321103519,3.925174469468682,3.926077356985566,31.724333333333334,31.370580645161297,31.629609974516057,3.9210762253841267,3.9198750923723975,3.92918557043768,31.950333333333333,31.859628415300545,32.008737468990205,3.941710874005112,3.931728956802289,3.9448056782613157,7.319514499759732
2024-01-08,sz001212,31.6,31.54,31.98,31.49,8546,20332623.5,1.54,-0.97,-0.31,1.56,3.9317628884811775,-0.004549745181015474,31.889999999999997,31.82133333333333,31.693100266960126,3.916132163642768,3.9158830831989566,3.924506298976021,31.292,31.61345454545454,31.518831029496013,3.9337005034723918,3.92804996890856,3.9266717480863162,31.155,31.278142857142857,31.500890187842355,3.9150783858017904,3.926237666361793,3.926618836175624,31.666333333333334,31.35868817204301,31.623828685837605,3.9147463779168974,3.920564554507691,3.929351849021132,31.9545,31.846174863387976,31.993369027383967,3.9393370133064347,3.9314027933424884,3.9443780458095077,7.308193418877295
2024-01-09,sz001212,31.44,31.54,32.18,31.16,10997,26102248.51,3.23,0.0,0.0,2.01,4.04127422505423,0.10951133657305245,31.788,31.704666666666665,31.642066844640084,3.9330380995970757,3.9575971036694444,3.963428941002091,31.4,31.658545454545457,31.52267993322401,3.9376459042739818,3.947608827377985,3.9475085620804817,31.163,31.31480952380953,31.50461493185737,3.9236336109976797,3.9382563177191683,3.9375383970212052,31.614333333333335,31.350537634408603,31.618420383525503,3.9174890632510273,3.928727641419777,3.936572647474881,31.959,31.83258469945356,31.97850446910908,3.94121490605993,3.9347449970063506,3.9475549697191705,7.4166779201131705
2024-01-10,sz001212,31.36,31.33,32.05,31.28,8048,19122101.2,2.44,-0.67,-0.21,1.47,3.9056879677118523,-0.13558625734237761,31.682,31.552,31.53804456309339,3.9361585877961813,3.948480393041037,3.944181949905345,31.531,31.645818181818186,31.487647218092366,3.9392789273562743,3.941798293457598,3.9399048176498215,31.163,31.33071428571429,31.487984938347143,3.9210065436738533,3.9365472088348037,3.934505022801267,31.534,31.3321935483871,31.59981261684644,3.9148685877754255,3.927966280417249,3.9345800874901697,31.953333333333333,31.81196174863388,31.957242027498943,3.9408125808346157,3.933580179355594,3.946182281128767,7.281535612282503
2024-01-11,sz001212,31.37,31.6,31.73,31.2,7330,17346168.0,1.69,0.86,0.27,1.34,3.8651039746411278,-0.04058399307072458,31.571999999999996,31.52466666666667,31.5586963753956,3.936028337910116,3.9247955219893527,3.9178226248172727,31.7,31.65836363636364,31.508074996621026,3.9450155326189766,3.92831193841848,3.9263046643755133,31.1935,31.372333333333337,31.49865303945694,3.9191425581842863,3.931223154641211,3.927895399166968,31.481999999999996,31.33645161290323,31.599824706082156,3.9158574904367347,3.924755660215037,3.9300977576289413,31.9565,31.80037704918033,31.945529174138322,3.9410617150382663,3.9310979299722004,3.943523975998024,7.239203548275888
2024-01-12,sz001212,31.9,34.7,34.7,31.73,32500,82201689.39,9.4,9.81,3.1,5.93,4.511883360978874,0.6467793863377467,32.142,32.56733333333333,32.60579758359707,4.051142483373452,4.116747196345605,4.115842870204474,32.024,32.203818181818185,32.088424997235386,3.987234547838381,4.031378816302097,4.032773518303396,31.371499999999997,31.70628571428571,31.803543226175325,3.9555808693587067,3.9876746596692665,3.983513300291911,31.545333333333335,31.544064516129033,31.79983601536718,3.9371158098417647,3.9632089421854975,3.967632312683776,32.02233333333333,31.890327868852456,32.035839693019035,3.9498840613495316,3.9498133937735314,3.9621587099318223,7.914880743150944
2024-01-15,sz001212,35.76,34.49,37.13,34.35,77005,206168031.78,8.01,-0.61,-0.21,14.05,4.88651892519729,0.3746355642184156,32.732000000000006,33.35,33.23386505573138,4.242093690716675,4.395206010286884,4.372734888535413,32.311,32.65218181818182,32.52507499773804,4.079112927179721,4.194885066730992,4.187999955920468,31.532,32.00328571428572,32.05939625225387,4.009194435831975,4.076335426891988,4.069513835997185,31.596999999999998,31.734043010752686,31.97339498211769,3.972113864853653,4.024460756079403,4.026915319942712,32.07666666666667,31.9712349726776,32.11630396537907,3.9642205611241144,3.98052273357182,3.992465602235608,8.314221324876318
2024-01-16,sz001212,34.79,37.3,37.87,33.88,95605,261638966.77,11.57,8.15,2.81,17.44,4.980480605828674,0.09396168063138433,33.884,34.87266666666667,34.58924337048759,4.4299349668715635,4.641334981990884,4.575316794299834,32.836,33.55927272727273,33.393243179967484,4.181486533234319,4.358770099212618,4.332087346812869,31.859,32.55261904761905,32.558501371086834,4.061422959301884,4.16883887165358,4.156272575981136,31.751666666666665,32.10197849462365,32.31704691875526,4.0062640109729974,4.089516674851985,4.088435660967613,32.1945,32.14249180327869,32.286261212415816,3.9811654407654995,4.013842735037542,4.024859536779643,8.417702425404991
2024-01-17,sz001212,36.62,34.27,36.62,34.27,64336,171255734.05,6.3,-8.12,-3.03,11.74,4.808454055758836,-0.17202655006983836,34.472,35.001333333333335,34.482828913658395,4.610488184480961,4.7675080116199755,4.6530292147861685,33.077,33.82,33.552653510882486,4.27332338613857,4.472764194217076,4.418699475712135,32.0305,32.7822380952381,32.72150124050714,4.111220047875326,4.239984690363766,4.218385097864727,31.816666666666666,32.26445161290322,32.443043891738796,4.037466166551032,4.14127087128978,4.134888460631563,32.242,32.210540983606556,32.351301828402185,3.993141845002988,4.04096695192257,4.0505511603527316,8.233645121621885
2024-01-18,sz001212,34.54,37.62,37.62,34.54,52399,144692886.53,8.99,9.78,3.35,9.56,4.719322998842009,-0.08913105691682688,35.676,36.050666666666665,35.5285526091056,4.781331989321137,4.803786283073658,4.675127142804782,33.624,34.646,34.29217105435839,4.3586801636156265,4.553855032890429,4.4733582980993845,32.376,33.31457142857142,33.18802493188741,4.15368356873275,4.297899257122498,4.266093469386373,31.983,32.63886021505377,32.777041060013715,4.065833876911837,4.185261634663393,4.1725939147096565,32.341166666666666,32.38686885245901,32.52404603074965,4.005336123901583,4.064776170081226,4.07247810587697,8.160447180623482
2024-01-19,sz001212,40.46,36.8,40.46,36.02,111312,321706578.12,11.8,-2.18,-0.82,20.31,5.046541986013574,0.32721898717156517,36.096,36.425333333333334,35.952368406070406,4.888263714328078,4.892189615304471,4.798932090541046,34.11899999999999,35.223454545454544,34.74813995356595,4.469703098850765,4.6789208187809646,4.577573514083783,32.66,33.735904761904756,33.532022557421946,4.203848450333004,4.382933392101624,4.340421899541345,32.135666666666665,32.94963440860215,33.036586798077344,4.103633913685934,4.248533125573181,4.228977661245393,32.433166666666665,32.533060109289615,32.66424124285622,4.023544332889083,4.098914067199653,4.104414626537186,8.507459941262583
2024-01-22,sz001212,35.86,34.26,36.34,33.97,69446,183457179.3,6.44,-6.9,-2.54,12.67,4.841647235992191,-0.20489475002138313,36.05,35.813333333333325,35.388245604046936,4.879289376487057,4.876650789192508,4.813170472358095,34.391000000000005,35.24909090909091,34.659387234735775,4.560691533601866,4.7465470255339515,4.625586918067129,32.841499999999996,33.88828571428571,33.60135374242938,4.24719601853713,4.443676133592974,4.388157645869996,32.233666666666664,33.08668817204301,33.115516682072354,4.130282768401815,4.296146888302617,4.268504730583897,32.472,32.592956284153004,32.71656120210684,4.036207001165227,4.125737113203034,4.128586187502924,8.263534711836668
2024-01-23,sz001212,33.49,34.57,36.18,31.94,63267,164389526.22,12.38,0.9,0.31,11.54,4.801177241534614,-0.040469994457577485,35.504,35.32,35.11549706936462,4.843428703628246,4.850613410875027,4.809172728750268,34.694,35.281636363636366,34.64313501023836,4.636681835249904,4.790271699703541,4.657512431424854,33.047000000000004,34.052904761904756,33.69360576695992,4.287163869761943,4.496436250068926,4.4274928454571025,32.339999999999996,33.23741935483871,33.20935431548705,4.161316352415088,4.339430402698282,4.30287069903233,32.515499999999996,32.6617431693989,32.77732968728366,4.049284422841516,4.150818104690554,4.150638353208881,8.215874143801587
2024-01-24,sz001212,35.22,35.39,36.52,33.81,46769,123159630.09,7.84,2.37,0.82,8.53,4.669958084060207,-0.1312191574744066,35.727999999999994,35.282000000000004,35.206998046243086,4.815729509288519,4.792789871019014,4.762767847186915,35.1,35.40818181818182,34.778928644740475,4.71310884688474,4.79632192675996,4.659775277358554,33.3155,34.27604761904762,33.85516712248755,4.326193887120507,4.532892841906856,4.450584772943112,32.47533333333333,33.43419354838711,33.35004113384272,4.185040644744149,4.37224599828829,4.326553756130903,32.57366666666667,32.75598907103825,32.86299100901206,4.062105478001646,4.171168060796085,4.167665229630235,8.090468375829463
2024-01-25,sz001212,35.22,35.13,35.82,34.2,36652,96485384.98,4.58,-0.73,-0.26,6.69,4.564097677892975,-0.10586040616723214,35.23,35.08266666666667,35.18133203082873,4.784684445098712,4.708912593887167,4.696544457422268,35.452999999999996,35.413636363636364,34.842759800242206,4.783008217209924,4.7692289869432765,4.642379350182994,33.576499999999996,34.44885714285714,33.97657977748874,4.364011874914451,4.555550345789948,4.4613955257954805,32.61333333333334,33.60546236559139,33.46487718972384,4.207097777859499,4.396701290749504,4.341879170438134,32.6235,32.83980327868852,32.93731917265101,4.074255112792787,4.1876268214482595,4.180663014819177,7.984461534035669
2024-01-26,sz001212,34.85,38.57,38.57,34.54,65194,182021518.2,11.47,9.79,3.44,11.89,4.814207628143024,0.25010995025004945,35.584,36.196000000000005,36.31088802055248,4.738217573524603,4.718753654901937,4.735765514329187,35.839999999999996,35.98036363636364,35.520439836561806,4.813240643926339,4.77490160711293,4.673620855266636,33.932,34.92442857142857,34.41404837010886,4.40023759588236,4.598426131811717,4.494996678400009,32.861000000000004,33.989763440860216,33.79423995167714,4.241467460881251,4.43586966818715,4.372351974161031,32.73683333333334,33.03477049180327,33.12199723256409,4.090674467647617,4.211887559656463,4.201434969354385,8.260122732397777
2024-01-29,sz001212,39.21,38.26,42.36,37.51,113150,336826747.16,12.57,-0.8,-0.31,20.64,5.053654558290748,0.23944693014772334,36.384,37.087999999999994,36.96059201370166,4.780619037984314,4.823899316490652,4.841728528983041,36.217,36.42036363636363,36.018541684459656,4.829954207235685,4.818613227906459,4.742717892180111,34.264,35.336619047619045,34.78032947771754,4.454533567207703,4.660656318707753,4.548202190770555,33.093666666666664,34.338086021505376,34.08235350318184,4.282781026299878,4.488268835761957,4.416306979588755,32.84066666666667,33.21585792349727,33.29045633969314,4.11052225864854,4.243460677382468,4.229376595221151,8.527406571196876
2024-01-30,sz001212,37.91,39.18,40.38,36.95,71079,209185538.34,8.96,2.4,0.92,12.97,4.851741309151034,-0.20191324913971354,37.306000000000004,38.019999999999996,37.70039467580111,4.790731851507598,4.8476067402128935,4.845066122372373,36.405,36.95909090909091,36.59335228728517,4.817080277567921,4.822574519163795,4.76254033162937,34.6205,35.804809523809524,35.19934571793491,4.499283405401121,4.698485627464261,4.577110678235362,33.37433333333333,34.730752688172046,34.411233922331405,4.313308732057229,4.524975950784612,4.444399516979869,32.95,33.42370491803279,33.48355613183434,4.12479654533957,4.26776294133337,4.249781995677868,8.320531657077494
2024-01-31,sz001212,37.97,37.14,39.12,35.95,61561,174630292.34,8.09,-5.21,-2.04,11.23,4.789305665918286,-0.06243564323274775,37.656,37.964666666666666,37.513596450534074,4.814601367879214,4.8471313450164555,4.826479303554344,36.69199999999999,37.092727272727274,36.692742780506045,4.8151654385838665,4.817524589772953,4.767406756045537,34.884499999999996,36.044761904761906,35.38416993527444,4.544244412361219,4.726106795132563,4.597319724681355,33.58433333333333,34.97369892473118,34.58728334669713,4.345868511444839,4.555685430388553,4.4666515265888,33.024,33.56108196721312,33.60343953734797,4.140150700407824,4.289550125614639,4.267471296341488,8.242119581036224
2024-02-01,sz001212,35.67,36.49,37.77,33.5,40220,109049294.44,11.5,-1.75,-0.65,7.34,4.604442066260723,-0.1848635996575636,37.928000000000004,37.576,37.172397633689386,4.822670245552763,4.777078244476958,4.752466891123137,36.57899999999999,37.056000000000004,36.65588045677767,4.803677345325737,4.7792112493505625,4.737776812448297,35.1015,36.19766666666667,35.489487084295924,4.581178754470682,4.731839905027753,4.597998042927008,33.777,35.16116129032258,34.71003925981344,4.370348160930413,4.5723675952153835,4.4755412388256985,33.087,33.674721311475416,33.698080863992296,4.154034060068171,4.30477279334752,4.278519518306053,8.037622859994444
2024-02-02,sz001212,36.75,38.42,39.08,36.56,63394,182800568.54,6.91,5.29,1.93,11.56,4.80204815551264,0.19760608925191736,37.897999999999996,37.74,37.58826508912626,4.820238351026687,4.770204214463584,4.768993979252972,36.741,37.390727272727275,36.976629464636275,4.779227962275645,4.778915033020909,4.749462511187269,35.43,36.51371428571429,35.76858355245822,4.624465530563205,4.752875086079369,4.6174313869827825,34.02033333333333,35.460709677419345,34.94939156563193,4.395641620980551,4.600219207769074,4.4966062011925985,33.18716666666667,33.8495737704918,33.85289788484501,4.168681659486371,4.326019157132586,4.2956843916570895,8.261977542127577
2024-02-05,sz001212,37.14,34.65,37.65,34.65,50035,135116392.39,7.81,-9.81,-3.77,9.13,4.699273904120831,-0.10277425139180885,37.176,36.657333333333334,36.60884339275084,4.749362220192703,4.729882732161633,4.745753954208926,36.779999999999994,37.01054545454546,36.55360592561149,4.7649906290885085,4.764377931538215,4.740337309902461,35.5855,36.43942857142857,35.66205178555743,4.662841081345188,4.759999693084857,4.625225912424501,34.154333333333334,35.50133333333334,34.93007598075245,4.419794222054255,4.619808387326511,4.509681536865388,33.221,33.89753551912568,33.87903238042386,4.181404388947876,4.34341562416978,4.308916834688688,8.130708041047617
2024-02-06,sz001212,31.38,32.31,33.4,31.25,54801,130899576.26,6.2,-6.75,-2.34,10.0,4.738788483493847,0.039514579373015835,35.802,35.035333333333334,35.17589559516723,4.726771655061266,4.726358153262015,4.743432130637233,36.553999999999995,36.19781818181818,35.78204121186395,4.7587517532844315,4.759613905066458,4.740055705100895,35.624,36.127476190476195,35.342808758361485,4.697716794267167,4.767232779003777,4.636041395383486,34.216,35.382344086021504,34.76103882070391,4.444359830936106,4.6403886622581,4.524462630196257,33.212833333333336,33.867666666666665,33.8275886958198,4.19380344951355,4.36169051251555,4.323010987108529,8.116938240681836
2024-02-07,sz001212,31.68,29.81,33.1,29.33,40065,94180387.11,11.67,-7.74,-2.5,7.31,4.602765147077054,-0.13602333641679287,34.336,33.038,33.38726373011149,4.689463551293019,4.685022650600611,4.696543136117174,35.995999999999995,34.971636363636364,34.696215536979594,4.7520324595861165,4.7312527039378445,4.715093785460196,35.548,35.57376190476191,34.81587459089849,4.732570653235428,4.758189764985671,4.632872228878111,34.208999999999996,35.09808602150538,34.44161696130366,4.468140077942377,4.650608360073645,4.5295144054788885,33.16683333333334,33.75609836065574,33.69586447628472,4.204520257414985,4.375099092763533,4.332183254648481,7.973960471192617
2024-02-08,sz001212,29.72,32.37,32.71,29.65,35503,84044428.69,10.27,8.59,2.56,6.48,4.55026505244657,-0.052500094630484107,33.512,32.382666666666665,33.048175820074334,4.678628148530189,4.6386231509851275,4.6477837748936395,35.72,34.312363636363635,34.27326725752876,4.750649197041476,4.694567720821564,4.685124924912263,35.5865,35.271095238095235,34.58293415367006,4.7668287071257005,4.740827326815304,4.625004878741773,34.291000000000004,34.97944086021506,34.30796425412278,4.492890982290126,4.655906745525527,4.530853156896158,33.1545,33.72997267759563,33.652393509849155,4.212056513449695,4.386434987682603,4.339333477527107,7.92450892932355
2024-02-19,sz001212,32.19,33.24,34.11,31.71,35161,87083817.94,7.41,2.69,0.87,6.41,4.546061218173806,-0.004203834272764162,32.476,32.292,33.112117213382895,4.627430761062422,4.594434174199667,4.613876255987028,35.187,33.86145454545455,34.08540048343262,4.7238345560445545,4.657369906481987,4.65984061459618,35.51350000000001,35.04761904761905,34.45503566284434,4.7685375999854465,4.719801851677028,4.617486434878158,34.35033333333333,34.91163440860215,34.239063334501964,4.508103249269758,4.659337083324474,4.531834322139877,33.162,33.73277595628416,33.63887241116557,4.221458293011426,4.397385961607983,4.346111436236834,7.9399374611812545
2024-02-20,sz001212,33.36,32.96,33.92,32.41,24490,60830138.02,4.54,-0.84,-0.28,4.47,4.388988785124714,-0.15707243304909202,32.138,32.45333333333333,33.0614114755886,4.565373737263199,4.514953515553764,4.538913765699591,34.657000000000004,33.456545454545456,33.8807822137176,4.657367978727951,4.596488857223834,4.61059482741955,35.437,34.80442857142857,34.31265131400202,4.743661092981819,4.683654345499814,4.595724753949259,34.394999999999996,34.821935483870966,34.156543119372806,4.522145037714452,4.651652279186084,4.522618481042125,33.157333333333334,33.72615300546448,33.61661429932408,4.226550923627496,4.402878764628091,4.3475172509544695,7.784118801852639
2024-02-21,sz001212,32.77,35.4,35.78,32.5,37599,97226934.62,9.95,7.4,2.44,6.86,4.575176294388906,0.18618750926419203,32.756,33.54066666666667,33.84094098372574,4.53265129944221,4.518221034595666,4.551001275262696,34.279,33.59163636363636,34.15700362940531,4.629711477251738,4.581544914616736,4.604155094141251,35.342,34.80090476190476,34.41620833171611,4.723395877409829,4.667608174205252,4.593767757800654,34.50666666666667,34.88677419354839,34.2367661439294,4.542759429351326,4.655073650584436,4.526009307709659,33.186166666666665,33.79968306010929,33.67508596164132,4.235383116526008,4.414309104653055,4.354981481886746,7.987786593490173
2024-02-22,sz001212,34.82,36.7,37.05,34.75,38427,103687460.56,6.5,3.67,1.3,7.01,4.584636480371127,0.009460185982220537,34.134,34.85533333333333,34.79396065581716,4.529025566101025,4.535549428238639,4.562213010298839,34.235,34.03181818181818,34.61936660587707,4.609244558697022,4.573349460638442,4.600606255273956,35.463499999999996,34.930238095238096,34.6337123001241,4.712204998640444,4.654392993534899,4.592898112331175,34.668,35.02827956989247,34.39568445722428,4.565911127806486,4.6577753958115204,4.5297917059458825,33.23833333333333,33.914890710382515,33.77426347109571,4.244493328864774,4.42576003461519,4.3625111539682,8.015726238174198
2024-02-23,sz001212,36.36,37.39,37.44,36.13,29249,81353720.18,3.57,1.88,0.69,5.34,4.466111022489792,-0.11852545788133462,35.138000000000005,35.94066666666666,35.659307103878106,4.5121947601096695,4.514577913701561,4.53017901436249,34.325,34.60545454545454,35.12311813208124,4.595411454319929,4.547325181328038,4.576152576585926,35.452,35.11371428571429,34.89621589058847,4.699544399822834,4.630955471996743,4.5808231513939015,34.842666666666666,35.20389247311828,34.58886610514529,4.585922987753764,4.651336679339474,4.525683274755168,33.31,34.05101092896175,33.89281220974831,4.252680513022822,4.433026188504535,4.365907870968908,7.910377417343
2024-02-26,sz001212,37.36,39.03,40.48,37.12,41761,123291045.18,8.99,4.39,1.64,7.62,4.620770889641766,0.15465986715197388,36.29600000000001,37.23800000000001,36.78287140258541,4.527136694403261,4.550769956878927,4.560376306122249,34.386,35.46090909090909,35.83346028988465,4.5772837277328415,4.5519359877501895,4.584264997141533,35.5635,35.45447619047619,35.289909615294334,4.678255845004243,4.623453232931879,4.584627697893699,35.082,35.47404301075269,34.87539087255527,4.608738262953083,4.653584931074185,4.5318179595865615,33.40316666666667,34.238551912568305,34.061244596313934,4.264907244168605,4.4450947254428606,4.374264035515559,8.090931534258813
2024-02-27,sz001212,39.03,38.85,39.39,38.21,25867,75437003.74,3.02,-0.46,-0.18,4.72,4.412746063080841,-0.20802482656092458,37.474000000000004,38.089333333333336,37.47191426839027,4.5318881499944865,4.512639746438121,4.511166225108447,34.806000000000004,36.27254545454546,36.381922055360164,4.548630943628842,4.522020048722553,4.553079736403225,35.793,35.76747619047619,35.62896584240916,4.656810786358676,4.598166587034411,4.568258018387712,35.32566666666666,35.71713978494624,35.13181726787429,4.624771035439739,4.640940273017912,4.524135901747483,33.496,34.41713661202186,34.21825297020528,4.269758706678318,4.4499418998334255,4.375525741337372,7.877584430457981
2024-02-28,sz001212,38.7,35.91,39.69,35.86,34961,100035621.47,9.86,-7.57,-2.94,6.38,4.543583846395738,0.13083778331489704,37.576,37.568,36.95127617892685,4.525569660395853,4.5165383119052045,4.521972098870878,35.166,36.47327272727273,36.296118045294676,4.529110479919032,4.52110239468017,4.551353210947318,35.86,35.778619047619046,35.655731000274955,4.643931116601732,4.587383068942704,4.565908097245619,35.47133333333333,35.75483870967742,35.18202260543079,4.641514689484456,4.635702389853782,4.525390607853822,33.542833333333334,34.49628415300546,34.273720085936255,4.279501876367742,4.458919773266785,4.3810358431425644,8.000154674531547
2024-02-29,sz001212,35.83,37.45,37.65,35.83,23441,65481740.52,5.07,4.29,1.54,4.28,4.369976134872427,-0.173607711523311,37.726,37.525999999999996,37.1175174526179,4.482637591296114,4.464673803397395,4.471306777538061,35.93,36.88854545454545,36.505914764332005,4.505831578698569,4.49216887739897,4.518375560751883,35.963,35.93004761904763,35.826613762153535,4.628932019142343,4.561292118301817,4.547247910352935,35.675333333333334,35.88249462365591,35.32834372766106,4.6569909617231415,4.6181837734272,4.515363867661474,33.60466666666667,34.62438797814208,34.37786041098752,4.285929774749284,4.461886142398085,4.380673229756658,7.816120214542371
2024-03-01,sz001212,37.94,39.12,39.21,37.26,27403,79471986.04,5.21,4.46,1.67,5.0,4.437798110708168,0.06782197583574057,38.071999999999996,37.99066666666667,37.785011635078604,4.476975008939788,4.449727309868081,4.460137221928097,36.605000000000004,37.468545454545456,36.98120298899891,4.494584884524729,4.47979915594617,4.503725115289389,36.1625,36.230714285714285,36.14026959432939,4.622617040783102,4.543088888927135,4.536824119910577,35.926,36.1047311827957,35.57296671297325,4.67608076625871,4.604042299168169,4.51035962527739,33.704,34.805218579234975,34.53334039751252,4.295969128347722,4.466865432101656,4.382546176673101,7.9002140663632545
2024-03-04,sz001212,39.12,38.79,39.4,37.65,26270,76393900.33,4.47,-0.84,-0.33,4.79,4.4194600727860704,-0.018338037922097428,38.024,38.230000000000004,38.120007756719076,4.43671284556865,4.430555664483508,4.446578172214089,37.160000000000004,37.86581818181818,37.310075172817285,4.481924769985955,4.466140099266414,4.488404198470604,36.1735,36.48095238095239,36.39262487105992,4.602879663015255,4.523740606260749,4.525646591613005,36.062333333333335,36.28950537634408,35.78051724762013,4.672999989985616,4.58748612539574,4.504495138019886,33.80383333333333,34.97197267759563,34.672903007430136,4.305057899913691,4.470914315525864,4.383756468348936,7.883058683722595
2024-03-05,sz001212,39.09,40.87,42.04,39.08,51338,158914258.0,7.63,5.36,2.08,9.37,4.710438945638841,0.29097887285277046,38.428,39.178666666666665,39.03667183781272,4.496251422080249,4.521797697840239,4.534531763355673,37.951,38.54036363636363,37.95733423230505,4.514069786037368,4.507688131203302,4.5287741525011915,36.303999999999995,36.92823809523809,36.819041550006595,4.585718882382659,4.533984347462996,4.543245863424989,36.275,36.59967741935483,36.108870973580125,4.667130657333668,4.589901541889497,4.517781835285625,33.936,35.20365027322404,34.87608651538325,4.31962226109366,4.484205497352918,4.394467369243687,8.2011628644379
2024-03-06,sz001212,40.82,40.76,41.48,39.57,31832,97917394.9,4.67,-0.27,-0.11,5.81,4.502863926138332,-0.20757501950050905,39.398,39.955999999999996,39.611114558541814,4.488107438028768,4.5240018658596,4.523975817616559,38.487,39.05109090909091,38.466909826431404,4.50683854921231,4.50565070213075,4.524063202253399,36.382999999999996,37.35261904761905,37.19437092619645,4.568275013232024,4.526093399249252,4.539399964635784,36.390333333333324,36.88903225806452,36.40894381399431,4.65121010134399,4.579303688263993,4.516819389534186,34.071,35.42738797814207,35.06900171160019,4.328737056158493,4.490213420797006,4.398021354715643,7.990859850516305
2024-03-07,sz001212,40.95,41.02,42.54,40.44,28258,88729324.1,5.15,0.64,0.26,5.15,4.451141420792763,-0.05172250534556877,40.112,40.49666666666667,40.08074303902788,4.504340495212835,4.511679860114265,4.49969768534196,38.919,39.51163636363636,38.93110803980751,4.493489043254474,4.495523951509014,4.510804696533283,36.577000000000005,37.7942380952381,37.558716552272976,4.551366800975748,4.51493781901694,4.5309943890316875,36.61533333333333,37.18772043010752,36.70643130986565,4.639299680178454,4.566396031454237,4.512582101228288,34.216,35.65522404371584,35.26411640958051,4.338382923364743,4.494226678653867,4.399762996226367,7.948067173271919
2024-03-08,sz001212,40.52,40.91,41.55,40.13,20983,64742637.66,3.46,-0.27,-0.11,3.83,4.321867580630788,-0.12927384016197507,40.47,40.76266666666666,40.357162026018585,4.481154389197359,4.4508555552535825,4.44042098377157,39.271,39.873636363636365,39.29090657802433,4.479064699068574,4.464320049213798,4.476452493641919,36.798,38.20690476190476,37.877886404437454,4.537238076694251,4.493080750412658,4.511077550136363,36.725,37.46479569892473,36.97762928987432,4.6260511662380805,4.545916541160837,4.500277938609095,34.354,35.87469945355191,35.44922734697131,4.345942521574958,4.4936851920068515,4.397209048174053,7.811190388885649
2024-03-11,sz001212,40.91,41.68,41.84,40.13,17038,53521128.0,4.18,1.88,0.77,3.11,4.231418613908303,-0.09044896672248459,41.048,41.166000000000004,40.798108017345726,4.443546097421806,4.367610296823898,4.370753527150481,39.536,40.31163636363637,39.72528720020172,4.4401294714952275,4.419293488275567,4.431900879144898,36.961,38.67185714285714,38.2399924611577,4.508706599614035,4.463955087290188,4.484443365733691,36.88766666666667,37.784473118279564,37.2810080453663,4.598880387167904,4.5204563764944,4.482932175725173,34.51166666666666,36.1148961748634,35.65351497493947,4.351257150426919,4.489930309788273,4.391773296230913,7.728525257955081
2024-03-12,sz001212,41.68,40.51,42.3,40.38,26792,83361952.0,4.61,-2.81,-1.17,4.89,4.42800513453181,0.1965865206235069,40.976,40.986666666666665,40.70207201156382,4.3870593352004,4.362429975860565,4.389837396277591,39.702,40.48872727272727,39.8679622547105,4.441655378640324,4.417089063373129,4.4311925619425185,37.254,39.00985714285714,38.456183655333156,4.495143161134584,4.456269233472833,4.4790682960954165,37.096000000000004,38.01817204301076,37.48933010695558,4.585092317119225,4.50943216664691,4.479388495648182,34.664833333333334,36.311562841530055,35.81274399215457,4.35768754276052,4.492446637135974,4.392961225355533,7.920967875496035
2024-03-13,sz001212,40.51,41.35,42.16,40.16,18896,58537013.3,4.94,2.07,0.84,3.45,4.276369880269439,-0.1516352542623709,41.09400000000001,41.11133333333333,40.91804800770922,4.341760526026621,4.32553349088358,4.352014890941541,40.245999999999995,40.78836363636363,40.13742366294495,4.414933982027695,4.3870371545784215,4.403042983456504,37.706,39.39995238095238,38.731785211968095,4.472022230973363,4.435433682914248,4.459763685064371,37.321999999999996,38.29262365591398,37.738405583926195,4.5675987384103856,4.489514590075957,4.466290520462457,34.830999999999996,36.53074863387978,35.99429336946098,4.364457545412737,4.489780484267414,4.38913855830353,7.7674305599081706
2024-03-14,sz001212,41.0,42.29,43.12,41.0,25351,81057517.3,5.13,2.27,0.94,4.62,4.403995095263681,0.12762521499424118,41.348,41.510000000000005,41.37536533847281,4.332331260920805,4.346278347295933,4.369341625715587,40.730000000000004,41.16,40.528801178773136,4.41833587806682,4.385048266075874,4.403216094694172,38.33,39.836523809523804,39.070662810828274,4.4620837283826935,4.428954908084754,4.4544523907976386,37.552,38.613139784946235,38.03205683657612,4.558733305450502,4.478959516324556,4.462271460772214,35.01366666666666,36.77530601092896,36.20070998029833,4.3718869750973255,4.491076797377281,4.389625657875993,7.908793297661011
2024-03-15,sz001212,42.43,45.12,45.45,42.0,38035,126459891.1,8.16,6.69,2.83,6.94,4.580183420591038,0.17618832532735773,42.19,42.76733333333333,42.623576892315214,4.383994428912855,4.428895733852678,4.439622224007405,41.33,41.958181818181814,41.36356460081438,4.432574409055107,4.4144750919893685,4.435391972129965,38.967499999999994,40.48319047619048,39.646790162177965,4.463579646789918,4.440202497818882,4.466426774587486,37.885,39.10139784946236,38.48934349228089,4.55926949687377,4.48034339472072,4.469878683986332,35.249166666666675,37.10666120218579,36.493145718649195,4.383183637366634,4.497906189032813,4.395873453374847,8.10195280348788
2024-03-18,sz001212,45.58,44.05,45.71,43.76,29116,97593732.36,4.32,-2.37,-1.07,5.31,4.464131710707957,-0.11605170988308178,42.664,43.38733333333333,43.09905126154348,4.430537048272785,4.455608161117711,4.447792052907589,41.855999999999995,42.452727272727266,41.8520074006663,4.437041572847296,4.420212783198978,4.440617379144145,39.507999999999996,40.96723809523809,40.066143480065776,4.459483171416625,4.4402550753348855,4.46620819707515,38.06766666666667,39.499139784946244,38.84809552503696,4.547600299625935,4.474205473032602,4.46950791151676,35.46433333333333,37.39521311475409,36.74091143279185,4.394533880253592,4.500560224224332,4.398111429025112,7.989421927411871
2024-03-19,sz001212,43.63,45.24,45.68,43.56,24866,84372206.94,4.81,2.7,1.19,4.54,4.395605929313231,-0.06852578139472598,43.61,44.245999999999995,43.81270084102899,4.424057207229069,4.44396445479786,4.430396678376137,42.29299999999999,43.068,42.46800605509061,4.405558271214734,4.412679029829148,4.432433479174888,40.122,41.51314285714286,40.558891720059506,4.4598140286260515,4.434171528467896,4.459484171574015,38.300333333333334,39.96187096774194,39.26047645890555,4.525665345326685,4.464399384625332,4.464740041697177,35.697,37.715726775956284,37.019570074339654,4.404223185813281,4.500595373373828,4.398029281493575,7.926199409179843
2024-03-20,sz001212,44.94,45.94,46.75,44.67,21084,73140658.34,4.6,1.55,0.7,3.85,4.32395300754292,-0.07165292177031102,44.528,45.02266666666666,44.521800560685996,4.4335738326837655,4.410596388235811,4.394915454765064,42.81099999999999,43.73109090909091,43.09927768143777,4.3876671793551925,4.397841709161545,4.412709757059984,40.649,42.06723809523809,41.07137822291098,4.447252864283752,4.4212323836028355,4.446576441666291,38.525666666666666,40.45475268817204,39.691413461556806,4.508072401939747,4.4513856854134755,4.4556570072356125,35.95,38.05156284153006,37.31204318665638,4.410690566998488,4.4979635642502105,4.39560055120011,7.864158865109798
2024-03-21,sz001212,45.83,44.55,46.57,43.64,23196,78669253.02,6.38,-3.03,-1.39,4.23,4.365413100076178,0.04146009253325822,44.98,45.03,44.53120037379067,4.425857433646264,4.387876144033281,4.3850813365354355,43.164,44.047272727272734,43.36304537572181,4.3790943472835355,4.393795512928996,4.40411036488111,41.0415,42.438761904761904,41.402675535014694,4.436291695269004,4.413438120344971,4.43884659961009,38.772666666666666,40.84341935483871,40.0048706575854,4.49394264974501,4.4421818594867934,4.44983481967694,36.1785,38.33353005464481,37.54935324611027,4.419905580594925,4.496479057138002,4.394610798704244,7.895805026477352
2024-03-22,sz001212,44.28,43.34,44.47,43.1,21017,69318279.4,3.08,-2.72,-1.21,3.83,4.322570724231276,-0.042842375844902136,44.623999999999995,44.483333333333334,44.13413358252711,4.3743348943743126,4.353447240894951,4.364244465767383,43.407,44.07927272727273,43.35885530740875,4.379164661643584,4.383518490555859,4.38928497567205,41.339,42.65766666666667,41.58718262691806,4.429114680356078,4.402607551674712,4.42777270671687,39.001,41.13808602150537,40.220040292579895,4.484546938344028,4.431125606227843,4.441624232873994,36.389,38.56833333333333,37.73921051672961,4.427447549637221,4.493287750371981,4.392248829049393,7.840847774232885
2024-03-25,sz001212,42.98,42.26,44.4,42.12,19040,62317516.06,5.26,-2.49,-1.08,3.47,4.279666944048455,-0.04290378018282048,44.266,43.69533333333333,43.50942238835141,4.337441941042412,4.321891257452999,4.336051958527741,43.464999999999996,43.87072727272727,43.15906343333444,4.383989494657598,4.365427996447654,4.36935442446776,41.5005,42.74538095238095,41.65126047197348,4.412059483076413,4.388374433931128,4.413667395986545,39.129,41.348344086021505,40.35165059628442,4.467134231295223,4.4179075420797425,4.431175375530411,36.57466666666666,38.76082513661203,37.88743312273847,4.431387926137886,4.488442484614972,4.3885576197051,7.794610134283659
2024-03-26,sz001212,42.69,42.28,42.69,41.77,15456,49239513.44,2.18,0.05,0.02,2.82,4.189097109071418,-0.09056983497703719,43.674,43.03333333333333,43.09961492556761,4.296140176994049,4.272442980129335,4.287067008708967,43.641999999999996,43.655272727272724,42.99923371818272,4.360098692111559,4.329993017250166,4.33658036712297,41.672000000000004,42.81961904761905,41.71114042702362,4.4008770353759425,4.367139922121129,4.392279749613676,39.38333333333333,41.551634408602155,40.47606023523382,4.450128338126908,4.399969663226593,4.415557422855637,36.76883333333333,38.94788524590163,38.031451708878194,4.434961280090581,4.48049852339968,4.382017930831864,7.692313752801782
2024-03-27,sz001212,41.95,40.78,42.41,40.77,15360,48018687.2,3.88,-3.55,-1.5,2.8,4.186391215695493,-0.0027058933759249726,42.641999999999996,42.068666666666665,42.326409950378405,4.268627818624564,4.235859993029816,4.253508411037809,43.585,43.13490909090909,42.595736678513134,4.351100825654164,4.298409839719973,4.30927324868161,41.915499999999994,42.73466666666666,41.62246038635471,4.383017403840929,4.3467127011991815,4.372671317811944,39.66566666666667,41.64174193548387,40.49566925231551,4.431715095866964,4.3829543650052125,4.400772506264661,36.94083333333334,39.07939890710383,38.12156804629202,4.4380374634015345,4.472348685222791,4.375603940171655,7.681410282551716
2024-03-28,sz001212,40.51,41.33,41.68,40.51,20791,64717362.66,2.87,1.35,0.55,3.79,4.317875378414559,0.13148416271906616,41.998000000000005,41.63133333333334,41.994273300252274,4.259120274292241,4.252275846293147,4.2749640668300595,43.489,42.72490909090909,42.36560273696529,4.342488853969253,4.292368849312771,4.310837272269419,42.109500000000004,42.67890476190476,41.59460701622569,4.380412366018037,4.340508698777622,4.367452656916956,40.04966666666667,41.74911827956989,40.5494970424887,4.42221877024488,4.375609867105056,4.3954243044678805,37.129333333333335,39.223306010928965,38.226762536577525,4.445179424093628,4.468408944731414,4.373711200441914,7.811020810743482
2024-03-29,sz001212,41.28,41.69,42.17,40.91,13140,41396723.3,3.05,0.87,0.36,2.4,4.118595365223762,-0.1992800131907968,41.668,41.52866666666667,41.89284886683485,4.218325202490737,4.205434209936987,4.222841166294627,43.146,42.39781818181818,42.24276587569887,4.296330048432525,4.251660942268137,4.275884198261117,42.238,42.63895238095238,41.60369206229943,4.364452228743816,4.315573746321026,4.343751962469985,40.36033333333333,41.85494623655914,40.623077878457174,4.407829780670786,4.3560212603295,4.377564372903744,37.32566666666666,39.372836065573765,38.34031130587007,4.450360381480456,4.457701270670107,4.365346746828204,7.616965966506231
2024-04-01,sz001212,42.2,42.08,42.95,41.81,12787,40866109.0,2.73,0.94,0.39,2.33,4.106768665176806,-0.011826700046956518,41.63199999999999,41.666000000000004,41.9552325778899,4.183745546716407,4.168248697499011,4.184150332588686,42.949,42.20400000000001,42.21317208011725,4.26059374387941,4.2171952362216425,4.245135919518515,42.4025,42.623904761904754,41.64905472303281,4.3488176583633535,4.291032454552738,4.321182124632539,40.654999999999994,41.96589247311829,40.71707285404058,4.393186695570887,4.336597962555695,4.360093682082652,37.50266666666666,39.528715846994544,38.4629240499399,4.4506449724203225,4.446435968496216,4.356868776937994,7.611363289038381
2024-04-02,sz001212,42.08,41.09,42.43,40.94,11427,35822460.92,3.54,-2.35,-0.99,2.08,4.057932227380609,-0.048836437796197174,41.394000000000005,41.48533333333333,41.66682171859327,4.1575125703782465,4.126310924387078,4.14207763085266,42.534000000000006,41.86599999999999,42.00895897464139,4.226826373686148,4.180347687767315,4.2110988845843496,42.4135,42.498904761904754,41.595811416077304,4.3161923224504415,4.2633290801734285,4.296110705846641,40.926,41.993956989247316,40.74113266990893,4.382151476979416,4.3149686420272895,4.3405993946825205,37.66049999999999,39.64633333333333,38.54905768764679,4.452148257346934,4.433560140789997,4.347067578591851,7.554155417561722
2024-04-03,sz001212,40.85,43.17,43.89,40.85,27540,89107499.7,7.4,5.06,2.08,5.02,4.439963935920905,0.3820317085402962,41.872,42.077333333333335,42.16788114572885,4.2082271144233285,4.220461379567964,4.241373065875409,42.257000000000005,41.98163636363636,42.22005734288841,4.238427466523946,4.219099971809999,4.252710712100087,42.534000000000006,42.57095238095238,41.74573413835565,4.313047322939569,4.275116852884902,4.309811013472761,41.184999999999995,42.138731182795695,40.89783378797932,4.377644398363817,4.318698478088031,4.347010010246287,37.84583333333333,39.82697267759563,38.70056399296984,4.4602019138575715,4.433160654841603,4.3501133607993605,7.949914257810799
2024-04-08,sz001212,43.08,41.77,43.59,41.55,20939,67532030.13,4.73,-3.24,-1.4,3.82,4.32095593690098,-0.11900799901992531,41.96,42.04333333333334,42.03525409715257,4.208843226120612,4.258037653727182,4.2679006895506,41.979,41.89309090909091,42.138228735090514,4.233981750206427,4.234105148242186,4.265118934791158,42.5715,42.49819047619047,41.748045172797966,4.306538048744981,4.275870054214561,4.31087243475164,41.354,42.17647311827957,40.95410257585163,4.3688550469148115,4.3150411579936545,4.345329102288526,38.010999999999996,39.955633879781416,38.80120123910198,4.467383087360648,4.428595212974174,4.349157379687938,7.829509805562091
2024-04-09,sz001212,42.85,43.02,45.41,42.64,22723,75222895.78,6.63,2.99,1.25,4.15,4.3564656684754,0.03550973157442083,42.226,42.39666666666667,42.36350273143505,4.25641728677094,4.307245134512111,4.2974223491922,41.946999999999996,42.08236363636364,42.29855078325587,4.237371244630839,4.256374951563818,4.281727431824656,42.677,42.54090476190476,41.86918372776959,4.308267953137211,4.280625065617458,4.315214647487236,41.541666666666664,42.283956989247315,41.08738628063539,4.365200201780999,4.314241843255629,4.346047590429615,38.192166666666665,40.119863387978135,38.93952250995109,4.475561594767382,4.424958576289411,4.349396995713756,7.876350048005123
2024-04-10,sz001212,42.51,41.07,43.56,40.77,18178,57694002.74,6.49,-4.53,-1.95,3.32,4.259546099087022,-0.09691956938837798,42.02400000000001,42.01133333333334,41.93233515429004,4.286972773552984,4.3082880719508045,4.284796932490474,41.827999999999996,41.922909090909094,42.075177913572986,4.235359160134696,4.260406743283124,4.277694462235996,42.6465,42.38785714285714,41.79307099179153,4.309674327396147,4.275984889041249,4.30991288097293,41.609666666666676,42.253526881720425,41.08626458511053,4.353159375429174,4.3074254495334365,4.340466849052674,38.34583333333333,40.214218579234974,39.009374230936295,4.480948819191129,4.417876101021202,4.346451064676814,7.761130670828313
2024-04-11,sz001212,40.44,40.96,41.61,40.41,11507,35713257.96,2.92,-0.27,-0.11,2.1,4.060962113093833,-0.1985839859931895,41.998000000000005,41.656666666666666,41.608223436193356,4.287578750695628,4.232951185131088,4.210185326024927,41.696000000000005,41.76509090909091,41.87241829292335,4.222545660536937,4.228698189275694,4.238288580573784,42.669,42.22723809523809,41.713730897335196,4.291322176324249,4.252298011488648,4.286203284032063,41.67999999999999,42.2116129032258,41.07811848284533,4.34143324376294,4.288574013253736,4.3224342854424265,38.502833333333335,40.29992896174865,39.07332917418429,4.483102139601339,4.404106045083586,4.33709077118229,7.552829470733532
2024-04-12,sz001212,40.77,39.66,41.25,39.5,16662,50644881.68,4.27,-3.17,-1.3,3.04,4.221727130133901,0.16076501704006851,41.29600000000001,40.87733333333333,40.9588156241289,4.243931389538227,4.211000644943846,4.214032594061252,41.583999999999996,41.39490909090909,41.47016042148274,4.226079251980778,4.228549365566051,4.2352774077665325,42.584500000000006,41.94066666666667,41.51813747854137,4.288590038817471,4.245669911851472,4.280062697946524,41.80499999999999,42.08129032258064,40.98662696782306,4.3307046865542125,4.280851038180895,4.31593704961607,38.63816666666666,40.33786885245902,39.09256428322742,4.486109688019334,4.395536372642031,4.3333083567216875,7.704535560842339
2024-04-15,sz001212,39.66,37.86,39.73,35.93,21423,61145839.7,9.58,-4.54,-1.8,3.91,4.3308802877944315,0.10915315766053002,40.513999999999996,39.732,39.925877082752606,4.2459162597169176,4.239983611029247,4.252981825305646,41.237,40.71781818181818,40.81376761757678,4.227379742918766,4.247604099350353,4.252659749589787,42.363,41.49071428571429,41.169743432966,4.284934298444009,4.249697554611182,4.284902468408229,41.818666666666665,41.82677419354839,40.78490909893125,4.329401491651613,4.280862367293168,4.316901129498546,38.747,40.31235519125683,39.05215233951505,4.493196226687377,4.390446884110067,4.3332287479044,7.78636691342794
2024-04-16,sz001212,37.51,35.14,37.62,34.57,26041,70014890.1,8.06,-7.18,-2.72,4.75,4.415657657551421,0.08477736975698935,38.938,37.94066666666666,38.33058472183507,4.257754657532122,4.296564076974081,4.307207102720905,40.582,39.609272727272725,39.78217350529009,4.257085972151531,4.2818364474653805,4.282295732855538,41.864000000000004,40.80280952380952,40.595482153635906,4.276708010292028,4.2621473983356974,4.297355343564724,41.686,41.39589247311828,40.420721415129236,4.328663476546387,4.2864272812221875,4.323272518405183,38.806,40.194092896174865,38.92388504969488,4.502372121402549,4.387904635941673,4.335931335105941,7.845190411451106
2024-04-17,sz001212,36.09,37.19,37.62,36.09,18599,51742550.1,4.35,5.83,2.05,3.39,4.269489594424535,-0.14616806312688624,38.162,37.358,37.950389814556715,4.259743356599624,4.300475722604886,4.294634599955448,40.093,38.99254545454546,39.310869231600975,4.2733580650763034,4.284091651515017,4.2799673440499015,41.521,40.35766666666666,40.271150519956294,4.266975904477857,4.261459930157841,4.2947014626942295,41.632666666666665,41.105827956989245,40.21228777544348,4.3236644606010035,4.282609611407874,4.319802652341916,38.8475,40.141109289617475,38.86703635954095,4.49833222529331,4.380269143253871,4.333752917378682,7.713847828846446
2024-04-18,sz001212,37.1,36.9,37.86,36.49,14547,40745842.06,3.68,-0.78,-0.29,2.65,4.1627734388351865,-0.1067161555893481,37.35,36.93733333333333,37.60025987637115,4.280105621747896,4.268152416683407,4.250680879582028,39.674,38.412,38.87252937130989,4.2838421862217615,4.263985355834814,4.2586593612835895,41.104,39.91757142857142,39.95008856567474,4.255334279953955,4.25153588581092,4.282136888993368,41.50033333333333,40.800494623655915,39.998591789931,4.305408943707548,4.272229545487499,4.309671735341482,38.88766666666667,40.077256830601094,38.80254336414616,4.486269800520607,4.369267215829014,4.328147032836272,7.610083297431074
2024-04-19,sz001212,36.54,34.37,36.54,33.42,48106,125502660.88,8.46,-6.86,-2.53,8.78,4.682199246943127,0.5194258081079406,36.291999999999994,35.943999999999996,36.523506584247436,4.37220004510974,4.402183625081817,4.3945203353690605,38.794000000000004,37.44763636363636,38.05388766743536,4.308065717323984,4.336413912329609,4.335666613221687,40.5255,39.27623809523811,39.418651559420006,4.273246591923965,4.292189692190842,4.3202380659409645,41.287333333333336,40.34047311827957,39.635456835741905,4.311386787734374,4.29653859730915,4.3337057683480396,38.83883333333333,39.929136612021864,38.65721407351842,4.481298444539181,4.375691132105163,4.339755302151251,8.098652933731403
2024-04-22,sz001212,33.88,33.66,34.33,33.03,21372,53980769.8,3.78,-2.07,-0.71,3.9,4.329845165510869,-0.3523540814322583,35.452,35.066666666666656,35.56900438949829,4.3719930206530275,4.388065331882193,4.37296194541633,37.983,36.51418181818181,37.25499900062893,4.308954640184973,4.340373811999951,4.3346081681833555,39.980999999999995,38.62238095238095,38.87020855376096,4.271468195195699,4.297580032532451,4.321153027804765,41.041999999999994,39.84838709677418,39.249943491500495,4.307343579224978,4.297729460391505,4.333456697197255,38.82866666666667,39.75933879781421,38.493370989140764,4.473321629701716,4.370725450825546,4.3394303796384515,7.732239073579304
2024-04-23,sz001212,33.29,34.07,34.27,33.24,13059,33290252.62,3.06,1.22,0.41,2.38,4.115909921877061,-0.21393524363380756,35.238,34.605999999999995,35.069336259665526,4.312043473518156,4.302704298956871,4.2872779375699075,37.088,35.80272727272727,36.675908273241845,4.284899065525139,4.3052747723076035,4.29484485067312,39.5175,38.05942857142857,38.41304583435515,4.261135155077989,4.282764958883058,4.30160606533546,40.814,39.39858064516129,38.915753588823044,4.300478323933187,4.285378901852929,4.319421421370145,38.7695,39.60331693989072,38.34834243211975,4.463264745085634,4.359007034175557,4.332101840039717,7.52231709077264
2024-04-24,sz001212,35.5,36.45,36.56,34.7,25418,68418968.48,5.46,6.99,2.38,4.64,4.40514137536295,0.28923145348588886,35.09,35.01,35.52955750644369,4.339173829705839,4.333736932905136,4.326565750167589,36.626,35.686727272727275,36.634834041743325,4.299458593152731,4.327137010459933,4.314898764253089,39.227000000000004,37.76728571428571,38.22608908822609,4.267408876643714,4.2964798370054345,4.311466571052364,40.63966666666667,39.11703225806451,38.75667271212478,4.306269082648342,4.292131356783882,4.324951740982584,38.76366666666667,39.52726775956285,38.28610169664041,4.452574734908123,4.357101349922355,4.334496578902773,7.83517652224862
2024-04-25,sz001212,36.32,36.18,36.96,35.95,14605,40131115.0,2.77,-0.74,-0.27,2.66,4.164501561309568,-0.24063981405338186,34.946000000000005,35.373333333333335,35.74637167096246,4.339519454200715,4.275512843439712,4.272544353881583,36.147999999999996,35.60563636363636,36.552136943244534,4.309812537974305,4.30259936830663,4.2875538182633575,38.922,37.47709523809524,38.03122346077599,4.266179099255622,4.286679140306944,4.297469903457812,40.49533333333333,38.829311827956985,38.590435762955444,4.297485630207601,4.282985065084605,4.314600116487552,38.79566666666667,39.442557377049184,38.217049181996465,4.441288973663413,4.347656327837156,4.32892297176857,7.603481226307979
2024-04-26,sz001212,36.18,36.01,36.4,35.58,13009,35330780.2,2.27,-0.47,-0.17,2.37,4.114243913688907,-0.050257647620661317,35.274,35.727999999999994,35.83424778064164,4.225928387549871,4.2004209966024435,4.219777540484024,35.783,35.58054545454545,36.45356658992735,4.299064216329806,4.267041436618376,4.256042926522548,38.683499999999995,37.19976190476191,37.83872598832113,4.2625717341552924,4.272209122633924,4.280019809194107,40.31733333333333,38.53993548387097,38.42395603631316,4.2920814313215825,4.271163018857594,4.301673909855381,38.81966666666666,39.35122404371585,38.14468691373428,4.429840084865984,4.336933538985532,4.3218843141266134,7.548153227947541
2024-04-29,sz001212,35.82,36.35,36.87,35.44,19108,52113556.88,3.97,0.94,0.34,3.49,4.281215232611316,0.16697131892240957,35.812,36.086666666666666,36.006165187094425,4.21620240096996,4.218849944956259,4.240256771193122,35.632,35.68363636363636,36.43473630084965,4.294097710811494,4.263796166851378,4.260619709447779,38.4345,36.97752380952381,37.69694256086198,4.26073872686513,4.27398469391545,4.280133659043365,40.11933333333334,38.28397849462365,38.29015242106715,4.28798876923317,4.270461973779511,4.300353995194474,38.835666666666675,39.27025136612022,38.085844719841354,4.423361037341835,4.332060593009969,4.320550901617915,7.716950715857984
2024-04-30,sz001212,35.93,35.96,36.57,35.31,15229,41253261.9,3.47,-1.07,-0.39,2.78,4.182671386675478,-0.09854384593583809,36.190000000000005,36.135999999999996,35.990776791396286,4.229554693929645,4.207672940191431,4.221061643020574,35.714,35.74327272727273,36.348420609786075,4.270799083723899,4.243536835190285,4.246447287125542,38.148,36.74185714285714,37.53151945982751,4.263942527937716,4.266549709135484,4.270851537865471,39.814,38.01563440860215,38.139820006804754,4.274738368102652,4.26366730393708,4.29276156883841,38.849500000000006,39.175967213114745,38.01614489296131,4.417003932488211,4.324169129053696,4.3160302617837365,7.6154582939565545
2024-05-06,sz001212,36.0,37.42,37.44,36.0,16415,45618387.08,4.0,4.06,1.46,2.99,4.215240887065359,0.03256950038988027,36.384,36.54600000000001,36.467184527597524,4.191574596270126,4.20290167123667,4.219121391035502,35.737,36.05345454545454,36.543253226188604,4.265374212987982,4.233435344888731,4.240773396205508,37.915,36.67252380952382,37.52089855889155,4.269366139032143,4.26191145762383,4.265555285408317,39.592999999999996,37.861182795698916,38.09338000636574,4.266442007314565,4.259828756773383,4.287760234530471,38.83033333333333,39.12909836065574,37.996599158765854,4.40702115347025,4.317553947236553,4.312725692120839,7.6591399259507345
2024-05-07,sz001212,37.42,37.25,37.68,36.79,11420,31967779.1,2.38,-0.45,-0.17,2.08,4.057666103909829,-0.1575747831555292,36.598,36.834666666666664,36.72812301839835,4.170207504790178,4.15826550711657,4.1653029619936115,35.772,36.328545454545456,36.671752639608854,4.254863479495446,4.195670234147249,4.207481161242657,37.723,36.60919047619048,37.495098696139976,4.269352832858604,4.2417495495169435,4.245756315741795,39.32666666666667,37.710021505376346,38.038968393051825,4.255177346467786,4.246359343650497,4.2729154519097845,38.8135,39.07728415300546,37.97212049782271,4.390421345897234,4.30609968331654,4.304363082671298,7.504712465545435
2024-05-08,sz001212,37.12,36.38,37.36,36.35,12024,33298755.52,2.71,-2.34,-0.87,2.19,4.080048967578851,0.02238286366902198,36.672000000000004,36.76200000000001,36.61208201226557,4.163368515568168,4.128212661379461,4.136884963855358,35.973,36.43909090909091,36.618706705134514,4.1946484515590186,4.163885777435141,4.1843116714856015,37.3835,36.48128571428572,37.388898820317124,4.251357084441501,4.223720609966491,4.2299746635358,39.008,37.51991397849463,37.93193817414525,4.247047211802316,4.235060738560889,4.260472452920692,38.76683333333333,38.99749726775956,37.919919825762946,4.377559806871032,4.295923539765116,4.297008521520725,7.522428002848774
2024-05-09,sz001212,36.69,36.67,37.05,36.38,8664,24040426.0,1.84,0.8,0.29,1.58,3.937718443617264,-0.1423305239615873,36.736000000000004,36.76133333333334,36.63138800817705,4.094669157769357,4.052995970729161,4.070496123775994,36.274,36.56581818181819,36.628032758746414,4.155435779369658,4.11717123053664,4.139476539145903,37.128499999999995,36.41333333333334,37.32043226600121,4.2321952097773154,4.193850263221325,4.202140737829272,38.745333333333335,37.369075268817205,37.85052280807137,4.232790723253686,4.215104043839273,4.239649613610794,38.759,38.928748633879785,37.87893884786908,4.363366686499348,4.2815025114617145,4.285228518966513,7.380942159163068
2024-05-10,sz001212,36.67,36.05,36.95,35.71,9099,24760781.8,3.38,-1.69,-0.62,1.66,3.958993665030326,0.021275221413061818,36.754,36.532666666666664,36.437592005451364,4.049933613440325,4.007770806482817,4.033328637527438,36.472,36.525090909090906,36.52293589351979,4.139744153684985,4.081454482474943,4.106661471124889,36.78,36.31061904761904,37.19943871685824,4.212321609605062,4.167831068483516,4.178983873753182,38.50233333333334,37.195182795698926,37.73436004626031,4.220671487946988,4.197439717502282,4.221542778218506,38.75166666666667,38.83992896174863,37.818973639742225,4.3526092131455085,4.268244379610272,4.274532294247294,7.393764353032478
2024-05-13,sz001212,35.8,34.85,35.8,34.79,12287,32476014.0,2.8,-3.33,-1.2,2.24,4.089445858273834,0.13045219324350787,36.24,35.898,35.90839467030091,4.024774607682021,4.020941554760653,4.052034377776237,36.312,36.23018181818182,36.218765731061644,4.108174601976073,4.072309337854734,4.103531359697424,36.469,36.12680952380953,36.97568264858602,4.203816597564403,4.156128615975781,4.17045644370753,38.25533333333333,36.95954838709678,37.5482723013403,4.214330785087833,4.188973547845949,4.213020396286592,38.69216666666667,38.712005464480875,37.72163024171789,4.340732508191528,4.259616072893167,4.2684638865104585,7.511562719952291
2024-05-14,sz001212,34.85,35.31,35.61,34.85,8288,22012310.0,2.18,1.32,0.46,1.51,3.9184497424011577,-0.17099611587267605,35.852000000000004,35.587999999999994,35.708929780200606,3.9969313353802867,3.9854999330003653,4.007506165984544,36.225,36.047999999999995,36.053535598141345,4.083569420085232,4.0378139088411125,4.069880156552649,36.1865,36.01642857142857,36.81704620586355,4.196690979029769,4.128950820245948,4.146455805487876,38.022999999999996,36.769526881720424,37.4038676367377,4.205309206198825,4.1698844483177755,4.194015837971403,38.70316666666667,38.601114754098354,37.64256039772714,4.327718772162867,4.2457707363098764,4.256988012933104,7.3426656203639675
2024-05-15,sz001212,35.47,35.91,36.3,34.96,10562,28496207.0,3.79,1.7,0.6,1.93,4.023746163152476,0.10529642075131784,35.757999999999996,35.60733333333334,35.77595318680041,3.9856707744950115,3.994438208924428,4.012919498373854,36.215,35.99072727272727,36.027438216661096,4.0745196450315895,4.026936953035157,4.0614921577526175,35.998999999999995,35.99009523809524,36.73066085292417,4.186791930680697,4.112479885400492,4.134769172884504,37.86066666666667,36.63320430107527,37.30748907952882,4.199887704447391,4.1581707036051085,4.183030697660504,38.76316666666666,38.509535519125684,37.58575513878527,4.315801400157178,4.235804421260355,4.249340739169805,7.454787056899883
2024-05-16,sz001212,36.22,36.4,37.84,36.19,17594,48820887.8,4.59,1.36,0.49,3.21,4.245364587634763,0.22161842448228786,35.70399999999999,35.82133333333333,35.98396879120027,4.047200003298512,4.0810028133043454,4.090401194794158,36.22,36.02436363636364,36.09517672272271,4.070934580533934,4.057999669872098,4.094923508640281,35.926,36.028285714285715,36.699169343121866,4.1825161456727145,4.118058233681831,4.145302069527386,37.696333333333335,36.53896774193548,37.24894139697858,4.197470678088064,4.16110469606881,4.187052238949166,38.873000000000005,38.432054644808744,37.54687792112017,4.309844724166472,4.233495017571096,4.249210373545705,7.6886056727283485
2024-05-17,sz001212,36.43,37.49,37.49,35.39,17208,47733669.33,5.77,2.99,1.09,3.14,4.235730397379406,-0.009634190255357389,35.992,36.416666666666664,36.48597919413351,4.102547349768328,4.1438462779979774,4.138844262322574,36.373000000000005,36.255272727272725,36.34878095495495,4.076240481604327,4.087962545662183,4.120524761138303,36.0435,36.1772380952381,36.77448654853883,4.173519782664114,4.123126257653897,4.153914291227578,37.556333333333335,36.5256559139785,37.26449356491545,4.201375179159919,4.163573065055349,4.190192765299504,38.958333333333336,38.386710382513655,37.545013071247375,4.304602479915352,4.231065039643651,4.2487684071140235,7.678824820256044
2024-05-20,sz001212,37.19,36.75,37.65,36.35,13863,38440036.82,3.47,-1.97,-0.74,2.53,4.141857223238367,-0.0938731741410388,36.372,36.669333333333334,36.573986129422345,4.113029622761235,4.156949569154658,4.139848582627838,36.306,36.32381818181818,36.421729872235865,4.068902115221627,4.0998928623229185,4.124403390611042,36.0215,36.24452380952381,36.77215449629704,4.167138164104805,4.120110775803826,4.15276599903813,37.37866666666667,36.47363440860215,37.231300431695104,4.202544797761971,4.159733196931376,4.187074343231044,39.01683333333334,38.314306010928966,37.518947068911395,4.297865746666429,4.225729129588668,4.245263122396788,7.584783794988057
2024-05-21,sz001212,36.52,35.82,36.87,35.66,12143,33012782.0,3.29,-2.53,-0.93,2.22,4.084325995016827,-0.05753122822154033,36.474000000000004,36.48533333333333,36.3226574196149,4.146204873284368,4.147381693239854,4.1213410534241675,36.163,36.235454545454544,36.31232444092025,4.071568104332328,4.102697204103864,4.117116591412094,35.9675,36.22533333333333,36.68147311569732,4.163215791913887,4.112223902557353,4.146247903417054,37.203,36.3730752688172,37.14024879094058,4.203424590016512,4.152106177399433,4.180445417539805,39.064499999999995,38.20949180327869,37.463243886324136,4.292788033497964,4.218727826255894,4.239986495269576,7.518682124037648
2024-05-22,sz001212,36.09,37.21,37.62,35.82,20838,57638733.94,5.03,3.88,1.39,3.8,4.318856033694406,0.23453003867757882,36.733999999999995,36.73066666666667,36.618438279743266,4.205226847392754,4.204932080043201,4.187179380180914,36.246,36.42581818181818,36.47553817893475,4.095448810943883,4.14765864580606,4.153796490008878,36.109500000000004,36.343666666666664,36.73180900944043,4.14504863125145,4.127046782726925,4.162686772967278,37.004333333333335,36.37352688172043,37.14474886894442,4.199387659942295,4.1595533673141345,4.18937513471107,39.09466666666666,38.14868852459017,37.454940808084,4.288516029153056,4.219582514786925,4.242572381775308,7.760714432778481
2024-05-23,sz001212,36.87,35.96,37.06,35.84,15716,42856570.2,3.28,-3.36,-1.25,2.87,4.1963420201397685,-0.1225140135546372,36.646,36.47266666666667,36.39895885316218,4.195422333893755,4.201970470958872,4.190233593500532,36.175,36.37381818181818,36.38180396458297,4.121311168596133,4.166002865659857,4.161532040941767,36.2245,36.32942857142857,36.658303389493724,4.138373473982896,4.131931867382956,4.165892034602753,36.81066666666667,36.30615053763441,37.068313458044784,4.195233862716921,4.159356874423651,4.189824611190341,39.08233333333333,38.045912568306015,37.40592635535993,4.282044454815866,4.2165604161307515,4.241056632213486,7.632017411623768
2024-05-24,sz001212,35.4,35.28,36.06,35.24,10067,26932801.64,2.28,-1.89,-0.68,1.84,4.002900068611387,-0.1934419515283814,36.204,36.01733333333333,36.02597256877479,4.148856268140151,4.137796382531417,4.127789085204151,36.098,36.211090909090906,36.18147597102243,4.125701808954239,4.14447357475354,4.1326898641544245,36.285000000000004,36.23947619047619,36.52703640001813,4.1327229813196125,4.119029638299954,4.150368990222623,36.552666666666674,36.20739784946237,36.952938396235446,4.183448342721454,4.146948242545873,4.177764963282022,39.047166666666676,37.921245901639345,37.3362238519055,4.274324272251226,4.207408141173228,4.233248220292106,7.430281532524231
2024-05-27,sz001212,35.69,34.92,35.69,34.33,10454,27361160.5,3.85,-1.02,-0.36,1.91,4.019282495761732,0.016382427150344547,35.838,35.589333333333336,35.65731504584986,4.124341322644825,4.0946051250719435,4.091620222056679,36.105000000000004,35.99690909090909,35.9521167035638,4.11868547270303,4.125124608718539,4.1120703426284795,36.2085,36.10947619047619,36.37398531430212,4.113430037339551,4.108225782532537,4.137884562178729,36.34766666666666,36.10206451612903,36.82178108034929,4.175439555943945,4.13635689758073,4.167540287958133,38.97866666666666,37.78592896174863,37.25700339774466,4.264299465686559,4.199046115714556,4.226232950635373,7.437134513664225
2024-05-28,sz001212,34.92,34.85,35.5,34.4,7884,20740869.6,3.15,-0.2,-0.07,1.44,3.8967466156074058,-0.12253588015432593,35.644000000000005,35.26,35.38821003056658,4.08682544676294,4.018740222726137,4.026662353240255,36.059000000000005,35.768727272727276,35.75173184837038,4.1165151600236545,4.0847720892466075,4.072920574079193,36.142,35.98009523809524,36.22884385579715,4.100042290054443,4.087589266177095,4.11491904345765,36.144000000000005,36.00544086021505,36.694569397746115,4.16996570602773,4.118376707881598,4.150069728451634,38.912000000000006,37.65056284153005,37.17808525355631,4.255699474895335,4.186995202597206,4.215430119978718,7.316826961048405
2024-05-29,sz001212,34.72,35.04,35.57,34.7,8668,22923772.9,2.5,0.55,0.19,1.58,3.9379189026477803,0.04117228704037457,35.21,35.058666666666674,35.27214002037772,4.010638020553615,3.969104708021084,3.9970812030427636,35.972,35.58345454545455,35.62232605775758,4.107932433973184,4.052300042450994,4.048374815637118,36.0935,35.87514285714286,36.11562063143552,4.091226039502386,4.072148943566937,4.098061887190044,35.99,35.93421505376344,36.5878229849883,4.160505431778193,4.103405946373214,4.136382578399773,38.89750000000001,37.52361202185792,37.10798409770201,4.245605059166203,4.1765761674415485,4.206331391541638,7.360286097361817
2024-05-30,sz001212,34.87,34.37,35.26,34.36,7054,18400426.0,2.57,-1.91,-0.67,1.29,3.848435455331471,-0.0894834473163093,34.892,34.77866666666667,34.97142668025182,3.941056707591956,3.9150371862803697,3.947532620472333,35.769,35.29218181818182,35.39463041089257,4.068239520742855,4.0051187736070455,4.012022204672454,35.9945,35.711,35.94937104748928,4.069587050638394,4.049026030788754,4.074287941298751,35.873666666666665,35.82969892473118,36.44473763111809,4.144423937362761,4.083272399505684,4.117805344653431,38.84616666666667,37.375169398907104,37.018214127285546,4.236912714507187,4.163554213217459,4.1945970985511405,7.2648278777545165
2024-05-31,sz001212,34.37,34.22,34.48,33.8,9143,23502313.12,1.98,-0.44,-0.15,1.67,3.961088719767896,0.1126532644364251,34.68,34.55466666666667,34.72095112016788,3.932694437823257,3.92171452367235,3.952051320237521,35.442,35.01054545454546,35.181061245275735,4.040775352981704,3.9856368097934167,4.002761571053443,35.9075,35.542,35.78466904296649,4.058507917293015,4.038692856420135,4.063507063057717,35.842999999999996,35.723010752688175,36.301206171045955,4.129271639436643,4.071444320951176,4.107694594660816,38.7645,37.223491803278684,36.92646940180077,4.228967557991515,4.154510803553876,4.186941086132018,7.371110608051087
2024-06-03,sz001212,34.22,32.93,34.22,32.58,12762,31816581.0,4.79,-3.77,-1.29,2.33,4.105918740286373,0.1448300205184765,34.282000000000004,33.97133333333333,34.12396741344526,3.950021686728186,3.979455957826722,4.0033404602538045,35.06,34.55381818181818,34.77177738249833,4.037181504686505,3.997481062030629,4.021517420004884,35.683,35.258428571428574,35.51279580077921,4.053041809954066,4.043208172895693,4.067546270412827,35.701,35.53507526881721,36.08370899872041,4.123819277632038,4.06993768229632,4.107580023410852,38.66683333333334,37.03219672131147,36.79543761813517,4.2237418691165205,4.150476416088133,4.1842846157764235,7.502653508666575
2024-06-04,sz001212,32.97,32.27,32.97,31.9,12961,31433741.28,3.25,-2.0,-0.66,2.36,4.112638510618493,0.006719770332120234,33.766,33.300666666666665,33.50597827563017,3.993200065730403,4.033661565790157,4.0397731437087,34.705,34.04654545454545,34.31690876749863,4.040012756246671,4.011200517654627,4.03808489102554,35.434000000000005,34.93338095238095,35.2039581054669,4.055790430289499,4.048884049149448,4.071840769480033,35.54666666666667,35.31372043010752,35.837663256867486,4.122148113358148,4.069216342488994,4.107906377424249,38.523500000000006,36.82246448087432,36.647062614261884,4.213778528532848,4.146833683022624,4.181935563148294,7.4973960743221175
2024-06-05,sz001212,32.27,31.47,32.38,31.41,8932,21328992.0,3.01,-2.48,-0.8,1.63,3.9509487143994004,-0.1616897962190924,33.052,32.535333333333334,32.82731885042011,3.9958060280807275,4.019577782013156,4.010165000605601,34.131,33.458363636363636,33.79928899158978,4.003222024317171,3.995007055500578,4.022241949820787,35.1885,34.555857142857135,34.84834304780339,4.049335417630527,4.038899123826582,4.060327240424735,35.45,35.050709677419356,35.555878530617974,4.097773095606691,4.058171219975527,4.097780076583937,38.36866666666666,36.591202185792355,36.477322856417224,4.2045799416705325,4.1382163120674305,4.174362223845052,7.328970331343381
2024-06-06,sz001212,31.4,29.65,31.62,28.94,23646,52877757.62,8.52,-5.78,-1.82,4.31,4.373757685249247,0.4228089708498466,32.108,31.401333333333334,31.768212566946744,4.100870474064282,4.145561667735997,4.131362562153483,33.5,32.64363636363637,33.044872811300735,4.020963590828119,4.062377175670046,4.0861539017168695,34.8375,34.02838095238095,34.3532627575364,4.071137379712125,4.069796482647412,4.090177758979451,35.31633333333334,34.67651612903226,35.174854109287786,4.0992368462646365,4.075976677371821,4.115585083594603,38.17916666666667,36.30534426229509,36.25347620538715,4.2032902127448075,4.143763123332305,4.180899779956665,7.72327302980003
2024-06-07,sz001212,30.17,30.95,31.08,29.78,14907,33977088.2,4.38,4.38,1.3,2.72,4.173390251465195,-0.2003674337840522,31.453999999999997,31.015333333333334,31.495475044631164,4.143330780403741,4.169734926869634,4.145371791924054,33.067,32.18,32.66398684560969,4.038012609113499,4.090091113967697,4.102015056216565,34.582499999999996,33.65814285714286,34.029142494913884,4.081857209033869,4.0795348513858,4.098102758263807,35.212333333333326,34.39481720430108,34.90228287643051,4.1011528572509075,4.080760768029922,4.1193144492636735,38.01316666666666,36.068322404371585,36.079591739636754,4.200815590592048,4.142782796732974,4.180653565907765,7.531186157556648
2024-06-11,sz001212,30.73,30.64,30.93,30.17,9063,20653462.0,2.46,-1.0,-0.31,1.65,3.957271979992943,-0.21611827147225204,30.996,30.743999999999996,31.210316696420776,4.113601428345056,4.107715326732702,4.082671854613684,32.638999999999996,31.738727272727267,32.29598923731702,4.031811557536621,4.075410999582141,4.075698133266815,34.372,33.282666666666664,33.7063670192078,4.075248515119825,4.06766959147714,4.084690303190391,35.01866666666667,34.09982795698926,34.62729688440274,4.086223877405241,4.0714781307874714,4.108860096407498,37.829166666666666,35.82657923497268,35.90124446948472,4.196246480026791,4.134797760319889,4.173329579484327,7.314992859938
2024-06-12,sz001212,30.64,30.46,31.05,30.41,8271,18935073.0,2.09,-0.59,-0.18,1.51,3.917558020825436,-0.03971395916750664,30.633999999999997,30.565333333333335,30.960211130947187,4.074585330386444,4.042367524226162,4.0276339100176015,32.2,31.34254545454546,31.96217301235029,4.033892698058424,4.054637629271016,4.046945385550201,34.1295,32.910095238095245,33.39718920785468,4.075203929041039,4.052651449163389,4.068772942965158,34.827999999999996,33.80572043010752,34.35843902089289,4.077992426055769,4.0605964626210325,4.096518027015107,37.66166666666667,35.58496721311475,35.72284301146883,4.187739028131685,4.125660433788696,4.164943626741412,7.277266983786714
2024-06-13,sz001212,30.62,30.17,30.86,30.07,8926,20171839.5,2.59,-0.95,-0.29,1.63,3.9506568825045107,0.03309886167907461,30.374000000000002,30.410666666666668,30.69680742063146,4.074526964007466,4.001058041598851,4.001974900846571,31.713000000000005,30.973454545454548,31.63632337374115,4.035166496044097,4.039503844624851,4.029438384996438,33.8425,32.532999999999994,33.089837854725666,4.071549465008641,4.040789825683719,4.057523794349858,34.63333333333333,33.50520430107527,34.08821714857722,4.07253952501629,4.052381266262887,4.087107630595069,37.47533333333333,35.33933879781421,35.540782584863294,4.182310478168936,4.117887248686166,4.1579178318483985,7.304745503977396
2024-06-14,sz001212,30.01,30.04,30.43,29.86,7767,17395886.4,1.89,-0.43,-0.13,1.42,3.8902533051545345,-0.060403577349976256,30.451999999999998,30.299333333333333,30.477871613754306,3.977826087988524,3.9396334886478734,3.964734368949226,31.28,30.669272727272727,31.346082760333665,4.0393482810264025,4.013155991735839,4.004132006843364,33.5245,32.170857142857145,32.79937710665656,4.053793900884629,4.023523524745233,4.041593271569351,34.423,33.20886021505377,33.82704184866902,4.059507460767731,4.040620864981484,4.07440735153439,37.27116666666667,35.09555737704918,35.36042905749073,4.173748115000451,4.108311603669302,4.149141945727288,7.240446562938215
2024-06-17,sz001212,30.03,29.43,30.03,29.37,10562,23274423.3,2.2,-2.03,-0.61,1.93,4.023746163152476,0.13349285799794108,30.148000000000003,29.958666666666666,30.128581075836205,3.94789727032598,3.954940180369191,3.984404967016976,30.801,30.332909090909094,30.997704076636634,4.045614025364861,4.010319243031489,4.007698217081384,33.1215,31.780904761904765,32.47848404887974,4.043194689173283,4.0206618354374095,4.03989354695822,34.205333333333336,32.8867311827957,33.543361729400054,4.054209953316964,4.038313684490178,4.071138887767815,37.00966666666667,34.83846994535519,35.16598876052382,4.1644741607098075,4.1033935068874,4.145030608593687,7.366878928719733
2024-06-18,sz001212,29.43,29.55,29.65,29.21,7685,16878337.0,1.5,0.41,0.12,1.4,3.885643871835764,-0.1381022913167116,29.93,29.759333333333334,29.935720717224136,3.9335716486945445,3.934189047539119,3.9514846019565724,30.463,30.10545454545455,30.734485153611793,4.0235865385198,3.9812337605716523,3.985506517945817,32.7615,31.440761904761906,32.19958080612929,4.030384021603152,4.005656995690979,4.025203101708462,33.943,32.58638709677419,33.2857254887936,4.043223386142644,4.027438453426875,4.059171467385102,36.768,34.59389071038252,34.98185798149025,4.1548326967286044,4.094251530203006,4.1365261254212955,7.2273296539423315
2024-06-19,sz001212,29.65,29.11,29.76,28.99,7739,16891722.0,2.61,-1.49,-0.44,1.41,3.888684846659699,0.003040974823934839,29.660000000000004,29.486,29.660480478149427,3.9277970138613965,3.9192267801941707,3.930551350190948,30.147000000000002,29.859454545454547,30.439124216591466,4.001191172123921,3.956706180233453,3.967902577711977,32.426,31.093,31.905335015069358,4.020601964185295,3.992161836172554,4.01220136313239,33.67166666666667,32.27458064516129,33.016323844355306,4.037590677567639,4.017468225073135,4.048172330564109,36.49916666666666,34.3428087431694,34.789338047670896,4.1463840120177125,4.085525371184352,4.1284001818553415,7.227673925294933
2024-06-20,sz001212,29.11,28.19,29.13,28.1,10572,22367996.0,3.54,-3.16,-0.92,1.93,4.024157154459672,0.13547230779997355,29.264,28.996000000000002,29.170320318766287,3.942497068252429,3.951346827060262,3.96175328494719,29.819,29.503636363636364,30.030192540847562,4.008512016129948,3.9608818133854076,3.978130682575194,31.975,30.68957142857143,31.551493585062754,4.005867020223559,3.9925004257224948,4.013340009925464,33.398666666666664,31.9209247311828,32.704948112461416,4.035727617130333,4.016601546162944,4.046622964363823,36.20333333333333,34.07037704918033,34.572966308403,4.141387414466325,4.08151793323163,4.1249823776784345,7.349627076402046
2024-06-21,sz001212,28.28,28.38,28.62,28.0,7253,15299980.0,2.2,0.67,0.19,1.32,3.8605176774617465,-0.16363947699792591,28.932,28.70133333333333,28.906880212510856,3.9365499427138717,3.9240203634633684,3.9280080824520427,29.692,29.241999999999997,29.73015753342073,3.9571880153511976,3.933973751809371,3.956746499827294,31.595999999999997,30.34719047619048,31.24944657696154,3.9890758030896585,3.978657631173751,3.9987855020717773,33.12233333333333,31.597139784946236,32.42591920198004,4.033154258258483,4.005297679087551,4.034616171660463,35.93383333333334,33.81387431693989,34.36991823271765,4.132972490756084,4.072309089395414,4.116311403900838,7.1846908631120225
2024-06-24,sz001212,28.33,27.04,28.75,26.94,12284,25038861.0,6.38,-4.72,-1.34,2.24,4.089339807771031,0.22882213030928478,28.454,28.070666666666668,28.28458680834057,3.9496686716375833,3.9749503184824215,3.981785324225039,29.301,28.759818181818183,29.241037981889683,3.9487829709817817,3.958001350431159,3.9808543739988824,31.183999999999997,29.913285714285717,30.848546902965204,3.9933977900476405,3.9882065840005487,4.0074097216621825,32.822,31.204731182795697,32.07844054378778,4.037499129683173,4.0089225532496515,4.038146728828887,35.662166666666664,33.522273224043715,34.129593044759694,4.12908530881508,4.070878509625412,4.115427089273631,7.3986145692402445
2024-06-25,sz001212,26.99,26.93,27.47,26.5,10421,20894666.0,3.59,-0.41,-0.11,1.9,4.017909395896689,-0.07143041187434207,27.929999999999996,27.56266666666666,27.833057872227048,3.976121776449768,3.99769722656879,3.993826681448923,28.93,28.32872727272727,28.820849257909742,3.954846712572156,3.9705697913247784,3.9875916507075746,30.7845,29.50814285714286,30.475351959825662,3.9933291350543882,3.9905410226528386,4.008409690636897,32.558,30.824602150537633,31.74628308934986,4.035114580937269,4.007658699456975,4.0368410944461655,35.406666666666666,33.23597267759563,33.893540813783964,4.124722683012551,4.067233397726448,4.112229787851436,7.320035433363526
2024-06-26,sz001212,27.25,27.95,28.03,26.63,12226,24868925.4,5.2,3.79,1.02,2.23,4.087284391453761,0.06937499555707216,27.698,27.56933333333333,27.872038581484702,4.0158416854085806,4.034751431570121,4.024979251450536,28.678999999999995,28.15054545454546,28.66251302919888,3.971819349634989,3.9946493693032523,4.005717603570518,30.4395,29.23819047619048,30.234842249366075,4.0028560238467055,3.9994891423099217,4.01592156690517,32.312666666666665,30.52731182795699,31.501361599714386,4.040742402572355,4.011024493683846,4.04009550070472,35.167833333333334,32.99149180327869,33.69867062316809,4.123025804385589,4.066005912757308,4.111411906002331,7.395657019570976
2024-06-27,sz001212,27.86,27.48,28.2,27.45,8957,18571328.0,2.68,-1.68,-0.47,1.63,3.9521625742144626,-0.13512181723929872,27.556,27.49666666666667,27.741359054323137,4.001442769359539,4.013525061172083,4.000707025705179,28.409999999999997,27.932545454545455,28.447510660253627,3.9719699188059843,3.9910754101358843,3.9959803255057804,30.061500000000002,28.956333333333337,29.97247632085502,4.00356820742504,3.9946611947258988,4.009849281887008,32.031666666666666,30.21552688172043,31.24191891586185,4.038356282941089,4.005309666047853,4.034422408673091,34.94616666666666,32.739431693989076,33.49477978306422,4.11912199369424,4.060403839636943,4.106190616435516,7.268842960414556
2024-06-28,sz001212,27.37,27.32,27.9,27.24,7374,15099946.5,2.4,-0.58,-0.16,1.35,3.8677031332700977,-0.08445944094436486,27.344,27.418,27.600906036215427,4.002879860521209,3.968945182475602,3.9563723948934855,28.137999999999998,27.73436363636364,28.242508722025693,3.9697149016175404,3.9721178127657226,3.972657199644747,29.709000000000003,28.695238095238096,29.719859528392636,4.004531591321972,3.981721663853999,3.996311553447302,31.729,29.911548387096776,30.988891889032054,4.025767567795599,3.9942997854239173,4.023666326389027,34.712666666666664,32.48939344262295,33.29232798689818,4.111619122941831,4.052160598311562,4.098371354692388,7.178975408564962
2024-07-01,sz001212,27.16,27.67,27.69,27.0,7892,16050477.0,2.53,1.28,0.35,1.44,3.8971870765801535,0.02948394331005577,27.470000000000006,27.526666666666664,27.623937357476954,3.9644493142830335,3.9337142544952504,3.9366439554557084,27.962,27.649272727272727,28.13841622711193,3.957058992960308,3.9589309354861983,3.958935359087548,29.3815,28.501047619047625,29.52463481140286,4.001336509162584,3.9714983767357315,3.9868711270790023,31.401666666666664,29.649677419354845,30.774769831675147,4.014482790435625,3.9860042698616307,4.015506374788455,34.479000000000006,32.25848633879781,33.10798936437693,4.107928984797772,4.045130039414457,4.091775148852642,7.205487943618747
2024-07-02,sz001212,27.67,27.32,27.81,27.22,5223,10685510.5,2.13,-1.26,-0.35,0.95,3.7179200258369938,-0.17926705074315974,27.548000000000002,27.476666666666667,27.52262490498464,3.9044514402710946,3.8515378250132377,3.8637359789161367,27.738999999999997,27.532545454545453,27.98961327672794,3.940286608360431,3.9154511232819598,3.9151143894056286,29.101000000000006,28.304714285714283,29.314669591269254,3.981936573440115,3.9445063307047223,3.9612567364845255,31.087333333333333,29.386344086021506,30.551881455438043,4.000351550522245,3.966871188274622,3.996307255501264,34.233,32.0237650273224,32.9182192212826,4.101448174142108,4.032342860432137,4.079517603835736,7.028795275403869
2024-07-03,sz001212,27.41,26.81,27.51,26.8,6084,12228425.0,2.6,-1.87,-0.51,1.11,3.7841892053809607,0.06626917954396694,27.32,27.23066666666666,27.285083269989762,3.843832403056534,3.811450413383193,3.837220387737745,27.509000000000004,27.363636363636363,27.775138135504676,3.929837044232557,3.8870697772856917,3.8913098104920527,28.827999999999996,28.08652380952381,29.076129630195993,3.965514108178239,3.925673248032422,3.94439316209371,30.787,29.11038709677419,30.31046974863559,3.990346990867716,3.952925230523572,3.9826222200096315,33.995,31.780387978142073,32.7179497386176,4.096885790442114,4.021940927030132,4.069834705525744,7.087370524259752
2024-07-04,sz001212,26.96,25.66,26.96,25.38,11298,21767671.0,5.89,-4.29,-1.15,2.06,4.053001570400308,0.2688123650193477,26.956,26.677333333333333,26.74338884665984,3.8640002022937034,3.8811734691644517,3.909147448625266,27.256,27.02745454545455,27.390567565412915,3.932721485826621,3.90946332749801,3.9207083122935535,28.5375,27.784809523809525,28.75078395112971,3.9706167509782846,3.934005387291667,3.9547368200276716,30.402,28.779612903225804,30.010439442272006,3.98148517542458,3.956967461461158,3.9871628232606433,33.70316666666666,31.507109289617482,32.4865415504662,4.090436417683438,4.020502100143515,4.069282799456057,7.337811964826262
2024-07-05,sz001212,25.68,25.95,26.02,25.12,7301,13891635.72,3.51,1.13,0.29,1.33,3.863382348440788,-0.18961922195952052,26.682,26.342,26.478925897773227,3.863136045327841,3.8809675178801464,3.8938924152304404,27.012999999999998,26.79,27.128646189883295,3.9330079529245245,3.8968562116096774,3.9102854097748687,28.3525,27.53838095238095,28.48404262245069,3.945097984137861,3.9237925870500003,3.946036394162254,30.06833333333333,28.492387096774195,29.748475607286718,3.97038651970128,3.9493479242363967,3.9791769861754918,33.439499999999995,31.25290710382514,32.27222871274599,4.082810191209101,4.013057704430642,4.06253196499654,7.142753386295207
2024-07-08,sz001212,25.99,25.05,26.22,24.91,12701,23923002.0,5.05,-3.47,-0.9,2.32,4.1038379160256095,0.24045556758482167,26.157999999999998,25.798000000000002,26.002617265182153,3.9044662132169323,3.961201474779403,3.9638742488288305,26.814,26.433090909090907,26.750710518995422,3.9344577637499825,3.927916204900783,3.9454767745477306,28.057499999999997,27.223857142857145,28.156990944122054,3.941620367365882,3.9389106758012145,3.9610651105301926,29.727333333333334,28.16862365591398,29.445348148752092,3.973751114615088,3.9579576917411927,3.9872196268109836,33.14,30.977841530054643,32.035434328721536,4.078599728668271,4.013747138031183,4.063886258472904,7.378815676580169
2024-07-09,sz001212,25.01,25.59,25.63,24.55,10052,18747044.0,4.31,2.16,0.54,1.83,4.002252479920538,-0.1015854361050712,25.812,25.608666666666668,25.865078176788103,3.9613327040336417,3.993796897013938,3.9766669925260665,26.68,26.210545454545457,26.539672242814433,3.9328920721523675,3.9402425169317934,3.955799630070059,27.805,26.988857142857146,27.91251561611043,3.943869392362262,3.944685162711182,3.964987717138797,29.416333333333334,27.901698924731186,29.196616010122927,3.9731834474203813,3.959796489502835,3.9881894883019227,32.882,30.73030054644809,31.824108613025746,4.074311501682163,4.011243949547651,4.061865478848236,7.272932798693348
2024-07-10,sz001212,25.55,25.08,25.96,24.98,9038,16975531.22,3.83,-1.99,-0.51,1.65,3.956072336995183,-0.046180142925355216,25.466,25.364666666666665,25.60338545119207,3.9957093303564855,3.992043441334452,3.9698021073491057,26.393,25.91963636363636,26.27427728957544,3.9197708667065094,3.9444571105395783,3.955849213147354,27.536,26.729333333333333,27.64275222409991,3.945795108170749,3.945847347914317,3.9641386333155957,29.090666666666667,27.621935483870967,28.93102788043758,3.9751609714666407,3.958692546894758,3.986117414024069,32.617333333333335,30.474497267759563,31.602990297844574,4.072563338747186,4.007367255623488,4.0583968512464965,7.229823373662693
2024-07-11,sz001212,25.61,26.08,26.29,25.35,11082,21305328.0,3.75,3.99,1.0,2.02,4.044618145823885,0.08854580882870211,25.549999999999997,25.56933333333333,25.762256967461383,3.9940326454412007,4.008346379823585,3.9947407868406994,26.253000000000004,25.86272727272727,26.23895414601627,3.929016423867452,3.967156615833646,3.971989019088541,27.3315,26.59066666666667,27.493918678947537,3.950493171336718,3.955259065786045,3.9718033487925757,28.791999999999998,27.427698924731185,28.747090597828706,3.9787176129058444,3.963173654917806,3.989891654785348,32.391,30.260158469945356,31.421908648734913,4.069611522342019,4.006451019789936,4.057945090412968,7.328488224642717
2024-07-12,sz001212,25.91,25.92,26.46,25.76,8171,15815200.96,2.68,-0.61,-0.16,1.49,3.9122752104988123,-0.1323429353250729,25.544,25.692666666666664,25.81483797830759,4.003811217852806,3.9810939015094555,3.967252261393404,26.113,25.802181818181815,26.180962483104217,3.933473631590323,3.9641127588575302,3.9611319629813178,27.1255,26.456238095238092,27.344021661904915,3.9515942666039314,3.951619259991958,3.966134002288408,28.51033333333333,27.242408602150537,28.564697656033307,3.9808456047447556,3.9588870483109004,3.9848841422507326,32.192,30.047994535519127,31.241518201235408,4.062634771053758,4.00129245218852,4.053169028776438,7.199074714763571
2024-07-15,sz001212,25.92,25.12,25.95,24.92,7120,13321252.0,3.97,-3.09,-0.8,1.3,3.8524799936368566,-0.05979521686195577,25.558,25.551333333333336,25.583225318871726,3.9535396333750557,3.9306501601041393,3.9289948388078884,25.857999999999997,25.621636363636366,25.988060213448904,3.929002923295994,3.949386642865991,3.9413770594641426,26.910000000000004,26.26523809523809,27.13221007505683,3.9430309581281504,3.942179805423666,3.95530981098826,28.207,27.02367741935484,28.342459097579546,3.977225313873721,3.9506053959813583,3.9763419391143535,32.025,29.816125683060108,31.040812686440802,4.053248476655182,3.994402131617474,4.046589060411206,7.124545043988858
2024-07-16,sz001212,25.04,24.95,25.24,24.78,6721,12435810.3,1.83,-0.68,-0.17,1.23,3.8274338954007794,-0.025046098236077174,25.43,25.348666666666666,25.372150212581154,3.9185759164711036,3.8886149141127144,3.8951411910055187,25.621,25.456545454545452,25.799321992821827,3.939954310252373,3.9309195468850433,3.920660120543531,26.68,26.07857142857143,26.924380544099037,3.9401204593064016,3.931170561354392,3.9431311523608805,27.941,26.813548387096773,28.123590768703448,3.9679424857108674,3.940941433499234,3.9667349685521875,31.821,29.58415846994535,30.841113909836185,4.0458808816714535,3.9869983748550353,4.039403645164962,7.094674088548737
2024-07-17,sz001212,25.03,24.65,25.11,24.65,5160,9461268.93,1.84,-1.2,-0.3,0.94,3.7126497016272113,-0.11478419377356808,25.344,25.088666666666665,25.131433475054102,3.869891389397509,3.819972842498083,3.834310694546083,25.405,25.279999999999998,25.59035435776331,3.9328003598769974,3.8895914362259227,3.882840044376927,26.457,25.885238095238094,26.707772873232464,3.931318702054777,3.909506679670659,3.921180538005293,27.687,26.601225806451612,27.899488138464516,3.954609525411158,3.924470931300288,3.9503423706860605,31.616833333333332,29.349043715847,30.63812656853008,4.038378819384653,3.9760727623945686,4.028690401114544,6.975949387177656
2024-07-18,sz001212,24.55,24.96,25.04,23.82,14186,25728325.62,4.95,1.26,0.31,2.59,4.151859955512512,0.43921025388530044,25.12,24.960666666666665,25.074288983369403,3.8913397513352352,3.9139623645364177,3.9401604482015595,25.335,25.199090909090906,25.475744474533617,3.9426861983882175,3.929420453614198,3.9317527554924876,26.295499999999997,25.742666666666672,26.541318313876992,3.937703842107419,3.930510608571397,3.9431500063393137,27.470000000000002,26.425290322580647,27.709843742434547,3.961306566781595,3.9371967655003743,3.963343505190993,31.46,29.130786885245904,30.45195848431598,4.0295398311941435,3.9797934553823673,4.032728747160379,7.410411523573111
2024-07-19,sz001212,25.63,27.37,27.37,24.98,39680,78920036.0,9.58,9.66,2.41,7.24,4.598571663482141,0.4467117079696292,25.410000000000004,25.710666666666665,25.83952598891294,4.0285990419319,4.149706335252053,4.159630853295087,25.476999999999997,25.569090909090914,25.820154570072958,4.016205129892353,4.048672356358548,4.052992556945151,26.244999999999997,25.845,26.62024037922204,3.974606541408439,3.9934504010832743,4.0055711165433925,27.394000000000002,26.41883870967742,27.687918339696836,3.968800366056025,3.9783106427068615,4.004325967016229,31.355166666666666,28.996688524590162,30.35091066515808,4.034018606160331,3.9984502367688584,4.051280973925027,7.897187274687069
2024-07-22,sz001212,27.35,27.68,27.95,26.63,47199,95808609.03,4.82,1.13,0.31,8.61,4.673932797382339,0.07536113390019761,25.922000000000004,26.467333333333332,26.45301732594196,4.192889602680998,4.364817587068866,4.3310648346575045,25.74,25.96963636363636,26.15830828460515,4.073214618028026,4.168259204993091,4.165890782479185,26.276999999999997,25.981666666666666,26.721169866915176,4.003836190889004,4.0600529016522175,4.069224609956625,27.285,26.43729032258064,27.687407479071233,3.9854851175865966,4.02380305763114,4.047526407685011,31.24866666666667,28.87619125683061,30.263339823677487,4.043318987418752,4.019431029923677,4.071695787808873,7.9814045350309275
2024-07-23,sz001212,27.71,30.36,30.36,27.46,60386,131267283.5,10.48,9.68,2.68,11.02,4.780936262669053,0.10700346528671467,27.003999999999998,27.946666666666665,27.755344883961307,4.383590076134651,4.560833140398218,4.481021977328021,26.217000000000002,26.809636363636358,26.922252232858757,4.151082996302877,4.296935867655096,4.277717233422797,26.448500000000003,26.37052380952381,27.067725117685157,4.041987534227623,4.134062432297936,4.137006672119713,27.275666666666666,26.635677419354835,27.85983280300212,4.0129405936758005,4.075122486346138,4.094843172522691,31.147166666666667,28.847054644808743,30.26650900978642,4.04958223554052,4.043615202882704,4.0949495738698625,8.118156497864689
2024-07-24,sz001212,30.94,33.29,33.29,30.94,51037,125055899.18,7.74,9.65,2.93,9.31,4.707885138249601,-0.07305112441945205,28.732,30.041999999999998,29.60022992264087,4.58263716345913,4.668931494436536,4.556643030968548,27.038,28.09563636363636,28.080024554157163,4.226264276428319,4.398172620736318,4.355929579754942,26.715500000000002,27.02209523809524,27.660322725524665,4.073017571567414,4.1974812517286,4.191376049846369,27.37,27.02369892473118,28.210166170550373,4.039284830923273,4.1199576182541255,4.134394267085718,31.099,28.91731147540984,30.36563986192457,4.058638628489521,4.06519890461087,4.115045821882313,8.0971041832388
2024-07-25,sz001212,34.57,36.53,36.53,34.45,92205,249797282.28,6.25,9.73,3.24,16.82,4.964754472176539,0.25686933392693767,31.046,32.641333333333336,31.910153281760582,4.745216066791935,4.7963039306756725,4.692680178037879,28.083,29.821454545454547,29.61638372612859,4.3182779090635846,4.532443565417813,4.466625014740687,27.168,27.956809523809525,28.505053894522316,4.123647166465519,4.282408575596136,4.2650311376873375,27.581999999999997,27.614666666666665,28.746929643418092,4.0730880839123405,4.179665337044658,4.1879658932206105,31.107666666666667,29.095377049180332,30.56775003038606,4.072813804464315,4.094907620797331,4.1429051218919595,8.397587709069262
2024-07-26,sz001212,34.72,32.97,34.72,32.97,31267,78356122.12,4.79,-9.75,-3.56,5.7,4.495086213639859,-0.4696682585366796,32.166,33.282666666666664,32.26343552117372,4.724518976823479,4.712927312958313,4.626815523238539,28.788,30.71,30.226132139559752,4.376559009377689,4.564590529886226,4.4717997781769006,27.450499999999998,28.509380952380948,28.93028685694876,4.155016320484006,4.317783722946073,4.286941144920911,27.679666666666666,27.962279569892477,29.019385795455634,4.093249180861851,4.20689102283353,4.207780107441208,31.051333333333336,29.15643715846994,30.64651232447176,4.076378320814791,4.10875261781948,4.154452042932874,7.89407293442378
2024-07-29,sz001212,29.78,31.47,32.77,29.77,140476,317756581.76,9.1,-4.55,-1.5,25.62,5.147602132369971,0.6525159187301117,32.92399999999999,33.050666666666665,31.998957014115813,4.819252843821006,4.853955031473811,4.8004110596156835,29.422999999999995,31.197636363636366,30.45228993236707,4.506071223251001,4.704780188612095,4.594672933484731,27.640499999999996,28.892190476190475,29.172164299144118,4.217537073273497,4.412315705030451,4.368908858011298,27.747666666666664,28.206817204301075,29.177489937684307,4.130711046502434,4.274913793898571,4.26841378646887,30.976499999999998,29.170163934426228,30.67351192039072,4.092460499909699,4.143874710001616,4.187014340947205,8.502094554953647
2024-07-30,sz001212,30.17,29.78,30.77,29.72,87083,196258631.36,3.34,-5.37,-1.69,15.88,4.9399333820250435,-0.2076687503449275,32.808,32.00266666666666,31.25930467607721,4.851052267692203,4.894181877541824,4.846918500418804,29.906,31.262545454545453,30.330055399209417,4.617321171913427,4.783664217480104,4.657447560492061,27.7635,29.095952380952387,29.230053413511346,4.2786377410829,4.48111535348298,4.4232921460126065,27.755333333333333,28.33793548387096,29.216361554607904,4.16585403017541,4.327121686512932,4.311737631343463,30.84916666666667,29.130934426229512,30.64421644759102,4.104538708159027,4.171660706136546,4.2117002111464785,8.29282876589927
2024-07-31,sz001212,29.21,29.82,30.17,28.52,83073,182917349.19,5.54,0.13,0.04,15.15,4.919459894345338,-0.02047348767970547,32.114,31.006666666666668,30.77953645071814,4.89336721891135,4.916984419759535,4.871098965060982,30.423000000000002,31.24690909090909,30.237318053898612,4.73800219118524,4.838598530649542,4.705086166647202,27.913999999999998,29.29180952380952,29.28623880270074,4.335401275531118,4.54214603474607,4.470546217282391,27.779,28.47113978494624,29.25530597043965,4.200213198431598,4.375741419685186,4.350945519279068,30.72533333333333,29.097191256830598,30.61719295750607,4.1189019379996195,4.19837943355249,4.234905446661195,8.262254899025628
2024-08-01,sz001212,29.78,30.08,30.08,29.32,66196,146449821.27,2.55,0.87,0.26,12.07,4.820831747288454,-0.09862814705688372,30.824,30.328666666666663,30.546357633812093,4.864582673933734,4.892805929218571,4.854343225803473,30.934999999999995,31.184545454545454,30.20871477137159,4.804899370362834,4.853658449941036,4.7261308176728845,28.135,29.49809523809523,29.361835107205433,4.373792784375526,4.588377508246768,4.503906743949635,27.842,28.619591397849465,29.3085120368629,4.226769018192558,4.415781326063047,4.381260759795802,30.620333333333335,29.076032786885243,30.59958007365341,4.131248317661446,4.221393525660321,4.254116145042416,8.165688845997131
2024-08-02,sz001212,29.68,28.65,30.04,28.6,48070,105030968.13,4.79,-4.75,-1.43,8.77,4.681874122128647,-0.13895762515980703,29.96,29.604,29.914238422541395,4.901940255631492,4.831903078616875,4.796853524578531,31.063,30.76909090909091,29.925312085667663,4.813229616227485,4.831290222989366,4.71808414575575,28.27,29.547142857142862,29.294041287471583,4.4147173730599185,4.61771858803278,4.520856018061922,27.851000000000003,28.671720430107523,29.26602738932336,4.254147566348121,4.445142945671828,4.400655170268889,30.486666666666668,29.01143169398907,30.535659415500838,4.143650912303302,4.23944683072482,4.268140996750161,8.021317368641688
2024-08-05,sz001212,28.38,30.01,30.41,27.99,81095,178562191.2,8.45,4.75,1.36,14.79,4.9089940781402515,0.22711995601160417,29.668,29.62066666666667,29.94615894836093,4.854218644785547,4.834254352786462,4.834233709099105,31.296000000000003,30.577636363636362,29.940709888273542,4.836735744303276,4.848701943337142,4.752795042552932,28.518,29.712857142857143,29.36222783152191,4.454975181165651,4.664792559945192,4.557821547593191,27.95,28.81101075268817,29.314025622270243,4.2814693753604285,4.4873911077229325,4.4334512288412355,30.386000000000003,28.99580327868852,30.518424680566387,4.159484252521801,4.26454004927685,4.28915257318918,8.251789506671855
2024-08-06,sz001212,29.63,29.78,30.63,29.03,60753,134019599.3,5.33,-0.77,-0.23,11.08,4.783567728381902,-0.12542634975834943,29.668,29.658,29.890772632240623,4.822945514056919,4.8107040473185805,4.817345048860037,31.238,30.302,29.91148990858744,4.83699889087456,4.839035031351437,4.758390076340017,28.7275,29.833047619047623,29.402015657091255,4.494040943588719,4.696087088251502,4.579321183858783,28.045,28.929075268817208,29.344088485349584,4.306991319776602,4.51978454985335,4.456039390101924,30.301499999999997,28.975934426229504,30.494214035301912,4.171052950356935,4.285001802583739,4.305362906146318,8.127168315121617
2024-08-07,sz001212,29.52,29.26,29.62,28.6,40442,87806926.48,3.43,-1.75,-0.52,7.38,4.606832624848885,-0.1767351035330167,29.556,29.522,29.68051508816042,4.760420060157628,4.738666417582569,4.747174240856321,30.835,29.942363636363634,29.793037197935178,4.826893639534489,4.797186619346768,4.730834176068902,28.936500000000002,29.883761904761904,29.388490356415897,4.526578957981404,4.706829153133422,4.581941321095935,28.088666666666665,29.0074623655914,29.338663421778644,4.324309594223107,4.539129150180594,4.465767985892051,30.200666666666667,28.941786885245904,30.45374800135759,4.182525998397731,4.299289660763804,4.315247159218533,7.943528775739753
2024-08-08,sz001212,28.97,27.63,28.98,27.52,42512,89104545.23,4.99,-5.57,-1.63,7.75,4.628511537066203,0.021678912217317325,29.066000000000003,28.880000000000003,28.99701005877361,4.721956018113178,4.694696909885427,4.707620006259615,29.945000000000004,29.359636363636362,29.399757707401506,4.793269346023456,4.761117146170717,4.712230059886593,29.014000000000003,29.759333333333338,29.221015084376287,4.55577362754352,4.716537017808166,4.5863765797597695,28.093666666666664,28.97787096774194,29.228427071986474,4.346854559651498,4.558755081976924,4.476267569838771,30.06266666666667,28.857502732240434,30.36116609967373,4.192605421296293,4.313912137441458,4.325518122426653,7.949899857998277
2024-08-09,sz001212,27.77,27.38,28.29,27.29,28108,57976900.11,3.62,-0.9,-0.25,5.13,4.448829944865182,-0.1796815922010211,28.812,28.317999999999998,28.458006705849076,4.675347182660485,4.603654885469429,4.621356652461471,29.386000000000003,28.89327272727273,29.0325290333285,4.788643719145988,4.698491800505576,4.6643391298827,29.087,29.603714285714293,29.045680314435685,4.582601364261839,4.7063519051721325,4.573276900245999,28.095666666666666,28.93182795698925,29.109173712503477,4.366225453371333,4.565334139087484,4.474497400485637,29.912333333333333,28.76954644808743,30.263422948864754,4.195996510583466,4.322312941492897,4.329561132998407,7.763254990923917
2024-08-12,sz001212,27.39,27.15,27.84,26.93,18957,38424807.47,3.32,-0.84,-0.23,3.46,4.27776961008365,-0.17106033478153115,28.24,27.764,28.022004470566053,4.549102289049165,4.471129027943817,4.5068276383355315,28.954,28.486727272727272,28.690251027268772,4.701660466917356,4.605605598857879,4.594053762646509,29.188499999999998,29.419238095238097,28.865139332108477,4.603865845084178,4.677320309536115,4.545133348801966,28.078333333333333,28.870817204301076,28.982775408470996,4.37891153782145,4.5596273104882785,4.461805284975832,29.740000000000002,28.678978142076502,30.161343507918367,4.196697164128537,4.324994026722411,4.327863050279889,7.584611700116452
2024-08-13,sz001212,27.16,28.59,29.47,26.94,49528,104130617.06,9.32,5.3,1.44,9.03,4.694850791004849,0.4170811809211985,28.002,27.880666666666666,28.211336313710703,4.531358901573753,4.519711861929045,4.569502022558638,28.834999999999997,28.420545454545458,28.672023567765358,4.677152207815337,4.604367475964694,4.612380495075298,29.3705,29.362238095238098,28.838935586193386,4.647236689864382,4.68598554248094,4.559392152821288,28.12066666666667,28.90382795698925,28.957435059537385,4.411475896660378,4.580010488113014,4.476840478913188,29.604,28.64127322404372,30.109824048642352,4.205913723591312,4.341326932521634,4.339895435221692,8.017578441952574
2024-08-14,sz001212,28.59,28.87,29.5,28.49,47117,101982538.36,3.53,0.98,0.28,8.59,4.673177630571002,-0.021673160433846483,27.924,28.169999999999998,28.430890875807137,4.544627902718178,4.566984771594794,4.604060558562759,28.74,28.426909090909092,28.70801928271711,4.652523981437903,4.603644825556634,4.62343451971088,29.5815,29.314571428571426,28.841894101794015,4.695263086311572,4.688456108262524,4.570228864987928,28.18933333333333,28.95217204301075,28.95179408795433,4.441108844166714,4.596894470945957,4.489507391923371,29.488166666666665,28.61720765027322,30.069174079834408,4.215727917517214,4.35664706061933,4.3508227203151115,8.0085258174179
2024-08-15,sz001212,28.68,28.97,29.24,27.97,29576,62899634.05,4.4,0.35,0.1,5.1,4.47093943756505,-0.20223819300595203,28.192,28.518666666666665,28.61059391720476,4.513113482817947,4.5424219498770855,4.559686851563523,28.629,28.46872727272727,28.755652140404905,4.617534750465562,4.570629453943388,4.595708141138911,29.782,29.25633333333333,28.854094663527917,4.7112170604141985,4.667091951239045,4.560772729042892,28.299666666666667,29.002537634408604,28.952968662925016,4.455040106405538,4.598819025358753,4.488309459384125,29.350833333333334,28.600218579234976,30.033135585413607,4.218262640915059,4.365014651440569,4.3547609733397,7.798648118727813
2024-08-16,sz001212,28.9,27.97,29.39,27.85,28279,60187445.61,5.32,-3.45,-1.0,4.87,4.451464047905606,-0.019475389659444176,28.310000000000002,28.444666666666663,28.397062611469842,4.5136403034260315,4.521872138239639,4.523612583677551,28.560999999999996,28.348909090909093,28.61280629669492,4.594493743043258,4.54043478075067,4.569481942369219,29.812,29.0837619047619,28.769895171763352,4.703861679635372,4.64235356909537,4.550362378458389,28.367,28.9812688172043,28.889551329833083,4.474642829721032,4.598588311907145,4.48593233606293,29.217666666666666,28.554945355191254,29.965491795727914,4.222514674711156,4.372660599210752,4.357931565948419,7.779505912006927
2024-08-19,sz001212,27.48,26.59,27.68,26.48,36780,73732781.82,4.29,-4.93,-1.38,6.34,4.565611724902059,0.11414767699645267,28.198,27.871333333333332,27.794708407646564,4.571208726389714,4.5391959453983155,4.537612297419054,28.219,27.990545454545455,28.24502333365948,4.560155507719439,4.535183504724997,4.568778266466099,29.7575,28.776904761904763,28.562286107785887,4.698445626011358,4.629186906739816,4.55181469716731,28.418333333333333,28.866623655913976,28.74119317952127,4.490035290016914,4.604457272886566,4.491072941794487,29.072833333333335,28.46879234972678,29.854819933572898,4.231893202316001,4.383909682823568,4.364740751487882,7.867660619448805
2024-08-20,sz001212,26.6,25.9,26.89,25.73,25728,50020559.09,4.36,-2.59,-0.69,4.43,4.410406027068357,-0.15520569783370153,27.659999999999997,27.10533333333333,27.163138938431043,4.514319773602415,4.48559504562453,4.495210207302155,27.831,27.56890909090909,27.8186554548123,4.522839337588085,4.5079563264248,4.539983313848327,29.5345,28.409523809523808,28.308735049901514,4.679919114231323,4.601754563983341,4.538347204776933,28.428666666666665,28.704150537634412,28.55789039374571,4.503640408255174,4.599319901083433,4.4858686247153825,28.9225,28.364765027322406,29.725153706242637,4.238411927837777,4.389762562323646,4.366237973638062,7.699148541619692
2024-08-21,sz001212,25.89,26.16,26.31,25.76,15496,30010849.43,2.12,1.0,0.26,2.67,4.190219607711055,-0.22018641935730265,27.117999999999995,26.60533333333333,26.828759292287362,4.417728169030426,4.377561656994076,4.393546674105122,27.520999999999997,27.265090909090908,27.517081735755518,4.481178035874302,4.447480011901703,4.47638991273246,29.177999999999997,28.088142857142852,28.10409361657756,4.654035837704396,4.5551165157433156,4.505192195532564,28.46466666666667,28.55778494623656,28.4031877876976,4.511445317279037,4.579099204274135,4.466794494586071,28.77766666666667,28.274191256830598,29.608263420792056,4.243303144372838,4.388182486253918,4.3604668796732415,7.477278287912056
2024-08-22,sz001212,26.5,25.69,26.5,25.61,18424,35353509.3,3.4,-1.8,-0.47,3.17,4.265383924956175,0.07516431724511996,26.462,26.12933333333334,26.44917286152491,4.376617066508651,4.326780242302659,4.35082575772214,27.326999999999998,26.93218181818182,27.184885056527243,4.444865274663298,4.408244719007499,4.438025187682226,28.636000000000003,27.75595238095238,27.87417993880827,4.619067310343377,4.5181020478625324,4.482353312620527,28.451666666666664,28.378774193548388,28.228143414297755,4.518804176583447,4.563224275737176,4.453800264287368,28.621833333333335,28.172956284153003,29.479795767651332,4.248760894744645,4.388906446273043,4.357349405748091,7.548432529702391
2024-08-23,sz001212,25.78,25.37,25.85,25.2,13926,26249007.72,2.53,-1.25,-0.32,2.4,4.143826390839561,-0.1215575341166133,25.941999999999997,25.765333333333334,26.089448574349944,4.315089535095442,4.249183350412963,4.2818259687612805,27.125999999999998,26.576363636363638,26.85490595534047,4.414364919260737,4.353510376494092,4.384534497347196,28.256,27.44490476190476,27.63568661130272,4.601504319203363,4.472841007909787,4.450112653403291,28.433333333333334,28.179956989247312,28.043747064988224,4.526522549261471,4.539032160527893,4.433801949871381,28.471833333333333,28.066338797814208,29.345048365433254,4.253684077003113,4.385465970735171,4.350348651160926,7.419112890603928
2024-08-26,sz001212,25.61,25.86,26.02,25.37,14562,27882143.0,2.56,1.93,0.49,2.51,4.163221026715578,0.019394635876016864,25.796000000000003,25.738000000000003,26.012965716233296,4.234611395458146,4.198560514286342,4.24229098807938,26.997000000000003,26.34618181818182,26.674013963460386,4.402910060923929,4.30784785057679,4.3442956845050835,27.9755,27.216714285714286,27.46657360070246,4.552285263920643,4.431099741958569,4.422789641337794,28.458000000000002,28.013935483870963,27.90286015756963,4.536880583697429,4.515593352621706,4.416345116119395,28.332499999999996,27.980704918032785,29.230784484599376,4.257052948785574,4.3824999690864,4.344213319211899,7.445326150247623
2024-08-27,sz001212,25.85,25.78,26.56,25.39,21288,40822697.43,4.52,-0.31,-0.08,3.67,4.328134861543332,0.1649138348277539,25.772000000000002,25.732666666666667,25.935310477488866,4.218157162353141,4.229735002981404,4.270905612567364,26.715999999999998,26.12490909090909,26.511465970103952,4.366238467977778,4.294252359780319,4.341357353057492,27.7755,27.00761904761905,27.305947543492703,4.521695337896557,4.409752084589303,4.413774900404989,28.485666666666663,27.841161290322578,27.76590143772643,4.55357061590218,4.502125886676281,4.410654131953198,28.213333333333335,27.897016393442627,29.117644009694477,4.260756550806524,4.384830523603047,4.343686156665388,7.610901698083621
2024-08-28,sz001212,25.07,25.44,25.94,24.98,17699,33575288.96,3.72,-1.32,-0.34,3.05,4.247948729257255,-0.08018613228607752,25.628000000000004,25.622,25.77020698499258,4.22970298666238,4.239665525282775,4.263253318130661,26.373,25.892909090909093,26.316653975539595,4.323715577846403,4.272745134558405,4.324373966911994,27.5565,26.78519047619048,27.128238253636255,4.488119779642153,4.383680979004606,4.397981931724252,28.512,27.644666666666673,27.61584328045376,4.5714139168231815,4.482408345602415,4.400157009198621,28.099499999999995,27.806087431693985,28.997065517573343,4.26301172111717,4.384410595027661,4.34054722461922,7.52601975903825
2024-08-29,sz001212,25.42,26.16,26.47,25.11,25740,49744867.29,5.35,2.83,0.72,2.53,4.410608542568368,0.16265981331111323,25.722,25.799333333333333,25.900137989995056,4.25874791018482,4.299967377251438,4.312371726276563,26.092000000000002,25.854181818181818,26.288171434532394,4.317682488346735,4.288543855416945,4.340052980667697,27.360500000000002,26.652190476190473,27.03602508662328,4.467608619406149,4.376298956426151,4.399184466090358,28.552,27.492924731182793,27.52191790752126,4.580038869725043,4.472033805327912,4.4008313016740885,28.011000000000003,27.742497267759557,28.90404697601356,4.270672718253319,4.389249835075241,4.342844317010995,7.696748276586735
2024-08-30,sz001212,26.05,26.22,26.65,25.52,26140,50645999.69,4.32,0.23,0.06,2.57,4.417305583244525,0.006697040676157506,25.892000000000003,25.965333333333334,26.006758659996706,4.313443748665812,4.352819934938007,4.347349678599217,25.917,25.877454545454544,26.275776628253773,4.314266641880627,4.30665714539836,4.354098908408939,27.238999999999997,26.543571428571425,26.958308411706778,4.454380192461942,4.3715081910774245,4.400910286771707,28.513666666666666,27.34247311827957,27.43792320381021,4.573996667050457,4.461534883619491,4.4018941585496005,27.953833333333332,27.68377595628415,28.81604543581639,4.2713985165532415,4.394057469992987,4.345285670002258,7.704545147995045
2024-09-02,sz001212,26.02,25.48,26.34,25.44,16294,31195542.52,3.43,-2.82,-0.74,1.6,4.212027711974624,-0.20527787126990127,25.816000000000003,25.827999999999996,25.831172439997804,4.323205085717621,4.3190145893742775,4.3022423563910195,25.806,25.798,26.131089968571267,4.278908240587883,4.288068249051815,4.328267781784517,27.0125,26.376047619047622,26.81751713440137,4.419531874153661,4.3484270024595855,4.382921470124366,28.440333333333335,27.14675268817204,27.31160557775794,4.558599830870199,4.438182047808146,4.389644710383473,27.862666666666666,27.602666666666675,28.706666896937165,4.272042474228398,4.392110886236309,4.340916556624302,7.494092542824005
2024-09-03,sz001212,25.26,26.15,26.18,25.26,21957,42260024.57,3.61,2.63,0.67,2.16,4.341573001877846,0.12954528990322167,25.889999999999997,25.939333333333334,25.93744829333187,4.3258927137845244,4.325137228094352,4.315352571553295,25.831,25.860545454545456,26.134528156103762,4.272024938068832,4.299461842013627,4.330686912710577,26.831,26.293904761904763,26.753944073982193,4.397432137828458,4.341002347957127,4.378983520767554,28.3,26.99898924731183,27.23666328241872,4.543954388843826,4.424180316905413,4.386543309834723,27.78783333333333,27.54651366120219,28.62284175277529,4.278447491259813,4.3943905756674395,4.3409380794195,7.625929745215403
2024-09-04,sz001212,25.9,26.39,26.64,25.55,37296,72558508.18,4.17,0.92,0.24,3.67,4.571662256176501,0.23008925429865545,26.080000000000002,26.105999999999998,26.088298862221247,4.390635419168373,4.407060408891679,4.400789133094364,25.853999999999996,25.96218181818182,26.180977582266713,4.310169202915377,4.353941354396838,4.3745006115225635,26.6875,26.251904761904765,26.719282733602935,4.395673619394839,4.357595692561702,4.397333876520787,28.07,26.875763440860222,27.182039844843324,4.539413626108056,4.425967921249457,4.398486467663225,27.720000000000002,27.500683060109285,28.549633826454787,4.289349228515664,4.404004174517167,4.3485028065262865,7.860688344947101
2024-09-05,sz001212,26.41,26.24,26.68,25.98,24818,48428035.31,2.65,-0.57,-0.15,2.44,4.394766780226321,-0.17689547595018063,26.096000000000004,26.159333333333333,26.1388659081475,4.387467066699964,4.408437529244328,4.39878168213835,25.909,26.03236363636364,26.19170893094549,4.323107488442391,4.369322732089738,4.378185369468701,26.618000000000002,26.209285714285713,26.673636758974084,4.3839863815528455,4.357509326926604,4.39708939115941,27.727,26.757698924731184,27.121263080659883,4.520414036376382,4.416635866676442,4.398246487828586,27.6545,27.452158469945356,28.47390812722676,4.296751060144361,4.407460487688009,4.350019658123009,7.6850968503941886
2024-09-06,sz001212,26.02,25.48,26.28,25.37,19126,36517451.47,3.47,-2.9,-0.76,1.88,4.281624151440202,-0.11314262878611903,25.948,25.953999999999997,25.919243938765003,4.360330780339099,4.373156557491074,4.359729171905634,25.919999999999998,25.954363636363638,26.062307307137218,4.336887264502456,4.361780307180249,4.36062878437261,26.523000000000003,26.100904761904765,26.559957067643218,4.375626091881596,4.347760543106354,4.386092701662343,27.477333333333334,26.612731182795695,27.01537513997215,4.51329863430306,4.401230067648301,4.3907224661261095,27.578500000000002,27.38086338797815,28.375747205022602,4.303273907582455,4.4069645234682,4.347777182494064,7.562500460780746
2024-09-09,sz001212,25.11,25.17,25.7,24.86,17371,32467711.01,3.3,-1.22,-0.31,1.71,4.239824820288267,-0.04179933115193446,25.886000000000003,25.694666666666667,25.669495959176672,4.365890202001827,4.332987904140797,4.319761054699845,25.851,25.818,25.90006961493045,4.344547643859724,4.344132590050396,4.338664427266366,26.424,25.972047619047615,26.42758020405815,4.373728852391826,4.334827088668894,4.372162427245764,27.267333333333333,26.463870967741933,26.89631867932879,4.483039390567003,4.3835865957763795,4.380987134136571,27.5075,27.301896174863387,28.270640739284158,4.306875218534718,4.404884225524128,4.3442377607823985,7.511451671725249
2024-09-10,sz001212,25.35,25.33,25.47,24.81,13950,25957562.3,2.62,0.64,0.16,1.37,4.144574207609616,-0.09525061267865098,25.721999999999998,25.509333333333334,25.556330639451115,4.326490443148182,4.259215906010059,4.261365439003102,25.806,25.723272727272725,25.796420594034004,4.326191578466352,4.307773783459467,4.303375296419684,26.261000000000003,25.867857142857144,26.32304875605261,4.346215023222065,4.313002836784873,4.350487358708989,27.119000000000003,26.33888172043011,26.795265861307577,4.456527418086489,4.361750132359774,4.365734687263865,27.437166666666666,27.23050273224044,28.174226288815824,4.31119072413095,4.399562880903633,4.337691414776733,7.414263905024796
2024-09-11,sz001212,25.27,26.57,26.99,25.03,54119,106043833.92,7.74,4.9,1.24,5.32,4.733349763193615,0.5887755555839984,25.758,25.791999999999998,25.894220426300745,4.358827944551605,4.394835679358538,4.418693547066606,25.919,25.86218181818182,25.93707139511873,4.374731681859989,4.38180254431897,4.381552472196762,26.145999999999997,25.897285714285715,26.34656792214284,4.3492236298531965,4.34987281202026,4.386950444850382,27.010666666666665,26.3034623655914,26.780732579932895,4.450323747048098,4.379609638495717,4.389451788936753,27.394833333333334,27.20207103825136,28.12162870557596,4.325268472739848,4.413404160872901,4.350663819642861,8.025485420873585
2024-09-12,sz001212,26.44,25.66,27.28,25.48,42272,82614248.28,6.77,-3.42,-0.91,4.16,4.6260527959344335,-0.10729696725918103,25.642000000000003,25.759333333333338,25.816146950867164,4.405085147693227,4.48391062981948,4.4878132966892155,25.869,25.81509090909091,25.88669477782441,4.396276107196595,4.4274972923325056,4.426007076512702,25.9805,25.850999999999996,26.281180500986377,4.356979297771665,4.3762374945041875,4.409722097334577,26.863333333333337,26.216322580645162,26.708427252195293,4.443831115336297,4.390946996488384,4.404716370033378,27.352666666666668,27.1451912568306,28.040919567688224,4.335300066764428,4.423265941961248,4.359692966406518,7.917054955501249
2024-09-13,sz001212,25.66,24.91,25.78,24.91,24448,45688800.8,3.39,-2.92,-0.75,2.4,4.388243336895596,-0.23780945903883755,25.528,25.515333333333334,25.51409796724478,4.426408984784306,4.478296692886937,4.454623310091343,25.738,25.64072727272727,25.70911390912906,4.393369882561702,4.426036788641414,4.419140942036864,25.827499999999997,25.74904761904762,26.150591881844818,4.353818262221164,4.379215022039799,4.407676501102293,26.738666666666667,26.090301075268812,26.592399687537533,4.434043422495195,4.387360688201887,4.403653593701908,27.29483333333333,27.065103825136607,27.93826646710828,4.344095494421658,4.425001786883581,4.360629044127472,7.6598097592205665
2024-09-18,sz001212,24.91,24.68,25.2,23.95,19547,35425686.0,5.02,-0.92,-0.23,1.92,4.2910801129635265,-0.09716322393206944,25.43,25.232666666666667,25.23606531149652,4.436660043319359,4.433187068946678,4.400108911048737,25.657999999999998,25.448363636363634,25.52200228928741,4.401275122660593,4.407438648714474,4.395857154932621,25.732,25.639761904761908,26.01053551214531,4.340091681624238,4.373239960205739,4.396572083184315,26.560999999999996,25.95748387096774,26.469019062535114,4.4134462903226375,4.378137248877263,4.3963907884929805,27.255499999999998,26.979371584699454,27.83143805835063,4.347457832841533,4.423263577655446,4.358348751302424,7.549318268887881
2024-09-19,sz001212,24.74,25.07,25.21,24.52,16011,29605491.32,2.8,1.58,0.39,1.57,4.20441845752325,-0.0866616554402766,25.378,25.112666666666666,25.180710207664347,4.448628893302084,4.355773207014641,4.334878759873575,25.55,25.341454545454546,25.439820054871518,4.3875596682251325,4.371646527780411,4.361050119040008,25.690499999999997,25.576714285714285,25.920960701464804,4.3297923031469825,4.360318700767549,4.378271737883262,26.404,25.86129032258064,26.37875976817801,4.39414131462735,4.3646515822450445,4.384005476817514,27.224499999999995,26.907715846994538,27.74089910561782,4.350566317201976,4.418573762071239,4.353301856424418,7.471372272842247
2024-09-20,sz001212,25.0,24.56,25.05,24.39,13599,24762105.59,2.63,-2.03,-0.51,1.34,4.13350697377835,-0.07091148374489986,24.976,24.839999999999996,24.973806805109568,4.328660335419031,4.250732567173397,4.267754831175167,25.366999999999997,25.161454545454543,25.279852772167605,4.343744139985318,4.325455128790087,4.319678638083342,25.610500000000002,25.46904761904762,25.791345396563393,4.326956671450348,4.3416248598752984,4.354960807968508,26.247333333333334,25.74232258064516,26.261420428295562,4.378363792924999,4.3478364634805935,4.367844283073051,27.168000000000003,26.82035519125683,27.63660733166314,4.351336693574052,4.411457062286858,4.346095466829464,7.3937875711735295
2024-09-23,sz001212,24.57,24.9,25.01,24.33,10325,18926387.6,2.77,1.38,0.34,1.01,4.013890060328438,-0.11961691344991188,24.824,24.814666666666668,24.949204536739714,4.2062277882978325,4.145809142143199,4.183133240892924,25.233,25.07654545454545,25.210788631773493,4.305656467995529,4.265481659761564,4.264080714855178,25.571,25.40138095238095,25.70645535879545,4.31438197821896,4.311808992149403,4.322477879621835,26.156333333333336,25.655397849462368,26.173586852276493,4.357876410367073,4.324322029119524,4.345008526766947,27.125,26.745994535519124,27.546882501116805,4.352365485009285,4.400393238246019,4.335203486288447,7.277067729912219
2024-09-24,sz001212,24.83,25.74,25.74,24.78,20332,38187576.5,3.86,3.37,0.84,2.0,4.308180101030666,0.29429004070222753,24.99,25.119999999999997,25.212803024493144,4.190215141124847,4.179793246387478,4.224815527605505,25.259,25.168727272727267,25.307008880541947,4.308312062954576,4.265940502131588,4.272098785068903,25.5895,25.417476190476194,25.709650086529216,4.322599663728516,4.311218337179088,4.321116186422676,26.101666666666667,25.628537634408605,26.145613506968335,4.353188082239256,4.32111581561395,4.342632499300091,27.098666666666663,26.700584699453557,27.48764045189986,4.359706767805295,4.398944537131965,4.334317473657044,7.5819220975963075
2024-09-25,sz001212,25.89,26.02,26.65,25.89,25047,48821634.52,2.95,1.09,0.28,2.46,4.398755715773368,0.09057561474270237,25.258,25.463333333333328,25.48186868299543,4.211750261686815,4.249306771270318,4.282795590328126,25.344,25.30709090909091,25.436643629534316,4.324205152503086,4.2823848026440965,4.29512731792426,25.5975,25.458476190476194,25.73920722114548,4.334376398181405,4.318471294516694,4.328510427313218,26.064000000000004,25.623268817204302,26.137509409744574,4.357220952428913,4.324055662938731,4.346253351975786,27.071166666666667,26.665218579234967,27.439521092821174,4.368066245125181,4.400224830507968,4.336430202906759,7.688612315251869
2024-09-26,sz001212,26.02,26.57,26.6,25.78,22224,43384967.44,3.15,2.11,0.55,2.18,4.34682222839354,-0.05193348737982806,25.558,25.900666666666666,25.844579121996954,4.240231015860873,4.29433076017256,4.304137803016598,25.468,25.53,25.64270842416444,4.344429954581479,4.286496998260542,4.304526392555038,25.637,25.551095238095236,25.81833034294115,4.335310766523915,4.319656611679754,4.330254408368487,25.996666666666666,25.65591397849462,26.165412028470733,4.345620000341869,4.323384777517095,4.346290053680157,27.058666666666667,26.648786885245897,27.411012204531954,4.378547948501124,4.399528305369226,4.336770925053867,7.637339275854123
2024-09-27,sz001212,26.83,29.13,29.13,26.83,40049,84456807.59,8.66,9.63,2.56,3.94,4.602591676477587,0.2557694480840471,26.471999999999998,27.091333333333335,26.939719414664637,4.3340479564007195,4.415117647044798,4.403622427503595,25.724,26.195818181818176,26.27676143795272,4.331354145909875,4.333435493150744,4.358720080540956,25.821499999999997,25.883761904761904,26.13372745313723,4.3530429138849325,4.345111936437246,4.356191291045544,26.005333333333333,25.85806451612903,26.356675768569396,4.343267135205423,4.339963595332302,4.362825642247733,27.09733333333333,26.71669945355191,27.46737246012107,4.392187989686067,4.406874001368454,4.345486359526776,7.92663466136251
2024-09-30,sz001212,31.85,31.73,31.85,29.63,89254,204488541.58,7.62,8.93,2.6,8.77,4.950627688526533,0.3480360120489454,27.838,28.843999999999998,28.53647960977643,4.521395482040339,4.62064422442007,4.585957514511241,26.331,27.28781818181818,27.268259358324954,4.363811635169085,4.446030682717409,4.466339645629243,26.1,26.446476190476197,26.666705790933683,4.38004387118284,4.402024772117399,4.4128042812818284,26.09733333333333,26.227397849462363,26.70334184801653,4.359256743570806,4.379148147159471,4.400748354910881,27.198500000000003,26.86859016393442,27.607130740117096,4.407148424988171,4.425183499691092,4.3653270588382425,8.310668977536524
2024-10-08,sz001212,34.66,32.19,34.66,30.17,106710,257778406.62,14.15,1.45,0.46,10.49,5.028205119905443,0.07757743137891016,29.127999999999997,30.294666666666668,29.754319739850956,4.665400485815295,4.789580770375104,4.733373382975975,27.059000000000005,28.353090909090902,28.16312129317496,4.42780781347007,4.566829498124019,4.568497004588552,26.398500000000002,27.026476190476192,27.19273381084476,4.410588848015887,4.463754414852885,4.471413884960268,26.238000000000003,26.62047311827957,27.05731979330579,4.3784814459708,4.4223061069229965,4.441229436523434,27.302500000000002,27.032245901639346,27.757388748637847,4.426562137845916,4.445546014278544,4.387060765758478,8.411246534900439
2024-10-09,sz001212,30.56,29.07,31.34,29.07,52736,118130023.54,7.05,-9.69,-3.12,5.18,4.722107185681003,-0.3060979342244394,29.738,30.275333333333332,29.526213159900642,4.730070779796821,4.808483003663673,4.7296179838776515,27.498,28.71872727272727,28.32800833077951,4.4709105207418185,4.620338474889643,4.596426128423542,26.578000000000003,27.28090476190476,27.37152106695478,4.436092821701205,4.493422827963848,4.495289437409862,26.320666666666668,26.803182795698927,27.187170129221546,4.383697961330098,4.444475509484945,4.459350581630375,27.369500000000002,27.09019672131147,27.80042518310874,4.436866625673506,4.455236015846907,4.398045894280528,8.072360290506206
2024-10-10,sz001212,29.11,28.76,29.86,28.72,33978,74139726.16,3.92,-1.07,-0.31,3.34,4.531197812010173,-0.19090937367083072,30.176,29.949333333333335,29.270808773267095,4.766945896520148,4.742192014401456,4.663477926588492,27.867,28.94818181818182,28.406552270637782,4.50358845619051,4.6312998005748,4.584566434530202,26.708499999999997,27.48871428571428,27.503757155816228,4.445574062207822,4.502480446088512,4.498709282609892,26.416,26.96055913978494,27.28864302411048,4.387724354161492,4.453991628883658,4.463985886816168,27.42233333333333,27.135786885245896,27.83188665251501,4.445682381208332,4.458328841628437,4.4024115309274015,7.87005097760101
2024-10-11,sz001212,28.37,27.74,28.87,27.41,27493,57353151.9,5.08,-3.55,-1.02,2.7,4.439222132071866,-0.09197567993830624,29.898000000000003,29.137333333333334,28.760539182178064,4.734271987639003,4.632950759585364,4.5887259950829495,28.185000000000002,28.925090909090912,28.285360948703637,4.534159972019863,4.619596832553227,4.558140197719595,26.776,27.586952380952386,27.52625647430992,4.43895205600259,4.501875500361279,4.4930438397015084,26.468666666666664,27.045978494623657,27.31776282900658,4.396024438306852,4.457314066168199,4.462388225219762,27.466666666666665,27.146202185792347,27.82887397538337,4.453734877792944,4.458117030181341,4.403618435882958,7.758557289982073
2024-10-14,sz001212,27.97,29.2,29.63,27.65,38513,82066294.8,7.14,5.26,1.46,3.79,4.585607349645838,0.14638521757397172,29.392000000000003,28.904666666666667,28.90702612145204,4.6612679198628655,4.583395880254309,4.587686446603913,28.615000000000002,29.109636363636362,28.451658958030247,4.591331700951602,4.628950901212496,4.563134225342548,26.924,27.817809523809522,27.68566061961374,4.448494084473566,4.515842671184446,4.50185941207716,26.58566666666667,27.222193548387096,27.439197485199703,4.406698552463173,4.469545221738457,4.470337846150477,27.518666666666668,27.20303278688525,27.87382892701014,4.462751364523311,4.462440717783074,4.409585285514528,7.91416482596328
2024-10-15,sz001212,28.99,28.43,29.39,28.42,23262,49938591.4,3.32,-2.64,-0.77,2.29,4.366647051390854,-0.2189602982549843,28.639999999999997,28.584,28.748017414301362,4.528956306159947,4.485188924096971,4.51400664819956,28.884000000000004,29.075999999999997,28.44772096566111,4.597178395987621,4.588099146746905,4.527409284624058,27.071499999999997,27.961238095238095,27.75655008441243,4.452745229471098,4.508047715652759,4.488982044392749,26.687666666666665,27.34118279569892,27.503120228090047,4.414125907814883,4.466961253927338,4.463648117456307,27.5605,27.232912568306013,27.892064044157348,4.4703242285381775,4.459289756696764,4.408177474559653,7.698436288198853
2024-10-16,sz001212,28.23,28.71,29.15,27.97,17207,36798847.49,4.15,0.98,0.28,1.69,4.235705158705454,-0.13094189268539935,28.568,28.60733333333333,28.735344942867577,4.431675900764837,4.38743854161214,4.421239485034858,29.153,29.04436363636363,28.49540806281363,4.58087334028083,4.52237673996833,4.474372170820676,27.2485,28.117285714285714,27.847354838277916,4.452539246391957,4.4873772327226975,4.464860436232055,26.782666666666668,27.47165591397849,27.58098343918101,4.41654204554788,4.455450237855763,4.448942120117543,27.62033333333333,27.27060109289617,27.918881616480057,4.476711314622654,4.451597328177659,4.402522644531646,7.565834217136254
2024-10-17,sz001212,29.13,28.15,29.25,28.12,23455,49870486.99,3.94,-1.95,-0.56,2.31,4.370235437283177,0.13453027857772248,28.445999999999998,28.468,28.54022996191172,4.399483425819438,4.366958387118254,4.404238135784299,29.310999999999996,28.862,28.432606596847513,4.583214661169793,4.484078939423302,4.4554382192684026,27.389499999999998,28.20314285714285,27.876178187013352,4.463822307875636,4.479538774712337,4.455848531570257,26.861666666666668,27.559870967741936,27.617694185040303,4.417945398072542,4.452462714741912,4.443864269612101,27.67366666666667,27.287967213114754,27.926459268398744,4.48575800698736,4.448106315805872,4.40146404757268,7.6978436091655675
2024-10-18,sz001212,28.15,28.55,28.91,27.91,26350,55720052.01,3.55,1.42,0.4,2.59,4.420780619548565,0.05054518226538818,28.607999999999997,28.502666666666663,28.54348664127448,4.3957951233147785,4.37405745169463,4.409752297039054,29.252999999999997,28.72363636363636,28.453950851966145,4.56503355547689,4.454545477310352,4.449136837501159,27.4885,28.313666666666666,27.94035169301208,4.448193850693383,4.475439566300235,4.452508730425334,26.96533333333333,27.668795698924736,27.677842947295773,4.423706461082252,4.452645632256493,4.442375001866067,27.738666666666667,27.316699453551912,27.946903226811898,4.497560188952717,4.445975909660338,4.402097377801398,7.746011513129626
2024-10-21,sz001212,28.55,28.51,28.85,28.23,29707,63163233.23,2.17,-0.14,-0.04,2.92,4.472858796225402,0.05207817667683656,28.47,28.470000000000002,28.532324427516322,4.37324541263069,4.399745342664838,4.430787796767837,28.930999999999994,28.588545454545454,28.464141606154115,4.5172566662467775,4.437786430173717,4.453449920905567,27.630999999999993,28.410952380952377,27.994603912725214,4.440534150707931,4.4777886087318555,4.4544468319301025,27.043666666666663,27.768451612903224,27.731530499083146,4.425781469537486,4.455816750652825,4.444341698276347,27.797833333333333,27.341989071038245,27.965365416096752,4.502910169631265,4.445166027931574,4.404417424307103,7.800464352780341
2024-10-22,sz001212,28.38,28.87,28.87,28.23,25484,54217106.26,2.24,1.26,0.36,2.51,4.406267596410004,-0.06659119981539785,28.558,28.60333333333333,28.644882951677552,4.38116952163452,4.410752737257941,4.42261439664856,28.599,28.577454545454547,28.53793404139882,4.455062913897233,4.417606599294303,4.444871316451827,27.828999999999997,28.52895238095238,28.077974968656143,4.441435363683651,4.474525127370149,4.44985833330914,27.131999999999998,27.88627956989247,27.80498014430359,4.425413536643003,4.454557791096213,4.441885304607551,27.822833333333335,27.377142076502732,27.995025566388662,4.49970510184673,4.441997418973498,4.404478085687526,7.734136334180441
2024-10-23,sz001212,28.93,29.2,29.54,28.62,40572,87923030.05,3.19,1.14,0.33,3.99,4.608226416813394,0.20195882040338997,28.656,28.817333333333334,28.829921967785033,4.455673773256109,4.486438368984233,4.484485070036838,28.612000000000002,28.68672727272727,28.658309670235397,4.443674837010472,4.445454508915423,4.474572243790294,28.055,28.659523809523808,28.184834495450797,4.457292678876145,4.4904099895729805,4.4649410079285925,27.255999999999997,28.019698924731184,27.894981425316264,4.438620160137628,4.466352170462045,4.452616989265993,27.848166666666668,27.422295081967214,28.03453292486772,4.498609995503914,4.445555494874045,4.411158358839193,7.944102646559649
2024-10-24,sz001212,29.17,28.55,29.17,28.37,22820,48590273.13,2.74,-2.23,-0.65,2.24,4.358315640082195,-0.24991077673119833,28.736,28.782,28.736614645190024,4.453289813815912,4.453985657926262,4.442428593385291,28.590999999999998,28.675454545454542,28.63861700291987,4.426386619817675,4.429934654928465,4.453434679479731,28.228999999999996,28.706666666666663,28.21961216255072,4.464987538004093,4.480983604925938,4.45478621099084,27.336,28.103182795698924,27.93724068819909,4.439178248077773,4.461171233684275,4.446533031254135,27.818,27.445306010928963,28.05143348470812,4.4915663184608,4.440955679942187,4.409425810683226,7.68654934027557
2024-10-25,sz001212,28.54,29.72,29.73,28.43,46907,102550323.81,4.55,4.1,1.17,4.61,4.671237657950171,0.3129220178679759,28.97,29.11,29.064409763460016,4.503381221496234,4.526634939304349,4.5186982815735846,28.788999999999998,28.880727272727274,28.83523209329807,4.449588172405505,4.4744530254980095,4.49303522101981,28.487000000000002,28.848666666666663,28.362506242307795,4.491874072212683,4.500626473492232,4.475400634510777,27.447,28.256989247311832,28.0522574179927,4.442497428136894,4.476142808514753,4.461030103944202,27.7585,27.507666666666662,28.10614058357015,4.490955527122476,4.4468465435320015,4.4180098056755845,8.010937036022515
2024-10-28,sz001212,29.5,29.62,29.69,29.08,32718,71717929.18,2.05,-0.34,-0.1,3.22,4.514786748070465,-0.15645090987970622,29.192,29.326666666666664,29.249606508973343,4.511766811865246,4.53043678149576,4.517394437072545,28.831,29.03181818181818,28.977917167243877,4.442506112247968,4.4863073119825465,4.496990044119929,28.722999999999995,28.956571428571426,28.482267552564196,4.516918906599785,4.502808633097734,4.479151692945033,27.559666666666665,28.397182795698924,28.15340210070285,4.4464980937317,4.480806635607242,4.464498274532993,27.64333333333333,27.568699453551915,28.155775318535063,4.483456065054042,4.447627895038493,4.421182820180334,7.855627741031208
2024-10-29,sz001212,29.65,28.63,29.76,28.59,29480,63907868.73,3.95,-3.34,-0.99,2.9,4.469527479187014,-0.04525926888345122,29.144,29.139333333333337,29.04307100598223,4.524418788420649,4.516357003936348,4.501438784444035,28.851,28.995272727272724,28.91465950047226,4.4527941550275845,4.491220287789646,4.491996850495763,28.8675,28.947714285714287,28.496337309462845,4.524986275507603,4.498295163820327,4.478235101158555,27.664666666666665,28.466236559139784,28.184150352270407,4.452761537989927,4.482292402410811,4.464822739349382,27.571,27.601049180327877,28.171323668747025,4.483030086146494,4.4471712200920335,4.422767890967439,7.805554334459302
2024-10-30,sz001212,28.25,28.12,28.77,27.74,26759,56061991.42,3.6,-1.78,-0.51,2.63,4.427469879551812,-0.042057599635201726,28.928000000000004,28.798000000000002,28.73538067065482,4.488267480968331,4.484040700980071,4.476782482813294,28.792,28.862363636363636,28.770175954931847,4.47197062711222,4.4866158740667785,4.480264673960499,28.972499999999997,28.876523809523807,28.460495660942573,4.526421983696524,4.489007888015014,4.473400318148389,27.762999999999998,28.49561290322581,28.180011619865866,4.459016373298711,4.4806606825115765,4.462412877426957,27.51516666666667,27.61904918032787,28.169640925509416,4.471027881932858,4.445349573974174,4.422922054527581,7.748668520597943
2024-10-31,sz001212,28.06,28.84,29.78,27.97,39448,85080008.26,6.44,2.56,0.72,3.88,4.596024989523081,0.168555109971269,28.986,28.768666666666668,28.770253780436548,4.535809350856509,4.519959870498321,4.51652998504989,28.861,28.871090909090906,28.782871235853328,4.4945495823362105,4.509171212686936,4.501312004062786,29.086000000000002,28.863904761904763,28.496638931328995,4.5388821217530015,4.495636745712781,4.485078858279312,27.88,28.565096774193545,28.222591515358392,4.474064732695827,4.48949994807444,4.4710330136912235,27.499499999999998,27.662486338797816,28.191619911558288,4.465296075391158,4.449447839796806,4.4285975605930075,7.929827523394211
2024-11-01,sz001212,28.62,27.61,28.86,27.45,29528,61237781.28,4.89,-4.26,-1.23,2.9,4.470234032187601,-0.1257909573354805,28.564,28.310000000000002,28.383502520291035,4.495608625703995,4.498101430942017,4.501098000762461,28.767000000000003,28.643636363636364,28.56962192024363,4.499494923600114,4.504750203569007,4.495661463721843,29.01,28.723333333333333,28.412197128345284,4.532264239538502,4.489098832420838,4.483665065318197,27.91466666666667,28.547677419354844,28.183069482109467,4.4652942083289595,4.489252806106166,4.470981466497442,27.462666666666667,27.666109289617484,28.172550406261294,4.457808977688529,4.449609740019639,4.429962690809224,7.787019447288985
2024-11-04,sz001212,28.21,30.28,30.28,27.38,49238,107640722.28,10.5,9.67,2.67,4.84,4.692300403995181,0.22206637180758015,28.696000000000005,28.882,29.015668346860693,4.531111356888937,4.5636653570390795,4.5648321351733685,28.944000000000006,28.91872727272727,28.880599752926607,4.521439084377092,4.539805745459019,4.531413998316995,28.9375,28.844285714285714,28.590083116121924,4.519347875311935,4.504340371892903,4.503535097573148,28.068666666666665,28.700279569892476,28.318355321973375,4.4675024619309855,4.50389836711689,4.4852601076263285,27.466,27.758480874316938,28.241647114252725,4.455666788633641,4.457297983505103,4.438563927307124,8.031976603260855
2024-11-05,sz001212,31.21,31.11,31.71,30.42,90439,209286228.73,4.26,2.74,0.83,8.89,4.9563557516290615,0.2640553476338807,29.192,29.686666666666667,29.713778897907133,4.628477011377347,4.70541348861912,4.6953400073252665,29.168,29.312545454545454,29.285945252394495,4.576447899898998,4.6188815031411945,4.608676135282825,28.883499999999998,29.05119047619047,28.83007520030079,4.515755406898116,4.545960169637392,4.546660874149902,28.275333333333332,28.896494623655915,28.49846143023316,4.486439542422101,4.535437289032895,4.515653374981344,27.506999999999998,27.877956284153,28.33569147116247,4.460241482458647,4.473714015078724,4.455540708432434,8.320740652211898
2024-11-06,sz001212,31.02,30.63,31.2,30.12,52229,119432403.86,3.47,-1.54,-0.48,5.13,4.717911710718489,-0.23844404091057214,29.694,30.166,30.01918593193809,4.686565377610682,4.735225055066168,4.702863908456341,29.310999999999996,29.578363636363637,29.530318842868223,4.587416429289507,4.644602196017465,4.6285371489984,28.9615,29.21752380952381,29.001496609795954,4.51554563314999,4.565213150953618,4.562970477632624,28.473666666666666,29.048408602150538,28.635980047637474,4.500667262347266,4.550370977310081,4.5287022998676125,27.517333333333333,27.980349726775952,28.41091470161616,4.457056776334952,4.482162219283964,4.464143036376239,8.077122173596793
2024-11-07,sz001212,30.66,31.1,31.21,30.3,50625,116480057.38,2.97,1.53,0.47,4.98,4.704365036222725,-0.013546674495763966,30.145999999999997,30.634666666666664,30.37945728795873,4.708233386950612,4.7411582746035155,4.70336428437847,29.566000000000003,29.90363636363637,29.815715416892182,4.62202136890356,4.665865579096233,4.642324037584641,29.078500000000002,29.421190476190475,29.20135407552967,4.524203994360617,4.5831959512462594,4.576436626069777,28.674666666666667,29.21784946236559,28.794949076822157,4.5173321483039155,4.563512769173014,4.540035379632458,27.53933333333333,28.097814207650273,28.49908143271071,4.455736731465633,4.490270686821268,4.472019167518746,8.066251575909648
2024-11-08,sz001212,31.37,30.64,31.54,30.32,49210,113284154.17,3.92,-1.48,-0.46,4.84,4.692053365034081,-0.012311671188644624,30.752,30.79933333333333,30.466304858639155,4.752597253519908,4.735764933964672,4.69959397793034,29.657999999999998,30.098909090909093,29.9655853410936,4.624102939611951,4.678598669301782,4.651365733484539,29.2235,29.56990476190476,29.338367973098272,4.536845556008728,4.5991816055961126,4.5874477440663775,28.877333333333336,29.344645161290323,28.913984620252986,4.535950361345773,4.574785105736251,4.549842991593853,27.562333333333335,28.199475409836065,28.569275484097243,4.457157077135387,4.498018773167774,4.479233403502856,8.054169166369956
2024-11-11,sz001212,30.34,32.51,32.72,30.25,66868,158795044.75,8.06,6.1,1.87,6.57,4.825218333788306,0.13316496875422512,31.198,31.38533333333333,31.147536572426105,4.779180839478533,4.759971960720804,4.7414687632163295,29.946999999999996,30.617454545454542,30.42820618816749,4.655146098183735,4.715165104606575,4.6829752971761325,29.389,29.88290476190476,29.64042816613653,4.548826105215851,4.626645679670358,4.610092562135132,29.131000000000004,29.579010752688166,29.14598561249473,4.562994637127769,4.593447555571253,4.567609142703173,27.643666666666665,28.361693989071043,28.698479566585856,4.460435523747421,4.510086355353116,4.490577171708936,8.20083694600475
2024-11-12,sz001212,32.25,32.12,32.77,31.62,42389,102195934.08,3.54,-1.2,-0.39,4.17,4.627253171236667,-0.19796516255163876,31.4,31.692666666666664,31.47169104828407,4.713360323400054,4.709329404640183,4.703396899223109,30.296,31.012545454545457,30.735805063046126,4.6709186673887,4.7100936633434705,4.672844001550775,29.573500000000003,30.142999999999997,29.876577864599717,4.561856411208143,4.634114924053293,4.611726905859088,29.343666666666667,29.771849462365594,29.33785750846281,4.573630406134636,4.597593267449247,4.571457144544043,27.722666666666665,28.508459016393438,28.81066056440271,4.463409244186946,4.515555786418338,4.495058352021321,8.009433617503722
2024-11-13,sz001212,31.97,32.37,32.5,31.58,23102,55139675.0,2.86,0.78,0.25,2.27,4.363649579518323,-0.26360359171834435,31.748,32.016,31.771127365522716,4.642507897160021,4.592759156679606,4.5901477926548475,30.720999999999997,31.389636363636363,31.032931415219558,4.664536637385352,4.654226556457948,4.616626833908511,29.7565,30.409333333333333,30.114046639399746,4.568253632248786,4.615238082939977,4.5881004938266345,29.555333333333333,29.96709677419355,29.53347960469102,4.572460201592801,4.584046117344969,4.558050204864965,27.809666666666665,28.660830601092897,28.927360218028852,4.4648405770108575,4.512284977740677,4.49074986767696,7.741464201992414
2024-11-14,sz001212,32.51,30.94,32.9,30.77,29677,70390124.74,6.58,-4.42,-1.43,2.92,4.472419996698072,0.10877041717974922,31.715999999999998,31.74666666666667,31.49408491034848,4.59611888925509,4.5360631898589565,4.550905194002589,30.931,31.429454545454544,31.016034794270546,4.652176138102851,4.619296258151169,4.590407408961158,29.895999999999997,30.52204761904762,30.192708864218815,4.573362860219531,4.6061110700303844,4.5770833036239145,29.701,30.056430107526886,29.62422285600128,4.576646793869618,4.577591910577567,4.5525256753058105,27.848833333333335,28.76346448087432,28.993348407601676,4.461133397105744,4.512533483304193,4.490148888300602,7.847511734827423
2024-11-15,sz001212,30.82,33.94,33.94,30.6,57666,142945066.2,10.8,9.7,3.0,5.67,4.760919827634655,0.2884998309365834,32.376,32.488,32.30938994023232,4.609892181775205,4.590996835985478,4.620910071879945,31.564,31.976545454545455,31.5476648316759,4.681244717647557,4.639067838066043,4.621409666901794,30.1655,30.90719047619048,30.54959373429321,4.590369820623835,4.6239736383556345,4.5945915440058895,29.861333333333334,30.329913978494627,29.90266009109797,4.581924398908186,4.589480493401117,4.565970459327026,27.933333333333334,28.963174863387973,29.155533705713097,4.462595767056805,4.522362546600222,4.499026624016473,8.155169170123578
2024-11-18,sz001212,34.31,32.89,34.85,32.46,87716,219867909.55,7.04,-3.09,-1.05,8.62,4.943078818884006,0.18215899124935042,32.452,32.65933333333333,32.50292662682155,4.633464278794345,4.702059048355079,4.7282996542146325,31.825,32.217636363636366,31.791725771371187,4.706322559136439,4.686674038290851,4.679894967262196,30.384500000000003,31.166666666666668,30.772489569122428,4.613880821756765,4.65756497152327,4.627780808279996,29.9,30.52531182795699,30.09539169812391,4.581672769920103,4.612780778560849,4.590300030911348,27.99866666666667,29.12568852459016,29.277975223558567,4.470464756745454,4.538116089283083,4.513585712372786,8.342161847267286
2024-11-19,sz001212,32.96,35.61,36.09,31.94,105741,270980174.47,12.62,8.27,2.72,10.39,5.02424341324167,0.08116459435766377,33.15,33.712,33.53861775121437,4.712862327195346,4.83231875983752,4.826947573890312,32.275,32.905818181818184,32.4859574493037,4.7131113252976995,4.744477829946348,4.7425037756221,30.721500000000002,31.66433333333333,31.233204848253624,4.644779612598349,4.6966471230932605,4.665539151609679,30.014,30.893698924731176,30.45117287889011,4.58154071303131,4.641333723291272,4.618296378158466,28.125999999999998,29.375240437158467,29.485582593277957,4.480011079501055,4.556272766545254,4.53032858781111,8.432937518058022
2024-11-20,sz001212,33.78,34.96,35.57,33.14,98718,253032792.7,6.82,-1.83,-0.65,9.7,4.994396348089466,-0.02984706515220381,33.66799999999999,34.315333333333335,34.01241183414291,4.839011680909574,4.926163433468894,4.882763831956697,32.708,33.394,32.93578336761212,4.740759789034797,4.795620561363034,4.788302425161621,31.009499999999996,32.068,31.58813771984852,4.664088109162153,4.729943955044795,4.696858884607755,30.21033333333333,31.21279569892473,30.74206495121978,4.590617018444926,4.667969570714378,4.6425608923475625,28.265499999999996,29.599306010928963,29.66507168858032,4.487157489887512,4.573137857318644,4.545543924213679,8.403176808787538
2024-11-21,sz001212,34.27,33.54,34.72,33.49,54895,139266600.33,3.52,-4.06,-1.42,5.4,4.73953278941733,-0.2548635586721355,34.188,34.27266666666666,33.85494122276194,4.892434239453426,4.893003802971479,4.835020151110242,32.952,33.54527272727273,33.045640937137186,4.744276564354257,4.795397470523494,4.779435218662659,31.259000000000004,32.309000000000005,31.774029365577228,4.683148966628909,4.737129162688146,4.700923066018191,30.369666666666667,31.42761290322581,30.922576889850767,4.5975615176918305,4.677577039809373,4.648817143771418,28.392833333333332,29.772240437158473,29.79211851846293,4.492642935926662,4.5814124573032275,4.551904214876094,8.143846974057789
2024-11-22,sz001212,33.65,31.55,33.68,31.55,49088,118876853.69,6.35,-5.93,-1.99,4.83,4.690975337932868,-0.048557451484462,33.709999999999994,33.39333333333333,33.08662748184129,4.878445341513069,4.825850835797961,4.78700521338445,33.043,33.290363636363644,32.77370622129406,4.744168761644136,4.785706338446878,4.763351603984515,31.3505,32.33671428571428,31.75269323552225,4.684135850628044,4.737874531383762,4.699975663343399,30.496666666666666,31.50376344086021,30.96305580018298,4.605953291220532,4.683603737889438,4.6515370272657055,28.482666666666667,29.87575409836066,29.84975397687398,4.500988864763692,4.587915159008349,4.556463923828775,8.075097302110025
2024-11-25,sz001212,31.06,30.76,31.38,30.25,33808,77477883.83,3.58,-2.5,-0.79,3.32,4.529019479708238,-0.16195585822462988,33.284000000000006,32.410000000000004,32.3110849878942,4.795633473677915,4.7093755485296835,4.701009968825713,32.868,32.87527272727272,32.407577817422414,4.71454887623613,4.746588287185805,4.72074576320701,31.4075,32.280476190476186,31.65815102261537,4.684847487209932,4.723101543677114,4.6836941220448125,30.548666666666666,31.520752688172045,30.949955425977627,4.604067028889278,4.678640266178968,4.643632669358772,28.567166666666665,29.95042076502732,29.87959810877975,4.505382790676226,4.588834195563908,4.555564105988758,7.8891777502310605
2024-11-26,sz001212,30.79,30.67,31.41,30.56,25694,59297432.32,2.76,-0.29,-0.09,2.53,4.409831719786006,-0.11918775992223196,32.296,31.538666666666668,31.764056658596132,4.6727511349867825,4.580774963899048,4.603950552479144,32.723,32.47563636363636,32.09165457789106,4.692806731091063,4.691185167831237,4.6642159371304635,31.509500000000003,32.2102380952381,31.56404140141391,4.681862699239883,4.696909565827215,4.657611988496355,30.623333333333335,31.528580645161288,30.931893785591978,4.605506517835782,4.666108955914241,4.628548737128272,28.6555,30.01936612021858,29.90551292488533,4.509816212825333,4.585701373567508,4.550785994965716,7.773035888079297
2024-11-27,sz001212,30.67,31.58,31.99,29.39,39448,90290786.7,8.48,2.97,0.91,3.88,4.596024989523081,0.18619326973707473,31.620000000000005,31.3,31.702704439064092,4.593076863273505,4.555199582077814,4.601308698160457,32.644,32.267818181818186,31.99862647281996,4.716044272091539,4.67358848754615,4.65181758302003,31.682499999999997,32.216952380952385,31.56556126794592,4.690290454738445,4.688734545854187,4.65174656002271,30.718999999999998,31.590301075268815,30.973707089747336,4.617517178863038,4.665497244410195,4.626450430831163,28.750833333333333,30.115251366120216,29.96041414046286,4.517029612205459,4.5885278908362865,4.552269240688908,7.955643437030124
2024-11-28,sz001212,31.4,30.94,31.62,30.73,23639,54938336.62,2.82,-2.03,-0.64,2.32,4.373629100649668,-0.22239588887341277,31.1,31.073333333333334,31.44846962604273,4.519896125519972,4.482050327869869,4.525415498990194,32.644,31.958000000000006,31.806148932307238,4.706165182486699,4.611331183647628,4.601237858952691,31.7875,32.1462380952381,31.50598400433202,4.6791706602947745,4.658576321655256,4.625259182939564,30.812,31.604559139784946,30.971532438795897,4.617630300975253,4.649762529686753,4.610139377271067,28.83683333333333,30.187027322404376,29.99253170962801,4.517787849523898,4.583826234719703,4.54641218691713,7.739875506054851
2024-11-29,sz001212,30.9,30.73,31.34,30.56,34935,80444352.91,2.52,-0.68,-0.21,3.43,4.543260747590362,0.16963164694069377,30.936,30.95,31.208979750695153,4.490353207451472,4.489838535226665,4.5313639151902505,32.323,31.61,31.610485490069557,4.68439927448227,4.581712195484657,4.590696565977722,31.9435,32.045523809523814,31.43208076582421,4.682821996064913,4.645632520445312,4.617449808144402,30.884666666666668,31.5992688172043,30.955949700809068,4.6217129719099805,4.644964493984503,4.605824626969087,28.925,30.249098360655736,30.016710997836928,4.522709716496116,4.584661411705489,4.546308861037563,7.9054955625916055
2024-12-02,sz001212,30.76,31.08,31.2,30.47,31178,71811809.51,2.38,1.14,0.35,3.06,4.493848252712276,-0.0494124948780863,31.0,30.997999999999998,31.165986500463436,4.483318962052279,4.491003550313601,4.518858694364259,32.142,31.383999999999997,31.51403358278418,4.639476217865097,4.54706655516284,4.57308778174764,31.9835,31.96328571428571,31.398549264317143,4.672899388500769,4.627635021078394,4.60567823143658,30.970333333333333,31.611870967741933,30.963952945918162,4.622412620459542,4.636715157262071,4.59860034475897,29.007,30.31975409836065,30.051572932334075,4.5240970449985145,4.583715134204379,4.544588841092471,7.856195870193356
2024-12-03,sz001212,31.08,31.36,31.54,30.63,27813,64650267.52,2.93,0.9,0.28,2.73,4.444247835796075,-0.049600416916200984,31.137999999999998,31.118000000000002,31.230657666975628,4.490202185254292,4.477979841561533,4.4939884081748644,31.717000000000002,31.241818181818186,31.48602747682342,4.581476660120538,4.511570485695745,4.549662337029173,31.996,31.903904761904755,31.394877905810752,4.647293992709118,4.605858682725566,4.590303908042246,31.053333333333335,31.63701075268817,30.989504368762155,4.623678628439078,4.625220655025716,4.588642118374268,29.092666666666666,30.396901639344264,30.094472180454268,4.52454608254104,4.5810971273452825,4.54129897206636,7.810570326311841
2024-12-04,sz001212,31.32,31.31,31.89,30.67,34485,80402330.27,3.89,-0.16,-0.05,3.39,4.53763023032496,0.0933823945288852,31.083999999999996,31.175333333333334,31.257105111317088,4.478523233414668,4.493789189918421,4.508535682224896,31.352000000000004,31.167818181818177,31.45402248103734,4.535800048344087,4.503598407551096,4.54747468126477,32.03,31.838571428571427,31.386794295733537,4.638279918689442,4.595414514879455,4.5852873673072665,31.12366666666667,31.65356989247312,31.01018150626137,4.621325422222797,4.619669145469968,4.5853510288227,29.189833333333333,30.469601092896177,30.13432555158691,4.529972791180213,4.581526115797214,4.541178685451888,7.905268635921793
2024-12-05,sz001212,31.03,31.29,31.36,30.76,23042,53483218.09,1.92,-0.06,-0.02,2.26,4.3625201722887965,-0.17511005803616353,31.154000000000003,31.243999999999996,31.268070074211394,4.476301447742495,4.455121502876464,4.45986384557953,31.127,31.15654545454546,31.42420021175782,4.498098786631234,4.472092975541043,4.513846588723684,32.0395,31.768095238095242,31.377575791377964,4.621187675492745,4.5691516818889175,4.564071443972174,31.215,31.66430107526882,31.028234312309028,4.6214655732963505,4.602972032570999,4.57097484453019,29.2755,30.538459016393443,30.17221651710865,4.530321910687062,4.576035865997496,4.535321029282605,7.728217530913836
2024-12-06,sz001212,31.32,31.41,31.89,31.19,33455,78730820.54,2.24,0.38,0.12,3.29,4.52446103421545,0.16194086192665313,31.29,31.329333333333334,31.315380049474264,4.472541505067512,4.471174698367449,4.481396241791504,31.113,31.208000000000002,31.42161835507458,4.481447356259491,4.476886111465445,4.515776487904005,32.077999999999996,31.708142857142857,31.38066381124673,4.6128080589518135,4.55993962081489,4.560299023995343,31.271333333333335,31.676881720430103,31.05286435667619,4.61657301917186,4.596713675210942,4.567973953542142,29.359166666666667,30.608442622950818,30.212799582121484,4.529535223654378,4.57584370611318,4.534964963870568,7.896144777723452
2024-12-09,sz001212,31.41,30.95,31.66,30.68,25017,58097313.62,3.12,-1.46,-0.46,2.46,4.398235228556343,-0.12622580565910635,31.264,31.216,31.19358669964951,4.453418900236326,4.446405939530393,4.453675904046451,31.131999999999998,31.178363636363635,31.335869563242838,4.468368931144302,4.461756633701237,4.494405349840793,32.0,31.600714285714293,31.33964821017561,4.591458903690215,4.539504113158179,4.5448643768106765,31.31566666666667,31.65615053763441,31.04622794656805,4.612687968521389,4.582627366138973,4.557023068059188,29.437666666666665,30.660601092896176,30.236970087625696,4.529593031126544,4.5715387882411145,4.530482021729118,7.764156051375131
2024-12-10,sz001212,31.77,31.15,31.8,31.1,26367,61895744.25,2.26,0.65,0.2,2.59,4.421060719191879,0.02282549063553585,31.221999999999998,31.178,31.179057799766344,4.448781476915486,4.435619879182244,4.442804175761594,31.179999999999996,31.181636363636365,31.302075097198685,4.4694918310848895,4.453155140618978,4.481069962450081,31.9515,31.519761904761907,31.32158647587317,4.581149281087976,4.523275714634527,4.533073552275553,31.39966666666667,31.645462365591396,31.052922917757208,4.611072409854884,4.570264317795133,4.548251303616135,29.532166666666665,30.716743169398907,30.266905494588787,4.531916973922406,4.5679803517842394,4.526894438039372,7.7916607893710115
2024-12-11,sz001212,31.08,31.33,31.33,31.01,18486,43019648.62,1.03,0.58,0.18,1.82,4.266842948700584,-0.15421777049129481,31.226,31.213999999999995,31.229371866510895,4.39462402059061,4.374973703110611,4.384150433407925,31.155,31.208909090909092,31.307152352253468,4.436573627002639,4.416309889276378,4.442119596313809,31.8995,31.460571428571434,31.322387763885246,4.57630894954709,4.493341778216681,4.507718256696984,31.506666666666668,31.640967741935487,31.070798858547064,4.6057181788265105,4.5480559654625985,4.530095925879648,29.634833333333333,30.77568852459017,30.301761052143252,4.532367276062611,4.559289400137623,4.518368159700395,7.633666858793929
2024-12-12,sz001212,31.36,32.72,33.39,31.25,59512,144268523.12,6.83,4.44,1.39,5.85,4.774604545700326,0.5077615969997415,31.512,31.711999999999996,31.726247911007267,4.477040895272916,4.5016338781471825,4.514301804172058,31.333,31.493454545454547,31.564033742752834,4.476671171507705,4.477770056312321,4.502571405293176,31.9885,31.53871428571428,31.45549369113427,4.591418176997202,4.512227073088418,4.533135998506826,31.636,31.71924731182796,31.17719893218919,4.611670830699085,4.558951860099618,4.545870675545498,29.758,30.87684153005464,30.3810475750238,4.542867781697455,4.567231605699515,4.526769352683999,8.159171585934196
2024-12-13,sz001212,32.45,31.5,32.7,31.45,35027,83817852.8,3.82,-3.73,-1.22,3.44,4.544402942363683,-0.23020160333664297,31.53,31.708000000000002,31.650831940671512,4.4810292769025635,4.524087893844105,4.5243355169026,31.409999999999997,31.523818181818182,31.5523912440705,4.476785390985038,4.49008492374068,4.510177139305995,31.866499999999995,31.49219047619048,31.459732387216718,4.580592332733653,4.507749431694749,4.534209040778908,31.765666666666664,31.710473118279566,31.198024807531823,4.6141431277049545,4.554611996336043,4.545775983082155,29.84016666666667,30.93395628415301,30.417734539777115,4.539718668016958,4.567281938836113,4.527347503165299,7.923336531121355
2024-12-16,sz001212,31.5,31.94,33.26,31.32,41145,99088126.76,6.16,1.4,0.44,4.04,4.6143170666602105,0.06991412429652755,31.728,31.844666666666672,31.74722129378101,4.524245644523337,4.568517157096653,4.554329366821804,31.496,31.62018181818182,31.622865563330407,4.488832272379831,4.515090682954348,4.529111671552216,31.819,31.499190476190474,31.505472159862745,4.564154245122464,4.510961311116326,4.541838376577127,31.821,31.721720430107528,31.245894174787836,4.611543683127122,4.554623218204124,4.550197988474288,29.94483333333333,31.00280327868853,30.46764488273524,4.539523072529053,4.569727787971957,4.530198964263493,7.996021618243702
2024-12-17,sz001212,32.01,30.77,32.58,30.58,36396,84891699.56,6.26,-3.66,-1.17,3.58,4.561053656358288,-0.0532634103019225,31.651999999999997,31.525333333333332,31.421480862520674,4.552244231956619,4.580786494374972,4.556570796667299,31.437,31.488181818181822,31.46779909727033,4.500512854436051,4.528221843677704,4.53491930515332,31.576999999999998,31.399285714285707,31.43542719225677,4.540994757278295,4.510666016948309,4.543668403222952,31.809666666666665,31.65391397849463,31.215191324801523,4.598366946618096,4.551365797122266,4.550898354144223,30.042500000000004,31.029857923497264,30.47755816526851,4.542403244520099,4.570433708753244,4.531210593512502,7.928865228388614
2024-12-18,sz001212,30.95,33.76,33.76,30.64,43707,108453788.51,10.14,9.72,2.99,4.3,4.640550998021134,0.07949734166284639,32.138,32.227999999999994,32.20098724168045,4.626985841820729,4.610222083063143,4.584564197118578,31.682,31.910545454545453,31.88456289776663,4.510804931205669,4.553683324329537,4.554125067492922,31.517000000000003,31.60719047619048,31.656815078708508,4.523302489774878,4.520147563685722,4.552895317013255,31.913999999999998,31.779741935483866,31.37937252965304,4.595788256194851,4.5540873488256866,4.556682395684669,30.193833333333334,31.151743169398905,30.585179209030198,4.548227759271058,4.573651667884424,4.534795524807867,8.035244727399082
2024-12-19,sz001212,33.27,33.39,34.0,33.05,88895,222836388.61,2.81,-1.1,-0.37,8.74,4.948877334271937,0.3083263362508024,32.272000000000006,32.64533333333333,32.59732482778697,4.66184039953505,4.717519247213547,4.706001909503032,31.892000000000003,32.221090909090904,32.15827873453633,4.569440647403984,4.633332852159767,4.625898206907288,31.509499999999996,31.785571428571423,31.821880309307698,4.533769717017608,4.560678501256871,4.5906078900855105,31.990333333333332,31.874967741935485,31.50909043096575,4.6039386661298245,4.576867289346788,4.581985294948365,30.3325,31.256535519125684,30.677140546439045,4.5606354072168696,4.586787719523798,4.5483719775771805,8.347986111466376
2024-12-20,sz001212,33.44,33.88,34.3,33.41,60675,153428031.57,2.67,1.47,0.49,5.96,4.783009785003973,-0.165867549267964,32.748000000000005,33.181333333333335,33.02488321852465,4.709561768063109,4.757909042369854,4.731671201336679,32.138999999999996,32.58254545454545,32.471318964620636,4.595295522482836,4.672163604450675,4.654463948379412,31.625999999999998,32.01133333333334,32.017891708421246,4.538371439371163,4.584415650588904,4.608931880077745,32.09833333333333,31.99688172043011,31.66205233864538,4.6069705467954885,4.588420264758024,4.594954616887437,30.487833333333334,31.37284699453552,30.782152331801697,4.571460454070631,4.594078682729933,4.556065020443633,8.18590471322444
2024-12-23,sz001212,33.5,33.76,34.53,33.46,62563,158716209.66,3.16,-0.35,-0.12,6.15,4.796317565694494,0.013307780690521298,33.112,33.51866666666667,33.269922145683104,4.7459618678699655,4.786827641580315,4.7532199894559515,32.42,32.877272727272725,32.70562460741688,4.635103756196651,4.708713066852794,4.680255515163973,31.776,32.214571428571425,32.1838067838097,4.551736343670476,4.608981948333986,4.626778135850769,32.14,32.10408602150538,31.797403800668263,4.606007187859027,4.600636201461187,4.607945774874989,30.6355,31.480131147540984,30.87978668157869,4.584500912493398,4.601451047045469,4.563942153074809,8.200621283442903
2024-12-24,sz001212,33.75,34.97,36.39,33.57,86467,224206881.72,8.35,3.58,1.21,8.5,4.936850391252165,0.14053282555767055,33.952,34.138000000000005,33.83661476378874,4.82112121484874,4.850457149374382,4.814430123388023,32.80200000000001,33.34090909090909,33.11732922425017,4.686682723402679,4.763576091408342,4.726909128998189,31.990999999999996,32.5187619047619,32.44915851868497,4.578087277243784,4.645659476675098,4.656308826841378,32.235,32.28666666666667,32.0020874264316,4.616327095192877,4.621980924260744,4.629165427544484,30.789333333333335,31.62224590163935,31.013892036281028,4.594978750663756,4.613003488971986,4.576168652687182,8.350648938531723
2024-12-25,sz001212,34.43,33.79,34.44,33.23,50544,127444323.27,3.46,-3.37,-1.18,4.97,4.703669608561074,-0.23318078269109055,33.958,34.083999999999996,33.821076509192494,4.8337449369567285,4.81130661394516,4.77750995177904,33.047999999999995,33.520545454545456,33.23963300165923,4.730365389388728,4.766664615982596,4.722683761645986,32.1015,32.690095238095246,32.576857707381635,4.583469508195684,4.657619698705315,4.660819377481349,32.282333333333334,32.386989247311824,32.11743662472634,4.627661096160969,4.627615925123208,4.633972148900393,30.918833333333335,31.72062841530055,31.104911969517715,4.600060648876885,4.616567123657144,4.580349011896161,8.105320495533645
2024-12-26,sz001212,33.75,33.57,34.14,33.31,36306,91546801.48,2.46,-0.65,-0.22,3.57,4.559978403316071,-0.14369120524500278,33.99399999999999,33.95466666666667,33.73738433946166,4.755965150765556,4.720051102731607,4.704999435624718,33.133,33.61545454545455,33.29969972863027,4.708902775150302,4.735685163969385,4.693100969222365,32.233,32.82995238095238,32.671442687631,4.592786973329004,4.655382450621543,4.651215475179894,32.37,32.470064516129035,32.21115039087303,4.630579709714903,4.623249299778376,4.629198358862695,31.0355,31.8075519125683,31.185734527894184,4.60361325179226,4.615252951671544,4.579681123090257,7.961643175247736
2024-12-27,sz001212,33.5,33.37,33.83,33.16,28488,71308361.92,2.0,-0.6,-0.2,2.8,4.454661960666197,-0.10531644264987428,33.891999999999996,33.74666666666667,33.61492289297444,4.690295585898001,4.619616706031821,4.621553610638545,33.32,33.658545454545454,33.31248159615204,4.699928676980554,4.689459561335911,4.649748422212152,32.364999999999995,32.93823809523809,32.737971955475665,4.5883570339827955,4.6422276875108,4.6324960928452565,32.351,32.53458064516129,32.28591488178445,4.620371114149288,4.611899767581685,4.617937946075824,31.106166666666663,31.884092896174863,31.257349789274702,4.601147756528737,4.610369302782165,4.575582134158321,7.85314046004515
2024-12-30,sz001212,33.44,32.57,33.84,32.38,33566,82653292.0,4.38,-2.4,-0.8,3.3,4.5258995902372385,0.07123762957104152,33.653999999999996,33.306000000000004,33.26661526198296,4.636211990806549,4.564818040811567,4.589668937171442,33.383,33.52218181818182,33.17748494230621,4.691086929338257,4.657817909200762,4.627230452762167,32.439499999999995,32.9577619047619,32.721974626382746,4.589959600859045,4.636279359535032,4.622344044977827,32.340333333333334,32.54870967741935,32.304242953927385,4.606465139861061,4.6058048305551,4.611999987634626,31.120166666666666,31.93208743169399,31.30038750110176,4.594068954890583,4.607902149789001,4.573953198292056,7.917260155777549
2024-12-31,sz001212,32.57,31.32,32.85,31.29,24679,58604605.34,4.79,-3.84,-1.25,2.41,4.392327557983544,-0.13357203225369485,32.924,32.528,32.61774350798864,4.527307424152825,4.483523229870565,4.523888477442143,33.438,33.147090909090906,32.83976040734144,4.674214319500782,4.603498023499906,4.58452083552969,32.4375,32.851142857142854,32.58845323339391,4.587363586968418,4.6174572602135555,4.600437712883132,32.19733333333333,32.48288172043011,32.24074340851272,4.585401278019124,4.591989502692035,4.597827572818427,31.105666666666664,31.938639344262292,31.30103053385252,4.583470995525217,4.601287677759261,4.567998259265547,7.767931745628348
2025-01-02,sz001212,31.32,30.56,31.49,30.19,26228,60422878.35,4.15,-2.43,-0.76,2.56,4.418765174994478,0.02643761701093439,32.278000000000006,31.740000000000002,31.93182900532576,4.470326537439506,4.447342480151116,4.488847376626255,33.118,32.62381818181818,32.42525851509754,4.652035737198117,4.557052724498759,4.554383442705106,32.4,32.672333333333334,32.39526721116592,4.581420334201893,4.601400268596991,4.583135566417547,32.05066666666667,32.37724731182796,32.132308349899,4.566213572249291,4.581238786367864,4.5862751600555915,31.130499999999998,31.920748633879775,31.276734450775386,4.578415295347108,4.595887486922188,4.563105371256659,7.781201409810935
2025-01-03,sz001212,30.58,28.2,30.88,28.03,33233,71864368.35,9.33,-7.72,-2.36,3.25,4.52156954755729,0.10280437256281161,31.203999999999997,30.380666666666666,30.687886003550506,4.46264476628775,4.464423483523712,4.499754766936601,32.599000000000004,31.729636363636363,31.65702969417071,4.609304958526652,4.533331599109519,4.548417279950957,32.2455,32.27233333333334,31.995717952959644,4.589372802965318,4.595700193678456,4.577272136049904,31.872666666666664,32.12881720430107,31.87861103700229,4.558948130853957,4.578358526710315,4.58210060441054,31.121166666666667,31.824666666666666,31.1758579114057,4.578254824272894,4.594023691912685,4.561743540971435,7.856513612710528
2025-01-06,sz001212,28.24,27.78,28.45,27.25,17478,36126079.92,4.26,-1.49,-0.42,1.71,4.242491735011311,-0.27907781254597896,30.086000000000002,29.239333333333335,29.718590669033674,4.4202107211567725,4.391039139764898,4.414000422961504,31.988999999999997,30.853454545454547,30.952115204321487,4.555253153527387,4.466638285743093,4.492794453598294,32.064,31.84704761904762,31.594221005058724,4.575274338005111,4.562663901492361,4.545388288331942,31.747,31.864774193548385,31.614184518486017,4.543998677423237,4.5579419850430485,4.56019035477188,31.12183333333333,31.715120218579237,31.06451830775305,4.574975984321884,4.583015066035257,4.551276268644873,7.55782083836078
2025-01-07,sz001212,27.78,28.63,28.91,27.72,19234,40597587.0,4.28,3.06,0.85,1.88,4.284069611710083,0.04157787669877244,29.298000000000002,28.753999999999998,29.355727112689117,4.371844725451341,4.345658769949336,4.3706901525443635,31.476,30.242727272727272,30.529912439899398,4.504028358128945,4.417332187230856,4.454844482345892,31.947999999999997,31.520000000000003,31.31191424267218,4.569566057162798,4.534930118035692,4.520500795320337,31.676,31.66367741935484,31.421656485035307,4.5358336818233,4.5411723679002645,4.542376113284022,31.112333333333332,31.63342076502732,30.984698035367703,4.569950355356288,4.573477152179133,4.542515394647011,7.608500221170106
2025-01-08,sz001212,28.55,28.28,28.72,27.6,13706,28761495.52,3.91,-1.22,-0.35,1.34,4.136910727481376,-0.14715888422870727,28.690000000000005,28.41466666666667,28.997151408459413,4.320761359350908,4.26734743729268,4.292763677523368,30.807,29.66163636363636,30.120837450826777,4.424034391751866,4.350583527113115,4.397038345097798,31.8045,31.170666666666666,31.02316050527483,4.555358557577273,4.493724848542223,4.483968407907103,31.596333333333334,31.444580645161288,31.21896896987174,4.526736315413145,4.515435403104011,4.516217056135464,31.10983333333333,31.540557377049183,30.89601941125729,4.566121416624465,4.55927913159307,4.529216880969449,7.458811464436758
2025-01-09,sz001212,28.07,28.0,28.47,27.95,13261,27825681.97,1.84,-0.99,-0.28,1.3,4.122576275057186,-0.014334452424189514,28.178000000000004,28.184666666666665,28.66476760563961,4.26152357936345,4.201285742528106,4.236034543367975,30.228,29.151272727272726,29.73523064158554,4.365925058401477,4.295772960441356,4.347136150544959,31.637999999999998,30.808333333333334,30.73524045715342,4.548145223895103,4.452507488302214,4.449550109540444,31.477,31.212559139784947,31.01129355246066,4.510954691597615,4.489360561790723,4.4908208767110604,31.098000000000003,31.4385956284153,30.80106795515049,4.564235935230326,4.544736667935126,4.51588440208708,7.444445817110191
2025-01-10,sz001212,28.02,26.59,28.03,26.59,20519,41553268.88,5.14,-5.04,-1.41,2.0,4.312156191475623,0.1895799164184364,27.856,27.65533333333333,27.973178403759743,4.219640908147116,4.218163279898831,4.261408426070524,29.53,28.489818181818183,29.163370524933626,4.341142837217433,4.285996802818474,4.340776157986897,31.3315,30.327571428571428,30.340455651710236,4.525022806183868,4.430032342357502,4.4364649744866504,31.331999999999997,30.897268817204306,30.726048807140618,4.508905594625147,4.476534852105433,4.4792941228249035,31.072,31.29079234972677,30.663000153342278,4.563267947800201,4.536471758303826,4.509204788624409,7.618605194202063
2025-01-13,sz001212,26.54,26.63,26.73,25.82,13456,26331635.98,3.42,0.15,0.04,1.31,4.128915978453837,-0.18324021302178561,27.625999999999998,27.24666666666667,27.52545226917316,4.196925756835621,4.187921636667737,4.217244276864962,28.856,27.962545454545456,28.70275770221842,4.308568238996196,4.247410101225093,4.302256125344522,31.088,29.879809523809524,29.98707892297593,4.504248457988376,4.392307882573689,4.407174593912098,31.19533333333333,30.593913978494623,30.46178759377671,4.495094102320596,4.452019392997607,4.456689081252577,31.040000000000003,31.14515300546448,30.53077064011794,4.558403537115288,4.522230710128533,4.496736303045046,7.420477842585541
2025-01-14,sz001212,26.59,27.74,27.74,26.59,19438,39506263.79,4.32,4.17,1.11,1.9,4.288651577789465,0.15973559933562775,27.448,27.284666666666666,27.596968179448776,4.197842150051498,4.218496910319019,4.241046710506463,28.373,27.759636363636368,28.527710847269613,4.2848434377514195,4.243788890096596,4.299782571243602,30.877999999999997,29.560952380952383,29.77307140650203,4.487965183544839,4.37177484636427,4.395886687614704,31.084,30.37098924731183,30.28618839417821,4.488254213156503,4.438700520447212,4.4458479519968925,31.02716666666667,31.036956284153003,30.43926996339276,4.555333416808023,4.513386383593262,4.489913853036667,7.596665959266076
2025-01-15,sz001212,27.87,28.21,28.55,27.69,19586,41007164.51,3.1,1.69,0.47,1.91,4.291945750170066,0.0032941723806008127,27.434000000000005,27.538666666666664,27.80131211963252,4.228849154589236,4.249864777025209,4.258013057060998,28.062,27.73,28.469945238675137,4.274805256970072,4.245080219627259,4.2983576946847775,30.75,29.30685714285714,29.62420746302565,4.4745097882354266,4.353106328900006,4.385987550715215,30.979,30.185569892473115,30.152240755844137,4.48317747696897,4.426035458319054,4.435918777685484,31.016166666666663,30.944590163934425,30.366179144920864,4.553428052704023,4.504750722392017,4.483423095565631,7.612859740508306
2025-01-16,sz001212,28.47,27.95,28.6,27.61,12605,26378721.36,3.51,-0.92,-0.26,1.23,4.100542850012465,-0.19140290015760097,27.424,27.710666666666665,27.85087474642168,4.224442469580292,4.207096008832952,4.20552298804482,27.801,27.709636363636363,28.375409740734202,4.2429830244718705,4.213396145634967,4.262391359289811,30.459500000000002,29.04019047619047,29.464759133213683,4.447509380834994,4.317490430021628,4.358802341124477,30.867,29.99015053763441,30.01016070708,4.468607897625219,4.401349353354118,4.414281621061418,30.99533333333333,30.84406010928961,30.286960156562802,4.544966659924007,4.4899020272218015,4.470869644891756,7.42125374042359
2025-01-17,sz001212,27.8,28.36,28.42,27.73,10923,22878884.54,2.47,1.47,0.41,1.07,4.038341933653606,-0.062200916358858827,27.778,28.02266666666667,28.020583164281124,4.169679618015889,4.14506249685739,4.149795969914416,27.817,27.811272727272726,28.372607969691618,4.194660263081502,4.176188674577101,4.221655100083228,30.208,28.840238095238096,29.35954397766952,4.401982610804077,4.2785221017186394,4.328282302317728,30.769333333333332,29.828408602150528,29.903698725978064,4.45780195633738,4.373590258904338,4.39002744768027,30.992166666666666,30.75765573770492,30.223781135036152,4.539633764816865,4.4732913804588375,4.456688408457718,7.3594348466099735
2025-01-20,sz001212,29.24,28.84,29.72,28.12,18928,40609684.92,5.64,1.69,0.48,1.85,4.277104727283855,0.238762793630249,28.22,28.376666666666665,28.29372210952075,4.199317367781892,4.180870866613379,4.192232222370896,27.922999999999995,27.997272727272726,28.457588338838598,4.198121562308756,4.191178577159346,4.231736850483342,29.956,28.70995238095238,29.31006359884385,4.376687357918071,4.266628969954808,4.323408247552597,30.683666666666667,29.70393548387097,29.835073001721415,4.4495567461063255,4.3619323731589486,4.382742110880502,30.9775,30.68709289617486,30.178411261756278,4.533064882639093,4.464683871031526,4.450800418911034,7.608629619924999
2025-01-21,sz001212,28.99,28.72,29.2,28.25,12081,25727267.0,3.29,-0.42,-0.12,1.18,4.082102884327094,-0.19500184295676082,28.415999999999997,28.543333333333333,28.435814739680502,4.158007629089417,4.141799372128447,4.155522443022962,27.932,28.142181818181818,28.505299549958853,4.177924889570457,4.170084272071771,4.204530674818569,29.704,28.592238095238095,29.25386706562063,4.340976623849701,4.238573305803286,4.300426784388263,30.609333333333332,29.577247311827957,29.763132808061968,4.439019001298685,4.338225672398998,4.363346031748024,30.9625,30.613076502732238,30.130594499075745,4.525853484910035,4.4498982317426075,4.438711975154184,7.410393653685658
2025-01-22,sz001212,28.45,28.25,28.87,28.19,8309,17635858.43,2.37,-1.64,-0.47,0.81,3.919548758968848,-0.1625541253582461,28.424,28.488,28.373876493120335,4.083528230849174,4.062313082088258,4.076864548338257,27.928999999999995,28.2,28.458881449966334,4.156188692719204,4.123106793780569,4.152715781027711,29.368000000000002,28.453761904761905,29.158260678418664,4.290111542235535,4.198437318671777,4.264152686729271,30.512666666666668,29.425032258064515,29.665511336574102,4.422301935957917,4.304711463216428,4.3347139496332385,30.956166666666665,30.52414207650273,30.06893566304047,4.5166871729064,4.430019388269127,4.4216902303612216,7.2463966039149685
2025-01-23,sz001212,28.55,28.38,28.85,28.07,12827,27148751.15,2.76,0.46,0.13,1.25,4.108125094738599,0.1885763357697514,28.509999999999998,28.473333333333336,28.375917662080226,4.085044679794401,4.070512036718066,4.087284730471705,27.966999999999995,28.282,28.44453936815427,4.1547435746873465,4.114367957784096,4.144608383520599,29.097500000000004,28.359666666666666,29.08414061380736,4.260334316544411,4.181105276053021,4.249292916063492,30.41433333333333,29.287440860215053,29.582575121311258,4.417011340825851,4.284441989589376,4.320095313833584,30.9605,30.439677595628417,30.01356072326865,4.51136475982618,4.416623910296411,4.411409406242447,7.433749856719043
2025-01-24,sz001212,28.16,29.45,29.52,28.16,17882,38515064.5,4.79,3.77,1.07,1.75,4.252416090544274,0.14429099580567417,28.727999999999998,28.78666666666667,28.733945108053486,4.127859511172534,4.126302506968023,4.142328517162561,28.253000000000004,28.551636363636366,28.62735039212622,4.148769564594211,4.13212659703081,4.164209784797631,28.8915,28.393238095238093,29.118984364873324,4.244956200905821,4.180351159291103,4.249590361252138,30.305333333333337,29.225225806451615,29.574021887678274,4.399605058987316,4.273822941184113,4.315728912331049,30.970666666666666,30.39015300546448,29.995083322505742,4.5056379448432,4.408133789992087,4.406196510645786,7.58563062949751
2025-01-27,sz001212,29.52,30.53,31.47,29.46,32504,74648069.34,6.83,3.67,1.08,3.17,4.511936809318355,0.25952071877408134,29.065999999999995,29.387333333333338,29.33263007203566,4.174825927579435,4.254328273016631,4.265531281214493,28.643,28.96563636363636,28.973286684466906,4.187071647680662,4.198157005162473,4.227432880165035,28.7495,28.549285714285716,29.25336680631396,4.247819943338429,4.205777883901821,4.274575737258444,30.273000000000003,29.23972043010752,29.63569789492484,4.398522854552471,4.281070150882889,4.3283874863302305,31.019333333333332,30.37570491803279,30.012621574226863,4.506332991128713,4.408340310138813,4.40966340568423,7.87301857983295
2025-02-05,sz001212,30.67,29.88,30.72,29.41,14527,32340778.5,4.29,-2.13,-0.65,1.42,4.162175936530162,-0.3497608727881927,29.297999999999995,29.658666666666665,29.51508671469044,4.190840538020048,4.2501116093335405,4.231079499653049,28.857,29.190545454545454,29.138143650927468,4.174424083554733,4.193630512226018,4.215567981322331,28.615000000000002,28.65695238095238,29.313046158093584,4.229633760653075,4.197621311824843,4.263870994331941,30.204333333333334,29.21436559139785,29.651459321058724,4.383451483548137,4.265821962623385,4.317664160536678,31.012666666666668,30.338349726775952,30.008273325891555,4.497497583337629,4.397056472283123,4.401549062433277,7.509750469936023
2025-02-06,sz001212,29.76,30.02,30.03,29.52,12001,26690744.2,1.71,0.47,0.14,1.17,4.079217435746567,-0.08295850078359557,29.651999999999997,29.899333333333335,29.68339114312696,4.222774273375592,4.212903908575713,4.180458811684222,29.038,29.402,29.298481168940654,4.153151252112382,4.176320212624534,4.190776973035828,28.55,28.7907619047619,29.380375095418003,4.213978254541226,4.183295947548032,4.246284941133334,30.179333333333332,29.20247311827957,29.675236139054938,4.367390276194413,4.246193959539413,4.3022805008728,30.994500000000002,30.305803278688522,30.008657807009865,4.482878611406254,4.383342369083416,4.390980812377975,7.426360683096147
2025-02-07,sz001212,30.02,29.89,30.2,29.41,24331,54254342.69,2.63,-0.43,-0.13,2.38,4.3861599587276565,0.3069425229810898,29.953999999999997,29.978666666666665,29.752260762084646,4.278381246173404,4.267365803693068,4.2490258606987,29.232,29.556909090909095,29.406030047315078,4.1817129629839025,4.218685432009129,4.226301152252525,28.516499999999997,28.918380952380954,29.42891080061629,4.212347993727886,4.199694205089596,4.259606371380412,30.050333333333334,29.183806451612906,29.689091872019137,4.3589105748846295,4.2474049067996225,4.30769207879892,30.982166666666668,30.269590163934424,30.0047673871079,4.47734941553974,4.380171265716904,4.390822751602554,7.73443450622233
2025-02-10,sz001212,29.84,31.15,31.21,29.6,28983,66107295.44,5.39,4.22,1.26,2.83,4.462143336829198,0.0759833781015411,30.294,30.377333333333333,30.218173841389767,4.320326695430388,4.328619833911666,4.320065019408866,29.511000000000003,29.90563636363636,29.72311549325779,4.2240931033014615,4.269672772708273,4.269181549448283,28.663999999999998,29.169190476190476,29.59282405770045,4.209376683191481,4.223484237765913,4.278895606185059,29.975666666666665,29.254752688172044,29.783344009308227,4.342686108303204,4.254065084989595,4.317656676091196,30.983,30.275092896174865,30.042315997366657,4.473312387216515,4.379672705759182,4.3931611314460515,7.820249389810933
2025-02-11,sz001212,31.11,31.06,31.58,30.67,14447,33545815.4,2.92,-0.29,-0.09,1.41,4.159777672787248,-0.3023656640419494,30.4,30.63266666666667,30.49878256092651,4.2498948681241675,4.2751034930306195,4.266635903868327,29.733000000000004,30.187272727272724,29.966185403574556,4.212360397851801,4.257979058069326,4.249289935509912,28.828000000000003,29.397380952380953,29.732555099824218,4.205240980080278,4.218760522489319,4.267551041099553,29.881666666666668,29.32470967741935,29.865708911933503,4.321911704562647,4.242264540762759,4.307470933942555,30.99,30.277617486338798,30.075682685977586,4.464441125679068,4.369392879056583,4.385509214768714,7.525638352760305
2025-02-12,sz001212,31.08,31.33,31.96,30.69,13880,32336438.0,4.09,0.87,0.27,1.36,4.1423894661188365,-0.017388206668411677,30.689999999999998,30.942666666666664,30.775855040617675,4.245937574041902,4.239268359028843,4.225220424618497,29.994,30.477636363636364,30.214151693833724,4.218389056030974,4.2452570704815145,4.229853486529716,28.963,29.635666666666665,29.884692709364767,4.1981569728007155,4.2127746640168,4.25563089110139,29.800666666666665,29.41815053763441,29.960179304711986,4.30011410124346,4.230682460863158,4.2968205166636055,30.970333333333333,30.288765027322405,30.116807843814385,4.453060644551242,4.35883380825133,4.377538075468718,7.50969217876941
2025-02-13,sz001212,31.29,30.59,31.47,30.56,13634,31471940.5,2.9,-2.36,-0.74,1.33,4.1346232896624375,-0.007766176456398988,30.803999999999995,30.909333333333333,30.713903360411784,4.257018744825076,4.202163597569022,4.195021379633144,30.227999999999998,30.586000000000002,30.28248774950032,4.239896509100333,4.23002693114178,4.21253890528112,29.0785,29.790619047619046,29.95186483228241,4.198042600909769,4.206723837051251,4.244106357631013,29.654666666666667,29.469075268817203,30.000812897956376,4.273373197857135,4.220005634309544,4.286356179437725,30.944833333333335,30.27629508196722,30.132322340738504,4.444850146525005,4.348393239238582,4.369573656261955,7.4979235215106295
2025-02-14,sz001212,30.68,30.54,31.08,30.36,14853,33929985.0,2.35,-0.16,-0.05,1.45,4.171814181051147,0.037190891388709346,30.933999999999997,30.82133333333333,30.65593557360786,4.214149589289773,4.173762076311046,4.187285646772478,30.444,30.64272727272727,30.329308158682075,4.246265417731588,4.217648326041928,4.205134409966579,29.205499999999994,29.92980952380952,30.00787770539837,4.200504496209467,4.20422589230281,4.23722138843293,29.546333333333333,29.526193548387102,30.035599162604353,4.255644683606804,4.213453439676899,4.2789663730902046,30.91433333333333,30.263021857923494,30.145688821370026,4.441652889883886,4.339441240370586,4.3630897390419285,7.530583667649283
2025-02-17,sz001212,30.55,30.8,31.19,30.55,14771,34044337.96,2.1,0.85,0.26,1.44,4.1694098981407,-0.002404282910446476,30.863999999999997,30.776666666666664,30.703957049071906,4.155602901552074,4.158848845928022,4.181327063895219,30.579,30.707454545454542,30.414888493467153,4.237964798491231,4.203674595207221,4.198639044180055,29.416000000000004,30.081666666666663,30.08331792393186,4.193367181542721,4.201264502010547,4.2307631512622415,29.454,29.6070752688172,30.08491534566214,4.242625733434291,4.207889905130699,4.271898213416043,30.911999999999995,30.259273224043717,30.167141646898877,4.436602721574597,4.330515240641302,4.356739580323856,7.532044893129888
2025-02-18,sz001212,30.88,29.51,31.2,29.3,24281,54288357.38,6.17,-4.19,-1.29,2.37,4.385266568957531,0.21585667081683102,30.554000000000002,30.325333333333333,30.305971366047938,4.200700680786131,4.235403401729841,4.24930689891599,30.476999999999997,30.513090909090913,30.25036331283676,4.225297774455148,4.2304567352920035,4.2325713214123235,29.560000000000002,30.090619047619047,30.028716216890732,4.206184711067905,4.21954063414529,4.2454777624713165,29.325333333333333,29.610688172043012,30.047824033038776,4.24031255371067,4.217092539680586,4.279212300870333,30.838166666666666,30.213306010928957,30.1455960191317,4.430341833929978,4.32883208809648,4.3576748914265995,7.7347067012689745
2025-02-19,sz001212,29.65,30.02,30.21,29.52,14026,31317310.81,2.34,1.73,0.51,1.37,4.1469338345627635,-0.23833273439476788,30.292,30.147333333333336,30.210647577365293,4.201609554474916,4.217481119655385,4.215182544131581,30.490999999999996,30.429999999999996,30.208479074139166,4.223773564258409,4.21620874622066,4.217000869257857,29.674,30.13442857142857,30.027886100996376,4.19909882390657,4.2138976935257535,4.236092626480025,29.240333333333336,29.655505376344088,30.04602893413305,4.227680361854853,4.211068106187172,4.270678206269845,30.790333333333333,30.18648087431694,30.141478116865084,4.417072750857957,4.319540022543457,4.350765348578605,7.495784462500859
2025-02-20,sz001212,29.94,31.05,31.2,29.69,20603,46690296.68,5.03,3.43,1.03,2.01,4.313930462533462,0.1669966279706987,30.384000000000004,30.4,30.490431718243528,4.237470989049121,4.2549214223415674,4.248098516932208,30.594,30.531636363636363,30.361482878841134,4.247244866937098,4.232600909543398,4.2346244316716035,29.815999999999995,30.265476190476196,30.125230281853863,4.20019805952474,4.224834040061647,4.24350575372321,29.231333333333335,29.77225806451613,30.11080126096318,4.225067125339851,4.216632628811599,4.273468674415885,30.714333333333336,30.194994535519125,30.171265719590817,4.405234201679487,4.316158308172161,4.349557647396797,7.669226633538377
2025-02-21,sz001212,30.76,32.2,32.62,30.72,51301,122396948.89,6.12,3.7,1.15,5.01,4.710125830808679,0.39619536827521706,30.716,31.005333333333333,31.060287812162354,4.345133319000627,4.41247303626142,4.402107621557699,30.825,30.823636363636364,30.695758719051835,4.279641454145201,4.316761084792775,4.321079231514708,30.028499999999998,30.49252380952381,30.32282739786778,4.2306772085645505,4.273398589707737,4.287945761064683,29.285999999999998,29.963784946236558,30.24558827638491,4.234779147200324,4.247926738841845,4.301640103860581,30.668333333333337,30.24370491803279,30.23778159763702,4.400496359724808,4.326154755028855,4.361379555049646,8.087770591855683
2025-02-24,sz001212,32.06,30.97,32.25,30.75,38893,91343390.36,4.66,-3.82,-1.23,3.8,4.589871443615334,-0.12025438719334502,30.75,31.09,31.030191874774907,4.429225628095554,4.494052411132988,4.464695562243577,30.807,30.85,30.745620770133314,4.292414264823814,4.373166537423709,4.369950542805731,30.159000000000002,30.582190476190473,30.384462883785137,4.2582536840626375,4.307607564474478,4.316700587974269,29.378333333333334,30.072430107526884,30.29232451661814,4.237055877068925,4.270835919255717,4.32023567416734,30.6255,30.2535956284153,30.26178875837023,4.39800200396144,4.332363774172807,4.368871092379668,7.960677127123334
2025-02-25,sz001212,30.84,31.42,31.7,30.45,24947,58034738.96,4.04,1.45,0.45,2.44,4.397018327042308,-0.19285311657302628,31.132000000000005,31.313333333333336,31.160127916516608,4.43157597971251,4.48331664411524,4.4421364838431545,30.842999999999996,30.961454545454547,30.86823517556362,4.31613833024932,4.392185457827073,4.374871958121473,30.288,30.702285714285722,30.48308546628179,4.264249364050561,4.320823244758256,4.32434989645694,29.499666666666666,30.20415053763441,30.365077773610523,4.24220676346996,4.281156077318516,4.32518939370766,30.62333333333333,30.279644808743168,30.299762897440058,4.393102720446597,4.332331522470541,4.369793952532541,7.763688035326655
2025-02-26,sz001212,31.31,31.47,32.06,31.31,16892,39881449.0,2.39,0.16,0.05,1.65,4.22768107275287,-0.16933725428943802,31.422000000000004,31.426,31.263418611011073,4.447725427350531,4.415351675128694,4.37065134681306,30.857,31.075454545454548,30.977646961824778,4.324667490912724,4.376102320100445,4.348109978963545,30.4255,30.814857142857146,30.577077326635905,4.271528273471849,4.317340550348953,4.315143341818457,29.594333333333335,30.3312688172043,30.43636307853888,4.240327145504718,4.280218935981929,4.318898534291222,30.635166666666667,30.307404371584703,30.338131327032187,4.388080413664009,4.326907861890418,4.365134513851241,7.600770929009533
2025-02-27,sz001212,31.45,31.36,31.83,30.69,22082,51476569.38,3.62,-0.35,-0.11,2.16,4.344038405543933,0.11635733279106297,31.484,31.40533333333333,31.295612407340716,4.453747015952625,4.3807893345264945,4.361780366390018,30.934000000000005,31.166909090909087,31.047165696038455,4.345609002500874,4.379624304578846,4.347369692887252,30.581,30.90385714285714,30.651641390765818,4.292752755800604,4.324246277212961,4.317895252649455,29.697,30.445182795698926,30.495952557342825,4.247231401440137,4.286909985016718,4.320520461468816,30.646666666666665,30.331169398907104,30.371635217949162,4.386983858426641,4.325463861624186,4.364442838169034,7.7116095959444495
2025-02-28,sz001212,31.25,30.04,31.28,30.01,17650,40249764.44,4.05,-4.21,-1.32,1.72,4.246744709723841,-0.09729369582009184,31.052,30.923999999999996,30.877074938227146,4.361070791735658,4.3117885657835675,4.323435147501293,30.883999999999997,31.00436363636363,30.8640446603951,4.353102055368143,4.361648978619386,4.329074241402996,30.663999999999998,30.852333333333338,30.593389829740502,4.2996837365498655,4.319864558538983,4.311119010466063,29.764999999999997,30.46731182795699,30.46653626332071,4.251370349262358,4.28687858555115,4.315760735549786,30.621,30.311278688524588,30.360761932114762,4.381162520429986,4.320865856748686,4.360583883138045,7.6047633430217125
2025-03-03,sz001212,30.15,30.6,31.28,30.15,15935,36604136.18,3.76,1.86,0.56,1.56,4.202352067809752,-0.044392641914089204,30.977999999999998,30.773333333333333,30.784716625484766,4.283566916574541,4.258882324474931,4.283074120937446,30.863999999999997,30.952727272727273,30.81603654032326,4.356396272335048,4.334239889972406,4.306033846204224,30.7215,30.846238095238093,30.594019369765217,4.297180535413139,4.310594875801829,4.300760254022605,29.898666666666667,30.521182795698927,30.475146826977436,4.24771021180683,4.283716115780014,4.308444047308493,30.615333333333336,30.310590163934428,30.368605803192967,4.378307903215988,4.315003218957858,4.355395954766625,7.56353016240688
2025-03-04,sz001212,30.56,31.15,31.41,30.33,14493,33545023.4,3.53,1.8,0.55,1.42,4.161158292206182,-0.04119377560356963,30.924,30.83066666666667,30.90647775032318,4.236394909607316,4.2180794496854785,4.242435511360358,31.028,31.004727272727276,30.876757169355393,4.333985444659913,4.298742075403521,4.279692836386398,30.752499999999998,30.887047619047618,30.64696990597805,4.279641609557531,4.297640376448786,4.287464829087708,30.049333333333333,30.601913978494622,30.51868574136599,4.248784955598575,4.2781321209670695,4.298941740527699,30.622333333333337,30.328120218579233,30.39422528505549,4.371939528959585,4.307883559580486,4.349027506813824,7.52562809916277
2025-03-05,sz001212,31.14,31.28,31.45,30.88,14191,33019237.5,1.83,0.42,0.13,1.39,4.152013000050834,-0.009145292155348095,30.886000000000003,30.949333333333335,31.03098516688212,4.221261295066909,4.189952146499985,4.212294674257183,31.154000000000003,31.050545454545453,30.95007404765441,4.33449336120872,4.265656176383689,4.256478320689022,30.822499999999998,30.937285714285718,30.707258486361095,4.279133462733564,4.285485270781481,4.27456465489372,30.167333333333332,30.68131182795699,30.56780279031012,4.24423033634062,4.271888768996248,4.289462466948547,30.625666666666667,30.34968306010929,30.423267078988097,4.3662422747485605,4.300672853714627,4.342568014788808,7.518767040054395
2025-03-06,sz001212,31.49,31.42,31.73,31.28,13851,32538048.8,1.44,0.45,0.14,1.35,4.141481129270804,-0.010531870780030594,30.898000000000003,31.127333333333336,31.160656777921417,4.180749839812283,4.163358757901283,4.188690159261723,31.191000000000003,31.098909090909093,31.03551512989906,4.317248427882454,4.230563043304068,4.235569740431164,30.892500000000002,30.99419047619047,30.77513863051718,4.282246647409776,4.272375524737409,4.261890033405823,30.274333333333335,30.76212903225807,30.622783255451406,4.239214848977311,4.265259787894969,4.279915283872564,30.626666666666665,30.375726775956277,30.455946846890125,4.36119616297314,4.293303635830109,4.335975002148873,7.512391506166902
2025-03-07,sz001212,31.34,31.24,31.67,31.05,13899,32516151.68,1.97,-0.57,-0.18,1.36,4.142983554922818,0.0015024256520144164,31.137999999999998,31.241333333333333,31.187104518614277,4.159997608852079,4.150769996271462,4.173454624482089,31.095,31.10781818181818,31.07269419719014,4.2605342002938675,4.198878520947771,4.2187358885205555,30.96,31.027285714285718,30.819411141896495,4.270087827219534,4.259112373071986,4.250565606883632,30.384,30.824430107526887,30.662603690583577,4.24062953914099,4.259051317310808,4.271080978779032,30.6255,30.39583606557377,30.481653507647824,4.354618718383104,4.286149124090755,4.329647413715232,7.512099140764682
2025-03-10,sz001212,31.24,32.59,32.85,31.21,41042,98383665.08,5.25,4.32,1.35,4.01,4.61322851603651,0.47024496111369185,31.536,31.72533333333333,31.654736345742855,4.24217289849743,4.301846965332938,4.320045921666896,31.256999999999998,31.379636363636365,31.348567979519203,4.262869907535985,4.263004760173706,4.2904618207961835,31.032000000000004,31.182523809523815,30.988038652192067,4.2776420861799,4.2917924386736015,4.285104931564859,30.525,30.96675268817204,30.786951839578187,4.259792425220421,4.283089960981487,4.2931550134408045,30.64716666666667,30.460245901639347,30.550779622151175,4.358797190778899,4.2946281338498835,4.3389451547749465,7.992922997267541
2025-03-11,sz001212,32.12,32.49,33.02,32.07,29145,70906012.17,2.92,-0.31,-0.1,2.85,4.464564059655464,-0.14866445638104597,31.804000000000002,32.04333333333334,31.933157563828573,4.302854051987286,4.375977352385617,4.368218634329752,31.363999999999997,31.603818181818184,31.556101074152075,4.269624480797301,4.299676424195429,4.322116773316052,31.103499999999997,31.321380952380956,31.131082590078538,4.29288140552331,4.30959453138556,4.3021962770972975,30.646666666666665,31.093526881720432,30.896825914444115,4.2660410696328075,4.2963010341708445,4.304213661583686,30.665166666666668,30.520666666666667,30.61436061814622,4.357798907869566,4.298095900042557,4.34306380739398,7.850683060874966
2025-03-12,sz001212,32.77,33.26,33.62,32.25,30829,76073418.68,4.22,2.37,0.77,3.01,4.488959437748713,0.02439537809324932,32.2,32.528666666666666,32.37543837588572,4.370243339526862,4.438012480972759,4.40846556880274,31.543,31.948545454545453,31.865900878851694,4.295752317296886,4.339555507277504,4.352451803212899,31.2,31.526761904761905,31.33383662911868,4.310209904104805,4.328268629692741,4.319983244778385,30.798000000000002,31.262129032258063,31.049288758673526,4.279602954746861,4.310682864371871,4.316132743916914,30.703666666666667,30.60574316939891,30.701102892961096,4.359310978022774,4.302396245284497,4.347847270684299,7.881232933548275
2025-03-13,sz001212,33.41,34.46,34.71,33.32,49464,126250218.33,4.18,3.61,1.2,4.83,4.694289233490819,0.20532979574210586,32.80800000000001,33.282,33.070292250590484,4.480804960370865,4.546027778960746,4.503740123698766,31.852999999999998,32.47890909090909,32.33755526451502,4.330777400091574,4.412016764767309,4.41460406326343,31.3935,31.83723809523809,31.63156647396452,4.338193201296223,4.36484761344379,4.3556314341795686,31.005,31.498387096774195,31.26933464521072,4.305427637230927,4.337436817839222,4.340529936792651,30.758833333333335,30.728901639344258,30.82434542106073,4.363864786594421,4.3133791389064,4.359206023563201,8.101232137835707
2025-03-14,sz001212,34.46,34.06,34.76,33.97,32033,82043609.3,2.29,-1.16,-0.4,3.13,4.50559761373201,-0.1886916197588091,33.372,33.699333333333335,33.40019483372699,4.553327772132703,4.554291996747794,4.504359287043181,32.255,32.88018181818182,32.65072703460319,4.35666269049239,4.443802258156481,4.4311483451668074,31.569500000000005,32.09119047619048,31.86284585739647,4.354882372930267,4.380790890818627,4.369913927470277,31.194333333333336,31.695483870967742,31.44937757132616,4.318676721197374,4.3503510098715505,4.351179464337126,30.804333333333332,30.837136612021858,30.930432456435785,4.367844031011612,4.318026116845337,4.364005747831031,7.914044757798156
2025-03-17,sz001212,34.0,34.62,34.97,33.97,42724,110085321.69,2.94,1.64,0.56,4.17,4.630671906394192,0.12507429266218217,33.778,34.11533333333333,33.806796555817996,4.55681645020424,4.5800733748349565,4.546463493493518,32.657,33.31018181818182,33.00877666467534,4.3994946743508345,4.493622115593172,4.467425356299059,31.7605,32.38171428571429,32.12543196621585,4.377945473342941,4.407056560672334,4.394748020701126,31.366666666666667,31.916494623655915,31.653933857047054,4.331285248392372,4.370479731497152,4.369211234792421,30.836,30.962240437158467,31.051401884093625,4.365445153689844,4.32664342423493,4.372748900570806,8.041729415847264
2025-03-18,sz001212,34.69,34.63,35.41,34.31,46580,121162914.06,3.18,0.03,0.01,4.55,4.668199484198662,0.037527577804469914,34.206,34.39933333333333,34.081197703878665,4.597543535112879,4.617201052833097,4.5870421570619,33.005,33.66890909090909,33.303544543825275,4.450198793550083,4.542477535565504,4.503929743189896,32.0165,32.655,32.363962255147676,4.392092119104998,4.434699799801451,4.420791017224701,31.503333333333334,32.12703225806452,31.845938124334342,4.336494004221715,4.392216133807236,4.388500799270243,30.888166666666667,31.08663387978143,31.168732969861047,4.367508429387092,4.336569795727022,4.382435804952046,8.083369709898182
2025-03-19,sz001212,34.58,35.0,35.22,34.23,32702,85147175.87,2.86,1.07,0.37,3.19,4.514574314201648,-0.1536251699970137,34.554,34.664,34.387465135919115,4.602666510403467,4.589544645862687,4.5628862094418166,33.376999999999995,34.031636363636366,33.6119909904025,4.486454924965164,4.55418217568397,4.505865119737487,32.2655,32.939142857142855,32.61501346894314,4.410474143086942,4.4463647707630365,4.429722759793934,31.674,32.35262365591399,32.049425987280515,4.348240616810765,4.4037051860640055,4.396634574427108,30.93916666666667,31.221448087431693,31.294348282324616,4.36584605017945,4.341391628016024,4.386768215091378,7.930170248018936
2025-03-20,sz001212,35.0,35.01,35.35,34.76,34525,90681105.1,1.69,0.03,0.01,3.37,4.538133687250669,0.02355937304902067,34.664,34.816,34.59497675727941,4.571435401155436,4.5680337048117545,4.554635368711434,33.736000000000004,34.328545454545456,33.86617444669295,4.526120180763151,4.563578314281335,4.51173213201261,32.463499999999996,33.200523809523816,32.84310742428189,4.4216843043228025,4.4585228225881535,4.440047610027909,31.840333333333334,32.56784946236559,32.24043076229468,4.363537825194234,4.415956351898838,4.405763549447983,31.009833333333333,31.354918032786884,31.416172928805775,4.365464050694324,4.347040403001966,4.391731017457256,7.957516804086896
2025-03-21,sz001212,35.0,37.19,37.3,34.33,83970,226725334.76,8.48,6.23,2.18,8.2,4.924124153185825,0.38599046593515585,35.29,35.657999999999994,35.45998450485294,4.6551407090462,4.685596622155217,4.677798296869565,34.331,34.956545454545456,34.47050636547605,4.6042342405894505,4.635942672903639,4.586712499498649,32.713,33.650666666666666,33.257097193397904,4.43238422044166,4.506374236765584,4.4861501379477104,32.083666666666666,32.91298924731183,32.55975780988857,4.381469965009506,4.452123211769262,4.439206169043974,31.067,31.557546448087436,31.6054787344187,4.370190269947068,4.365357127673818,4.409186530104095,8.355500051805876
2025-03-24,sz001212,36.41,34.82,36.43,34.2,76839,203594818.93,6.0,-6.37,-2.37,7.51,4.8855817042205265,-0.03854244896529835,35.33,35.501333333333335,35.24665633656863,4.706122668611466,4.762410287213327,4.747059432653218,34.554,35.04545454545455,34.53405066266222,4.6314695594078525,4.687096757200198,4.641052354902627,32.9055,33.85133333333333,33.40594507974096,4.447169733471919,4.54953590188738,4.524191239497502,32.206,33.08952688172044,32.70557988666996,4.395584577255884,4.484646549782878,4.468004590668269,31.090833333333332,31.6805956284153,31.71087287427382,4.369135342779545,4.382255207486062,4.424806044009552,8.30876672190273
2025-03-25,sz001212,35.31,35.28,35.44,34.22,28174,73618712.1,3.5,1.32,0.46,2.75,4.4498485102659995,-0.43573319395452703,35.459999999999994,35.48466666666666,35.25777089104575,4.662452473824934,4.676985567764837,4.647989125190812,34.833,35.177454545454545,34.66967781490545,4.629998004468907,4.654074748265316,4.606288019514149,33.0985,34.07747619047619,33.58442650071801,4.449811242633104,4.549791023486818,4.517110979570693,32.346666666666664,33.28784946236559,32.8716715068848,4.405253605171842,4.488147448686756,4.466833230642316,31.114166666666666,31.817945355191256,31.827893435773042,4.363582654867244,4.384901540846275,4.425627108476976,7.866988215545371
2025-03-26,sz001212,35.23,36.62,37.21,35.23,60115,164856513.32,5.61,3.8,1.34,5.87,4.7789828514439465,0.32913434117794704,35.784,35.87133333333334,35.71184726069717,4.715334181273394,4.715829026971176,4.691653700608524,35.169,35.50236363636364,35.024281848559,4.659000345838431,4.681162902260778,4.637687079865021,33.356,34.412857142857135,33.87352873874487,4.477376331567657,4.581140700516421,4.542051157844336,32.523,33.56354838709677,33.113499151601914,4.42647338468268,4.5122590129623745,4.4869719158553245,31.161833333333334,31.998464480874315,31.98501168378048,4.3632937429630685,4.398521219422559,4.437212542672614,8.217106110369402
2025-03-27,sz001212,36.8,38.98,39.29,36.41,113641,325570775.47,7.86,6.44,2.36,11.1,5.0555350467032305,0.276552195259284,36.577999999999996,36.93666666666666,36.80123150713145,4.818814453163905,4.829229315447788,4.812947482640093,35.621,36.19527272727272,35.74350333063918,4.695124927159671,4.753260120599832,4.713659437471968,33.737,34.94847619047619,34.35985933505488,4.5129511636256225,4.636203435291238,4.590954385354706,32.80266666666667,33.98012903225806,33.491983077305015,4.457170443250706,4.55284363631854,4.523653408168093,31.228666666666662,32.25479781420765,32.214355563000794,4.36527182055392,4.421217655610762,4.457485411657224,8.512645413963654
