date,stock_code,open,close,high,low,volume,amount,amplitude,pct_change,change,turnover,volume_log,volume_log_diff,p_SMA:5,p_WMA:5,p_EMA:5,v_log_SMA:5,v_log_WMA:5,v_log_EMA:5,p_SMA:10,p_WMA:10,p_EMA:10,v_log_SMA:10,v_log_WMA:10,v_log_EMA:10,p_SMA:20,p_WMA:20,p_EMA:20,v_log_SMA:20,v_log_WMA:20,v_log_EMA:20,p_SMA:30,p_WMA:30,p_EMA:30,v_log_SMA:30,v_log_WMA:30,v_log_EMA:30,p_SMA:60,p_WMA:60,p_EMA:60,v_log_SMA:60,v_log_WMA:60,v_log_EMA:60,amount_log
2022-07-27,sz001258,4.06,4.87,4.87,4.06,34908,16944476.77,23.96,44.08,1.49,1.5,4.542924967294684,0.0,4.87,4.87,4.87,4.542924967294684,4.542924967294684,4.542924967294684,4.87,4.87,4.87,4.542924967294684,4.542924967294684,4.542924967294684,4.87,4.87,4.87,4.542924967294684,4.542924967294684,4.542924967294684,4.87,4.87,4.87,4.542924967294684,4.542924967294684,4.542924967294684,4.87,4.87,4.87,4.542924967294684,4.542924967294684,4.542924967294684,7.229028162762647
2022-07-28,sz001258,5.36,5.36,5.36,5.36,5812,3115258.8,0.0,10.06,0.49,0.25,3.764325605625984,-0.7785993616686997,5.115,5.196666666666666,5.033333333333333,4.153625286460334,4.023858726182217,4.283391846738451,5.115,5.196666666666666,4.959090909090909,4.153625286460334,4.023858726182217,4.401361446991284,5.115,5.196666666666666,4.916666666666666,4.153625286460334,4.023858726182217,4.46877264713576,5.115,5.196666666666666,4.901612903225807,4.153625286460334,4.023858726182217,4.492692750412832,5.115,5.196666666666666,4.886065573770492,4.153625286460334,4.023858726182217,4.51739711937112,6.4934941314905865
2022-07-29,sz001258,5.9,5.9,5.9,5.9,6873,4055341.4,0.0,10.07,0.54,0.29,3.83714634390906,0.07282073828307611,5.376666666666668,5.548333333333335,5.322222222222223,4.048132305609909,3.9305025350456386,4.134643345795321,5.376666666666668,5.548333333333335,5.1301652892561975,4.048132305609909,3.9305025350456386,4.298776882794515,5.376666666666668,5.548333333333335,5.010317460317459,4.048132305609909,3.9305025350456386,4.4086177611141695,5.376666666666668,5.548333333333335,4.966024973985433,4.048132305609909,3.9305025350456386,4.450399433864202,5.376666666666668,5.548333333333335,4.919309325450148,4.048132305609909,3.9305025350456386,4.49509381525761,6.608027421283291
2022-08-01,sz001258,6.49,6.49,6.49,6.49,10019,6502045.44,0.0,10.0,0.59,0.43,4.000824376605605,0.16367803269654502,5.655,5.925000000000001,5.711481481481482,4.0363053233588335,3.9586312716696255,4.090037022732083,5.655,5.925000000000001,5.377407963936889,4.0363053233588335,3.9586312716696255,4.244603699851076,5.655,5.925000000000001,5.151239606953892,4.0363053233588335,3.9586312716696255,4.369780295922878,5.655,5.925000000000001,5.064345943405728,4.0363053233588335,3.9586312716696255,4.421394591460422,5.655,5.925000000000001,4.970807380353421,4.0363053233588335,3.9586312716696255,4.47888825989197,6.813050000268121
2022-08-02,sz001258,7.14,7.14,7.14,7.14,19880,14194484.22,0.0,10.02,0.65,0.85,4.298416380061295,0.2975920034556898,5.952,6.33,6.187654320987655,4.088727534699325,4.071892974466849,4.159496808508488,5.952,6.33,5.697879243221091,4.088727534699325,4.071892974466849,4.254387823525661,5.952,6.33,5.340645358672568,4.088727534699325,4.071892974466849,4.362983732507489,5.952,6.33,5.198259108347295,4.088727534699325,4.071892974466849,4.41346051330564,5.952,6.33,5.0419284498500305,4.088727534699325,4.071892974466849,4.472971149077849,7.152119616342148
2022-08-03,sz001258,7.85,7.85,7.85,7.85,16064,12609871.05,0.0,9.94,0.71,0.69,4.205853695464925,-0.09256268459636985,6.548,6.962666666666666,6.741769547325104,4.0213132803333735,4.110935028055382,4.174949104160634,6.2683333333333335,6.764285714285715,6.089173926271801,4.108248561493592,4.110167466180585,4.2455634366055275,6.2683333333333335,6.764285714285715,5.579631514989467,4.108248561493592,4.110167466180585,4.348018967074864,6.2683333333333335,6.764285714285715,5.369339165873276,4.108248561493592,4.110167466180585,4.400066525057853,6.2683333333333335,6.764285714285715,5.133996369527079,4.108248561493592,4.110167466180585,4.464213199779064,7.100710645450181
2022-08-04,sz001258,8.64,8.64,8.64,8.64,7470,6454270.08,0.0,10.06,0.79,0.32,3.873320601815399,-0.3325330936495261,7.203999999999999,7.659999999999999,7.3745130315500695,4.043112279571257,4.061604135216057,4.0744062700455554,6.607142857142857,7.233214285714287,6.552960485131473,4.074687424396707,4.0509557500892885,4.17788292118914,6.607142857142857,7.233214285714287,5.871095180228566,4.074687424396707,4.0509557500892885,4.302809598954915,6.607142857142857,7.233214285714287,5.580349542268549,4.074687424396707,4.0509557500892885,4.366082917106727,6.607142857142857,7.233214285714287,5.248947308231109,4.074687424396707,4.0509557500892885,4.444839671976977,6.809847134572618
2022-08-05,sz001258,9.5,9.5,9.5,9.5,13633,12951502.0,0.0,9.95,0.86,0.58,4.134591434710877,0.2612708328954785,7.924000000000001,8.425333333333333,8.083008687700048,4.10260129773162,4.092097186929263,4.094467991600663,6.96875,7.736944444444443,7.088785851471205,4.082175425685978,4.069541457782974,4.170011741829456,6.96875,7.736944444444443,6.21670516306394,4.082175425685978,4.069541457782974,4.286788821407864,6.96875,7.736944444444443,5.833230216960901,4.082175425685978,4.069541457782974,4.351147982758608,6.96875,7.736944444444443,5.388326085010417,4.082175425685978,4.069541457782974,4.43466759862399,7.112320136948991
2022-08-08,sz001258,10.45,10.45,10.45,10.45,46939,49051338.6,0.0,10.0,0.95,2.01,4.671533833044678,0.5369423983338004,8.716,9.267333333333333,8.872005791800031,4.2367431890194345,4.281741365366949,4.286823272082001,7.355555555555556,8.279555555555556,7.699915696658259,4.1476596931702785,4.1899399328353155,4.26119757659586,7.355555555555556,8.279555555555556,6.619876099914993,4.1476596931702785,4.1899399328353155,4.3234312034685125,7.355555555555556,8.279555555555556,6.131086331995681,4.1476596931702785,4.1899399328353155,4.371818037615774,7.355555555555556,8.279555555555556,5.554282606813354,4.1476596931702785,4.1899399328353155,4.442433704670569,7.690650863676436
2022-08-09,sz001258,11.5,11.5,11.5,11.5,50650,58247155.0,0.0,10.05,1.05,2.17,4.7045794496963,0.033045616651621756,9.588,10.195333333333334,9.748003861200022,4.317975802946435,4.437686785592572,4.426075331286768,7.7700000000000005,8.86509090909091,8.390840115447666,4.203351668822881,4.283510754082767,4.341812462614122,7.7700000000000005,8.86509090909091,7.084649804684994,4.203351668822881,4.283510754082767,4.359731036442588,7.7700000000000005,8.86509090909091,6.477467858963703,4.203351668822881,4.283510754082767,4.393286515814517,7.7700000000000005,8.86509090909091,5.749224160688326,4.203351668822881,4.283510754082767,4.451028647130429,7.765274717715648
2022-08-10,sz001258,12.65,12.65,12.65,12.65,23247,29407024.9,0.0,10.0,1.15,1.0,4.366366915612642,-0.3382125340836577,10.547999999999998,11.216000000000001,10.715335907466681,4.35007844697598,4.453817156481306,4.4061725260620594,8.547999999999998,9.752363636363636,9.165232821729909,4.185695863654677,4.313149889862723,4.346276908613853,8.213636363636363,9.495909090909091,7.614683156619757,4.218171236712859,4.297320114337746,4.360363024934974,8.213636363636363,9.495909090909091,6.8756957390305615,4.218171236712859,4.297320114337746,4.391549767414396,8.213636363636363,9.495909090909091,5.975479106239528,4.218171236712859,4.297320114337746,4.448252852654436,7.468451089285375
2022-08-11,sz001258,13.92,13.92,13.92,13.92,122900,171076883.52,0.0,10.04,1.27,5.27,5.089551882886454,0.723184967273812,11.604,12.34,11.783557271644455,4.59332470319019,4.700308301784798,4.633965645003524,9.404,10.729090909090907,10.029735945051742,4.318218491380724,4.477487347904865,4.481417813027053,8.689166666666667,10.176538461538462,8.21518952265597,4.290786290560658,4.419201924883701,4.429809582835114,8.689166666666667,10.176538461538462,7.330166981673752,4.290786290560658,4.419201924883701,4.436582161960981,8.689166666666667,10.176538461538462,6.235955201116921,4.290786290560658,4.419201924883701,4.469279050366961,8.233191330184289
2022-08-12,sz001258,14.59,15.31,15.31,14.48,1648239,2482601593.88,5.96,9.99,1.39,70.64,6.2170201860354934,1.1274683031490396,12.766,13.575333333333333,12.959038181096304,5.0098104534551124,5.241540129399898,5.16165049201418,10.345,11.80290909090909,10.989783955042334,4.556205875593367,4.822724019660278,4.7969818808467695,9.198461538461538,10.90989010989011,8.890885758593498,4.438958128674107,4.676033105048242,4.600020116473246,9.198461538461538,10.90989010989011,7.844994918339962,4.438958128674107,4.676033105048242,4.551449131256112,9.198461538461538,10.90989010989011,6.533464866654071,4.438958128674107,4.676033105048242,4.526582038421666,9.39490702987988
2022-08-15,sz001258,15.01,15.89,16.84,14.58,1559684,2470190763.47,14.76,3.79,0.58,66.84,6.19303661697125,-0.02398356906424315,13.854,14.616666666666667,13.936025454064204,5.314111010240428,5.635948850571945,5.505445866999871,11.285,12.811090909090908,11.880732326852819,4.7754270996299315,5.12032960900171,5.050810014687584,9.676428571428572,11.573904761904762,9.55746806729888,4.56424944926676,4.878300239971311,4.751735973663532,9.676428571428572,11.573904761904762,8.364027504253514,4.56424944926676,4.878300239971311,4.65735800130225,9.676428571428572,11.573904761904762,6.84023651037033,4.56424944926676,4.878300239971311,4.581219893456078,9.392730493471523
2022-08-16,sz001258,16.56,17.48,17.48,16.56,1187567,2032276337.26,5.79,10.01,1.59,50.9,6.074658120957499,-0.11837849601375172,15.05,15.825333333333335,15.11735030270947,5.588126744492667,5.889464554144301,5.695183284985747,12.318999999999999,13.937454545454544,12.89878099469776,4.953051273719552,5.356553431061268,5.236964215827568,10.196666666666665,12.312166666666666,10.311994918032319,4.66494336071281,5.027844975094584,4.877728559120101,10.196666666666665,12.312166666666666,8.95215476204361,4.66494336071281,5.027844975094584,4.748796718699364,10.196666666666665,12.312166666666666,7.189081214948352,4.66494336071281,5.027844975094584,4.63018508124301,9.307982760495513
2022-08-17,sz001258,18.23,18.34,19.19,17.5,1352088,2491898558.61,9.67,4.92,0.86,57.95,6.1310049583738735,0.05634683741637492,16.188,16.922,16.191566868472982,5.941054353044914,6.070423958771371,5.840457176115123,13.368,15.032181818181817,13.888093541116348,5.145566400010447,5.5707268282711455,5.3995170781087145,10.705625,13.021323529411763,11.076566830600669,4.756572210566626,5.157628502539206,4.997088216191889,10.705625,13.021323529411763,9.557822196750475,4.756572210566626,5.157628502539206,4.837971443839655,10.705625,13.021323529411763,7.554685109540209,4.756572210566626,5.157628502539206,4.679392290329267,9.396530358880947
2022-08-18,sz001258,17.61,17.67,18.08,16.84,1107455,1930595192.23,6.76,-3.65,-0.67,47.46,6.0443260882596785,-0.08667887011419495,16.938,17.416,16.684377912315323,6.132009194119559,6.104847870509626,5.908413480163309,14.271,15.814363636363636,14.575712897277011,5.362666948654875,5.734137680680097,5.516755079954344,11.115294117647059,13.537843137254901,11.70451284673394,4.832322438666218,5.256150456508147,5.096825156388821,11.115294117647059,13.537843137254901,10.081188506637542,4.832322438666218,5.256150456508147,4.915800775737721,11.115294117647059,13.537843137254901,7.886334778079874,4.832322438666218,5.256150456508147,4.724144218130264,9.285691220329909
2022-08-19,sz001258,17.7,16.5,18.19,16.31,1020880,1746375793.5,10.64,-6.62,-1.17,43.75,6.008974695661177,-0.03535139259850162,17.176,17.27,16.622918608210217,6.090400096044696,6.0638363710234975,5.941933885329265,14.971,16.21963636363636,14.925583279590281,5.550105274749905,5.851648180135788,5.606249555537405,11.414444444444445,13.849649122807017,12.161225908949755,4.897692008499271,5.3353951132610975,5.183696541081426,11.414444444444445,13.849649122807017,10.495305377177056,4.897692008499271,5.3353951132610975,4.986328125410202,11.414444444444445,13.849649122807017,8.168750031257582,4.897692008499271,5.3353951132610975,4.7662698075575065,9.242137702990687
2022-08-22,sz001258,15.71,14.99,16.13,14.92,845699,1304049520.15,7.33,-9.15,-1.51,36.24,5.927215817058406,-0.08175887860277076,16.996000000000002,16.541333333333334,16.07861240547348,6.037235936062126,6.0094416113614,5.937027862572313,15.425000000000002,16.22309090909091,14.937295410573867,5.675673473151278,5.9202137332827895,5.664607057632132,11.602631578947369,13.963684210526315,12.430632965240255,4.951877472107647,5.394577183640829,5.2545079006982816,11.602631578947369,13.963684210526315,10.785285675423697,4.951877472107647,5.394577183640829,5.047030557129441,11.602631578947369,13.963684210526315,8.39239757121635,4.951877472107647,5.394577183640829,4.804333611147699,9.115294083665487
2022-08-23,sz001258,14.99,15.14,15.55,14.93,585386,891417280.74,4.14,1.0,0.15,25.09,5.767442331703083,-0.15977348535532343,16.528,15.922666666666668,15.765741603648987,5.975792778211244,5.919510409908387,5.88049935228257,15.789000000000001,16.171272727272726,14.974150790469526,5.781959761351955,5.936898980292207,5.683304380190487,11.7795,14.075714285714286,12.68866792093166,4.992655715087418,5.430088150122948,5.303358798889215,11.7795,14.075714285714286,11.066234986686686,4.992655715087418,5.430088150122948,5.093508736134192,11.7795,14.075714285714286,8.613630437733846,4.992655715087418,5.430088150122948,4.835910946247876,8.950081048930414
2022-08-24,sz001258,16.3,16.65,16.65,16.06,762587,1261778683.43,3.9,9.97,1.51,32.68,5.882289397480548,0.1148470657774654,16.19,15.963333333333333,16.06049440243266,5.926049666032578,5.888342616331488,5.881096034015229,16.189,16.32781818181818,15.278850646747793,5.933552009538746,5.955140732315588,5.719483474243225,12.368500000000001,14.539571428571428,13.065937642747693,5.0596239365967115,5.514815167493723,5.358495046374103,12.011428571428572,14.309740259740261,11.426477890771416,5.035019223772805,5.471197354428185,5.144397811059764,12.011428571428572,14.309740259740261,8.877117964365523,5.035019223772805,5.471197354428185,4.870218436452226,9.10098318613311
2022-08-25,sz001258,17.4,15.18,17.97,15.07,1221255,2053226035.38,17.42,-8.83,-1.47,52.34,6.086806354796811,0.20451695731626263,15.692000000000002,15.626666666666667,15.766996268288441,5.934545719340005,5.941928179252899,5.949666140942423,16.314999999999998,16.144363636363636,15.260877801884558,6.033277456729782,5.9830051587261455,5.786269452525695,12.8595,14.807333333333332,13.26727691486696,5.175747974055253,5.6126420644651605,5.4278580281286475,12.155454545454546,14.385415019762847,11.66864060749584,5.082827729728442,5.5247285718515435,5.2051983622686055,12.155454545454546,14.385415019762847,9.083769834386324,5.082827729728442,5.5247285718515435,4.91010656492254,9.312436762577903
2022-08-26,sz001258,14.31,15.78,16.62,14.1,979053,1485322877.1,16.6,3.95,0.6,41.96,5.990806202512548,-0.09600015228426262,15.547999999999998,15.655999999999999,15.771330845525629,5.930912020710279,5.960681673643746,5.963379494799131,16.362,16.047090909090908,15.355263656087365,6.010656058377487,5.975283112504831,5.823457952523304,13.3535,15.08547619047619,13.506583875355819,5.283430966985426,5.69026665765157,5.481472139974733,12.31304347826087,14.50163043478261,11.933889600560624,5.122305054632099,5.5635683744066275,5.255882739058537,12.31304347826087,14.50163043478261,9.303318364406444,5.122305054632099,5.5635683744066275,4.9455393399254906,9.171820870152189
2022-08-29,sz001258,15.46,17.14,17.18,15.45,980814,1628859577.96,10.96,8.62,1.36,42.03,5.9915866562764535,0.0007804537639053422,15.978,16.186666666666667,16.22755389701709,5.943786188553888,5.980906552165805,5.972781881958239,16.487000000000002,16.188545454545455,15.679761173162388,5.990511062308007,5.97181594848646,5.854026807751149,13.886000000000001,15.446095238095237,13.852623506274313,5.382969080968969,5.757710056631668,5.530054474860611,12.514166666666668,14.712700000000002,12.269767690847036,5.15852512136728,5.5978098369562135,5.303347507911306,12.514166666666668,14.712700000000002,9.560258745901313,5.15852512136728,5.5978098369562135,4.9798359732484725,9.211883645913337
2022-08-30,sz001258,16.92,15.43,16.97,15.43,788454,1262044736.74,8.98,-9.98,-1.71,33.79,5.896776360786137,-0.0948102954903165,16.036,16.004,15.961702598011392,5.9696529943705,5.965236609576554,5.947446708234206,16.282,15.996363636363636,15.634350050769225,5.972722886290871,5.954773275482483,5.86179945375751,14.3005,15.593142857142855,14.002849839010093,5.462887080005212,5.806644083280922,5.56498036875828,12.630799999999999,14.767876923076924,12.473653646276261,5.188055170944034,5.620807261866208,5.341633240354844,12.630799999999999,14.767876923076924,9.752709278822582,5.188055170944034,5.620807261866208,5.009899592512002,9.101074749975437
2022-08-31,sz001258,15.45,16.15,16.2,15.05,678200,1072791088.02,7.45,4.67,0.72,29.07,5.8313577854420675,-0.06541857534406947,15.936000000000002,16.041999999999998,16.024468398674262,5.959466671962803,5.919138206600411,5.908750400636826,16.063,15.972363636363635,15.728104586993,5.942758168997691,5.929070529873609,5.856264604972884,14.7155,15.769285714285713,14.207340330532942,5.544162284504069,5.841736531417766,5.590349646537688,12.766153846153847,14.87025641025641,12.710837282000373,5.212797579193959,5.6364035969459,5.373228372295956,12.766153846153847,14.87025641025641,9.962456515582497,5.212797579193959,5.6364035969459,5.0368326480179055,9.030515157051024
2022-09-01,sz001258,16.69,15.95,16.8,15.1,601454,953044178.16,10.53,-1.24,-0.2,25.78,5.7792024175277295,-0.05215536791433806,16.089999999999996,16.046666666666667,15.999645599116176,5.897945884508987,5.8590501217887185,5.865567739600461,15.891,15.951818181818183,15.768449207539726,5.916245801924496,5.899333120515435,5.842253298164674,15.081,15.886857142857144,14.373307918101233,5.639456375289685,5.864121305991446,5.608335624727216,12.884074074074075,14.947380952380952,12.919815521871318,5.233775536169283,5.646603512701746,5.399420246181877,12.884074074074075,14.947380952380952,10.158769416710939,5.233775536169283,5.646603512701746,5.06117264046085,8.979113032733197
2022-09-02,sz001258,15.95,16.61,16.67,15.26,731727,1168743342.09,8.84,4.14,0.66,31.36,5.864349080364363,0.08514666283663352,16.256,16.220000000000002,16.20309706607745,5.87265446007935,5.847851187073845,5.8651615198550955,15.901999999999997,16.082545454545453,15.921458442532503,5.901783240394815,5.889897352959046,5.846270713110072,15.4365,16.032476190476192,14.5863262116154,5.72594425757236,5.885539658855702,5.632717858597421,13.017142857142858,15.062044334975369,13.157891939815105,5.256296019890536,5.661620448402616,5.429415654838811,13.017142857142858,15.062044334975369,10.370285173540088,5.256296019890536,5.661620448402616,5.087506294228178,9.06771914986833
2022-09-05,sz001258,16.61,17.6,18.17,16.35,1027498,1771729614.04,10.96,5.96,0.99,44.04,6.011780985205227,0.14743190484086366,16.348,16.668,16.66873137738497,5.876693325865105,5.894226695449136,5.9140346749718065,16.163,16.391272727272728,16.2266478166175,5.910239757209497,5.909896942924577,5.876363489854645,15.794,16.23852380952381,14.873342762890124,5.792956615180387,5.9127622043445465,5.6688191087505455,13.175172413793103,15.231241379310344,13.444479556601227,5.282347225591043,5.684964484189456,5.466987611636645,13.175172413793103,15.231241379310344,10.607325003915822,5.282347225591043,5.684964484189456,5.117810382456933,9.24839744436237
2022-09-06,sz001258,17.17,18.0,18.35,16.66,930461,1624880751.36,9.6,2.27,0.4,39.88,5.968698174522396,-0.043082810682830264,16.862000000000002,17.218666666666664,17.112487584923315,5.891077688612357,5.9248949783349,5.93225584148867,16.449,16.725272727272728,16.549075486323407,5.930365341491428,5.920525746072378,5.893151614339691,16.119,16.448619047619047,15.171119642614872,5.856162551421692,5.929499495710453,5.697379019776436,13.336,15.409870967741934,13.738384101336631,5.3052255905554215,5.703269883565776,5.499356035048629,13.336,15.409870967741934,10.84970779067268,5.3052255905554215,5.703269883565776,5.145708342852522,9.210821493975413
2022-09-07,sz001258,17.45,17.37,17.96,16.96,708921,1239469085.9,5.56,-3.5,-0.63,30.38,5.850597841423322,-0.11810033309907464,17.106,17.387999999999998,17.198325056615545,5.894925699808608,5.9114016959385545,5.905036508133555,16.520999999999997,16.892727272727274,16.698334488810058,5.927196185885705,5.906022564241812,5.885414564718532,16.354999999999997,16.567761904761905,15.380536819508695,5.930374097712226,5.9289695233296555,5.711971288504711,13.752666666666666,15.670129032258066,13.972681901250398,5.348814686359709,5.738455190073382,5.522016796750222,13.466129032258063,15.532379032258063,11.063487863109641,5.322818243809224,5.712477880931873,5.168819473953204,9.093235699324516
2022-09-08,sz001258,17.37,17.52,18.06,17.24,620933,1097464382.18,4.72,0.86,0.15,26.61,5.793044741400276,-0.05755310002304537,17.42,17.526,17.3055500377437,5.8976941645831165,5.877441376469112,5.8677059192224625,16.755,17.074363636363636,16.847728218117318,5.897820024546052,5.881631392517188,5.86862005138794,16.535000000000004,16.678714285714285,15.584295217650725,5.965548740637917,5.9158905370142305,5.71969256973286,14.158,15.913182795698923,14.201541133427794,5.4164386575521855,5.767115193624386,5.539502470598613,13.5928125,15.65284090909091,11.275176785630636,5.337512821858945,5.71736072096026,5.189285876164583,9.040390434268422
2022-09-09,sz001258,17.8,16.21,17.96,16.1,687224,1152340267.69,10.62,-7.48,-1.31,29.45,5.837098318002407,0.044053576602130384,17.34,17.122666666666667,16.940366691829134,5.892244012110726,5.857242760942209,5.8575033854824445,16.798000000000002,16.975272727272728,16.731777633005077,5.882449236095038,5.870591082236526,5.862888827136025,16.580000000000002,16.647761904761904,15.643886149303036,5.946552647236262,5.903657163429897,5.730874069568055,14.501666666666667,16.045569892473118,14.331119124819551,5.483103723355297,5.794254526556658,5.55870220268918,13.672121212121212,15.685614973262034,11.436974268068976,5.3526517762875345,5.724404109021563,5.210525628355986,9.061580738253848
2022-09-13,sz001258,15.87,15.59,16.28,15.53,531572,840417609.56,4.63,-3.82,-0.62,22.78,5.725562096864841,-0.11153622113756612,16.938,16.539333333333335,16.490244461219422,5.8350002344426475,5.8016821225269135,5.8135229559432435,16.643,16.755636363636363,16.524181699731425,5.855846780153877,5.842066147831036,5.837920330723082,16.564999999999998,16.553476190476193,15.6387541350837,5.923178921230941,5.882610444346904,5.730368167405844,14.805,16.11578494623656,14.412337245798936,5.540594980697272,5.809897002266951,5.569467357152127,13.728529411764706,15.680151260504202,11.573139046165075,5.3636197268927495,5.724470279755464,5.22741206994644,8.924495143751303
2022-09-14,sz001258,15.51,16.25,16.3,15.24,553925,872737901.37,6.8,4.23,0.66,23.74,5.743450966368988,0.01788886950414703,16.588,16.31,16.41016297414628,5.7899507928119665,5.771165699835693,5.790165626085159,16.725,16.684181818181816,16.474330481598436,5.840514240712162,5.821630545324693,5.820744082658701,16.5035,16.523476190476195,15.696968026980489,5.9066185635015165,5.865493496264814,5.731614148259477,15.108666666666666,16.209010752688172,14.530896133166747,5.588762800240861,5.822984485213514,5.580692106133861,13.800571428571429,15.711809523809524,11.726478749569498,5.374472048020642,5.725524762345104,5.244331378025867,8.940883836970986
2022-09-15,sz001258,16.2,14.79,16.22,14.66,599357,914841198.85,9.6,-8.98,-1.46,25.69,5.777685581898583,0.03423461552959495,16.071999999999996,15.710666666666665,15.870108649430856,5.7753683409070184,5.767077296197898,5.7860056113563,16.589000000000002,16.332363636363638,16.168088575853265,5.835147020357813,5.810207152813133,5.812915264338679,16.326,16.360285714285713,15.610590119649014,5.888952594677752,5.853214164683583,5.736001903844154,15.34,16.188451612903226,14.54761251167212,5.641157196455317,5.835173051772076,5.593401362634811,13.828055555555556,15.661981981981983,11.826922069255744,5.385672423961696,5.7283442661047514,5.261818401103661,8.961345714341277
2022-09-16,sz001258,14.57,14.8,14.93,14.31,348272,511717426.91,4.19,0.07,0.01,14.93,5.541918559918175,-0.23576702198040778,15.528,15.286666666666667,15.513405766287239,5.7251431046105985,5.68926070253495,5.704643260876925,16.474,16.00709090909091,15.919345198425399,5.8114186345968575,5.756892887278652,5.763643136262224,16.1825,16.214952380952383,15.533391060634823,5.8638322182606775,5.820163304230288,5.717517775851204,15.545333333333334,16.153612903225806,14.563895575435211,5.696777128392076,5.828770559092261,5.590079891491802,13.854324324324324,15.61661450924609,11.924400034198177,5.389895292501061,5.718532386831774,5.271002012868071,8.709030207439138
2022-09-19,sz001258,14.66,13.32,14.86,13.32,539964,746736213.32,10.41,-10.0,-1.48,23.14,5.732364805892367,0.1904462459741918,14.95,14.550666666666668,14.78227051085816,5.7041964021885905,5.6916679362955405,5.713883775882072,16.145000000000003,15.433636363636362,15.44673698052987,5.798220207149658,5.742519463877836,5.7579561671040675,16.023500000000002,15.94233333333333,15.322591912002936,5.850001723772236,5.8076425982904505,5.718931778712267,15.672666666666666,16.01004301075269,14.48364424798778,5.750036240764792,5.831066538285827,5.599259563388613,13.840263157894736,15.498839406207829,11.970157410126104,5.398907648116621,5.719241741655394,5.286128661819687,8.873167213151868
2022-09-20,sz001258,13.36,13.5,13.67,13.16,414092,555920156.53,3.83,1.35,0.18,17.75,5.617096840284034,-0.11526796560833219,14.532,14.067333333333332,14.354847007238774,5.682503350872429,5.662634748994021,5.68162146401606,15.735,14.952727272727273,15.092784802251712,5.758751792657539,5.709587942629541,5.732345380409516,15.949000000000002,15.702,15.149011729907418,5.834495774933517,5.785461180815383,5.709233213147673,15.774333333333335,15.869870967741933,14.420183328762763,5.78155500767277,5.822489802770941,5.600410355446382,13.831538461538461,15.398897435897437,12.020316183564592,5.40450224278758,5.714134496586826,5.296980077507042,8.745012420955366
2022-09-21,sz001258,13.33,13.59,13.62,13.02,331592,444776700.34,4.44,0.67,0.09,14.21,5.520604044201016,-0.09649279608301864,14.0,13.753333333333334,14.09989800482585,5.637933966438835,5.608668313436883,5.627948990744379,15.294,14.562727272727274,14.819551201842309,5.713942379625401,5.666288352001081,5.693846955644334,15.871499999999997,15.477333333333332,15.000534422297187,5.822153860558414,5.75556673026943,5.691268530390849,15.844,15.728946236559139,14.366623114003875,5.808755827489595,5.805654256740505,5.595261561172487,13.8255,15.310658536585368,12.071781226726408,5.407404787822917,5.704693986714347,5.3043120108412705,8.648142028621654
2022-09-22,sz001258,13.51,14.15,14.24,13.22,511956,711940620.21,7.51,4.12,0.56,21.94,5.709232637190013,0.18862859298899703,13.872,13.803333333333335,14.116598669883901,5.624243377497121,5.632434537020609,5.655043539559591,14.972,14.354727272727272,14.69781461968916,5.69980585920207,5.665432035194648,5.6966443522890025,15.746500000000001,15.313380952380951,14.91953114398317,5.813501022543887,5.744812328043868,5.692979397705054,15.894,15.619655913978495,14.352647429229432,5.853518018208841,5.7992334057534345,5.602614533818779,13.83341463414634,15.255389082462255,12.139919547161607,5.414766442685528,5.704910112927474,5.317588096951066,8.852443772582717
2022-09-23,sz001258,13.99,13.2,14.13,13.2,399957,541353263.91,6.57,-6.71,-0.95,17.14,5.60201330216157,-0.10721933502844294,13.552000000000001,13.579333333333333,13.8110657799226,5.6362623259458,5.625024511908759,5.6373667937602505,14.540000000000001,14.032545454545456,14.425484688836585,5.6807027152781995,5.647651570278193,5.679438706811287,15.647499999999999,15.070857142857141,14.755766273127628,5.789261369912126,5.72467064038841,5.684315960034246,15.870000000000001,15.44584946236559,14.278283078956566,5.870600065518011,5.783007295040708,5.602575744679605,13.818333333333333,15.159789590254707,12.174676283320244,5.419224701244482,5.700124214752316,5.326913513515344,8.733480759557654
2022-09-26,sz001258,13.0,13.16,13.53,12.88,269460,357652535.38,4.92,-0.3,-0.04,11.55,5.430494305446358,-0.17151899671521154,13.52,13.448666666666668,13.594043853281734,5.575888225856598,5.556435171742279,5.56840929765562,14.235,13.781636363636363,14.195396563593569,5.640042314022594,5.602159132126949,5.6341760883813,15.516500000000002,14.83395238095238,14.60378853282976,5.761245775058816,5.690502348534527,5.660142469121113,15.798333333333336,15.271010752688174,14.206135783540015,5.844382536165041,5.754613375036085,5.5914737163419765,13.803023255813953,15.068890063424947,12.206981978949088,5.41948678506313,5.687868309783864,5.330309605054066,8.553461308082086
2022-09-27,sz001258,13.16,13.02,13.42,12.34,373461,481488755.2,8.21,-1.06,-0.14,16.01,5.572245255765495,0.14175095031913632,13.423999999999998,13.282,13.402695902187824,5.56691790895289,5.555220848378577,5.569687950358912,13.978,13.560727272727272,13.981688097485646,5.624710629912659,5.589832394262023,5.622915936996607,15.310500000000001,14.596190476190477,14.452951529703117,5.740278705033267,5.67250229907802,5.651771305944388,15.702666666666666,15.09176344086022,14.12961089427937,5.823689490791515,5.737056131139339,5.590233170498333,13.78522727272727,14.977828282828282,12.233638307508134,5.422958568488184,5.682729507383048,5.338241921470834,8.682586148964987
2022-09-28,sz001258,12.88,12.07,12.99,12.06,352959,437285198.08,7.14,-7.3,-0.95,15.13,5.547724260322945,-0.024520995442549598,13.12,12.830666666666668,12.958463934791885,5.572341952177276,5.5488229655019286,5.562366720346923,13.559999999999999,13.213818181818183,13.634108443397347,5.605137959308055,5.5758348725184375,5.609244723055941,15.142500000000002,14.28757142857143,14.226003764969487,5.722826100010108,5.65416378053418,5.6418620635042505,15.522333333333334,14.857397849462366,13.9967327720678,5.806125028770363,5.719251922722012,5.587490660164438,13.747111111111112,14.851400966183574,12.22827311709803,5.425731139417845,5.6768597140326085,5.345110194875821,8.640764776908142
2022-09-29,sz001258,12.19,11.88,12.34,11.8,283415,341380688.68,4.47,-1.57,-0.19,12.15,5.452422831955318,-0.09530142836762678,12.666,12.417333333333334,12.598975956527923,5.520979991130337,5.508849925427942,5.525718757549722,13.269,12.908363636363637,13.315179635506919,5.572611684313729,5.548068485727032,5.580731651946736,14.928999999999998,13.976857142857142,14.002574834972394,5.703879352335771,5.628411088338487,5.623820231928162,15.306999999999999,14.622408602150536,13.860169367418264,5.783505624556411,5.696432426153301,5.578776606731592,13.706521739130435,14.72495837187789,12.216854326373506,5.426311393603442,5.6673092084122985,5.348628641993182,8.533238950179642
2022-09-30,sz001258,11.8,11.33,12.0,11.27,249586,288835547.32,6.14,-4.63,-0.55,10.7,5.397220220861071,-0.05520261109424762,12.292,11.972000000000001,12.175983971018617,5.480021374870238,5.46759666867152,5.4828859119868385,12.922,12.55581818181818,12.95423788359657,5.558141850408019,5.516179128735638,5.547365937203887,14.697999999999999,13.63409523809524,13.748043898308357,5.6847802425024385,5.599205456769466,5.602239278493201,15.095666666666666,14.365827956989248,13.696932634036441,5.761935428976457,5.671510787205214,5.567063291514139,13.655957446808511,14.583501773049644,12.187777135344867,5.425692432481264,5.656055500597663,5.3502218085134405,8.460650641303754
2022-10-10,sz001258,11.33,11.25,11.65,11.1,214441,244355300.65,4.85,-0.71,-0.08,9.19,5.33130782379795,-0.06591239706312102,11.91,11.624666666666666,11.867322647345746,5.460184078540555,5.418025484980758,5.432359882590543,12.715,12.251818181818182,12.644376450215374,5.518036152198577,5.474936578442899,5.508082643857352,14.429999999999998,13.305714285714284,13.510134955612322,5.658128179674117,5.565541416892849,5.576436282807938,14.920666666666667,14.117720430107527,13.539066012485705,5.739346533247684,5.643728361064666,5.551853261338901,13.605833333333335,14.447440476190478,12.157030344022083,5.4237260864670285,5.642800493381349,5.349601677867031,8.388021764350796
2022-10-11,sz001258,11.28,11.52,11.54,11.13,200095,228195868.5,3.64,2.4,0.27,8.58,5.301236236564548,-0.030071587233401864,11.61,11.494666666666665,11.751548431563831,5.405982274700366,5.365042870988756,5.388652000581878,12.517,12.034545454545457,12.43994436835803,5.486450091826628,5.435518411963984,5.470474206167752,14.126000000000001,13.028571428571428,13.320598293173052,5.622600942242084,5.531551708025271,5.550226754594282,14.805000000000001,13.89832258064516,13.408803689099532,5.718480547231222,5.615463180633495,5.535684421030878,13.56326530612245,14.330342857142858,12.136144103234473,5.421226293611876,5.629137923108677,5.348015925693178,8.358307777225514
2022-10-12,sz001258,11.54,11.85,11.85,11.21,251829,290229306.99,5.56,2.86,0.33,10.79,5.4011057409218415,0.09986950435729369,11.565999999999999,11.574666666666667,11.784365621042555,5.376658570820146,5.3634173597292465,5.392803247361866,12.343,11.913272727272728,12.332681755929297,5.474500261498711,5.4200012572540235,5.457861757941222,13.8185,12.811809523809524,13.180541312870856,5.594221320562056,5.5104569269471515,5.5360247532921445,14.695333333333332,13.707677419354837,13.308235709157627,5.7062693275385135,5.594987386678051,5.527001925539973,13.529000000000002,14.233074509803924,12.126762329357932,5.420823882558075,5.620195484591546,5.349756575372806,8.462741264826027
2022-10-13,sz001258,11.8,11.67,12.06,11.65,272293,322944095.64,3.46,-1.52,-0.18,11.67,5.435036476813893,0.03393073589205109,11.524000000000001,11.609333333333332,11.746243747361703,5.373181299791861,5.382876661727163,5.4068809905125415,12.095,11.790909090909093,12.21219416394215,5.4470806454610985,5.412826023674965,5.453711706827161,13.5335,12.607190476190477,13.036680235454584,5.573443252331584,5.495296465637803,5.526406822198978,14.529333333333334,13.512494623655915,13.20254308276036,5.691360896849625,5.577488493082914,5.5210686707834515,13.492549019607843,14.134494720965309,12.111786515280622,5.421102560876817,5.613073984292407,5.352552637715136,8.509127348781915
2022-10-14,sz001258,11.79,11.89,12.2,11.67,317414,377400099.44,4.54,1.89,0.22,13.6,5.501626078022668,0.06658960120877566,11.636,11.731333333333335,11.794162498241135,5.39406247122418,5.425691587804098,5.438462686349251,11.964,11.753636363636364,12.153613406861759,5.437041923047208,5.422743375049796,5.4624234106808895,13.252,12.450666666666669,12.927472593982719,5.558872319162704,5.48845673475124,5.524046751325043,14.419666666666666,13.342215053763441,13.117862883872597,5.6718548876238195,5.565247537029562,5.519814309960176,13.461730769230769,14.049796806966617,12.104514826255029,5.422651090052698,5.608868402923737,5.3574402914957115,8.576802010259854
2022-10-17,sz001258,11.8,12.17,12.35,11.71,317201,381697795.37,5.38,2.35,0.28,13.59,5.501334547793729,-0.00029153022893879665,11.819999999999999,11.909333333333333,11.919441665494091,5.4280678160233355,5.461448946660615,5.459419973497411,11.865,11.791090909090912,12.156592787432347,5.444125947281946,5.434432943185527,5.469498162883224,13.05,12.347619047619048,12.855332346936747,5.54208413065227,5.482976947001813,5.521883684322061,14.299333333333333,13.197075268817207,13.056710439751786,5.655539165799859,5.554246224782459,5.51862206723976,13.437358490566037,13.98017470300489,12.106661881131913,5.424135683594982,5.604885667548552,5.362158135964498,8.581719651535662
2022-10-18,sz001258,12.18,12.36,12.72,12.0,439333,543093292.6,5.92,1.56,0.19,18.83,5.642793826027974,0.14145927823424476,11.988,12.089333333333332,12.066294443662727,5.496379333916022,5.533024283328828,5.520544591007599,11.799000000000001,11.88109090909091,12.193575916990103,5.451180804308194,5.470554375684805,5.5010064652731785,12.888499999999999,12.28190476190476,12.808157837704677,5.537945717110427,5.492568346561406,5.5333989359131,14.140000000000002,13.071956989247314,13.011761379122639,5.64391273812491,5.553423944797176,5.526633148451904,13.417407407407406,13.921259259259257,12.114968048963652,5.428184908454853,5.606264146038712,5.371359306130514,8.734874439130694
2022-10-19,sz001258,12.23,13.6,13.6,11.93,923421,1204978530.43,13.51,10.03,1.24,39.58,5.965399746845419,0.32260592081744477,12.338,12.626666666666667,12.577529629108486,5.609238135100737,5.689364420971961,5.66882964295354,11.952,12.208545454545455,12.449289386628266,5.4929483529604415,5.564048728873392,5.585441607377222,12.756,12.349666666666668,12.883571376970899,5.549043156134248,5.533278254155213,5.574541870287607,14.079,13.037118279569892,13.04971225788892,5.6462001843268865,5.574165042133984,5.554940670928905,13.420727272727273,13.90978571428571,12.163657621128777,5.437952450971044,5.6190904174960945,5.390836041891657,9.080979308986535
2022-10-20,sz001258,13.59,12.84,13.88,12.7,743340,988665833.96,8.68,-5.59,-0.76,31.86,5.871187503328807,-0.09421224351661195,12.572,12.794000000000002,12.665019752738992,5.696468340403719,5.776680877047984,5.736282263078629,12.048,12.370000000000001,12.52032767996858,5.53482482009779,5.632819483485822,5.637395406641146,12.6585,12.357666666666667,12.87942172202129,5.553718252205759,5.5639586681737425,5.60279383533915,13.968666666666667,12.957182795698925,13.036182434799313,5.647527841589778,5.588680353037334,5.5753436923740605,13.410357142857142,13.872249373433585,12.185832781091767,5.445688791191719,5.6279359292796975,5.406585270135499,8.995049526187067
2022-10-21,sz001258,12.72,12.57,13.11,12.39,422298,538424156.91,5.61,-2.1,-0.27,18.1,5.625619024614535,-0.24556847871427223,12.708,12.793333333333333,12.633346501825995,5.721266929722093,5.753064438451589,5.699394516923931,12.172,12.46490909090909,12.529359010883383,5.557664700473137,5.649327520670686,5.635254246272671,12.547,12.349238095238096,12.849952986590692,5.5579032754405775,5.570806360784103,5.6049676628891865,13.856,12.866946236559142,13.006106148683228,5.642408395159338,5.587266880974416,5.578587262196027,13.395614035087718,13.82734422262553,12.198428427613349,5.448845461953522,5.627856036015381,5.413766704708582,8.731124536686501
2022-10-24,sz001258,12.5,12.38,12.82,12.27,319178,401316354.61,4.38,-1.51,-0.19,13.68,5.5040329490700595,-0.12158607554447531,12.75,12.684000000000001,12.548897667883999,5.721806609977358,5.680653111567578,5.634273994305975,12.285,12.502727272727274,12.502202827086403,5.574937213000348,5.639576293142852,5.611395828599469,12.5,12.333333333333334,12.80519555929634,5.546486682599463,5.5656758535107205,5.59535483300165,13.715,12.771720430107525,12.965712203606891,5.630397857449527,5.5783394328396225,5.573777306510482,13.378103448275862,13.778281706604327,12.204381593921108,5.449796970352083,5.623658643237574,5.41672625370404,8.603486858642755
2022-10-25,sz001258,12.38,12.31,12.63,11.71,320697,391325714.27,7.43,-0.57,-0.07,13.74,5.50609489728566,0.002061948215600573,12.74,12.537333333333335,12.469265111922667,5.694466824228896,5.608749207337012,5.5915476286325365,12.364,12.507272727272726,12.46725685852524,5.595423079072459,5.627059508467453,5.59225020472423,12.4405,12.315238095238094,12.758034077458593,5.540936585449544,5.561829016814167,5.586853886742984,13.538666666666668,12.681075268817207,12.923408190470964,5.613541654518874,5.570319887022598,5.569410699463719,13.36,13.72933898305085,12.20784449248107,5.4507511725035,5.619739851705844,5.419656373165733,8.592538386614315
2022-10-26,sz001258,12.33,12.57,12.76,12.18,294298,367870112.25,4.71,2.11,0.26,12.61,5.468787310716957,-0.037307586568703144,12.534,12.480666666666668,12.502843407948445,5.5951443370032035,5.533522702833031,5.550627522660677,12.436,12.544727272727274,12.485937429702467,5.60219123605197,5.604034823311909,5.569802405813817,12.3895,12.32757142857143,12.740126070081585,5.53834574877534,5.554957657315825,5.5756094509309815,13.357666666666667,12.618580645161293,12.900607662053483,5.596877959058694,5.560980897099895,5.56291886793167,13.346833333333334,13.691327868852461,12.219718443547265,5.451051774807057,5.614790588066864,5.4212672235772486,8.565694504840714
2022-10-27,sz001258,12.58,11.87,12.79,11.82,400423,490075452.49,7.72,-5.57,-0.7,17.16,5.602519015076523,0.13373170435956627,12.34,12.259333333333332,12.291895605298965,5.541410639352748,5.535980928857471,5.567924686799293,12.456,12.441818181818181,12.3739488061202,5.618939489878233,5.604094419498191,5.575750880225218,12.2755,12.278095238095238,12.657256920550006,5.533010067669666,5.561069396963555,5.57817226656389,13.174333333333333,12.522602150537637,12.834116845146808,5.5886086648471345,5.561344836197818,5.565473716134565,13.4635,13.642907103825136,12.208252265070305,5.468711675603421,5.619756727092092,5.42720990526575,8.690262949574189
2022-10-28,sz001258,11.73,11.35,11.87,11.28,244383,281758152.43,4.97,-4.38,-0.52,10.47,5.3880709918201966,-0.21444802325632661,12.096,11.929333333333334,11.977930403532644,5.493901032793879,5.484867713013289,5.507973455139594,12.402,12.240727272727273,12.187776295916528,5.607583981257987,5.5621183289421845,5.541627264151578,12.183,12.189952380952379,12.532756261450006,5.522312952152598,5.547265675454083,5.560067383254967,12.968666666666667,12.404903225806452,12.738367371266369,5.575109539861131,5.548406921808984,5.554028379082026,13.563333333333333,13.573612021857922,12.180112846543409,5.495774098706659,5.61711277024674,5.425926662201961,8.449876490837545
2022-10-31,sz001258,11.16,11.44,11.62,11.16,166133,190255846.18,4.05,0.79,0.09,7.12,5.220455907553205,-0.16761508426699123,11.907999999999998,11.710666666666667,11.798620269021763,5.437185624490509,5.393719337933064,5.412134272610798,12.328999999999999,12.065818181818182,12.05181696938625,5.5794961172339335,5.491731406450406,5.483232472042783,12.097,12.119190476190477,12.428684236550005,5.51181103225794,5.5185173854922365,5.527723433188133,12.809666666666667,12.306279569892473,12.654601734410475,5.554554792846159,5.525526042305248,5.532507574467264,13.655666666666667,13.503994535519126,12.155846851574772,5.518829258100727,5.608085944307284,5.419189916147903,8.27933801064474
2022-11-01,sz001258,11.33,11.85,11.87,11.33,211514,246410585.87,4.72,3.58,0.41,9.06,5.325339118384925,0.10488321083171925,11.815999999999999,11.691333333333334,11.815746846014509,5.401034468710361,5.356437169231202,5.383202554535507,12.278,11.978727272727273,12.015122974952385,5.547750646469629,5.445521043023314,5.454524589559536,12.038499999999999,12.095666666666668,12.373571452116671,5.499465725388911,5.500758155599567,5.508448736540209,12.685,12.24436559139785,12.602691945093671,5.541214026896827,5.51073793427549,5.519141867623242,13.745000000000001,13.444792349726777,12.145819085949368,5.54090450379705,5.601742005300206,5.416112840811412,8.39165936130965
2022-11-02,sz001258,11.85,11.94,11.99,11.62,255876,302585466.62,3.12,0.76,0.09,10.97,5.408029552958821,0.08269043457389635,11.690000000000001,11.732666666666665,11.857164564009672,5.388882917158734,5.358768863980689,5.391478220676612,12.112,11.917272727272726,12.00146425223377,5.492013627080969,5.42011720783953,5.446070946541224,12.032,12.086285714285715,12.332278932867464,5.492480990020705,5.492049948701464,5.498885004770552,12.541333333333334,12.196301075268815,12.559937626055369,5.530033313116489,5.502145387569813,5.511973331193279,13.825,13.385612021857927,12.139070919196929,5.559398056678675,5.59738544953502,5.415847814980179,8.480848064737023
2022-11-03,sz001258,11.93,11.83,12.15,11.75,236853,282811605.87,3.35,-0.92,-0.11,10.15,5.374478889909213,-0.033550663049608076,11.681999999999999,11.779333333333334,11.848109709339782,5.343274892125272,5.353967521564182,5.385811777087479,12.011,11.866,11.970288933645811,5.442342765739009,5.398747255626485,5.433054208971767,12.0295,12.06704761904762,12.284442844022944,5.4885837929184,5.480811653452752,5.487036803355187,12.442666666666666,12.150408602150538,12.512844875987282,5.5165930900501765,5.492109618330633,5.503102722078178,13.891333333333334,13.32020218579235,12.128937446436373,5.578875143252747,5.591322526034382,5.41449145678113,8.45149722783305
2022-11-04,sz001258,11.82,12.21,12.32,11.77,314488,381512916.17,4.65,3.21,0.38,13.48,5.497604078610507,0.12312518870129452,11.854000000000001,11.955333333333334,11.968739806226523,5.3651815094833335,5.405410583725927,5.4230758775951555,11.975,11.902181818181818,12.013872763892028,5.429541271138606,5.408794767057665,5.4447905489060835,12.0735,12.084238095238094,12.277353049354094,5.493602985805872,5.48167072828057,5.48804321052236,12.356333333333334,12.135397849462363,12.493306496891329,5.515115940673254,5.490884520818396,5.502747970886715,13.950833333333332,13.265076502732242,12.131595235077803,5.605946534532665,5.5886579009641455,5.417216460775536,8.58150924563665
2022-11-07,sz001258,12.21,12.39,12.43,12.16,241220,297027784.79,2.21,1.47,0.18,10.34,5.382413313126267,-0.11519076548424056,12.044,12.133999999999999,12.109159870817683,5.397572990597947,5.411154518273571,5.40952168943886,11.975999999999999,11.977636363636364,12.082259534093478,5.417379307544227,5.400226047419058,5.433449233309753,12.1305,12.114380952380955,12.288081330367989,5.496158260272288,5.4710812356444185,5.47798322029416,12.325333333333333,12.137569892473119,12.486641561608018,5.503450890914384,5.482323060976654,5.494984444579591,13.999,13.213901639344263,12.140067522452302,5.626743565839588,5.581328942885245,5.416075373967363,8.472797076309066
2022-11-08,sz001258,12.35,12.33,12.54,12.03,242807,298874093.03,4.12,-0.48,-0.06,10.41,5.385261203068588,0.0028478899423207693,12.14,12.229333333333333,12.18277324721179,5.409557407534679,5.4070505890971186,5.401434860648769,11.978,12.042,12.12730325516739,5.40529593812252,5.39438639205985,5.424687773265905,12.171000000000001,12.133380952380952,12.292073584618658,5.500359508597489,5.460519611148829,5.469152551986962,12.286333333333333,12.137870967741934,12.4765356544075,5.495723036340536,5.474697919825314,5.48790552577243,14.030333333333333,13.159180327868851,12.146294816798127,5.638639022006654,5.573411488368164,5.4150650732821575,8.475488271206093
2022-11-09,sz001258,12.3,12.37,12.59,12.18,236645,292200105.61,3.33,0.32,0.04,10.14,5.374097332825354,-0.011163870243233731,12.226,12.306000000000001,12.245182164807861,5.402770963507986,5.3952305641940095,5.392322351374298,11.958,12.113272727272728,12.171429936046046,5.39582694033336,5.388713918369457,5.415489511367623,12.197,12.152333333333335,12.29949514798831,5.499009088192665,5.448494642027671,5.4600996739715715,12.245666666666667,12.143268817204302,12.469662386381211,5.49083947929468,5.466851100243689,5.480563061711329,14.044833333333333,13.10474316939891,12.15362941296868,5.649797653392137,5.564737990362221,5.413721868677016,8.465680368565533
2022-11-10,sz001258,12.24,12.01,12.42,12.0,246485,300006082.87,3.4,-2.91,-0.36,10.56,5.39179049515303,0.01769316232767615,12.262,12.234,12.16678810987191,5.406233284556749,5.391570408075692,5.392145065967209,11.972,12.122727272727273,12.142079038583127,5.374754088341011,5.38798001924576,5.411180599328606,12.214,12.13452380952381,12.271924181513231,5.496846789109622,5.438283347452469,5.453594037893615,12.174333333333331,12.128064516129031,12.440006748550166,5.480258074560114,5.460460843202291,5.4748357993527295,14.034166666666666,13.03802732240437,12.14892025188774,5.666888046384477,5.556278739272414,5.41300280725,8.477130060486639
2022-11-11,sz001258,12.3,12.09,12.46,12.03,305895,375018132.76,3.58,0.67,0.08,13.11,5.485572378291785,0.0937818831387549,12.238,12.176666666666666,12.14119207324794,5.403826944493004,5.418016772654037,5.4232875034087344,12.046000000000001,12.144181818181817,12.132610122477104,5.384504226988169,5.408128799236811,5.424706377321911,12.224,12.122714285714288,12.254598068988162,5.496044104123078,5.437209594041246,5.456639594122012,12.137333333333334,12.122623655913978,12.417425667998543,5.476376710431121,5.460803701507563,5.475528481864927,14.003666666666668,12.974284153005465,12.146988440350437,5.673488387974566,5.550333963269374,5.41538213744809,8.57405226710698
2022-11-14,sz001258,12.0,11.84,12.13,11.67,216014,256521858.21,3.8,-2.07,-0.25,9.26,5.334481898955163,-0.1510904793366219,12.128,12.044,12.040794715498627,5.394240661658784,5.394901757474756,5.393685635257544,12.086,12.106727272727273,12.07940828202672,5.395906826128366,5.3990338305035355,5.4083019267097745,12.2075,12.086142857142859,12.215112538608338,5.48770147168115,5.421822717358587,5.4450055279156455,12.093333333333332,12.10344086021505,12.380172399095413,5.473176296881415,5.451649197541371,5.4664287023223626,13.945833333333333,12.903344262295086,12.136923245584848,5.6587794165232275,5.539218996416279,5.412729670612256,8.409124377227684
2022-11-15,sz001258,11.92,12.46,12.6,11.86,372963,460642562.63,6.25,5.24,0.62,15.98,5.571665749522184,0.23718385056702118,12.154,12.154666666666666,12.18052981033242,5.431521570949503,5.454043453429223,5.453012340012425,12.147,12.174727272727273,12.148606776203678,5.420539489242091,5.430989998393322,5.438004439948394,12.2125,12.110190476190475,12.238435153978973,5.48414506785586,5.42981931524821,5.457068406163888,12.074666666666667,12.12709677419355,12.38532256689571,5.473156980006637,5.458003355776258,5.47321818923848,13.888666666666666,12.854628415300546,12.147515926057476,5.648423235399076,5.536362810612966,5.417940689592909,8.66336406359204
2022-11-16,sz001258,12.48,12.35,12.7,12.28,267649,333319694.85,3.37,-0.88,-0.11,11.47,5.427565625095527,-0.14410012442665732,12.15,12.22,12.237019873554946,5.442215229403538,5.452724804811231,5.444530101706793,12.187999999999999,12.211636363636364,12.185223725984827,5.422493096455762,5.4322674776394,5.436106473611509,12.15,12.123285714285716,12.249060377409545,5.457253361768365,5.424430796890083,5.45425861749071,12.084,12.144860215053765,12.383043691612116,5.469151692165724,5.455061978040058,5.470272862519581,13.803166666666666,12.804180327868854,12.154154748153951,5.637638360468044,5.529121577488258,5.418256261248732,8.522860975562647
2022-11-17,sz001258,12.3,12.21,12.3,12.12,147289,179584177.05,1.46,-1.13,-0.14,6.31,5.168170313592896,-0.2593953115026313,12.19,12.240000000000002,12.228013249036632,5.397491193091511,5.361376499541016,5.352410172335494,12.226,12.215636363636364,12.189728503078495,5.40186223882413,5.386026971664334,5.387390808153579,12.118500000000001,12.129000000000001,12.24534034146578,5.42210250228157,5.3968990780162285,5.427012112357585,12.095,12.15298924731183,12.37187958247585,5.45967660822031,5.435643824583746,5.450782375492053,13.701,12.751945355191257,12.155985740017757,5.62159111638836,5.513729182508746,5.410056721981328,8.254268068842435
2022-11-18,sz001258,12.22,11.78,12.38,11.5,242675,293213673.19,7.21,-3.52,-0.43,10.4,5.38502503829616,0.21685472470326417,12.128,12.103333333333333,12.078675499357756,5.377381725092386,5.357221114609233,5.363281794322383,12.183000000000002,12.134545454545455,12.115232411609675,5.3906043347926955,5.382965662477431,5.386960668179502,12.078999999999999,12.096761904761905,12.201022213707136,5.410072802965651,5.393367890969999,5.423013343399354,12.110000000000001,12.132666666666665,12.33369380296128,5.459270102134813,5.430827594266058,5.446539966640706,13.602833333333333,12.688961748633881,12.143658338705698,5.610602765555636,5.505972917653265,5.40923601104083,8.46718421853563
2022-11-21,sz001258,11.71,12.02,12.1,11.57,162351,193041602.76,4.5,2.04,0.24,6.96,5.210454968004487,-0.17457007029167304,12.163999999999998,12.067333333333332,12.059116999571838,5.35257633890225,5.3015788622466005,5.312339518883085,12.146,12.104909090909091,12.097917427680642,5.373408500280517,5.350211232152302,5.354868722693135,12.061,12.09114285714286,12.183782002877885,5.395393903912373,5.374356668592746,5.402769688599843,12.135666666666667,12.126860215053766,12.31345549309281,5.455241673608364,5.414775004967329,5.431308676406111,13.528166666666666,12.637065573770492,12.139603966944856,5.597294103428023,5.492853317733556,5.402718599793737,8.285650914717836
2022-11-22,sz001258,11.98,11.69,12.01,11.62,158469,186856101.08,3.24,-2.75,-0.33,6.79,5.199944317369579,-0.010510650634907748,12.010000000000002,11.909333333333333,11.93607799971456,5.27823205247173,5.250701521735709,5.274874451711916,12.081999999999999,12.021999999999998,12.023750622647796,5.354876811710616,5.318672289804859,5.326700648997942,12.03,12.055809523809526,12.136755145460944,5.3800863749165675,5.355742422255336,5.383452986577914,12.141333333333332,12.09810752688172,12.273232558054564,5.451865276301865,5.398304207790631,5.416381943565045,13.473166666666666,12.576797814207653,12.124862853274532,5.585172911766544,5.479825455895573,5.396070262665075,8.271507282662615
2022-11-23,sz001258,11.7,12.15,12.18,11.57,270165,322086055.93,5.22,3.93,0.46,11.58,5.431629085280285,0.23168476791070614,11.97,11.956,12.007385333143041,5.279044744508681,5.301833866005228,5.327125996234706,12.059999999999999,12.034363636363636,12.04670505489365,5.360629986956109,5.332627248635707,5.345778546503823,12.009,12.067238095238094,12.138016560178949,5.378228463644735,5.360651251813786,5.38804118645433,12.151333333333334,12.098666666666668,12.265282070438142,5.452882721113813,5.396998647079563,5.4173656301273185,13.423333333333334,12.533415300546446,12.125687022019628,5.579576024326163,5.474791232076353,5.397236125701639,8.507971923317854
2022-11-24,sz001258,12.14,11.98,12.18,11.9,159323,191670493.13,2.3,-1.4,-0.17,6.83,5.202278475437386,-0.229350609842899,11.924000000000001,11.959333333333335,11.998256888762029,5.285866376877579,5.27624510964813,5.285510155968932,12.056999999999999,12.01981818181818,12.034576863094804,5.341678784984545,5.303836064723212,5.319687624491743,12.0145,12.064476190476189,12.12296736397143,5.358216436662778,5.343894110079753,5.370349499690811,12.161666666666667,12.087612903225805,12.246876775571167,5.44512412106793,5.380830631229471,5.403489039502162,13.3455,12.486092896174863,12.120910398346854,5.568242508958777,5.462420820637376,5.390844071594613,8.282555260206435
2022-11-25,sz001258,11.9,11.67,11.91,11.62,170732,200610260.16,2.42,-2.59,-0.31,7.32,5.2323149277987095,0.030036452361323462,11.902,11.874666666666666,11.888837925841354,5.2553243547780895,5.258394626621839,5.267778413245525,12.014999999999999,11.949454545454548,11.96829016071393,5.316353039935238,5.2839517270530605,5.303801679638464,12.0305,12.031666666666665,12.07982761502177,5.3504286334617035,5.331903490187937,5.357203349986802,12.154333333333334,12.055892473118279,12.209658919082706,5.436147082727131,5.367101005857263,5.39244554842452,13.287,12.431158469945357,12.10612645086007,5.554000985175476,5.451406801582946,5.3856463947488455,8.302353141131661
2022-11-28,sz001258,11.6,11.75,11.81,11.4,99825,116310945.28,3.51,0.69,0.08,4.28,4.999239318866375,-0.23307560893233426,11.847999999999999,11.824000000000002,11.84255861722757,5.213081224950467,5.173032947984601,5.178265381785809,12.006,11.901272727272726,11.928601040584125,5.282828781926359,5.226294686858721,5.248426704952629,12.046000000000001,12.00495238095238,12.048415461210173,5.339367804027362,5.298456888797905,5.323111537499143,12.140333333333333,12.029806451612902,12.180003504948338,5.41941057509622,5.338913408188827,5.36707740458206,13.219833333333332,12.380765027322402,12.094450173782691,5.537474870448039,5.433217894490845,5.372977310293683,8.065620585330686
2022-11-29,sz001258,11.67,11.84,11.9,11.61,123469,145618955.48,2.47,0.77,0.09,5.29,5.0915579307217875,0.09231861185541224,11.878,11.821333333333333,11.84170574481838,5.191403947620908,5.132525183241708,5.149362898097802,11.943999999999999,11.871090909090908,11.91249176047792,5.234818000046319,5.19151816845789,5.21990510963793,12.0455,11.985333333333333,12.028566369666347,5.327678744644205,5.274855948483089,5.301058813044157,12.123,12.010430107526881,12.158067794951672,5.40103604525268,5.3177616246808,5.3493019546555916,13.131499999999999,12.335524590163935,12.086107545134078,5.522474391688794,5.418597666958836,5.3637504453896865,8.163217911546651
2022-11-30,sz001258,11.86,11.95,12.12,11.8,181609,217785665.17,2.7,0.93,0.11,7.78,5.25913736705668,0.16757943633489258,11.838,11.845333333333334,11.877803829878921,5.156905603976187,5.155102989720299,5.185954387750762,11.904,11.872181818181819,11.919311440391024,5.217975174242435,5.195939871550683,5.227038247350429,12.046000000000001,11.976238095238093,12.021083858269552,5.320234135349098,5.2683281982366585,5.297066294378682,12.068000000000001,11.999268817204301,12.144644066245114,5.377493965926388,5.3086068712487995,5.34348488448792,13.0735,12.296786885245902,12.081645002670665,5.511847075126637,5.409963666151227,5.360320508395162,8.338029290743684
2022-12-01,sz001258,11.98,12.11,12.36,11.98,251502,306281894.21,3.18,1.34,0.16,10.78,5.400541443012265,0.14140407595558457,11.863999999999999,11.936,11.955202553252615,5.196558197491163,5.236314936065657,5.257483406171263,11.894,11.909636363636363,11.953982087592655,5.241212287184371,5.229133738599743,5.258584282925308,12.059999999999999,11.982333333333333,12.02955206224388,5.321537263004251,5.275976513252198,5.3069210704390235,12.043666666666667,12.001978494623657,12.142408965197042,5.361805763915838,5.310093805254341,5.347165952779814,13.006166666666667,12.265196721311476,12.08257467471425,5.504666802752808,5.40631430116387,5.361639227562936,8.486121324338077
2022-12-02,sz001258,12.12,12.48,12.88,12.07,389503,487123440.71,6.69,3.06,0.37,16.69,5.590510807010967,0.1899693639987019,12.026,12.141333333333334,12.130135035501745,5.268197373333615,5.367632472572258,5.368492539784498,11.963999999999999,12.01618181818182,12.049621708030354,5.261760864055852,5.292642560386398,5.318934560031791,12.0735,12.022333333333332,12.072451865839701,5.326182599424273,5.301593041252836,5.3339296167792085,12.040666666666665,12.030129032258065,12.164189031958523,5.360635489995718,5.324848969324993,5.362865620794727,12.948333333333332,12.247945355191257,12.095605013248209,5.5015219425775275,5.40912885868053,5.369143213774347,8.687639028619323
2022-12-05,sz001258,12.36,12.31,12.44,12.23,221293,272470870.93,1.68,-1.36,-0.17,9.48,5.344967676424073,-0.2455431305868938,12.138,12.235999999999999,12.190090023667832,5.337343044845154,5.3932225736024115,5.360650918664357,11.992999999999999,12.07909090909091,12.096963215661198,5.275212134897811,5.307771071726073,5.323667853921297,12.069500000000001,12.044857142857142,12.095075497664492,5.324310317589164,5.3033820962051985,5.334980860554911,12.038333333333332,12.047505376344084,12.173596191187007,5.355333314240852,5.323838142642952,5.361710914706298,12.876666666666667,12.227016393442625,12.102634357076136,5.49286558584519,5.403995931921401,5.368350573205485,8.43532007993171
2022-12-06,sz001258,12.3,12.14,12.3,11.98,191345,231684570.19,2.6,-1.38,-0.17,8.2,5.2818171182418325,-0.06315055818224025,12.197999999999999,12.236666666666668,12.173393349111889,5.3753948823491635,5.374713931401304,5.334372985190182,12.038,12.105818181818181,12.10478808554098,5.283399414985036,5.308971977788623,5.316058629252303,12.059999999999999,12.051571428571428,12.099354021696445,5.319138113347827,5.2993351248387865,5.329917647001285,12.032666666666668,12.054064516129031,12.171428694981394,5.3478573882727245,5.319095162255918,5.35655647622472,12.785666666666666,12.202863387978143,12.10385946012282,5.480699521395801,5.397076310032767,5.365513410747661,8.364897111457324
2022-12-07,sz001258,12.1,11.93,12.11,11.91,137252,164709116.96,1.65,-1.73,-0.21,5.88,5.137518681593061,-0.1442984366487714,12.193999999999999,12.147333333333334,12.09226223274126,5.351071145256439,5.295421864482604,5.268754883991142,12.016,12.086181818181819,12.073008433624437,5.2539883746163145,5.28244820808099,5.283596820586985,12.038,12.039190476190473,12.083225067249165,5.307309180786211,5.282038036100237,5.311593936010025,12.011333333333333,12.047440860215055,12.155852650143885,5.336815100635261,5.305524923115296,5.342425005603324,12.684499999999998,12.174808743169399,12.098159149954858,5.466846529846977,5.385824479219562,5.358038173726198,8.216717638853035
2022-12-08,sz001258,11.88,11.87,12.01,11.82,107776,128158835.0,1.59,-0.5,-0.06,4.62,5.032522061147517,-0.1049966204455437,12.146,12.039333333333333,12.018174821827508,5.277467268883489,5.189238836446296,5.190010609709934,12.004999999999999,12.059636363636363,12.036097809329084,5.237012733187327,5.24218160563212,5.237946864325264,12.031,12.023190476190475,12.06291791798734,5.289345759085935,5.2558678342298855,5.285015662213596,12.011333333333333,12.038322580645163,12.13741054368299,5.31781520217096,5.285893114116085,5.3224312672513365,12.592833333333333,12.148103825136609,12.090678522087485,5.453211933509048,5.371584332704825,5.347365514297389,8.107748550898629
2022-12-09,sz001258,11.86,11.97,12.01,11.77,111937,133278521.51,2.02,0.84,0.1,4.8,5.048973663291591,0.016451602144073263,12.044,11.980666666666666,12.002116547885006,5.169159840139615,5.1130743012489965,5.142998294237153,12.035,12.053272727272729,12.024080025814705,5.218678606736615,5.207992683832894,5.203588100500959,12.025,12.017380952380952,12.054068592464738,5.267515823335926,5.232975253678043,5.262535471840072,12.032,12.035655913978495,12.126609863445378,5.306511957886674,5.268548498704513,5.304788841189418,12.500333333333334,12.12768306010929,12.086721849232156,5.440810748873902,5.358330618927205,5.337582174920149,8.124760166358556
2022-12-12,sz001258,11.9,11.71,11.91,11.63,115105,135314161.24,2.34,-2.17,-0.26,4.93,5.061094189183623,0.012120525892032497,11.924,11.869333333333335,11.904744365256672,5.112385142691525,5.077052417596999,5.1156969258859775,12.031,11.994181818181818,11.966974566575667,5.22486409376834,5.179340971550531,5.17768011662508,12.0185,11.98738095238095,12.021300155087143,5.253846437847349,5.213316050425442,5.243350587777552,12.040999999999999,12.014881720430107,12.099731807739225,5.3011999006076875,5.252715094272059,5.28906660557614,12.425333333333334,12.101770491803277,12.074370313191757,5.427877346726922,5.34588089565867,5.3285169950599345,8.131343249861166
2022-12-13,sz001258,11.71,11.62,11.79,11.61,99327,116039258.0,1.54,-0.77,-0.09,4.26,4.997067318557192,-0.06402687062643153,11.82,11.768,11.809829576837782,5.055435182754597,5.038613142885555,5.076153723443049,12.009,11.919454545454544,11.903888281743727,5.2154150325518795,5.137923376057597,5.144841426067282,11.9765,11.94942857142857,11.98308109269789,5.225116516299099,5.188860896207332,5.219895038327994,12.033333333333333,11.987720430107526,12.068781368530244,5.2902575072800975,5.233093637365576,5.270227941897499,12.359166666666669,12.075366120218579,12.059472925873994,5.415735767088462,5.331755976702286,5.317649792551648,8.064604943092228
2022-12-14,sz001258,11.51,11.52,11.7,11.49,96376,111509633.13,1.81,-0.86,-0.1,4.13,4.983968897333761,-0.013098421223430634,11.738000000000001,11.668,11.713219717891855,5.024725225902737,5.014791047745276,5.045425448073287,11.966,11.830545454545456,11.834090412335776,5.187898185579588,5.095842260563392,5.11559187538846,11.934999999999999,11.905952380952384,11.938978131488568,5.20293667991101,5.165894456305872,5.197425882042829,12.019333333333332,11.954602150537633,12.033376118947647,5.276122152092595,5.213333081885167,5.251759616441774,12.280333333333335,12.047852459016395,12.041785288960092,5.403077732604541,5.317599685890657,5.306709435331389,8.047312386976014
2022-12-15,sz001258,11.55,11.67,11.73,11.54,75615,87998234.87,1.65,1.3,0.15,3.24,4.878607956493831,-0.10536094083992964,11.697999999999999,11.645333333333333,11.698813145261237,4.993942404972,4.9660852912756415,4.989819617546802,11.922,11.776727272727273,11.804255791911089,5.135704836927745,5.039607673456892,5.0725038901348904,11.908,11.880714285714285,11.913361166584895,5.1884585620560575,5.135006006456617,5.167062270085782,12.014000000000001,11.932064516129032,12.009932498370379,5.2595931209787485,5.187687004749762,5.227685315799971,12.228333333333332,12.027841530054646,12.029595607354842,5.3880931055144625,5.30040395552637,5.292673321271141,7.9444739608557695
2022-12-16,sz001258,11.64,11.34,11.64,11.33,113426,129400417.85,2.66,-2.83,-0.33,4.86,5.054712616834395,0.17610466034056405,11.572,11.526,11.579208763507491,4.995090195680561,4.986342028563105,5.011450617309333,11.808000000000002,11.67090909090909,11.719845647927254,5.082125017910087,5.024881815258101,5.069269113171163,11.886,11.82661904761905,11.858755341195858,5.17194294098297,5.122268297387886,5.156362303109459,11.985000000000001,11.88858064516129,11.966711046862613,5.244830072252879,5.1744689077081905,5.216525786834451,12.170666666666667,11.998715846994536,12.006985915310421,5.379973006463066,5.289473447700795,5.28487133096174,8.111935678725697
2022-12-19,sz001258,11.33,11.14,11.41,11.1,84934,95157810.88,2.73,-1.76,-0.2,3.64,4.929081577835153,-0.12563103899924233,11.458,11.382,11.432805842338329,4.968687673410867,4.964339155947971,4.9839942708179406,11.690999999999999,11.549454545454545,11.614419166485934,5.040536408051196,4.997055735244476,5.0437804703827975,11.842,11.755571428571429,11.790302451558157,5.157874271474503,5.0991386437547614,5.134716519750001,11.943333333333333,11.834064516129033,11.913374850290833,5.229719014409841,5.154098037100595,5.197980999157077,12.134333333333334,11.96492349726776,11.978560147595326,5.366584952662112,5.274690122172009,5.27320609315431,7.978444442469139
2022-12-20,sz001258,11.07,11.21,11.34,10.81,81907,91010437.07,4.76,0.63,0.07,3.51,4.913321019360707,-0.015760558474446462,11.376000000000001,11.299333333333333,11.358537228225554,4.95193841357157,4.945883604597916,4.9604365203321965,11.598,11.462000000000002,11.540888408943037,5.003686798163083,4.973925664573478,5.0200605701969625,11.818000000000001,11.695380952380951,11.73503555140976,5.143543106574059,5.075847857839162,5.11363123399864,11.906,11.786752688172047,11.867995827691423,5.213987674952913,5.133685263226458,5.179615839170215,12.096166666666669,11.934617486338796,11.953361454231546,5.354855355646723,5.2598290096047515,5.261406582538126,7.959091200035268
2022-12-21,sz001258,11.15,10.71,11.19,10.58,121492,131626359.32,5.44,-4.46,-0.5,5.21,5.084547681471431,0.17122666211072435,11.214,11.077333333333335,11.14235815215037,4.972054170399103,4.9900866938978705,5.001806907378608,11.475999999999999,11.300545454545457,11.389817789135211,4.99838969815092,4.988627643356814,5.031785499519593,11.745999999999999,11.589857142857142,11.637413117942163,5.126189036383616,5.070229245924625,5.110861371853191,11.850666666666667,11.709591397849463,11.793286419453269,5.204336019907782,5.1253342959050725,5.173482409641261,12.048166666666667,11.889169398907104,11.91259550491248,5.347587749601231,5.25096646291048,5.255607930044135,8.119342869223946
2022-12-22,sz001258,10.75,10.33,10.81,9.64,122872,128391646.09,10.92,-3.55,-0.38,5.27,5.089452927386675,0.004905245915243661,10.946000000000002,10.782666666666668,10.871572101433582,5.014223164577673,5.029219612893728,5.031022247381297,11.322000000000001,11.092181818181817,11.197123645656083,5.004082784774836,5.005184594126951,5.042270486404517,11.6635,11.454999999999998,11.512897582900052,5.120547758981081,5.066730568877298,5.108822472380189,11.794666666666668,11.61148387096774,11.698880844004671,5.194258100982236,5.117922483484357,5.16806115272161,11.9845,11.832836065573769,11.860707127702234,5.3372580877711755,5.24250302611656,5.2501602250389725,8.10853676691785
2022-12-23,sz001258,10.18,10.24,10.36,10.1,72679,74271926.43,2.52,-0.87,-0.09,3.11,4.861408943161731,-0.22804398422494376,10.726,10.547333333333333,10.661048067622389,4.975562429843139,4.978281539088414,4.974484479308108,11.149,10.895454545454545,11.023101164627702,4.98532631276185,4.979243895651841,5.009386569451283,11.591999999999999,11.31942857142857,11.391669241671476,5.102002459749232,5.042050681656407,5.0852592791212885,11.733,11.511182795698925,11.604759499230177,5.173452653144567,5.09644834427013,5.1482771392016184,11.935166666666667,11.775639344262297,11.807569189089046,5.3249146817878446,5.226901414817889,5.237414281370866,7.870824688585969
2022-12-26,sz001258,10.25,10.63,10.65,10.25,84013,88148099.15,3.91,3.81,0.39,3.6,4.924346493102718,0.06293754994098677,10.624,10.515333333333334,10.65069871174826,4.974615412896652,4.96120956017494,4.957771817239645,11.041,10.801090909090908,10.951628225604484,4.97165154315376,4.968156655713818,4.993924737387907,11.536,11.227809523809524,11.31912931389324,5.098257818461049,5.0251310657853105,5.069934251881425,11.692666666666668,11.440021505376343,11.541871789602425,5.1597814729494855,5.0803769791061395,5.133830000743625,11.893,11.73284699453552,11.768960363217273,5.31647888491545,5.213768031582309,5.22714976372273,7.9452129514899426
2022-12-27,sz001258,10.59,10.59,10.71,10.43,65644,69260473.97,2.63,-0.38,-0.04,2.81,4.817195036808223,-0.10715145629449463,10.5,10.504,10.630465807832174,4.955390216386155,4.908736101478797,4.910912890429171,10.937999999999999,10.71909090909091,10.88587763913094,4.953664314978862,4.9400736545600825,4.961792064555237,11.473500000000001,11.137714285714287,11.249688426855789,5.084539673765372,4.998363181818375,5.045863850445882,11.630333333333333,11.368881720430108,11.480460706402269,5.134632449192354,5.058274628387349,5.113401938554245,11.852500000000001,11.69012568306011,11.730305925079001,5.303894714599496,5.197398069349286,5.21370862513537,7.840485459229775
2022-12-28,sz001258,10.6,11.11,11.5,10.53,309785,344748368.54,9.16,4.91,0.52,13.28,5.491060385098648,0.6738653482904251,10.58,10.707333333333334,10.790310538554783,5.0366927571116,5.087292824382962,5.10429538865233,10.897,10.750363636363636,10.92662715928895,5.004373463755352,5.0377820309454995,5.058022668290402,11.4315,11.103095238095236,11.236384767155236,5.096135824667469,5.037079440040591,5.088263520412813,11.589,11.33531182795699,11.45656001566664,5.136748941192459,5.0812699790909805,5.137766999621626,11.836500000000001,11.665781420765027,11.709968025896083,5.302950316679091,5.2035346487099154,5.222802125462034,8.537502219631783
2022-12-29,sz001258,10.8,10.58,10.86,10.58,179154,191664870.27,2.52,-4.77,-0.53,7.68,5.253226509172709,-0.23783387592593908,10.63,10.707333333333333,10.72020702570319,5.069447473468806,5.159470741736665,5.153939095492457,10.788,10.692727272727273,10.863604039418231,5.041835319023239,5.0830280392032,5.093514275723549,11.355,11.022,11.173871932188073,5.088770077975492,5.052040457612519,5.103974281247089,11.534666666666665,11.270215053763438,11.400007756591371,5.139584147711785,5.088784660896156,5.145216000237825,11.814833333333333,11.624584699453553,11.67291989389949,5.299630377966047,5.201904359939215,5.223799646239433,8.282542519523973
2022-12-30,sz001258,10.57,10.46,10.65,10.43,83404,87556857.92,2.08,-1.13,-0.12,3.57,4.9211868796098015,-0.33203962956290756,10.674000000000001,10.650666666666668,10.633471350468794,5.08140306075842,5.110050543783664,5.076355023531572,10.7,10.63309090909091,10.790221486796733,5.02848274530078,5.061091959309849,5.062182021884685,11.254,10.936761904761905,11.105884129122542,5.055303881605433,5.036080153006262,5.086565957281633,11.490666666666668,11.200881720430107,11.339362094875801,5.124122875755574,5.074694514566997,5.130762508584405,11.800333333333333,11.58016393442623,11.633152028525735,5.291696488945193,5.1894963763865505,5.213877916186003,7.942290168011354
2023-01-03,sz001258,10.38,10.79,10.93,10.36,111762,119418198.84,5.45,3.15,0.33,4.79,5.048294164949289,0.12710728533948767,10.706,10.689333333333334,10.685647566979195,5.106192595127734,5.09901424518062,5.067001404004144,10.665000000000001,10.649454545454546,10.790181216470053,5.040404004012194,5.064694035609578,5.0596569569873395,11.178,10.892571428571431,11.075799926348967,5.040470206031694,5.035412560943773,5.082921024678552,11.449666666666667,11.15567741935484,11.303919379077362,5.118717515653733,5.06980233967627,5.125441970285365,11.792666666666666,11.54703825136612,11.605507699721612,5.286979594631048,5.181515972321112,5.208448940735618,8.077070516521292
2023-01-04,sz001258,10.8,10.69,10.88,10.64,77605,83195996.5,2.22,-0.93,-0.1,3.33,4.889889703248592,-0.15840446170069722,10.726,10.684,10.68709837798613,5.120731528415808,5.026913281220906,5.00796417041896,10.613,10.654,10.771966449839134,5.038060872400981,5.037327799107104,5.028790183580295,11.105500000000001,10.84609523809524,11.039057076220494,5.020873835282032,5.021071560678715,5.06453708930427,11.416333333333334,11.106666666666666,11.264311677201404,5.108382361849701,5.055039255004971,5.11024504983138,11.778833333333333,11.51088524590164,11.575491053829099,5.280123819075783,5.168496631620047,5.198004375572109,7.920102427975918
2023-01-05,sz001258,10.69,10.89,11.08,10.63,108121,117449369.27,4.21,1.87,0.2,4.63,5.0339100537902235,0.14402035054163154,10.682,10.738666666666665,10.754732251990754,5.029301462154123,4.997972789679044,5.0166127982093816,10.630999999999998,10.704363636363636,10.793427095322928,5.032997109632861,5.036573104814239,5.029721069073009,11.0535,10.82557142857143,11.024861164199494,5.01569340389189,5.022313105298544,5.061620228779123,11.374333333333334,11.072709677419354,11.240162536736799,5.095125060800031,5.050234589968875,5.105320211377111,11.762833333333333,11.481743169398907,11.55301593731011,5.274003890956923,5.1604240491516675,5.192624233874342,8.069850688859098
2023-01-06,sz001258,10.84,11.13,11.52,10.79,273331,307065341.95,6.7,2.2,0.24,11.71,5.4366888902563115,0.40277883646608803,10.791999999999998,10.888,10.879821501327172,5.065993938370843,5.13376859904644,5.1566381622250255,10.711,10.79509090909091,10.854622168900576,5.067720705919825,5.10997161038214,5.1037152183790635,11.016499999999999,10.832857142857144,11.034874386656686,5.0359017453473305,5.062407913523726,5.0973410536817125,11.346,11.056946236559138,11.233055276302167,5.102938741293996,5.072270966062828,5.126698835820931,11.753833333333334,11.460994535519125,11.539146562316336,5.274031431180962,5.1657579835549265,5.200626353755718,8.487230800978157
2023-01-09,sz001258,11.25,11.41,11.59,11.05,237826,270512713.95,4.85,2.52,0.28,10.19,5.376259331524408,-0.06042955873190348,10.982000000000001,11.094000000000001,11.056547667551449,5.157008428753765,5.237190396764295,5.229845218658154,10.828,10.92218181818182,10.955599956373197,5.119205744756092,5.166069542310246,5.153268693496399,10.988499999999998,10.870333333333331,11.070600635546525,5.052266028758972,5.094822921731067,5.123904699190541,11.337333333333333,11.061075268817206,11.244471064927835,5.107736888084853,5.0899045525293065,5.142799512963091,11.745833333333334,11.44972131147541,11.534912248797768,5.2719419854059915,5.169109717992416,5.206384812043216,8.432187681526027
2023-01-10,sz001258,11.35,11.17,11.47,11.13,142211,159940713.72,2.98,-2.1,-0.24,6.09,5.152933190307508,-0.22332614121689964,11.058000000000002,11.156666666666666,11.094365111700967,5.177936233825409,5.235831983948875,5.204207875874606,10.882000000000001,10.984363636363636,10.994581782487161,5.142064414476572,5.172201805137775,5.153207692916601,10.961500000000001,10.887619047619047,11.08006724168495,5.056857978815166,5.104410270449974,5.126669317392157,11.318000000000001,11.050279569892476,11.239666480093781,5.11286001713289,5.092820442995285,5.143453298598215,11.729166666666666,11.430841530054645,11.522947912771611,5.266135296114554,5.165207790284271,5.2046322998551595,8.203959029682782
2023-01-11,sz001258,11.15,11.1,11.35,11.08,104745,117279268.9,2.42,-0.63,-0.07,4.49,5.020133301096698,-0.1327998892108102,11.14,11.170666666666667,11.096243407800644,5.203984953395031,5.1832310063726394,5.142849684281971,10.933,11.024000000000001,11.013748731125858,5.1623582409054185,5.15003251179598,5.129012348949345,10.935500000000001,10.900809523809524,11.081965599619718,5.058011277942141,5.100912682095835,5.116523030125923,11.293333333333333,11.036215053763442,11.230655739442572,5.110479196145388,5.086838074218754,5.135497169727149,11.708166666666667,11.410213114754098,11.509080768090575,5.255757620699033,5.157142151103356,5.198583152354882,8.06922124998391
2023-01-12,sz001258,11.13,10.96,11.18,10.96,80058,88423637.89,1.98,-1.26,-0.14,3.43,4.903404736408442,-0.11672856468825632,11.154,11.110666666666669,11.050828938533764,5.177883889918673,5.083037600710443,5.063034701657461,10.918000000000001,11.028909090909092,11.00397623455752,5.103592676036398,5.102950056432893,5.087992783032817,10.9075,10.903142857142857,11.070349828227362,5.053983069895875,5.086188249568817,5.096226049771878,11.260333333333334,11.014709677419356,11.213194078833373,5.098621441790446,5.073478431655082,5.1205234643517485,11.664166666666667,11.385683060109288,11.491078119956457,5.238057703858417,5.1455895975200585,5.188905171504178,7.946568378507564
2023-01-13,sz001258,11.0,10.81,11.04,10.72,103027,111657452.94,2.92,-1.37,-0.15,4.42,5.0129510539710305,0.10954631756258859,11.09,10.996,10.970552625689177,5.093136322661617,5.028059988727896,5.046340152428651,10.941,11.009272727272727,10.968707828274333,5.079565130516231,5.086469761511917,5.07434883229431,10.864500000000001,10.89385714285714,11.045554606491423,5.060700224769734,5.082280438528355,5.088295097790844,11.217,10.985655913978494,11.187181557618317,5.085701762155738,5.06795130986028,5.113583308843316,11.630333333333333,11.357677595628413,11.46874768979395,5.223753763035788,5.138209051622112,5.183136184044075,8.047887716773236
2023-01-16,sz001258,10.93,10.97,11.04,10.82,73127,80060219.52,2.04,1.48,0.16,3.13,4.86407775706748,-0.14887329690355067,11.002,10.956,10.970368417126119,4.990700007770231,4.95170713352985,4.985586020641595,10.992,11.014545454545456,10.96894276858809,5.073854218261998,5.04729023906669,5.036117727707614,10.846,10.903904761904762,11.038358929682715,5.0511684817813896,5.063554489223378,5.066941065341,11.166666666666666,10.969720430107527,11.173169844223587,5.0614873271576215,5.053652986951361,5.097486176470682,11.603666666666667,11.336027322404371,11.452395306522018,5.21106140857667,5.126416395688724,5.172675252012056,7.903416776578404
2023-01-17,sz001258,11.3,10.87,11.46,10.77,155317,171623627.11,6.29,-0.91,-0.1,6.66,5.191218993411298,0.3271412363438184,10.942,10.912,10.93691227808408,4.99835716839099,5.018546795410205,5.054130344898162,11.0,10.992363636363635,10.950953174299345,5.088146701108199,5.068629289093836,5.064317957835556,10.8325,10.906190476190478,11.022324745903408,5.0642753525601965,5.076892633188133,5.0787770584905525,11.118666666666666,10.950580645161292,11.153610499434969,5.056362371057196,5.062022771870953,5.10353345498298,11.5785,11.311972677595628,11.433300378439327,5.205847842649024,5.125765824699695,5.1732832435333425,8.234577076153414
2023-01-18,sz001258,10.97,10.79,10.99,10.75,74729,81079761.26,2.21,-0.74,-0.08,3.2,4.873489170702741,-0.3177298227085572,10.879999999999999,10.861333333333333,10.88794151872272,4.969028342312198,4.976924129514122,4.993916620166356,11.010000000000002,10.95418181818182,10.921688960790371,5.086506647853613,5.029600647201934,5.029621814720498,10.811499999999999,10.902142857142858,11.000198579626893,5.062283760127299,5.058722520630279,5.05922583108219,11.073666666666666,10.92937634408602,11.130151757535938,5.04275143947256,5.0502245008803435,5.088691888255223,11.553166666666666,11.286120218579233,11.41220856275279,5.195304413872642,5.114868819062112,5.163453929670044,7.908912461239308
2023-01-19,sz001258,10.72,10.79,10.83,10.68,56774,61186279.88,1.39,0.0,0.0,2.43,4.754149493427984,-0.11933967727475725,10.846,10.831333333333333,10.855294345815146,4.9391772937161065,4.905297846552718,4.913994244586899,11.0,10.914181818181818,10.89774551337394,5.05853059181739,4.969172073670001,4.979535938121859,10.8155,10.90009523809524,10.980179667281476,5.045763850725125,5.029376399992248,5.0301709417817895,11.035666666666668,10.911075268817202,11.1082064828562,5.0299724665337235,5.031605020490371,5.0671085079437885,11.5235,11.26109836065574,11.391808282006796,5.183393783584493,5.100404723309828,5.150034112088337,7.786654048936116
2023-01-20,sz001258,10.77,11.04,11.13,10.74,95820,105241360.04,3.61,2.32,0.25,4.11,4.981456166522126,0.22730667309414265,10.892,10.895999999999999,10.916862897210098,4.9328783162263266,4.919390804154724,4.936481551898642,10.991,10.921454545454544,10.923609965487769,5.013007319443972,4.955158541798135,4.979885070558271,10.850999999999999,10.921476190476191,10.985876841826098,5.0403640126818985,5.023251858639583,5.025531439376108,11.008000000000001,10.911354838709677,11.103806064607415,5.02827027004621,5.028474936618653,5.061582550432714,11.509666666666668,11.245245901639343,11.38027358423608,5.173042736108585,5.0937838178323736,5.1445069663320675,8.022186451861884
2023-01-30,sz001258,11.18,11.21,11.39,11.11,130690,146792297.16,2.54,1.54,0.17,5.6,5.116242357963335,0.13478619144120874,10.94,11.002,11.014575264806734,4.983311236405497,4.9805121514003945,4.996401820586874,10.971,10.961272727272727,10.975680880853629,4.987005622087865,4.973928548801656,5.004677304631919,10.8995,10.955666666666664,11.007221904509326,5.053105683421978,5.030478367714005,5.034170574479653,10.982666666666667,10.924387096774193,11.110657286245646,5.030512559868602,5.034150555193952,5.065108989628238,11.507333333333333,11.235420765027323,11.374690843769324,5.168512258877638,5.091921510352201,5.143580257860962,8.166703266828847
2023-01-31,sz001258,11.22,11.28,11.29,11.09,90004,101045104.57,1.78,0.62,0.07,3.86,4.954261810987378,-0.16198054697595676,11.022,11.115333333333332,11.103050176537824,4.935919799920713,4.970829009594355,4.982355150720375,10.982,11.017454545454545,11.031011629789331,4.967138484155851,4.9679751286015685,4.995510851242003,10.931999999999999,10.991904761904763,11.033200770746534,5.054601449316211,5.021064665577376,5.026560216051817,10.968333333333334,10.94356989247312,11.121582622616895,5.026951480595394,5.0292311520403254,5.057957558748183,11.504666666666667,11.227967213114752,11.37158622594082,5.164075690601541,5.08489690550334,5.137373095668385,8.004515277675802
2023-02-01,sz001258,11.28,11.4,11.42,11.2,129639,146819803.74,1.95,1.06,0.12,5.56,5.112735672343534,0.15847386135615604,11.144,11.241333333333333,11.202033451025216,4.983769100248871,5.029767633735294,5.025815324594761,11.012,11.093454545454545,11.098100424373088,4.976398721280535,4.994447344635692,5.016824455078645,10.9725,11.036476190476192,11.068134030675436,5.0693784810929765,5.026601258246644,5.034767402365314,10.961,10.97141935483871,11.139545034060967,5.030807092388272,5.034765616024076,5.061491630593045,11.497166666666665,11.224535519125682,11.372517825090302,5.160532299834185,5.083213626216193,5.136565311297079,8.166784639196733
2023-02-02,sz001258,11.4,11.39,11.45,11.28,90771,103288618.56,1.49,-0.09,-0.01,3.89,4.957947119978726,-0.15478855236480804,11.264,11.323333333333334,11.264688967350144,5.02452862555902,5.02116030697858,5.00319258972275,11.055,11.162181818181818,11.151173074487073,4.981852959637563,4.991092508035364,5.006119485060477,10.9865,11.076238095238097,11.09878793251587,5.042722817836981,5.015988747664335,5.027451184995162,10.956666666666669,10.999096774193548,11.15570341896026,5.029939699809771,5.030064972642815,5.05481133958567,11.488,11.221021857923498,11.373091011152916,5.153030925951183,5.0765714891717515,5.130708977155494,8.014052468964842
2023-02-03,sz001258,11.43,11.29,11.43,11.13,81257,91470330.68,2.63,-0.88,-0.1,3.48,4.9098607841792115,-0.048086335799514934,11.314,11.331999999999999,11.27312597823343,5.010209549090437,4.98293769318531,4.972081987874905,11.102999999999998,11.20490909090909,11.176414333671241,4.971543932658381,4.97800302158839,4.988617903082065,11.022,11.105142857142859,11.116998605609597,5.025554531587305,5.00333522064931,5.016252099203167,10.943999999999999,11.020602150537634,11.164367714511211,5.030981460732617,5.0223179458279406,5.0454596908497695,11.479000000000001,11.21453005464481,11.370366715705277,5.145287290855682,5.068598697638245,5.123468052795616,7.9612802491324866
2023-02-06,sz001258,11.29,11.24,11.36,11.2,52765,59387559.13,1.42,-0.44,-0.05,2.26,4.722345942475581,-0.18751484170363053,11.319999999999999,11.307333333333334,11.262083985488955,4.931430265992886,4.886983157647025,4.8888366394084635,11.129999999999999,11.229818181818182,11.187975363912834,4.957370751199192,4.932694296100608,4.940204819335431,11.061,11.125904761904762,11.128713024122968,5.015612484730595,4.974458212162479,4.988261036657683,10.940666666666665,11.039698924731184,11.16924721680081,5.019902571587323,5.002405976908132,5.024613642567564,11.462833333333334,11.206693989071038,11.366092397157562,5.132366321920101,5.054731768183158,5.110316508194958,7.773695475838458
2023-02-07,sz001258,11.23,11.24,11.3,11.2,64065,72035810.36,0.89,0.0,0.0,2.75,4.8066208304825055,0.08427488800692462,11.312,11.280666666666665,11.254722656992637,4.9019020698919125,4.845380012476897,4.8614313697664775,11.167,11.249818181818181,11.197434388655953,4.918910934906313,4.905285219606665,4.915916821362171,11.083499999999999,11.142952380952384,11.139311783730305,5.003528818007256,4.954554245091232,4.970961969402905,10.943999999999999,11.059010752688172,11.17381191249108,5.0158205466755685,4.988645864578788,5.01054959017498,11.443666666666667,11.199387978142077,11.361958220201576,5.122769780542705,5.044051588136026,5.100359272860124,7.857548446090239
2023-02-08,sz001258,11.24,11.16,11.25,11.15,53433,59771373.06,0.89,-0.71,-0.08,2.29,4.727809558365384,-0.07881127211712169,11.264,11.229999999999999,11.223148437995093,4.824916847096282,4.787349175301388,4.816890765966113,11.203999999999999,11.248545454545454,11.190628136173052,4.904342973672577,4.870539514781043,4.8817155008173,11.107,11.150238095238096,11.141282090041704,4.995424810763096,4.928295267982483,4.947804596923141,10.942333333333334,11.072946236559142,11.172920821362625,5.009636831309057,4.970064510494261,4.992308297800168,11.424166666666668,11.190087431693987,11.355336639211359,5.111812253130984,5.031102072654802,5.088144528122591,7.776493232503116
2023-02-09,sz001258,11.11,11.29,11.31,11.01,92711,104239386.04,2.69,1.16,0.13,3.97,4.967131265491683,0.2393217071262992,11.244,11.238666666666665,11.245432291996728,4.826753676198872,4.83475398143319,4.866970932474636,11.254000000000001,11.26418181818182,11.20869574777795,4.925641150878946,4.881955567839062,4.897245639849006,11.126999999999999,11.167666666666667,11.155445700513923,4.992085871348168,4.9256006446233,4.949645232024907,10.961666666666666,11.095376344086022,11.180474316758586,5.005722950776399,4.967322215925397,4.990683973135105,11.406166666666667,11.185688524590164,11.353194454319183,5.10502948534209,5.026358433715808,5.084176880167479,8.01803184475916
2023-02-10,sz001258,11.37,11.32,11.39,11.15,100263,113051926.0,2.13,0.27,0.03,4.3,5.001140695129953,0.03400942963827003,11.25,11.264000000000001,11.270288194664486,4.845009658389022,4.892882987743549,4.911694186693076,11.282,11.276181818181819,11.228932884545596,4.92760960373973,4.895682757702881,4.916135649900086,11.136500000000002,11.18604761904762,11.171117538560217,4.97030846159185,4.926463008792994,4.954549561844435,10.994666666666665,11.118494623655915,11.189475973741903,5.002779209701175,4.967026586528854,4.991358600360579,11.394666666666668,11.182863387978143,11.35210611155462,5.098518655341706,5.022952243872787,5.081454382297396,8.053277965567244
2023-02-13,sz001258,11.33,11.44,11.58,11.33,120841,138229466.44,2.21,1.06,0.12,5.18,5.082214310549314,0.08107361541936076,11.290000000000001,11.327333333333334,11.326858796442991,4.916983332003769,4.971951205130313,4.9685342279784885,11.305000000000001,11.30490909090909,11.267308723719124,4.924206798998327,4.923792704395533,4.946331770018127,11.138,11.214952380952383,11.196725392030674,4.955606210543095,4.937120708693706,4.966708109340138,11.034666666666665,11.147225806451612,11.205638814145653,5.010139388614095,4.972151431744862,4.997220259082432,11.383833333333333,11.184349726775956,11.354987878388895,5.091796020879331,5.022417675191069,5.081479297977787,8.140600631664903
2023-02-14,sz001258,11.45,11.49,11.64,11.36,137092,157447047.81,2.45,0.44,0.05,5.88,5.1370121122860395,0.05479780173672566,11.34,11.393999999999998,11.381239197628663,4.983061588364474,5.045294131891071,5.024693522747673,11.326,11.338545454545455,11.307798046679283,4.942481829128194,4.962484579538752,4.9810009231577475,11.154,11.248476190476191,11.22465630707537,4.954810156642022,4.954397461240652,4.982927538192129,11.063333333333333,11.176602150537635,11.223984697104,5.017228242586872,4.980336768755954,5.006239088321375,11.377999999999998,11.187830601092896,11.359414505326965,5.0885048577681795,5.023900169991289,5.083300045987894,8.19713452186779
2023-02-15,sz001258,11.48,11.3,11.49,11.29,96344,109373450.6,1.74,-1.65,-0.19,4.13,4.983824673345087,-0.15318743894095288,11.367999999999999,11.380666666666666,11.354159465085775,5.034264611360415,5.045548493551275,5.011070572946811,11.315999999999999,11.33381818181818,11.306380220010322,4.929590729228348,4.970001460305461,4.981514332282718,11.164,11.262380952380955,11.231831896877717,4.952994725254442,4.957160748545705,4.9830129796352685,11.087,11.191870967741936,11.228888910194064,5.022782563804768,4.978181699772614,5.004792997032583,11.358666666666668,11.185273224043717,11.357466488758869,5.07870750649856,5.020468032797088,5.08003855836026,8.03891191379598
2023-02-16,sz001258,11.31,10.93,11.35,10.88,133553,148717922.53,4.16,-3.27,-0.37,5.72,5.125653648020531,0.14182897467544464,11.296,11.234666666666667,11.212772976723851,5.0659690878661845,5.076011505771314,5.049264931304718,11.27,11.263636363636364,11.237947452735717,4.946361382032529,5.00564926372222,5.007721480598683,11.1625,11.240095238095238,11.203086001936983,4.964107170835046,4.97360445547581,4.996597805195769,11.081,11.181741935483869,11.209605754697673,5.010602339235496,4.984818543915567,5.0125904583866445,11.335,11.171218579234974,11.343451194045462,5.0736756402139775,5.022007250551907,5.081534135070433,8.172363310060916
2023-02-17,sz001258,10.93,11.02,11.11,10.93,71631,78965985.15,1.65,0.82,0.09,3.07,4.855101014141317,-0.27055263387921435,11.236,11.142666666666665,11.148515317815901,5.036761151668458,5.0057221478630245,4.984543625583584,11.243,11.218181818181819,11.198320643147404,4.940885405028739,4.9890564695601824,4.979972304879161,11.172999999999998,11.22652380952381,11.185649239847745,4.95621466884356,4.963222916743074,4.98312192033344,11.095666666666666,11.177806451612904,11.19737312536234,4.997331489401118,4.974786200361104,5.002429849080494,11.315166666666666,11.160890710382516,11.332846236863643,5.0684578185564515,5.014840869369199,5.074110098318658,7.897440057836726
2023-02-20,sz001258,11.08,11.08,11.1,10.88,65330,71742966.91,2.0,0.54,0.06,2.8,4.815112658189813,-0.03998835595150396,11.164,11.090666666666666,11.125676878543935,4.983340821196558,4.931839316703476,4.928066636452328,11.227,11.188545454545455,11.176807798938786,4.950162076600162,4.966188697407651,4.949997823662915,11.1785,11.217666666666666,11.175587407481293,4.953766413899677,4.949784630014145,4.967121038224523,11.116333333333333,11.176795698924732,11.189800665661544,4.99379568202045,4.9630301467345666,4.990344869023032,11.303500000000001,11.153180327868853,11.324556196310736,5.058959278888012,5.006534470668652,5.065618378970171,7.855779332836155
2023-02-21,sz001258,11.08,11.15,11.22,11.03,68624,76327341.73,1.71,0.63,0.07,2.94,4.836476028894998,0.021363370705184792,11.096,11.086,11.133784585695958,4.92323360451835,4.88288438593629,4.897536433933218,11.218,11.174545454545456,11.171933653677188,4.953147596441412,4.9455185069158025,4.929357497341475,11.192499999999999,11.214952380952381,11.173150511530693,4.936029265673862,4.938614117156557,4.954678656383616,11.128333333333334,11.178967741935484,11.187232880780154,4.986735077485307,4.9528804916942155,4.980417847079288,11.289,11.148147540983606,11.318833042333335,5.052726296569521,4.999239937881995,5.05810551503328,7.882680137370517
2023-02-22,sz001258,11.13,11.12,11.16,11.04,40109,44557926.46,1.08,-0.27,-0.03,1.72,4.603241834260485,-0.23323419463451245,11.059999999999999,11.094,11.129189723797307,4.847117036701429,4.776220462517002,4.799438234042308,11.214,11.156727272727275,11.162491171190426,4.940690824030922,4.881899277428361,4.870063740417659,11.209,11.208047619047619,11.16808855805158,4.9225168988517485,4.906920076069568,4.92120848284808,11.142666666666667,11.178430107526882,11.182895275568532,4.977180148519038,4.928138992131325,4.956083910768398,11.2795,11.142606557377048,11.312313926191258,5.0427812551843685,4.984502742396454,5.043191951729254,7.6489249723826145
2023-02-23,sz001258,11.22,11.26,11.35,11.1,106219,119233196.14,2.25,1.26,0.14,4.55,5.026202208431958,0.42296037417147314,11.126000000000001,11.160666666666664,11.172793149198206,4.827226748783715,4.83591551976051,4.875026225505525,11.211,11.165090909090909,11.180220049155803,4.946597918324949,4.8974468018649135,4.898452552783895,11.2325,11.212904761904761,11.176842028713333,4.936119534601948,4.91679486745816,4.93120788528464,11.155,11.186,11.18786977391895,4.976923220340429,4.931301705674093,4.960607671907983,11.264666666666667,11.141967213114755,11.310598715496463,5.03602414057023,4.9839591670930945,5.0426349109654085,8.076397185717186
2023-02-24,sz001258,11.3,11.05,11.3,10.96,104037,115215367.0,3.02,-1.87,-0.21,4.46,5.017187820434346,-0.009014387997612339,11.132,11.135333333333334,11.131862099465472,4.8596441100423196,4.8992358769773885,4.922413423815132,11.184000000000001,11.135818181818182,11.156543676582022,4.9482026308553895,4.910281329521166,4.920040783265795,11.233,11.19552380952381,11.164761835502539,4.937906117297559,4.924515656585054,4.939396450536993,11.152333333333333,11.179225806451614,11.178974949795148,4.962939851346364,4.933899421809183,4.964258004070975,11.249166666666666,11.134928961748633,11.30205449531625,5.032939296320179,4.983341582826345,5.041800580128324,8.061510407543965
2023-02-27,sz001258,11.06,11.52,12.0,10.98,316607,365344476.58,9.23,4.25,0.47,13.57,5.500520512635516,0.48333269220117003,11.22,11.264666666666667,11.261241399643648,4.99672568093146,5.112861344508454,5.11511578675526,11.192,11.196909090909092,11.2226266444762,4.990033251064009,5.010702762572099,5.025582552242107,11.2485,11.222857142857144,11.198594041645155,4.957120025031168,4.978097979950575,4.9928368374035195,11.156,11.20294623655914,11.200976565937395,4.967081890716734,4.968582045118161,4.998855585268688,11.246666666666668,11.1438087431694,11.309200249568176,5.037409389400793,4.998672114508816,5.0568405779154455,8.56270254589785
2023-02-28,sz001258,11.47,11.32,11.5,11.13,193429,218485518.75,3.21,-1.74,-0.2,8.29,5.286521586581547,-0.21399892605396875,11.254000000000001,11.298,11.280827599762432,5.0867347924687705,5.20945997972515,5.172251053364024,11.175,11.220181818181818,11.240330890935073,5.00498419849356,5.064609732666196,5.073026013031096,11.250499999999999,11.229666666666668,11.210156513869425,4.973733013810877,5.009469557241087,5.020806813515713,11.161,11.213526881720428,11.208655497167241,4.971534837259202,4.989191057754601,5.017414682127582,11.2395,11.1462131147541,11.309554339746269,5.0421974271960455,5.006839727531135,5.064371102789744,8.339422657162809
2023-03-01,sz001258,11.29,11.28,11.29,11.16,112502,126140797.37,1.15,-0.35,-0.04,4.82,5.051160243169543,-0.23536134341200476,11.286000000000001,11.306666666666667,11.280551733174956,5.176318474250581,5.197601796625406,5.1318874499658635,11.173,11.239272727272727,11.247543456219605,5.011717755476005,5.0730053771527395,5.069050418510813,11.244499999999999,11.23247619047619,11.216808274453289,4.970654242352177,5.016843579084768,5.023697616339887,11.167,11.22120430107527,11.213258368317742,4.972569068661629,4.994328180716559,5.019591815098031,11.230166666666666,11.147540983606556,11.308585345000488,5.0415241324035085,5.007133590349939,5.063937959851377,8.100855571958526
2023-03-02,sz001258,11.27,11.17,11.27,11.14,94096,105356829.12,1.15,-0.98,-0.11,4.03,4.973571162057962,-0.07758908111158025,11.267999999999999,11.268,11.24370115544997,5.165792264975783,5.130019359227868,5.079115353996563,11.197,11.238727272727273,11.233444645997858,4.9965095068797485,5.066069632894913,5.051690553701204,11.233500000000001,11.225380952380954,11.212350343552977,4.971435444456139,5.017121380961512,5.018923668313037,11.174,11.221397849462367,11.21046750584563,4.974907949516615,4.994392831903419,5.016622740708349,11.217166666666667,11.145568306010931,11.304041563197192,5.03676469565353,5.004905624109101,5.060975114022084,8.022662691372771
2023-03-03,sz001258,11.19,11.18,11.24,11.09,66108,73778421.78,1.34,0.09,0.01,2.83,4.820254018420946,-0.15331714363701643,11.294,11.238666666666667,11.222467436966648,5.1264055045731025,5.014839943709588,4.992828242138025,11.213,11.235636363636361,11.223727437634611,4.9930248073077115,5.034023180447859,5.0096111836502475,11.228,11.220285714285714,11.209269358452694,4.966955106168226,5.0027231499105405,5.000002749275694,11.186333333333332,11.221784946236559,11.208501860307202,4.968484714998278,4.984415158929505,5.003953790883355,11.201666666666666,11.144349726775957,11.299974626698923,5.027093238577008,4.997806913380165,5.053082619084341,7.8679293608451335
2023-03-06,sz001258,11.18,11.21,11.24,11.09,63532,70950952.48,1.34,0.27,0.03,2.72,4.802992527227155,-0.017261491193790945,11.232,11.210666666666667,11.218311624644432,4.986899907491431,4.907035617927606,4.929549670501069,11.226,11.235090909090909,11.221231539882863,4.991812794211446,4.9994718567968475,4.9720441552096855,11.2265,11.218571428571426,11.209338943361962,4.970987435405804,4.987107666201866,4.981239870985357,11.194333333333335,11.22331182795699,11.208598514480931,4.966448540670267,4.973738243589434,4.990988548066827,11.1805,11.144622950819672,11.297024638938302,5.0139679339139445,4.990459349073612,5.044882943941482,7.8509582300124015
2023-03-07,sz001258,11.15,11.0,11.21,10.98,86244,95490498.44,2.05,-1.87,-0.21,3.7,4.935728890904373,0.13273636367721764,11.168,11.133333333333333,11.145541083096289,4.9167413683559955,4.889978612398585,4.931609410635503,11.211,11.193999999999999,11.181007623540523,5.001738080412383,4.98927478346829,4.9654413798814465,11.2145,11.197,11.189401901137012,4.977442838426898,4.983749709582684,4.976905491930026,11.198666666666668,11.210774193548387,11.195140545804742,4.957932203920036,4.971756330701311,4.987423408895056,11.158666666666667,11.138704918032785,11.287286126186228,5.007147287488617,4.987894134548707,5.041304122530429,7.979960160270989
2023-03-08,sz001258,10.91,10.97,11.04,10.9,41639,45676549.4,1.27,-0.27,-0.03,1.78,4.619500290970659,-0.316228599933714,11.106,11.067333333333332,11.08702738873086,4.83040937791622,4.790898253270141,4.827573037413889,11.196000000000002,11.150181818181817,11.14264260107861,5.0033639260834,4.919777003569795,4.902543000079485,11.205,11.173714285714286,11.168506481981108,4.972027375057161,4.949659943158279,4.942866901362468,11.204666666666666,11.196021505376345,11.18061534930121,4.949465907928967,4.949922013736835,4.963686433545095,11.139166666666666,11.132519125683059,11.276883302376842,4.996108673700762,4.975184396957955,5.027474488708797,7.659693288032401
2023-03-09,sz001258,11.0,10.91,11.0,10.9,38341,41913363.48,0.91,-0.55,-0.06,1.64,4.583663435845598,-0.035836855125060296,11.054,11.001999999999999,11.028018259153907,4.752427832673746,4.7086496059132665,4.746269836891125,11.161,11.098181818181818,11.100343946337045,4.959110048824765,4.843467823526558,4.844564897491506,11.186000000000002,11.145619047619046,11.143886817030525,4.952853983574857,4.912672901328606,4.908657047503718,11.208666666666666,11.17701075268817,11.163156294507584,4.943783039342887,4.926321854247585,4.939168820790289,11.122166666666667,11.125005464480873,11.264854341643176,4.986877752938304,4.961661602274179,5.012923306647709,7.6223525136658985
2023-03-10,sz001258,10.9,10.79,10.91,10.74,46339,50033515.08,1.56,-1.1,-0.12,1.99,4.665946657439112,0.08228322159351364,10.976,10.914,10.948678839435939,4.721566360477379,4.679822547501723,4.719495443740454,11.135,11.030727272727272,11.043917774275762,4.923985932525241,4.790165388729166,4.812088853845616,11.1595,11.107904761904763,11.110183310646667,4.936094281690315,4.885348394077583,4.8855417722594705,11.200333333333333,11.15,11.139081694861932,4.9332660557067864,4.908396926382825,4.921541584445052,11.104166666666666,11.11411475409836,11.249285346835201,4.980768162876498,4.951139271274205,5.001547023067099,7.699261015100512
2023-03-13,sz001258,10.7,10.76,10.87,10.68,35424,38150865.94,1.76,-0.28,-0.03,1.52,4.549297599198629,-0.11664905824048333,10.886,10.842,10.885785892957292,4.670827374871673,4.622399627075471,4.662762828893179,11.059000000000001,10.962545454545456,10.992296360771078,4.828863641181552,4.722040237215237,4.764308625727981,11.125499999999999,11.069857142857144,11.076832519156508,4.909448446122781,4.84851061479266,4.8535185176822475,11.185333333333334,11.121591397849462,11.114624811322452,4.914367897081296,4.883624767898429,4.897525843461412,11.084,11.102830601092897,11.233243204316013,4.972440228474949,4.936992695415913,4.9867191731041975,7.581504399923812
2023-03-14,sz001258,10.72,10.5,10.76,10.46,66400,70237061.03,2.79,-2.42,-0.26,2.85,4.8221680793680175,0.27287048016938886,10.786,10.713333333333333,10.757190595304863,4.648115212564403,4.6728465285742535,4.715897912384792,10.977,10.860909090909091,10.902787931539972,4.782428290460199,4.720822862340047,4.774828526389806,11.076,11.010285714285713,11.02189608876065,4.8937062444768795,4.840198198911255,4.85053276165232,11.159333333333334,11.077376344086021,11.074971597688746,4.909964772693984,4.877676392562088,4.892664052229581,11.063833333333331,11.083683060109289,11.209202443518766,4.968458126644689,4.9320657397074905,4.981324055276782,7.846566330842847
2023-03-15,sz001258,10.51,10.72,10.8,10.51,53324,57076608.48,2.76,2.1,0.22,2.29,4.726922719751019,-0.09524535961699865,10.735999999999999,10.691333333333334,10.744793730203241,4.669599698320475,4.699115697636459,4.719572848173534,10.921,10.81418181818182,10.869553762169067,4.750004538118347,4.710730940392925,4.766118379728208,11.047,10.976380952380955,10.993144080307257,4.8808611467971765,4.8243140536992675,4.838760376709339,11.136666666666667,11.049032258064516,11.052070204289473,4.8971043409409,4.86586722785609,4.881971063037416,11.048833333333333,11.072409836065574,11.193163019141101,4.963955716664586,4.924146546038846,4.972983027882495,7.756458159218693
2023-03-16,sz001258,10.63,10.51,10.7,10.5,46712,49465265.26,1.87,-1.96,-0.21,2.0,4.669428462243231,-0.057494257507787694,10.656,10.616000000000001,10.66652915346883,4.686752703600002,4.699058618944044,4.702858052863434,10.855,10.739454545454548,10.804180350865598,4.719590268136874,4.696080744779267,4.748538394730939,11.026,10.925238095238093,10.947130358373233,4.858049887508312,4.804177607551273,4.822633527712567,11.107333333333333,11.008602150537634,11.01709793304499,4.887487052349717,4.851178461488497,4.868258637179728,11.032,11.054743169398906,11.17076423162828,4.958713376079745,4.914489914746343,4.96303041917301,7.6943003423459135
2023-03-17,sz001258,10.56,10.54,10.64,10.5,37295,39404090.75,1.33,0.29,0.03,1.6,4.571650611487948,-0.09777785075528289,10.606,10.577333333333334,10.62435276897922,4.667893494409769,4.660691254906692,4.659122239071605,10.791,10.682181818181817,10.756147559799125,4.694729927443573,4.669182625388554,4.71637697959585,11.002,10.878952380952382,10.908356038528163,4.843877367375643,4.7769014860255234,4.798730392834031,11.082333333333334,10.972,10.986317421235636,4.876213379926676,4.830801916916772,4.849122635522194,11.013166666666667,11.038612021857924,11.150083437148664,4.953597420329646,4.90179933230071,4.950198294330877,7.5955413106055225
2023-03-20,sz001258,10.5,10.52,10.62,10.39,49976,52407847.01,2.18,-0.19,-0.02,2.14,4.698761492937965,0.12711088145001703,10.558,10.548666666666666,10.589568512652814,4.697786273157636,4.670980587749424,4.6723353236937255,10.722,10.63290909090909,10.713211639835647,4.684306824014655,4.669915637296625,4.713174163839871,10.974,10.833047619047619,10.871369749144527,4.838059809113051,4.763080926555269,4.789209545224882,11.058333333333334,10.935720430107526,10.956232426317207,4.875427231608755,4.81935340807879,4.839421916645793,10.999500000000001,11.022442622950821,11.129424963799528,4.947664901598038,4.893444055992786,4.9419544647770115,7.719396318624888
2023-03-21,sz001258,10.53,10.61,10.62,10.49,37721,39873113.6,1.24,0.86,0.09,1.62,4.576583197552172,-0.12217829538579306,10.58,10.566,10.59637900843521,4.648669296794467,4.630579562547604,4.640417948313208,10.683,10.612545454545453,10.694445887138256,4.648392254679435,4.650329523394355,4.688339442696653,10.947,10.79838095238095,10.846477392083143,4.82506516754591,4.7381783921209,4.7689594168750995,11.037333333333333,10.90679569892473,10.933894850425775,4.867759310511077,4.800073147817075,4.822464579930076,10.990666666666666,11.00967213114754,11.112394637117577,4.941789928593322,4.881277442745381,4.929975078966361,7.600680150046684
2023-03-22,sz001258,10.61,10.59,10.65,10.53,40352,42735358.4,1.13,-0.19,-0.02,1.73,4.6058650648929875,0.029281867340815282,10.553999999999998,10.569333333333333,10.594252672290141,4.624457765822861,4.61631148524711,4.628900320506467,10.645,10.595636363636363,10.675455725840392,4.647028732071668,4.642597307069547,4.673344101277804,10.9205,10.764380952380954,10.82205097378951,4.825196329077534,4.7173021918682405,4.753426621448232,11.018333333333333,10.877935483870967,10.911708085882177,4.863694494061997,4.783176744873972,4.808490417669619,10.980333333333332,10.996535519125683,11.095266944097327,4.936665662685527,4.870263512787992,4.91934852112789,7.630787350520258
2023-03-23,sz001258,10.6,10.52,10.6,10.47,37816,39776740.33,1.23,-0.66,-0.07,1.62,4.5776755892948575,-0.02818947559813001,10.556,10.558,10.56950178152676,4.6061071912331855,4.600717426404443,4.611825410102598,10.606,10.572909090909091,10.647191048414864,4.646429947416594,4.629987644746489,4.655949826371813,10.8835,10.726238095238093,10.793284214380986,4.802769998120679,4.693728788079414,4.736688427909815,10.992666666666668,10.84578494623656,10.886436596470425,4.850712638188769,4.764723912308351,4.793599138419634,10.977166666666667,10.981442622950823,11.076405732815449,4.928217794482584,4.858493346447313,4.908146129920249,7.599629190183636
2023-03-24,sz001258,10.55,10.44,10.56,10.42,46175,48338906.34,1.33,-0.76,-0.08,1.98,4.664406904112279,0.08673131481742136,10.535999999999998,10.519333333333332,10.52633452101784,4.624658449758052,4.620150664030806,4.629352574772492,10.571000000000002,10.542727272727273,10.60951994870307,4.64627597208391,4.633256182327524,4.657487476870079,10.852999999999998,10.684,10.759638098725654,4.785130952304575,4.680551350554804,4.729804473262431,10.963333333333335,10.810129032258065,10.857634235407817,4.83948817848818,4.752704187529222,4.785264155561096,10.979000000000001,10.963830601092896,11.055539971083794,4.921133694094678,4.849843809058123,4.900154679893758,7.684296820339813
2023-03-27,sz001258,10.43,10.36,10.45,10.28,48975,50652724.87,1.63,-0.77,-0.08,2.1,4.689974444666774,0.02556754055449506,10.504,10.460666666666665,10.47088968067856,4.622901040103814,4.641922662333713,4.6495598647372525,10.531,10.504363636363635,10.564152685302512,4.660343656630725,4.641201359160771,4.66339419828766,10.795,10.637047619047618,10.72157732741845,4.744603648906138,4.671488826017872,4.726011137205702,10.927333333333333,10.77120430107527,10.825528800865378,4.826413516292095,4.743058140185905,4.779116432277592,10.981,10.943535519125682,11.032735381867932,4.918276452453095,4.842264817273603,4.893263524640414,7.7046028132535325
2023-03-28,sz001258,10.34,10.25,10.42,10.24,47120,48589361.72,1.74,-1.06,-0.11,2.02,4.673205281779045,-0.016769162887729117,10.431999999999999,10.376,10.39725978711904,4.6422254569491885,4.658690742892124,4.65744167041785,10.506,10.45327272727273,10.507034015247509,4.645447376871828,4.643539836460466,4.66517803164973,10.7415,10.585142857142857,10.676665200997645,4.713937833666014,4.664688981529578,4.720982008117449,10.886,10.727505376344086,10.788397910486967,4.8109532886085296,4.733173737959258,4.7722834548260735,10.974666666666668,10.91956830601093,11.00707192672472,4.914090765597701,4.834229696923632,4.8860485002843035,7.686541194117491
2023-03-29,sz001258,10.3,10.34,10.43,10.28,42337,43804099.81,1.46,0.88,0.09,1.81,4.6267200806648345,-0.046485201114210284,10.382,10.345333333333334,10.378173191412694,4.646396460103558,4.653522284130673,4.6472011405001785,10.468,10.42309090909091,10.476664194293416,4.635427112963209,4.64013487351374,4.6581856769252035,10.694500000000001,10.546904761904763,10.64460184852168,4.692715825540779,4.656382528862798,4.712004681693391,10.854000000000001,10.692279569892472,10.759469013036197,4.799049802185853,4.721287724543535,4.762892269396316,10.970499999999998,10.89875956284153,10.985200716012434,4.910916182995311,4.8248077072537034,4.877545929149239,7.6415147598541875
2023-03-30,sz001258,10.3,10.16,10.32,10.1,48493,49356807.1,2.13,-1.74,-0.18,2.08,4.685679052400608,0.05895897173577325,10.309999999999999,10.271333333333333,10.30544879427513,4.667997152724707,4.666616481563023,4.660027111133655,10.433,10.367090909090908,10.419088886240068,4.637052171978947,4.6492715897750845,4.6631844724661855,10.644,10.495999999999999,10.598449291519614,4.678321220057911,4.655712359992305,4.709497478903602,10.828333333333331,10.647505376344085,10.720793592840314,4.784383982331857,4.713973482621906,4.7579107715256255,10.954666666666666,10.872185792349725,10.958144954831699,4.897493160783677,4.81742288329978,4.8712552118787915,7.693347057352132
2023-03-31,sz001258,10.22,10.22,10.25,10.16,28162,28748972.48,0.89,0.59,0.06,1.21,4.449663494153331,-0.23601555824727694,10.266000000000002,10.241333333333333,10.276965862850087,4.625048470732919,4.593838595372563,4.589905905473547,10.401,10.328363636363635,10.382890906923691,4.624853460245485,4.615200921079518,4.624362476409303,10.596,10.455619047619047,10.562406501851079,4.65979169384453,4.633935433715679,4.6847513851178615,10.801666666666668,10.608258064516132,10.688484328786101,4.770869398332256,4.692378612416839,4.738023850404833,10.948666666666666,10.84809836065574,10.93394348090279,4.8841004438666875,4.802739943410258,4.857432532609104,7.458622327139019
2023-04-03,sz001258,10.22,10.32,10.32,10.17,42150,43318785.71,1.47,0.98,0.1,1.81,4.624797578960761,0.1751340848074303,10.258,10.259333333333332,10.291310575233393,4.612013097591716,4.593754964781843,4.601536463302619,10.380999999999998,10.313636363636364,10.371456196573929,4.617457068847765,4.615190760845932,4.624441585964113,10.5515,10.429333333333332,10.539320168341453,4.650881946431211,4.630602660869605,4.679041498817186,10.776333333333334,10.577182795698926,10.664711146283773,4.764525562357956,4.682954624070292,4.730718929666506,10.946333333333333,10.827486338797813,10.913814186446961,4.879160622189203,4.7942382101346555,4.84980515707965,7.636676274203567
2023-04-04,sz001258,10.3,10.16,10.3,10.13,52746,53727090.0,1.65,-1.55,-0.16,2.26,4.722189530438062,0.09739195147730051,10.24,10.226666666666667,10.247540383488928,4.621809947323518,4.630480442397293,4.641754152347767,10.336,10.273454545454545,10.33300961537867,4.632017702136354,4.634233026589622,4.64221393950483,10.5095,10.392047619047618,10.503194438023218,4.640204978407895,4.637393859346448,4.6831508351620315,10.743333333333334,10.537419354838711,10.632149136846111,4.760716012409391,4.680223267172234,4.730168645845317,10.935833333333333,10.801704918032785,10.889098967219192,4.87372554494735,4.789091616962486,4.845621038173368,7.7301933186783724
2023-04-06,sz001258,10.15,10.06,10.15,10.01,47306,47518430.0,1.38,-0.98,-0.1,2.03,4.674916227453134,-0.04727330298492749,10.184000000000001,10.166666666666666,10.185026922325953,4.631449176681179,4.648182535773831,4.65280817738289,10.283000000000001,10.223272727272727,10.283371503491638,4.638922818392369,4.6420327584654,4.648159810040886,10.464,10.349238095238094,10.460985443925768,4.642975775232019,4.640699692588852,4.682366586808803,10.708,10.493333333333332,10.595236289307653,4.763105158849145,4.674687797175057,4.726603973690983,10.925333333333333,10.772989071038252,10.86191539452348,4.870142653684092,4.782573278683988,4.84002415913336,7.676862083202084
2023-04-07,sz001258,10.06,10.11,10.17,10.03,30618,30973298.0,1.39,0.5,0.05,1.31,4.4859768187158755,-0.18893940873725867,10.174000000000001,10.142,10.160017948217302,4.591508729944232,4.599691749785396,4.597197724493886,10.241999999999999,10.191818181818181,10.251849411947703,4.629752941334471,4.614224394887857,4.618671993436338,10.424000000000001,10.31552380952381,10.42755825878998,4.638091444375531,4.625747411015886,4.663662799371382,10.669666666666666,10.454752688172043,10.563930722255547,4.74509764585861,4.656808549424523,4.711079641111944,10.912333333333333,10.74625683060109,10.837262430768611,4.861010433099519,4.769977677537489,4.828416049611475,7.490987450979765
2023-04-10,sz001258,10.17,10.29,10.31,10.1,67040,68779808.6,2.08,1.78,0.18,2.87,4.82633400562222,0.34035718690634464,10.187999999999999,10.180666666666665,10.203345298811534,4.666842832238011,4.677966841678059,4.673576484869997,10.227,10.200545454545454,10.258785882502666,4.645945651485464,4.649966406576538,4.65642872292468,10.399,10.302761904761905,10.414457472238555,4.646110811784688,4.643675273991761,4.6791552952047955,10.644333333333332,10.430258064516128,10.54625777243261,4.738735852031539,4.662049604893143,4.7185154065642205,10.898333333333333,10.725852459016394,10.819319400251606,4.850837851688951,4.768840745489054,4.828347785874121,7.837460962935842
2023-04-11,sz001258,10.3,10.18,10.33,10.07,52898,53684415.07,2.53,-1.07,-0.11,2.27,4.72343925227368,-0.10289475334854004,10.16,10.177999999999999,10.195563532541023,4.6865711669005945,4.696832315023283,4.690197407337892,10.209,10.191999999999998,10.24446117659309,4.649292132246155,4.664056152174396,4.668612455533589,10.370000000000001,10.28190476190476,10.392128189168215,4.65481789443844,4.651039887371665,4.683372814925641,10.599666666666668,10.400301075268816,10.522628238727279,4.71283314335281,4.66106272748941,4.718833074029347,10.877833333333333,10.702300546448088,10.798358108440077,4.839957517034772,4.764663742229536,4.824908161821647,7.729848225523264
2023-04-12,sz001258,10.2,10.12,10.2,10.08,39226,39703326.75,1.18,-0.59,-0.06,1.68,4.593574023997561,-0.12986522827611946,10.152,10.164666666666667,10.170375688360682,4.660848065612494,4.665833267388938,4.6579896128911145,10.196,10.175818181818183,10.221831871757981,4.641329006468006,4.653925587038287,4.65496910434522,10.351,10.258095238095237,10.366211218771241,4.643388191669917,4.645207137805866,4.674820549122967,10.559666666666667,10.369354838709677,10.496652223325519,4.689734891266678,4.653368590756813,4.7107518449950385,10.860333333333333,10.677453551912569,10.776116858983025,4.830634864262939,4.7565855949168405,4.817323435991349,7.598826897912646
2023-04-13,sz001258,10.24,10.19,10.45,10.18,62987,64617588.5,2.67,0.69,0.07,2.7,4.799250923884519,0.20567689988695825,10.178,10.177333333333333,10.17691712557379,4.685715004898771,4.711967553479612,4.705076716555583,10.181000000000001,10.174727272727273,10.216044258711076,4.6585820907899755,4.6826386629322,4.681202162443274,10.3245,10.242761904761904,10.349429197935885,4.647004601876592,4.66005120754059,4.686671061005019,10.523333333333333,10.345505376344084,10.476868208917422,4.681337913957178,4.660434141248287,4.716461462987908,10.845166666666668,10.655475409836065,10.75689991278686,4.826953491309404,4.755556613265089,4.816730894610797,7.81035074630488
2023-04-14,sz001258,10.14,10.17,10.2,10.08,37790,38367106.37,1.18,-0.2,-0.02,1.62,4.577376891917014,-0.22187403196750477,10.19,10.174666666666667,10.174611417049192,4.703995019538999,4.67585484915236,4.662510108342727,10.181999999999999,10.172727272727272,10.207672575309061,4.6477518747416156,4.667874081318933,4.662324840529408,10.307500000000001,10.228047619047619,10.332340702894372,4.642402023360281,4.653419997068251,4.676262092520448,10.490000000000002,10.322709677419356,10.457070259955008,4.668131438285812,4.653726978536017,4.707488264854302,10.831999999999999,10.633338797814206,10.737657292695488,4.821519693901213,4.747373773940748,4.808883222391328,7.583959046137855
2023-04-17,sz001258,10.17,10.2,10.27,10.15,34242,34956305.0,1.18,0.29,0.03,1.47,4.534559122932602,-0.042817768984412474,10.172,10.177999999999999,10.183074278032795,4.645640043001075,4.619376216950228,4.6198597798726855,10.18,10.175999999999998,10.206277561616503,4.656241437619544,4.647293580990023,4.639094710057261,10.290499999999998,10.217809523809523,10.319736826428242,4.640547448932514,4.643149244646566,4.662766571607319,10.457333333333334,10.303999999999998,10.440485081893396,4.658608275102867,4.645109409803554,4.696331546020644,10.821833333333334,10.612617486338795,10.720029184738257,4.813546495050573,4.737965230630302,4.79988898962219,7.543525519988689
2023-04-18,sz001258,10.2,10.14,10.2,10.1,36374,36874840.55,0.98,-0.59,-0.06,1.56,4.560791062462646,0.0262319395300441,10.164,10.167333333333334,10.168716185355198,4.613110405038869,4.5910932234374195,4.600170207402673,10.162,10.168727272727272,10.194227095868047,4.649840785969731,4.629938967325131,4.624857683221876,10.2715,10.20347619047619,10.302619033435077,4.633648927408748,4.6355533983161035,4.653054618355446,10.421666666666665,10.28352688172043,10.421098947577693,4.650534892944051,4.638798621891281,4.6875869986943215,10.808,10.590262295081969,10.70101183441897,4.808491716807158,4.729678167266764,4.792049713321877,7.566730151063376
2023-04-19,sz001258,10.09,10.17,10.18,10.05,38651,39013773.6,1.28,0.3,0.03,1.66,4.587160734706186,0.02636967224353981,10.174000000000001,10.169333333333332,10.169144123570131,4.611827747180593,4.582443333326524,4.5958337165038445,10.163,10.170181818181819,10.189822169346584,4.636337906396544,4.618542594368123,4.6180036925826595,10.2495,10.193809523809524,10.289988649298403,4.634177804266448,4.6311259513920495,4.646779010388849,10.394,10.267290322580648,10.404899015475907,4.638915954404111,4.634709966521095,4.681107884888635,10.796333333333333,10.56934426229508,10.68360161033966,4.798424079162073,4.722421413755257,4.785332041891854,7.591217959396524
2023-04-20,sz001258,10.13,9.86,10.13,9.75,91014,90197695.85,3.74,-3.05,-0.31,3.9,4.959108201717719,0.37194746701153303,10.108,10.064666666666666,10.066096082380088,4.643799202747234,4.698203484838899,4.716925211575136,10.142999999999999,10.11509090909091,10.129854502192659,4.664757103823002,4.677228102608336,4.680022694243579,10.213,10.156714285714285,10.24903734936522,4.651839961107685,4.662071703530265,4.676524647658265,10.357,10.23283870967742,10.369744240283914,4.65023621809568,4.655367530863909,4.699043389200189,10.780833333333334,10.538644808743168,10.656598278853112,4.799851063012324,4.727689745642327,4.791029620902538,7.955195443391035
2023-04-21,sz001258,9.85,9.66,9.91,9.66,55314,53985104.0,2.54,-2.03,-0.2,2.37,4.742835065359684,-0.21627313635803436,10.006,9.915333333333333,9.930730721586727,4.676890837435768,4.7312154390430505,4.725561829503318,10.097999999999999,10.027272727272727,10.0444264108849,4.690442928487383,4.691424095615005,4.691443125355598,10.17,10.104047619047618,10.192938554187581,4.660097934910927,4.670737903935218,4.682839925534591,10.315333333333333,10.187870967741935,10.323954289297856,4.655541939079483,4.661341650042232,4.701868658629834,10.762,10.501896174863388,10.623922925448092,4.799662489211184,4.72582036867011,4.789449471540477,7.732273942359192
2023-04-24,sz001258,9.66,9.73,9.74,9.39,53487,51258102.83,3.62,0.72,0.07,2.29,4.7282482396975345,-0.01458682566214975,9.912,9.823333333333334,9.863820481057818,4.715628660788754,4.748334573130306,4.726457299568057,10.042,9.960363636363635,9.987257972542192,4.6806343518949145,4.698297788562306,4.69813496432686,10.1345,10.062142857142856,10.148849168074477,4.663290001690189,4.67722840915299,4.687164526883443,10.280000000000001,10.15010752688172,10.285634657730252,4.657618658488096,4.666032379114365,4.703570567085816,10.740166666666665,10.468060109289615,10.594613977072745,4.795442357097442,4.723478917866382,4.7874428737751344,7.709762527995128
2023-04-25,sz001258,9.73,9.41,9.73,9.24,56847,53621045.35,5.04,-3.29,-0.32,2.44,4.754707550504426,0.026459310806891345,9.766,9.656,9.71254698737188,4.754411958397109,4.761360869702196,4.735874049880181,9.965,9.845454545454546,9.88230197753452,4.683761181717989,4.711765642854945,4.708420889086417,10.087,9.993142857142857,10.078482580638813,4.6665266569820725,4.685934842373394,4.693597195799727,10.234999999999998,10.093978494623656,10.229142099167012,4.664465656864956,4.672296178599289,4.706869727306371,10.710166666666668,10.424448087431692,10.55577417454577,4.789416776973126,4.722143350437104,4.78636958448757,7.72933527636285
2023-04-26,sz001258,9.38,9.58,9.63,9.32,49026,46790757.65,3.29,1.81,0.17,2.1,4.690426460882456,-0.06428108962196966,9.648,9.594,9.66836465824792,4.775065103632364,4.740032370530645,4.7207248535476065,9.911,9.775454545454545,9.827337981619154,4.693446425406479,4.712977511793939,4.705149174867515,10.0535,9.944857142857144,10.031008049149401,4.6673877159372426,4.68821101417343,4.693295221045702,10.204333333333333,10.051720430107528,10.187261963736882,4.660074269582105,4.6739710691810625,4.7058088714080535,10.681833333333334,10.38739344262295,10.523781578659023,4.785019521138044,4.718897766302983,4.783223908303796,7.670160077475792
2023-04-27,sz001258,9.56,9.49,9.57,9.45,33222,31595423.78,1.25,-0.94,-0.09,1.42,4.521425773895577,-0.16900068698687942,9.574,9.541333333333334,9.60890977216528,4.687528618067935,4.65548592728505,4.65429182699693,9.841,9.69890909090909,9.766003803142944,4.665663910407584,4.681701029701047,4.671744920145344,10.011,9.891190476190477,9.979483473039934,4.66212300059878,4.674309876836129,4.676926702269499,10.163333333333332,10.00563440860215,10.142277320915149,4.653224371386923,4.665026004943223,4.6939131876975715,10.65,10.348316939890712,10.489887100670202,4.775164356163912,4.710255348360607,4.774640362913363,7.499624184801487
2023-04-28,sz001258,9.47,9.53,9.55,9.45,28835,27426998.03,1.05,0.42,0.04,1.24,4.4599199557469165,-0.061505818148660296,9.548,9.526666666666667,9.582606514776854,4.630945596145382,4.579616373178043,4.589501203246925,9.777,9.642363636363635,9.723094020753317,4.653918216790575,4.6442930379445615,4.633231290254721,9.9795,9.845380952380953,9.936675523226606,4.650835045766096,4.655052443993093,4.656259393076873,10.130666666666666,9.964774193548386,10.102775558275463,4.6462407545037125,4.652554752321288,4.678816850152368,10.619,10.311595628415299,10.458415392451506,4.766863903426715,4.699919466379723,4.7643216610390535,7.438178275327738
2023-05-04,sz001258,9.54,9.6,9.68,9.51,31533,30268994.0,1.78,0.73,0.07,1.35,4.498765290807105,0.038845335060188724,9.522,9.544,9.58840434318457,4.585049006367297,4.535556271398618,4.559255899100319,9.717,9.610181818181816,9.70071328970726,4.650338833578024,4.616083415038477,4.60878292671879,9.9485,9.809238095238095,9.904611187681216,4.653290135598784,4.640569610187476,4.641259954765466,10.099333333333332,9.930537634408601,10.070338425483497,4.643811243814351,4.6430402062763445,4.66720062051719,10.590833333333332,10.278185792349728,10.430270625485882,4.760012311870513,4.6911293479331775,4.7556148948019406,7.480997987276065
2023-05-05,sz001258,9.6,9.37,9.6,9.3,38788,36441054.0,3.13,-2.4,-0.23,1.66,4.588697386938116,0.08993209613101083,9.514,9.493333333333332,9.515602895456379,4.551846973654034,4.536772398255557,4.569069728379585,9.639999999999999,9.547090909090908,9.640583600669576,4.653129466025573,4.604875879285767,4.605131010395031,9.901,9.754142857142856,9.85369583647348,4.6514851259976515,4.634417919838841,4.636253995924766,10.061,9.883483870967742,10.025155301258756,4.640142440281022,4.639484473574651,4.662135895770153,10.559666666666665,10.238158469945356,10.395507654158475,4.757784835944889,4.685512465148508,4.750142189626078,7.561590929765397
2023-05-08,sz001258,9.41,9.51,9.55,9.39,38817,36827384.71,1.71,1.49,0.14,1.66,4.589021967585277,0.0003245806471605661,9.5,9.491999999999999,9.513735263637585,4.531566074994598,4.549164062899305,4.575720474781482,9.574,9.523454545454545,9.616841127820562,4.653315589313481,4.59321997047844,4.60220209352053,9.868500000000001,9.716904761904761,9.820962899666483,4.644826747855012,4.628469047609092,4.6317557075114815,10.024333333333335,9.847935483870968,9.991919475371095,4.640557065948793,4.636186378562023,4.657418868145323,10.530833333333332,10.203743169398907,10.366474616317213,4.754158188229935,4.679979256349832,4.744859559395231,7.566170878606633
2023-05-09,sz001258,9.51,9.39,9.55,9.38,41432,39154448.09,1.79,-1.26,-0.12,1.78,4.617335898009838,0.028313930424561207,9.48,9.455333333333332,9.472490175758391,4.55074809981745,4.577754003904385,4.589592282524268,9.527,9.489999999999998,9.575597286398642,4.619138358942693,4.5866782084232325,4.604953694336768,9.834999999999999,9.671333333333335,9.779918813983961,4.641947731382848,4.62585087143336,4.630382392320849,9.984333333333334,9.807010752688173,9.953085960831025,4.640939427052688,4.634688238694994,4.654832870072065,10.501333333333331,10.166338797814209,10.334459055126484,4.7523169605573425,4.675493279621307,4.740678455743251,7.592781106654732
2023-05-10,sz001258,9.39,9.46,9.53,9.33,29956,28282201.98,2.13,0.75,0.07,1.28,4.4764838219144645,-0.1408520760953733,9.466,9.448666666666668,9.46832678383893,4.55406087305096,4.552999244603389,4.551889462321,9.507,9.477818181818181,9.554579597962524,4.592503234598171,4.560741019872646,4.581595535714531,9.802499999999998,9.635619047619048,9.749450355509298,4.641473081542777,4.610092403864942,4.6157253856154785,9.949,9.773182795698926,9.921273963358058,4.637566368140008,4.624078199653818,4.643326479868349,10.470833333333333,10.132196721311475,10.305788266433812,4.744139503164389,4.666449570157605,4.7320163366013235,7.451513219500196
2023-05-11,sz001258,9.46,9.52,9.64,9.44,50080,47880555.67,2.11,0.63,0.06,2.15,4.699664320202373,0.22318049828790887,9.45,9.466666666666667,9.485551189225953,4.594240678930014,4.601533726987194,4.601147748281458,9.486,9.48018181818182,9.548292398332974,4.589644842648655,4.580224853618864,4.6030625874395925,9.764,9.608714285714285,9.727597940698889,4.635139597271785,4.615634426594428,4.62371956986185,9.918333333333331,9.745505376344086,9.895385320560763,4.638741615343011,4.628084519141713,4.646961179244738,10.440833333333332,10.101021857923497,10.280024716714669,4.739114896915596,4.664991367437539,4.730955614752177,7.680159181897582
2023-05-12,sz001258,9.49,9.6,9.7,9.46,59830,57440798.0,2.52,0.84,0.08,2.56,4.776919002842046,0.07725468263967272,9.495999999999999,9.516666666666667,9.523700792817303,4.6318850021108,4.662426501624538,4.659738166468321,9.504999999999999,9.50090909090909,9.557693780454251,4.591865987882417,4.614274700926754,4.634672844785493,9.735,9.593095238095238,9.715445755870423,4.6378135848002024,4.629137227124929,4.63830999205044,9.893,9.724967741935485,9.87632820310523,4.641639767282187,4.636999189302941,4.655345554960693,10.410166666666667,10.073453551912568,10.257728824363367,4.734026641787142,4.6662308463203725,4.732462611082992,7.759220464740324
2023-05-15,sz001258,9.62,10.09,10.1,9.6,178323,177768355.68,5.21,5.1,0.49,7.64,5.251207361845477,0.474288359003431,9.612,9.714666666666668,9.712467195211536,4.76432208096284,4.868867288202764,4.856894564927373,9.556000000000001,9.607272727272727,9.654476729462568,4.647944077978719,4.734154950738219,4.74677002970549,9.7335,9.626904761904761,9.75111758864467,4.670695251692599,4.687555682081622,4.6966811701261575,9.887666666666666,9.737677419354839,9.890113480324247,4.660906503284401,4.676326130887669,4.693788252179067,10.386833333333334,10.062956284153007,10.252229518646535,4.735929895946465,4.683187591240318,4.749470635698155,8.249854455303094
2023-05-16,sz001258,9.94,10.0,10.07,9.88,86656,86303210.4,1.88,-0.89,-0.09,3.71,4.937798638333013,-0.31340872351246407,9.734,9.844,9.808311463474357,4.828414629027475,4.926692807326154,4.883862589395919,9.607,9.687999999999999,9.717299142287555,4.689581364422462,4.786855779893545,4.781502504001403,9.724,9.652285714285714,9.774820675440417,4.677622637415023,4.712994099856899,4.719644738526811,9.876333333333331,9.744924731182797,9.897202933206554,4.671275788540007,4.694190139600482,4.709530857737386,10.365166666666665,10.050273224043716,10.243959698363042,4.735162795362931,4.68980623853168,4.755645324309134,7.936026951370734
2023-05-17,sz001258,10.0,10.06,10.13,9.9,81755,81852029.46,2.3,0.6,0.06,3.5,4.912514322873686,-0.02528431545932719,9.854,9.952666666666666,9.89220764231624,4.915620729219318,4.954726038608226,4.8934131672218415,9.66,9.770363636363637,9.779608389144363,4.73484080113514,4.827389045066495,4.8053228347054535,9.7185,9.684285714285714,9.801980611112757,4.694379508962857,4.735364736567248,4.73801327036937,9.873,9.756774193548388,9.907705969773874,4.678836964222443,4.709753916009107,4.722626565165535,10.350666666666665,10.040267759562841,10.237928232842942,4.73161047327715,4.695621042712361,4.760788570163709,7.913029451889103
2023-05-18,sz001258,10.03,9.85,10.03,9.81,72569,71803447.0,2.19,-2.09,-0.21,3.11,4.860751138549722,-0.05176318432396343,9.92,9.951333333333334,9.878138428210828,4.947838092888789,4.936436175051693,4.882525824331136,9.684999999999999,9.80490909090909,9.792406863845388,4.771039385909401,4.850281833687328,4.815400708131684,9.701,9.696809523809524,9.806553886244876,4.710689109743713,4.7512096536707595,4.749702591148451,9.860666666666667,9.755290322580645,9.903983003982011,4.692539885702323,4.721490314352803,4.731537827964514,10.331166666666666,10.023852459016394,10.225209274389075,4.73170464201729,4.699855162885232,4.764066031422266,7.856145293506168
2023-05-19,sz001258,9.8,9.8,9.88,9.75,43679,42872125.39,1.32,-0.51,-0.05,1.87,4.6402726869436295,-0.22047845160609292,9.96,9.911333333333333,9.852092285473887,4.920508829709105,4.833914373069973,4.801774778535301,9.728,9.825818181818182,9.793787434055316,4.776196915909952,4.826506070239006,4.783559249733856,9.684000000000001,9.706238095238096,9.805929706602507,4.714663190967762,4.744503327689799,4.739280695509897,9.843333333333334,9.751376344086022,9.897274423079947,4.693055722635085,4.718118237013532,4.725649754350264,10.309833333333332,10.006437158469947,10.211267986704186,4.72879064249652,4.6968573938664235,4.760007233242638,7.63217501423768
2023-05-22,sz001258,9.84,10.24,10.29,9.82,166115,168866899.68,4.8,4.49,0.44,7.12,5.2204088505314505,0.580136163587821,9.99,10.004666666666667,9.981394856982591,4.9143491274463,4.9338810466774214,4.9413194692006845,9.801,9.918909090909091,9.874916991499804,4.839335604204569,4.907271876533824,4.862986449878873,9.6875,9.759190476190478,9.847269734545126,4.746325596759026,4.7926695809815785,4.785102424559569,9.846,9.776967741935485,9.919385750623176,4.709663033304865,4.752141019458458,4.757569696039373,10.294666666666666,10.004147540983608,10.212210019927,4.7351895228571275,4.71297602363806,4.775102368235714,8.227544530002543
2023-05-23,sz001258,10.13,9.97,10.15,9.93,97490,97733931.12,2.15,-2.64,-0.27,4.18,4.988960070390338,-0.23144878014111292,9.984,9.998,9.977596571321728,4.924581413857765,4.958751360992101,4.957199669597236,9.859,9.949636363636364,9.892204811227112,4.87649802144262,4.934476324931236,4.885890744517321,9.693,9.786095238095237,9.858958331255113,4.747818190192657,4.815777626089323,4.804517438448213,9.842999999999998,9.784967741935484,9.922651186066842,4.720131161402772,4.7701601831413925,4.772498107287823,10.2755,9.993502732240437,10.204268707798246,4.741618160125958,4.721296369458821,4.78211409617521,7.990045367606761
2023-05-24,sz001258,9.9,10.0,10.17,9.9,65867,66341010.38,2.71,0.3,0.03,2.82,4.818667883372954,-0.1702921870173837,9.972,10.003333333333334,9.985064380881152,4.905812125957619,4.923446850830497,4.911022407522475,9.913,9.97527272727273,9.911803936458545,4.910716427588469,4.923961754373115,4.873668406127436,9.709999999999999,9.815333333333333,9.872390871135579,4.751609831093321,4.822525215916018,4.805865099869617,9.839333333333334,9.79509677419355,9.927641432127047,4.731220863558008,4.776517391010437,4.775476802519122,10.2545,9.98446994535519,10.197571373116334,4.738159254708309,4.723822589893149,4.783312581001366,7.821782081580767
2023-05-25,sz001258,9.93,10.36,10.45,9.93,226948,233203377.25,5.2,3.6,0.36,9.73,5.355926359835903,0.5372584764629487,10.074000000000002,10.132666666666667,10.110042920587436,5.0048471702148545,5.073484928789925,5.059323724960285,9.997,10.056545454545455,9.993294129829717,4.976342631551822,5.004909014781738,4.9613516704380665,9.7415,9.877238095238095,9.918829835789333,4.782993737100239,4.8800791710343585,4.858251886533073,9.841666666666667,9.828688172043012,9.955535533280141,4.748873942031796,4.816820971415463,4.812925161055689,10.243,9.987928961748631,10.202896901866618,4.743804897031668,4.744077249077661,4.802086803258235,8.367734835582768
2023-05-26,sz001258,10.25,10.18,10.27,10.03,128004,129547618.91,2.32,-1.74,-0.18,5.49,5.107223541138374,-0.2487028186975282,10.15,10.168000000000001,10.13336194705829,5.098237341053804,5.107610385764432,5.075290330352981,10.055,10.089818181818183,10.02724065167886,5.009373085381455,5.028705543797476,4.987873828747213,9.780000000000001,9.918999999999999,9.943703184761777,4.8006195366319355,4.910958199990372,4.881963472685959,9.841666666666667,9.850516129032258,9.970017111778196,4.761666751660621,4.839940300390081,4.831912153319088,10.220666666666665,9.985863387978142,10.20214618377263,4.737249947506715,4.755992614458209,4.81209128646742,8.112429435046652
2023-05-29,sz001258,10.16,10.33,10.4,10.05,123739,126766294.48,3.44,1.47,0.15,5.3,5.092506601935827,-0.014716939202547685,10.168000000000001,10.228,10.198907964705528,5.072656891334679,5.1057001393917725,5.081029087547264,10.078999999999999,10.13981818181818,10.082287805919067,4.99350300939049,5.043820728625544,5.00689796932696,9.817499999999999,9.971380952380953,9.980493357641608,4.820723543684605,4.938756968114553,4.902015199281184,9.848666666666666,9.882021505376343,9.993241814244119,4.778297837591896,4.861284806859447,4.848724698391137,10.204166666666667,9.989448087431693,10.206338112173528,4.734016364429286,4.767640373619818,4.821285231236876,8.103003795602364
2023-05-30,sz001258,10.36,10.29,10.69,10.22,171448,178744659.43,4.55,-0.39,-0.04,7.35,5.234132423285725,0.14162582134989865,10.232,10.268666666666666,10.229271976470352,5.121691361913756,5.1595253167087884,5.132063532793418,10.108,10.178181818181818,10.120053659388327,5.023136387885761,5.08757153115195,5.04821332459219,9.857499999999998,10.016380952380953,10.00997018072336,4.856358876154112,4.978129242362277,4.93364541109114,9.852,9.910494623655913,10.012387503647725,4.792793887571936,4.890693489807437,4.873589712900466,10.187666666666667,9.992262295081968,10.209081124889149,4.737065900764557,4.784037621451177,4.8348212047466745,8.252233074726375
2023-05-31,sz001258,10.23,9.93,10.23,9.93,130718,130873393.87,2.92,-3.5,-0.36,5.6,5.116335394485093,-0.11779702880063248,10.218,10.168000000000001,10.129514650980235,5.181224864136185,5.157739994232566,5.126820820023976,10.094999999999999,10.14581818181818,10.085498448590448,5.043518495046902,5.104516805079101,5.060599155481809,9.8775,10.023285714285713,10.00235397303542,4.88917964809102,5.002888910774752,4.95104445712866,9.844,9.915526881720428,10.007072180831743,4.810759170990872,4.911567135414739,4.889250724615604,10.167,9.983814207650274,10.199930924073112,4.739445304638342,4.796472686819063,4.84405117818072,8.116851364886124
2023-06-01,sz001258,9.88,9.85,9.94,9.75,74013,72735523.84,1.91,-0.81,-0.08,3.17,4.869308008006726,-0.24702738647836675,10.116,10.045333333333334,10.036343100653491,5.083901193770349,5.053767708856081,5.040983216018226,10.095,10.101272727272725,10.042680548846729,5.044374181992602,5.072842171071796,5.025818946849975,9.889999999999999,10.020666666666667,9.987844070841572,4.907706783951001,5.000996373623867,4.943260033402761,9.832333333333333,9.915913978494624,9.996938491745825,4.821917467160009,4.915344479738342,4.887964097737612,10.144833333333334,9.973420765027322,10.188457779021535,4.7402628711314385,4.800730480372126,4.844879270961901,7.861746570963907
2023-06-02,sz001258,9.85,9.92,9.94,9.82,42961,42499498.29,1.22,0.71,0.07,1.84,4.633074381849491,-0.23623362615723487,10.063999999999998,9.979999999999999,9.99756206710233,4.989071361912573,4.903492104882461,4.905013604628648,10.107000000000001,10.069454545454546,10.02037499451096,5.043654351483188,4.998060389227595,4.954410844122615,9.9175,10.02352380952381,9.981382730761421,4.90992563369657,4.9748409067570565,4.913718542778641,9.825,9.921569892473117,9.991974718084805,4.82432691113957,4.903161054879598,4.871519599938378,10.123333333333333,9.96604918032787,10.179655884627387,4.73743090204181,4.797216103674357,4.837934848368051,7.628383803199238
2023-06-05,sz001258,9.87,9.78,9.91,9.76,53883,52916963.0,1.51,-1.41,-0.14,2.31,4.73145176758501,0.09837738573551835,9.953999999999999,9.885333333333334,9.925041378068219,4.916860395042409,4.817618906773274,4.847159658947435,10.061,10.01,9.976670450054419,4.994758643188544,4.941296283064289,4.913872830206686,9.931000000000001,10.010428571428571,9.962203423069857,4.917047123696557,4.957843395698813,4.896359802284009,9.812,9.918666666666667,9.97829892982127,4.829136612235532,4.8971691101341435,4.862482965593,10.103,9.954792349726775,10.16655241300026,4.734026283319821,4.7970200664790505,4.834443599817787,7.72359491128664
2023-06-06,sz001258,9.74,9.48,9.76,9.46,76465,73011095.16,3.07,-3.07,-0.3,3.28,4.883462692864442,0.15201092527943239,9.792,9.727333333333332,9.77669425204548,4.846726448958153,4.806486339380617,4.859260670253104,10.011999999999999,9.904363636363637,9.886366731862706,4.984208905435954,4.921060655732634,4.908343714326278,9.935500000000001,9.96747619047619,9.916279287539394,4.930353463439287,4.9546448784767065,4.895131506148813,9.799333333333333,9.897247311827956,9.946150611768285,4.826615095273755,4.900674018561813,4.863836496384706,10.078166666666666,9.93436612021858,10.144042497819923,4.738425656684718,4.8019196208903505,4.836050783196366,7.863388862868642
2023-06-07,sz001258,9.46,9.48,9.5,9.41,26183,24740908.0,0.95,0.0,0.0,1.12,4.418019405728941,-0.46544328713550076,9.702,9.623333333333333,9.677796168030321,4.707063251206923,4.663583991637548,4.7121802487450495,9.959999999999999,9.807636363636364,9.812481871524033,4.944144057671553,4.818117110331358,4.819193840035853,9.9365,9.924095238095235,9.874728879202308,4.927430242630011,4.905851158694769,4.849692258489777,9.793333333333333,9.876645161290321,9.916076378750978,4.815787906619397,4.874313006333117,4.835074103439172,10.054333333333334,9.914754098360655,10.122270612645499,4.73566492284944,4.791414497908195,4.822344836394155,7.393415634345377
2023-06-08,sz001258,9.5,9.45,9.58,9.37,34411,32540770.0,2.22,-0.32,-0.03,1.47,4.536697293608185,0.11867788787924383,9.622,9.539333333333333,9.601864112020214,4.640541108327215,4.606795339104635,4.653685930366095,9.869,9.71490909090909,9.746576076701482,4.862221151048781,4.744035880501656,4.767830831594458,9.933,9.877761904761904,9.83427850975447,4.919281891300302,4.868638496883166,4.81988321421534,9.783999999999999,9.854494623655913,9.886006934960593,4.8094028750830855,4.856307160332394,4.815823986675883,10.032,9.894939890710381,10.100228953214499,4.7335107667855905,4.784890969080612,4.812979343188058,7.512427825269389
2023-06-09,sz001258,9.4,9.48,9.5,9.38,28821,27231513.47,1.27,0.32,0.03,1.24,4.459709045421325,-0.07698824818686045,9.533999999999999,9.491999999999999,9.56124274134681,4.60586804104158,4.546517984802673,4.589026968717838,9.799000000000001,9.644181818181819,9.698107699119394,4.797469701477076,4.670851861296663,4.711808688653888,9.927,9.834619047619048,9.800537699301662,4.903421393429266,4.824869654418502,4.785580912425434,9.786333333333335,9.834881720430106,9.859812939156683,4.799569591580317,4.833746268096149,4.79284882917559,10.010666666666667,9.876841530054644,10.079893577699268,4.732017624222636,4.7759138634621126,4.801396710474394,7.435071779180719
2023-06-12,sz001258,9.5,9.53,9.59,9.48,28793,27445786.0,1.16,0.53,0.05,1.23,4.4592869172423875,-0.0004221281789371645,9.484,9.490666666666668,9.550828494231206,4.5514350709730556,4.497657610202941,4.545780284892688,9.719,9.595272727272727,9.667542662915867,4.734147733007733,4.609364082344902,4.665895639306343,9.899,9.796809523809523,9.774772204130075,4.863825371199111,4.782571132876894,4.754505293836573,9.784666666666665,9.818344086021504,9.838534685017542,4.791864940125647,4.811792547171122,4.771328705825061,9.9945,9.861081967213114,10.061864280069784,4.7259696048538755,4.766971873069316,4.790179995942197,7.438475672741055
2023-06-13,sz001258,9.5,9.51,9.58,9.47,27975,26609593.0,1.15,-0.21,-0.02,1.2,4.446770095200388,-0.012516822041999554,9.489999999999998,9.499333333333334,9.537218996154138,4.464096551440245,4.462769284945384,4.512776888328588,9.641,9.557272727272727,9.638898542385709,4.6554115001991985,4.557113602743566,4.6260546312870785,9.874500000000001,9.759761904761904,9.749555803736735,4.83927394404248,4.742851582781777,4.7251971796807455,9.785333333333334,9.80062365591398,9.817338898887378,4.789376417502475,4.789528363627558,4.75038944062347,9.974333333333334,9.845196721311474,10.043770369247824,4.7213003944446985,4.757817790785595,4.778920654934269,7.425038231965673
2023-06-14,sz001258,9.51,9.46,9.55,9.43,29701,28079593.0,1.26,-0.53,-0.05,1.27,4.472771071780873,0.026000976580484725,9.486,9.489333333333333,9.511479330769426,4.475046884650632,4.465660791725594,4.499441616146017,9.594,9.524363636363637,9.606371534679216,4.591055067928776,4.523906252122052,4.59818489319504,9.8445,9.720285714285716,9.721979060523713,4.817286781487839,4.707946547328291,4.701156597975996,9.783,9.77963440860215,9.794284776378515,4.78980478803694,4.769102212290679,4.7324785781174965,9.956833333333332,9.828333333333333,10.024630357141337,4.718022771270325,4.749669288403175,4.768882963683337,7.4483908086167725
2023-06-15,sz001258,9.46,9.54,9.55,9.41,32208,30581919.66,1.48,0.85,0.08,1.38,4.507963757544579,0.0351926857637066,9.504,9.507333333333332,9.52098622051295,4.46930017743791,4.476633082690243,4.502282329945538,9.562999999999999,9.514545454545454,9.594303982919357,4.554920642882562,4.508798741143107,4.581781050349502,9.829,9.691285714285714,9.704647721426218,4.799647412437582,4.678487211714647,4.682757279839671,9.781,9.763956989247312,9.77787930693474,4.790111403594854,4.750918920000851,4.71799375098376,9.940166666666668,9.814666666666668,10.008740837235065,4.716961323704603,4.742782107625282,4.760328235613214,7.485464743063827
2023-06-16,sz001258,9.57,9.6,9.61,9.54,34130,32499132.72,0.73,0.63,0.06,1.46,4.533136288278639,0.025172530734059784,9.528,9.539333333333333,9.547324147008634,4.483985626009373,4.49791178630382,4.512566982723238,9.531,9.521272727272727,9.595339622388565,4.544926833525477,4.50483794939694,4.572936548154799,9.818999999999999,9.66947619047619,9.694681271766578,4.794290592504333,4.653105199889986,4.668507661595763,9.788666666666668,9.752279569892474,9.76640322261637,4.788259366972873,4.73433988030303,4.706067463067301,9.924833333333332,9.803513661202185,9.995339498309324,4.714200903626947,4.736755057283447,4.752879319307162,7.511871771442137
2023-06-19,sz001258,9.59,9.6,9.68,9.58,33337,31893850.0,1.04,0.0,0.0,1.43,4.522926515046058,-0.010209773232580766,9.542,9.563333333333333,9.564882764672424,4.496713545570108,4.510892082649381,4.516020160164178,9.513,9.53381818181818,9.596186963772462,4.524074308271582,4.5008378914915905,4.563843814862301,9.787,9.648619047619048,9.685664007788809,4.759416475730062,4.627261002036818,4.654642790495791,9.791666666666664,9.740107526881719,9.75566753083467,4.7860561852215655,4.717221631791622,4.694251918033673,9.908,9.792863387978143,9.982377547545083,4.713306625585179,4.730483765854566,4.745339883101879,7.503706947365669
2023-06-20,sz001258,9.6,9.47,9.63,9.47,39789,37626993.88,1.67,-1.35,-0.13,1.71,4.599763024345199,0.07683650929914076,9.534,9.539333333333333,9.533255176448284,4.52731213139907,4.5452419089077445,4.543934448224519,9.512,9.526,9.573243879450196,4.495704341419658,4.514599476232249,4.570374580222827,9.762,9.618428571428572,9.665124578475588,4.7399566234278065,4.612055911428734,4.6494161461004975,9.794333333333332,9.719354838709677,9.737237367555014,4.785470422766077,4.705202718186696,4.688155860376352,9.889333333333333,9.778502732240439,9.965578283691146,4.713204924909382,4.726761024830303,4.740566871339365,7.575499522771682
2023-06-21,sz001258,9.44,9.42,9.54,9.41,26567,25005794.82,1.37,-0.53,-0.05,1.14,4.424342515757471,-0.17542050858772829,9.526,9.501333333333331,9.495503450965522,4.517626420194389,4.5109187036938785,4.504070470735503,9.506,9.509272727272727,9.545381355913795,4.496336652422511,4.501624598839124,4.5438232957745806,9.733,9.585857142857144,9.641779380525533,4.720240355047031,4.581997424983941,4.627980562258305,9.793000000000001,9.69520430107527,9.716770440615981,4.783732379227511,4.68190414354098,4.6711356445944885,9.871,9.76311475409836,9.947690471111107,4.71064937368376,4.717290126169585,4.730198859680942,7.398040663340959
2023-06-26,sz001258,9.38,9.68,9.68,9.36,91609,87376438.24,3.4,2.76,0.26,3.93,4.961938142426921,0.5375956266694502,9.554,9.552666666666665,9.557002300643681,4.608421297170858,4.659022611104723,4.656693027965976,9.529,9.54090909090909,9.569857473020377,4.538860737304384,4.586279415203562,4.619844176984097,9.699,9.580809523809524,9.645419439523101,4.700540944176582,4.605016261877264,4.659786046083887,9.798333333333336,9.687913978494622,9.714398154124629,4.79247483996833,4.693401289553843,4.689897096067549,9.858333333333333,9.756852459016391,9.938913734353365,4.715608227655669,4.72552910219395,4.7377968689513015,7.9413943374181715
2023-06-27,sz001258,9.66,9.55,9.66,9.41,62917,59414818.37,2.58,-1.34,-0.13,2.7,4.798768006473385,-0.16317013595353558,9.544,9.551333333333332,9.554668200429122,4.661547640809807,4.722471514205565,4.704051354135113,9.536,9.544727272727274,9.566247023380308,4.57276663340959,4.633535282325199,4.652375782345786,9.6675,9.566619047619048,9.636331873854235,4.685118167443333,4.614371220191245,4.6730224232638395,9.796666666666665,9.67189247311828,9.703791821600461,4.793203140089374,4.693807300296107,4.696921025771151,9.844833333333332,9.746743169398908,9.926162464374567,4.717421453685781,4.728255652319121,4.73979592264055,7.7738947738318105
2023-06-28,sz001258,9.53,9.72,9.8,9.44,99957,96521960.49,3.77,1.78,0.17,4.28,4.999813213210743,0.2010452067373576,9.568000000000001,9.610000000000001,9.609778800286083,4.756924980442744,4.835226705005877,4.802638640493656,9.555000000000001,9.578181818181818,9.594202110038433,4.626819263006426,4.711180115016317,4.715546224321232,9.637,9.571619047619047,9.644300266820498,4.680483498007079,4.644342176930999,4.704145355639735,9.784333333333334,9.66694623655914,9.704837510529464,4.784823335134884,4.707136982432967,4.716462457218867,9.836,9.742650273224044,9.919403039313105,4.722864919209642,4.737514398533054,4.748321079708425,7.984626134427609
2023-06-29,sz001258,9.56,9.55,9.69,9.47,62899,59759746.0,2.26,-1.75,-0.17,2.7,4.798643740867619,-0.20116947234312388,9.584,9.604000000000001,9.589852533524056,4.796701123747228,4.849132958480836,4.8013070072849775,9.559000000000001,9.577272727272728,9.586165362758717,4.662006627573149,4.742420929172898,4.730654863693302,9.6,9.563333333333333,9.63531928902807,4.658709063886174,4.655595533393907,4.713145201851915,9.769333333333334,9.651827956989248,9.694847993721112,4.780184838552703,4.708028621512499,4.721764475518786,9.822833333333334,9.733273224043716,9.907291464253658,4.725730313546355,4.739998950062826,4.74997100302512,7.776408742906526
2023-06-30,sz001258,9.52,9.55,9.59,9.51,35766,33932145.63,0.84,0.0,0.0,1.53,4.553470372213122,-0.24517336865449746,9.61,9.592666666666668,9.576568355682705,4.822526695038357,4.7680560413028,4.7186947955943594,9.568,9.575636363636365,9.579589842257132,4.670076557616373,4.722687064561985,4.698439501605996,9.581,9.558571428571428,9.62719364245397,4.630565812772575,4.645572800853616,4.697938075219649,9.752333333333334,9.637677419354837,9.685502961868139,4.768216706864018,4.693401881748655,4.71090679143455,9.812666666666667,9.724327868852459,9.895576990015833,4.72352683554323,4.734351083133866,4.74352835939194,7.530611322238906
2023-07-03,sz001258,9.51,9.64,9.69,9.49,52866,50447611.35,2.09,0.94,0.09,2.27,4.723176451626107,0.1697060794129852,9.602,9.602666666666668,9.597712237121804,4.774774356878195,4.734939293498716,4.720188680938276,9.578,9.588727272727272,9.59057350730129,4.691597827024526,4.7323415907455715,4.70293712888238,9.570500000000001,9.564190476190475,9.628413295553592,4.623259234953545,4.6543928616968095,4.700341730115502,9.745333333333333,9.630430107526882,9.682567286908904,4.763630883966564,4.690496058830081,4.711698382414651,9.803,9.71866666666667,9.887197416572691,4.728085384834443,4.734339595136584,4.742861083727487,7.702840607598236
2023-07-04,sz001258,9.59,9.65,9.68,9.59,34445,32919053.73,0.93,0.1,0.01,1.48,4.537126189088166,-0.18605026253794055,9.622000000000002,9.618666666666666,9.615141491414537,4.722445993401151,4.655723237568707,4.659167850321573,9.583000000000002,9.60181818181818,9.6013783241556,4.691996817105479,4.704255838393507,4.672789685283432,9.556999999999999,9.571761904761905,9.630469172167537,4.618461825315478,4.646189714471536,4.6847973928748035,9.740333333333332,9.624279569892474,9.68046617162446,4.760192667371381,4.675882852708894,4.7004356602645565,9.791833333333333,9.713650273224042,9.879420452094898,4.726624195003233,4.728078637899001,4.73611567734587,7.517447342769092
2023-07-05,sz001258,9.61,9.58,9.73,9.56,41686,39937483.73,1.76,-0.73,-0.07,1.79,4.619990224191521,0.08286403510335472,9.594,9.604666666666668,9.603427660943026,4.646481395597307,4.621571314498831,4.646108641611556,9.581,9.601272727272729,9.597491356127309,4.7017031880200255,4.6911637305909695,4.663189783266721,9.547,9.57395238095238,9.625662584342056,4.612888748145804,4.646335276269254,4.678625281571634,9.718333333333332,9.613935483870966,9.673984483132559,4.74017871316005,4.666837533794065,4.6952456321308125,9.782166666666667,9.706704918032788,9.869603388091786,4.724920873232458,4.7245824421346825,4.73230828543917,7.601380698576713
2023-07-06,sz001258,9.58,9.48,9.62,9.47,40691,38456457.0,1.57,-1.04,-0.1,1.74,4.609498362970645,-0.010491861220875975,9.580000000000002,9.566666666666666,9.562285107295352,4.608652320017912,4.6092436369566085,4.6339052153979186,9.582,9.582909090909089,9.576129291376889,4.70267672188257,4.674399216945628,4.653427706849252,9.547,9.567571428571432,9.611789957261859,4.5991905316511135,4.646012382443049,4.672041765514397,9.702,9.598559139784946,9.661469355188522,4.727529989579394,4.658406543459264,4.689713550249512,9.7725,9.69679781420765,9.856829506515005,4.723830575491082,4.720798097535934,4.728281730604136,7.584969270120147
2023-07-07,sz001258,9.49,9.5,9.58,9.46,26908,25447139.0,1.27,0.21,0.02,1.15,4.429881419010765,-0.17961694395988026,9.570000000000002,9.540000000000001,9.541523404863568,4.583934529377441,4.549653336620893,4.565897283268868,9.59,9.568,9.562287602035635,4.703230612207899,4.624800070968934,4.612782927242254,9.547999999999998,9.563095238095238,9.601143294665492,4.599783632315204,4.629887705048729,4.648978875371194,9.685333333333334,9.585526881720432,9.651051977434426,4.7145704407673215,4.639203409874192,4.672950186943787,9.762333333333334,9.687863387978142,9.845130178432546,4.722895652162664,4.711160420274284,4.718498113830583,7.4056389620614755
2023-07-10,sz001258,9.64,10.01,10.16,9.64,227468,225058284.82,5.47,5.37,0.51,9.75,5.356920309120983,0.927038890110218,9.644000000000002,9.686666666666667,9.697682269909047,4.710683300876417,4.807315263202074,4.829571625219573,9.623000000000001,9.644363636363638,9.643689856210974,4.742728828877306,4.74365274313495,4.748080633038386,9.576,9.607095238095239,9.640082028506875,4.640794783090845,4.7019959599826135,4.71640186906165,9.673666666666666,9.60647311827957,9.674209914374142,4.714603572410157,4.6806453368647505,4.71707729160038,9.757666666666667,9.695983606557375,9.85053574635279,4.7317387572209775,4.731948113945049,4.739429989086005,8.35229500476787
2023-07-11,sz001258,9.84,9.89,9.91,9.71,117114,114080500.89,2.0,-1.2,-0.12,5.02,5.068608814451682,-0.2883114946693004,9.692,9.768666666666666,9.761788179939366,4.81697982594912,4.926623767727163,4.909250688296943,9.657,9.692909090909092,9.68847351871807,4.769712909675135,4.802903649603018,4.80635848420444,9.5965,9.637,9.66388374007765,4.671239771542362,4.74274015344555,4.749945387670224,9.664,9.620430107526882,9.688131855382263,4.713316414853934,4.703484384738396,4.739756744687561,9.752833333333335,9.700322404371585,9.851829656308436,4.7374915832572775,4.742993033854253,4.7502227374586505,8.057211419356365
2023-07-12,sz001258,9.85,9.82,9.88,9.76,74158,72266209.3,1.21,-0.71,-0.07,3.18,4.870158008613836,-0.19845080583784647,9.74,9.811333333333334,9.781192119959577,4.867013382833582,4.944349828615402,4.896219795069241,9.667,9.722545454545454,9.712387424405692,4.756747389215445,4.8211663948646,4.81795839773342,9.611,9.658285714285716,9.678751955308348,4.691783326110935,4.761684747452357,4.761394208712473,9.647,9.630494623655917,9.696639477615665,4.705904795076534,4.713603197239036,4.748169729456999,9.747833333333334,9.702524590163936,9.850786061019633,4.742101316334215,4.747342752718403,4.754155041430951,7.8589352745427
2023-07-13,sz001258,9.77,9.79,9.92,9.72,63662,62020223.4,2.04,-0.31,-0.03,2.73,4.803880278257965,-0.06627773035587126,9.802,9.828,9.784128079973051,4.905889765891046,4.92330546042353,4.865439956132149,9.690999999999999,9.744909090909092,9.726498801786475,4.757271042954479,4.829736011054149,4.815398739646973,9.625,9.675333333333333,9.689347007183745,4.7096388352638145,4.772360647656836,4.765440501050139,9.630333333333333,9.639720430107527,9.702662737124331,4.691563056908942,4.719924196153967,4.7517639584119,9.741166666666667,9.70390710382514,9.84879307541243,4.742178472240439,4.749368292453607,4.755785377064623,7.792533326254944
2023-07-14,sz001258,9.75,9.77,9.78,9.66,50842,49058585.0,1.23,-0.2,-0.02,2.18,4.706222626301315,-0.09765765195664944,9.856,9.817333333333332,9.779418719982035,4.961158007349156,4.856749747226953,4.812367512855205,9.713000000000001,9.759272727272727,9.73440811055257,4.772546268363299,4.820454480753575,4.79554853722049,9.6405,9.689142857142858,9.697028244594817,4.721311412989836,4.772035294422312,4.759800703455014,9.625,9.6487311827957,9.707007076664699,4.677892631302816,4.720869974824441,4.7488258079531525,9.7345,9.704852459016394,9.846209695890712,4.744325901146843,4.748189412258881,4.754160368842874,7.690715017666653
2023-07-17,sz001258,9.71,9.71,9.76,9.66,38059,36671289.0,1.02,-0.61,-0.06,1.63,4.5804573730159674,-0.1257652532853477,9.796,9.768666666666666,9.756279146654691,4.8058654201281525,4.729849535782557,4.735064132908793,9.72,9.758727272727272,9.729970272270284,4.758274360502285,4.78552922705406,4.756441052819667,9.649,9.695761904761907,9.698263649871501,4.7249360937634055,4.758620623948611,4.742720386270342,9.620333333333333,9.65421505376344,9.707200168492783,4.668264276803125,4.714583829128516,4.737963328279786,9.726333333333335,9.70404918032787,9.841743804222164,4.745090871981566,4.74281667363164,4.748465188651828,7.564326175729581
2023-07-18,sz001258,9.69,9.56,9.7,9.51,54888,52147181.75,1.96,-1.54,-0.15,2.35,4.739477406318355,0.15902003330238745,9.73,9.69,9.69085276443646,4.740039138501487,4.707720197845957,4.736535224045314,9.711,9.729636363636363,9.69906658640296,4.778509482225303,4.782111599020618,4.753356753455791,9.647,9.687285714285714,9.685095683217073,4.735253149665391,4.760005510858606,4.7424115310368204,9.608333333333333,9.650322580645163,9.697703383428733,4.67181104428542,4.719178224581112,4.738061010733888,9.716666666666667,9.698595628415301,9.832506302444388,4.748068977712496,4.742632625577108,4.748170507263845,7.717230842321578
2023-07-19,sz001258,9.54,9.59,9.66,9.51,30353,28849983.91,1.57,0.31,0.03,1.3,4.482201621904094,-0.2572757844142606,9.684000000000001,9.643333333333334,9.657235176290975,4.6624478611595395,4.62177435898016,4.651757356664907,9.712,9.707636363636365,9.679236297966058,4.764730621996561,4.728237442598581,4.704055820446391,9.6465,9.681857142857144,9.676038951482115,4.733216905008293,4.73590536535753,4.717629634928942,9.602,9.649139784946236,9.690754778046236,4.663502706096056,4.706945358621026,4.72155395339003,9.707,9.69444262295082,9.824555276134735,4.746319659165795,4.7339156630915875,4.7394502159405745,7.460145575280306
2023-07-20,sz001258,9.59,9.47,9.62,9.44,35637,33679760.76,1.88,-1.25,-0.12,1.53,4.551901137051595,0.06969951514750061,9.620000000000001,9.572000000000001,9.59482345086065,4.612052032918266,4.584925450944178,4.6184719501271365,9.711,9.663636363636364,9.641193334699501,4.758970899404655,4.689541172608586,4.6763913325564275,9.6465,9.66504761904762,9.656416194198103,4.730823810643613,4.718637196980702,4.701845968464433,9.601666666666667,9.640623655913979,9.676512534301319,4.652450654235627,4.699745257392352,4.710608610400453,9.7005,9.68667213114754,9.812930512982776,4.739532874754691,4.727541285317351,4.733301065813066,7.527368997881624
2023-07-21,sz001258,9.48,9.44,9.51,9.41,26330,24734068.0,1.06,-0.32,-0.03,1.13,4.420450859106068,-0.1314502779455271,9.554,9.512,9.5432156339071,4.554897679479216,4.521058393006779,4.552464919786781,9.705,9.614363636363636,9.604612728390501,4.758027843414186,4.62799207437248,4.629856701019999,9.6475,9.64538095238095,9.635805128083998,4.730629227811043,4.6890778682628405,4.675046434239827,9.600333333333333,9.630193548387094,9.66125366112059,4.652531702681532,4.684777528674315,4.691888755478235,9.696833333333332,9.678131147540983,9.800703283048914,4.7341598046504645,4.717079579886248,4.723043681986607,7.3932955504356785
2023-07-24,sz001258,9.43,9.4,9.43,9.31,23894,22275390.0,1.27,-0.42,-0.04,1.02,4.378288859356929,-0.0421619997491387,9.492,9.460666666666667,9.4954770892714,4.514463976747408,4.4621887862993495,4.49440623297683,9.644000000000002,9.558909090909092,9.567410414137683,4.6601646984377805,4.558948622725706,4.584117093444895,9.633500000000002,9.621809523809523,9.613347496837903,4.701446763657543,4.655521642695781,4.646783808060503,9.598666666666666,9.6172688172043,9.644398586209583,4.647251421539823,4.667084442008212,4.67165650411557,9.691333333333334,9.668398907103825,9.787565470489932,4.728327148311454,4.705411680040559,4.711740245179076,7.347825316451458
2023-07-25,sz001258,9.44,9.47,9.5,9.42,29537,27766690.6,0.85,0.74,0.07,1.27,4.470366383000007,0.09207752364307797,9.474,9.453333333333335,9.486984726180934,4.460641772083739,4.447489588383549,4.486392949651223,9.602,9.52727272727273,9.549699429749014,4.600340455292613,4.524439838100656,4.56343514609128,9.6295,9.606238095238096,9.599695354281913,4.685026682483874,4.633513987395063,4.629982148530932,9.598333333333333,9.608967741935485,9.633147064518642,4.647606666125779,4.655672504037901,4.65867004468876,9.692333333333332,9.661142076502731,9.777153487850917,4.723588128853049,4.6969539500303465,4.70382634805845,7.443524121024825
2023-07-26,sz001258,9.45,9.38,9.48,9.36,36260,33878292.84,1.27,-0.95,-0.09,1.55,4.55942779975949,0.08906141675948298,9.431999999999999,9.422,9.451323150787289,4.476087007654818,4.480418264275467,4.510737899687312,9.558,9.48690909090909,9.518844987976465,4.569267434407179,4.51700117345827,4.562706537667317,9.6125,9.582476190476191,9.578771987207444,4.663007411811312,4.62155218904036,4.623262686743176,9.593333333333334,9.594881720430108,9.616814995840022,4.650944695543017,4.649983544917497,4.652267319209452,9.689,9.65090163934426,9.764132062019739,4.7214048178343315,4.691571644158428,4.699091969425697,7.5299215176903225
2023-07-27,sz001258,9.36,9.34,9.41,9.33,28814,26792775.0,0.85,-0.43,-0.04,1.23,4.459603551836237,-0.0998242479232534,9.406,9.391333333333334,9.414215433858192,4.457627490611746,4.474923779002607,4.493693117070287,9.513000000000002,9.447272727272727,9.48632771743529,4.534839761765006,4.497062285718099,4.543960540243484,9.602,9.55652380952381,9.556031797949593,4.6460554023597425,4.602180392852259,4.607676102466325,9.587666666666667,9.578537634408603,9.598955963850344,4.651372477430878,4.63763895500093,4.6398373987337616,9.6865,9.639459016393442,9.75022609277319,4.720374447466676,4.682987996092916,4.691239890160468,7.4280176969890945
2023-07-28,sz001258,9.35,9.34,9.38,9.19,54450,50204308.75,2.03,0.0,0.0,2.33,4.735997884091794,0.2763943322555571,9.386,9.369333333333335,9.389476955905462,4.520736895608891,4.567713910162622,4.574461372744123,9.47,9.415818181818182,9.459722677901599,4.537817287544053,4.533636489777514,4.5788764209431765,9.5915,9.531571428571429,9.535457341002013,4.655181777953676,4.610746343493406,4.619897224525893,9.583666666666666,9.562559139784947,9.582249127472902,4.660146704507908,4.643098658656473,4.646041301014925,9.683333333333334,9.62809836065574,9.73677605694456,4.724975746272424,4.683500239916691,4.692707365371331,7.70074099176746
2023-07-31,sz001258,9.37,9.26,9.39,9.24,92012,84849829.56,1.61,-0.86,-0.08,1.96,4.963844470757835,0.22784658666604152,9.358,9.327333333333334,9.346317970603641,4.637848017889072,4.71541643521227,4.704255738748694,9.425,9.377636363636363,9.423409463737672,4.57615599731824,4.611095977634565,4.648870611818569,9.5725,9.500000000000002,9.509223308525632,4.667215178910263,4.640142790427135,4.652654105119411,9.574333333333334,9.54167741935484,9.56145886118433,4.6753427282816835,4.6626920629306605,4.66654473132092,9.677666666666669,9.614218579234972,9.721144055077525,4.732727065938269,4.691332001375228,4.701597106531544,7.928650974276254
2023-08-01,sz001258,9.29,9.15,9.31,9.09,109269,99516796.91,2.38,-1.19,-0.11,2.33,5.038496968550554,0.07465249779271854,9.294,9.258000000000001,9.280878647069095,4.751474134999182,4.848966085432763,4.815669482015981,9.384,9.327636363636364,9.373698652149004,4.606057953541461,4.695157972404077,4.71971176758802,9.547500000000001,9.459761904761905,9.475011564856525,4.692283717883382,4.675502960869068,4.689401044493805,9.559333333333333,9.514301075268818,9.534913128204694,4.6921880842907475,4.68612136875446,4.690541649851864,9.674000000000001,9.596918032786885,9.70241802048482,4.74022372563181,4.7013572440838285,4.712643003646921,7.997896389184577
2023-08-02,sz001258,9.16,9.14,9.17,9.09,32061,29011570.95,0.87,-0.11,-0.01,0.68,4.505977064110106,-0.5325199044404476,9.246,9.206666666666669,9.233919098046064,4.740783987869305,4.767133728469739,4.7124386760473564,9.339,9.283272727272728,9.331207988121912,4.608435497762061,4.676961447052922,4.680850912410217,9.5255,9.42095238095238,9.443105701536856,4.686583059879311,4.657759470033517,4.671932093981072,9.544000000000002,9.487247311827959,9.509434861868908,4.6916231025928825,4.674107754549256,4.678634257223364,9.667833333333334,9.579409836065574,9.683978085386958,4.738839643907224,4.6936770256732805,4.705867071203091,7.462571246087886
2023-08-03,sz001258,9.1,9.15,9.18,9.1,29556,26884831.11,0.88,0.11,0.01,0.63,4.470645657886728,-0.035331406223377826,9.208,9.174666666666667,9.205946065364042,4.742992409079404,4.677087618475546,4.631841003327147,9.306999999999999,9.248909090909091,9.298261081190654,4.600309949845575,4.651908748893771,4.642631775224128,9.509,9.385190476190477,9.41519087281906,4.679640424625115,4.637194003177082,4.652761957210182,9.533333333333333,9.461827956989247,9.486245515941881,4.687319190377601,4.659851145213375,4.665215637911324,9.663833333333335,9.56243169398907,9.66647060717755,4.736394806571838,4.684883780229986,4.698154893717309,7.429507312591995
2023-08-04,sz001258,9.15,9.18,9.2,9.13,32007,29166405.95,0.77,0.33,0.03,0.68,4.505244969848502,0.03459931196177379,9.176,9.165333333333335,9.197297376909361,4.696841826230745,4.597838472065246,4.589642325500932,9.281,9.225818181818182,9.276759066428717,4.608789360919818,4.634624207076121,4.617652356064923,9.493,9.35385714285714,9.392791742074387,4.6834086021670025,4.620584912245975,4.638712720318593,9.525333333333332,9.439032258064517,9.466487740719824,4.690015938847301,4.648104421308273,4.654894949649206,9.659166666666666,9.54656830601093,9.650520751204516,4.736874159037407,4.677305097058729,4.6918299781806265,7.4648829161889685
2023-08-07,sz001258,9.15,9.21,9.22,9.13,32961,30043207.88,0.98,0.33,0.03,0.7,4.518000379235449,0.012755409386946859,9.166,9.176666666666668,9.201531584606242,4.607673007926268,4.538224656400147,4.565761676745772,9.262,9.212909090909092,9.26462105435077,4.6227605129076705,4.618117119497144,4.5995338148232,9.453,9.326904761904762,9.375383004733969,4.641462605672725,4.604831748157256,4.6272163068821035,9.509666666666666,9.418688172043012,9.449940144544351,4.675218013407585,4.637006643268799,4.646063041880577,9.654,9.531841530054644,9.636077447886334,4.733846426687958,4.670128907557026,4.68613064706767,7.477746302839521
2023-08-08,sz001258,9.17,9.17,9.22,9.15,24920,22715415.0,0.76,-0.43,-0.04,0.53,4.396548037987132,-0.12145234124831727,9.17,9.178,9.19102105640416,4.479283221813583,4.467849666420435,4.509357130492892,9.232,9.196181818181818,9.247417226286993,4.615378678406383,4.576987578602501,4.562627309943915,9.417,9.299952380952382,9.35582271856883,4.6078595668494975,4.581506551234819,4.605247900320677,9.497000000000002,9.396774193548387,9.43187949005762,4.66181068112471,4.619027935177156,4.629965299693903,9.646833333333335,9.515972677595629,9.620796220086783,4.727506910607042,4.659069943993063,4.676636135294538,7.356320675580035
2023-08-09,sz001258,9.19,9.14,9.19,9.1,19185,17409679.0,0.98,-0.33,-0.03,0.41,4.282961803534335,-0.11358623445279648,9.17,9.168,9.174014037602774,4.434680169698429,4.402409193660685,4.433892021506706,9.208,9.179454545454545,9.22788682150754,4.587732078783867,4.516548146807583,4.511779036051264,9.383000000000001,9.273571428571428,9.335268173943227,4.578499756595522,4.550563907109565,4.574553986341026,9.477666666666666,9.37374193548387,9.413048555215193,4.637915634135497,4.594586072106808,4.607577977361028,9.631,9.499355191256832,9.605032409592134,4.711369484635189,4.644494694580843,4.663728780154859,7.240790763661048
2023-08-10,sz001258,9.11,9.15,9.19,9.11,18392,16741255.0,0.88,0.11,0.01,0.39,4.2646289582612225,-0.018332845273112852,9.17,9.161333333333335,9.16600935840185,4.393476829773328,4.345725456514951,4.377471000424879,9.189,9.168909090909091,9.21372558123344,4.568234619426366,4.457802124894375,4.466842658271256,9.350999999999999,9.251380952380952,9.317623585948635,4.551537190595686,4.520671450125345,4.545037317000093,9.464333333333334,9.352602150537633,9.396077680685181,4.62011514138195,4.570503060760082,4.585452234193298,9.616833333333334,9.483584699453552,9.590113314195671,4.7001499899673265,4.629847464207926,4.650643540092772,7.223788011551206
2023-08-11,sz001258,9.12,9.26,9.56,9.08,101975,94151100.23,5.25,1.2,0.11,2.18,5.008493713989132,0.7438647557279099,9.186,9.191333333333334,9.1973395722679,4.494126578601454,4.550731084586884,4.587811904946297,9.181000000000001,9.181818181818182,9.222139111918269,4.5954842024161,4.537849232996697,4.565324668401779,9.325500000000002,9.242714285714285,9.312135625382098,4.566650744980077,4.56419111901996,4.5891760214752395,9.454666666666666,9.339419354838709,9.387298475479687,4.6352825861078175,4.595559742863771,4.612745232889803,9.6035,9.471885245901639,9.579289926844993,4.701749646485918,4.639957094503723,4.662376332679537,7.973825399456517
2023-08-14,sz001258,9.25,9.18,9.25,9.12,58677,53431104.75,1.4,-0.86,-0.08,1.25,4.768467901409288,-0.24002581257984446,9.18,9.189333333333334,9.191559714845267,4.544220083036222,4.642178192189495,4.648030570433961,9.173,9.181636363636365,9.214477455205856,4.575946545481245,4.569300814631822,4.602259801675872,9.299000000000001,9.228857142857144,9.299551280107611,4.576051271399743,4.583411800584647,4.606251438611816,9.439333333333334,9.321698924731184,9.37392438028745,4.63679230110059,4.604152343850963,4.622791856665254,9.592333333333332,9.458,9.566198453833682,4.700211592533577,4.6421445782717035,4.665854744769038,7.727794153817358
2023-08-15,sz001258,9.13,9.15,9.17,9.11,32584,29561663.32,0.65,-0.33,-0.03,0.7,4.513004397077942,-0.25546350433134624,9.175999999999998,9.179333333333334,9.177706476563511,4.567511354854384,4.6317729635367355,4.603021845981955,9.173,9.177454545454545,9.202754281532064,4.5233972883339835,4.557856787649403,4.586031546294429,9.2785,9.214666666666666,9.285308301049744,4.564727620937722,4.577407336363523,4.597370767989542,9.422666666666666,9.303032258064516,9.359477646075357,4.635988241366916,4.596166027462404,4.615708794756395,9.581500000000002,9.443497267759563,9.552552602888316,4.698090454369148,4.636006637437091,4.660843257959494,7.470728866474302
2023-08-16,sz001258,9.15,9.07,9.15,9.07,26747,24197591.97,0.87,-0.87,-0.08,0.57,4.4272750777026655,-0.08572931937527617,9.162,9.144,9.141804317709008,4.59637400968805,4.585027537819497,4.544439589888858,9.166,9.158727272727273,9.178617139435325,4.51552708969324,4.540380022080072,4.5571667338232,9.252500000000001,9.194809523809525,9.264802748568815,4.5619812937276505,4.564316617960184,4.581171178438411,9.405666666666667,9.280279569892473,9.340801668909206,4.629564403150621,4.5827006620647115,4.6035517807529285,9.562000000000001,9.426726775956284,9.536731206072306,4.6848715581553355,4.627127444759502,4.653185284836319,7.383772149196308
2023-08-17,sz001258,9.04,8.96,9.05,8.78,42770,37863569.4,2.98,-1.21,-0.11,0.91,4.631139250256811,0.20386417255414546,9.124,9.076666666666666,9.081202878472673,4.669676068087168,4.596615951342416,4.573339476678177,9.147,9.121272727272727,9.1388685686289,4.531576448930248,4.561400414909813,4.570616282265675,9.227,9.166952380952381,9.235773915371785,4.565943199387911,4.57090309001058,4.585930042421116,9.388333333333334,9.251526881720432,9.31623381930216,4.630285766060159,4.58280226510382,4.605331617495114,9.545166666666667,9.406989071038252,9.517821986201083,4.6789078778197775,4.625365729746437,4.6524624640304335,7.578221552513517
2023-08-18,sz001258,8.97,8.82,9.0,8.82,30914,27337923.54,2.01,-1.56,-0.14,0.66,4.490155202589509,-0.14098404766730166,9.036000000000001,8.975333333333333,8.994135252315116,4.566008365807243,4.536775662843197,4.545611385315288,9.111,9.061818181818182,9.080892465241828,4.530067472204349,4.553869279211496,4.555986995051827,9.196000000000002,9.128190476190477,9.196176399622091,4.569428416562083,4.56368518555359,4.5768086291038195,9.365666666666668,9.214860215053763,9.284218734185892,4.63229489217945,4.573761583589586,4.597900881049592,9.5255,9.3832131147541,9.49494257681744,4.673432666473386,4.619177117443804,4.647140914474993,7.436765524519767
2023-08-21,sz001258,8.83,8.56,8.85,8.56,54480,46875959.0,3.29,-2.95,-0.26,1.16,4.736237098904729,0.2460818963152196,8.912,8.816666666666666,8.849423501543413,4.559562205306332,4.593518573875693,4.609153289845102,9.046000000000001,8.961636363636364,8.986184744288767,4.551891144171276,4.5913546658842925,4.5887597412069,9.154,9.067619047619047,9.135588171086654,4.587325828539473,4.579571726729079,4.591992292894382,9.317333333333334,9.162881720430107,9.237494944883577,4.611605451838909,4.5804675324105695,4.6068257983305685,9.4955,9.351557377049179,9.46428872183982,4.663104512124533,4.621236279162866,4.6500621008497385,7.670950165730928
2023-08-22,sz001258,8.65,8.5,8.65,8.41,44066,37141280.0,2.8,-0.7,-0.06,0.94,4.644103630115782,-0.09213346878894679,8.782,8.679333333333334,8.732949001028942,4.5857820519139,4.621699048812176,4.620803403268662,8.979000000000001,8.862363636363636,8.897787518054445,4.576646703384141,4.608120572419658,4.59882226646306,9.105500000000001,9.005333333333335,9.075055964316498,4.596012690895263,4.584979136403014,4.596955277391658,9.270999999999999,9.110150537634409,9.189914625858831,4.597455279027712,4.582564189073594,4.609230819736067,9.467500000000001,9.318918032786884,9.43267269817294,4.655385846940823,4.620613299424873,4.649866741153543,7.569856866753191
2023-08-23,sz001258,8.5,8.21,8.5,8.21,41915,34754861.6,3.41,-3.41,-0.29,0.89,4.622369470494736,-0.021734159621046523,8.610000000000001,8.488666666666667,8.55863266735263,4.624800930472313,4.633894855005789,4.6213254256773535,8.886000000000001,8.722545454545454,8.772735242044545,4.610587470080182,4.616433802803402,4.603103576287001,9.047,8.92004761904762,8.992669682000642,4.5991597744320245,4.5874893058886785,4.599375676734809,9.217333333333332,9.04169892473118,9.126694327416326,4.58919566109041,4.584171556265015,4.610078474623723,9.432166666666667,9.277688524590163,9.392585068724646,4.647550228083472,4.6195307952791,4.648965191295877,7.541015563411735
2023-08-24,sz001258,8.15,8.23,8.31,8.13,35961,29394066.2,2.19,0.24,0.02,0.77,4.555831760047939,-0.0665377104467968,8.464000000000002,8.362,8.449088444901754,4.609739432430539,4.610905131530997,4.599494203800882,8.794,8.603272727272728,8.674056107127354,4.639707750258853,4.606478219161176,4.594508700607172,8.9915,8.842238095238095,8.920034474191057,4.603971184842609,4.583362828328289,4.595228637050345,9.165333333333335,8.978000000000002,9.068843080486241,4.580927377150076,4.58201904652034,4.606578686586576,9.397833333333333,9.238273224043716,9.354467525487772,4.636245217029509,4.616523632392688,4.645911636172994,7.468259667939665
2023-08-25,sz001258,8.17,8.1,8.3,8.06,32897,26699911.0,2.92,-1.58,-0.13,0.7,4.517156294823795,-0.03867546522414411,8.319999999999999,8.240666666666668,8.332725629934503,4.6151396508773965,4.580044085662082,4.572048234141853,8.678,8.47709090909091,8.569682269467835,4.59057400834232,4.5841961363548025,4.580444626828376,8.9295,8.757333333333333,8.841935952839528,4.593029105379209,4.575094743564592,4.587793175885912,9.109666666666666,8.9092688172043,9.006337075293581,4.574625166100825,4.57790478314445,4.600809500021235,9.367333333333333,9.19572131147541,9.313337442684894,4.62625889870182,4.612619077566272,4.641690149571381,7.426509813713889
2023-08-28,sz001258,8.49,8.19,8.56,8.15,56376,46667481.21,5.06,1.11,0.09,1.2,4.7510942584892115,0.23393796366541686,8.246,8.197333333333331,8.285150419956334,4.618111082794292,4.625362288199354,4.631730242257639,8.579,8.388363636363636,8.500649129564591,4.588836644050312,4.61338163638151,4.611471832584892,8.876000000000001,8.686904761904763,8.779846814473858,4.582391594765778,4.590148567670306,4.603345659943368,9.059,8.849935483870969,8.953670167210124,4.580313062283265,4.589289885879186,4.610505290890137,9.339666666666666,9.157120218579234,9.27650670685916,4.624288669543194,4.616712040182252,4.645277169535899,7.669014361285455
2023-08-29,sz001258,8.18,8.4,8.41,8.12,46815,38709504.0,3.54,2.56,0.21,1.0,4.6703850277210135,-0.08070923076819803,8.226,8.248666666666667,8.323433613304223,4.623367362315339,4.64278693650826,4.644615170745431,8.504,8.355818181818181,8.482349287825574,4.604574707114619,4.628208615230728,4.622183322609641,8.8385,8.641571428571428,8.74367092738111,4.563985997724301,4.598528894618424,4.609730361636477,9.020333333333333,8.80741935483871,8.917949511261085,4.578009982996688,4.595100980423555,4.614368499717935,9.314333333333334,9.126311475409837,9.247768782044105,4.624910513641054,4.618223396188082,4.646100378000985,7.587817606569715
2023-08-30,sz001258,8.41,8.42,8.54,8.38,34675,29113209.56,1.9,0.24,0.02,0.74,4.540016469745322,-0.13036855797569125,8.268,8.313333333333333,8.355622408869483,4.606896762165456,4.615003305651588,4.609748937078728,8.439,8.340545454545454,8.471013053675469,4.615848846318885,4.616470753890856,4.607243894816128,8.8025,8.601714285714287,8.712845124773386,4.565687968006062,4.596246082429949,4.60309094336113,8.981333333333335,8.76868817204301,8.885823736341015,4.579937144591395,4.5926497860202415,4.609571594558412,9.291666666666666,9.096989071038251,9.220628821977085,4.621719925343726,4.615439984912812,4.642622217074569,7.464090086488628
2023-08-31,sz001258,8.46,8.33,8.47,8.32,33538,27812315.2,1.78,-1.07,-0.09,0.72,4.525537160391059,-0.01447930935426367,8.288,8.334,8.347081605912988,4.60083784223408,4.587883438393456,4.5816783448495055,8.376,8.320727272727273,8.445374316643566,4.605288637332309,4.600050447358523,4.592388124920661,8.761500000000002,8.556714285714285,8.676383684318777,4.568432543131278,4.592422195990426,4.595704868792551,8.943333333333333,8.726666666666667,8.849964140448046,4.579058345369377,4.589140109620221,4.604150018160519,9.2725,9.065459016393444,9.19142787699423,4.615754499802502,4.612286451635675,4.638783362757077,7.444237142648174
2023-09-01,sz001258,8.34,8.36,8.4,8.31,20750,17208663.0,1.08,0.36,0.03,0.44,4.317018101048111,-0.20851905934294734,8.34,8.357999999999999,8.351387737275326,4.560810203478943,4.493276857998134,4.493458263582374,8.330000000000002,8.317818181818183,8.429851713617463,4.587974927178169,4.547637622579579,4.542320847852924,8.7205,8.518476190476191,8.646251904859845,4.5590211996912595,4.568477963411076,4.569163271864509,8.907333333333334,8.689032258064517,8.81835355074172,4.575610586767445,4.572234287405945,4.5856253783468155,9.253833333333334,9.035540983606555,9.164167946600976,4.614071144724488,4.602491815610941,4.628233682045307,7.235747129811689
2023-09-04,sz001258,8.35,8.48,8.48,8.33,39092,32694417.47,1.79,1.44,0.12,0.83,4.592087890098257,0.27506978905014545,8.398,8.404666666666667,8.394258491516885,4.529008929800752,4.503702753537905,4.5263348057543356,8.322,8.34509090909091,8.438969583868833,4.573560006297523,4.548385434019594,4.551369400988439,8.684000000000001,8.495571428571429,8.630418390111288,4.5627255752344,4.571627172021267,4.571346568839152,8.876666666666667,8.6614623655914,8.796524289403546,4.582737221125489,4.573297339233739,4.586042314588844,9.237666666666668,9.010169398907104,9.141736210646846,4.614994321332657,4.601771053164179,4.627048574112616,7.514473603762758
2023-09-05,sz001258,8.52,8.53,8.54,8.43,40944,34571193.94,1.3,0.59,0.05,0.87,4.61219026854311,0.02010237844485374,8.424,8.448666666666666,8.439505661011257,4.5173699779651715,4.531429866452024,4.554953293350594,8.325,8.38290909090909,8.455520568619953,4.5703686701402555,4.555409118064247,4.562427740543834,8.652000000000001,8.48090476190476,8.620854733910212,4.573507686762198,4.576338095193526,4.575236445001433,8.845333333333334,8.639096774193549,8.779329173958157,4.587464683976927,4.575197535841328,4.587729279360087,9.221833333333334,8.986967213114752,9.121679285707604,4.617535675051354,4.601679117007144,4.626561416552961,7.53871437846054
2023-09-06,sz001258,8.51,8.53,8.54,8.44,27715,23391559.0,1.17,0.0,0.0,0.59,4.44271488292848,-0.16947538561463027,8.446,8.484,8.469670440674172,4.497909660601803,4.506544834773126,4.5175404898765565,8.357,8.420181818181817,8.469062283416324,4.55240321138363,4.532199338571196,4.540661766431951,8.621500000000001,8.469285714285713,8.61220190210924,4.581495340731906,4.563881637685552,4.562615343851628,8.817,8.618752688172043,8.763243420799567,4.583574253415892,4.5658588389994925,4.578373511848371,9.205166666666665,8.964284153005465,9.102279964864731,4.617259474479455,4.595947287757214,4.620533661352158,7.369059167620794
2023-09-07,sz001258,8.53,8.39,8.54,8.37,37637,31474486.93,1.99,-1.64,-0.14,0.8,4.575614999044009,0.132900116115529,8.458,8.465333333333334,8.443113627116116,4.507925228332393,4.532446614253861,4.536898659599041,8.373000000000001,8.426181818181817,8.454687322795174,4.554381535283237,4.536419663600356,4.547016899634143,8.5835,8.447238095238095,8.591039816194074,4.597044642771045,4.563321605143848,4.563853406250902,8.785333333333334,8.591204301075269,8.739163200102821,4.587441301656152,4.565345338717435,4.578195543280348,9.186499999999999,8.937557377049181,9.078926523393756,4.619406889543515,4.594581895119987,4.619060918325662,7.4979586593426975
2023-09-08,sz001258,8.36,8.44,8.48,8.36,23823,19891274.0,1.43,0.6,0.05,0.51,4.376996450740673,-0.1986185483033358,8.474,8.459333333333332,8.442075751410744,4.519920898270906,4.488803688389955,4.483597923312919,8.407,8.438363636363636,8.452016900468777,4.540365550874925,4.504167830047163,4.516104090744421,8.5425,8.433571428571428,8.576655071794638,4.565469779608621,4.542364634474288,4.546057505726119,8.755333333333335,8.568924731182795,8.719862348483286,4.575474587211115,4.551768251561598,4.565214956664885,9.169500000000001,8.913081967213113,9.05797811279068,4.617810645859511,4.58663401188055,4.611124378404842,7.298662599788635
2023-09-11,sz001258,8.44,8.46,8.49,8.36,23944,20097865.0,1.54,0.24,0.02,0.51,4.379196703832135,0.002200253091461768,8.47,8.454666666666666,8.448050500940496,4.477342661017682,4.441895623577031,4.448797516819324,8.434000000000001,8.448,8.453468373110818,4.503175795409217,4.474864403312111,4.49121183857855,8.506499999999999,8.425714285714285,8.565545064957053,4.546006219729764,4.524624341543194,4.530166000783836,8.728666666666667,8.549870967741935,8.703097035677914,4.555986328313591,4.539105162311341,4.553213779062773,9.151499999999999,8.889819672131146,9.038372273027052,4.615664528297638,4.578810603945226,4.603520192353277,7.30314992468584
2023-09-12,sz001258,8.5,8.47,8.52,8.44,22254,18735892.38,0.95,0.12,0.01,0.47,4.347408083712254,-0.03178862011988137,8.458000000000002,8.454666666666666,8.455367000626998,4.42438622405151,4.398584097808555,4.415001039116968,8.440999999999999,8.454545454545453,8.456474123454305,4.470878101008341,4.44654300118539,4.465065701330133,8.4725,8.422238095238097,8.556445534961142,4.53772640406148,4.50571023335105,4.512760484872256,8.706,8.533182795698924,8.68805851724708,4.532950032152314,4.52564850136932,4.539935992265965,9.132666666666667,8.867475409836066,9.019737116534362,4.612569058221532,4.570015310680131,4.595123074037177,7.272674383123976
2023-09-13,sz001258,8.48,8.42,8.53,8.38,28550,23980914.96,1.77,-0.59,-0.05,0.61,4.455606112581867,0.10819802886961316,8.436,8.442,8.443578000418,4.426964469982188,4.408990727318675,4.428536063605268,8.441,8.450727272727272,8.44984246464443,4.462437065291995,4.443766276016939,4.463345776103175,8.44,8.417238095238096,8.5434507221077,4.53914295580544,4.497889253210134,4.507317211320791,8.682,8.5147311827957,8.670764419360172,4.531271000434706,4.520658571074453,4.5344953548669915,9.113000000000001,8.844109289617487,9.00007360451684,4.611447051513794,4.564868984593585,4.590548747432084,7.379865749008812
2023-09-14,sz001258,8.46,8.41,8.46,8.34,22130,18449852.8,1.43,-0.12,-0.01,0.47,4.344981413927258,-0.11062469865460933,8.440000000000001,8.433333333333334,8.432385333612,4.380837752958837,4.381663041967031,4.400684513712598,8.449000000000002,8.44509090909091,8.442598380163624,4.444381490645616,4.422410703041533,4.441824982980281,8.4125,8.414380952380952,8.530741129526014,4.524835063988962,4.479397677793165,4.491856659188073,8.657333333333334,8.497182795698924,8.653940908433709,4.527082192302724,4.508639888073971,4.522268648999912,9.095333333333334,8.821060109289618,8.98072692895891,4.607200691340163,4.556132406312059,4.582497359448319,7.265992905541
2023-09-15,sz001258,8.46,8.4,8.46,8.34,27331,22748867.44,1.43,-0.12,-0.01,0.58,4.436655522162354,0.0916741082350967,8.432,8.42,8.421590222408,4.392769567243174,4.400268965034869,4.412674849862517,8.453,8.436181818181819,8.434853220133874,4.45634523275704,4.421005981499122,4.440885081013384,8.391499999999999,8.413190476190476,8.518289593380679,4.5221600799676045,4.470999626190631,4.486599408042767,8.631333333333334,8.48058064516129,8.637557624018633,4.524795877379853,4.502805909355239,4.516745221462005,9.078333333333335,8.798262295081969,8.96168670177993,4.607405908113577,4.550540761420984,4.577715659865173,7.3569597800348
2023-09-18,sz001258,8.33,8.46,8.48,8.3,30142,25216495.88,2.14,0.71,0.06,0.64,4.479172065501725,0.04251654333937083,8.432,8.429333333333336,8.434393481605333,4.412764639577091,4.4290697977877205,4.43484058840892,8.451,8.437454545454546,8.439425361927714,4.445053650297386,4.425156314725429,4.447846350920355,8.3865,8.419714285714287,8.5127382035349,4.509306828297454,4.466905529574833,4.485892042086477,8.606333333333334,8.469526881720432,8.626102293436787,4.523501600255396,4.4998624376211644,4.5143211468839235,9.058,8.777989071038252,8.945237957459277,4.59935980683149,4.546336373138628,4.574484722345059,7.401684736253234
2023-09-19,sz001258,8.49,8.34,8.49,8.34,21165,17613988.0,1.77,-1.42,-0.12,0.45,4.325618272810029,-0.1535537926916959,8.406,8.398666666666667,8.402928987736889,4.408406677396647,4.400021008865366,4.398433149875957,8.432,8.417272727272726,8.421348023395401,4.416396450724078,4.403440791545909,4.425623063991205,8.378499999999999,8.415285714285714,8.496286946055385,4.493382560432167,4.4494113814331735,4.470627873583958,8.578666666666667,8.452344086021506,8.607644080956995,4.521137274749491,4.487095771334368,4.502146767911414,9.037833333333333,8.754448087431694,8.925394090001594,4.591473977937101,4.5373612408756285,4.566325166622599,7.245857696132577
2023-09-20,sz001258,8.37,8.22,8.37,8.22,21341,17530783.0,1.8,-1.44,-0.12,0.46,4.329214765805725,0.0035964929956957548,8.366000000000001,8.336666666666668,8.341952658491259,4.383128408041418,4.373623705001725,4.3753603551858795,8.401,8.378727272727273,8.384739291868964,4.405046439011803,4.387589576106208,4.408094282502936,8.379000000000001,8.400190476190476,8.46997390357392,4.478724825197716,4.433776353373512,4.457159958557461,8.548,8.429204301075268,8.582634785411383,4.522679040158538,4.474713673983157,4.490989864549757,9.012833333333333,8.727633879781422,8.902266414919575,4.580297337147018,4.528762578182796,4.5585510551204065,7.243801313982278
2023-09-21,sz001258,8.18,8.2,8.37,8.18,32060,26329342.24,2.31,-0.24,-0.02,0.68,4.505963518018126,0.17674875221240072,8.324,8.281333333333333,8.29463510566084,4.415324828859592,4.414568741660628,4.4188947427966285,8.382000000000001,8.342181818181817,8.35115032971097,4.398081290909214,4.40593813592554,4.425888688960242,8.3775,8.38314285714286,8.444262103233546,4.476231413096226,4.436370514594504,4.461807916601334,8.516333333333334,8.406752688172043,8.557948670223553,4.530723525483768,4.4736352531999035,4.4919559067090065,8.990333333333334,8.700983606557376,8.879241286561555,4.575419333432859,4.526325403785129,4.556826873576069,7.420440009690702
2023-09-22,sz001258,8.17,8.33,8.35,8.16,24110,19794035.26,2.32,1.59,0.13,0.51,4.382197210377454,-0.12376630764067187,8.309999999999999,8.283333333333333,8.306423403773893,4.404433166502612,4.403526202166582,4.4066622319902375,8.371,8.332727272727272,8.347304815218067,4.398601366872893,4.4030501212834015,4.417944783763371,8.389,8.378619047619047,8.433379998163685,4.469483458873909,4.427414876240334,4.454225944580012,8.485333333333333,8.394731182795699,8.543242304402678,4.509846975363379,4.464052910289819,4.484874700494068,8.969999999999999,8.679333333333332,8.86123337552675,4.572564780735599,4.519990252209542,4.551101310848246,7.296534339557854
2023-09-25,sz001258,8.34,8.24,8.39,8.23,16691,13684693.0,1.92,-1.08,-0.09,0.36,4.222482357138912,-0.15971485323854218,8.266,8.26,8.284282269182595,4.3530952248300485,4.342875932378681,4.3452689403731295,8.349,8.308909090909092,8.327794848814781,4.38292993220357,4.37102848314995,4.382406160740742,8.3915,8.36442857142857,8.414962855481429,4.443052863806393,4.403890961789383,4.432155126728479,8.454,8.378903225806452,8.523678284763797,4.491647457221033,4.445513257501144,4.4679461622130905,8.946666666666665,8.655398907103825,8.840865068132429,4.564219879160812,4.508512139960469,4.54032691892335,7.136235058969272
2023-09-26,sz001258,8.25,8.17,8.29,8.16,17301,14081303.0,1.58,-0.85,-0.07,0.37,4.238071206130559,0.015588848991647808,8.232,8.228,8.246188179455064,4.335585811494155,4.304534592812185,4.309536362292273,8.318999999999999,8.276363636363635,8.299104876303003,4.371996244445401,4.344690532954857,4.3561634417207085,8.379999999999999,8.343333333333335,8.391633059721292,4.421437172726871,4.384368899153589,4.413670943814391,8.421333333333333,8.360580645161292,8.500860330908068,4.482483017522786,4.429153499366275,4.453115519885186,8.922,8.629934426229509,8.818869492128087,4.559235629444852,4.497818740844724,4.530416895553095,7.148642843692973
2023-09-27,sz001258,8.14,8.26,8.34,8.12,33104,27197069.4,2.69,1.1,0.09,0.71,4.51988047332166,0.28180926719110033,8.239999999999998,8.237333333333332,8.25079211963671,4.373718952997342,4.365966146754687,4.379651065968735,8.303,8.265636363636364,8.291994898793366,4.37842368051938,4.371578574568723,4.385930174739063,8.372,8.331904761904763,8.379096577843073,4.420430372905687,4.393744451591188,4.423786137100797,8.394333333333332,8.350172043010753,8.485320954720452,4.485569864043421,4.431566238450074,4.457422936235926,8.9,8.608229508196722,8.800545902222247,4.55756713359702,4.496528407857078,4.530071439086489,7.434522109476186
2023-09-28,sz001258,8.23,8.27,8.31,8.23,23992,19680213.0,0.97,0.12,0.01,0.51,4.38006645275147,-0.13981402057018943,8.254000000000001,8.247333333333334,8.257194746424474,4.348539539944011,4.368081980006063,4.379789528229647,8.289,8.259636363636364,8.28799582628548,4.381932184401801,4.371877260429103,4.384864043468592,8.369,8.322190476190476,8.368706427572304,4.413156837523709,4.389900268719358,4.419622357638956,8.371333333333334,8.342150537634408,8.471429280222358,4.477200770793242,4.424759566753818,4.452432195365962,8.879833333333332,8.587573770491804,8.783150954608402,4.553743268426701,4.490708713403126,4.52515324281321,7.294029794513212
2023-10-09,sz001258,8.26,8.24,8.28,8.18,28122,22960342.0,1.21,-0.36,-0.03,0.6,4.449046203903854,0.06897975115238353,8.235999999999999,8.242666666666667,8.251463164282983,4.361909338649291,4.401584201326011,4.402875086787716,8.273,8.250727272727275,8.279269312415392,4.383171252575951,4.384079809429476,4.3965335271840935,8.363000000000001,8.309904761904761,8.356448672565419,4.419758242666495,4.393318303612705,4.422424628711804,8.352,8.333677419354839,8.45649835891769,4.475830470837054,4.422943143083535,4.45221374430389,8.858833333333333,8.566595628415302,8.765342726588454,4.5540626815082526,4.487276022763032,4.522657930062083,7.36097835269835
2023-10-10,sz001258,8.21,8.31,8.48,8.19,65962,54881794.24,3.52,0.85,0.07,1.41,4.819293815192549,0.3702476112886952,8.25,8.267333333333335,8.270975442855322,4.481271630260019,4.5540456935070965,4.541681329589327,8.258,8.257454545454545,8.284856710158047,4.417183427545034,4.463374820814312,4.473399034094721,8.3545,8.304857142857143,8.35202498946395,4.4311185389212095,4.431369310519948,4.460221694090922,8.343666666666667,8.330967741935485,8.447046851890743,4.478599028046648,4.445102068525825,4.475896329522514,8.830499999999999,8.548601092896176,8.750413456864242,4.5451022399427785,4.49597212550678,4.532383696787672,7.739428301237206
2023-10-11,sz001258,8.31,8.25,8.32,8.22,31143,25559484.0,1.2,-0.72,-0.06,0.66,4.493360445762301,-0.3259333694302482,8.266,8.267333333333333,8.263983628570216,4.532329478186367,4.558075298674524,4.525574368313652,8.248999999999999,8.256,8.278519126492949,4.433957644840261,4.4772251877629055,4.477028381670645,8.3405,8.294904761904762,8.342308323800717,4.42517704778217,4.437297111171481,4.463377765678673,8.335333333333333,8.324924731182795,8.43433415176876,4.473574255234865,4.446054418055868,4.477023046699275,8.803166666666666,8.529568306010928,8.734006458278529,4.535514767131288,4.494275673238568,4.531104245934381,7.407552081950576
2023-10-12,sz001258,8.28,8.31,8.33,8.22,28171,23179520.2,1.33,0.73,0.06,0.6,4.449802263626655,-0.043558182135646106,8.276,8.282000000000002,8.279322419046812,4.518313836247366,4.53056622715462,4.500317000084653,8.258,8.267090909090909,8.284242921676048,4.446016394622354,4.4801060275422495,4.4720781783899195,8.329500000000001,8.292,8.339231340581602,4.425531416817078,4.4396423698233365,4.462084860721338,8.338666666666667,8.323290322580647,8.42631259359013,4.467822015005928,4.444520741177918,4.475266867146202,8.778,8.513398907103825,8.720104607187428,4.528508838048169,4.491465427222022,4.528438607170194,7.365104442125895
2023-10-13,sz001258,8.31,8.27,8.33,8.25,21923,17996621.6,0.96,-0.48,-0.04,0.47,4.340899983858713,-0.10890227976794176,8.276,8.28,8.276214946031208,4.510480542468814,4.471428276358403,4.447177994676006,8.264999999999999,8.269272727272726,8.28165329955313,4.429510041206412,4.460993952857951,4.4482275975660635,8.3235,8.286333333333333,8.33263787957383,4.413795666057814,4.4315822333511115,4.450543443877279,8.34,8.318860215053764,8.416227910132703,4.460657622466288,4.436332223039388,4.466598035966364,8.752666666666666,8.496743169398908,8.705347079082923,4.520792499808182,4.485314317248597,4.522289799848505,7.255190985204118
2023-10-16,sz001258,8.25,8.14,8.29,8.1,42951,34757211.26,2.3,-1.57,-0.13,0.92,4.63297327967893,0.29207329582021657,8.256,8.234666666666666,8.230809964020807,4.5472659576238295,4.5122591887617745,4.509109756343648,8.245999999999999,8.246545454545455,8.255898154179832,4.4545876481365605,4.497987268943864,4.481817721586585,8.3085,8.268857142857144,8.314291414852514,4.426594507504726,4.452456291791218,4.467917713953627,8.341333333333333,8.30595698924731,8.39840675464027,4.4645181886281256,4.447449362214397,4.477331922657498,8.7255,8.476655737704917,8.686811109276924,4.519571677364476,4.488992375605015,4.525918766400323,7.541044923617257
2023-10-17,sz001258,8.16,8.19,8.23,8.14,23200,18848499.73,1.11,0.61,0.05,0.49,4.365487984890899,-0.2674852947880302,8.232000000000001,8.212666666666667,8.217206642680537,4.456504791563499,4.451666531184131,4.461235832526065,8.241,8.236363636363635,8.24391667160168,4.468888210911759,4.481787330171925,4.460666860369187,8.295,8.257571428571428,8.302454137247512,4.4259090715576646,4.4466366229708525,4.458162501661938,8.341333333333333,8.296193548387096,8.384961157566703,4.451664646174849,4.4410603168119955,4.470116184737073,8.700166666666666,8.459098360655737,8.670522220448172,4.5159888542290565,4.483940451261619,4.520658740777063,7.275276787702952
2023-10-18,sz001258,8.22,8.02,8.22,8.0,33011,26471332.08,2.69,-2.08,-0.17,0.7,4.518658680583077,0.1531706956921779,8.186,8.142,8.151471095120359,4.461564438527655,4.472384494190657,4.4803767818784035,8.226,8.196181818181817,8.203204549492282,4.49694695835701,4.4908365064758025,4.471210827680803,8.272499999999999,8.23138095238095,8.27555374322394,4.4344716014012056,4.45546991906851,4.463924042511571,8.328666666666667,8.275462365591396,8.361415276433368,4.44660710127025,4.445382512580268,4.473247958662622,8.6745,8.436797814207651,8.649193623056428,4.512308542133469,4.484027986551915,4.520593165032998,7.422775796247978
2023-10-19,sz001258,7.95,7.81,8.01,7.79,38985,30465824.0,2.74,-2.62,-0.21,0.83,4.5908975385566935,0.07223885797361618,8.086,8.016666666666667,8.037647396746905,4.489783493513663,4.515495527533671,4.517217034104501,8.181,8.120545454545454,8.131712813220958,4.504048664880514,4.507918430148472,4.492972047840055,8.242,8.187333333333335,8.231215291488326,4.441236172699947,4.470367627369034,4.476016756420631,8.308333333333334,8.242,8.325840097308635,4.448303136897296,4.454691573050362,4.480838254139659,8.644833333333334,8.408453551912569,8.621679078038184,4.514120140744347,4.486604674959234,4.522898226460004,7.483812928851875
2023-10-20,sz001258,7.78,7.81,7.91,7.68,32156,24959464.0,2.94,0.0,0.0,0.69,4.507262019990281,-0.08363551856641216,7.994,7.924666666666666,7.961764931164604,4.523055900739976,4.521321703025876,4.513898696066429,8.135,8.053090909090908,8.07321957445351,4.516768221604395,4.508502676532065,4.495570224594642,8.212,8.146190476190476,8.191099549441818,4.449350203003099,4.476655803301447,4.478992495808217,8.291,8.209849462365591,8.292560091030658,4.447693965550603,4.458495371959586,4.482543013226796,8.617166666666666,8.381081967213115,8.595066649250047,4.513376155459991,4.486379818541068,4.5223855639528,7.3972352547146425
2023-10-23,sz001258,7.81,7.58,7.84,7.56,34445,26199142.44,3.59,-2.94,-0.23,0.73,4.537126189088166,0.02986416909788492,7.882,7.786666666666665,7.834509954109736,4.503886482621823,4.52601179914194,4.521641193740342,8.068999999999999,7.952181818181817,7.983543288189235,4.525576220122827,4.512204125165478,4.503125854502556,8.171000000000001,8.086,8.132899592352121,4.454373736349389,4.485015421023833,4.484529038025355,8.265,8.163978494623654,8.246588472254487,4.455030901818606,4.464265192832977,4.4860645084436594,8.586166666666665,8.34707650273224,8.561785775504145,4.515320744293025,4.487158508168221,4.522868863137566,7.418287076065122
2023-10-24,sz001258,7.64,7.72,7.74,7.56,27052,20587931.16,2.37,1.85,0.14,0.58,4.432199378753305,-0.10492681033486129,7.787999999999999,7.732666666666668,7.796339969406491,4.517228761394305,4.502116097852434,4.49182725541133,8.01,7.888727272727271,7.935626326700283,4.4868667764789025,4.495226517643747,4.490230131639056,8.134,8.043047619047618,8.09357582165192,4.452025102011968,4.4829035774432535,4.479545260951826,8.239666666666666,8.128817204301075,8.212615022431617,4.4497012847737745,4.462792191344894,4.482589338786218,8.558166666666667,8.318677595628415,8.534186241881057,4.5162192529496314,4.484433217494788,4.519896093157754,7.313612707427262
2023-10-25,sz001258,7.73,7.84,7.85,7.73,31145,24184426.0,1.55,1.55,0.12,0.66,4.49338833521016,0.061188956456854626,7.752,7.75,7.810893312937661,4.5121746923197215,4.494169289124385,4.492347615344274,7.968999999999999,7.857818181818181,7.918239721845686,4.486869565423687,4.496412255594884,4.490804350470165,8.109,8.01504761904762,8.069425743399355,4.460413605131974,4.486842932985939,4.480863648976429,8.216666666666667,8.103032258064516,8.188575343565061,4.445741220329342,4.465610710727886,4.483286048232924,8.531,8.295131147540983,8.511426037229219,4.516602952153134,4.483684662814804,4.5190269863398,7.383535784178851
2023-10-26,sz001258,7.82,8.03,8.05,7.81,50900,40052646.0,3.06,2.42,0.19,1.09,4.706717782336758,0.21332944712659874,7.795999999999999,7.842666666666665,7.883928875291774,4.5353387410757335,4.55901698579673,4.563804337675102,7.941,7.868909090909091,7.938559772419198,4.512561117294698,4.536384658669989,4.530061338082272,8.0995,8.007523809523809,8.065670910694655,4.479288755958526,4.5103004736721095,4.502373566439317,8.2,8.090989247311828,8.178344676238284,4.454541316976285,4.482447908276752,4.497700998820269,8.5085,8.278704918032787,8.495641576992195,4.519057785196089,4.48991793593558,4.525180782929865,7.602631212186557
2023-10-27,sz001258,8.0,8.33,8.76,7.99,158980,132383790.83,9.59,3.74,0.3,3.39,5.201342492647708,0.49462471031094957,7.9,8.020666666666667,8.032619250194516,4.6741548356072204,4.781018236320722,4.7763170559993045,7.947,7.939636363636364,8.009730722888435,4.598605368173598,4.661617636006899,4.652112457094169,8.106,8.02947619047619,8.090845109676117,4.514057704690005,4.579067496213936,4.568942035602021,8.198,8.099376344086021,8.188128890674525,4.475398900096408,4.530628629287811,4.543097224228491,8.491666666666667,8.272852459016395,8.490210705615402,4.53142010087628,4.51228792634383,4.547350019314056,8.121834813018834
2023-10-30,sz001258,8.29,8.31,8.41,8.29,66442,54929174.77,1.44,-0.24,-0.02,1.42,4.822442696866214,-0.3788997957814937,8.046000000000001,8.157333333333334,8.125079500129678,4.731218137162829,4.830447523407054,4.791692269621608,7.964,8.005636363636365,8.06432513690872,4.617552309892327,4.702315332132829,4.683081591598177,8.105,8.048904761904762,8.111717003992677,4.536069979014443,4.608437495468813,4.5930849557224205,8.193666666666667,8.106602150537634,8.195991542889072,4.4902471083005935,4.553018551660056,4.561119512785764,8.4745,8.266896174863387,8.484302157890307,4.532860847755853,4.521829650802515,4.556369451364946,7.739803074435023
2023-10-31,sz001258,8.28,8.18,8.37,8.13,77759,63340892.2,2.89,-1.56,-0.13,1.66,4.890750666819524,0.06830796995330957,8.138,8.202,8.143386333419786,4.822928394776072,4.883625033292619,4.824711735354247,7.962999999999999,8.04490909090909,8.085356930198042,4.670078578085189,4.751987760665046,4.720839605274786,8.102,8.05604761904762,8.118220146469564,4.569483394498475,4.642216608593106,4.621434071065002,8.184333333333333,8.105720430107528,8.194959830444615,4.50729890706684,4.578857490919343,4.582386038852458,8.4565,8.25724043715847,8.474325037959478,4.531642617690215,4.533563743230832,4.567332769904441,7.80168417641524
2023-11-01,sz001258,8.37,8.18,8.4,8.16,78408,63982079.0,2.93,0.0,0.0,1.67,4.894360376187043,0.0036097093675193648,8.206,8.216000000000001,8.155590888946524,4.90312280297145,4.907435693762943,4.847927948965179,7.978999999999999,8.084363636363637,8.102564761071125,4.707648747645585,4.792766269410839,4.752388836349741,8.102500000000001,8.063476190476191,8.124103942043892,4.602297853001298,4.673157273515827,4.647427052505196,8.174666666666667,8.105440860215053,8.19399468009335,4.525530650149332,4.603829198604517,4.602513415454689,8.440333333333333,8.248174863387979,8.464675036714905,4.529240341150823,4.545456128755319,4.57805498650387,7.80605834771368
2023-11-02,sz001258,8.19,8.0,8.2,8.0,60418,48314450.0,2.44,-2.2,-0.18,1.29,4.7811663448475565,-0.11319403133948658,8.2,8.147333333333334,8.103727259297683,4.918012515473609,4.866783541054977,4.825674080925971,7.998,8.088181818181818,8.083916622694556,4.726675628274672,4.806133105265743,4.757621110622071,8.089500000000001,8.053714285714285,8.112284518992093,4.615362146577594,4.690192367977375,4.6601641279663735,8.160666666666666,8.09417204301075,8.181478894280877,4.536382657891522,4.620321824068919,4.61403941089939,8.421333333333333,8.233737704918033,8.449439789609498,4.5338268291631145,4.5537159977289825,4.584714375302024,7.6840770400002905
2023-11-03,sz001258,7.98,8.03,8.13,7.96,62038,49689727.0,2.13,0.38,0.03,1.32,4.792657788449037,0.011491443601480356,8.139999999999999,8.090666666666667,8.079151506198455,4.836275574633875,4.824998632046786,4.814668650100327,8.02,8.094,8.074113600386454,4.755215205120548,4.818129861661082,4.763991415681518,8.077499999999999,8.048047619047619,8.104447898135703,4.635991713362471,4.707077667203228,4.672782571821865,8.148,8.08574193548387,8.171706062391788,4.551305203708915,4.636855703459727,4.625563177192916,8.402666666666667,8.220907103825137,8.435687665360005,4.539193698005819,4.562202258689177,4.591532192126516,7.696266610697651
2023-11-06,sz001258,8.05,8.11,8.18,8.03,48783,39113902.0,1.87,1.0,0.08,1.04,4.688268504534155,-0.10438928391488211,8.1,8.080666666666666,8.089434337465637,4.809440736167463,4.775662942013546,4.772535268244936,8.073,8.110363636363635,8.08063840031619,4.770329436665145,4.805957734281738,4.7502236136547245,8.071,8.051142857142857,8.104976669741827,4.647952828393986,4.712056409219579,4.674257422556369,8.138333333333334,8.083290322580645,8.167725026108448,4.559692303121308,4.645692045448451,4.629608682182673,8.384833333333333,8.211311475409836,8.42500938124984,4.5422440902505805,4.567089957263876,4.594703874500537,7.592331143299053
2023-11-07,sz001258,8.08,8.04,8.09,7.99,43272,34546138.0,1.23,-0.86,-0.07,0.92,4.636206968434008,-0.05206153610014663,8.072,8.060666666666666,8.07295622497709,4.75853199649036,4.717918352769061,4.727092501641294,8.105,8.104363636363635,8.0732496002587,4.790730195633216,4.781571830966986,4.729493314523685,8.0575,8.048190476190475,8.098788415480701,4.638798486056059,4.710937755890058,4.670633569782812,8.124333333333333,8.07694623655914,8.159484701843388,4.564926799885717,4.650628475468626,4.6300343780698565,8.365333333333334,8.200005464480874,8.412386122848204,4.544214200070557,4.570170707368251,4.596064631678683,7.538399503547052
2023-11-08,sz001258,8.04,7.98,8.06,7.96,40943,32483362.6,1.24,-0.75,-0.06,0.87,4.612179661377579,-0.024027307056429414,8.032,8.03,8.041970816651395,4.702095853528467,4.669134241064802,4.68878822155339,8.119,8.081636363636365,8.05629512748439,4.802609328249959,4.749108097465961,4.708163559406211,8.044,8.040809523809525,8.087475233053969,4.644739446836823,4.708402629730201,4.665066530887075,8.112333333333334,8.06763440860215,8.147905043659945,4.574478846171303,4.653677047177777,4.6288824608639025,8.3455,8.187371584699452,8.39820952865646,4.5478080604603965,4.572399083148809,4.596592993308155,7.511660980022211
2023-11-09,sz001258,7.98,7.96,8.06,7.95,43563,34515571.0,1.38,-0.25,-0.02,0.93,4.639117780142108,0.02693811876452923,8.024,8.005999999999998,8.01464721110093,4.673686140587376,4.648141549936016,4.67223140774963,8.112,8.052727272727273,8.038786922487226,4.795849328030494,4.7193823614463515,4.6956097813581925,8.026499999999999,8.032809523809524,8.075334734667877,4.654205222662595,4.707867232902133,4.6625952212923165,8.103666666666665,8.057806451612903,8.135782137617367,4.584808946649181,4.657847300982346,4.629542804043142,8.325833333333334,8.174732240437159,8.38384200312674,4.55374399340386,4.575392844449849,4.597987248614186,7.538015062429466
2023-11-10,sz001258,7.96,8.01,8.03,7.86,49379,38892519.7,2.14,0.63,0.05,1.05,4.693542290559878,0.0544245104177703,8.02,8.001333333333333,8.013098140733955,4.653863041009545,4.654760266593515,4.679335035353046,8.08,8.034181818181818,8.033552936580458,4.74506930782171,4.700781081906239,4.695233873940317,8.0135,8.031238095238097,8.069112378985222,4.671837337997654,4.7116136203209225,4.66554256122256,8.097333333333333,8.051763440860217,8.127667160996893,4.591061572400574,4.6648623554281965,4.633671803173254,8.306833333333334,8.164377049180327,8.371584888270124,4.56089254894217,4.579976395176276,4.6011202008091265,7.5898660803641675
2023-11-13,sz001258,8.03,8.11,8.17,8.01,54749,43878710.45,2.0,1.25,0.1,1.17,4.73837619112041,0.0448339005605316,8.02,8.031333333333333,8.045398760489304,4.663884578326797,4.68293131663047,4.699015420608834,8.059999999999999,8.039636363636365,8.047452402656738,4.7366626572471295,4.6995641515969115,4.703077931609425,8.011999999999999,8.04042857142857,8.073006438129488,4.677107483569729,4.717950653951661,4.672479097403309,8.09,8.05258064516129,8.126527344158385,4.602934205092006,4.674366524377865,4.640426924976296,8.287666666666667,8.15792349726776,8.36300833455635,4.556390590227692,4.585795530985397,4.605620397212775,7.642253855623762
2023-11-14,sz001258,8.11,8.1,8.15,8.04,34485,27726181.0,1.36,-0.12,-0.01,0.74,4.53763023032496,-0.20074596079544982,8.032,8.058,8.063599173659536,4.644169230704987,4.640846533963191,4.645220357180876,8.052,8.046909090909091,8.057006511264603,4.701350613597674,4.663376437611063,4.672996531375885,8.007499999999999,8.048809523809522,8.075577253545728,4.68571459584143,4.704667106023587,4.659636348157751,8.085333333333333,8.053225806451614,8.12481590259978,4.613439134198207,4.670153364715474,4.633794880160081,8.269666666666668,8.151770491803278,8.354385110472535,4.55254329570962,4.585180437218095,4.603391211413174,7.442890054040654
2023-11-15,sz001258,8.12,8.15,8.16,8.03,50955,41133589.81,1.6,0.62,0.05,1.09,4.707186805925709,0.16955657560074933,8.065999999999999,8.097333333333333,8.09239944910636,4.663170659614613,4.661852392370099,4.66587584009582,8.049,8.064727272727271,8.073914418307403,4.68263325657154,4.664437563488888,4.6792129449303985,8.014,8.062380952380954,8.08266513416042,4.695141002108563,4.706712078412567,4.664164963183271,8.084666666666667,8.057397849462365,8.126440683077213,4.629076320858045,4.676201601601119,4.6385298431127024,8.253,8.147846994535518,8.3476839593095,4.555779669190416,4.590250716241574,4.606794345659487,7.614196612904315
2023-11-16,sz001258,8.16,8.11,8.16,8.09,33746,27220698.0,0.86,-0.49,-0.04,0.72,4.528222302178018,-0.17896450374769124,8.096,8.112,8.09826629940424,4.640991564021795,4.6168696065579,4.619991327456553,8.059999999999999,8.075818181818184,8.080475433160602,4.657338852304586,4.636362844508248,4.651760100793602,8.029,8.071523809523809,8.085268454716571,4.692007240289629,4.690815059371562,4.651218043087533,8.079666666666666,8.059032258064516,8.125379993846426,4.629354381819923,4.669694890718537,4.63141322756853,8.237,8.143158469945355,8.339891042610827,4.557462122931672,4.5893471960116585,4.604218213086324,7.434899257298682
2023-11-17,sz001258,8.11,8.13,8.15,8.08,29897,24111730.97,0.86,0.25,0.02,0.64,4.475627611441081,-0.05259469073693701,8.120000000000001,8.123333333333333,8.108844199602828,4.597408628198036,4.561748289030996,4.5718700887847294,8.07,8.088545454545455,8.089479899858674,4.6256358346037905,4.603324437078519,4.619736011820416,8.045,8.081142857142858,8.089528601886421,4.690425519862169,4.670207475671702,4.63449514483549,8.075,8.062279569892473,8.125678058759561,4.6325397537762445,4.659777034565064,4.6213625426570815,8.223166666666666,8.139650273224044,8.333009369082601,4.554870262284743,4.586664097274262,4.600002127786479,7.382228389296357
2023-11-20,sz001258,8.15,8.16,8.19,8.12,31035,25090150.0,0.86,0.37,0.03,0.66,4.491851749721416,0.016224138280334977,8.129999999999999,8.136666666666667,8.125896133068553,4.548103739918237,4.526562662872123,4.545197309096959,8.075,8.104909090909091,8.102301736248005,4.605994159122517,4.5790000580089965,4.596484327802416,8.074,8.092095238095238,8.096240163611524,4.688161797893832,4.651295688039248,4.620910059586531,8.072333333333333,8.067763440860215,8.127892377549268,4.633966605303496,4.6507003891421705,4.613007007628974,8.212166666666667,8.137579234972677,8.327336930752024,4.554898538070275,4.584597916534482,4.596456213751559,7.3995032577266295
2023-11-21,sz001258,8.18,8.12,8.18,8.11,35437,28677055.0,0.86,-0.49,-0.04,0.76,4.549456948582016,0.05760519886059967,8.134,8.133333333333333,8.123930755379035,4.550469083569648,4.527013732426715,4.546617188925311,8.083000000000002,8.113090909090909,8.105519602384732,4.597319157137318,4.568720565183451,4.587933895216888,8.094,8.096476190476189,8.098503005172331,4.694024676385267,4.638085702390503,4.614105001395624,8.065999999999999,8.07083870967742,8.127383191900929,4.624972043083146,4.645248153224657,4.6089070038194935,8.204833333333333,8.13455737704918,8.32053899859622,4.551785535564897,4.584419503764374,4.594915254237804,7.457534549264922
2023-11-22,sz001258,8.12,8.06,8.16,8.06,23730,19099186.0,1.23,-0.74,-0.06,0.51,4.375297738217339,-0.17415921036467719,8.116,8.108666666666666,8.102620503586024,4.4840912700279745,4.468623283975946,4.489510705355988,8.091,8.10890909090909,8.097243311042053,4.573630964821293,4.528353034470728,4.549272775762424,8.105,8.093238095238094,8.094836052298776,4.688120146535626,4.607730755898319,4.591361452521502,8.059666666666667,8.070451612903227,8.123035889197643,4.621036619498313,4.629140133555895,4.593835438296774,8.1975,8.1298087431694,8.311996736347162,4.547305437366589,4.578633018605438,4.58771467994205,7.281014858177492
2023-11-23,sz001258,8.06,8.13,8.14,8.03,29110,23349409.0,1.36,0.87,0.07,0.62,4.464042205438811,0.08874446722147233,8.120000000000001,8.113333333333335,8.111747002390683,4.471255250680133,4.461940262446224,4.481021205383596,8.108,8.116,8.10319907267077,4.556123407350964,4.5084278054920945,4.533776308430857,8.11,8.09561904761905,8.098184999698892,4.675986367690728,4.5863899996033854,4.579235809942198,8.053666666666667,8.074989247311828,8.123485186668765,4.621511284225385,4.619011461681089,4.585461681338197,8.196166666666667,8.1275956284153,8.306029630237418,4.544666649615658,4.575903076575019,4.583659844712436,7.36827589255579
2023-11-24,sz001258,8.12,8.04,8.14,8.01,33824,27102231.0,1.6,-1.11,-0.09,0.72,4.529224965627332,0.0651827601885211,8.102,8.086666666666666,8.087831334927122,4.481974721517382,4.4812635007619575,4.497089125464841,8.111,8.103636363636364,8.091708332185176,4.539691674857709,4.5035371797241615,4.532948791557489,8.0955,8.08895238095238,8.09264357115614,4.6423804913397095,4.572412723216395,4.574472872388402,8.046,8.074107526881718,8.118099045593361,4.627788783617673,4.613057505642504,4.581833506131044,8.193,8.122475409836065,8.297307347278814,4.54422320304198,4.57539679185409,4.581875094578498,7.433005042575832
2023-11-27,sz001258,8.01,8.02,8.04,7.94,29815,23643187.25,1.24,-0.25,-0.02,0.64,4.474434813681758,-0.05479015194557402,8.074000000000002,8.059333333333333,8.065220889951416,4.478491334309451,4.478750198150083,4.489537688203813,8.102,8.087090909090909,8.078670453606053,4.513297537113845,4.491672295873988,4.522309886489174,8.081,8.081761904761905,8.085725135807936,4.624980097180487,4.55641789677278,4.564945438225864,8.042,8.07243010752688,8.111770074909918,4.622504168084433,4.60316370113051,4.574904558231091,8.191666666666666,8.116803278688526,8.288215303105737,4.5435111783562805,4.57310864794064,4.578352462417949,7.373706021777047
2023-11-28,sz001258,8.03,8.12,8.13,7.95,34975,28041898.0,2.24,1.25,0.1,0.75,4.543757723163865,0.06932290948210706,8.074,8.074666666666666,8.083480593300944,4.47735148922582,4.500505661101554,4.507611033190497,8.104,8.090363636363637,8.08618491658677,4.513910286397734,4.497210511519447,4.5262094931573,8.078,8.08547619047619,8.088989408588132,4.607630449997704,4.548682432580722,4.5629275606009125,8.039666666666667,8.077462365591396,8.112301037818956,4.6284464926935325,4.598083285329182,4.5728950850009475,8.1905,8.114453551912568,8.282700047266204,4.54005556943419,4.573116731376954,4.577218208671913,7.44780740526574
2023-11-29,sz001258,8.15,8.04,8.22,8.01,37351,30051642.0,2.59,-0.99,-0.08,0.8,4.572302233692734,0.028544510528869083,8.07,8.063333333333333,8.06898706220063,4.5167523883209,4.532155909257193,4.529174766691243,8.093,8.078727272727273,8.077787659025539,4.500421829174437,4.507827229209447,4.534589991436469,8.071,8.081857142857142,8.084323750627357,4.5915275428729885,4.545317840551676,4.563820386609657,8.040333333333333,8.077483870967741,8.107636454733862,4.630234611130521,4.594461075071066,4.57285683652945,8.1845,8.109519125683061,8.274742668667312,4.5384208562003865,4.574173999057563,4.577057029164399,7.477868206523683
2023-11-30,sz001258,8.0,7.93,8.03,7.86,37211,29286360.0,2.11,-1.37,-0.11,0.79,4.570671341310066,-0.0016308923826677812,8.03,8.016666666666667,8.022658041467087,4.538078215495152,4.550128893586914,4.543006958230851,8.075,8.049090909090909,8.05091717556635,4.5046667330876415,4.520599867779562,4.541150236868032,8.0675,8.068428571428573,8.069626250567609,4.581002792696114,4.543331535640922,4.564472858485887,8.044333333333334,8.070365591397849,8.09617603829942,4.629560404555633,4.590618283469746,4.572715836837877,8.176333333333334,8.101174863387977,8.26343963035035,4.538931770726465,4.575231392011978,4.576847662349502,7.466665396599632
2023-12-01,sz001258,7.92,7.93,7.96,7.87,21168,16612651.0,1.13,0.0,0.0,0.45,4.325679826843426,-0.24499151446664058,8.008,7.983333333333333,7.991772027644725,4.49736918773837,4.479329430703006,4.470564581101709,8.055,8.022727272727273,8.028932234554285,4.489671954627876,4.488056793916977,4.50197379868174,8.0625,8.055333333333333,8.056328512418313,4.557653894615834,4.519015062702571,4.541730664996129,8.048333333333334,8.062989247311826,8.085455003570425,4.623507664784071,4.571013084907669,4.55677802974146,8.169666666666666,8.093098360655738,8.252507183453616,4.535600815167339,4.568239524999419,4.568612651349303,7.220438941470351
2023-12-04,sz001258,7.95,7.93,7.97,7.89,28922,22778639.26,1.01,0.0,0.0,0.62,4.46122832178055,0.13554849493712418,7.989999999999999,7.957333333333333,7.97118135176315,4.494727889358129,4.467282475383732,4.467452494661323,8.032,8.0,8.010944555544414,4.48660961183379,4.482885224308371,4.494565530154251,8.0535,8.042714285714286,8.044297225521332,4.546301885478153,4.509831674813496,4.534063775166073,8.059999999999999,8.055354838709675,8.075425648501366,4.620977735873818,4.560543449875184,4.55061353245366,8.1625,8.08524043715847,8.241933177438744,4.538004318846212,4.565801082593296,4.565091853658524,7.357527776831569
2023-12-05,sz001258,7.92,7.79,7.92,7.78,25643,19971765.37,1.77,-1.77,-0.14,0.55,4.408968832361207,-0.052259489419342664,7.9239999999999995,7.890666666666666,7.9107875678421005,4.467770111197597,4.438696123051425,4.447957940561285,7.999,7.955999999999999,7.970772818172703,4.472560800211708,4.46876871894972,4.479002494191879,8.041,8.017619047619048,8.020078442138347,4.5349399786745135,4.496752336421406,4.52214997108942,8.062333333333333,8.037935483870967,8.057011090533535,4.620203384327414,4.546865456100177,4.54147516470576,8.151,8.073027322404371,8.227115696211245,4.534952334550595,4.561570410905263,4.559973066075006,7.300416455284492
2023-12-06,sz001258,7.78,7.88,7.93,7.78,30508,23831776.38,1.93,1.16,0.09,0.65,4.484413737716676,0.07544490535546888,7.891999999999999,7.8759999999999994,7.900525045228067,4.4501924120023855,4.444243998557785,4.460109872946416,7.981,7.934363636363637,7.954268669414029,4.483472400161643,4.470923798496078,4.479986356650933,8.035999999999998,8.002285714285714,8.006737638125172,4.528551682491468,4.491940313473041,4.5185560441015395,8.063666666666666,8.026172043010751,8.045591020176534,4.619904231077631,4.538104833738194,4.537793782319368,8.140166666666666,8.064142076502733,8.215734853712515,4.532822725703486,4.55991340773038,4.5574957110468635,7.377156415123584
2023-12-07,sz001258,7.88,7.78,7.88,7.76,32481,25110249.5,1.52,-1.27,-0.1,0.69,4.511629391498832,0.027215653782155513,7.861999999999999,7.838666666666666,7.860350030152045,4.438384022040138,4.464722991723267,4.477283045797221,7.946,7.897818181818182,7.922583456793296,4.4882311187676445,4.476043251466477,4.485739635714187,8.027,7.97790476190476,7.985143577351345,4.522177263059304,4.490328666711837,4.517896362901281,8.055333333333333,8.007870967741935,8.028456115649016,4.613401284716368,4.531119360216981,4.53610575710514,8.127666666666666,8.052333333333333,8.201448465066203,4.533971300846326,4.5592185443138336,4.55599189729119,7.3998510279632175
2023-12-08,sz001258,7.8,7.8,7.92,7.79,35919,28003675.68,1.67,0.26,0.02,0.77,4.555324237223348,0.04369484572451654,7.836,7.818,7.840233353434697,4.4843129041161225,4.503703063451003,4.503296776272597,7.922,7.871272727272727,7.90029555555815,4.4908410459272465,4.488242000276604,4.498391381443125,8.016499999999999,7.956285714285714,7.967510855698836,4.515266360392477,4.493485521394127,4.521460922360526,8.037666666666667,7.9913978494623645,8.013717011413597,4.591867342868889,4.527372453927108,4.537345659048251,8.117833333333333,8.041590163934428,8.188286220309934,4.533633121482649,4.55991864058849,4.555970006797162,7.447215039298364
2023-12-11,sz001258,7.74,7.92,7.94,7.68,42680,33231233.0,3.33,1.54,0.12,0.91,4.630224410752432,0.07490017352908396,7.8340000000000005,7.846,7.866822235623132,4.5181121219105,4.552340232329774,4.545605987765875,7.911999999999999,7.87090909090909,7.903878181820305,4.506420005634314,4.51358443024482,4.522361023135726,8.007,7.947095238095239,7.9629860122989475,4.509858771374079,4.504433907142694,4.531819349826422,8.024666666666667,7.983806451612903,8.00767075261272,4.585460066665095,4.529847103467983,4.543337836577553,8.109166666666665,8.035103825136613,8.179489950791575,4.537853587482845,4.5630855681055325,4.558404577418646,7.521546455487614
2023-12-12,sz001258,7.88,7.95,7.95,7.88,24762,19493118.0,0.88,0.38,0.03,0.53,4.39378571926106,-0.2364386914913723,7.866,7.884666666666667,7.894548157082088,4.51507549929047,4.510898098113294,4.494999231597604,7.8950000000000005,7.877818181818181,7.912263966943885,4.491422805244033,4.493105469086046,4.498983695158514,7.9995,7.941666666666667,7.961749249222858,4.502666545820884,4.493379330750979,4.518673289772578,8.017,7.978989247311828,8.003950058895771,4.568894568413147,4.5174810165386905,4.533689312879716,8.100666666666665,8.029885245901639,8.171965690109884,4.538096737739993,4.558362031442523,4.553007237806921,7.289881311764599
2023-12-13,sz001258,7.95,7.93,7.99,7.91,23773,18765951.0,1.01,-0.25,-0.02,0.51,4.376083990362361,-0.017701728898698477,7.876,7.906000000000001,7.906365438054726,4.4934095498196065,4.464567595137257,4.455360817852524,7.883999999999999,7.884181818181819,7.915488700226815,4.471800980910996,4.472134775471196,4.476638294286486,7.9885,7.935047619047618,7.958725511201633,4.486111405042716,4.481323849278739,4.505093356495415,8.008666666666667,7.973376344086022,7.9991790873541095,4.551618688885657,4.50504162440638,4.523521227556016,8.091666666666667,8.024289617486339,8.164032388794805,4.538574669517495,4.55305013808588,4.547206475595623,7.273370577999673
2023-12-14,sz001258,7.99,7.96,8.04,7.91,26661,21090981.0,1.64,0.38,0.03,0.57,4.4258764348879325,0.04979244452557108,7.912000000000001,7.934,7.924243625369818,4.476258958497427,4.4420565568267,4.445532690197661,7.8870000000000005,7.898,7.923581663821939,4.457321490268782,4.463784858012458,4.467408865304931,7.980999999999999,7.932333333333334,7.958846891087192,4.480994111678212,4.475587185454472,4.4975488877708925,8.007333333333332,7.970236559139786,7.996651404299007,4.539775691887003,4.496929220922656,4.517221563512914,8.084,8.01997267759563,8.157342802276942,4.538079174889263,4.549355113999665,4.54322844147406,7.324096780449699
2023-12-15,sz001258,7.93,7.92,8.03,7.89,25884,20447530.15,1.76,-0.5,-0.04,0.55,4.41303139115017,-0.012845043737762296,7.936,7.936666666666667,7.922829083579879,4.447800389282792,4.420980701044281,4.434698923848497,7.886,7.903999999999999,7.922930452217949,4.466056646699457,4.455732112718165,4.457522051822247,7.9704999999999995,7.92652380952381,7.955147187174126,4.477864300663667,4.4691145454041825,4.489499602378443,8.003666666666668,7.964602150537634,7.9917061524087485,4.527121478643708,4.488752169262216,4.510499616908866,8.075833333333332,8.0145956284153,8.149561071054746,4.539213341176311,4.545255186663956,4.538959685725736,7.310640857233064
2023-12-18,sz001258,7.87,7.77,7.95,7.76,31212,24287546.5,2.4,-1.89,-0.15,0.67,4.494321598243498,0.08129020709332746,7.906000000000001,7.881333333333333,7.87188605571992,4.420619826781005,4.43648777069785,4.454573148646832,7.87,7.882909090909091,7.895124915451049,4.4693659743457514,4.460871194817081,4.464212878444292,7.950999999999999,7.9074285714285715,7.937514121728972,4.4779877930897705,4.470681907078453,4.4899588400798764,7.992333333333333,7.94952688172043,7.9774025296727,4.520656581767353,4.486636047946074,4.509455873769165,8.065333333333333,8.00456830601093,8.137116445774263,4.5401744424443296,4.54378332623993,4.537496141873859,7.385383645092103
2023-12-19,sz001258,7.76,7.67,7.81,7.62,35977,27454077.83,2.45,-1.29,-0.1,0.77,4.556024946175577,0.06170334793207921,7.85,7.802666666666666,7.804590703813281,4.4530676721639075,4.481622810496041,4.488390414489746,7.858,7.8465454545454545,7.8541931126417674,4.484071585727189,4.4766273715134135,4.480905981668162,7.9285,7.8806666666666665,7.912036586326213,4.478316192969449,4.478114016896149,4.4962508501842295,7.98,7.928731182795699,7.957570108403495,4.517983847692071,4.488917877907895,4.51246033005345,8.052166666666666,7.99160655737705,8.121801152470187,4.541455323788894,4.5443030148868555,4.538103643654243,7.438606860536072
2023-12-20,sz001258,7.72,7.65,7.8,7.61,27269,20905051.0,2.48,-0.26,-0.02,0.58,4.435669211926046,-0.1203557342495305,7.794,7.736,7.7530604692088545,4.4649847164766445,4.475823323750087,4.470816680301847,7.834999999999999,7.808727272727273,7.817067092161446,4.4791971331481255,4.467826939913205,4.472681114442322,7.9079999999999995,7.854142857142856,7.887080720961812,4.481334766654884,4.474052399653919,4.490481170350117,7.968999999999999,7.907440860215054,7.9377268756032695,4.512100166043687,4.48360725624557,4.507506064367812,8.040666666666667,7.978420765027322,8.106332262225262,4.543289506107495,4.540834617776598,4.534745137695941,7.320251231393325
2023-12-21,sz001258,7.66,7.69,7.74,7.46,35784,26976069.0,3.66,0.52,0.04,0.76,4.5536888851646005,0.11801967323855411,7.74,7.701333333333333,7.732040312805903,4.4905472065319785,4.505391379979406,4.498440748589432,7.8260000000000005,7.782363636363636,7.793963984495728,4.483403082514703,4.481370894825291,4.487409800028191,7.886,7.833380952380951,7.868311128489259,4.485817100641174,4.480943268083417,4.496500952713402,7.96,7.889440860215053,7.921744496532091,4.509252536211104,4.486290399414662,4.510485601193412,8.031833333333333,7.96692349726776,8.092682024119515,4.547030741430143,4.541175581024373,4.535366244170323,7.430978663794327
2023-12-22,sz001258,7.7,7.77,7.91,7.42,89924,68500267.42,6.37,1.04,0.08,1.92,4.9538756169448535,0.400186731780253,7.709999999999999,7.711333333333333,7.744693541870602,4.598716051690915,4.659834183450363,4.650252371374572,7.823,7.772181818181818,7.789606896405596,4.523258220486853,4.566911355630774,4.572221766740311,7.8725,7.822333333333334,7.858948163871235,4.50704963320705,4.525520269636148,4.540060444544968,7.951999999999999,7.877182795698925,7.911954529013892,4.51793031375727,4.514975759462,4.539091408661247,8.024666666666667,7.958338797814209,8.082102285623792,4.554495943078922,4.554514757270757,4.549087862949816,7.835692266949414
2023-12-25,sz001258,7.72,7.73,7.77,7.53,73195,55524181.6,3.09,-0.51,-0.04,1.56,4.864481415121572,-0.08939420182328117,7.702000000000001,7.718000000000001,7.739795694580403,4.67274801506653,4.748422637927249,4.721662052623572,7.804,7.755272727272728,7.778769278877305,4.546683920923767,4.62895193647345,4.625359884627813,7.858,7.808761904761903,7.846667386359688,4.526551963279041,4.559561391723245,4.570957679837978,7.939333333333334,7.8628602150537645,7.900215527142029,4.522133821223974,4.537333895033889,4.560084312303849,8.014666666666667,7.948677595628414,8.070557948390226,4.56253401315799,4.564678215370515,4.559428635152168,7.744482165973805
2023-12-26,sz001258,7.75,8.26,8.5,7.7,371438,304798075.76,10.35,6.86,0.53,7.92,5.569886332215026,0.7054049170934533,7.82,7.904,7.913197129720269,4.87552029227442,5.047468743643416,5.004403479154057,7.834999999999999,7.838181818181819,7.8662657736268855,4.664293982219164,4.814988738526406,4.797091966007306,7.864999999999999,7.847047619047618,7.886032397182575,4.577858393731598,4.658926569717149,4.666093741969125,7.9446666666666665,7.883548387096775,7.923427428616738,4.556542357953644,4.604930831226861,4.625232829717474,8.014999999999999,7.95672131147541,8.076769163197103,4.584990746075926,4.597706160257632,4.592558395711606,8.484012220904269
2023-12-27,sz001258,8.15,8.01,8.24,7.97,266413,212628265.54,3.27,-3.03,-0.25,5.68,5.425555413030224,-0.14433091918480123,7.892,7.967333333333333,7.9454647531468465,5.073497532495255,5.230813783895351,5.14478745711278,7.843000000000001,7.87,7.892399269331087,4.76924112448595,4.953399907764782,4.9113580472842,7.863499999999999,7.860857142857142,7.897838835546139,4.620521052698473,4.739659619174161,4.738423424927325,7.9399999999999995,7.8877634408602155,7.929012755802755,4.580487978190462,4.660996189618898,4.67686654476991,8.012333333333334,7.95655737704918,8.074580010305393,4.604782149524254,4.625265657534821,4.61986977332861,8.327620996556485
2023-12-28,sz001258,7.92,8.21,8.28,7.83,273850,220998984.21,5.62,2.5,0.2,5.84,5.437512745264804,0.011957332234580065,7.996,8.073333333333334,8.033643168764565,5.250262304515296,5.352152188151866,5.242362553163455,7.867999999999999,7.936727272727272,7.950144856725435,4.870404755523637,5.074903838815481,5.007022537826128,7.8774999999999995,7.8938571428571445,7.927568470256031,4.66386312289621,4.817468351799525,4.805003360197562,7.9433333333333325,7.905182795698925,7.947140965105803,4.610797659626687,4.7162881100753085,4.725940493188935,8.0115,7.963038251366122,8.079020009967511,4.620076020723305,4.652568300018118,4.6466777396216,8.344390277517665
2023-12-29,sz001258,8.16,8.14,8.26,8.09,162882,131572112.38,2.07,-0.85,-0.07,3.48,5.211873093316482,-0.22563965194832214,8.07,8.121333333333334,8.069095445843043,5.301861799789622,5.339355784418928,5.2321993998811305,7.889999999999999,7.9861818181818185,7.984663973684447,4.950288925740268,5.136988991141453,5.044268093369828,7.888000000000001,7.918857142857144,7.947800044517362,4.708172786219863,4.869659777553838,4.84375285858984,7.943666666666667,7.917870967741935,7.959583483486075,4.6353391756892,4.755067170313359,4.757290983519744,8.009333333333334,7.967251366120219,8.081019353903002,4.633939464732722,4.671971482726091,4.665208734824711,8.119163847310304
2024-01-02,sz001258,8.14,8.15,8.23,8.09,130545,105744033.0,1.72,0.12,0.01,2.79,5.115760242578008,-0.09611285073847409,8.154,8.148,8.096063630562028,5.352117565280908,5.277321932015057,5.193386347446757,7.928,8.033454545454546,8.014725069378184,5.01243279017372,5.167074685111952,5.057266665953133,7.899000000000001,7.943809523809525,7.967057183134756,4.740899382259736,4.908477630540327,4.869658323731571,7.943333333333333,7.931182795698925,7.97186842003536,4.656136125451087,4.786062077854572,4.780418032491245,8.007833333333332,7.971863387978142,8.083281014430773,4.6450513653772925,4.6877688852783965,4.679980915406786,8.024255870058543
2024-01-03,sz001258,8.1,8.13,8.14,8.02,95904,76859114.0,1.47,-0.25,-0.02,2.05,4.981836721265551,-0.13392352131245744,8.128000000000002,8.14,8.10737575370802,5.234507643091014,5.153894984009938,5.1228698053863555,7.973999999999999,8.070181818181819,8.03568414767306,5.055013967682717,5.1615117634922845,5.0435521305553905,7.916000000000001,7.965809523809525,7.982575546645731,4.769542776704953,4.931424043778976,4.880341980639569,7.943666666666667,7.943225806451614,7.9820704574524335,4.6705487845405385,4.807075019520022,4.7934127866057175,8.004833333333332,7.975868852459016,8.084812784449436,4.647760413811842,4.698811028094404,4.6898778270742865,7.885695373790459
2024-01-04,sz001258,8.12,7.99,8.13,7.99,67056,53437414.0,1.72,-1.72,-0.14,1.43,4.826437643489769,-0.15539907777578144,8.124,8.094000000000001,8.068250502472013,5.114684089182923,5.017871650809523,5.02405908475416,8.008000000000001,8.073090909090912,8.02737793900523,5.09409081083909,5.119952431820839,5.004076769270732,7.921499999999999,7.972857142857142,7.983282637441376,4.786643971993607,4.936842602520388,4.87520823424435,7.941333333333333,7.94621505376344,7.982582040842599,4.685586781382952,4.817132365258681,4.795543422533721,8.000499999999999,7.975382513661202,8.081704168565848,4.653311700440634,4.70466929791991,4.694355198104303,7.72784543313694
2024-01-05,sz001258,7.96,7.71,8.02,7.68,94473,73604046.1,4.26,-3.5,-0.28,2.02,4.975307706641893,0.14887006315212403,8.024,7.9559999999999995,7.948833668314675,5.02224308145834,4.97141285662918,5.007808625383404,8.01,8.018909090909093,7.9696728591860975,5.136252692986819,5.098355503784986,4.998846030610943,7.918000000000001,7.952714285714285,7.957255719589816,4.80982788775076,4.954810577248796,4.8847415173298305,7.927333333333333,7.9312903225806455,7.964996102723722,4.702628964756388,4.835824037856032,4.807141118282636,7.9905,7.965857923497268,8.069517146645655,4.662070124490887,4.715226544024868,4.703566755761273,7.866901688666367
2024-01-08,sz001258,7.71,7.74,7.83,7.7,61828,47571428.12,1.69,0.39,0.03,1.32,4.7911851982534905,-0.18412250838840283,7.944,7.8613333333333335,7.8792224455431175,4.938105502445742,4.894393562227563,4.9356008163401,8.007000000000001,7.969818181818183,7.927914157515898,5.119983651117682,5.035615959288017,4.96108951563686,7.915000000000001,7.935761904761905,7.9365646986765,4.821620935802268,4.953035083010961,4.875831391703513,7.917333333333334,7.919204301075269,7.9504802251286435,4.711360972510593,4.841537343242942,4.806111704087208,7.9816666666666665,7.9576448087431695,8.058713305772027,4.669574878064133,4.71945982513184,4.706439491580689,7.67734618937083
2024-01-09,sz001258,7.67,7.61,7.78,7.57,63450,48208878.82,2.71,-1.68,-0.13,1.35,4.802431626430724,0.011246428177233092,7.836,7.75,7.789481630362079,4.875439779216285,4.849168936889224,4.891211086370308,7.995,7.897636363636364,7.870111583422098,5.113778672248597,4.977879227526752,4.9322426266902895,7.899499999999999,7.906714285714285,7.905463298802548,4.830231296586183,4.95120752973748,4.8688409378680095,7.903666666666666,7.899376344086023,7.928513758991312,4.722294199602227,4.847412869302305,4.805874279722274,7.972833333333333,7.945459016393443,8.04400139410737,4.672399183843329,4.723815784094679,4.709586774690525,7.683127031338861
2024-01-10,sz001258,7.58,7.57,7.65,7.43,48931,36645499.84,2.89,-0.53,-0.04,1.04,4.689584091501692,-0.11284753492903121,7.723999999999999,7.661333333333332,7.716321086908054,4.816989253263514,4.787217040984359,4.8240020880807695,7.926,7.820363636363637,7.8155458409817165,5.025748448177264,4.900752940118223,4.888122893019635,7.8805000000000005,7.875333333333333,7.873514413202305,4.845021215198214,4.937812557824671,4.8517688572616935,7.8853333333333335,7.87784946236559,7.905383839056389,4.7271550785468195,4.845302539747434,4.79837168693385,7.9625,7.932251366120218,8.028460364792375,4.677800785620176,4.724379223690034,4.708930949012203,7.564020649791524
2024-01-11,sz001258,7.52,7.64,7.67,7.49,43719,33019369.35,2.38,0.92,0.07,0.93,4.640670219621472,-0.04891387188022023,7.654000000000001,7.633333333333334,7.690880724605369,4.779835768489855,4.728444029770345,4.762891465261004,7.889,7.768363636363636,7.7836284153486766,4.947259928836388,4.8307387167444436,4.843131497856333,7.866,7.85242857142857,7.851274945278276,4.85825052666117,4.918350558245934,4.831664225105482,7.872,7.862021505376345,7.888262301052752,4.7294340114111115,4.839722871429669,4.788197398720149,7.956166666666666,7.921677595628414,8.015723959389346,4.679834311270816,4.72316182808352,4.706692892310866,7.518768774243839
2024-01-12,sz001258,7.62,7.73,7.93,7.62,76290,59026636.0,4.06,1.18,0.09,1.63,4.882467614895371,0.24179739527389899,7.6579999999999995,7.658666666666667,7.703920483070247,4.76126775014055,4.76265464523885,4.802750181805793,7.841000000000001,7.739454545454546,7.773877794376189,4.891755415799446,4.818958296027894,4.850283519136157,7.8545,7.839476190476191,7.8397249504898685,4.881080085661541,4.9206569476015725,4.83650264318071,7.865333333333333,7.852860215053764,7.878051830017091,4.739827220530622,4.84959600713833,4.794279348150808,7.954833333333332,7.914262295081967,8.006355960720843,4.684693812543127,4.7298055429564565,4.712455997969375,7.771048032954085
2024-01-15,sz001258,7.74,7.67,7.83,7.64,45361,34701679.0,2.46,-0.78,-0.06,0.97,4.656682620172654,-0.2257849947227175,7.644,7.6626666666666665,7.692613655380165,4.734367234524383,4.727792935249552,4.754060994594747,7.794000000000001,7.708363636363637,7.7549909226714275,4.836236368485062,4.776217787732114,4.815083355688247,7.8420000000000005,7.8219047619047615,7.823560669490834,4.893262647112666,4.899285760412154,4.819376926703752,7.856666666666667,7.840258064516129,7.8646291313063115,4.750860646974929,4.8442318393733,4.785402139894153,7.9525,7.9049234972677604,7.9953278964349135,4.687184155879501,4.728887143206604,4.710627362631777,7.540350488127893
2024-01-16,sz001258,7.64,7.56,7.66,7.42,60020,44750477.03,3.13,-1.43,-0.11,1.28,4.778295991088834,0.12161337091618041,7.634,7.634666666666666,7.6484091035867765,4.729540107456005,4.742435854104369,4.762139326759443,7.734999999999999,7.665818181818182,7.719538027640258,4.802489943336145,4.765683173660073,4.808394743942899,7.831500000000001,7.795047619047619,7.79845965334885,4.907461366754933,4.888336555076551,4.815464456645188,7.844333333333334,7.821118279569894,7.844975638963969,4.761429569285204,4.846001861574197,4.784943678680906,7.952166666666667,7.892054644808742,7.981054850650162,4.691203652579512,4.731874416492157,4.712846006187745,7.6507976691579085
2024-01-17,sz001258,7.54,7.34,7.54,7.34,48482,35813986.0,2.65,-2.91,-0.22,1.03,4.685580527227699,-0.09271546386113538,7.587999999999999,7.536666666666666,7.545606069057851,4.728739394601206,4.727782660694934,4.736619726915528,7.656000000000001,7.593999999999999,7.650531113523847,4.77286432393236,4.74442691618581,4.786064886358317,7.815,7.7482380952380945,7.754796829220388,4.913939145807538,4.867205046550148,4.803094558605427,7.829333333333334,7.788580645161289,7.812396565482423,4.770649959114087,4.841108374989842,4.7785331527807,7.945833333333334,7.871983606557378,7.960036658825566,4.695426671720752,4.731690051726524,4.711952056057908,7.554052659505844
2024-01-18,sz001258,7.33,7.25,7.38,7.08,50460,36093265.04,4.09,-1.23,-0.09,1.08,4.702947246181556,0.01736671895385733,7.51,7.424,7.447070712705235,4.741194799913222,4.719185277888384,4.725395566670871,7.581999999999999,7.520181818181818,7.577707274701329,4.760515284201539,4.7317147202311185,4.77095258814436,7.795,7.694428571428571,7.7067209407232085,4.927303047520314,4.847110579919103,4.793556719326963,7.808333333333334,7.75120430107527,7.776112916096461,4.777934409396251,4.836740458026452,4.773656642677529,7.935999999999999,7.849169398907104,7.936756768372268,4.698919320236941,4.731936627938354,4.711656816389831,7.557426170635755
2024-01-19,sz001258,7.26,7.14,7.28,7.14,27964,19947699.0,1.93,-1.52,-0.11,0.6,4.446599293456971,-0.2563479527245853,7.392,7.300666666666666,7.344713808470157,4.654021135625543,4.6209867757362995,4.632463475599571,7.525,7.439818181818181,7.498124133846542,4.707644442883046,4.674639085550288,4.711979261837562,7.7675,7.632047619047618,7.652747517797188,4.921948567934932,4.801329270008307,4.760513154958392,7.787000000000001,7.708086021505376,7.735073373122496,4.775766739461521,4.815363998933595,4.752556168534268,7.921166666666667,7.823071038251366,7.910633595638751,4.694584012088944,4.723663840175076,4.702966405801868,7.299892806326689
2024-01-22,sz001258,7.14,6.72,7.16,6.66,50443,34505805.0,7.0,-5.88,-0.42,1.08,4.702800907494654,0.2562016140376837,7.202,7.076666666666667,7.136475872313438,4.663244793089943,4.63724669969267,4.655909286231266,7.422999999999999,7.293454545454545,7.356647018601715,4.698806013807163,4.673758442752399,4.710310470138851,7.715000000000001,7.532285714285715,7.563914420864122,4.909394832462422,4.780458064252091,4.7550167504380365,7.751,7.639247311827956,7.669584768404916,4.780682628470566,4.810656525903476,4.749346151693002,7.894333333333333,7.783688524590165,7.871596428568628,4.686274985669727,4.7239332465818205,4.702960979627861,7.537892163693324
2024-01-23,sz001258,6.71,6.78,6.82,6.59,37618,25132607.0,3.42,0.89,0.06,0.8,4.575395702111407,-0.12740520538324773,7.045999999999999,6.935999999999999,7.017650581542292,4.622664735294458,4.607963669366492,4.62907142485798,7.339999999999999,7.1765454545454554,7.251802106128675,4.676102421375231,4.651320204262261,4.685780512315679,7.6674999999999995,7.443238095238095,7.4892559045913485,4.894940546811914,4.748648623266279,4.737909983930738,7.713,7.576602150537635,7.612192202701373,4.778855004849199,4.797412208073853,4.738123542042577,7.868833333333334,7.74715300546448,7.835806381730312,4.682157535757147,4.720297860235646,4.698778511512567,7.40023754020382
2024-01-24,sz001258,6.82,6.89,6.9,6.65,47404,31958026.0,3.69,1.62,0.11,1.01,4.675814989451155,0.10041928733974803,6.956,6.8839999999999995,6.975100387694862,4.620711627739149,4.625680420752057,4.644652613055705,7.272,7.094727272727272,7.18601990501437,4.674725511170178,4.651267943912429,4.683968599067583,7.599000000000001,7.369190476190475,7.4321839136778864,4.850236979673721,4.727779522565256,4.731996174932682,7.677666666666667,7.523505376344086,7.565599157365801,4.788255980522201,4.790764465144947,4.734103635423775,7.847333333333334,7.715060109289618,7.804796336427678,4.678575274467675,4.720089907897744,4.698025609149898,7.504579945742588
2024-01-25,sz001258,6.88,7.14,7.14,6.85,58376,40744391.66,4.21,3.63,0.25,1.25,4.766234333244611,0.09041934379345662,6.934,6.945333333333334,7.030066925129908,4.63336904515176,4.674187989253879,4.685179853118674,7.2219999999999995,7.0707272727272725,7.177652649557211,4.687281922532492,4.667905911562326,4.698926005281588,7.5555,7.3254761904761905,7.404356874279992,4.81727092568444,4.719779270524388,4.735256951914771,7.651333333333333,7.488817204301075,7.538141147213169,4.80126099195161,4.789343713707683,4.736176583670281,7.83,7.691868852459017,7.782999735233328,4.6764398404186345,4.722963975398628,4.700261960759561,7.610067837892235
2024-01-26,sz001258,7.16,7.18,7.26,7.1,43302,30920645.96,2.24,0.56,0.04,0.92,4.636507955681417,-0.12972637756319472,6.942,7.027333333333333,7.080044616753273,4.671350777596649,4.675234292763764,4.6689558873062555,7.167,7.063090909090908,7.178079440546808,4.662685956611095,4.658674281225767,4.687577268990648,7.5040000000000004,7.289714285714285,7.382989552919994,4.77722068620527,4.702563749571718,4.725852285606832,7.625333333333334,7.458408602150537,7.5150352667478035,4.808282042644725,4.778714485561219,4.729746349606484,7.816333333333334,7.67055737704918,7.763229252110923,4.674028867265864,4.721654733276095,4.698171665511097,7.490248558141927
2024-01-29,sz001258,7.19,7.07,7.26,7.05,39294,27766713.84,2.92,-1.53,-0.11,0.84,4.594326240812445,-0.042181714868971376,7.0120000000000005,7.0699999999999985,7.076696411168849,4.649655844260208,4.649559447169029,4.644079338474986,7.106999999999999,7.045454545454546,7.158428633174662,4.656450318675075,4.646245241989649,4.67062253659461,7.4505,7.248380952380954,7.353181024070471,4.746343343580068,4.6851452309628785,4.713325995626414,7.5969999999999995,7.4225806451612915,7.486323314054397,4.814325204300135,4.764910885443007,4.721009568393966,7.800333333333333,7.64608743169399,7.74050042417286,4.670723341471922,4.719041532408771,4.694766897488191,7.443524484517892
2024-01-30,sz001258,7.04,7.03,7.2,6.92,41443,29010369.0,3.96,-0.57,-0.04,0.88,4.6174511858367815,0.023124945024336263,7.062,7.075999999999999,7.061130940779233,4.658066941005282,4.638824561027888,4.635203287595585,7.053999999999999,7.031454545454545,7.1350779725974505,4.64036583814987,4.639154490564505,4.660955018275005,7.394500000000001,7.208333333333332,7.322401878920902,4.721427890743007,4.672869787368279,4.704195061360735,7.572333333333334,7.386,7.456883100244436,4.818429523886578,4.752209335864726,4.714328382422535,7.782333333333335,7.620830601092895,7.71720532829834,4.669543052826965,4.71729490435516,4.692231956122571,7.462553252885554
2024-01-31,sz001258,7.04,6.69,7.09,6.68,53267,36175789.91,5.83,-4.84,-0.34,1.14,4.72645823798749,0.10900705215070872,7.022,6.952,6.937420627186155,4.668195590712549,4.661621660021956,4.6656216043928875,6.989,6.965272727272728,7.0541547048524595,4.644453609225849,4.654807654171345,4.672864694586366,7.3225,7.141238095238094,7.262173128547483,4.708658966579104,4.67334886805823,4.706315363896617,7.539666666666666,7.3290752688172045,7.407406771196409,4.824110633613642,4.746275704516399,4.715110953749306,7.759833333333334,7.585016393442623,7.683526465075444,4.6710472406528565,4.719160975999767,4.69335412929847,7.558418022854208
2024-02-01,sz001258,6.64,6.48,6.67,6.43,48461,31483478.0,3.59,-3.14,-0.21,1.03,4.685392371625693,-0.0410658663617971,6.890000000000001,6.771333333333334,6.784947084790771,4.652027198388765,4.667353920326338,4.672211860137156,6.911999999999999,6.872727272727273,6.94976294033383,4.642698121770262,4.662251065516771,4.6751424540480615,7.247,7.061,7.187680449638199,4.7016067029859006,4.6711330018721915,4.704322697966052,7.500666666666666,7.260709677419355,7.3475740762805115,4.832434738936964,4.737326139226852,4.713193625870364,7.734833333333333,7.543054644808741,7.644066580974609,4.672267452490326,4.7196313081628105,4.693093088063296,7.498082703127095
2024-02-02,sz001258,6.5,6.21,6.63,5.99,58246,36363201.0,9.88,-4.17,-0.27,1.24,4.765266105877011,0.07987373425131761,6.696000000000001,6.544666666666667,6.59329805652718,4.6777788284278845,4.705100222822421,4.7032299420504415,6.819,6.7450909090909095,6.81526058754586,4.674564803012267,4.684536153536179,4.691528572562415,7.172,6.962238095238095,7.094568025863133,4.691104622947657,4.677195802147534,4.7101268320528105,7.451333333333333,7.1774408602150555,7.274182200391446,4.839487312960711,4.732992679029436,4.716553140709503,7.7056666666666676,7.493060109289618,7.597048004549212,4.674369924585906,4.7226804443394235,4.695459416516205,7.560662106547927
2024-02-05,sz001258,6.2,5.74,6.2,5.6,80127,46087050.36,9.66,-7.57,-0.47,1.71,4.903778882815468,0.1385127769384571,6.4300000000000015,6.226,6.30886537101812,4.739669356828489,4.780433574284948,4.770079588972117,6.721000000000001,6.548909090909092,6.619758662537522,4.694662600544348,4.726211440773126,4.73011953806297,7.072,6.825857142857143,6.965561547209501,4.696734307175754,4.697450493563517,4.728569884506397,7.3836666666666675,7.0670322580645175,7.1752027035919985,4.837817421823064,4.737140522245873,4.728632220845372,7.667833333333333,7.428612021857923,7.536161184727925,4.677873867790168,4.730202049527278,4.702289562952247,7.663578913519007
2024-02-06,sz001258,5.71,6.08,6.21,5.56,80542,46595787.95,11.32,5.92,0.34,1.72,4.906022409703738,0.0022435268882698978,6.24,6.109333333333334,6.23257691401208,4.797383601601879,4.835884591910031,4.815393862549325,6.651000000000001,6.432363636363637,6.521620723894336,4.727725271303581,4.764640496983923,4.762101878361292,6.9955,6.731380952380952,6.881222352237167,4.701913846339406,4.717382693804277,4.745470125001383,7.328666666666666,6.982924731182797,7.10454446465058,4.8392021216424705,4.741540844044625,4.740076749158815,7.634,7.376551912568306,7.488418195064714,4.680667971433222,4.737682329590018,4.708969328419509,7.668346660193243
2024-02-07,sz001258,6.06,6.31,6.44,5.98,92524,57607471.55,7.57,3.78,0.23,1.97,4.9662543999349005,0.06023199023116277,6.164,6.132666666666666,6.2583846093413875,4.845342833991362,4.892174858021038,4.865680708344517,6.593000000000001,6.370363636363637,6.48314422864082,4.756769212351955,4.808009429462345,4.799220518647402,6.932499999999999,6.666095238095237,6.826820223452675,4.715747361761066,4.742557984622896,4.766497198804575,7.2636666666666665,6.917204301075269,7.053283531447318,4.819081057233132,4.749737765224782,4.754668855660498,7.604166666666667,7.333142076502732,7.4497815329314445,4.687811707593387,4.747045819049089,4.717404904534767,7.760478814022211
2024-02-08,sz001258,6.26,6.8,6.89,6.22,114603,76227576.9,10.62,7.77,0.49,2.45,5.05919598644806,0.09294158651315954,6.228,6.344666666666667,6.438923072894259,4.920103556955835,4.963459242173271,4.930185801045698,6.559,6.408,6.540754368887943,4.7860653776722994,4.862996115661637,4.846488785520249,6.8905,6.653476190476191,6.824265916457183,4.736673650102396,4.775267377450228,4.79437327381824,7.223333333333334,6.887290322580646,7.036942658450717,4.806869076347059,4.765229050980585,4.774315767324211,7.581666666666666,7.306775956284154,7.4284772203763145,4.6936785272687604,4.75922235278203,4.728611169515531,7.882112114763018
2024-02-19,sz001258,6.83,6.75,6.9,6.61,88555,59027864.63,4.26,-0.74,-0.05,1.89,4.947213087390638,-0.11198289905742165,6.336,6.518666666666666,6.542615381929506,4.956492953258561,4.972495752318205,4.935861563160678,6.516,6.442727272727272,6.578799029090135,4.817135890843223,4.892295699246789,4.864802294951229,6.841500000000001,6.640095238095238,6.817192972032689,4.73991092372716,4.7953187524300604,4.8089294465394214,7.174666666666667,6.856752688172043,7.018430228873251,4.790525754417922,4.774283503305976,4.7854704331349485,7.558999999999999,7.279508196721311,7.406232065609878,4.700661707022304,4.767534961310615,4.7357784455114365,7.771057072630277
2024-02-20,sz001258,6.74,6.69,6.74,6.6,47990,31620330.97,2.07,-0.89,-0.06,1.02,4.681150749932422,-0.2660623374582167,6.526000000000001,6.636666666666667,6.591743587953005,4.9119673266819515,4.880715017876159,4.850957958751259,6.478,6.474363636363637,6.599017387437383,4.8258183417552205,4.867571128172098,4.83141110494781,6.7924999999999995,6.6256666666666675,6.8050793556486235,4.741134330215147,4.7897225454019905,4.7967600468625635,7.126333333333333,6.825483870967742,6.997241181849171,4.772835009638452,4.767227051403686,4.7787401309928494,7.535,7.251016393442622,7.382749047065292,4.704087092663827,4.766895257799471,4.733987373525239,7.499966411380264
2024-02-21,sz001258,6.6,6.79,6.94,6.6,61590,41605517.22,5.08,1.49,0.1,1.31,4.789510204090254,0.10835945415783232,6.668000000000001,6.724666666666667,6.657829058635336,4.888664885559256,4.83989597701226,4.830475373864258,6.454000000000001,6.53109090909091,6.633741498812404,4.843024243580567,4.86096964859665,4.823792759337345,6.754,6.6254285714285714,6.803643226539231,4.741695040865219,4.794329771485334,4.796069585646153,7.0809999999999995,6.803784946236559,6.983870783020193,4.761960008355527,4.768302870400575,4.779434974418489,7.512166666666667,7.226590163934427,7.363314652079544,4.709048066903307,4.769696015551158,4.735807794199501,7.619150925322023
2024-02-22,sz001258,6.72,6.82,6.86,6.72,45868,30890215.0,2.06,0.44,0.03,0.98,4.661509803835923,-0.12800040025433113,6.7700000000000005,6.775333333333333,6.711886039090225,4.8277159663394595,4.764177616437816,4.774153517188147,6.4670000000000005,6.597636363636363,6.667606680846513,4.836529400165411,4.827967023188533,4.794286767427995,6.728,6.631714285714286,6.805201014487875,4.740491504695629,4.786693082244449,4.783254368330892,7.037333333333334,6.786946236559141,6.973298474438246,4.751282444441206,4.761822212044471,4.771826898897033,7.4905,7.203896174863389,7.345501056929395,4.710915614490872,4.768137383975179,4.73337179451545,7.489820931059258
2024-02-23,sz001258,6.85,6.89,6.92,6.8,61544,41847483.75,1.76,1.03,0.07,1.31,4.789185719429691,0.1276759155937679,6.788000000000001,6.815333333333332,6.771257359393484,4.7737139129357855,4.751334200801225,4.779164251268662,6.508,6.674545454545454,6.70804182978351,4.84690873494581,4.819359081236584,4.793359304155576,6.710000000000001,6.647142857142857,6.813277108346172,4.744803428358036,4.791330626504835,4.7838192589117305,7.000666666666667,6.777440860215053,6.967924379313198,4.750040713639205,4.764267584624375,4.772946822802367,7.471000000000001,7.1842076502732235,7.330566596046464,4.7178137475110775,4.77070361692399,4.735201759266737,7.621669349393944
2024-02-26,sz001258,6.89,6.88,6.96,6.82,59303,40546565.84,2.03,-0.15,-0.01,1.27,4.773076663861569,-0.01610905556812181,6.814,6.846,6.807504906262323,4.738886628229972,4.751121784443154,4.777135055466298,6.575,6.742181818181819,6.739306951641053,4.847689790744266,4.805935068312175,4.789671551374847,6.697,6.663333333333333,6.819631669456061,4.761127296878266,4.79402331560041,4.782796154621239,6.973,6.769655913978494,6.962251838712346,4.74329967887986,4.7657537749613015,4.772955199644896,7.450166666666667,7.164830601092896,7.315793920766252,4.722964321818123,4.772515515820729,4.7364435594173875,7.607954076798813
2024-02-27,sz001258,6.88,6.96,6.96,6.8,43573,29838747.8,2.33,1.16,0.08,0.93,4.639217462129762,-0.13385920173180654,6.868,6.894666666666666,6.858336604174882,4.73049997066944,4.717898729076418,4.7311625243541195,6.697,6.812181818181817,6.779432960433589,4.821233648675696,4.768031008564085,4.762316262421195,6.7090000000000005,6.688380952380953,6.833000081888817,4.757948124610023,4.782412855148172,4.7691219934315745,6.947,6.768817204301075,6.962106558795421,4.738234087675735,4.759038793235488,4.7643269585148875,7.432166666666666,7.14875956284153,7.304128546314899,4.7247975300931655,4.769769717142422,4.733255818522712,7.4747805937684255
2024-02-28,sz001258,6.96,6.69,7.17,6.69,90993,62836114.6,6.9,-3.88,-0.27,1.94,4.959007983768294,0.3197905216385317,6.848000000000001,6.835333333333334,6.802224402783255,4.764399526605048,4.794068066776036,4.807111010825511,6.758,6.8109090909090915,6.763172422172936,4.826532206082151,4.79308088767183,4.798078393575213,6.7045,6.686571428571429,6.819381026470834,4.777128738692866,4.801561413163245,4.787206373463643,6.916333333333333,6.752236559139786,6.944551296937652,4.743453299586988,4.773282270402751,4.776887024660269,7.41,7.124426229508196,7.283993184140639,4.7328737495946065,4.7774487484104595,4.740657528858632,7.798209323090591
2024-02-29,sz001258,6.63,6.86,6.86,6.59,61903,41615227.62,4.04,2.54,0.17,1.32,4.791711696707912,-0.16729628706038202,6.856,6.839333333333333,6.821482935188836,4.790439905179445,4.8031721234769895,4.801977906119645,6.813000000000001,6.829454545454546,6.78077743632331,4.809077935759452,4.7867498859674225,4.796920812326612,6.703,6.701380952380953,6.823249500140279,4.782923574055704,4.802950266307536,4.787635451867859,6.892666666666667,6.748602150537635,6.939096374554578,4.746857553093862,4.776395715378294,4.777843455114956,7.389,7.1063934426229505,7.270091768267175,4.7370063158203415,4.779377861430567,4.742331436001231,7.619252274406661
2024-03-01,sz001258,6.93,6.92,6.98,6.84,45280,31020957.0,2.04,0.87,0.06,0.97,4.655906418180215,-0.1358052785276973,6.862,6.860666666666666,6.854321956792558,4.763784044929551,4.758327627810579,4.753287410139835,6.825,6.848909090909091,6.806090629719073,4.768748978932669,4.7589005191348335,4.771281831572722,6.692,6.722047619047619,6.8324638334602525,4.777407178302484,4.790853394319393,4.775089829611893,6.868666666666667,6.750365591397849,6.937864350389766,4.747365426379153,4.770527900222575,4.769976549506263,7.370333333333333,7.091016393442624,7.258613349635464,4.738399718895132,4.776718848393187,4.739497828859558,7.491655191717695
2024-03-04,sz001258,6.95,6.92,7.04,6.81,44035,30050001.24,3.32,0.0,0.0,0.94,4.643798000679235,-0.012108417500980018,6.87,6.879999999999999,6.876214637861706,4.737928312293084,4.718332279727141,4.716790940319635,6.8420000000000005,6.8661818181818175,6.8268014243156045,4.738407470261527,4.736182159452392,4.748102953228451,6.678999999999999,6.743761904761905,6.8408006112259425,4.777771680552375,4.778128710736228,4.762585845904021,6.841666666666667,6.753677419354838,6.936711811654943,4.739409772571948,4.76384613082258,4.761835997969037,7.3534999999999995,7.076251366120218,7.247511272598236,4.7396184965512855,4.773617152713977,4.736360129574957,7.477844494259728
2024-03-05,sz001258,6.87,6.8,6.87,6.74,45109,30410648.58,1.88,-1.73,-0.12,0.96,4.654263199536289,0.010465198857054325,6.837999999999999,6.8566666666666665,6.850809758574471,4.740937459774389,4.690443908808209,4.6959483600585195,6.853,6.858545454545455,6.821928438076403,4.735718715221914,4.720883201138712,4.731041179829876,6.6655,6.755285714285714,6.836914838728234,4.780768528488568,4.766365998258505,4.752269403392808,6.812666666666667,6.750989247311827,6.9278916947739795,4.739329125217404,4.758352803529958,4.7548958174249885,7.334666666666666,7.058103825136613,7.23283877185731,4.745094886096166,4.770818618385615,4.7336684269507385,7.483025682614088
2024-03-06,sz001258,6.8,6.93,7.0,6.74,54103,36988448.92,3.82,1.91,0.13,1.15,4.733221347312165,0.07895814777587606,6.886,6.887333333333333,6.877206505716314,4.695780132483163,4.6878718713208025,4.708372689143069,6.867,6.872545454545456,6.841577812971602,4.730089829544106,4.72042913424603,4.731437573917565,6.660500000000001,6.7804761904761905,6.845780092182688,4.786557036562336,4.761837695289323,4.7504553028137,6.791666666666667,6.758559139784946,6.928027714465982,4.737826637091515,4.757958753342523,4.753497464514484,7.318,7.044836065573771,7.222909631796414,4.74962810318836,4.770429322032042,4.733653768601933,7.568066119917482
2024-03-07,sz001258,6.92,6.88,6.98,6.86,47010,32264073.0,1.73,-0.72,-0.05,1.0,4.672190251188253,-0.06103109612391222,6.890000000000001,6.8853333333333335,6.878137670477543,4.671875843379231,4.680008577555832,4.696311876491464,6.873,6.874909090909091,6.848563665158583,4.731157874279338,4.709901938181329,4.720665333421326,6.67,6.801380952380954,6.849039131022432,4.7838436372223745,4.750945620491792,4.743001488373181,6.776333333333333,6.764258064516129,6.92492915224237,4.737380294556867,4.753724147800376,4.748251837848276,7.302833333333334,7.030475409836065,7.211666693048991,4.754015126835477,4.767890376064826,4.731638571309681,7.50871919162606
2024-03-08,sz001258,6.86,6.94,6.99,6.84,40872,28049848.0,2.18,0.87,0.06,0.87,4.611425889674207,-0.06076436151404607,6.894,6.902,6.898758446985029,4.662979737678031,4.65985859298749,4.668016547552378,6.878,6.887090909090908,6.865188453311568,4.71338189130379,4.688132486434941,4.700803616376396,6.6930000000000005,6.827095238095238,6.857702070925058,4.7801453131248,4.734524882630062,4.730470478973278,6.766,6.774817204301075,6.925901465000928,4.734329582673287,4.745598057162787,4.739424357320917,7.287166666666667,7.0185792349726785,7.20275958835886,4.75613199603477,4.763215319108718,4.727697171911796,7.44793051218968
2024-03-11,sz001258,6.92,7.14,7.14,6.92,82316,57859204.64,3.17,2.88,0.2,1.76,4.915484258497155,0.30405836882294857,6.938,6.983999999999999,6.97917229799002,4.717316989241614,4.744026766593866,4.750505784533971,6.903999999999999,6.934727272727272,6.9151541890731005,4.727622650767349,4.72487837137919,4.739836460398352,6.7395,6.869666666666666,6.884587587979814,4.7876562207558075,4.747414305998857,4.748090838927933,6.766,6.79894623655914,6.939714273710546,4.749959081507961,4.757285455603035,4.75078306062261,7.2764999999999995,7.013754098360656,7.200701896937257,4.762862910484742,4.7684399834517475,4.733854125570332,7.762372459335586
2024-03-12,sz001258,7.15,7.1,7.18,7.04,57630,40510710.0,1.96,-0.56,-0.04,1.23,4.760648619581356,-0.15483563891579966,6.998,7.037999999999999,7.0194481986600135,4.738594073250627,4.75847064337378,4.753886729549766,6.917999999999999,6.970363636363636,6.948762518332536,4.739765766512508,4.7308830929817365,4.7436204893407155,6.8075,6.904000000000001,6.905103055791261,4.780499707594102,4.744842153506052,4.749286818037783,6.778666666666667,6.820494623655914,6.9500552883098665,4.751887338577517,4.757975103220674,4.751419548297368,7.264833333333333,7.007967213114754,7.19740019539833,4.7662849835240415,4.768367383749998,4.734732633570693,7.607569854795043
2024-03-13,sz001258,7.1,7.17,7.2,7.04,63722,45049256.6,2.25,0.99,0.07,1.36,4.804289398254843,0.04364077867348737,7.045999999999999,7.0953333333333335,7.0696321324400095,4.752807683439163,4.780369085041852,4.770687619118125,6.965999999999999,7.016181818181818,6.988987514999348,4.724293907961163,4.7426146623894345,4.754651200052375,6.862,6.938523809523811,6.9303313361920935,4.775413057021657,4.747107838330885,4.754525159010837,6.791666666666667,6.845741935483872,6.964245269709231,4.759517128448965,4.761355881264372,4.754830506359141,7.252333333333334,7.004857923497268,7.19650182833609,4.769186066649082,4.769613430134614,4.737013183232468,7.653687628673978
2024-03-14,sz001258,7.16,7.18,7.22,7.09,60278,42877631.64,1.81,0.14,0.01,1.29,4.780158834163939,-0.024130564090904194,7.106,7.14,7.106421421626674,4.7744014000343,4.789486135283443,4.773844690800063,6.998,7.05509090909091,7.023717057726739,4.723138621706766,4.75277192169903,4.759288951709022,6.905500000000001,6.968809523809524,6.954109304173799,4.766108278733109,4.747559817106341,4.75696646140637,6.801333333333333,6.8707956989247325,6.97816492972799,4.762995256606058,4.762687604213724,4.756464592023967,7.2395000000000005,7.002486338797815,7.195960784784087,4.7756256185641295,4.7699731930039535,4.738427794738417,7.632230788949517
2024-03-15,sz001258,7.15,7.3,7.31,7.13,68912,49407393.38,2.51,1.67,0.12,1.47,4.838294854418525,0.05813602025458575,7.178,7.204666666666666,7.170947614417782,4.819775192983164,4.810783953411518,4.795328078672884,7.036,7.11,7.073950319958241,4.741377465330596,4.773709418555713,4.773653661292568,6.930499999999999,7.006380952380953,6.987051275204866,4.755063222131632,4.7544347290763795,4.7647120226456225,6.806666666666667,6.902967741935483,6.998928482648765,4.765397273978522,4.767545642782271,4.761743963791358,7.229,7.004469945355193,7.199371906594444,4.783329132965066,4.77202792204836,4.741702124563994,7.693791942119657
2024-03-18,sz001258,7.3,7.17,7.31,7.05,174189,122865540.34,3.56,-1.78,-0.13,3.72,5.241020725929173,0.40272587151064787,7.184,7.202,7.170631742945188,4.884882486469567,4.951199131060188,4.94389229442498,7.061,7.134363636363636,7.0914138981476516,4.801099737855591,4.8645536477554545,4.858629491226496,6.9515,7.029190476190477,7.004474963280593,4.769753604058559,4.800716396104717,4.810074756291675,6.806333333333333,6.926408602150537,7.009965354735942,4.785547699653447,4.798231026779087,4.7926650452196045,7.215833333333333,7.002535519125685,7.198408893263479,4.796914871149086,4.787034203784887,4.758073226248098,8.089430094939587
2024-03-19,sz001258,7.15,7.09,7.19,7.09,84262,59590908.0,1.39,-1.12,-0.08,1.8,4.925631763106228,-0.3153889628229445,7.1819999999999995,7.1706666666666665,7.143754495296792,4.917879115174541,4.964782223272408,4.937805450652063,7.090000000000001,7.139636363636363,7.091156825757169,4.828236594212584,4.887195834164661,4.870811722477356,6.971500000000001,7.042380952380952,7.012620204872918,4.78197765471725,4.815561935061638,4.821080185512108,6.807,6.944709677419355,7.015128880236849,4.79659121706324,4.80726870829217,4.801243543147774,7.202,6.998409836065574,7.194854503320414,4.805458210681688,4.791254429750695,4.7635669487680365,7.7751800029174065
2024-03-20,sz001258,7.12,7.1,7.13,7.06,51575,36239034.44,0.99,0.14,0.01,1.1,4.7124392366451895,-0.2131925264610386,7.167999999999999,7.1433333333333335,7.129169663531195,4.899509082852611,4.896302263762625,4.862683379316438,7.106999999999999,7.141454545454546,7.0927646756195015,4.826158383145886,4.866141769152407,4.842016725053325,6.987,7.054619047619046,7.020942090123117,4.778124106344996,4.808939228578584,4.810733428477164,6.809333333333333,6.963612903225806,7.0206044363506015,4.7997574854235205,4.8018395482652,4.795514233050834,7.190833333333333,6.995065573770493,7.19174451960499,4.809093504655049,4.788204627323269,4.7618906303377795,7.55917661773087
2024-03-21,sz001258,7.11,7.05,7.12,7.01,56335,39370780.16,1.55,-0.7,-0.05,1.2,4.750778298653111,0.03833906200792114,7.142,7.104,7.1027797756874635,4.893632975750445,4.846725335696124,4.825381685761996,7.1240000000000006,7.131090909090908,7.084989280052319,4.834017187892373,4.85243629924463,4.8254279202532855,6.9985,7.060619047619047,7.0237095101113916,4.782587531085856,4.806334865941262,4.805023416112968,6.8213333333333335,6.979139784946237,7.022500924327983,4.800568154112374,4.798679600731625,4.792628043734852,7.1805,6.990448087431694,7.187097158306465,4.812339393863009,4.786292653355994,4.76152629159402,7.595174020729422
2024-03-22,sz001258,7.03,6.92,7.06,6.89,57316,39476075.0,2.41,-1.84,-0.13,1.22,4.758275874004725,0.007497575351614216,7.066,7.029999999999999,7.041853183791643,4.877629179667685,4.801606301780883,4.803013081842906,7.122,7.093999999999999,7.054991229133716,4.848702186325425,4.838665151265058,4.813218457299001,7.0,7.053142857142857,7.013832413910306,4.781042038814607,4.8040194700287735,4.800571269245517,6.836,6.9855053763440855,7.015887961468113,4.802997604191675,4.795951066531131,4.790411774720005,7.168333333333333,6.9819071038251375,7.178339874427565,4.817716171564318,4.78452007893441,4.761419720525518,7.596333965411458
2024-03-25,sz001258,6.86,6.85,6.99,6.83,45290,30965449.0,2.31,-1.01,-0.07,0.97,4.6560023206829575,-0.10227355332176735,7.002,6.958,6.977902122527762,4.760625498618443,4.727730682119309,4.75400949478959,7.093000000000001,7.044545454545456,7.017720096563949,4.822753992544004,4.803628812057337,4.784633705186993,6.9985,7.038857142857143,6.998229326871229,4.775188321655676,4.792110925444807,4.786802797953845,6.857333333333333,6.986408602150537,7.005185512341139,4.79935547801854,4.786467499853149,4.781740197040196,7.154333333333333,6.971469945355191,7.1675746326430545,4.819421395489625,4.779217985462891,4.757963412333959,7.490877381675111
2024-03-26,sz001258,6.86,6.87,6.89,6.74,41540,28099022.0,2.19,0.29,0.02,0.89,4.61846649219908,-0.037535828483877154,6.958,6.913999999999999,6.9419347483518425,4.699192444437012,4.680344346646189,4.708828493926086,7.0699999999999985,7.004,6.990861897188685,4.808535779805777,4.76648563017644,4.754421484643736,6.994,7.026619047619048,6.98601701002635,4.774150773159143,4.777185036925132,4.7707707688343435,6.895,6.987225806451612,6.996463866383647,4.789845064997993,4.774797242703507,4.771206409631092,7.139333333333334,6.962147540983606,7.1578180873104955,4.813831243410529,4.772629300109102,4.753389742821341,7.448691204339426
2024-03-27,sz001258,6.86,6.63,6.9,6.63,41581,27845975.0,3.93,-3.49,-0.24,0.89,4.618894929662588,0.0004284374635075139,6.864,6.804666666666666,6.837956498901229,4.680483583040492,4.653578508388047,4.678850639171587,7.016,6.9239999999999995,6.925250643154378,4.789996332946552,4.732005475604952,4.729780292828981,6.991,6.99195238095238,6.952110628119079,4.757145120453858,4.762398766115935,4.756306403198938,6.913333333333333,6.970129032258066,6.97282103629438,4.780274148996622,4.763768201714126,4.76137986253635,7.1209999999999996,6.945448087431693,7.140512576251135,4.809738135319546,4.766237945559989,4.748980076816136,7.4447624288950776
2024-03-28,sz001258,6.65,6.69,6.8,6.62,37812,25130668.0,2.71,0.9,0.06,0.81,4.577629649221625,-0.041265280440963004,6.792,6.746666666666667,6.788637665934154,4.645853853154195,4.619293863781758,4.645110309188267,6.9670000000000005,6.864727272727274,6.882477798944491,4.76974341445232,4.693393351291329,4.702116539445825,6.982499999999999,6.963285714285714,6.9271477111553565,4.746441018079543,4.745302054570009,4.739289569486813,6.926,6.955720430107527,6.954574517823775,4.767319990639512,4.750694363018964,4.749525010064432,7.094833333333333,6.931316939890709,7.1257416721117535,4.7932005239363225,4.758627831261696,4.7433620300097585,7.400204032757247
2024-03-29,sz001258,6.69,6.77,6.77,6.69,37236,24864905.0,1.2,1.2,0.08,0.79,4.5709630216317905,-0.006666627589834384,6.7620000000000005,6.739333333333334,6.7824251106227695,4.608391282679608,4.594330253274289,4.620394546669441,6.914,6.82890909090909,6.862027290045493,4.743010231173647,4.657251461687596,4.6782704452978185,6.975,6.9430476190476185,6.912181262473894,4.742193848252121,4.728589864432127,4.723258469691096,6.925,6.945655913978493,6.942666484415789,4.75104555847897,4.738026171470079,4.738004881778456,7.074166666666667,6.9206666666666665,7.11407801073104,4.778957317413015,4.751341355776301,4.737709603505563,7.395586804285935
2024-04-01,sz001258,6.81,6.92,6.93,6.78,40689,27683163.27,2.22,2.22,0.15,0.87,4.609477016473619,0.03851399484182849,6.776000000000001,6.792,6.828283407081847,4.59908622183774,4.594692164538959,4.616755369937501,6.889,6.829999999999999,6.872567782764493,4.679855860228091,4.6329726953785,4.665762549147964,6.975,6.937809523809524,6.912925904143046,4.740477799041841,4.715950166167508,4.712422140813241,6.930666666666666,6.945333333333333,6.941204130582513,4.739787689448403,4.728892717147153,4.7297127614362084,7.052666666666666,6.915612021857923,7.107714797264449,4.765156721933163,4.745784624597961,4.733505256389761,7.442215714116128
2024-04-02,sz001258,6.94,6.97,7.06,6.94,71526,49666898.5,1.73,0.72,0.05,1.53,4.854463938360501,0.24498692188688231,6.795999999999999,6.8566666666666665,6.875522271387899,4.646285711070025,4.679818070046546,4.695991559411834,6.877,6.8447272727272725,6.890282731352767,4.672739077753519,4.664719618675303,4.700071892641152,6.983499999999999,6.937333333333333,6.918361532319898,4.750487835983051,4.72680598895976,4.725949931055838,6.9399999999999995,6.947870967741935,6.943061928609447,4.745564795729339,4.736291184818902,4.737761224463583,7.033166666666667,6.912901639344263,7.103199558009877,4.759199902683895,4.748712730054594,4.7374711148150315,7.696067040881251
2024-04-03,sz001258,6.97,6.88,6.99,6.86,35714,24427126.0,1.87,-1.29,-0.09,0.76,4.552838494288028,-0.3016254440724735,6.846000000000001,6.884666666666665,6.877014847591933,4.633074423995113,4.64866899778588,4.648273871037232,6.8549999999999995,6.845272727272728,6.888413143834081,4.656779003517803,4.642919512590667,4.673302183849675,6.981,6.927476190476191,6.914708053051337,4.741468693331845,4.707982242131663,4.709463127554142,6.9430000000000005,6.944000000000001,6.938993417086257,4.737675738735931,4.723857229887203,4.725830725742579,7.0120000000000005,6.907879781420764,7.095881539714471,4.749817873545729,4.741946782238337,4.731417586273163,7.387872372590913
2024-04-08,sz001258,6.89,6.92,7.0,6.84,50770,34780229.54,2.33,0.58,0.04,1.08,4.705607163404605,0.15276866911657727,6.892,6.909333333333333,6.891343231727956,4.658669926831708,4.672846577589044,4.667384968493024,6.8420000000000005,6.857090909090909,6.894156208591522,4.652261889992952,4.6517973598428135,4.679175816496025,6.983,6.921666666666669,6.915212047998828,4.743139538942662,4.70456685832907,4.709095892873234,6.946333333333333,6.942516129032258,6.937768035338757,4.739145650721554,4.721788289543247,4.724525979785291,6.991833333333333,6.904863387978142,7.09011493185498,4.74521404758138,4.740497250758299,4.730571342900423,7.541332443900921
2024-04-09,sz001258,6.9,6.95,6.99,6.83,53277,36607191.0,2.31,0.43,0.03,1.14,4.72653976195565,0.020932598551045345,6.928,6.928666666666667,6.910895487818638,4.689785274896481,4.695469855963692,4.687103232980567,6.845000000000001,6.8767272727272735,6.904309625211244,4.649088278788044,4.665302427472395,4.68778744294323,6.983499999999999,6.918523809523809,6.918525186284654,4.748895232556735,4.7029859271874495,4.710757213738225,6.948333333333333,6.9427526881720425,6.93855719434916,4.737057452139085,4.720975006397062,4.7246559012156375,6.974500000000001,6.90349180327869,7.085520999663013,4.743549082889145,4.7398849790984405,4.730439159918627,7.563566405199385
2024-04-10,sz001258,6.92,7.18,7.25,6.86,220652,155163386.17,5.61,3.31,0.23,4.71,5.343707868266454,0.6171681063108032,6.9799999999999995,7.012666666666666,7.0005969918790925,4.8366314452550485,4.9134440537536825,4.905971444742529,6.878,6.937636363636363,6.954435147900108,4.717858833546394,4.7915968982866515,4.807045702092907,6.9855,6.937238095238094,6.94342754949564,4.7703064130451995,4.759634749635993,4.7710382284551995,6.958333333333333,6.957698924731184,6.9541341495524405,4.7560784922859165,4.760113742921407,4.764594737799562,6.9656666666666665,6.9102295081967196,7.088618671805209,4.7496890855828875,4.759562316323925,4.750546330684129,8.190789248750262
2024-04-11,sz001258,7.06,7.18,7.25,6.89,170397,120526424.0,5.01,0.0,0.0,3.64,5.231461944333763,-0.11224592393269095,7.022,7.0793333333333335,7.0603979945860615,4.9120310464497,5.045054220113254,5.014468277939607,6.909000000000001,6.992545454545454,6.995446939190997,4.779158378759862,4.884979282066173,4.884212291591244,6.9895,6.9557619047619035,6.965958259067484,4.793847079282819,4.803554324044429,4.81488810615792,6.9656666666666665,6.972,6.968706139903896,4.7758199750260495,4.790783643053526,4.794715202737253,6.956333333333333,6.917256830601093,7.091614780926349,4.757027031350892,4.7753581477583795,4.766314055721821,8.081082271303677
2024-04-12,sz001258,7.09,6.81,7.16,6.78,140270,96073142.49,5.29,-5.15,-0.37,2.99,5.146964796989748,-0.08449714734401503,7.008,7.008666666666667,6.976931996390708,5.030856306990044,5.123365470293271,5.058633784289654,6.927,6.974545454545455,6.961729313883543,4.831965365492579,4.951853176289788,4.931985474390972,6.971500000000001,6.938666666666667,6.951105091537247,4.810980849219565,4.83718458287366,4.846514457665713,6.969666666666667,6.961956989247311,6.958467034103645,4.78208520213343,4.81472847027699,4.817440983011608,6.943,6.912459016393444,7.082381509420567,4.762769250860209,4.788142992533426,4.77879440789454,7.98260199642401
2024-04-15,sz001258,6.72,6.53,6.76,6.46,120823,79013155.0,4.41,-4.11,-0.28,2.58,5.08214961493318,-0.06481518205656744,6.93,6.849333333333332,6.8279546642604725,5.106164797295759,5.14046323960765,5.066472394504164,6.911,6.902363636363637,6.883233074995626,4.882417362063734,4.997341221642625,4.959288045398646,6.939,6.896619047619048,6.910999844724176,4.826080388258027,4.863010179608289,4.868955901214996,6.958666666666667,6.9335913978494625,6.930823999645345,4.791766466074273,4.834087464651168,4.834518959264613,6.925666666666667,6.898918032786885,7.064270640259237,4.769312009584068,4.79861447988008,4.788740480256463,7.897699403547262
2024-04-16,sz001258,6.47,6.13,6.57,6.11,79882,49646130.84,7.04,-6.13,-0.4,1.7,4.902448929735098,-0.1797006851980818,6.766,6.582666666666667,6.595303109506982,5.141346630851649,5.072557950420762,5.011797906247809,6.8469999999999995,6.760363636363636,6.746281606814603,4.915565952874064,5.0009833248556,4.9489536607325455,6.8805000000000005,6.819571428571427,6.836618907131397,4.829288092023856,4.870283374034677,4.872145713455005,6.932333333333333,6.880129032258064,6.879157935152097,4.799984549792769,4.841228268758318,4.838901538004645,6.900499999999999,6.872830601092896,7.033638815988442,4.773674988085961,4.802979624803063,4.792468626141009,7.695885407507836
2024-04-17,sz001258,6.18,6.53,6.53,6.18,81433,51860675.0,5.71,6.53,0.4,1.74,4.910800434540427,0.008351504805328425,6.636,6.5040000000000004,6.573535406337989,5.054765144106443,4.995709218317021,4.978132082345349,6.808,6.702727272727273,6.706957678302857,4.945698294680745,5.000116866976757,4.942016710515797,6.8485,6.786190476190476,6.807417106452217,4.8127770774544185,4.878046454274351,4.8758271154631405,6.919333333333333,6.8541720430107524,6.8566316167551875,4.808884630921477,4.848377680677521,4.843540176490825,6.8805,6.860683060109288,7.017126067923248,4.774147201746713,4.807475541080261,4.79634835756394,7.7148381650917885
2024-04-18,sz001258,6.56,6.34,6.59,6.32,79961,50668705.0,4.13,-2.91,-0.19,1.71,4.902878216808839,-0.007922217731588077,6.467999999999999,6.405333333333334,6.495690270891993,4.989048398601459,4.945080242551154,4.953047460499846,6.745,6.617636363636363,6.64023810042961,4.950539722525579,4.992331398272774,4.934900620750896,6.811,6.737761904761904,6.762901191552006,4.8116394001395495,4.886627515165248,4.878403410829397,6.904,6.8167956989247305,6.823300544706466,4.817171798163894,4.8544417829928355,4.847368437156503,6.858333333333333,6.84296174863388,6.99492521323724,4.778250461690648,4.81169623009869,4.799841139834265,7.7047398046549675
2024-04-19,sz001258,6.32,6.26,6.39,6.21,46697,29040750.6,2.84,-1.26,-0.08,1.0,4.66928898066684,-0.23358923614199867,6.358,6.335999999999999,6.417126847261329,4.8935132353368775,4.838493769906281,4.858461300555511,6.683,6.529454545454546,6.571103900351499,4.96218477116346,4.941194899753004,4.886607595281068,6.769,6.6852857142857145,6.715005839975625,4.809481887340631,4.873070332358324,4.858487750813915,6.881666666666666,6.7752473118279575,6.786958574080243,4.815040719275716,4.844900956057542,4.835879439963621,6.836666666666667,6.823344262295081,6.97082930460651,4.776433678183616,4.808123722524139,4.795560741173038,7.463007837139122
2024-04-22,sz001258,6.22,6.29,6.33,6.15,37254,23126368.9,2.88,0.48,0.03,0.79,4.571172910229627,-0.09811607043721349,6.31,6.3133333333333335,6.374751231507553,4.791317894396166,4.73104699487053,4.762698503780216,6.62,6.458,6.519994100287589,4.948741345845962,4.87010183412867,4.829255834362623,6.730999999999999,6.639666666666668,6.674529093311279,4.8005016179194575,4.850374239300133,4.831124432663031,6.861999999999999,6.737075268817204,6.754896730591196,4.811673474577095,4.829167549022309,4.818801599335622,6.819166666666667,6.805420765027321,6.948507032324329,4.77452688456698,4.801393861279745,4.788203763109319,7.364107449005487
2024-04-23,sz001258,6.3,6.28,6.33,6.24,28758,17878779.94,1.43,-0.16,-0.01,0.61,4.458758679375432,-0.11241423085419466,6.34,6.303333333333334,6.343167487671703,4.702579844324233,4.620193923196953,4.661385228978622,6.553,6.396181818181819,6.476358809326209,4.92196323758794,4.7810140765885745,4.761892715274042,6.699,6.5967142857142855,6.6369548939483005,4.785525758187992,4.8178272927721295,4.795661027588022,6.84,6.69952688172043,6.724258231843377,4.806584567567137,4.806398852557686,4.7955730238543195,6.803,6.787743169398907,6.926588768969433,4.770457075120212,4.791040805371826,4.77740228495411,7.252337878922742
2024-04-24,sz001258,6.42,6.35,6.5,6.32,51438,32563014.0,2.87,1.11,0.07,1.1,4.711284074110378,0.2525253947349464,6.304,6.3066666666666675,6.345444991781136,4.662676572238223,4.623095333125667,4.678018177355874,6.470000000000001,6.359272727272727,6.453384480357807,4.858720858172333,4.742708774138109,4.752691144153376,6.6739999999999995,6.563476190476189,6.609625856429415,4.788289845859364,4.810756656193309,4.787625127256818,6.813666666666666,6.6679139784946235,6.700112539466385,4.799777894754245,4.800250433624993,4.790135027096646,6.789833333333333,6.772890710382513,6.907684219167156,4.774868488131102,4.789100706978061,4.775234474762511,7.512724595940395
2024-04-25,sz001258,6.31,6.32,6.38,6.25,38769,24236921.2,2.05,-0.47,-0.03,0.83,4.588484599044793,-0.12279947506558564,6.3,6.312,6.336963327854091,4.599797848685414,4.598364675394524,4.64817365125218,6.384,6.332,6.429132756656387,4.794423123643436,4.693574908842191,4.722835408679088,6.6465000000000005,6.529761904761906,6.582042441531375,4.786790751201648,4.791727585068113,4.768659362665197,6.7876666666666665,6.636064516129031,6.675589149823393,4.794039094069692,4.78661860809535,4.7771253220610435,6.783166666666667,6.757486338797815,6.8884158841124945,4.772963216323604,4.782989759794903,4.769111528017668,7.384477450858394
2024-04-26,sz001258,6.28,6.4,6.4,6.28,50164,31547279.0,1.9,1.27,0.08,1.07,4.700392159175647,0.11190756013085412,6.328,6.3453333333333335,6.357975551902728,4.606018484387175,4.631896112224601,4.665579820560003,6.343,6.3349090909090915,6.423835891809771,4.749765859862025,4.676478369848048,4.7187548178602805,6.635000000000001,6.506285714285714,6.564705066147434,4.790865612677302,4.783499147732304,4.762157724237621,6.7620000000000005,6.611053763440861,6.657809204673497,4.790575852767051,4.7805768703602505,4.772174795423276,6.776833333333332,6.7449234972677585,6.8724022485678224,4.775046490608008,4.78061038087202,4.766858433957275,7.498961906646836
2024-04-29,sz001258,6.35,6.54,6.6,6.28,82437,52714216.0,5.0,2.19,0.14,1.76,4.916122178799165,0.21573001962351857,6.378,6.416,6.418650367935152,4.675008338101083,4.735264010361932,4.749093939973058,6.343999999999999,6.370727272727272,6.44495663875345,4.733163116248624,4.7067249732911645,4.754639792576441,6.6275,6.497238095238094,6.562352202704822,4.807790239156179,4.7954283445058135,4.776821005624435,6.740666666666667,6.596731182795698,6.6502086108235945,4.795107964254893,4.7886766333300645,4.7814617233830115,6.771,6.737158469945355,6.861503814188549,4.779051610430475,4.78523581327173,4.77175232723078,7.721927751792914
2024-04-30,sz001258,6.49,6.5,6.55,6.42,49569,31834901.22,1.99,-0.61,-0.04,1.06,4.695210157580507,-0.22091202121865816,6.422,6.456666666666667,6.445766911956769,4.722298633742098,4.741997950188407,4.731132679175541,6.381,6.3990909090909085,6.454964522616458,4.7124392390331655,4.699824435351506,4.743834404395362,6.614,6.485095238095237,6.5564138976853155,4.814002595953616,4.784706431974797,4.769048543905966,6.714,6.581204301075267,6.640517732705943,4.790338474360292,4.782231613544619,4.775897106234463,6.7603333333333335,6.728273224043717,6.849651230116794,4.777867874169407,4.782486913178288,4.769242747897984,7.5029035066366285
2024-05-06,sz001258,6.55,6.73,6.74,6.55,79624,52757289.68,2.92,3.54,0.23,1.7,4.901043991061346,0.20583383348083917,6.498,6.559333333333334,6.540511274637846,4.760250617132292,4.8015797359614885,4.787769783137477,6.401000000000001,6.462545454545454,6.504970973049829,4.711463594685258,4.7341162084475386,4.772417965607359,6.6045,6.496142857142857,6.572945907429571,4.828580944683002,4.792996088651725,4.781619538873145,6.699333333333333,6.582236559139785,6.646290782208786,4.779005916531364,4.789373904944688,4.7839710988039394,6.752833333333333,6.727278688524589,6.845728238965424,4.782276808092406,4.786525474387861,4.773564100132848,7.722282476274349
2024-05-07,sz001258,6.76,6.73,6.85,6.68,44427,29656276.0,2.53,0.0,0.0,0.95,4.647646987842845,-0.25339700321850156,6.58,6.636666666666668,6.603674183091898,4.772083094891903,4.764045192865007,4.741062184705933,6.44,6.522363636363637,6.5458853415862235,4.6859404717886575,4.722513189021646,4.749732333286539,6.592499999999999,6.508095238095237,6.587903440055326,4.818240097157118,4.7757642832383755,4.7688602482988305,6.687333333333333,6.58421505376344,6.651691376904994,4.769739757355919,4.780899135351881,4.775175994870966,6.747166666666667,6.726530054644808,6.8419338704747545,4.783165487209579,4.782111381920662,4.7694356702217,7.472116614858546
2024-05-08,sz001258,6.72,6.69,6.83,6.68,52467,35060362.0,2.23,-0.59,-0.04,1.12,4.719886232471759,0.07223924462891418,6.638000000000001,6.673333333333334,6.6324494553946,4.775981909551125,4.74664623872496,4.734003533961209,6.483,6.567818181818182,6.572088006752365,4.69100019696915,4.728685145509482,4.744305769502033,6.583,6.517380952380952,6.597626921954819,4.826592484066305,4.766397248506436,4.7641960563153,6.673666666666667,6.584387096774193,6.65416290097564,4.7699879905501374,4.77768277890774,4.771608913425856,6.741499999999999,6.724655737704918,6.836952432098533,4.784872737986829,4.7800366522571265,4.767811098492194,7.544816395893282
2024-05-09,sz001258,6.75,6.8,6.85,6.71,72172,48694340.64,2.09,1.64,0.11,1.54,4.8583687404498965,0.13848250797813755,6.69,6.727333333333334,6.688299636929734,4.764431221881271,4.774108515691217,4.7754586027907715,6.534000000000001,6.625454545454545,6.613526550979207,4.719719779991177,4.7591157897787095,4.765044491492554,6.577,6.53804761904762,6.6169005484353125,4.834230562918569,4.769423558638208,4.773164883375737,6.665333333333333,6.592537634408602,6.663571746073986,4.773574338610031,4.783384762772242,4.777206321620956,6.743333333333333,6.726573770491804,6.835740876947761,4.787071246361202,4.782446357255916,4.7707802015072005,7.6874784895177015
2024-05-10,sz001258,6.81,6.88,7.09,6.74,126537,86453144.54,5.15,1.18,0.08,2.7,5.102217533782919,0.24384879333302223,6.766000000000001,6.7906666666666675,6.752199757953156,4.845832697121753,4.886703952991766,4.884378246454821,6.593999999999999,6.688363636363636,6.661976268982987,4.784065665431926,4.828660835922662,4.826348680999892,6.5735,6.566904761904762,6.641957639060521,4.853014451509933,4.794946127291954,4.804503231033564,6.664,6.606387096774194,6.677534859230503,4.785039060602637,4.804587549557588,4.798174786921729,6.75,6.7310546448087445,6.837191995736359,4.794018332397156,4.7927790224172835,4.781646999286732,7.936780794388813
2024-05-13,sz001258,6.91,6.89,6.97,6.79,106184,72403523.79,2.62,0.15,0.01,2.27,5.02605908138569,-0.07615845239722852,6.797999999999999,6.831999999999999,6.798133171968772,4.8708357151866215,4.946779414413078,4.931605191431777,6.648000000000001,6.742181818181818,6.703435129167898,4.815543166159457,4.872659638823347,4.862659662888219,6.559,6.597047619047619,6.665580721054757,4.837132012165895,4.811426568232503,4.825603788209958,6.665333333333334,6.620967741935484,6.6912422876672455,4.797374285959394,4.820137228317785,4.812876999467791,6.761333333333332,6.735644808743169,6.838923405712216,4.798364881988968,4.800386915826744,4.7896605101752225,7.859759703287083
2024-05-14,sz001258,6.8,6.93,6.99,6.77,93067,63761500.48,3.19,0.58,0.04,1.99,4.968795714724671,-0.05726336666101961,6.837999999999999,6.8759999999999994,6.842088781312515,4.935065460562987,4.979432747592428,4.944002032529409,6.7090000000000005,6.793454545454546,6.744628742046462,4.853574277727445,4.900523738562477,4.881957126858483,6.5465,6.632380952380952,6.690763509525732,4.823998700685441,4.823965968476196,4.839241114544692,6.667333333333334,6.638043010752688,6.706646011043553,4.809051926710248,4.8311966753349,4.822936271419849,6.781166666666667,6.74117486338798,6.841909523557717,4.79944849585412,4.805974811982012,4.795533795570286,7.804558528628279
2024-05-15,sz001258,6.87,6.79,6.94,6.76,60123,40709379.0,2.6,-2.02,-0.14,1.28,4.779040642755518,-0.1897550719691523,6.858,6.859999999999999,6.824725854208344,4.946896342619739,4.927424474989938,4.889014902604779,6.748,6.8081818181818194,6.7528780616743775,4.861439126085432,4.886972168567581,4.863245038839762,6.5455,6.655571428571429,6.700214603856614,4.805602492973729,4.819684248673346,4.833507736279056,6.672666666666667,6.645956989247311,6.712023687750421,4.8143901171466785,4.829260463466855,4.820104295376989,6.793,6.741464480874318,6.840207571965661,4.7973321330716505,4.805305702044353,4.794993036461605,7.609694477497791
2024-05-16,sz001258,6.78,6.72,6.83,6.72,46713,31336018.38,1.62,-1.03,-0.07,1.0,4.6694377594224,-0.1096028833331184,6.8420000000000005,6.814000000000001,6.789817236138896,4.90911014641424,4.834938280590825,4.815822521543986,6.766,6.803090909090908,6.746900232279035,4.836770684147755,4.852062829174303,4.8280073516729685,6.555,6.672190476190477,6.702098927298842,4.78496690019819,4.806716178811315,4.817882024197471,6.673666666666667,6.649010752688172,6.712538288540717,4.817450387486705,4.819908698452384,4.8103838737025,6.799833333333333,6.739071038251367,6.836266340097934,4.792385189063109,4.801112443891919,4.790876470001304,7.49604381327335
2024-05-17,sz001258,6.72,6.8,6.82,6.7,39779,26704061.0,1.79,1.19,0.08,0.85,4.599653861243402,-0.069783898178998,6.8260000000000005,6.8,6.793211490759265,4.8085974119063355,4.731786185533879,4.743766301443792,6.796000000000001,6.809272727272727,6.7565547355010285,4.827215054514045,4.80895067955533,4.7864885352312285,6.588500000000001,6.695523809523809,6.7114228389846655,4.769827146773605,4.789067317958478,4.797098389630417,6.674666666666667,6.6571612903225805,6.718180979602606,4.818406748807091,4.8058573096624935,4.7967883890277205,6.799833333333334,6.739076502732241,6.835077279766854,4.784726153643032,4.7947933839634045,4.784606876271536,7.426577311393782
2024-05-20,sz001258,6.79,6.84,6.89,6.78,48239,32699523.0,1.62,0.59,0.04,1.03,4.6833982962510134,0.08374443500761153,6.816,6.804666666666667,6.808807660506178,4.740065254879401,4.690053146982105,4.7236436330461995,6.8069999999999995,6.817272727272728,6.771726601773569,4.8054504850330115,4.78280217805296,4.767744855416644,6.603999999999999,6.7194761904761915,6.723668282890888,4.758457039859135,4.780835998861088,4.7862698093085685,6.672,6.667827956989246,6.726040271241148,4.820870791466338,4.797147086916941,4.789472899171159,6.801333333333334,6.740393442622952,6.835238680430236,4.7803292404573705,4.791471159130879,4.781288562172503,7.5145414174927385
2024-05-21,sz001258,6.81,6.72,6.85,6.7,33426,22322856.0,2.19,-1.75,-0.12,0.71,4.524084408843087,-0.15931388740792674,6.773999999999999,6.772666666666667,6.779205107004119,4.651122993703084,4.618059531636667,4.6571238916451625,6.806,6.801454545454545,6.7623217650874645,4.793094227133035,4.731644709654791,4.723442956039633,6.623,6.730523809523811,6.723318922615564,4.739517349460846,4.758514795907179,4.761299771168998,6.663666666666667,6.670924731182796,6.725650576322365,4.809858140482424,4.7779995783606015,4.772351061085478,6.801833333333333,6.737726775956284,6.831460363039081,4.777711468105881,4.783069689241886,4.772855639112522,7.348749757724845
2024-05-22,sz001258,6.73,6.78,6.81,6.72,36318,24387489.0,1.34,0.89,0.06,0.77,4.560121924296196,0.03603751545310896,6.772,6.774666666666667,6.779470071336079,4.607339250011219,4.587725841834371,4.624789902528841,6.8149999999999995,6.796727272727273,6.765535989617016,4.777117796315479,4.689286109139003,4.693748222995371,6.648999999999999,6.74547619047619,6.728717120461702,4.7340589966423146,4.7414295173200705,4.7421399762287315,6.660333333333332,6.678430107526881,6.7291569907531805,4.8101009214826975,4.761887564413102,4.758658858711976,6.801666666666667,6.737010928961748,6.829773138021406,4.7738883301093145,4.775935605838289,4.765880763216905,7.387167086513681
2024-05-23,sz001258,6.77,6.56,6.77,6.55,48771,32033644.0,3.24,-3.24,-0.22,1.04,4.688161660451716,0.1280397361555199,6.74,6.704,6.70631338089072,4.611084030217083,4.614666645314537,4.645913821836466,6.7909999999999995,6.750363636363636,6.728165809686648,4.7600970883156615,4.673112266254682,4.69273248435107,6.6625,6.737,6.712648823274873,4.739908434153419,4.737058342444774,4.736999184249968,6.6483333333333325,6.671956989247312,6.71824363651104,4.809519404717601,4.754020515314329,4.754110652372605,6.7973333333333334,6.729087431693989,6.820928117102671,4.774332527719578,4.773124895357713,4.763332595913129,7.5056063448166705
2024-05-24,sz001258,6.56,6.71,6.81,6.55,70984,47346685.0,3.96,2.29,0.15,1.51,4.8511604685108844,0.1629988080591689,6.7219999999999995,6.694,6.707542253927147,4.66138535167058,4.694692124745804,4.714329370727938,6.773999999999999,6.735636363636364,6.724862935198166,4.734991381788458,4.689669244471995,4.721537572380127,6.684,6.74152380952381,6.712396554391551,4.759528523610191,4.7476537742883425,4.747871687512912,6.640333333333333,6.675935483870967,6.717711788994198,4.813673428269442,4.756707035559058,4.76037193083314,6.7943333333333324,6.726224043715847,6.817291129656681,4.775365440204264,4.775643844236116,4.766212198293383,7.675289577075164
2024-05-27,sz001258,6.72,6.78,6.85,6.71,62428,41840246.0,2.09,1.04,0.07,1.33,4.79537942170244,-0.055781046808444756,6.709999999999999,6.713333333333333,6.731694835951432,4.683781576760865,4.739356814756424,4.7413460543861055,6.763,6.736727272727274,6.734887856071227,4.711923415820133,4.7006488880927195,4.734963363166002,6.705500000000001,6.750666666666666,6.718834977782833,4.763733290989795,4.751068145535223,4.752396233626201,6.627,6.684946236559139,6.721730383252638,4.795395813383974,4.755526777070864,4.762630478631159,6.7926666666666655,6.725754098360654,6.816068469667937,4.775737152834946,4.77630004035081,4.767168500700237,7.621594229303971
2024-05-28,sz001258,6.7,6.93,7.05,6.7,135467,92574145.0,5.16,2.21,0.15,2.89,5.131833513192882,0.3364540914904426,6.752000000000001,6.786666666666667,6.797796557300955,4.805331397630823,4.888707460233763,4.871508540655031,6.763,6.767090909090909,6.770362791331003,4.728227195666954,4.776996178524128,4.8071215722617975,6.736,6.772047619047618,6.738945932279706,4.790900736697199,4.786125309554565,4.788533117394456,6.618666666666667,6.704494623655914,6.73516713272021,4.792074865679279,4.777232435123051,4.786450029248045,6.792166666666666,6.7302568306010935,6.819803929678824,4.783947420352663,4.787975330854349,4.779124730618028,7.966489709665614
2024-05-29,sz001258,6.88,6.87,6.94,6.66,89748,60856082.0,4.04,-0.87,-0.06,1.91,4.953024779271061,-0.17880873392182117,6.7700000000000005,6.825999999999999,6.82186437153397,4.883911968625796,4.937938587447176,4.8986806201937085,6.770999999999999,6.786545454545454,6.788478647452639,4.745625609318508,4.817868466452147,4.833649428081663,6.7595,6.784809523809525,6.751427272062591,4.80353236770197,4.801565694561599,4.804198989954132,6.620666666666667,6.720709677419354,6.743866027383422,4.785610198421989,4.787616300516069,4.797196787314046,6.795166666666666,6.732808743169399,6.82144970247624,4.783847700277709,4.793518850818887,4.784826371557472,7.784303988433691
2024-05-30,sz001258,6.95,6.73,7.01,6.69,88780,59155365.58,4.66,-2.04,-0.14,1.89,4.948315140689348,-0.004709638581712916,6.803999999999999,6.812666666666668,6.791242914355981,4.935942664673323,4.959406311468359,4.915225460358922,6.772,6.779090909090909,6.777846166097613,4.773513347445203,4.854721108519573,4.854497739464878,6.769,6.781999999999999,6.7493865794852015,4.805142015796479,4.815354530084207,4.817924337643201,6.6273333333333335,6.7277634408602145,6.742971444971589,4.781149049280528,4.798113393565576,4.806946358499551,6.793,6.730672131147542,6.81845135157538,4.7864577576773994,4.79891122591435,4.790186659069992,7.77199414264278
2024-05-31,sz001258,6.74,6.68,6.79,6.64,58088,38127652.26,2.23,-0.74,-0.05,1.24,4.76408642374914,-0.1842287169402086,6.798,6.771333333333333,6.754161942903988,4.918527855720974,4.902120897826965,4.864845781488995,6.76,6.762363636363636,6.760055954079865,4.789956603695776,4.8530071223930165,4.838059318425652,6.7780000000000005,6.77352380952381,6.7427783338199445,4.808585829104911,4.811444473698746,4.812796917272338,6.645666666666667,6.731161290322582,6.738908771102454,4.776536965747662,4.797012579015166,4.80418120141888,6.789000000000001,6.726967213114754,6.813911962999138,4.7882607577702165,4.7981777395560465,4.789330913649636,7.581240064074668
2024-06-03,sz001258,6.64,6.4,6.66,6.32,83127,52503132.33,5.09,-4.19,-0.28,1.77,4.919742107376001,0.15565568362686122,6.7219999999999995,6.6386666666666665,6.636107961935993,4.943400392855686,4.902525648378641,4.883144556784664,6.715999999999999,6.696909090909091,6.6945912351562535,4.813590984808275,4.876604486698511,4.852910734598443,6.7615,6.73752380952381,6.710132778218044,4.8095207349206435,4.82203078591504,4.8229821734726865,6.641333333333334,6.715311827956989,6.717043689095845,4.776835021508847,4.806251620410541,4.811636743738694,6.780333333333333,6.714213114754099,6.80034107896638,4.792859826215162,4.802488603477547,4.793606690493123,7.720185214130804
2024-06-04,sz001258,6.43,6.42,6.44,6.27,46746,29050254.0,2.66,0.31,0.02,1.0,4.669744454732609,-0.24999765264339224,6.62,6.537999999999999,6.564071974623996,4.850982581163632,4.811307002337615,4.81201118943398,6.686,6.643090909090909,6.644665556036934,4.828156989397227,4.850450572139299,4.8196077746228365,6.7459999999999996,6.705,6.682501085054421,4.8106256082651315,4.808718759230466,4.80838810502125,6.644,6.701032258064515,6.69787958012192,4.7690638961063065,4.799342551586269,4.802482402512495,6.774,6.702398907103827,6.787870879656006,4.793117847135101,4.798452033920743,4.789545633582941,7.46314993398336
2024-06-05,sz001258,6.42,6.27,6.42,6.27,38363,23773730.17,2.34,-2.34,-0.15,0.82,4.583912561806796,-0.08583189292581217,6.5,6.421333333333333,6.466047983082665,4.777160137670779,4.7222836625520035,4.7359783135582525,6.635,6.567454545454545,6.5765445458483995,4.830536053148288,4.806042494395584,4.776754099565374,6.725,6.659666666666667,6.64321526743019,4.803826924731883,4.787127040520148,4.787009481857969,6.644333333333334,6.676903225806451,6.670274445920506,4.766218015477639,4.7873973042121065,4.788381122466966,6.763,6.685874316939891,6.7708915065525295,4.7906293673766775,4.791592844237847,4.782803565655854,7.376097329189269
2024-06-06,sz001258,6.25,6.0,6.3,5.97,63247,37710818.92,5.26,-4.31,-0.27,1.35,4.801039930411569,0.217127368604773,6.354,6.254666666666666,6.310698655388443,4.747705095615223,4.7302435934656,4.757665519176025,6.579000000000001,6.451999999999999,6.4717182647850535,4.841823880144273,4.8006795629889085,4.781169705173773,6.685,6.590619047619047,6.581956670532076,4.800960484229967,4.786861612489642,4.78834571505355,6.634666666666667,6.635333333333332,6.627030933280473,4.773880249483704,4.789643879369135,4.789197819753715,6.748333333333333,6.660857923497267,6.745616375190151,4.7927768620304,4.791934174173417,4.783401479254402,7.576465963553206
2024-06-07,sz001258,6.04,6.21,6.24,6.04,54086,32427879.08,3.33,3.5,0.21,1.15,4.733084863820255,-0.06795506659131423,6.26,6.206666666666666,6.27713243692563,4.741504783629447,4.725370182867278,4.749471967390768,6.529000000000001,6.384909090909091,6.424133125733225,4.83001631967521,4.780908832748178,4.77242700674586,6.6515,6.5453809523809525,6.546532225719497,4.782503850731834,4.780397267688716,4.783082776840855,6.632333333333333,6.6079354838709685,6.600125711778507,4.783024455631864,4.787011919003749,4.785577629048331,6.736166666666667,6.643207650273225,6.728055182560966,4.7948045115995,4.789977059478004,4.7817517541582,7.510918544911828
2024-06-11,sz001258,6.25,6.24,6.38,6.15,55103,33583303.82,3.7,0.48,0.03,1.18,4.741175244005656,0.008090380185400647,6.228,6.2,6.26475495795042,4.705791410955377,4.725260336326015,4.746706392929064,6.475,6.3323636363636355,6.390654375599911,4.824595901905531,4.764755909899168,4.766744868065823,6.619,6.506190476190477,6.517338680412879,4.768259658862833,4.77646120990527,4.779091583237503,6.628666666666667,6.582623655913979,6.576891794889571,4.784020827961707,4.784311969866575,4.782712959045578,6.721166666666666,6.626939890710381,6.712053373296672,4.7918993613579755,4.788218722835582,4.780421376776149,7.526123418431447
2024-06-12,sz001258,6.24,6.24,6.27,6.12,35792,21797544.0,2.4,0.0,0.0,0.76,4.553785966752555,-0.18738927725310095,6.192,6.204,6.2565033053002805,4.682599713359367,4.6745918549250725,4.682399584203561,6.406000000000001,6.289636363636364,6.363262670945382,4.7667911472614986,4.715517739871354,4.728025067827047,6.5845,6.470095238095238,6.490925472754509,4.747509171464226,4.756035143990006,4.757633905477032,6.626,6.557548387096774,6.555156840380566,4.782864206885298,4.769458107853081,4.767943475671835,6.706833333333333,6.61116393442623,6.696576213516453,4.788451650477496,4.780411726291142,4.772990707595048,7.338407562992886
2024-06-13,sz001258,6.4,6.18,6.53,6.16,107146,66015748.56,5.93,-0.96,-0.06,2.29,5.029975962495406,0.4761899957428515,6.1739999999999995,6.2,6.231002203533521,4.771812393497088,4.79038393797042,4.79825837696751,6.337000000000001,6.248545454545455,6.329942185318949,4.774486265583933,4.763369524459337,4.782925230494021,6.553999999999999,6.431571428571427,6.461313522968366,4.760055937451221,4.782936743135833,4.783571244240687,6.618666666666666,6.528774193548387,6.530953173259239,4.793850333662624,4.7854008017634095,4.784848797402388,6.690333333333332,6.593890710382513,6.679639288483126,4.792213093214838,4.788330556193367,4.781416453657355,7.819647552160537
2024-06-14,sz001258,6.11,6.14,6.24,6.06,60321,36292669.54,2.91,-0.65,-0.04,1.29,4.780468532644244,-0.24950742985116214,6.202,6.188666666666666,6.200668135689014,4.767698113943623,4.793269317686138,4.792328428859755,6.2780000000000005,6.212727272727271,6.295407242533685,4.757701604779423,4.764457209379394,4.782478558157698,6.525,6.392142857142858,6.430712235066617,4.765607476112313,4.7848807998208835,4.783275747898168,6.605333333333333,6.497892473118278,6.505730387887676,4.789328545457461,4.784537459762226,4.784566199676057,6.673,6.57584699453552,6.66194619705745,4.792218254856177,4.787945488633677,4.781385374279876,7.559818914297306
2024-06-17,sz001258,6.22,6.74,6.74,6.16,268868,173909045.42,9.45,9.77,0.6,5.74,5.429539116650946,0.6490705840067017,6.308,6.367999999999999,6.380445423792677,4.906988964509761,5.013882985255246,5.0047319914568185,6.284,6.296727272727273,6.3762422893457416,4.824246874069604,4.886609484265125,4.900125932429197,6.522,6.412619047619048,6.46016821267932,4.80710173888269,4.848112384634087,4.844824640160337,6.613333333333333,6.506580645161289,6.520844556411053,4.813806177426475,4.82584136758116,4.8261773556099214,6.663666666666667,6.578043715846995,6.664505338137533,4.802072325893383,4.808841254594162,4.8026363166526975,8.240322171271423
2024-06-18,sz001258,6.75,6.84,6.97,6.69,345849,231191535.04,4.15,1.48,0.1,7.38,5.538886524282129,0.10934740763118267,6.428,6.545333333333334,6.533630282528453,5.066531220565056,5.224515505179369,5.182783502398589,6.328,6.397818181818182,6.46056187310106,4.886161315760217,5.016543966121947,5.016264221857002,6.522,6.442904761904761,6.496342668614623,4.849876150284246,4.917806173719748,4.910925771981461,6.617,6.521204301075269,6.541435230190985,4.835067595200501,4.872620744797654,4.872158592298451,6.658166666666667,6.583825136612023,6.670259261477286,4.8070367558659335,4.832999097164284,4.826775667722515,8.36397192856891
2024-06-19,sz001258,6.84,6.77,7.12,6.73,252331,170348709.44,5.7,-1.02,-0.07,5.38,5.40197060882872,-0.1369159154534083,6.533999999999999,6.659333333333333,6.612420188352303,5.236168148980289,5.33632863460059,5.255845871208633,6.3629999999999995,6.4781818181818185,6.516823350719049,4.959383931169827,5.110327473952585,5.08639265585186,6.524500000000001,6.4665238095238085,6.522405271603706,4.893770460283528,4.970386598343031,4.9576919469192955,6.618333333333333,6.531075268817204,6.556181344372212,4.86021171590003,4.909195132773668,4.906340012719759,6.652833333333334,6.587491803278689,6.673529449625571,4.814975736627974,4.8525051251302775,4.845634518250588,8.231338847706011
2024-06-20,sz001258,6.72,6.57,6.84,6.55,148897,96822282.03,4.28,-2.95,-0.2,3.18,5.172885947607307,-0.22908466122141302,6.611999999999999,6.671333333333333,6.598280125568202,5.264750146002669,5.315234567476263,5.2281925633415245,6.393,6.515818181818181,6.526491832406494,5.018281269749879,5.149146022395763,5.102118708898304,6.514,6.4708571428571435,6.5269381028795435,4.924408661449084,4.9969690257072,4.978186613651488,6.614333333333333,6.527956989247312,6.557072870541747,4.875311706404548,4.929367663851555,4.923536524647988,6.644,6.584775956284154,6.670135041441125,4.822649848477344,4.864239886145993,4.856364073311464,7.985975314427129
2024-06-21,sz001258,6.59,6.81,7.07,6.59,217964,145958897.4,7.31,3.65,0.24,4.65,5.338384769327444,0.16549882172013675,6.746,6.737333333333334,6.668853417045468,5.376333393339309,5.339779441917854,5.264923298670165,6.474000000000001,6.591636363636363,6.5780387719689495,5.072015753641467,5.207346658682593,5.145076174430875,6.5265,6.4990476190476185,6.553896378795778,4.95691981689287,5.036395321695616,5.01249119990634,6.6146666666666665,6.540580645161291,6.573390749861635,4.891312240700467,4.959243345330452,4.950300927530534,6.64,6.590218579234971,6.674720777787317,4.832443289655249,4.881149227813211,4.872168030557889,8.16423057396567
2024-06-24,sz001258,6.72,6.64,6.92,6.58,156924,103509867.97,4.99,-2.5,-0.17,3.35,5.195689369784971,-0.14269539954247268,6.725999999999999,6.702,6.659235611363646,5.329563443966114,5.279564767399742,5.2418453223751005,6.517,6.621818181818182,6.589304449792777,5.118276204237938,5.229832770708685,5.154278573586165,6.523000000000001,6.509857142857142,6.56209672367237,4.974146261956575,5.05913527911391,5.029938644656686,6.606666666666667,6.5422150537634405,6.577688120838304,4.894427968567202,4.978880579464937,4.9661324399340465,6.6353333333333335,6.590218579234971,6.673582391630355,4.839733514584919,4.893058935358446,4.882775287581728,8.01498175462995
2024-06-25,sz001258,6.56,6.32,6.59,6.29,143380,89791892.2,4.52,-4.82,-0.32,3.06,5.156488576050017,-0.03920079373495433,6.622,6.566666666666666,6.546157074242431,5.2530838543196925,5.221873144761043,5.2133930736000735,6.525,6.585999999999999,6.540340004375908,5.159807537442374,5.236780474674517,5.1546803922159565,6.5,6.490523809523809,6.53903989284643,4.992201719673952,5.076501213789476,5.041991019075098,6.587666666666666,6.523720430107526,6.561063080784221,4.8987756183893465,4.99578771543157,4.978413480973787,6.626499999999999,6.5798797814207655,6.661989526330999,4.84807495217437,4.903444347209762,4.891749493761016,7.953237123618657
2024-06-26,sz001258,6.32,6.94,6.94,6.3,89049,60104314.6,10.13,9.81,0.62,1.9,4.949629046798472,-0.20685952925154538,6.656000000000001,6.672666666666667,6.677438049494954,5.162615541913643,5.120721542253969,5.1254717313328735,6.595000000000001,6.6614545454545455,6.613005458125743,5.199391845446966,5.198566203648353,5.117398329412777,6.5005,6.5324285714285715,6.577226569718198,4.983091496354232,5.072446673515622,5.033194640763038,6.587999999999999,6.546451612903226,6.585510623959433,4.898136729458472,4.999068581780545,4.976556420704412,6.627666666666667,6.590158469945355,6.671104623828343,4.85359432808436,4.906773989656453,4.893647184024539,7.778905649036254
2024-06-27,sz001258,7.14,7.36,7.62,6.97,526366,373684074.96,9.37,6.05,0.42,11.23,5.721287828764578,0.7716587819661065,6.814,6.907333333333335,6.904958699663303,5.272295918145097,5.306945637870949,5.324077097143442,6.712999999999999,6.800545454545455,6.748822647557425,5.268523032073882,5.293456382433374,5.227196420204013,6.525,6.614285714285716,6.651776420221227,5.021504648828908,5.142751086126132,5.098727325334613,6.607,6.596258064516129,6.635477680478179,4.929544968992108,5.052175104316423,5.024603608321197,6.639833333333333,6.614169398907103,6.693691357473316,4.871967543069394,4.935222956891869,4.920782942868475,8.57250459021152
2024-06-28,sz001258,7.13,7.07,7.36,7.0,391950,274577979.38,4.89,-3.94,-0.29,8.36,5.593230668783007,-0.1280571599815712,6.866,6.9926666666666675,6.959972466442203,5.3232650980362095,5.413923888083585,5.41379495435663,6.806,6.865454545454545,6.8072185298197105,5.349799245687759,5.352494134562305,5.29374810176383,6.542,6.666190476190477,6.691607237343014,5.0537504252335905,5.197201183264616,5.145822881853508,6.618666666666667,6.6261290322580635,6.663511378511846,4.960338065970794,5.094993536560998,5.061289225125185,6.646166666666667,6.628273224043717,6.70602934575288,4.88889422672875,4.958870928226743,4.942830409291902,8.438665704724377
2024-07-01,sz001258,7.08,7.2,7.29,7.08,256990,181561907.1,2.97,1.84,0.13,5.48,5.4099162243845464,-0.18331444439846045,6.978,7.104,7.0399816442948016,5.3661104689561245,5.442807596866364,5.412502044365936,6.852000000000001,6.93709090909091,6.8786333425797626,5.347836956461118,5.363424494325359,5.31486957860396,6.5680000000000005,6.728857142857143,6.740025595691298,5.086041915265361,5.231121735564707,5.170974628761226,6.632,6.663634408602151,6.698123547640114,4.987346811408833,5.123998579039305,5.083781289593531,6.653333333333334,6.64643169398907,6.722225104908523,4.902876780107962,4.975953616674473,4.958144698311333,8.259024735861164
2024-07-02,sz001258,7.18,7.52,7.54,7.12,387994,279278389.82,5.83,4.44,0.32,8.28,5.58882500964823,0.17890878526368326,7.218000000000001,7.284666666666666,7.199987762863202,5.452577755675767,5.517045777097065,5.471276366126701,6.92,7.058545454545455,6.995245462110715,5.352830804997729,5.40724050399574,5.364679656975644,6.624,6.819523809523809,6.814308872292127,5.119496060378973,5.2790058397916475,5.210769903131418,6.654666666666667,6.720924731182795,6.75114783488914,5.017527701855406,5.162803624087007,5.116364755403511,6.663333333333333,6.674846994535519,6.748381658845948,4.919199246660872,4.998443722561039,4.978822741305986,8.446037331887815
2024-07-03,sz001258,7.42,7.26,7.42,7.24,198697,142274489.92,2.39,-3.46,-0.26,4.24,5.2981913100223395,-0.29063369962589025,7.282000000000001,7.298666666666667,7.219991841908802,5.522290208320539,5.465583628545924,5.413581347425247,6.968999999999999,7.120363636363637,7.043382650817858,5.342452875117091,5.397306050363853,5.352590866620498,6.6659999999999995,6.880095238095238,6.856755646359543,5.15091840314346,5.296024434995778,5.219095751406743,6.672666666666667,6.759978494623656,6.783977006831776,5.043331265228049,5.180910953646165,5.12809550086279,6.668166666666666,6.694409836065574,6.765156030687065,4.926594702855237,5.01086969185158,4.989293841919636,8.153127037258212
2024-07-04,sz001258,7.22,7.14,7.26,7.07,174831,122680146.26,2.62,-1.65,-0.12,3.73,5.242618441658037,-0.05557286836430286,7.2379999999999995,7.251333333333332,7.1933278946058685,5.426556330899231,5.3723597063250885,5.356593712169511,7.026000000000001,7.151454545454547,7.060949441578247,5.349426124522164,5.3791543351894795,5.332595880263686,6.7095,6.925238095238095,6.883731299087206,5.183853697136021,5.304757771997165,5.221336007621153,6.684666666666668,6.790129032258064,6.806946232197468,5.06608114914011,5.193768190835196,5.13548407768829,6.672499999999999,6.709879781420764,6.777445996894046,4.938091035311403,5.021231125910687,4.997599566501223,8.088774285079221
2024-07-05,sz001258,7.13,6.99,7.13,6.9,150162,102497730.17,3.22,-2.1,-0.15,3.2,5.176560043997809,-0.06605839766022736,7.2219999999999995,7.168666666666667,7.125551929737246,5.343222205942192,5.289027610691281,5.296582489445611,7.044,7.144909090909091,7.0480495431094745,5.333243651989201,5.347724138730505,5.304225728215345,6.759,6.951952380952381,6.893852127745567,5.202629702815333,5.304063138364955,5.217071630133216,6.699,6.809827956989246,6.818756152700858,5.082361095258313,5.200895861471177,5.13813414003084,6.673666666666667,6.720289617486339,6.784414980602437,4.945940249987957,5.029049781933192,5.003467123140456,8.010714247971686
2024-07-08,sz001258,6.98,7.08,7.23,6.83,179914,123925307.01,5.72,1.29,0.09,3.84,5.255064959266498,0.07850491526868897,7.198,7.121333333333333,7.110367953158164,5.312251952918582,5.259641861799383,5.282743312719241,7.087999999999999,7.151454545454547,7.05385871708957,5.339181210937354,5.333509830962741,5.295287406588281,6.802499999999999,6.982523809523809,6.911580496531704,5.228728707587646,5.3090569723126855,5.220690042431624,6.711333333333333,6.834408602150537,6.835610594462094,5.0958245782835,5.2120380462459,5.145678063852496,6.675833333333332,6.733612021857923,6.794106292713833,4.954749003276471,5.039185018302981,5.011716232521637,8.093160003490715
2024-07-09,sz001258,7.01,7.05,7.13,6.7,215187,145646945.4,6.07,-0.42,-0.03,4.59,5.332816030940444,0.07775107167394602,7.103999999999999,7.072,7.090245302105443,5.261050157177026,5.266496554473337,5.2994342187929755,7.161000000000001,7.144545454545455,7.053157132164193,5.356813956426396,5.332352525508757,5.302110792834128,6.843000000000001,7.006095238095238,6.924763306385827,5.258310746934384,5.318970050727237,5.231368708003892,6.7203333333333335,6.85625806451613,6.849442169012927,5.113739131924768,5.227327817385056,5.157751481083976,6.673666666666666,6.745879781420765,6.802496250329773,4.954567472654371,5.051580658554259,5.0222440947648765,8.163301380760217
2024-07-10,sz001258,6.96,6.75,7.06,6.73,163877,110456141.0,4.68,-4.26,-0.3,3.5,5.2145180049798405,-0.11829802596060368,7.002000000000001,6.954,6.976830201403629,5.244315496168526,5.250985837074276,5.2711288141885975,7.141999999999999,7.069818181818182,6.998037653588885,5.383302852244532,5.306480534336656,5.286184831406075,6.8685,6.997238095238096,6.908119181968129,5.29134734884575,5.314799313398233,5.229763879144459,6.714333333333333,6.858172043010753,6.843026545205642,5.116495281650999,5.2338296801628035,5.161413837464355,6.6665,6.748382513661203,6.800775061794369,4.954285073665138,5.0601036268272255,5.028548157394875,8.043189866230756
2024-07-11,sz001258,6.84,6.84,6.88,6.66,156188,103741286.1,3.26,1.33,0.09,3.33,5.193647663766761,-0.020870341213079513,6.942,6.9,6.931220134269086,5.2345213405902715,5.234096559607021,5.245301764047985,7.089999999999999,7.014909090909089,6.969303534754543,5.330538835744751,5.271997772795243,5.269359891835291,6.9015,6.99452380952381,6.901631640828307,5.299530933909317,5.305494581485949,5.226324239584678,6.713333333333333,6.8662795698924715,6.842831284224633,5.124516044467523,5.238807253202528,5.163493439161284,6.667000000000001,6.754071038251365,6.802061125342095,4.955063121444756,5.067951580601049,5.033961255964444,8.015951627720328
2024-07-12,sz001258,6.75,6.55,6.88,6.52,180886,117838794.1,5.26,-4.24,-0.29,3.86,5.257404955151513,0.06375729138475172,6.853999999999999,6.769333333333333,6.8041467561793905,5.250690322821011,5.241724431127435,5.2493361610824945,7.037999999999999,6.916727272727273,6.893066528435535,5.296956264381602,5.258700703596473,5.267186266983694,6.922,6.961047619047619,6.868142913130373,5.32337775503468,5.301482583509014,5.229284307733901,6.707333333333334,6.855741935483871,6.823938943306915,5.134819038282928,5.247380731311173,5.169552246644525,6.667333333333333,6.750234972677596,6.793796826150551,4.957984043781727,5.077864427607827,5.0412872788886105,8.071288289516895
2024-07-15,sz001258,6.55,6.49,6.56,6.4,76172,48180418.18,2.44,-0.92,-0.06,1.63,4.881795358738464,-0.3756095964130486,6.736,6.648,6.69943117078626,5.176036402715405,5.118759443099918,5.126822560301152,6.9670000000000005,6.817090909090908,6.819781705083619,5.2441441778169935,5.183216902570448,5.1971151927572885,6.9094999999999995,6.919904761904761,6.832129302356051,5.2959905671390555,5.25942711719509,5.196190122115288,6.701,6.841720430107526,6.802394495351631,5.13874266944924,5.231056622953466,5.150987286134456,6.673333333333333,6.744420765027322,6.783836274473484,4.95763981759845,5.075366437934278,5.036058035604999,7.682870565120155
2024-07-16,sz001258,6.49,6.44,6.56,6.39,72336,45518302.27,2.62,-0.77,-0.05,1.54,4.859354489690219,-0.022440869048245382,6.614,6.549333333333333,6.612954113857508,5.08134409446536,5.0131988054248575,5.037666536764174,6.859,6.721272727272728,6.750730485977506,5.171197125821193,5.113255141092852,5.135704155836003,6.8895,6.875190476190476,6.794783654512618,5.262013965409461,5.217842728866628,5.164110538074805,6.702333333333333,6.824881720430107,6.779014205328945,5.136729748859713,5.213031579098045,5.132172267009023,6.671833333333334,6.736770491803278,6.772562953998944,4.9567823851842805,5.072143968166794,5.0302644767225475,7.658186055484539
2024-07-17,sz001258,6.41,6.48,6.5,6.37,74471,46861048.0,2.02,0.62,0.04,1.59,4.871987185608725,0.01263269591850591,6.56,6.504666666666667,6.5686360759050055,5.012837930591136,4.943413169139311,4.982440086379025,6.781000000000001,6.652363636363637,6.701506761254322,5.128576713379831,5.058853333781494,5.08775561579468,6.875,6.836190476190476,6.76480425884475,5.235514794248461,5.180697321266558,5.136289266411369,6.7043333333333335,6.810537634408602,6.759722966275465,5.143471173222251,5.195951413727015,5.115386132725133,6.674166666666666,6.730480874316939,6.762970725998978,4.956267534664279,5.069363797688909,5.025075057341766,7.670811996926919
2024-07-18,sz001258,6.42,6.55,6.55,6.23,88642,55591106.82,4.94,1.08,0.07,1.89,4.947639546337027,0.07565236072830217,6.502,6.501333333333334,6.562424050603337,4.9636363071051885,4.921680374387942,4.9708399063650255,6.7219999999999995,6.610363636363636,6.6739600773899,5.09907882384773,5.02595566704644,5.062279966802379,6.874,6.805238095238095,6.744346710383344,5.224252474184947,5.153280630989279,5.1183226264042885,6.713666666666667,6.800580645161292,6.74619245232221,5.155595406039923,5.18331711521829,5.104563772312997,6.679,6.726409836065574,6.755988079244913,4.960906710758781,5.069080912825719,5.0225361881284964,7.745005320936081
2024-07-19,sz001258,6.49,6.42,6.51,6.39,62904,39702035.0,1.83,-1.98,-0.13,1.34,4.798678262658206,-0.14896128367882078,6.476000000000001,6.474000000000001,6.514949367068891,4.871890968606528,4.866694359572281,4.913452691796086,6.665000000000001,6.555454545454546,6.627785517864463,5.06129064571377,4.9713373831937995,5.014352384230711,6.8545,6.762,6.713456547489693,5.197267148851485,5.112749753701019,5.087880306047519,6.727666666666666,6.781634408602151,6.725147777978841,5.15551668378148,5.16029020274205,5.084829223303012,6.681166666666667,6.717918032786887,6.744972076646719,4.9646984666325915,5.063761947314225,5.015196584014716,7.598812767887049
2024-07-22,sz001258,6.43,6.34,6.48,6.3,56681,35140936.0,2.8,-1.25,-0.08,1.21,4.753437503725226,-0.045240758932980185,6.446000000000001,6.4286666666666665,6.456632911379262,4.84621939760388,4.827209871278513,4.8601142957724655,6.590999999999999,6.496363636363635,6.575460878252741,5.011127900159642,4.915364084650427,4.966913315047895,6.839500000000001,6.713000000000001,6.677889257252579,5.175154555548498,5.070480263688993,5.056028610588253,6.732,6.756623655913978,6.700299534238272,5.156195105111645,5.134349610480357,5.06344911236251,6.682166666666666,6.70673224043716,6.731694303641908,4.969609780371755,5.056835358366442,5.006614319087192,7.5458133250084884
2024-07-23,sz001258,6.36,6.19,6.38,6.19,53795,33105028.0,3.0,-2.37,-0.15,1.15,4.7307419118500205,-0.022695591875205423,6.396,6.343333333333333,6.367755274252842,4.820496882035841,4.788717376027226,4.816990167798318,6.505,6.423454545454545,6.505377082206788,4.9509204882506,4.864384814048678,4.923973059921009,6.833000000000001,6.651142857142857,6.6314236137047144,5.153867222338499,5.028155250003424,5.0250489249941355,6.730333333333333,6.721655913978495,6.667376983642255,5.155847327373123,5.106901017366704,5.041984131684285,6.6795,6.6905956284153,6.713933834670042,4.969934077667416,5.049003624972286,4.997569322128596,7.5198939595407115
2024-07-24,sz001258,6.14,6.17,6.25,6.13,51136,30990659.05,1.94,-0.32,-0.02,1.09,4.708726753297879,-0.022015158552141756,6.3340000000000005,6.268000000000001,6.301836849501895,4.787844795573672,4.751460666447906,4.780902362964838,6.447,6.3625454545454545,6.444399430896463,4.900341363082404,4.820349589511819,4.884837367807712,6.794499999999999,6.588000000000002,6.587478507637599,5.141822107663468,4.985760919618603,4.994923003880206,6.728,6.685505376344087,6.635288145987916,5.161012020257968,5.078054528716687,5.020483655659356,6.6770000000000005,6.673890710382515,6.6960999384513515,4.971938113571634,5.040439450402794,4.988099073970212,7.491230812081002
2024-07-25,sz001258,6.14,6.22,6.27,6.11,44207,26789688.0,2.59,0.81,0.05,0.94,4.645491043572393,-0.06323570972548609,6.268,6.23,6.274557899667931,4.727415095020744,4.704009415780813,4.73576525650069,6.385,6.321272727272728,6.403599534369833,4.845525701062967,4.774013167782727,4.841319854310381,6.7375,6.533285714285714,6.5524805545292555,5.088032268403859,4.938491294467072,4.9616437695651765,6.729333333333334,6.652731182795698,6.608495362375793,5.148195856293867,5.044795110866006,4.996290583911811,6.674,6.658907103825137,6.6804901044037655,4.971023094978246,5.029736267779867,4.976866023793234,7.427967655725888
2024-07-26,sz001258,6.26,6.29,6.31,6.23,47015,28852831.1,1.29,1.13,0.07,1.0,4.672236440444547,0.026745396872154714,6.242,6.237333333333334,6.279705266445288,4.702126730578013,4.68561653092208,4.714588984481976,6.359,6.303999999999999,6.382945073575317,4.7870088495922705,4.742506029488468,4.8105774154256835,6.6985,6.490666666666667,6.527482406478851,5.041982556986936,4.89889169180428,4.934081166791783,6.734333333333334,6.624387096774194,6.587947274480581,5.144588119887211,5.014088051778953,4.97538386497844,6.669833333333333,6.64631693989071,6.667687150161019,4.966958332672335,5.019939984024666,4.9668781686014745,7.460188433463454
2024-07-29,sz001258,6.28,6.21,6.29,6.18,38363,23310618.0,1.75,-1.27,-0.08,0.82,4.583912561806796,-0.08832387863775093,6.216,6.226666666666666,6.256470177630192,4.668221742194327,4.646211807998342,4.671030176923583,6.3309999999999995,6.276909090909092,6.3515005147434405,4.757220569899104,4.705579431709291,4.769365623858612,6.649000000000001,6.444142857142857,6.497245986814199,5.000682373858049,4.8552659779775995,4.900731775840832,6.716666666666667,6.590559139784946,6.5635635793528015,5.116400568059073,4.977915435128605,4.950127651870592,6.665,6.63124043715847,6.652681014090165,4.965103372742774,5.007381106291368,4.95432191919837,7.367553787481624
2024-07-30,sz001258,6.22,6.19,6.23,6.11,43873,26436142.64,1.93,-0.32,-0.02,0.94,4.642197332123195,0.05828477031639867,6.215999999999999,6.218000000000001,6.2343134517534615,4.650512826248962,4.637537004641298,4.661419228656787,6.306,6.251272727272726,6.322136784790088,4.735504854142401,4.684666115750034,4.746244116270354,6.5825000000000005,6.400428571428571,6.467984464260466,4.953350989981797,4.821124545431424,4.876109447867724,6.695000000000001,6.55658064516129,6.539462703265524,5.086510928320441,4.94732167797145,4.930261179628825,6.656,6.615666666666667,6.637511144775734,4.960789261760471,4.996794022992367,4.944088326179512,7.422198086502893
2024-07-31,sz001258,6.21,6.37,6.37,6.15,74443,45864825.0,3.55,2.91,0.18,1.59,4.8718238665703995,0.22962653444720438,6.255999999999999,6.269333333333333,6.279542301168974,4.683132248903466,4.71130735141511,4.731554107961324,6.295,6.2629090909090905,6.330839187555526,4.735488522238569,4.709451390736944,4.7690767981430895,6.538000000000001,6.380190476190477,6.458652610521374,4.932032617809201,4.813360057487481,4.8757012972679785,6.6816666666666675,6.5356129032258075,6.528529625635491,5.068839370245164,4.933470899794027,4.92649103039925,6.65,6.60628961748634,6.628740287569971,4.964525543072597,4.993877124789414,4.94171899963495,7.661479740770045
2024-08-01,sz001258,6.37,6.32,6.4,6.29,53031,32874037.0,1.73,-0.78,-0.05,1.13,4.724529816641232,-0.14729404992916706,6.276,6.2906666666666675,6.293028200779316,4.698940003517235,4.725106540661032,4.729212677521294,6.272,6.267454545454545,6.328868426181794,4.713177549268989,4.707458898810155,4.760977346960933,6.497,6.359428571428572,6.4454475999955285,4.906128186558361,4.793597885947674,4.861304013398764,6.673333333333334,6.512279569892473,6.515076101400944,5.053894165879628,4.911257380206678,4.913461274672926,6.643833333333333,6.595469945355191,6.6186176551906275,4.964602936142088,4.986008412447401,4.934598042815484,7.516853039620653
2024-08-02,sz001258,6.29,6.24,6.34,6.22,43998,27020211.0,1.9,-1.27,-0.08,0.94,4.643432935379254,-0.08109688126197856,6.266,6.278666666666667,6.275352133852878,4.693179302504175,4.706604184615039,4.700619430140614,6.254,6.261636363636363,6.312710530512376,4.697653016541095,4.694778059921113,4.739605635764264,6.4595,6.33495238095238,6.425881161900716,4.879471831127432,4.768579290597283,4.840554386920716,6.654333333333333,6.484322580645163,6.49732925614927,5.030729104748022,4.884776010496976,4.896040091492689,6.6345,6.58222950819672,6.60620396157782,4.961020672724244,4.975478248487964,4.9250516458503615,7.4316887360915596
2024-08-05,sz001258,6.22,6.05,6.29,6.05,68831,41529946.0,3.85,-3.04,-0.19,1.47,4.837784079176385,0.1943511437971308,6.234,6.206666666666666,6.200234755901919,4.743953605978094,4.754805776839108,4.746340979819205,6.225,6.224545454545455,6.264944979510126,4.70608767408621,4.720256434945711,4.757456261839195,6.4079999999999995,6.295952380952381,6.3900829560054095,4.858607787122926,4.764609028506707,4.840290548087922,6.634666666666666,6.445333333333335,6.46846930413964,5.018798928394402,4.872327944331064,4.892281639085186,6.620666666666667,6.5630655737704915,6.587967766116252,4.956613448480803,4.971437704437213,4.922190414156132,7.618361366411653
2024-08-06,sz001258,6.12,6.19,6.22,6.07,50074,30124385.0,2.48,2.31,0.14,1.07,4.699612284998696,-0.13817179417768877,6.234,6.192000000000001,6.19682317060128,4.755436596553193,4.740025336512643,4.730764748212369,6.2250000000000005,6.218181818181818,6.2513186195991945,4.702974711401078,4.719079091475254,4.7469391751409225,6.365,6.275190476190476,6.371027436385847,4.826947599825839,4.749466599732973,4.8268926182699,6.630333333333334,6.416645161290321,6.450503542582244,5.003569718692691,4.851735257660374,4.8798513581763805,6.609,6.5489453551912575,6.574919642637031,4.951172668541019,4.963011436782062,4.914892770577199,7.478918189397606
2024-08-07,sz001258,6.23,6.21,6.25,6.13,44136,26749183.63,1.94,0.32,0.02,0.94,4.644792970949683,-0.054819314049012746,6.202,6.184,6.20121544706752,4.71003041742905,4.703144127978139,4.702107489124807,6.229000000000001,6.215454545454546,6.243806143308431,4.696581333166258,4.708500593211364,4.728367138015242,6.338,6.260428571428573,6.355691490063386,4.798461348124331,4.7321185398400045,4.809549794715594,6.606,6.389526881720431,6.434987184996293,4.993408516164398,4.828588370709212,4.864686300935948,6.5969999999999995,6.535863387978142,6.562955064189915,4.945772622811435,4.952966200795462,4.9060370394418715,7.427310532136821
2024-08-08,sz001258,6.19,6.2,6.21,6.11,37698,22716716.0,1.61,-0.16,-0.01,0.8,4.576318310099583,-0.06847466085010012,6.178,6.183333333333334,6.200810298045014,4.68038811612072,4.658573425534984,4.660177762783066,6.227,6.210181818181818,6.235841389979624,4.689664059818977,4.686634589017423,4.700721896576032,6.306,6.247285714285715,6.340863729104968,4.7675948804409725,4.710962060028123,4.787337272371213,6.567333333333333,6.363333333333333,6.419826721448146,4.955242865542232,4.801679325156641,4.846081914430376,6.587166666666667,6.522846994535519,6.551054898150902,4.94239391726717,4.940852944640976,4.895226589299502,7.356345548598697
2024-08-09,sz001258,6.2,6.14,6.23,6.14,31064,18758741.0,1.45,-0.97,-0.06,0.66,4.4922573775379915,-0.08406093256159153,6.1579999999999995,6.1706666666666665,6.180540198696676,4.650153004552467,4.595863179340741,4.604204301034708,6.212000000000001,6.1943636363636365,6.218415682710601,4.671666153528322,4.650742464966335,4.662819256750933,6.285500000000001,6.23147619047619,6.32173385014259,4.7293375015602965,4.68473944070403,4.759234425244239,6.536333333333333,6.335763440860216,6.401773384580524,4.918543755834064,4.771809293672497,4.823254524953448,6.577500000000001,6.508185792349726,6.537577688375462,4.93944091090243,4.926094369567888,4.882014483995845,7.273203687182658
2024-08-12,sz001258,6.24,6.13,6.28,6.11,44551,26889310.64,2.77,-0.16,-0.01,0.95,4.648857456736704,0.15660007919871255,6.174,6.161333333333332,6.163693465797784,4.612367680064532,4.59543133006882,4.619088686268707,6.204000000000001,6.179454545454545,6.202340104035946,4.678160643021313,4.64659542918604,4.660280747657437,6.2675,6.216666666666667,6.303473483462344,4.717690606460208,4.677074674530354,4.748722333005427,6.500666666666667,6.3095483870967755,6.384239617833394,4.893175130245804,4.7544101776017005,4.81200310119753,6.566333333333334,6.4935136612021855,6.524214485477906,4.940260970827318,4.916567043201797,4.874369991298824,7.429579668378688
2024-08-13,sz001258,6.12,6.2,6.22,6.07,36715,22075025.84,2.45,1.14,0.07,0.78,4.564843532543834,-0.08401392419287035,6.176,6.17,6.1757956438651895,4.585413929573559,4.57958994756192,4.601006968360416,6.205,6.178727272727273,6.201914630574864,4.670425263063376,4.625992318190135,4.64292852672769,6.2555,6.210238095238097,6.29361886598974,4.702965058602889,4.662517810347843,4.731210066294799,6.456666666666666,6.290150537634409,6.372353190876402,4.859042414342323,4.733227493878993,4.796057322574712,6.555666666666666,6.481502732240437,6.5135845023474825,4.938285058098866,4.904258274733487,4.864221582815055,7.343901220614854
2024-08-14,sz001258,6.22,6.18,6.23,6.16,25160,15242963.0,1.13,-0.32,-0.02,0.54,4.400710636773232,-0.16413289577060208,6.17,6.171333333333333,6.177197095910127,4.536597462738269,4.518022183295145,4.534241524498022,6.186,6.174181818181818,6.197930152288524,4.623313940083659,4.57695329522829,4.5988889103723345,6.2405,6.203047619047618,6.282798021609764,4.679401231161114,4.633731674935494,4.699733930149888,6.4206666666666665,6.2723010752688175,6.359943307594054,4.829126391900687,4.703657701777762,4.770551084781069,6.546666666666667,6.469185792349726,6.502647305549204,4.936228828564367,4.886632883870351,4.849024502616962,7.183069395446704
2024-08-15,sz001258,6.17,6.22,6.25,6.12,40487,24551282.0,2.1,0.65,0.04,0.86,4.607315597669501,0.20660496089626967,6.174,6.188,6.191464730606752,4.542796920252252,4.541594894938888,4.558599548888515,6.176,6.180363636363635,6.201942851872428,4.6115925181864865,4.574044505698444,4.600421035335455,6.224,6.201095238095239,6.27681725764693,4.6623850337277375,4.626866376507722,4.690932184199375,6.39,6.259354838709677,6.350914707104115,4.807949630434402,4.689347327956394,4.760019763031936,6.537333333333334,6.458475409836066,6.493380180777098,4.937015389787256,4.8758488435131415,4.841099620487538,7.390074174707019
2024-08-16,sz001258,6.26,6.14,6.26,6.14,29607,17846533.0,1.93,-1.29,-0.08,0.63,4.471394403692833,-0.13592119397666824,6.1739999999999995,6.176666666666667,6.174309820404501,4.538624325483221,4.517794056085749,4.529531167156621,6.1659999999999995,6.173818181818182,6.19068051516835,4.594388665017844,4.54855393942687,4.576961647764069,6.21,6.193095238095238,6.263787042632937,4.646020840779469,4.608676792694873,4.670023824151133,6.361666666666667,6.243225806451613,6.337307306645786,4.784444109090902,4.667634087521455,4.741398772106833,6.530333333333333,6.445448087431694,6.481793945341784,4.933402602174608,4.860582581673981,4.828978137969678,7.25155385937183
2024-08-19,sz001258,6.13,6.12,6.19,6.11,19467,11685956.0,1.3,-0.33,-0.02,0.42,4.289299028878417,-0.1820953748144163,6.172,6.158666666666666,6.1562065469363345,4.466712639911563,4.434685623884148,4.449453787730553,6.173,6.165454545454545,6.177829512410469,4.539540159988047,4.4930830964924295,4.524659353421223,6.199,6.18452380952381,6.250093038572657,4.62281391703713,4.574703286799535,4.633764319839445,6.329666666666666,6.2276344086021505,6.323287480410574,4.7522519114113,4.635689243636778,4.712231046737258,6.5205,6.431994535519126,6.469931848773201,4.9240382448474005,4.839464431729845,4.811283740950292,7.067664246770314
2024-08-20,sz001258,6.16,5.95,6.16,5.94,49115,28804260.0,3.59,-2.78,-0.17,1.05,4.69121414838279,0.4019151195043733,6.122,6.084666666666666,6.087471031290891,4.491986763079355,4.509519460041223,4.530040574614632,6.148999999999999,6.124909090909091,6.136405964699474,4.538700346326456,4.520660185291473,4.5549420434142345,6.187,6.160809523809523,6.221512749184784,4.620837528863767,4.581217594546741,4.639235732081668,6.293,6.203139784946237,6.299204417158279,4.730865181992712,4.63175132344139,4.710875117811163,6.506666666666667,6.413289617486338,6.4528849029117845,4.922302156958739,4.8318308547965785,4.807347032997258,7.459456722400776
2024-08-21,sz001258,5.95,5.83,5.96,5.82,42196,24204525.0,2.35,-2.02,-0.12,0.9,4.6252712836568515,-0.06594286472593858,6.052,5.987333333333334,6.001647354193928,4.536898892456078,4.553947633567057,4.5617841442953715,6.111,6.066909090909091,6.08069578929957,4.536748177597174,4.536400355715182,4.567729178003801,6.17,6.1268095238095235,6.184225820690995,4.616664755381716,4.581639856907987,4.637905784612638,6.262333333333333,6.173268817204303,6.2689331644383905,4.711223624615278,4.624938813871334,4.7053522898012075,6.488333333333333,6.391103825136611,6.432462447078611,4.9138594531331385,4.822092137639139,4.801377336297573,7.383896564278992
2024-08-22,sz001258,5.84,5.78,5.88,5.77,26187,14865238.0,1.89,-0.86,-0.05,0.56,4.418085748212462,-0.20718553544438922,5.964,5.8966666666666665,5.9277649027959525,4.499052922564671,4.514343252152517,4.513884678934402,6.069,6.0067272727272725,6.026023827608738,4.520924921408462,4.514825368554324,4.540521281678103,6.148000000000001,6.089666666666665,6.145728123482328,4.605294490613719,4.562727570510915,4.616970543050717,6.227,6.142150537634408,6.237389089313334,4.6853715607634685,4.606026692813089,4.686818964537418,6.4701666666666675,6.367879781420765,6.4110702356989835,4.904943802615495,4.805837262067969,4.7888103989833075,7.172171866871548
2024-08-23,sz001258,5.76,5.77,5.8,5.67,24090,13495580.16,2.25,-0.17,-0.01,0.51,4.381836799998343,-0.03624894821411928,5.89,5.832,5.875176601863968,4.481141401825773,4.475271211297074,4.46986871928905,6.032,5.952363636363636,5.979474040770786,4.5098828636544965,4.489536619207031,4.511669557736328,6.122,6.0536666666666665,6.1099444926744875,4.59077450859141,4.541445885690403,4.594576853236205,6.201,6.112666666666667,6.207234954518926,4.656185955591695,4.58644380502179,4.6671426958574775,6.454166666666667,6.34492349726776,6.390051539446557,4.895502496937312,4.788686212801832,4.775467002295276,7.130191559131202
2024-08-26,sz001258,5.92,5.99,6.04,5.86,63732,37061811.4,3.12,3.81,0.22,1.36,4.804357547466762,0.42252074746841917,5.864,5.865333333333334,5.913451067909312,4.584153105543441,4.583009926510738,4.581364995348287,6.018,5.944727272727273,5.981387851539733,4.525432872727503,4.54307747080926,4.564885555869133,6.111,6.041095238095237,6.098521207657869,4.601796757874408,4.5617871274880555,4.614555966972449,6.184333333333333,6.0990537634408595,6.193219796162866,4.653604695215972,4.596003262562116,4.6759952669290445,6.442666666666667,6.329704918032786,6.376935095530277,4.896173682332606,4.785697853802799,4.7764142332845045,7.5689266416909105
2024-08-27,sz001258,5.92,5.82,6.01,5.81,47761,27451327.0,3.34,-2.84,-0.17,1.02,4.679073411294163,-0.12528413617259915,5.837999999999999,5.850666666666667,5.882300711939542,4.581724958125716,4.614650028427644,4.613934467330246,5.98,5.9087272727272735,5.952044605805236,4.536855860602535,4.5710121141850175,4.585646984128229,6.0925,6.0133809523809525,6.07199537835712,4.603640561832956,4.569146808766128,4.620700485479279,6.163666666666667,6.075548387096775,6.16914109963623,4.647595325936105,4.597646405534903,4.6761938568880845,6.433000000000001,6.309289617486339,6.35867492846371,4.892162537397908,4.778579812129406,4.773222730924165,7.4385633431339375
2024-08-28,sz001258,5.77,5.93,5.97,5.77,40134,23135884.28,3.44,1.89,0.11,0.86,4.603512446336277,-0.07556096495788633,5.858,5.881333333333333,5.898200474626361,4.577373190661602,4.621912524497831,4.6104604603322565,5.955,5.899636363636364,5.948036495658829,4.55713604155884,4.583131493409333,4.588895249984238,6.0705,5.997904761904762,6.058472008989775,4.59022499082125,4.569134607290254,4.619063529370422,6.145333333333334,6.060473118279571,6.153712641595183,4.638646167960356,4.594802348786527,4.671504733626678,6.424833333333334,6.29279781420765,6.3446200127763746,4.891058670591303,4.76911587471755,4.767658459298333,7.36428610338574
2024-08-29,sz001258,5.92,5.97,5.99,5.89,32458,18897436.0,1.69,0.67,0.04,0.69,4.511321755917704,-0.09219069041857253,5.895999999999999,5.918666666666667,5.922133649750908,4.596020392202649,4.5998953795832,4.577414225527406,5.930000000000001,5.902363636363637,5.952029860084496,4.54753665738366,4.574801623292764,4.574790978335777,6.052999999999999,5.988333333333334,6.0500461033717015,4.5795645877850735,4.561620013489916,4.60880240808921,6.126,6.04916129032258,6.141860213105171,4.624102241613046,4.586587870590226,4.661170347968035,6.419833333333333,6.27788524590164,6.332337389406657,4.889848823826485,4.756665484072514,4.759253977220279,7.276402883189646
2024-08-30,sz001258,5.98,6.02,6.07,5.94,38402,22583798.0,2.18,0.84,0.05,0.82,4.584353843282767,0.07303208736506317,5.946,5.959999999999999,5.954755766500606,4.636523800859535,4.596006529943238,4.57972743144586,5.918,5.918727272727272,5.96438806734186,4.558832601342653,4.581495657092601,4.576529681053412,6.042,5.9851904761904775,6.0471845697172535,4.576610633180249,4.562076133061125,4.606473973345739,6.112666666666667,6.042322580645161,6.13399826387258,4.61695809430053,4.584023457794725,4.656214444439954,6.420166666666668,6.264775956284153,6.3220968192621765,4.886237389041004,4.746649255202228,4.753519546599377,7.353796980624265
2024-09-02,sz001258,6.0,5.92,6.04,5.92,33198,19413598.38,1.99,-1.66,-0.1,0.71,4.521111920597796,-0.06324192268497164,5.932,5.951333333333334,5.943170511000404,4.579874675485742,4.557535903189325,4.560188927829838,5.898,5.919090909090908,5.956317509643339,4.582013890514592,4.574637351502626,4.566453724606935,6.035500000000001,5.97357142857143,6.035071753553706,4.560777025251319,4.556790541386606,4.5983442540364114,6.098666666666667,6.02989247311828,6.120191924267898,4.609213908196283,4.577839833684871,4.647498152579169,6.415333333333333,6.24837704918033,6.308913316991285,4.882704506653964,4.734677928368026,4.745899624435391,7.288106040887465
2024-09-03,sz001258,5.95,5.91,5.97,5.85,31114,17930631.0,2.03,-0.17,-0.01,0.66,4.492955847375417,-0.028156073222378453,5.95,5.944,5.93211367400027,4.5426511627019925,4.528562960485884,4.537777901011698,5.894,5.9212727272727275,5.947896144253642,4.562188060413854,4.558444980022777,4.553090474201205,6.0215000000000005,5.961619047619048,6.023160157977163,4.550444203370155,4.550331381588901,4.5883072629258415,6.089333333333333,6.017720430107526,6.106631154960292,4.60128770604713,4.570339313631914,4.637527681275702,6.409833333333333,6.231808743169398,6.29583419184403,4.878567516710126,4.721899283801515,4.737606385843261,7.253595573164867
2024-09-04,sz001258,5.94,5.91,5.96,5.86,24332,14060403.0,1.69,0.0,0.0,0.52,4.386177807790886,-0.10677803958453147,5.946,5.930666666666666,5.924742449333514,4.4991842349929145,4.476405175515515,4.487244536604761,5.902,5.924181818181819,5.9410059362075245,4.538278712827259,4.52644311590951,4.522742716672055,6.0065,5.9510000000000005,6.012383000074577,4.537513445212215,4.534686962962304,4.569056838627274,6.080666666666667,6.006150537634409,6.093945273995112,4.59053607453023,4.5564612556798965,4.621311560405714,6.404333333333333,6.215420765027323,6.2831838904720945,4.875774047394098,4.705755358918918,4.726084137382527,7.147997768633162
2024-09-05,sz001258,5.91,5.94,5.96,5.89,21249,12303877.0,1.18,0.51,0.03,0.45,4.327338496518052,-0.05883931127283404,5.9399999999999995,5.928666666666667,5.929828299555677,4.462387583112983,4.419123262690561,4.433942523242525,5.918,5.931090909090909,5.940823038715247,4.529203987657818,4.488090349307837,4.487214676644054,5.993499999999999,5.9446666666666665,6.0054893810198555,4.525064454533139,4.514670301181907,4.546036044140682,6.071333333333333,5.997075268817203,6.084013320834137,4.579930989628419,4.539480766775886,4.60234555628393,6.400333333333334,6.2001967213114755,6.271931959636944,4.864063422961142,4.6877738654475705,4.7130105098132,7.090041980902717
2024-09-06,sz001258,5.96,5.82,5.96,5.82,23845,13656839.0,2.36,-2.02,-0.12,0.51,4.377397326769886,0.05005883025183433,5.9,5.888666666666667,5.893218866370452,4.420996279810407,4.390793177242862,4.415094124418312,5.923,5.913272727272727,5.918855213494293,4.528760040334971,4.460489138237304,4.467247885757842,5.9775,5.928142857142857,5.987823725684631,4.519321451994734,4.500606765204454,4.529975213914892,6.055666666666666,5.980860215053764,6.066980203360966,4.570103019172596,4.526414078849529,4.5878327672830235,6.3950000000000005,6.181169398907104,6.257114518337372,4.857345569529903,4.671817599998677,4.7020067988937475,7.135350189556411
2024-09-09,sz001258,5.78,5.85,5.86,5.75,22293,12663589.0,1.89,0.52,0.03,0.48,4.3481685160251615,-0.029228810744724498,5.886,5.872,5.878812577580302,4.386407598895881,4.366517255981113,4.392785588287262,5.909,5.9,5.906336083768058,4.4831411371908105,4.42765431563552,4.44559709126099,5.9635,5.9159999999999995,5.974697656571809,4.504287004959156,4.484306485588305,4.512660290306347,6.043666666666667,5.967591397849463,6.052981480563485,4.562244884313208,4.512095723807758,4.572370557524453,6.380166666666667,6.163300546448087,6.243766501342704,4.83932272618614,4.655123270375571,4.690405543717729,7.10255680694522
2024-09-10,sz001258,5.89,5.91,5.91,5.78,27540,15748923.75,2.22,1.03,0.06,0.59,4.439963935920905,0.09179541989574336,5.886,5.88,5.889208385053535,4.375809216604978,4.384369368322788,4.408511704165143,5.918,5.900181818181819,5.907002250355683,4.459230189653485,4.419803915404628,4.444572881199156,5.949,5.910904761904763,5.968535974993542,4.49804302512801,4.478180479013233,4.505736827983924,6.0343333333333335,5.958967741935485,6.043756868914228,4.5555037711064665,4.504206630363094,4.563828194840353,6.3646666666666665,6.14788524590164,6.2328233373642545,4.821007349713453,4.642029539547202,4.682194343462094,7.197250880322019
2024-09-11,sz001258,5.91,5.89,5.91,5.83,20771,11911452.0,1.35,-0.34,-0.02,0.44,4.317457405732373,-0.12250653018853175,5.882,5.881333333333333,5.889472256702357,4.362065136193275,4.3649187646985865,4.37816027135422,5.914,5.895090909090908,5.903910932109195,4.430624685593095,4.394027045600788,4.421460976568832,5.9345,5.905285714285714,5.9610563583274905,4.493880363575967,4.460981848594601,4.487805454436158,6.018333333333333,5.949655913978494,6.033837070919762,4.537024889078531,4.488848800338958,4.547933305220483,6.35,6.1323224043715845,6.221583227942476,4.802932129661847,4.625519705318315,4.670235755339808,7.075964704988363
2024-09-12,sz001258,5.89,5.93,5.97,5.85,23419,13574921.64,2.04,0.68,0.04,0.5,4.369568346596548,0.05211094086417489,5.88,5.897333333333334,5.902981504468238,4.3705111062089745,4.367419834833011,4.375296296434996,5.909999999999999,5.898,5.908654398998432,4.416449344660979,4.382925893055963,4.412025952937507,5.92,5.904857142857143,5.958098609915348,4.48199300102232,4.449142608882275,4.476544777499052,6.005333333333334,5.943956989247312,6.027137905053971,4.525192840077041,4.478045152436895,4.536425888535068,6.339333333333333,6.118551912568306,6.212023122108296,4.789543502978335,4.611311056693223,4.660377807512161,7.13273733134274
2024-09-13,sz001258,5.93,5.85,5.93,5.85,20051,11521043.36,1.35,-1.35,-0.08,0.43,4.302136036988719,-0.06743230960782931,5.886,5.887333333333333,5.885321002978825,4.3554588482527405,4.344628145092925,4.350909543286237,5.893,5.88709090909091,5.897989962816898,4.388227564031575,4.3621416552973695,4.392045968219546,5.9055,5.898190476190477,5.947803504209125,4.473530082687114,4.432013374212409,4.459934421259972,5.992333333333334,5.933935483870968,6.015709653115005,4.513816276797357,4.463654390947325,4.521310414241755,6.323333333333334,6.102508196721312,6.200153511547368,4.77227269077269,4.5953304840378255,4.648632175691719,7.061491811116031
2024-09-18,sz001258,5.84,5.8,5.87,5.75,23014,13027334.0,2.05,-0.85,-0.05,0.49,4.361992108757813,0.059856071769094576,5.8759999999999994,5.858666666666666,5.8568806686525505,4.358223566799271,4.346805898594615,4.354603731776763,5.881,5.870181818181817,5.880173605941098,4.372315582847576,4.357371572520322,4.386581630135594,5.8895,5.888142857142857,5.933726979998732,4.477164736681084,4.421390710028666,4.450606581974052,5.984,5.921526881720431,6.001792901301134,4.497956544450072,4.453859283331872,4.511031813887953,6.309333333333333,6.085349726775956,6.18703372428352,4.758377736422237,4.581878661676683,4.639234140710279,7.1148555479034075
2024-09-19,sz001258,5.82,5.96,5.97,5.81,40864,23563321.29,2.76,2.76,0.16,0.87,4.611340875583322,0.24934876682550833,5.886,5.886666666666667,5.8912537791017,4.392498954731755,4.431178334855967,4.440182779712282,5.886,5.884545454545455,5.89468749576999,4.384154085668366,4.400830716654094,4.427446947489726,5.89,5.894857142857142,5.9362291723798055,4.47317107304111,4.434169389924117,4.465914609936839,5.976333333333333,5.919978494623657,5.999096585088158,4.495014164136226,4.4611744014695,4.517503366255396,6.303333333333334,6.073896174863388,6.179589995618486,4.749291941414459,4.5770577809934405,4.638319607427428,7.372236504971575
2024-09-20,sz001258,5.95,5.88,5.99,5.85,24359,14019440.0,2.35,-1.34,-0.08,0.52,4.386659455414194,-0.2246814201691274,5.8839999999999995,5.884666666666667,5.887502519401134,4.406339364668119,4.429231835083446,4.422341671612919,5.883,5.883454545454545,5.892017041993628,4.384202250430697,4.401286238426064,4.420031039839628,5.8925,5.893904761904761,5.930874013105538,4.461240481628978,4.425930188245363,4.4583664999823025,5.965333333333334,5.913763440860215,5.991412934437309,4.486409713618375,4.454183775100337,4.50906182362048,6.285666666666667,6.0600163934426226,6.1697673728113225,4.739909114891388,4.565168191288513,4.630068454902404,7.146730666286335
2024-09-23,sz001258,5.88,5.88,5.91,5.85,19175,11009470.0,1.02,0.0,0.0,0.41,4.282735372621018,-0.103924082793176,5.874,5.883333333333334,5.885001679600757,4.388972769873013,4.388030504401079,4.375806238615619,5.877000000000001,5.882909090909091,5.889832125267514,4.379741938040993,4.382837715187939,4.395068191254426,5.897499999999999,5.892714285714285,5.926028869000248,4.4544729628494055,4.408929701673176,4.441639725947895,5.954666666666667,5.908258064516129,5.9842250031832895,4.476623615702424,4.441043495035991,4.494460117104386,6.261,6.046715846994537,6.160266803210951,4.715933240622328,4.550178888263255,4.618680484991539,7.041766412376321
2024-09-24,sz001258,5.91,6.02,6.02,5.89,46819,27325262.0,2.21,2.38,0.14,1.0,4.670422133428954,0.3876867608079362,5.9079999999999995,5.9319999999999995,5.930001119733838,4.46262998916106,4.481846958919726,4.474011536886731,5.897,5.908909090909091,5.913499011582511,4.409044418706901,4.435688659803932,4.445132544377067,5.91,5.9043809523809525,5.934978500524034,4.4689022295209355,4.42949628934742,4.463428526660376,5.950666666666666,5.91247311827957,5.986533067494046,4.48256244089879,4.453546625211897,4.505812505254358,6.2435,6.038814207650274,6.155667891630264,4.700553098366426,4.548686720814292,4.62037693248129,7.43656433474283
2024-09-25,sz001258,6.09,6.06,6.17,6.04,73298,43834347.0,2.16,0.66,0.04,1.56,4.865092124698238,0.19466999126928375,5.96,5.982666666666666,5.973334079822559,4.563249992349145,4.616001004098785,4.6043717328239,5.918,5.938545454545455,5.940135554931144,4.4607367795742086,4.51860642452963,4.521488831708188,5.9135,5.918666666666667,5.946885309997936,4.47193895838251,4.467228660316685,4.501682202663981,5.948333333333333,5.919526881720429,5.991272869591204,4.489770263164174,4.478225959650571,4.52899183554106,6.2245,6.032797814207652,6.152531239445665,4.691472696704989,4.554081442989105,4.628400381406435,7.641814541256296
2024-09-26,sz001258,6.07,6.18,6.18,6.04,61470,36713662.84,2.31,1.98,0.12,1.31,4.7886632131208575,-0.07642891157738063,6.004,6.056,6.042222719881706,4.5987144598566525,4.691138744356022,4.665802226256219,5.944999999999999,5.9861818181818185,5.983747272216391,4.495606707294203,4.578229412447202,4.570065991965037,5.9315,5.944047619047619,5.969086709045751,4.477418448473845,4.497392875053672,4.5290137274693985,5.947666666666667,5.934473118279569,6.0034488134885455,4.497230919183409,4.497509375776808,4.545744827642983,6.202166666666667,6.031338797814207,6.153431854545806,4.678136666762866,4.557268017297822,4.63365490047904,7.564827715254316
2024-09-27,sz001258,6.27,6.39,6.46,6.24,127788,79255236.78,3.56,3.4,0.21,2.73,5.106490073083171,0.3178268599623131,6.106,6.184666666666667,6.158148479921138,4.742680583390448,4.860397282098195,4.812698175198537,5.995,6.067090909090909,6.057611404540683,4.574509974029284,4.689299115317923,4.667597643077425,5.9545,5.987714285714286,6.009173689136632,4.502567329811189,4.557304458349798,4.58401147467071,5.954666666666666,5.96301075268817,6.028387599715091,4.520756900393739,4.53681641796389,4.581921940252027,6.187666666666667,6.037497267759562,6.161188187183648,4.6749416461472135,4.571312391275537,4.6491576930234375,7.899027967792225
2024-09-30,sz001258,6.58,6.88,6.94,6.45,224132,147851847.0,7.67,7.67,0.49,4.78,5.350503866491711,0.24401379340854046,6.305999999999999,6.442666666666666,6.398765653280759,4.956234282164586,5.063005043131949,4.991966738962928,6.089999999999999,6.228000000000001,6.207136603715104,4.6726035260188,4.8303889139474565,4.791762410970931,6.0,6.075857142857143,6.092109528266477,4.544526435339889,4.638060318986038,4.657010750082234,5.9766666666666675,6.022709677419355,6.083330335217344,4.545529842687813,4.590348480292792,4.631507870977169,6.183333333333334,6.060196721311474,6.184755787603857,4.676739736561108,4.593461972270439,4.672152649530593,8.1698267542047
2024-10-08,sz001258,7.53,7.13,7.55,6.87,286238,201593022.58,9.88,3.63,0.25,6.11,5.456727288734762,0.10622342224305115,6.5280000000000005,6.7173333333333325,6.6425104355205065,5.113495313225748,5.229836045322008,5.146886922220206,6.218,6.417090909090909,6.3749299484941755,4.788062651193404,4.972956870804904,4.9126651160189,6.055499999999999,6.183476190476189,6.190956239860146,4.588145107612489,4.72493659073793,4.733174229953904,6.009666666666666,6.0971182795698935,6.150857410364612,4.578374272189211,4.649135412295821,4.684747833413143,6.185666666666666,6.091234972677596,6.215747401125042,4.681409190640056,4.619035334636788,4.697876408193025,8.304475496486562
2024-10-09,sz001258,7.11,6.64,7.11,6.6,164392,109421778.7,7.15,-6.87,-0.49,3.51,5.215880679138386,-0.24084660959637638,6.644,6.754666666666666,6.6416736236803375,5.183653024113778,5.26396450062622,5.169884841192934,6.302,6.493818181818181,6.4231245033134154,4.873451508231462,5.0507419667949005,4.967795218404261,6.0915,6.239142857142857,6.233722312254417,4.622883545539518,4.784720930883255,4.779146272733378,6.027,6.137784946236558,6.182414996792702,4.609260327197877,4.690264857905444,4.719014468621223,6.178333333333334,6.106131147540983,6.229657322399631,4.680756119304588,4.636558989997389,4.714860154781397,8.039103770150064
2024-10-10,sz001258,6.64,6.67,6.84,6.59,102171,67178586.9,3.77,0.45,0.03,2.18,5.009327644064742,-0.20655303507364398,6.742,6.763333333333333,6.651115749120226,5.227785910302554,5.205856040609876,5.116365775483537,6.373,6.560727272727272,6.46801095725643,4.913250185079603,5.075446718764587,4.975346568524348,6.129499999999999,6.2942380952380965,6.275272568230187,4.648702135373986,4.821525130742799,4.8010683080982695,6.051,6.179268817204299,6.213872093773819,4.619864110387274,4.716075652542017,4.737744350907902,6.172,6.12225136612022,6.2440947872389865,4.675364646189993,4.647331826874772,4.72451482656118,7.8272308642274835
2024-10-11,sz001258,6.63,6.43,6.68,6.35,82784,52786167.6,4.95,-3.6,-0.24,1.77,4.91794640703645,-0.09138123702829226,6.75,6.659333333333334,6.577410499413485,5.19007717709321,5.10257620618784,5.050225986001175,6.428,6.57109090909091,6.461099874118897,4.966378880241829,5.076300577302196,4.964910175526548,6.1555,6.322857142857143,6.290008514113026,4.6752905653362635,4.847167442329701,4.812199555616191,6.071,6.203720430107528,6.22781582965938,4.629619947833262,4.735306768454867,4.749370290012969,6.166666666666667,6.130710382513661,6.250190040116397,4.67042178622427,4.655285327230392,4.730856845593155,7.72252013234401
2024-10-14,sz001258,6.47,6.56,6.59,6.4,63427,40446144.0,2.95,2.02,0.13,1.35,4.802274170419103,-0.11567223661734616,6.686,6.596,6.57160699960899,5.080431237878688,4.973308537296472,4.967575380807151,6.4959999999999996,6.595090909090909,6.479081715188188,5.018332760021638,5.046463357334428,4.93533999277974,6.1865000000000006,6.361380952380953,6.315721988959405,4.699037349031316,4.859261119004257,4.8112542808355165,6.0969999999999995,6.235268817204301,6.249247066455549,4.642426228573482,4.7464457505571795,4.752783443587559,6.162,6.1436065573770495,6.260347743719138,4.663898894668476,4.659608356220387,4.733198397226793,7.606877123739467
2024-10-15,sz001258,6.52,6.42,6.56,6.42,61177,38862804.98,2.13,-2.13,-0.14,1.31,4.786588176221876,-0.01568599419722716,6.544,6.5073333333333325,6.52107133307266,4.946403415376111,4.875360850077535,4.90724631261206,6.536,6.581272727272728,6.468339585153971,5.02994936430093,5.0043279784617445,4.908294207951037,6.216499999999999,6.383619047619048,6.325653228106128,4.719496891503915,4.867599293022406,4.808905128015169,6.118666666666667,6.25610752688172,6.26026338474874,4.655917941114267,4.755746521373204,4.754964394080095,6.159833333333334,6.152065573770493,6.265582243925068,4.656051948352982,4.663630955615581,4.734948881784009,7.5895341432368095
2024-10-16,sz001258,6.41,6.52,6.55,6.37,58235,36994483.0,2.8,1.56,0.1,1.24,4.765184079807263,-0.021404096414613605,6.519999999999999,6.499333333333333,6.52071422204844,4.856264095509887,4.814954404887917,4.859892235010461,6.581999999999999,6.578363636363636,6.477732387853249,5.019958559811832,4.956188835826532,4.882274184652169,6.25,6.412523809523808,6.344162444476972,4.740347669693021,4.8719504538132,4.804741218662036,6.136333333333332,6.281999999999999,6.277020585732693,4.654612158858951,4.762795949675978,4.755623728643139,6.160333333333333,6.163874316939891,6.273923809698016,4.654108427037461,4.667209058286213,4.735940199751984,7.5681369624100725
2024-10-17,sz001258,6.56,6.43,6.64,6.42,58838,37555832.0,3.37,-1.38,-0.09,1.26,4.769657901925546,0.004473822118283621,6.4719999999999995,6.469333333333333,6.490476148032293,4.808330147082048,4.786085673693138,4.829814123982157,6.606999999999999,6.550727272727273,6.46905377187993,5.0180580286923,4.910679625301753,4.861798496883692,6.276,6.429666666666667,6.35233744976488,4.756832367993252,4.874741904502012,4.801399950401418,6.156666666666666,6.30094623655914,6.286890225362842,4.657631641879997,4.770218255680274,4.756529159177488,6.160166666666667,6.172715846994536,6.279041061839065,4.652613483908051,4.670997565659593,4.737045698183904,7.574677387645117
2024-10-18,sz001258,6.43,6.52,6.59,6.37,77337,49029263.12,3.42,1.4,0.09,1.65,4.888387321231802,0.11872941930625558,6.49,6.485333333333332,6.500317432021529,4.802418329921118,4.812771398409723,4.849338523065372,6.619999999999999,6.53490909090909,6.478316722447215,4.9962477535071645,4.8871031330362085,4.866632828583348,6.3075,6.452904761904763,6.368305311692034,4.785378863768224,4.887270947667588,4.8096844619090735,6.176333333333333,6.324387096774193,6.301929565662014,4.667127471043181,4.785105718864261,4.7650361373745405,6.160833333333333,6.184513661202188,6.286941354893521,4.652886819501769,4.678727855407912,4.742007718611704,7.690455366113348
2024-10-21,sz001258,6.55,6.5,6.59,6.48,87615,55859640.0,1.69,-0.31,-0.02,1.87,4.942578465295376,0.05419114406357384,6.478,6.488666666666666,6.500211621347686,4.830479188896373,4.859491443534475,4.880418503808707,6.581999999999999,6.513090909090908,6.482259136547721,4.9554552133875305,4.877345080634065,4.880441126167353,6.336,6.471238095238095,6.380847662959459,4.8140293697031655,4.902242338289223,4.82234103366015,6.194,6.345268817204301,6.314708303361239,4.681502694689103,4.8028767507515004,4.776490481111368,6.159999999999999,6.195633879781421,6.293926884241275,4.652802468151075,4.688225942155244,4.748583808666906,7.747098132465643
2024-10-22,sz001258,6.51,6.57,6.57,6.5,67693,43333191.94,1.08,1.08,0.07,1.44,4.830543761468729,-0.11203470382664626,6.508,6.519333333333333,6.523474414231792,4.839270305945743,4.859512967725261,4.863793589695382,6.525999999999999,6.51090909090909,6.498212020811771,4.892836860660927,4.854633907557918,4.871368878040331,6.372,6.493523809523809,6.398862171249034,4.840449755927166,4.90381513750499,4.823122245832395,6.2123333333333335,6.36952688172043,6.33117873540245,4.6897090252953015,4.812492303446959,4.779977789521522,6.1625,6.20907650273224,6.302978461807134,4.653333559797916,4.694053525542708,4.751271020234178,7.636820680515375
2024-10-23,sz001258,6.61,6.8,6.82,6.58,150585,99165910.27,3.65,3.5,0.23,3.21,5.177781713287834,0.3472379518191042,6.564,6.616666666666666,6.615649609487862,4.921789832641858,4.972350103505958,4.968456297559532,6.542,6.560727272727272,6.553082562482357,4.889026964075872,4.906442062580992,4.9270803026307854,6.422,6.534285714285714,6.4370657739872215,4.881239236153666,4.935941990586958,4.856899337971008,6.241666666666666,6.407440860215054,6.361425268602292,4.7115980183849695,4.843980863962607,4.805642558796768,6.170166666666666,6.229978142076502,6.319274249944605,4.660405963290627,4.711248546968607,4.765254977383478,7.996362402738338
2024-10-24,sz001258,6.82,6.72,6.82,6.67,74463,48981988.46,2.21,-1.18,-0.08,1.59,4.87194052929306,-0.3058411839947732,6.622,6.668666666666667,6.650433072991909,4.94224635811536,4.955733669056358,4.936284374804042,6.547,6.5930909090909084,6.583431187485565,4.875288252598704,4.903335438075026,4.917054889296653,6.459999999999999,6.562666666666667,6.464011890750343,4.894269218839154,4.935056399457377,4.858331832382632,6.268666666666666,6.438301075268816,6.384559122240854,4.724230841115557,4.85432554208571,4.809919847215884,6.179,6.248005464480874,6.3324127991267485,4.662759273581344,4.71818410650967,4.768752864331333,7.690036411651833
2024-10-25,sz001258,6.78,6.89,6.93,6.72,104710,70333359.54,3.13,2.53,0.17,2.23,5.019988159591286,0.1480476302982252,6.696,6.758,6.730288715327939,4.968566525787257,4.981647602881666,4.96418563639979,6.592999999999999,6.655454545454545,6.639170971579098,4.885492427854187,4.929644512073678,4.935770029350222,6.5105,6.6036190476190475,6.504582186869357,4.925935654048009,4.947029631909961,4.87372767306917,6.301333333333333,6.478387096774193,6.4171682111285415,4.745357852842237,4.873406659406726,4.8234726415626845,6.191,6.271316939890709,6.350694346696363,4.667946963686234,4.729896529001799,4.776990087126741,7.847161362399006
2024-10-28,sz001258,6.88,6.92,6.93,6.84,89610,60477889.55,1.31,0.44,0.03,1.91,4.952356477323791,-0.0676316822674945,6.779999999999999,6.832666666666667,6.793525810218626,4.97052212819294,4.976244253393845,4.960242583374457,6.6290000000000004,6.7149090909090905,6.690230794928352,4.900500658544656,4.941801611977242,4.938785747163598,6.5625,6.642619047619048,6.544145788119894,4.959416709283147,4.949545900793369,4.881216130617229,6.3340000000000005,6.518301075268817,6.4496089717008935,4.766191785535763,4.886761409373276,4.831787727740821,6.202666666666667,6.295218579234974,6.369360105821072,4.6730613875820906,4.739221431088278,4.78273980483812,7.781596627519914
2024-10-29,sz001258,6.9,6.64,6.95,6.63,140933,92905023.5,4.62,-4.05,-0.28,3.01,5.149012696727941,0.1966562194041499,6.794,6.786,6.742350540145751,5.034215915244783,5.03574110957218,5.023165954492286,6.650999999999999,6.71690909090909,6.681097923123197,4.936743110595263,4.9869856189196575,4.977008828902569,6.593500000000001,6.65,6.553274760679904,4.983346237448096,4.967602661502396,4.906720565484917,6.3613333333333335,6.538043010752689,6.461892263849224,4.791912297867698,4.911459532675997,4.852253854772248,6.2085,6.30955737704918,6.37823354497448,4.681007658520147,4.754826392043879,4.794748752113196,7.968039197517276
2024-10-30,sz001258,6.6,6.6,6.69,6.54,66872,43246798.06,2.26,-0.6,-0.04,1.43,4.825244312223003,-0.3237683845049384,6.754,6.721333333333333,6.694900360097169,4.963708435031816,4.9660839085649195,4.957192073735858,6.659000000000001,6.707636363636364,6.666352846191706,4.942749133836836,4.966713110124702,4.949415280415375,6.6205,6.650619047619048,6.557724783472294,4.981353846824335,4.952545335290483,4.898960922317115,6.386333333333332,6.553440860215054,6.470802440375081,4.807814824407625,4.913609985215051,4.850511303640039,6.215000000000001,6.322393442622951,6.385504576286792,4.685029854360417,4.759555462657087,4.795748606543025,7.635953958359198
2024-10-31,sz001258,6.94,6.82,7.04,6.75,191043,128624832.62,4.39,3.33,0.22,4.08,5.281131129346762,0.45588681712375934,6.773999999999999,6.743333333333334,6.73660024006478,5.045546555042557,5.071891473336567,5.065171758939493,6.697999999999999,6.736909090909091,6.694288692338668,4.993896456578959,5.028237109308324,5.0097272529483545,6.652499999999999,6.669619047619049,6.582703375522551,5.0059772426356295,4.981095552673572,4.935358084891367,6.416666666666666,6.58141935483871,6.493331315189593,4.8358537308551535,4.944146521017576,4.878293227879183,6.2255,6.342229508196722,6.399750327883946,4.695678750980809,4.7790997667549995,4.811662787618557,8.109324822621742
2024-11-01,sz001258,6.77,6.7,6.85,6.61,113716,74917535.22,3.52,-1.76,-0.12,2.43,5.055821574827056,-0.2253095545197059,6.736,6.718666666666667,6.724400160043187,5.05271323808971,5.0753164799314,5.062055030902014,6.715999999999999,6.737272727272727,6.695327111913455,5.010639881938483,5.039496221717069,5.018108038744482,6.667999999999999,6.674142857142857,6.593874482615641,5.0034438177228235,4.9858426319298985,4.946830798218575,6.443666666666667,6.599698924731184,6.506664778725749,4.860465869824977,4.958337994822213,4.889746669617756,6.231,6.3577868852459005,6.409594579428735,4.698745379451754,4.790907728192582,4.81966799375654,7.8745834806898305
2024-11-04,sz001258,6.63,6.73,6.73,6.63,60173,39401919.0,1.49,0.45,0.03,1.28,4.779401664324741,-0.27641991050231507,6.698,6.716666666666667,6.726266773362125,5.0181222754899,4.9842126220097445,4.967837242042924,6.739,6.7398181818181815,6.701631273383736,4.99432220184142,4.997452909423662,4.974706879759075,6.660500000000001,6.680047619047619,6.606838817604628,4.974888707614475,4.964505283987224,4.930885166419163,6.470333333333333,6.618172043010753,6.521073502678927,4.874126980415918,4.953108046080263,4.8826276370182065,6.237833333333334,6.374147540983605,6.4200996751851696,4.6996599102464796,4.793552196549073,4.818347786234186,7.59551737387673
2024-11-05,sz001258,6.75,6.78,6.78,6.66,88221,58248416.52,1.78,0.74,0.05,1.88,4.9455719762719115,0.16617031194717047,6.726000000000001,6.744,6.744177848908084,4.977434131398694,4.960029188937082,4.960415486785919,6.76,6.747272727272727,6.715880132768511,5.005825023321738,4.988589232047387,4.96940962457959,6.643000000000001,6.69142857142857,6.62333035878514,4.949330941991333,4.961713214335551,4.932283910214663,6.501333333333333,6.6381505376344085,6.537778437989965,4.8955748450586904,4.957717400651617,4.886688562131349,6.246833333333333,6.391923497267758,6.4318996858348365,4.704695560928024,4.801614887238431,4.822519071153456,7.765284123586921
2024-11-06,sz001258,6.78,6.77,6.83,6.71,93575,62020106.37,1.77,-0.15,-0.01,2.0,4.97115983578646,0.025587859514548228,6.76,6.758666666666667,6.75278523260539,5.006617236111386,4.957937757066336,4.963996936452766,6.757000000000001,6.749090909090909,6.7257201086287814,4.985162835571602,4.9822864706773355,4.96972784479902,6.649500000000001,6.7035238095238086,6.637298896043698,4.9370948998237365,4.963792156601753,4.935986379316739,6.533666666666666,6.655483870967743,6.552760474248677,4.915880435959646,4.962593851666313,4.892138321722002,6.258833333333333,6.409076502732241,6.442984942036972,4.706918490204858,4.810351420840347,4.8273925388463415,7.792532506755619
2024-11-07,sz001258,6.78,6.92,6.93,6.71,128957,86659566.24,3.25,2.22,0.15,2.75,5.110444921339114,0.13928508555265395,6.779999999999999,6.812,6.808523488403594,4.972479994509857,4.992546985475578,5.0128129314148815,6.777000000000001,6.778727272727273,6.761043725241731,5.009013274776207,5.005065031725975,4.995312767806309,6.662000000000001,6.729285714285715,6.664222810706203,4.942150763687455,4.980301682460361,4.952601478556964,6.565666666666667,6.680408602150537,6.576453346877795,4.932517237484839,4.975146399110148,4.906222618471493,6.271,6.430754098360656,6.458624780002973,4.713765700810531,4.823581795631633,4.8366729448297106,7.937816510915227
2024-11-08,sz001258,6.95,6.89,6.98,6.85,102161,69197119.0,1.88,-0.43,-0.03,2.18,5.009285135355166,-0.10115978598394726,6.818,6.848666666666666,6.835682325602397,4.963172706615478,5.0048153657573495,5.011636999394977,6.776999999999999,6.799272727272727,6.784490320652325,5.007942972352595,5.005114460922149,4.997853198269738,6.685,6.7509999999999994,6.685725400162755,4.946717700103391,4.986695432142999,4.957999922061554,6.599333333333333,6.7013333333333325,6.59668216320826,4.953271426816204,4.980099166714686,4.91287181310915,6.282333333333333,6.451049180327868,6.472768229838941,4.71984057021729,4.833270957419983,4.842332360912512,7.840088013120794
2024-11-11,sz001258,6.85,6.93,6.93,6.85,85016,57410498.39,1.16,0.58,0.04,1.81,4.929500667570718,-0.07978446778444859,6.858,6.885999999999999,6.867121550401598,4.9931925072646735,4.9935913527424285,4.984258222120224,6.7780000000000005,6.827090909090909,6.810946625988265,5.005657391377287,4.99085222368908,4.9854254654153705,6.7035,6.774333333333333,6.708989647766303,4.953079024960972,4.985055714758936,4.955285707348141,6.634333333333332,6.722666666666667,6.618186539775469,4.974830269981194,4.97856556934401,4.913944642429252,6.294499999999999,6.4722841530054644,6.487759435417992,4.725726942841808,4.840145058972555,4.845190338179995,7.75899131706597
2024-11-12,sz001258,6.94,6.92,7.02,6.88,105164,71653235.74,2.02,-0.14,-0.01,2.24,5.021867096499461,0.09236642892874336,6.886,6.906666666666666,6.884747700267733,5.008451531310184,5.003149549154025,4.99679451357997,6.806,6.85290909090909,6.830774512172217,4.992942831354439,4.993799442802204,4.992051216521569,6.7284999999999995,6.794952380952382,6.729085871788559,4.964842970974852,4.991606959667363,4.961626792029219,6.664333333333333,6.741096774193549,6.6376583759189876,4.986545102083543,4.9816002033129285,4.920907381401523,6.3075,6.492792349726777,6.501931257207566,4.734553771491167,4.8498545722072315,4.850983018780633,7.8552358071869115
2024-11-13,sz001258,6.87,6.92,6.96,6.82,75229,50772319.0,2.02,0.0,0.0,1.61,4.876385288891255,-0.14548180760820628,6.9159999999999995,6.917999999999998,6.896498466845156,4.989496621931143,4.959127468347715,4.956658105350399,6.837999999999999,6.873636363636363,6.846997328140905,4.998056929021265,4.972607162354351,4.971021047861511,6.7485,6.813190476190477,6.7472681697134576,4.970403031429051,4.983182418516544,4.953508553635126,6.693,6.7575913978494615,6.655873964569376,4.986921540889978,4.974493118590847,4.918034988336345,6.320666666666667,6.512874316939891,6.5156384291024,4.738345902027076,4.85450478589248,4.851815880095735,7.705627000038506
2024-11-14,sz001258,6.94,6.81,7.04,6.8,110089,74640833.0,3.47,-1.59,-0.11,2.35,5.041743926801344,0.16535863791008953,6.894,6.882666666666666,6.867665644563437,4.975756423023588,4.976543236637782,4.985020045834047,6.837000000000001,6.868545454545454,6.840270541206195,4.974118208766723,4.98055025285982,4.983879753123299,6.7675,6.819047619047619,6.753242629740748,4.9840073326728405,4.989976789504383,4.961911922508099,6.7139999999999995,6.765139784946237,6.665817579758449,4.995357564679327,4.978030046714159,4.926016210172796,6.3308333333333335,6.528918032786885,6.525289628148222,4.746294241931368,4.864452262114587,4.8580430291680505,7.872976477540222
2024-11-15,sz001258,6.77,6.7,6.87,6.69,72480,48160492.29,2.64,-1.62,-0.11,1.55,4.860218184668756,-0.18152574213258799,6.856,6.818,6.811777096375625,4.945943032886307,4.9380304905195045,4.943419425445617,6.837000000000001,6.843636363636363,6.8147668064414315,4.954557869750893,4.959841157569282,4.961395831586109,6.7765,6.812619047619048,6.748171903098772,4.982598875844689,4.978187346837326,4.952226804618638,6.724333333333334,6.764236559139785,6.668022897193389,4.987148501732181,4.9693113770360595,4.921771176269311,6.3395,6.541021857923497,6.531017837061395,4.75395270106296,4.86818747335188,4.858114345741844,7.682690917571566
2024-11-18,sz001258,6.67,6.66,6.8,6.65,67245,44210199.98,2.24,-0.6,-0.04,1.43,4.827659997921473,-0.03255818674728328,6.802,6.752666666666666,6.761184730917083,4.925574898956458,4.898602812197893,4.904832949604236,6.83,6.811454545454545,6.786627387088443,4.959383703110566,4.93676881723666,4.937080225465266,6.7844999999999995,6.801523809523809,6.739774578994127,4.976852952475992,4.9634312632255915,4.940363299218909,6.717,6.760086021505376,6.667505290922848,4.969720372779839,4.959021796145046,4.915699487343644,6.346833333333333,6.551530054644808,6.53524676043643,4.757625107733826,4.870604106035765,4.857115842534618,7.645522479393865
2024-11-19,sz001258,6.67,6.79,6.79,6.64,52374,34419350.6,2.25,1.95,0.13,1.12,4.7191157438764435,-0.10854425404502965,6.776000000000001,6.748666666666667,6.770789820611389,4.865024628431854,4.8297830938378885,4.842927214361639,6.831,6.804181818181818,6.787240589435998,4.936738079871018,4.893083733739546,4.897450319721844,6.795500000000001,6.8020476190476185,6.744557952423258,4.971281551596379,4.938884862406587,4.919292103472007,6.705666666666667,6.764795698924729,6.675408175379439,4.945133321284562,4.942853755570633,4.90301666518447,6.357666666666666,6.5660601092896185,6.543599325668023,4.761753796736886,4.86934150394208,4.8525912491359895,7.536802672107256
2024-11-20,sz001258,6.76,6.84,6.86,6.73,63937,42582481.0,1.91,0.74,0.05,1.36,4.805752254800673,0.08663651092422953,6.76,6.77,6.793859880407593,4.850898021613738,4.8100256359608276,4.830535561174651,6.837999999999999,6.805818181818183,6.796833209538544,4.92019732177244,4.869268129181301,4.880777944281631,6.797499999999999,6.806285714285715,6.75364767124009,4.952680078672021,4.923120167473662,4.908478784550928,6.7123333333333335,6.773462365591397,6.686027002774314,4.931462373806638,4.9338614287007045,4.8967415419339035,6.3696666666666655,6.581874316939891,6.553317380564153,4.770361350502257,4.870784076337614,4.851055544403684,7.629230961311323
2024-11-21,sz001258,6.82,6.86,6.89,6.79,43657,29231297.51,1.46,0.29,0.02,0.93,4.640053888766383,-0.1656983660342899,6.7700000000000005,6.803333333333334,6.815906586938397,4.770560014006746,4.739744258345043,4.767041670371896,6.831999999999999,6.809818181818182,6.808318080531536,4.873158218515167,4.818332959543837,4.837009934187949,6.8045,6.8122380952380945,6.7637764644553195,4.941085746645687,4.893346244625507,4.882914508761924,6.718666666666666,6.7829892473118285,6.697251067111456,4.919153248630026,4.9150608812787535,4.880181048181161,6.384833333333333,6.597950819672131,6.563372548414509,4.76950867950865,4.866511700542995,4.844137457333608,7.465848093117503
2024-11-22,sz001258,6.84,6.67,6.88,6.66,67184,44526810.52,3.21,-2.77,-0.19,1.43,4.827265857293864,0.1872119685274809,6.764,6.7700000000000005,6.767271057958931,4.763969548531767,4.758646206107415,4.787116399345885,6.81,6.780363636363637,6.783169338616711,4.854956290709037,4.809988893867236,4.83523828384357,6.793499999999999,6.799428571428571,6.754845372602432,4.931449631530816,4.882506255163428,4.877614637193537,6.7266666666666675,6.779849462365591,6.695492933749427,4.916130563638606,4.909132662482872,4.8767671648981095,6.398833333333333,6.607300546448088,6.566868530433704,4.772875255735935,4.868405378503167,4.84358429011919,7.648621587492029
2024-11-25,sz001258,6.67,6.74,6.75,6.63,45917,30155470.0,1.8,1.05,0.07,0.98,4.661973505565725,-0.16529235172813905,6.779999999999999,6.762,6.758180705305955,4.730832250060618,4.724647525118735,4.745402101419165,6.7909999999999995,6.767636363636364,6.775320367959127,4.828203574508538,4.77490111475027,4.803735596883962,6.7844999999999995,6.794333333333333,6.753431527592676,4.916930482942912,4.856841862214371,4.857077386562318,6.732666666666668,6.780709677419354,6.698364357378496,4.911453874810161,4.892735432929783,4.86290950945731,6.414833333333333,6.618486338797813,6.572544972058829,4.776940051691821,4.864769255546766,4.837629838166617,7.479366101728073
2024-11-26,sz001258,6.74,6.74,6.8,6.7,50031,33108538.0,1.48,0.0,0.0,1.07,4.699239183477885,0.037265677912159845,6.7700000000000005,6.748666666666667,6.752120470203971,4.726856937980907,4.714116502924491,4.730014462105405,6.773000000000001,6.7583636363636375,6.768898482875649,4.7959407832063805,4.751453043653788,4.784736248991948,6.789500000000001,6.790095238095238,6.752152334488612,4.89444180728041,4.836109357503417,4.842045176744753,6.743333333333333,6.781182795698925,6.701050527870207,4.908542241718694,4.879044162521249,4.85235013358767,6.431,6.629147540983607,6.578035300843785,4.782230091416481,4.862221686097128,4.833092439652232,7.519940003689215
2024-11-27,sz001258,6.71,6.9,6.9,6.58,97013,64166624.0,4.75,2.37,0.16,2.07,4.986829934781398,0.2875907513035134,6.781999999999999,6.792,6.801413646802648,4.763072473977052,4.800774168524654,4.81561961966407,6.771000000000001,6.781454545454546,6.792735122352804,4.806985247795394,4.786160162121973,4.82148055549912,6.8045,6.800619047619047,6.766233064537316,4.90252108840833,4.844908226789226,4.855834201319672,6.756,6.791290322580645,6.713885977685033,4.915930436884498,4.88409498142852,4.861026249793718,6.446166666666667,6.644524590163934,6.588591520488251,4.7852712978717244,4.868929877682863,4.838133013263024,7.807309190347132
2024-11-28,sz001258,6.89,7.0,7.03,6.88,115821,79292741.18,2.17,1.45,0.1,2.47,5.063787310317672,0.07695737553627335,6.81,6.8646666666666665,6.867609097868432,4.847819158287309,4.901012447304862,4.898342183215271,6.790000000000001,6.823090909090909,6.830419645561384,4.809189586147027,4.8328514462169325,4.8655363291024925,6.8135,6.819238095238095,6.788496582200429,4.891653897456875,4.860266914590115,4.875639259319481,6.775,6.807032258064516,6.732344946866643,4.925734750497569,4.89363413455324,4.8741076085372,6.465833333333333,6.66268306010929,6.602080323095193,4.791683196188783,4.878061550222075,4.845531514805799,7.899233431835103
2024-11-29,sz001258,6.99,6.98,7.04,6.95,82810,56765905.01,1.29,-0.29,-0.02,1.77,4.918082784642187,-0.14570452567548475,6.872,6.921333333333334,6.9050727319122895,4.8659825437569735,4.92443365608982,4.90492238369091,6.818,6.857636363636364,6.8576160736411325,4.814976046144371,4.852650209579689,4.875090230109709,6.827500000000001,6.835095238095238,6.806735002943245,4.884766957947631,4.862783951464906,4.879681499826405,6.790333333333333,6.820258064516129,6.748322692230086,4.926724599277915,4.893140459336763,4.876944716673005,6.483333333333333,6.679540983606558,6.61447113217404,4.796926035160548,4.882205799023826,4.8479102449643685,7.754087566134778
2024-12-02,sz001258,6.98,7.09,7.13,6.94,99705,68948069.4,2.72,1.58,0.11,2.13,4.998716937829822,0.0806341531876349,6.942,6.994000000000001,6.966715154608194,4.9333312302097925,4.968678454114103,4.936187235070548,6.861,6.9070909090909085,6.8998676966154715,4.832081740135205,4.88605764443159,4.8975678133315474,6.8454999999999995,6.860095238095239,6.833712621710555,4.8957327216228865,4.873636330501305,4.891018208207683,6.81,6.839591397849462,6.770366389505564,4.92859588169573,4.897785126340113,4.884800989005703,6.502,6.69943169398907,6.630062242594563,4.805049288192417,4.88882189419331,4.852854726697662,7.838522110096129
2024-12-03,sz001258,7.07,7.08,7.13,7.02,55163,38228366.0,1.55,-0.14,-0.01,1.18,4.741647876938491,-0.25706906089133064,7.010000000000001,7.04,7.004476769738796,4.941812968901914,4.904784003023669,4.871340782359862,6.890000000000001,6.946909090909091,6.932619024503567,4.83433495344141,4.869615123850369,4.869218733987355,6.860499999999999,6.882428571428572,6.857168562500027,4.885536516656215,4.858961583388506,4.8767924623725225,6.827,6.857010752688173,6.790342751472948,4.9256326855447226,4.885723964742872,4.875565304356206,6.519666666666666,6.718382513661201,6.644814300214413,4.807670855420012,4.8867431593981,4.84920860047605,7.582385735310441
2024-12-04,sz001258,7.05,6.91,7.07,6.88,66810,45601317.27,2.68,-2.4,-0.17,1.43,4.8248414717537,0.08319359481520916,7.0120000000000005,7.006666666666667,6.972984513159197,4.909415276296374,4.865793503974265,4.855841012157809,6.897,6.950545454545454,6.928506474593828,4.836243875136713,4.8678890362707845,4.8611501408539635,6.8675000000000015,6.887142857142857,6.862200127976215,4.878220598454577,4.8531811029216,4.871844748980253,6.830666666666667,6.86236559139785,6.798062573958564,4.913868010826918,4.879221305788613,4.872292799027012,6.536166666666667,6.731180327868852,6.653508913322137,4.812733014605944,4.887306130425435,4.8484096782228585,7.658977388165078
2024-12-05,sz001258,6.91,6.91,6.94,6.87,40258,27239349.0,1.01,0.0,0.0,0.86,4.604852195526828,-0.21998927622687248,6.994,6.972666666666667,6.951989675439465,4.817628253338205,4.764272477051083,4.7721780732808154,6.901999999999999,6.95290909090909,6.925141661031313,4.832723705812757,4.82581782179626,4.814550514430848,6.867,6.891190476190476,6.866752496740385,4.852940962163962,4.827146016928481,4.846416886746593,6.837,6.8674838709677415,6.805284343380592,4.904965066368043,4.859284801575704,4.85503856654313,6.552833333333334,6.743437158469945,6.66191845714764,4.814597953741801,4.880490365865462,4.840424186986923,7.435196724052562
2024-12-06,sz001258,6.9,7.02,7.02,6.89,52603,35942669.0,1.88,1.59,0.11,1.12,4.721010513094664,0.11615831756783646,7.002,6.981333333333334,6.9746597836263104,4.7782137990287,4.732066563636569,4.755122219885432,6.937,6.974363636363636,6.942388631752892,4.822098171392837,4.805506332211152,4.797543241460632,6.8735,6.9057619047619045,6.881347497050824,4.8385272310509375,4.814581212255216,4.834473422589267,6.841333333333334,6.879290322580645,6.819136966388296,4.894999144818157,4.847416765880647,4.846391595352907,6.571333333333333,6.758754098360657,6.673658835601816,4.820178498830198,4.877421925188508,4.836508984564226,7.555610323438905
2024-12-09,sz001258,7.04,7.08,7.23,7.01,100182,69720294.0,3.13,0.85,0.06,2.14,5.000789697550078,0.27977918445541405,7.0,7.0073333333333325,7.009773189084207,4.7786283509727525,4.8062585298103615,4.837011379106981,6.971000000000001,7.0003636363636375,6.967408880525093,4.855979790591272,4.837995700603377,4.834497142567804,6.881,6.925428571428572,6.900266783045984,4.8420916825499045,4.830034780493228,4.850313067823629,6.846666666666666,6.894688172043011,6.835966839524535,4.896613585492365,4.854241962831093,4.856352763236596,6.590333333333333,6.775431693989072,6.686981496729625,4.831402685514065,4.883343603835062,4.841895237449008,7.843359209796367
2024-12-10,sz001258,7.19,7.08,7.23,7.06,115991,80880649.0,2.4,0.0,0.0,2.47,5.06442429265818,0.06363459510810188,7.0,7.034,7.033182126056138,4.84318363411669,4.901523843705504,4.912815683624048,7.005,7.020181818181817,6.987879993156893,4.892498301509302,4.875894700979179,4.876302078947872,6.889,6.944380952380951,6.9173842322797,4.844219542357841,4.851209314789254,4.870704613045968,6.8613333333333335,6.909741935483871,6.85171091439392,4.893793972023373,4.865068460067598,4.869776732876699,6.611333333333333,6.791486338797815,6.699867349295866,4.842853134945536,4.89098365652831,4.8491912720460295,7.907844627449264
2024-12-11,sz001258,7.1,7.24,7.26,7.06,125626,88714815.0,2.82,2.26,0.16,2.68,5.099079531821308,0.034655239163127405,7.066,7.114,7.102121417370759,4.898031246130211,4.98682247627371,4.974903633023135,7.039,7.062909090909091,7.033719994401094,4.903723261213292,4.913454924672271,4.916807070379406,6.904999999999999,6.9778095238095235,6.948109543491157,4.855354254504343,4.875481694738156,4.892454605310286,6.882666666666667,6.9341720430107525,6.8767618231427,4.902921812676651,4.878312689731979,4.884570461840868,6.6345,6.812098360655736,6.717576616532067,4.855368318542138,4.8993845219996475,4.85738432974358,7.947996151235198
2024-12-12,sz001258,7.23,7.19,7.26,7.12,85830,60353291.0,1.93,-0.69,-0.05,1.83,4.933639112524925,-0.16544041929638276,7.122,7.155333333333333,7.131414278247173,4.963788629529831,4.998691765071948,4.961148792857065,7.058,7.090363636363636,7.062134540873623,4.890708441434018,4.918894170365295,4.919867441678591,6.9239999999999995,7.004952380952381,6.971146729825332,4.849949013790523,4.882937395502021,4.896376939330728,6.8950000000000005,6.954,6.8969707377786555,4.891338745449256,4.880294451012514,4.88773618123984,6.655833333333333,6.830311475409835,6.733065907793311,4.863596238152206,4.901950777540067,4.859884486556083,7.780700956689725
2024-12-13,sz001258,7.15,7.05,7.18,7.05,71839,49925377.87,1.81,-1.95,-0.14,1.53,4.856360278315365,-0.07727883420955983,7.128,7.131333333333333,7.104276185498116,4.9908585825739715,4.962882314667126,4.926219288009832,7.065,7.088909090909091,7.059928260714782,4.884536190801336,4.912649049798267,4.908320684703459,6.9415000000000004,7.016952380952381,6.978656565080063,4.849756118472853,4.883547992123434,4.892565828757836,6.906666666666666,6.9639999999999995,6.906843593405839,4.884690035565533,4.878037775713554,4.885711929438262,6.675166666666667,6.843234972677595,6.743457189505005,4.872577952695255,4.901713532955252,4.859768938744912,7.69832136059802
2024-12-16,sz001258,7.06,7.08,7.16,7.03,52961,36837990.0,1.84,0.43,0.03,1.13,4.723956176778731,-0.1324041015366344,7.128,7.115333333333333,7.096184123665411,4.935491878419702,4.873914846068712,4.858798250932798,7.064,7.091636363636364,7.063577667857548,4.8570601146962264,4.883452683612339,4.874799865080781,6.9625,7.030142857142857,6.988308320786723,4.844570927415716,4.871567045295423,4.876507766664588,6.918333333333334,6.975182795698924,6.918014974476431,4.882841852647332,4.8676678493402115,4.87527607442797,6.694333333333333,6.856508196721311,6.754491380013038,4.878484416531625,4.896840687843233,4.855316061303398,7.566295925658276
2024-12-17,sz001258,7.07,6.89,7.1,6.89,62469,42646110.0,2.97,-2.68,-0.19,1.33,4.795664553841684,0.07170837706295341,7.090000000000001,7.036,7.027456082443608,4.881739930656402,4.82730573787604,4.837753685235761,7.045,7.06,7.032018091883448,4.862461782386546,4.872289854366058,4.860411626673672,6.967499999999999,7.023238095238096,6.97894562356894,4.848398367913978,4.8669092954312285,4.868808413062407,6.922,6.973354838709679,6.916207556768275,4.877844938566325,4.862043507481783,4.8701398472933715,6.711666666666667,6.862923497267758,6.75893428558638,4.886709891812507,4.894125282509139,4.853360274173506,7.629879422781794
2024-12-18,sz001258,6.89,7.01,7.17,6.85,92710,63962908.6,4.64,1.74,0.12,1.98,4.967126581076413,0.17146202723472914,7.044,7.009333333333333,7.021637388295739,4.8553493405074235,4.85576795468271,4.880877983849311,7.055,7.053636363636365,7.028014802450094,4.876690293318818,4.891319817764216,4.879814345655989,6.976000000000001,7.027285714285715,6.981903183229041,4.856467084227765,4.878216744303842,4.87817204811136,6.930000000000001,6.979032258064517,6.922258682138064,4.877710496742656,4.867803613450175,4.876397055924536,6.731833333333333,6.872704918032787,6.767165948354039,4.896795466351151,4.896761895271888,4.857090317022781,7.805928204295726
2024-12-19,sz001258,6.94,6.86,7.01,6.81,60642,40923829.0,2.85,-2.14,-0.15,1.29,4.7827735160844265,-0.18435306499198667,6.978,6.9479999999999995,6.967758258863826,4.825176221219324,4.831576013208378,4.84817649459435,7.05,7.0181818181818185,6.997466656550076,4.894482425374578,4.874244040085236,4.862170558461159,6.976000000000001,7.016238095238096,6.970293356254847,4.863603065593667,4.871198309242571,4.8690864736326045,6.928,6.974516129032258,6.918241992967866,4.866788116567501,4.861678646956095,4.870356827547755,6.746833333333333,6.876907103825136,6.770209687752267,4.899652677026169,4.893023470672981,4.854653700598572,7.611976261300492
2024-12-20,sz001258,6.9,6.98,7.04,6.86,69691,47581262.0,2.62,1.75,0.12,1.49,4.843176696280064,0.06040318019563795,6.964,6.948666666666667,6.971838839242551,4.822539504812264,4.837576171561958,4.846509895156255,7.046000000000001,7.005454545454546,6.994290900813699,4.906699043693117,4.864915725704415,4.858717128973687,6.9915,7.016619047619047,6.97121779851629,4.864398607542977,4.869252940736514,4.866618875789506,6.931,6.9778709677419375,6.922226380518326,4.861251168598331,4.860155329518197,4.868603270691775,6.7651666666666666,6.884551912568305,6.777088058645635,4.907261297707267,4.891171799173109,4.854277405375014,7.677435956666521
2024-12-23,sz001258,7.16,7.66,7.66,7.12,312854,234133231.04,7.74,9.74,0.68,6.67,5.49534171202833,0.6521650157482659,7.08,7.180666666666666,7.201225892828369,4.9768166118621835,5.061843573967312,5.062787167446947,7.104000000000001,7.117090909090908,7.115328918847571,4.956154245140942,4.971941665401727,4.974467053165441,7.0375,7.080285714285716,7.0368161034195,4.906067017866108,4.92934276021131,4.926497241145584,6.955333333333334,7.024903225806452,6.9698246785494025,4.880112536746918,4.901064396836261,4.90903800884252,6.794833333333333,6.913890710382513,6.806035991149057,4.927471403364056,4.910453124232816,4.8752959072325,8.369463058434192
2024-12-24,sz001258,8.04,8.41,8.41,7.92,366994,297974895.33,6.4,9.79,0.75,7.83,5.564658964011784,0.06931725198345351,7.384,7.624,7.604150595218913,5.130615493896204,5.257791024683846,5.230077766301893,7.237,7.3545454545454545,7.3507236608752855,5.006177712276303,5.082578887014607,5.081774673319321,7.1209999999999996,7.210999999999999,7.167595522141452,4.949338006892803,4.992065802701375,4.987274548085222,7.005,7.118752688172043,7.062739215417183,4.898205598997328,4.945228682466252,4.951336134982474,6.834666666666666,6.96684699453552,6.858624975045808,4.942375350540436,4.931344519663888,4.897897974667886,8.474179675891945
2024-12-25,sz001258,9.24,8.36,9.24,8.08,1097765,947068880.8,13.79,-0.59,-0.05,23.42,6.040509380071776,0.4758504160599921,7.653999999999999,7.949333333333333,7.856100396812609,5.345292053695276,5.561088986742371,5.500221637558521,7.349000000000001,7.558727272727273,7.534228449807051,5.100320697101351,5.270639190250147,5.25609007454704,7.194,7.329,7.281157853366075,5.0020219791573215,5.095986885861276,5.087582627322036,7.053,7.206172043010754,7.146433459583816,4.937009735370013,5.0189257006000885,5.021605376601139,6.873,7.016857923497269,6.907850385700044,4.961965638129995,4.967348914074751,4.935360643697522,8.976381566609897
2024-12-26,sz001258,7.54,7.69,8.08,7.54,820279,617068701.83,6.46,-8.01,-0.67,17.5,5.913961593300499,-0.12654778677127698,7.82,7.961333333333333,7.800733597875073,5.57152966913849,5.7506454999441114,5.638134956139181,7.399000000000001,7.620727272727272,7.562550549842133,5.1983529451789074,5.418573898649993,5.37570307795676,7.2284999999999995,7.376238095238094,7.320095200664545,5.044530693306463,5.182838277684437,5.166285385986652,7.082333333333334,7.247268817204301,7.181502268642926,4.966083657586651,5.081954852724635,5.079176745420453,6.898166666666667,7.043644808743169,6.933494635349223,4.980720611132989,4.9985618962114895,4.9674459207336845,8.790333519243372
2024-12-27,sz001258,7.7,8.45,8.45,7.7,745170,593980917.19,9.75,9.88,0.76,15.9,5.872255362197475,-0.041706231103024294,8.113999999999999,8.171333333333333,8.017155731916716,5.777345402321973,5.85088739763044,5.716175091491946,7.538999999999999,7.8118181818181816,7.72390499532538,5.299942453567118,5.541101610835186,5.465985311455071,7.302,7.492571428571429,7.427705181553636,5.092239322184227,5.261669198531199,5.233520621816254,7.140666666666666,7.335505376344085,7.2633408319562855,4.999818230170942,5.140417543344688,5.1303431077931645,6.9325,7.094524590163934,6.983216122714822,4.993483365951561,5.027792543787376,4.997111804060366,8.77377249263741
2024-12-30,sz001258,8.59,8.27,8.81,8.23,843903,706844878.2,6.86,-2.13,-0.18,18.0,5.926292530765809,0.054037168568334515,8.236,8.223333333333333,8.101437154611144,5.863535566069468,5.900536440445052,5.7862142379165675,7.6579999999999995,7.944727272727272,7.823194996175311,5.420176088965826,5.654983443053132,5.549677533147932,7.361,7.584761904761906,7.507923735691385,5.138618101831026,5.3411028374437315,5.299498898859069,7.194333333333333,7.408365591397849,7.328286584733299,5.036439314599085,5.200190078866938,5.18169468346882,6.9556666666666676,7.138377049180328,7.025405758035647,5.003079843689463,5.058376450830465,5.027576745919561,8.849324115446887
2024-12-31,sz001258,8.43,8.1,8.52,7.95,465591,370742140.33,6.89,-2.06,-0.17,9.93,5.668004576693132,-0.258287954072677,8.174,8.178,8.100958103074097,5.884204688605738,5.835359443986274,5.746811017508756,7.778999999999999,8.02509090909091,7.87352317868889,5.5074100912509705,5.700043168094459,5.571191541065241,7.412000000000001,7.655142857142857,7.564311951339825,5.184935936818759,5.391520596954408,5.334594677700408,7.238,7.466795698924732,7.378074547008571,5.068068942359642,5.24093622480849,5.213069515289743,6.9718333333333335,7.175896174863388,7.060638356132839,5.006601131822102,5.080177261748617,5.048574379715416,8.569071952829233
2025-01-02,sz001258,8.07,8.2,8.57,7.89,461671,372177484.77,8.4,1.23,0.1,9.85,5.664332595071973,-0.003671981621159226,8.142,8.186666666666666,8.133972068716066,5.808969331605778,5.762068746141684,5.719318210029829,7.898000000000001,8.101636363636363,7.9328826007454545,5.577130692650527,5.72857453242555,5.5881262781573735,7.476499999999999,7.730190476190476,7.624853670259841,5.226910492984672,5.437177421549951,5.365998288878652,7.283333333333333,7.528860215053764,7.431101995588664,5.096688287035352,5.279404847564124,5.242183262372468,6.9978333333333325,7.21616393442623,7.097994475603893,5.014075330420995,5.1017422277568105,5.068763173661532,8.570750096532755
2025-01-03,sz001258,8.14,7.46,8.19,7.4,411211,312183957.32,9.63,-9.02,-0.74,8.77,5.614064723631684,-0.05026787144028866,8.096,7.9593333333333325,7.909314712477378,5.7489899576720145,5.6971005434836535,5.684233714563781,7.958,8.022,7.8469039460644625,5.660259813405252,5.735289810785762,5.592842359152702,7.504,7.728619047619047,7.609153320711285,5.277371119389914,5.474049253040143,5.389623663617035,7.303333333333334,7.54025806451613,7.432966382970041,5.129155314864196,5.312783972505822,5.266175614711773,7.011,7.231316939890709,7.10986350919065,5.024154281747111,5.121414011140768,5.086641913004815,8.494410581537371
2025-01-06,sz001258,7.24,7.06,7.39,6.99,285775,201027805.7,5.36,-5.36,-0.4,6.1,5.456024233422963,-0.15804049020872135,7.8180000000000005,7.614,7.626209808318253,5.665743731917113,5.599445302067304,5.6081638875168425,7.965999999999999,7.858727272727273,7.703830501325468,5.721544567119542,5.6981560689708,5.567966336292749,7.506,7.686333333333334,7.5568530044530675,5.31412180540633,5.4910638353290055,5.395947527408076,7.316333333333334,7.524559139784946,7.408904035681651,5.150113927401833,5.333872289832193,5.27842391269314,7.0215000000000005,7.23292349726776,7.108228640036858,5.03312224552022,5.135573681687517,5.098752808756229,8.303256132181108
2025-01-07,sz001258,7.09,7.01,7.22,6.77,239284,162098040.48,6.37,-0.71,-0.05,5.11,5.3789136599840095,-0.07711057343895344,7.566,7.344666666666666,7.420806538878836,5.5562679577607526,5.503835278089601,5.531747145005898,7.901000000000001,7.68490909090909,7.577679501084473,5.70990176191511,5.635859540400703,5.5335931224184325,7.5024999999999995,7.63909523809524,7.504771765933728,5.333028003528026,5.497234488145925,5.394325254320069,7.325333333333333,7.504795698924731,7.383168291444125,5.174011932549108,5.3486335629020125,5.284907122195777,7.029,7.232546448087431,7.105008028888108,5.042732903679634,5.146911105112558,5.107938410435829,8.209777764917195
2025-01-08,sz001258,6.89,6.84,6.92,6.63,235807,156654590.0,4.14,-2.43,-0.17,5.03,5.372556693109581,-0.006356966874428771,7.313999999999998,7.102666666666667,7.227204359252557,5.497178381044042,5.442598189872545,5.47868366104046,7.744,7.491999999999999,7.44355595543275,5.69069153482489,5.574524073345151,5.504313771635005,7.4905,7.575999999999999,7.441460169178135,5.348434623550597,5.500999125248932,5.392252058014308,7.328666666666667,7.473483870967741,7.348125175867086,5.196455849536831,5.3614429022930095,5.290561933222474,7.036,7.226349726775955,7.096319241055711,5.052499045627763,5.157724999847967,5.116614419703821,8.194943124289336
2025-01-09,sz001258,6.84,6.77,6.89,6.74,154370,103132057.0,2.19,-1.02,-0.07,3.29,5.188562904157906,-0.18399378895167473,7.0280000000000005,6.921333333333333,7.074802906168372,5.4020244428612285,5.339726364243832,5.381976742079609,7.585000000000001,7.314909090909091,7.321091236263159,5.605496887233503,5.483227958678427,5.446904523002805,7.4670000000000005,7.507380952380953,7.37751158163736,5.352908792167427,5.485773247211533,5.372853090980365,7.324333333333333,7.4374408602150535,7.310826777424048,5.203180281849383,5.3609336800105005,5.28398135070218,7.040166666666667,7.217628415300546,7.085620249545688,5.05955535936694,5.162186109963709,5.118973386407234,8.013393679970573
2025-01-10,sz001258,6.74,6.42,6.78,6.42,189796,122409202.0,5.32,-5.17,-0.35,4.05,5.278287055318707,0.08972415116080068,6.82,6.718666666666667,6.856535270778915,5.334868909198633,5.298480568396326,5.347413513159308,7.458,7.103090909090908,7.157256466033493,5.541929433435324,5.4237352619666455,5.416246801605696,7.4285,7.4076666666666675,7.2863200024338015,5.370141189307115,5.478666415130702,5.36384680186973,7.305000000000001,7.379096774193548,7.253354082106368,5.210330273349417,5.365779278298843,5.283613976806472,7.04,7.197295081967214,7.063796634806485,5.068032511923493,5.169357640978521,5.124196785387937,8.087814066727898
2025-01-13,sz001258,6.35,6.37,6.4,6.21,116768,72195765.0,2.96,-0.78,-0.05,2.49,5.067323841684554,-0.2109632136341526,6.6819999999999995,6.568666666666667,6.694356847185944,5.257128830850951,5.209298879224965,5.2540502893343906,7.249999999999998,6.905272727272726,7.0141189267546755,5.461436281384032,5.337443336193778,5.3528062634382145,7.394499999999999,7.306857142857142,7.199051430773439,5.380689367475575,5.449826667738076,5.335606519947333,7.284666666666667,7.3187741935483865,7.196363496164022,5.215304975250829,5.3565530569011095,5.269659774540543,7.0375,7.175327868852459,7.041049204157091,5.071014787264372,5.169334405888721,5.122332098709138,7.858511722624008
2025-01-14,sz001258,6.37,6.52,6.54,6.37,167141,105893988.0,2.67,2.35,0.15,3.57,5.223082996210853,0.15575915452629907,6.5840000000000005,6.514666666666667,6.636237898123962,5.225962698096319,5.197950267678266,5.243727858293211,7.075,6.772545454545455,6.924279121890189,5.391115327928537,5.2941063752532,5.329220214851421,7.3665,7.223571428571428,7.134379865937873,5.405645708447182,5.434816537141437,5.324889993877191,7.265666666666666,7.269440860215053,7.152727141572795,5.22278384386353,5.357054864704983,5.266654821099918,7.037833333333334,7.158360655737705,7.0239656236929235,5.07568986277963,5.174320248804998,5.125635406823948,8.024871304276122
2025-01-15,sz001258,6.52,6.46,6.52,6.4,126967,80106118.0,1.84,-0.92,-0.06,2.71,5.103690858119577,-0.11939213809127658,6.508,6.473333333333333,6.577491932082642,5.1721895310983195,5.1571929876860185,5.197048858235334,6.911,6.660727272727273,6.839864736091973,5.3346839560711805,5.241847380742481,5.288214877263813,7.344999999999999,7.137238095238097,7.0701532120390285,5.421047023661076,5.406058932348333,5.303823409519323,7.245,7.217462365591399,7.108035067922938,5.234851943236233,5.349371446269889,5.25614101703667,7.0360000000000005,7.139415300546449,7.00547494750627,5.080242314390477,5.17523831422598,5.124915913423804,7.903665686023997
2025-01-16,sz001258,6.47,6.55,6.66,6.47,156465,100460764.0,2.94,1.39,0.09,3.34,5.1944172044586026,0.09072634633902599,6.464,6.487333333333334,6.568327954721761,5.173360391158459,5.164602212139446,5.196171640309757,6.7459999999999996,6.595090909090909,6.787162056802522,5.287692417009843,5.216344334994739,5.271160754935592,7.322,7.061523809523809,7.020614810892454,5.432411554830185,5.384475140043335,5.293403770942111,7.2330000000000005,7.172623655913979,7.072032805476297,5.247171134326396,5.3467627534455255,5.252158835580021,7.031833333333334,7.1234808743169395,6.9905413426699985,5.080519572576657,5.1789817532446065,5.127194644277403,8.001996476627856
2025-01-17,sz001258,6.54,6.5,6.54,6.43,99560,63081248.82,1.68,-0.76,-0.05,2.12,4.998084887936556,-0.19633231652204675,6.4799999999999995,6.499333333333333,6.5455519698145075,5.117319957682029,5.1061770443988115,5.130142722852024,6.65,6.550363636363636,6.734950773747517,5.2260944334403305,5.1636884206177776,5.221510597299404,7.303999999999999,6.983238095238096,6.971032447950316,5.4431771234227915,5.343110695577275,5.26527816303682,7.219333333333334,7.125333333333333,7.035127463187504,5.260278890740054,5.330692673033277,5.23576696799012,7.0281666666666665,7.106043715846995,6.974458019959506,5.082621978554048,5.176278976699029,5.122961537512129,7.79990028247339
2025-01-20,sz001258,6.52,6.56,6.58,6.46,96078,61434516.77,1.85,0.92,0.06,2.05,4.982623954032608,-0.015460933903947982,6.518000000000001,6.526,6.550367979876339,5.100379980151639,5.061278376515672,5.080969799912219,6.6,6.534,6.703141542157058,5.178754405501295,5.119421060725465,5.178076662159986,7.2829999999999995,6.912380952380953,6.931886500526477,5.450149486310419,5.2992484889686855,5.238358714560229,7.204,7.082795698924731,7.004474078465729,5.2689993387713185,5.312779451310217,5.219435160638023,7.022666666666667,7.090693989071038,6.96086923241985,5.081999241794737,5.1730003529442286,5.118360305266899,7.788412446561218
2025-01-21,sz001258,6.58,6.51,6.59,6.44,94983,60387472.92,2.29,-0.76,-0.05,2.03,4.9776458824798375,-0.004978071552770302,6.516,6.5233333333333325,6.536911986584227,5.051292557405437,5.020367010625071,5.046528494101425,6.55,6.517636363636364,6.668024898128502,5.1386276277508784,5.082855874721564,5.141634702218141,7.225499999999999,6.838761904761905,6.891706833809669,5.424264694832994,5.254248145746725,5.213528921028763,7.1850000000000005,7.038021505376344,6.972572525016328,5.268227878268977,5.293982454130121,5.203835852369753,7.015833333333333,7.07388524590164,6.946086634635592,5.082420731880672,5.169578931327346,5.113746717634537,7.7809468557407415
2025-01-22,sz001258,6.47,6.48,6.56,6.45,71023,45104723.0,1.69,-0.46,-0.03,1.52,4.851399012881515,-0.12624686959832232,6.5200000000000005,6.511333333333335,6.5179413243894855,5.000834188357824,4.953735829117098,4.981485333694788,6.514,6.5049090909090905,6.633838553014229,5.086511859728072,5.030632490199861,5.088864576884209,7.1290000000000004,6.767761904761905,6.85249665916113,5.3886016972764805,5.199689509370395,5.179040358348073,7.165,6.992537634408602,6.940793652434629,5.261127035609755,5.267090269266414,5.181097991757609,7.013166666666667,7.056316939890709,6.930805105631147,5.077460503816565,5.16200444873721,5.105145153544274,7.654222020047433
2025-01-23,sz001258,6.48,6.37,6.61,6.36,130072,82649452.0,3.86,-1.7,-0.11,2.78,5.114183818050907,0.2627848051693915,6.484,6.461333333333332,6.46862754959299,4.984787511076284,4.991519039014792,5.0257181618134945,6.474000000000001,6.478727272727272,6.585867907011641,5.079073951117371,5.035663755349467,5.093468075278153,7.0295000000000005,6.6954761904761915,6.806544596383879,5.342285419175438,5.173554473253673,5.172863544986438,7.135999999999999,6.941247311827957,6.903968255503363,5.261630511817407,5.257610061681973,5.17678094829266,7.009333333333333,7.035229508196721,6.912418052987502,5.082276162247029,5.163208491826859,5.105441503200228,7.917239978365239
2025-01-24,sz001258,6.37,6.38,6.41,6.32,89837,55936503.04,1.41,0.16,0.01,1.92,4.953455240746727,-0.16072857730417933,6.459999999999999,6.426666666666667,6.439085033061994,4.975861581638318,4.981074948904939,5.001630521457906,6.470000000000001,6.461636363636363,6.54843737846407,5.046590769660173,5.012823989827532,5.068011196272439,6.964,6.633619047619048,6.7659213014901765,5.294260101547749,5.136523027689034,5.1519675160112275,7.108999999999999,6.89247311827957,6.870163851922502,5.262291049424802,5.237727786129024,5.162372838128407,7.002,7.0145956284153,6.894961723381354,5.076814897437029,5.158984855056359,5.100458347054212,7.747695312269639
2025-01-27,sz001258,6.42,6.36,6.51,6.36,77738,48922134.0,2.35,-0.31,-0.02,1.66,4.890633363152245,-0.06282187759448199,6.42,6.393333333333333,6.412723355374664,4.957463463462246,4.952665542742915,4.964631468689353,6.468999999999999,6.441636363636364,6.514176036925147,5.028921721806943,4.984468097735181,5.035760681159676,6.8595,6.576095238095238,6.7272621299196835,5.245179001595487,5.098082385937082,5.127078549072277,7.086,6.84415053763441,6.837250055024277,5.263433485586031,5.213749870885634,5.144841259097688,6.996333333333333,6.993546448087432,6.8774219947459,5.074061760575782,5.152880542456858,5.0935788393852945,7.689505392849341
2025-02-05,sz001258,6.38,6.37,6.41,6.32,66045,41113108.0,1.42,0.16,0.01,1.41,4.819839944515207,-0.07079341863703803,6.392,6.376666666666667,6.3984822369164425,4.925902275869321,4.906791036427236,4.916367627297971,6.454000000000001,6.423636363636364,6.487962212029665,4.988597416637378,4.946453229136683,4.996502365406135,6.7645,6.529476190476189,6.693237165165428,5.189856372282957,5.057573904310388,5.097817729590651,7.062333333333333,6.797956989247311,6.807104890184001,5.2666296111772475,5.185130932752032,5.123873432350431,6.990333333333333,6.973010928961749,6.860785208032919,5.074735731912289,5.144545400946677,5.084603793651849,7.613980309089496
2025-02-06,sz001258,6.35,6.45,6.46,6.31,81964,51268023.0,2.35,1.26,0.08,1.75,4.913623144647875,0.09378320013266794,6.386,6.396,6.415654824610963,4.9383471022225915,4.902697992686754,4.915452799747939,6.453,6.422909090909091,6.481059991660635,4.969590645290208,4.932821543320411,4.98143341617736,6.6819999999999995,6.499523809523809,6.670071720863959,5.152137300680694,5.031265977868952,5.0802753881675295,7.047666666666667,6.758451612903225,6.78406586501084,5.27056156420412,5.162356322008203,5.110308897659944,6.984833333333333,6.955295081967212,6.847316840556429,5.074203251385223,5.139263021036366,5.078997870733685,7.709846570478332
2025-02-07,sz001258,6.44,6.53,6.61,6.43,128902,82390145.55,2.79,1.24,0.08,2.75,5.11025965577253,0.1966365111246544,6.418000000000001,6.444,6.453769883073976,4.937562269766917,4.960002177203399,4.980388418422803,6.4510000000000005,6.436909090909092,6.489958174995064,4.961174890421601,4.95839772704447,5.004856368831026,6.5985,6.485047619047618,6.6567315569721535,5.124433653715722,5.02727763073484,5.083131032701339,7.031666666666666,6.725053763440861,6.767674518881108,5.27533266669399,5.152014263399713,5.110305720763982,6.980833333333334,6.940382513661201,6.836913009718513,5.076521581718324,5.140445198229393,5.080022847292336,7.915875270080728
2025-02-10,sz001258,6.68,6.66,6.74,6.61,127924,83259641.0,1.99,1.99,0.13,2.73,5.106952030716038,-0.0033076250564914034,6.473999999999999,6.524666666666667,6.522513255382651,4.968261627760779,5.016465430853106,5.0225762891872145,6.4670000000000005,6.474909090909091,6.520874870450506,4.972061604699549,4.984902661643458,5.023419216446483,6.5585,6.490904761904762,6.65704283726052,5.099078019069941,5.0256127142586795,5.08539969917893,7.025,6.701075268817205,6.760727775727489,5.28613861718171,5.141150996562424,5.110089353664115,6.976500000000001,6.929863387978143,6.8311125831703645,5.076463366874606,5.141442917868662,5.080905771339014,7.920434533958216
2025-02-11,sz001258,6.65,6.72,6.76,6.58,129034,84301756.94,2.7,0.9,0.06,2.75,5.110704160429621,0.0037521297135825193,6.545999999999999,6.6066666666666665,6.5883421702551015,5.012275787216255,5.063946275076053,5.0519522462680175,6.483,6.5209090909090905,6.557079439459505,4.98486962533925,5.0101103990489255,5.039289206261598,6.541500000000001,6.506285714285715,6.663038757521423,5.081812015420273,5.026719965816745,5.087809647869472,7.016333333333333,6.681397849462366,6.758100177293458,5.295056199320029,5.129832644513903,5.110129018616728,6.973666666666667,6.921453551912569,6.827469547656582,5.07815368395918,5.142565566837679,5.08188276770264,7.925836625886851
2025-02-12,sz001258,6.69,6.75,6.79,6.67,105389,69468147.0,1.79,0.45,0.03,2.25,5.022795283660162,-0.08790887676945847,6.622,6.674666666666667,6.642228113503402,5.052866855045246,5.06745277389069,5.042233258732066,6.507000000000001,6.569454545454547,6.592155905012322,4.989384565457283,5.017005973289092,5.036290311243155,6.528499999999999,6.526142857142857,6.67132078061462,5.06400609660408,5.021099324696735,5.081617803659061,6.986,6.66421505376344,6.75757758521001,5.279304651707758,5.112267424148751,5.104494584103402,6.970666666666667,6.914120218579234,6.8249295624875135,5.079708594227338,5.140750537319679,5.07994547314387,7.8417857146162895
2025-02-13,sz001258,6.73,6.69,6.76,6.68,77828,51154520.0,1.19,-0.89,-0.06,1.66,4.891135870226182,-0.13165941343398035,6.67,6.697333333333334,6.658152075668935,5.048369400160906,5.013542445617669,4.991867462563439,6.5280000000000005,6.602727272727273,6.609945740464627,4.993358251191749,4.999142574156163,5.009898594694614,6.520999999999999,6.5415238095238095,6.673099753889418,5.03993505545991,5.004635493613125,5.063476667141644,6.9286666666666665,6.645118279569893,6.753217741002913,5.256853881914904,5.08722427695639,5.090729505788743,6.966833333333333,6.904918032786886,6.820505642405956,5.077529740456116,5.134567825057345,5.073754994359684,7.708884013890409
2025-02-14,sz001258,6.68,6.63,6.71,6.59,69718,45258172.08,1.79,-0.9,-0.06,1.49,4.843344920012507,-0.047790950213674854,6.6899999999999995,6.683999999999999,6.648768050445957,4.994986453008902,4.9452009522348686,4.942359948379796,6.554,6.621272727272727,6.613591969471058,4.96627436138791,4.9718674230326645,4.979616108388776,6.514,6.551904761904762,6.66899501542376,5.0226741562526405,4.985912623570515,5.042511738843631,6.8709999999999996,6.625849462365593,6.745268209325306,5.216948399912927,5.060546279414299,5.074769209932212,6.962,6.893874316939889,6.814259555769695,5.076979067641471,5.126889634223129,5.066200565692563,7.655697009371238
2025-02-17,sz001258,6.63,6.72,6.74,6.6,82932,54245669.98,2.11,1.36,0.09,1.77,4.918722139016594,0.07537721900408645,6.702000000000001,6.694,6.672512033630639,4.957340474669013,4.919779514237432,4.934480678592061,6.587999999999999,6.651454545454545,6.632938884112683,4.962801051214896,4.963221564419698,4.968544477593833,6.528999999999999,6.571523809523811,6.673852633002449,5.004695910437535,4.976012431452797,5.030722253145818,6.838666666666667,6.61610752688172,6.743638002272061,5.1837737514367985,5.041305875485504,5.0647016569699135,6.9605,6.885939890710384,6.811169078531345,5.0749287045117235,5.121700882464936,5.0613652074408915,7.734365077472757
2025-02-18,sz001258,6.76,6.61,6.77,6.58,86188,56382963.04,2.83,-1.64,-0.11,1.84,4.935446802987494,0.016724663970900444,6.68,6.663333333333335,6.651674689087093,4.9222890031805875,4.912481623676926,4.934802720057206,6.6129999999999995,6.655454545454545,6.628768177910377,4.9672823951984215,4.958248064741989,4.962526718574498,6.5409999999999995,6.579238095238096,6.667771429859359,4.998102058502682,4.969417278362317,5.021648400749787,6.777333333333333,6.601354838709677,6.735016195673864,5.152546799463132,5.025284782037162,5.056362634132338,6.959,6.874448087431695,6.804573371038513,5.076182514817037,5.11712770536578,5.05723673516373,7.751147895198376
2025-02-19,sz001258,6.61,6.63,6.64,6.55,84062,54293208.0,1.36,0.3,0.02,1.79,4.924599718510615,-0.010847084476878877,6.656000000000001,6.646666666666666,6.644449792724729,4.902649890150679,4.913251862120268,4.931401719541676,6.639,6.658545454545455,6.628992145563036,4.977758372597962,4.950487578071478,4.955630900381064,6.5465,6.587714285714285,6.664174150825135,4.98317789461767,4.96241705550593,5.012405669107961,6.722666666666667,6.591849462365592,6.728240957243292,5.119157039054626,5.010578518749904,5.0478618008664204,6.958500000000001,6.863661202185791,6.798849653955283,5.077798176826856,5.11215777761803,5.052887980519366,7.734745503389644
2025-02-20,sz001258,6.63,6.64,6.65,6.53,89159,57543421.0,1.81,0.15,0.01,1.9,4.95016518882438,0.025565470313765104,6.646000000000001,6.641333333333334,6.642966528483153,4.914455753870318,4.929090295011503,4.9376562093025775,6.6579999999999995,6.658727272727272,6.630993573642483,4.981412577015613,4.94547063556719,4.954637134643485,6.5555,6.596619047619048,6.66187185074655,4.975501611152911,4.959272988287521,5.0064780043190495,6.674,6.586516129032257,6.722547992259854,5.095229059459,4.9996758187350485,5.041558793637901,6.956,6.853218579234971,6.7936414685797,5.081649000909321,5.107973089486801,5.049520020135924,7.759995677457993
2025-02-21,sz001258,6.62,6.59,6.65,6.54,83494,53751972.0,1.66,-0.75,-0.05,1.78,4.921655267573228,-0.02850992125115237,6.638,6.6226666666666665,6.625311018988769,4.930117823382462,4.931490132912472,4.932322562059461,6.664,6.646363636363637,6.623540196616577,4.962552138195682,4.93460567021403,4.948640431539801,6.5575,6.599904761904762,6.655026912580212,4.961863514308641,4.954144765089455,4.998399648438495,6.620333333333333,6.581096774193546,6.7139965088882505,5.0704731485423755,4.988477509581128,5.03382308227889,6.951833333333334,6.841218579234974,6.786964699118071,5.0835807177888634,5.102727393311847,5.045327733166656,7.730394401852912
2025-02-24,sz001258,6.59,6.65,6.68,6.57,93118,60508364.78,1.67,0.91,0.06,1.99,4.969033639575019,0.04737837200179129,6.624,6.626666666666667,6.633540679325846,4.940180123494147,4.944462071643326,4.944559587897981,6.662999999999999,6.643818181818182,6.628351069959017,4.94876029908158,4.935784125010273,4.952348287546204,6.565,6.608714285714287,6.654548159001145,4.960410951890565,4.954827634162443,4.995602885689593,6.593333333333333,6.583010752688172,6.709867701863202,5.048972112407153,4.981933025131621,5.029643118233479,6.948333333333334,6.831322404371584,6.782474053245347,5.089063713635675,5.098971751403197,5.042826287475127,7.781815416415841
2025-02-25,sz001258,6.59,6.59,6.66,6.56,74590,48219544.0,1.5,-0.9,-0.06,1.59,4.8726806071519295,-0.09635303242308968,6.62,6.615333333333334,6.619027119550564,4.927626884327035,4.921962232862585,4.920599927649297,6.65,6.630545454545456,6.621378148148286,4.924957943753812,4.921951453750336,4.937863254747245,6.5665000000000004,6.6110952380952375,6.64840071528675,4.95491378454653,4.946472363234954,4.983896002019339,6.5776666666666666,6.582795698924731,6.702134301742996,5.029527324864786,4.970559379631284,5.019516504615315,6.947,6.819573770491802,6.776163428548778,5.089820626133308,5.091877223321762,5.037247740579285,7.683223099048068
2025-02-26,sz001258,6.59,6.68,6.69,6.57,85624,55738365.39,1.82,1.37,0.09,1.83,4.93259551241852,0.0599149052665906,6.63,6.6353333333333335,6.63935141303371,4.929226043108615,4.923618442226414,4.924598455905705,6.643000000000001,6.636,6.632036666666779,4.915937966629647,4.923340102598465,4.9369054834147486,6.575,6.621904761904761,6.651410170973727,4.9526612660434655,4.944346813508477,4.979010241104975,6.566666666666666,6.589397849462365,6.700706282275706,5.0146500532792695,4.964305714312172,5.013908698667135,6.946,6.810819672131148,6.773010529252097,5.094330992914189,5.086722301560622,5.03381651998385,7.74615422823605
2025-02-27,sz001258,6.67,6.71,6.73,6.59,114541,74766179.65,2.1,0.45,0.03,2.44,5.058960970401076,0.12636545798255572,6.644,6.662,6.662900942022474,4.950985199423955,4.966863417990567,4.969385960737496,6.6450000000000005,6.6481818181818175,6.646211818181909,4.932720476647137,4.949344285102362,4.959097390139535,6.586500000000001,6.634761904761905,6.656990154690515,4.963039363919443,4.95447059487587,4.986624596276032,6.562333333333333,6.598645161290323,6.701305876967596,5.00419686252232,4.967164483158739,5.016815296843518,6.945499999999999,6.8030819672131155,6.770944610260224,5.100326356029575,5.0855626286913385,5.034640928194251,7.873705189937673
2025-02-28,sz001258,6.72,6.61,6.82,6.58,167039,109684894.0,3.58,-1.49,-0.1,3.56,5.222817881371367,0.1638569109702912,6.648000000000001,6.650666666666666,6.645267294681649,5.0112177221835825,5.0574743119730385,5.053863267615453,6.643000000000001,6.641818181818182,6.6396278512397435,4.970667772783022,5.002089267779494,5.007046570363504,6.5985,6.637,6.652514901862847,4.968471067085466,4.979211406061768,5.00911919485654,6.557,6.601720430107528,6.695415175227752,5.005338695096101,4.981269065019967,5.030105786167896,6.940666666666667,6.7920819672131145,6.765667737792675,5.104259488472741,5.089578744276317,5.040810664363992,8.040146819879347
2025-03-03,sz001258,6.61,6.56,6.71,6.54,116961,75938184.0,2.57,-0.76,-0.05,2.5,5.068041072786026,-0.15477680858534093,6.63,6.621333333333333,6.6168448631211,5.031019208825784,5.07641542884052,5.0585892026723105,6.627000000000001,6.6267272727272735,6.625150060105244,4.985599666159966,5.019793504143677,5.0181364798948715,6.6075,6.633333333333334,6.64370395882829,4.974200358687431,4.988694263747535,5.014730802278396,6.5616666666666665,6.601913978494625,6.686678712309832,4.998330495678345,4.9853143797096395,5.032553224014227,6.933333333333334,6.779601092896175,6.7589245332748815,5.104330384513881,5.088391255237408,5.041703464640125,7.880460207128122
2025-03-04,sz001258,6.54,6.59,6.6,6.5,67426,43172170.0,1.52,0.46,0.03,1.44,4.828827396226321,-0.2392136765597055,6.63,6.6080000000000005,6.607896575414067,5.022248566640662,5.009018157974031,4.982001933856981,6.625,6.62,6.618759140086109,4.974937725483848,4.991289455064833,4.983716646500589,6.619,6.631666666666666,6.638589296082738,4.971110060341135,4.97484921970362,4.997025715987722,6.569,6.603741935483869,6.680441376031778,4.990380614163071,4.974378695874026,5.019409622221459,6.926833333333333,6.768344262295081,6.75338602398718,5.10284279470695,5.07935837037552,5.034723921413442,7.635203878522854
2025-03-05,sz001258,6.58,6.51,6.59,6.44,74731,47403248.93,2.28,-1.21,-0.08,1.59,4.87350079373183,0.044673397505509804,6.595999999999999,6.568,6.575264383609379,5.010429622903325,4.959435567004421,4.945834887148598,6.6129999999999995,6.59909090909091,6.598984750979543,4.9698278330059695,4.972846376564466,4.963677400542633,6.626,6.621285714285714,6.626342696455811,4.973793102801966,4.965553099074161,4.985261437677637,6.568666666666667,6.599935483870968,6.669445158223277,4.978727874080437,4.966838062297817,5.009996149415676,6.917166666666668,6.754677595628415,6.745406154348256,5.100755858971983,5.071838960507483,5.02943791722716,7.67580810842549
2025-03-06,sz001258,6.55,6.5,6.55,6.46,85011,54209153.0,1.38,-0.15,-0.01,1.81,4.9294751248932585,0.055974331161428026,6.553999999999999,6.536,6.550176255739586,4.98453245380176,4.9324507343344,4.940381633063485,6.598999999999999,6.578545454545455,6.580987523528717,4.967758826612857,4.965509520543973,4.9574588049700195,6.6285,6.609285714285715,6.6143100586981145,4.9745857018142345,4.961332339273332,4.979948455507696,6.569999999999999,6.595505376344086,6.658513212531452,4.972920682972894,4.963660465576063,5.004801244607779,6.907500000000001,6.741,6.737360050927001,5.103886313104563,5.066223198734411,5.026160448626047,7.734072621626658
2025-03-07,sz001258,6.49,6.47,6.51,6.42,76824,48598927.0,1.38,-0.46,-0.03,1.64,4.885496915855739,-0.04397820903751981,6.525999999999999,6.508,6.523450837159724,4.917068260698635,4.8994388883523925,4.922086727327569,6.586999999999999,6.555090909090908,6.560807973796223,4.964142991441109,4.950552809497224,4.944374825131058,6.6255,6.5941904761904775,6.600566243584008,4.963347564818395,4.952847692991572,4.970953070778938,6.567333333333333,6.58905376344086,6.646351069787487,4.962623340019464,4.958020222536246,4.997104191139905,6.900166666666666,6.7266557377049185,6.728594147617918,5.10489723717293,5.059062890627891,5.021548529518824,7.686626680720661
2025-03-10,sz001258,6.49,6.49,6.54,6.45,69120,43915390.92,1.39,0.31,0.02,1.47,4.839603729470837,-0.045893186384901696,6.5120000000000005,6.4959999999999996,6.5123005581064835,4.8713807920355965,4.873617377943126,4.894592394708659,6.571,6.537454545454547,6.547933796742363,4.95120000043069,4.927909307320811,4.925325535011018,6.617,6.581285714285715,6.590036125147436,4.949980149756135,4.941062565815613,4.958443609701976,6.566999999999999,6.5840645161290325,6.636263903994746,4.957340634737274,4.9500834734685935,4.986942871032223,6.893166666666667,6.713207650273223,6.720771388679625,5.108809762738663,5.050364742834381,5.015583126238561,7.6426167530483715
2025-03-11,sz001258,6.46,6.57,6.57,6.41,79820,50813597.0,2.47,1.23,0.08,1.7,4.902111723448004,0.06250799397716733,6.508,6.5153333333333325,6.531533705404323,4.886037657479934,4.883861021747262,4.897098837621774,6.569,6.537272727272727,6.551945833698297,4.954143112060298,4.918984166051232,4.92110484199956,6.6095,6.576809523809524,6.588127922752442,4.939550527907054,4.936503668071982,4.953078668153979,6.567333333333333,6.584258064516129,6.6319888134144405,4.954656893717786,4.946520317901544,4.981469893768725,6.885666666666666,6.702612021857924,6.715828064460621,5.111828116244553,5.043587757939606,5.011862752376575,7.705979938896893
2025-03-12,sz001258,6.59,6.65,6.66,6.57,106275,68867889.36,1.37,1.22,0.08,2.27,5.026431113639161,0.12431939019115656,6.536,6.562666666666667,6.57102247026955,4.9166237214614,4.930658840467004,4.9402095962942365,6.566,6.5520000000000005,6.569773863934969,4.963526672182362,4.932127439065571,4.94025507320676,6.6045,6.580666666666666,6.594020501537923,4.939732319406004,4.944778009570277,4.960064615343044,6.572,6.589591397849463,6.633150825452218,4.956283068089764,4.95115091273518,4.984370617631335,6.8785,6.694885245901639,6.71366976726519,5.112255473179371,5.040787856214837,5.012340403565512,7.8380167730775
2025-03-13,sz001258,6.66,6.67,6.7,6.59,113277,73710813.71,1.65,0.3,0.02,2.42,5.054141738750547,0.027710625111386555,6.57,6.607333333333332,6.6040149801797,4.941557044232857,4.976498179563388,4.9781869771130065,6.562,6.570909090909091,6.5879967977649745,4.963044749017309,4.948602905714331,4.9609617396692665,6.6034999999999995,6.586904761904763,6.601256644248597,4.947882612832222,4.955674144745948,4.969024341381854,6.578333333333333,6.595913978494623,6.635528191552075,4.963041158952065,4.957464375358456,4.988871980284188,6.871666666666667,6.688049180327869,6.71223797161715,5.112084097280911,5.038882487872909,5.013710939145349,7.867531205499191
2025-03-14,sz001258,6.67,6.68,6.69,6.59,108507,70602869.08,1.5,0.15,0.01,2.32,5.035457756279581,-0.018683982470966143,6.612,6.644,6.6293433201198,4.971549212317626,5.007798416912295,4.997277236835199,6.569,6.592363636363636,6.604724652716797,4.94430873650813,4.961768907034744,4.9745064699620505,6.606,6.594190476190476,6.608756011463017,4.957488254645576,4.964014634598077,4.975351333276875,6.588666666666667,6.602473118279568,6.638397340484199,4.960416956893021,4.962136413895716,4.991877514219374,6.862333333333334,6.681765027322405,6.711180988941178,5.111023734355215,5.036370148823685,5.014423949543192,7.848822349781187
2025-03-17,sz001258,6.67,6.68,6.71,6.64,136090,89024128.29,1.05,0.0,0.0,2.9,5.133826214076394,0.09836845779681269,6.65,6.666666666666667,6.6462288800798675,5.030393709238738,5.061890750831884,5.042793562582264,6.581,6.6125454545454545,6.618411079495561,4.950887250637168,4.996226630228975,5.003473696164658,6.603999999999999,6.601238095238095,6.6155411532284445,4.968243458398566,4.980808725972441,4.990444179067306,6.598666666666667,6.60836559139785,6.641081383033606,4.966429322670677,4.973324107907547,5.001035494855311,6.853833333333333,6.675786885245902,6.71015866143491,5.114360186047739,5.037117771109626,5.018338777888543,7.949507729825131
2025-03-18,sz001258,6.69,6.67,6.71,6.62,70473,45861930.0,1.35,-0.15,-0.01,1.5,4.8480227595874315,-0.2858034544889625,6.67,6.673333333333333,6.654152586719912,5.019575916466623,5.001100434281449,4.977869961583987,6.589,6.628727272727272,6.627790883223641,4.952806786973278,4.97752399549266,4.975209889514253,6.606999999999999,6.60752380952381,6.62072771006383,4.963872256228564,4.9693591356094755,4.976880234354938,6.608999999999999,6.612967741935483,6.6429471002572456,4.965008969218516,4.965684974805402,4.99116370548319,6.8475,6.669759562841531,6.708841984010814,5.114221227402273,5.028385396471582,5.012754646140965,7.661452327121202
2025-03-19,sz001258,6.66,7.04,7.05,6.62,423618,286452633.57,6.45,5.55,0.37,9.04,5.626974405483108,0.7789516458956767,6.747999999999999,6.796666666666667,6.782768391146608,5.139684574835412,5.203566597286945,5.194238109550361,6.642,6.710727272727271,6.702737995364797,5.028154148148406,5.100099926130809,5.093712528781317,6.6275,6.648761904761905,6.660658404343465,4.998990990577188,5.032511721252766,5.038793964938573,6.631333333333333,6.6407741935483875,6.668563416369682,4.991913451250779,5.008392422306343,5.032183750644475,6.8468333333333335,6.676071038251367,6.719699623879311,5.1292715312140125,5.045196976080792,5.032892998906281,8.457052819392967
2025-03-20,sz001258,7.04,6.92,7.05,6.9,246275,167727342.0,2.13,-1.7,-0.12,5.25,5.3914203277420345,-0.23555407774107362,6.798,6.854,6.828512260764406,5.20714029263371,5.287478514922484,5.259965515614253,6.684,6.761272727272727,6.742240178025742,5.0743486684332835,5.16614832242056,5.147841219501447,6.641500000000001,6.676619047619047,6.685357603929801,5.02105374752307,5.069885943839894,5.072377428062712,6.647,6.6593978494623665,6.684785131442606,5.0078400240205845,5.034167059499328,5.0553603040056085,6.847333333333333,6.678469945355191,6.726266849325891,5.1392007941123525,5.053792018589906,5.044647993294338,8.224603864703969
2025-03-21,sz001258,6.9,7.16,7.29,6.89,356764,248958297.97,5.78,3.47,0.24,7.61,5.552381024543371,0.16096069680133684,6.894,6.974666666666666,6.9390081738429386,5.310524946286468,5.402558758892371,5.357437351923959,6.753,6.847818181818182,6.818196509293789,5.141037079302047,5.253063296258758,5.221393911327251,6.67,6.726,6.730561641650772,5.052590035371578,5.120488541651352,5.1180920562989645,6.668,6.6924946236559135,6.715444155220503,5.0225774029796115,5.06929873695241,5.087426156943529,6.849833333333334,6.688721311475411,6.740487608364386,5.148955034836802,5.067338911390924,5.061294977925454,8.396126606219124
2025-03-24,sz001258,7.2,7.44,7.52,7.1,492821,353614399.41,5.87,3.91,0.28,10.51,5.6926892056291845,0.1403081810858131,7.046000000000001,7.156666666666667,7.1060054492286255,5.422297544597026,5.5299468453399445,5.469187969825701,6.848000000000001,6.972727272727273,6.93125168942219,5.226345626917881,5.3533636828636935,5.307083964836693,6.7095,6.799333333333333,6.7981271995887935,5.088772813674286,5.1814503673901715,5.172815594330414,6.694,6.742301075268816,6.762189693593374,5.042101975476717,5.11253175647819,5.126475385890991,6.8595,6.708071038251366,6.763422440877029,5.164120296329214,5.085166261252969,5.081996428014101,8.548529941456927
2025-03-25,sz001258,7.44,7.34,7.64,7.2,381164,277122786.34,5.91,-1.34,-0.1,8.13,5.581111875860176,-0.11157732976900814,7.18,7.254666666666667,7.184003632819084,5.5689153678515755,5.582884955760994,5.50649593850386,6.925,7.062181818181817,7.005569564072701,5.294245642159099,5.417866637216837,5.356907221386417,6.747,6.859380952380953,6.849734132961289,5.124194377109698,5.228339801884065,5.211700954476106,6.714666666666667,6.783978494623656,6.799467777877673,5.057782232657737,5.147306588760993,5.1558067723406165,6.8655,6.723825136612022,6.782326623143356,5.176419215988883,5.098838116319556,5.098360868927086,8.442672236987091
2025-03-26,sz001258,7.23,7.09,7.25,7.05,269569,188232073.46,2.72,-3.41,-0.25,5.75,5.43066994757015,-0.150441928290026,7.19,7.224666666666667,7.152669088546056,5.529654476268983,5.536803149000519,5.481220608192624,6.968999999999999,7.092181818181819,7.020920552423118,5.334669525552198,5.4426710563824825,5.370318626147096,6.7675,6.892047619047618,6.872616596488785,5.149098098867279,5.257527951451727,5.232555144294587,6.726,6.808193548387097,6.818211792208146,5.071378054788069,5.1713638606908265,5.173539880419941,6.856,6.731185792349728,6.792414274843574,5.175341353247913,5.107174205879598,5.109256248554728,8.274693626210766
2025-03-27,sz001258,7.03,6.85,7.1,6.85,238267,161435660.48,3.53,-3.39,-0.24,5.08,5.37706389668834,-0.05360605088181014,7.175999999999999,7.1113333333333335,7.051779392364038,5.526783190058245,5.485939622473638,5.446501704357862,6.986999999999999,7.070545454545456,6.989844088346187,5.3669617413459765,5.450379123861781,5.371545038972776,6.774499999999999,6.899904761904762,6.870462634918425,5.1650032451816426,5.279238979815638,5.246317882617801,6.731333333333334,6.816193548387097,6.8202626443237495,5.087575655670141,5.1910855279102,5.186670462114677,6.83,6.73098907103825,6.794302331406079,5.172214768792523,5.113788059762891,5.11803682718206,8.207999474865828
2025-03-28,sz001258,6.83,6.74,6.93,6.72,146851,98004190.0,3.07,-1.61,-0.11,3.13,5.166876908250737,-0.21018698843760308,7.0920000000000005,6.965999999999999,6.947852928242693,5.449682366799718,5.365970861871135,5.353293438988821,6.992999999999999,7.025636363636363,6.944417890465062,5.380103656543093,5.41400006329901,5.334332651568769,6.781000000000001,6.8966190476190485,6.858037622069051,5.162206196525611,5.279417423917457,5.238752075535223,6.735,6.816752688172043,6.815084409206088,5.098360055278082,5.196201737754109,5.185393458639584,6.803,6.728038251366119,6.792521927097683,5.157654227595504,5.11361304794185,5.119638141315459,7.991244643600451
2025-03-31,sz001258,6.73,7.4,7.4,6.71,245230,173906630.7,10.24,9.79,0.66,5.23,5.3895735981363,0.2226966898855629,7.0840000000000005,7.068666666666667,7.0985686188284625,5.389059245301141,5.3459346056499975,5.365386825371314,7.0649999999999995,7.099636363636364,7.027251001289597,5.405678394949083,5.415721870861411,5.344376460035592,6.823,6.955571428571429,6.909653086633903,5.1782828227931255,5.301071462166093,5.253116030068659,6.757666666666667,6.859655913978495,6.852820898934728,5.114055103915406,5.21498970826109,5.198566370865179,6.798166666666666,6.747612021857923,6.812439240963332,5.148914427676102,5.121216961730071,5.128488484162044,8.240316141068396
