date,stock_code,open,close,high,low,volume,amount,amplitude,pct_change,change,turnover,volume_log,volume_log_diff,p_SMA:5,p_WMA:5,p_EMA:5,v_log_SMA:5,v_log_WMA:5,v_log_EMA:5,p_SMA:10,p_WMA:10,p_EMA:10,v_log_SMA:10,v_log_WMA:10,v_log_EMA:10,p_SMA:20,p_WMA:20,p_EMA:20,v_log_SMA:20,v_log_WMA:20,v_log_EMA:20,p_SMA:30,p_WMA:30,p_EMA:30,v_log_SMA:30,v_log_WMA:30,v_log_EMA:30,p_SMA:60,p_WMA:60,p_EMA:60,v_log_SMA:60,v_log_WMA:60,v_log_EMA:60,amount_log
2022-09-30,sz001269,18.78,22.54,22.54,18.78,14464,32458387.08,24.03,44.03,6.89,4.21,4.160288413131288,0.0,22.54,22.54,22.54,4.160288413131288,4.160288413131288,4.160288413131288,22.54,22.54,22.54,4.160288413131288,4.160288413131288,4.160288413131288,22.54,22.54,22.54,4.160288413131288,4.160288413131288,4.160288413131288,22.54,22.54,22.54,4.160288413131288,4.160288413131288,4.160288413131288,22.54,22.54,22.54,4.160288413131288,4.160288413131288,4.160288413131288,7.511326935094044
2022-10-10,sz001269,24.79,24.79,24.79,24.79,3559,8823479.91,0.0,9.98,2.25,1.04,3.551327988003846,-0.6089604251274419,23.665,24.040000000000003,23.29,3.8558082005675667,3.75431479637966,3.9573016047554743,23.665,24.040000000000003,22.94909090909091,3.8558082005675667,3.75431479637966,4.049568335835389,23.665,24.040000000000003,22.754285714285714,3.8558082005675667,3.75431479637966,4.102292182166769,23.665,24.040000000000003,22.68516129032258,3.8558082005675667,3.75431479637966,4.121000643768228,23.665,24.040000000000003,22.613770491803276,3.8558082005675667,3.75431479637966,4.140322497553338,6.9456399011916705
2022-10-11,sz001269,27.27,27.27,27.27,27.27,1552,4233176.64,0.0,10.0,2.48,0.45,3.1908917169221698,-0.3604362710816762,24.866666666666664,25.655,24.616666666666667,3.634169372685768,3.4726032566509146,3.701831642144373,24.866666666666664,25.655,23.73471074380165,3.634169372685768,3.4726032566509146,3.8934453142148033,24.866666666666664,25.655,23.184353741496597,3.634169372685768,3.4726032566509146,4.01549213785776,24.866666666666664,25.655,22.98095733610822,3.634169372685768,3.4726032566509146,4.060993616229773,24.866666666666664,25.655,22.7664337543671,3.634169372685768,3.4726032566509146,4.109193619499857,6.6266663908876
2022-10-12,sz001269,30.0,30.0,30.0,30.0,2255,6764010.0,0.0,10.01,2.73,0.66,3.3531465462139796,0.1622548292918098,26.15,27.393,26.411111111111115,3.563913666067821,3.4248205724761407,3.585603276834242,26.15,27.393,24.873854244928623,3.563913666067821,3.4248205724761407,3.7952091745782894,26.15,27.393,23.83346290897311,3.563913666067821,3.4248205724761407,3.9524116053202567,26.15,27.393,23.433798798294788,3.563913666067821,3.4248205724761407,4.015326063325528,26.15,27.393,23.00359986078129,3.563913666067821,3.4248205724761407,4.084405190867534,6.830204240992766
2022-10-13,sz001269,33.0,33.0,33.0,33.0,2462,8123247.0,0.0,10.0,3.0,0.72,3.3912880485952974,0.03814150238131786,27.52,29.262,28.60740740740741,3.529388542573316,3.4136430645158593,3.5208315340879275,27.52,29.262,26.351335291305237,3.529388542573316,3.4136430645158593,3.7217689698541085,27.52,29.262,24.706466441451862,3.529388542573316,3.4136430645158593,3.8989712665845464,27.52,29.262,24.050973069372546,3.529388542573316,3.4136430645158593,3.9750655462461584,27.52,29.262,23.33135068501797,3.529388542573316,3.4136430645158593,4.061680038661886,6.90972965883648
2022-10-14,sz001269,36.3,36.3,36.3,36.3,7148,25946586.6,0.0,10.0,3.3,2.08,3.8541845438336066,0.4628964952383092,30.272000000000002,32.18866666666666,31.171604938271606,3.46816776871378,3.52190839826929,3.6319492040031545,28.98333333333333,31.272857142857145,28.16018342015883,3.5835212094500313,3.539512058606644,3.7458445287594717,28.98333333333333,31.272857142857145,25.81061249464692,3.5835212094500313,3.539512058606644,3.8947058644177903,28.98333333333333,31.272857142857145,24.84123287134851,3.5835212094500313,3.539512058606644,3.967266771896962,28.98333333333333,31.272857142857145,23.756552301902627,3.5835212094500313,3.539512058606644,4.0548769076839095,7.414080232385244
2022-10-17,sz001269,39.93,39.93,39.93,39.93,11941,47681291.46,0.0,10.0,3.63,3.48,4.077040698342461,0.22285615450885476,33.3,35.408,34.09106995884774,3.5733103107815025,3.72486604147885,3.7803130354495904,30.547142857142855,33.43714285714286,30.30015007103904,3.654023993577521,3.6738942185405987,3.806062014138197,30.547142857142855,33.43714285714286,27.15531606658531,3.654023993577521,3.6738942185405987,3.9120710866963306,30.547142857142855,33.43714285714286,25.814701718358286,3.654023993577521,3.6738942185405987,3.9743489606998974,30.547142857142855,33.43714285714286,24.286829275610735,3.654023993577521,3.6738942185405987,4.055603589344845,7.678348009868837
2022-10-18,sz001269,43.92,43.92,43.92,43.92,3750,16469692.56,0.0,9.99,3.99,1.09,3.574031267727719,-0.5030094306147426,36.629999999999995,38.948,37.36737997256516,3.649938220942613,3.7251063604609223,3.711552446208967,32.21875,35.766666666666666,32.776486421759216,3.644024902846296,3.6517024516932914,3.763874605699928,32.21875,35.766666666666666,28.751952631672424,3.644024902846296,3.6517024516932914,3.8798768182231296,32.21875,35.766666666666666,26.982785478464205,3.644024902846296,3.6517024516932914,3.9485220127662086,32.21875,35.766666666666666,24.93053979116448,3.644024902846296,3.6517024516932914,4.039814332898382,7.21668549226376
2022-10-19,sz001269,48.31,48.31,48.31,48.31,16268,78591915.75,0.0,10.0,4.39,4.74,4.21133416373255,0.6373028960048313,40.291999999999994,42.84133333333333,41.01491998171011,3.8215757444463265,3.9122383413909017,3.8781463520501616,34.00666666666667,38.27533333333333,35.600761617802995,3.7070592651669907,3.7636287941011437,3.8452308889785862,34.00666666666667,38.27533333333333,30.614623809608386,3.7070592651669907,3.7636287941011437,3.9114441844621224,34.00666666666667,38.27533333333333,28.35873480243426,3.7070592651669907,3.7636287941011437,3.9654776354091985,34.00666666666667,38.27533333333333,25.697079470142693,3.7070592651669907,3.7636287941011437,4.045437933909339,7.89537787522855
2022-10-20,sz001269,53.14,53.14,53.14,53.14,8800,46764953.62,0.0,10.0,4.83,2.56,3.9444826721501687,-0.2668514915823814,44.32,47.123999999999995,45.05661332114008,3.9322146691573012,3.953207317292182,3.900258458750164,35.92,40.978,38.789714050929724,3.7308016058653086,3.7965113173827842,3.863276667737056,35.92,40.978,32.75989773250283,3.7308016058653086,3.7965113173827842,3.9145907070990793,35.92,40.978,29.95752610550302,3.7308016058653086,3.7965113173827842,3.9641231216505517,35.92,40.978,26.596847356367523,3.7308016058653086,3.7965113173827842,4.042127925327071,7.669920507962143
2022-10-21,sz001269,58.45,58.45,58.45,55.88,201702,1171939024.89,4.84,9.99,5.31,58.71,5.304710204532337,1.3602275323821682,48.75,51.833999999999996,49.52107554742672,4.222319801297047,4.410705829083861,4.368409040677555,39.510999999999996,45.074363636363636,42.36431149621523,3.845243785005413,4.082676517140427,4.125355492608925,37.96818181818182,43.88999999999999,35.20657413893113,3.873884205744129,4.047877798574376,4.0469830401879605,37.96818181818182,43.88999999999999,31.795750227728632,3.873884205744129,4.047877798574376,4.050612610868732,37.96818181818182,43.88999999999999,27.64121301681449,3.873884205744129,4.047877798574376,4.0835240656288825,9.068905016253154
2022-10-24,sz001269,58.45,59.3,59.52,55.89,199070,1153704851.62,6.21,1.45,0.85,57.94,5.299005816450637,-0.005704388081699818,52.624,55.35066666666667,52.78071703161782,4.466712824918682,4.769601167468391,4.6786079659352495,42.962,48.672363636363634,45.443527587812454,4.0200115678500925,4.346996886494103,4.338746460580145,39.74583333333333,46.26076923076923,37.5011861256996,3.992644339969672,4.2403590320938,4.166223304593929,39.74583333333333,46.26076923076923,33.57021795497195,3.992644339969672,4.2403590320938,4.131154108003049,39.74583333333333,46.26076923076923,28.679206032656637,3.992644339969672,4.2403590320938,4.123375926311563,9.062094718951885
2022-10-25,sz001269,57.19,57.28,57.97,54.03,141504,801601421.49,6.64,-3.41,-2.02,41.19,5.1507687165626015,-0.14823709988803557,55.29600000000001,56.90266666666667,54.28047802107855,4.782060314685658,4.9976197980163635,4.8359948828110335,45.963,51.27563636363636,47.59561348093746,4.215999267814135,4.552589095350923,4.486386870758773,41.09461538461539,47.83494505494505,39.384882685156775,4.08173083047682,4.370417558446486,4.259989534305231,41.09461538461539,47.83494505494505,35.099881312715695,4.08173083047682,4.370417558446486,4.196935695652052,41.09461538461539,47.83494505494505,29.616936982405598,4.08173083047682,4.370417558446486,4.15706093582799,8.903958478663784
2022-10-26,sz001269,57.7,61.1,63.01,57.28,175996,1067191461.54,10.0,6.67,3.82,51.23,5.245502797372851,0.09473408081024992,57.854,58.837333333333326,56.553652014052375,4.988894041413719,5.15210062557876,4.972497520998306,49.07299999999999,54.02781818181818,50.05095648440337,4.405234892930023,4.73977155527069,4.6244079483249685,42.52357142857143,49.60361904761904,41.45298909609422,4.164857399540822,4.487095590303335,4.353847940311671,42.52357142857143,49.60361904761904,36.77730832479856,4.164857399540822,4.487095590303335,4.264585186085652,42.52357142857143,49.60361904761904,30.649168556752954,4.164857399540822,4.487095590303335,4.192747554239297,9.028242341852744
2022-10-27,sz001269,63.69,62.21,67.16,61.51,149753,965062031.88,9.25,1.82,1.11,43.59,5.175375531364489,-0.07012726600836228,59.66799999999999,60.289333333333325,58.43910134270158,5.235072613256583,5.214261122229018,5.040123524453701,51.99400000000001,56.41636363636364,52.2616916690573,4.583643641206942,4.879797125895138,4.724583872513972,43.836,51.179416666666654,43.42984727741859,4.232225274995733,4.5731305829359785,4.432088663269083,43.836,51.179416666666654,38.418127142553494,4.232225274995733,4.5731305829359785,4.323345853522997,43.836,51.179416666666654,31.683949915547938,4.232225274995733,4.5731305829359785,4.224964864964713,8.984555229651923
2022-10-28,sz001269,64.85,66.5,66.5,62.97,111917,725995710.06,5.67,6.9,4.29,32.58,5.048896060124695,-0.12647947123979453,61.278,62.56666666666667,61.12606756180106,5.1839097843750555,5.152202271185055,5.0430477030107,55.013999999999996,59.05381818181818,54.85047500195597,4.703114792836051,4.964388474789273,4.78354972480683,45.2525,52.98183823529412,45.627004679569204,4.283267199066294,4.629102992017005,4.490832224874379,45.2525,52.98183823529412,40.22986087529198,4.283267199066294,4.629102992017005,4.370155544271494,45.2525,52.98183823529412,32.82545975438243,4.283267199066294,4.629102992017005,4.251979002510942,8.86093405444283
2022-10-31,sz001269,66.0,73.15,73.15,64.68,123212,846213899.84,12.74,10.0,6.65,35.86,5.0906530071789815,0.0417569470542869,64.048,66.524,65.13404504120071,5.142239222520724,5.121116678786365,5.05891613773346,58.336,62.35127272727272,58.1776613652367,4.804476023719703,5.034849968306171,4.83938668523813,46.89352941176471,55.222745098039226,48.248242329134044,4.330760481896452,4.680386327035003,4.547958013665293,46.89352941176471,55.222745098039226,42.353740818821535,4.330760481896452,4.680386327035003,4.416639251555848,46.89352941176471,55.222745098039226,34.14757582800924,4.330760481896452,4.680386327035003,4.279476510860714,8.927480154739346
2022-11-01,sz001269,75.0,80.47,80.47,74.17,40201,314229188.75,8.61,10.01,7.32,11.7,4.604236856295423,-0.4864161508835583,68.686,71.998,70.24603002746714,5.0329328504672874,4.941782556711264,4.907356377254114,61.99100000000001,66.37563636363636,62.230813844284576,4.9074965825764725,4.998442846956302,4.7966321708849105,48.75888888888889,57.88035087719299,51.3169811549308,4.345953613807506,4.672370593272942,4.553317903439591,48.75888888888889,57.88035087719299,44.81285431438144,4.345953613807506,4.672370593272942,4.428742322829369,48.75888888888889,57.88035087719299,35.66634383364828,4.345953613807506,4.672370593272942,4.2901243910389,8.497246524193068
2022-11-02,sz001269,85.11,88.52,88.52,82.47,87921,760988786.72,7.52,10.0,8.05,25.59,4.944092619042506,0.3398557627470824,74.17,78.60933333333332,76.33735335164477,4.972650814801218,4.912169146236336,4.919601791183578,66.012,71.19909090909091,67.01066587259646,4.9807724281074695,5.0050966717683085,4.823443161459019,50.85157894736842,60.944315789473684,54.860125806842156,4.377434614083032,4.699542795849898,4.590534543020821,50.85157894736842,60.944315789473684,47.63267016506651,4.377434614083032,4.699542795849898,4.4619907290366685,50.85157894736842,60.944315789473684,37.39925059320079,4.377434614083032,4.699542795849898,4.31156597228492,8.881378257425624
2022-11-03,sz001269,87.62,86.86,96.86,83.19,111376,1002580712.33,15.44,-1.88,-1.66,32.42,5.046791616416713,0.1026989973742074,79.1,82.83933333333333,79.84490223442984,4.946934031811663,4.936882746774834,4.9619983995946235,69.384,74.98963636363635,70.61963571394256,5.091003322534123,5.017100160551807,4.864051971451326,52.652,63.41247619047619,57.90773287285719,4.410902464199716,4.732614112094357,4.633987597629953,52.652,63.41247619047619,50.163465638288024,4.410902464199716,4.732614112094357,4.499719818545058,52.652,63.41247619047619,39.02091450817781,4.410902464199716,4.732614112094357,4.3356717311089135,9.001119345390517
2022-11-04,sz001269,90.9,93.27,94.5,86.0,104265,941854476.35,9.79,7.38,6.41,30.35,5.018138547565319,-0.02865306885139418,84.45400000000001,87.56266666666666,84.31993482295323,4.9407825292997885,4.960617585359387,4.980711782251523,72.866,79.33254545454545,74.737883765953,5.062346156837422,5.003852019648388,4.8920677125629615,56.1885,67.28085714285714,61.275567837346976,4.453794970921417,4.790446120033938,4.670573402385703,54.586190476190474,66.12679653679655,52.9445323713017,4.4398184681695065,4.758570878955354,4.533166188159269,54.586190476190474,66.12679653679655,40.79957304889329,4.4398184681695065,4.758570878955354,4.358047692304205,8.973983806189503
2022-11-07,sz001269,94.0,90.58,94.5,86.51,86095,773329575.25,8.57,-2.88,-2.69,25.06,4.93497793036814,-0.08316061719717904,87.94,89.60466666666665,86.40662321530216,4.90964751393762,4.958682719048837,4.965467164957062,75.994,82.55327272727273,77.61826853577972,5.025943368229171,4.980694160290336,4.899869570345721,59.477999999999994,70.55623809523809,64.06646613855202,4.522977468039633,4.836273068552674,4.695754786003078,56.222272727272724,68.25316205533596,55.37262705702417,4.462325716451263,4.773910622556465,4.559089526366293,56.222272727272724,68.25316205533596,42.43171819483122,4.462325716451263,4.773910622556465,4.3769634378144975,8.888364619672764
2022-11-08,sz001269,88.0,88.66,90.49,83.88,85164,737269705.55,7.3,-2.12,-1.92,24.79,4.930256051276512,-0.004721879091627912,89.578,89.84466666666665,87.15774881020144,4.974851352933838,4.965552231495134,4.953730127063546,79.132,84.85618181818182,79.62585607472886,5.003892101700563,4.963296466298944,4.90539438506041,62.5475,73.3354761904762,66.40870745868992,4.609945684757349,4.875061505051423,4.718088239838643,57.63260869565217,69.95373188405797,57.52019950495809,4.482670513617578,4.786939408283136,4.583035753779856,57.63260869565217,69.95373188405797,43.94739956549249,4.482670513617578,4.786939408283136,4.395104179239482,8.86762638908719
2022-11-09,sz001269,89.01,95.54,97.3,87.34,99803,931023502.61,11.23,7.76,6.88,29.05,4.999143596035505,0.06888754475899272,90.982,91.83200000000001,89.9518325401343,4.985861548332438,4.9736496458623565,4.968867950054198,82.576,87.83945454545454,82.51933678841452,4.979256181566828,4.962433101632569,4.922439696146791,65.8245,76.47761904761904,69.18311627214803,4.692245537248425,4.9121279727922005,4.744855416619296,59.21208333333333,72.00063333333334,59.97308985947693,4.504190225384991,4.803915743303325,4.609881421022156,59.21208333333333,72.00063333333334,45.63896023547634,4.504190225384991,4.803915743303325,4.414908750281974,8.968960644380912
2022-11-10,sz001269,93.76,88.0,95.64,86.58,81227,740272378.28,9.48,-7.89,-7.54,23.64,4.90970041350142,-0.0894431825340849,91.21,90.83800000000001,89.30122169342287,4.958443307749379,4.948262600918683,4.949145437869939,85.155,88.82563636363636,83.51582100870279,4.952688669780521,4.949786598347949,4.920123462938541,68.5745,78.58957142857143,70.97520043670536,4.7681661554937325,4.932837961006771,4.760554940131879,60.3636,73.23135384615385,61.78127761047842,4.520410632909648,4.8120530256262555,4.62922458182727,60.3636,73.23135384615385,47.02784678513285,4.520410632909648,4.8120530256262555,4.431131427764578,8.869391544891622
2022-11-11,sz001269,89.9,84.0,91.3,81.65,87178,749817455.0,10.97,-4.55,-4.0,25.37,4.940406901399638,0.03070648789821817,89.356,88.43466666666667,87.53414779561525,4.942896978516243,4.94225046546877,4.94623259237984,86.905,88.61563636363637,83.603853552575,4.941839753908015,4.947553549551426,4.923811360840558,70.95949999999999,80.05866666666667,72.21565753797152,4.822477273372034,4.949241841569238,4.7776836983478566,61.2726923076923,74.02903133903135,63.21474357109272,4.536564335543879,4.821560720127987,4.649300860509358,61.2726923076923,74.02903133903135,48.24004852988259,4.536564335543879,4.821560720127987,4.447828984277202,8.874955546144143
2022-11-14,sz001269,81.23,84.97,85.6,81.23,46366,387825063.51,5.2,1.15,0.97,13.5,4.6661996308783635,-0.27420727052127436,88.23400000000001,86.97266666666668,86.6794318637435,4.889141318618288,4.8500180162561435,4.852888271879348,88.087,88.26381818181818,83.85224381574318,4.899394416277954,4.897437163546034,4.876972864483795,73.2115,81.39300000000001,73.43035682006948,4.851935219998828,4.9343582565698405,4.767066168112667,62.15037037037037,74.81052910052911,64.61830850198996,4.541365642778489,4.810463499467301,4.650391103758972,62.15037037037037,74.81052910052911,49.44430923382087,4.541365642778489,4.810463499467301,4.454988677608388,8.58863587228358
2022-11-15,sz001269,84.97,83.98,87.35,82.71,62992,534798506.06,5.46,-1.17,-0.99,18.33,4.7992853974461545,0.13308576656779092,87.298,85.55466666666666,85.77962124249567,4.862947187852216,4.820066042532099,4.8350206470682835,88.438,87.5170909090909,83.87547221288078,4.918899270393027,4.879235523758434,4.862847870476951,75.2145,82.41857142857141,74.43508474196761,4.9131979264847505,4.929343987755301,4.770134666144427,62.93,75.44290640394088,65.86744988895835,4.550577062588049,4.8096925958796355,4.659997187222661,62.93,75.44290640394088,50.576626963859525,4.550577062588049,4.8096925958796355,4.466277094652249,8.728190185405944
2022-11-16,sz001269,84.0,83.1,86.63,79.96,66401,547042724.67,7.94,-1.05,-0.88,19.33,4.8221746198983135,0.022889222452159075,84.81,84.15533333333333,84.88641416166378,4.827553392624777,4.806475186547464,4.830738638011628,87.896,86.54654545454545,83.73447726508427,4.906707470478608,4.861649223668487,4.855452734008107,76.954,83.16957142857143,75.26031476654212,4.943739949293038,4.920675101413735,4.775090852216225,63.625517241379306,75.95337931034483,66.97922731547717,4.559942495598748,4.810524730814214,4.670460247395284,63.625517241379306,75.95337931034483,51.64296706340511,4.559942495598748,4.810524730814214,4.477945865971792,8.738021246559786
2022-11-17,sz001269,83.0,84.0,84.18,79.5,49682,409448827.63,5.63,1.08,0.9,14.46,4.696199070491402,-0.12597554940691147,84.01,83.88533333333334,84.59094277444252,4.784853124022774,4.762690412503006,4.785892115504886,87.60999999999999,85.83818181818182,83.78275412597804,4.871648215886077,4.823374969125358,4.826497522459615,78.497,83.84061904761904,76.09266574115716,4.9813257692101,4.897099779623104,4.767577349194813,64.30466666666666,76.47251612903226,68.07734168222059,4.564484381428502,4.803148881761128,4.672120816627292,64.30466666666666,76.47251612903226,52.7038533891951,4.564484381428502,4.803148881761128,4.485101708742927,8.61219963194109
2022-11-18,sz001269,83.84,82.2,88.16,82.0,87587,746495144.09,7.33,-2.14,-1.8,25.49,4.942439651291005,0.24624058079960331,83.65,83.282,83.79396184962835,4.785259674001049,4.81521925492575,4.838074627433593,86.503,84.85454545454546,83.49498064852749,4.864078326258645,4.836246139198982,4.847577909519868,79.68449999999999,84.1932857142857,76.67431662295171,4.9632122415480335,4.893396339821285,4.784230901775403,66.29333333333334,77.62705376344087,68.98848092852894,4.590556089367159,4.8275330927199995,4.689560741444305,64.88193548387096,76.83048387096774,53.67094016331985,4.576676486907938,4.811854554856746,4.5000963953838475,8.87302698700843
2022-11-21,sz001269,80.01,90.42,90.42,80.01,98067,842386950.57,12.66,10.0,8.22,28.54,4.991522889857246,0.04908323856624097,84.74,85.53866666666666,86.00264123308557,4.850324325796825,4.883973660211149,4.889224048241478,86.48700000000001,85.56672727272728,84.75407507606793,4.869732822207556,4.859417878035091,4.873749724126664,81.2405,85.21571428571428,77.98342932552774,4.947838095218364,4.896092592041209,4.803972995878436,68.48100000000001,79.18361290322581,70.37115957830127,4.638562586095607,4.85340191855807,4.709042170374173,65.68,77.65409090909091,54.87582737107985,4.589640437000105,4.822743544856777,4.516208739464942,8.925511630566632
2022-11-22,sz001269,88.0,87.73,89.08,84.0,77537,675486896.33,5.62,-2.98,-2.69,22.57,4.889508993619212,-0.10201389623803436,85.49000000000001,86.53533333333334,86.57842748872372,4.868369045031436,4.897035216151945,4.8893190300340565,86.39399999999999,85.79272727272728,85.29515233496467,4.865658116441826,4.863013545564483,4.876615045852581,82.763,85.8337619047619,78.91167415166795,4.934775109071195,4.890537439507957,4.812119281377557,70.49633333333333,80.42548387096774,71.49108476679797,4.695183161985508,4.869592009366045,4.720685191228691,66.34818181818181,78.24679144385026,55.953013358913296,4.598727362958258,4.826670924195743,4.528448092060164,8.829616928625597
2022-11-23,sz001269,87.72,96.5,96.5,86.06,64743,593044562.34,11.9,10.0,8.77,18.84,4.811192819460428,-0.07831617415878434,88.17,90.20533333333333,89.88561832581581,4.866172684943859,4.877976474294942,4.863276959842847,86.49,87.63018181818181,87.33239736497109,4.846863038784319,4.853110764295137,4.864720095599463,84.533,87.14204761904763,80.58675280389005,4.913059610175574,4.8787676976402645,4.812031046909259,72.713,82.10313978494624,73.10456316894003,4.743784704427057,4.877076503396684,4.726524393050093,67.235,79.2898319327731,57.28242275698171,4.604976346973029,4.82578646106801,4.53771841099132,8.77308732818927
2022-11-24,sz001269,98.49,99.9,105.18,96.5,90471,901642956.77,8.99,3.52,3.4,26.33,4.956509390715523,0.145316571255095,91.35,94.11533333333334,93.22374555054388,4.918234748988683,4.908088709552163,4.8943544368004055,87.68,90.06836363636364,89.61741602588543,4.851543936505729,4.873046464646266,4.881409058347837,86.4175,88.60557142857142,82.42610967971005,4.902116303143124,4.882905771977404,4.825790889176522,74.943,83.85713978494624,74.83330102900842,4.795958749164398,4.890800676705617,4.74136213483496,68.16828571428572,80.43484126984127,58.6797203715069,4.615020148222815,4.8330488460484275,4.551449262785556,8.955034594524026
2022-11-25,sz001269,97.9,97.8,100.17,95.08,49565,483703472.16,5.1,-2.1,-2.1,14.43,4.695175110514343,-0.2613342802011793,94.47,96.26533333333333,94.74916370036259,4.86878184083335,4.8337354967273845,4.827961328038385,89.06,91.90836363636363,91.10515856663353,4.827020757417199,4.844615769011468,4.8475483405599284,87.9825,89.68961904761905,83.89028971021386,4.884430255662608,4.8631970869651395,4.813351291208695,76.993,85.33178494623655,76.31502354326595,4.823991768053755,4.88429850647013,4.738382326814276,68.99138888888889,81.37349849849849,59.96235249047389,4.617246674953134,4.825596211695234,4.5561615856619095,8.68457920488797
2022-11-28,sz001269,96.5,97.4,101.0,95.0,44553,436407450.09,6.13,-0.41,-0.4,12.97,4.648876952807901,-0.046298157706442744,95.86600000000001,97.242,95.63277580024173,4.800252653423482,4.760433867385568,4.76826653629489,90.303,93.42472727272728,92.24967519088199,4.825288489610153,4.812225986355232,4.81142627005956,89.195,90.58652380952383,85.1769287854316,4.862341452944053,4.840763439074214,4.7976870685038575,78.90866666666668,86.64836559139785,77.67534460499073,4.843052976535936,4.873000776454269,4.7326077865558,69.75918918918919,82.21699857752489,61.189816343245234,4.618101547327588,4.816295198069585,4.559201433765057,8.639892155998245
2022-11-29,sz001269,98.88,92.52,98.88,91.37,50123,470712195.06,7.71,-5.01,-4.88,14.59,4.700037056824394,0.05116010401649351,96.824,96.12666666666668,94.59518386682782,4.762358266064518,4.727028668519205,4.745523376471391,91.157,93.82781818181819,92.29882515617618,4.815363655547977,4.789452998576003,4.791173685834984,89.79749999999999,90.90319047619049,85.8762689011048,4.8671314629705025,4.825305877539009,4.788387067391527,80.52866666666667,87.52651612903225,78.63306430789456,4.880586502839159,4.863773942924492,4.730506449153774,70.35815789473685,82.74535762483131,62.21703547953228,4.620257744945924,4.810333242108293,4.563818995176838,8.672755450013964
2022-11-30,sz001269,92.1,89.3,92.69,88.0,41557,373182522.52,5.07,-3.48,-3.22,12.1,4.618644188296301,-0.08139286852809313,95.38399999999999,93.61866666666667,92.83012257788522,4.7238485398316925,4.6791239759298,4.703230313746362,91.77700000000002,93.49018181818182,91.7535842186896,4.795010612387776,4.753685822712063,4.759804686282496,89.8365,90.85580952380953,86.20233852957101,4.850859041433192,4.8016404228081315,4.772221078906268,81.895,88.09240860215054,79.32125370738524,4.894163503657951,4.8468744387604366,4.723289529098453,70.84384615384614,83.07308974358975,63.10500152938367,4.620216371698499,4.800748789417694,4.56561654249223,8.571921295977836
2022-12-01,sz001269,90.5,89.28,93.19,89.0,55127,503398014.39,4.69,-0.02,-0.02,16.05,4.741364358905963,0.12272017060966167,93.26,91.58400000000002,91.64674838525681,4.68081953346978,4.6849625822878895,4.715941662132895,92.30499999999999,93.03618181818183,91.3038416334733,4.799527141229232,4.743931958442642,4.756451899486762,89.95750000000001,90.80280952380953,86.49544914580234,4.835587678557654,4.791212357805539,4.769282343668144,83.09966666666668,88.56886021505376,79.9637534681991,4.920726226549811,4.837016429421599,4.724455647150551,71.30475,83.37586585365852,63.96319820055142,4.623245071378685,4.7978519879293176,4.571378765981205,8.701911498178639
2022-12-02,sz001269,87.55,93.74,95.5,87.55,48314,448485186.42,8.9,5.0,4.46,14.06,4.684072994969725,-0.057291363936237794,92.44800000000001,91.74399999999999,92.34449892350455,4.678599110360857,4.6860470694545375,4.705318773078505,93.459,93.29709090909091,91.74677951829634,4.773690475597103,4.722940295486368,4.743292098665482,89.98100000000001,91.1630476190476,87.18540637001163,4.818884400927875,4.776782387940021,4.761167167601628,84.276,89.25533333333334,80.85254356702497,4.90003831956439,4.821748478997078,4.721850314751788,71.85195121951219,83.86939605110335,64.93948678413989,4.62472867927115,4.792433940645528,4.575073658734927,8.6517481027596
2022-12-05,sz001269,93.21,95.08,95.47,90.55,38554,358174083.73,5.25,1.43,1.34,11.22,4.5860694430305005,-0.09800355193922439,91.98400000000001,92.62133333333334,93.2563326156697,4.666037608405377,4.6552038470110855,4.665568996395837,93.925,93.59181818181818,92.3528196058788,4.733145130914429,4.688827380474258,4.714706161277304,90.20599999999999,91.64866666666667,87.93727243001052,4.801438976560992,4.754609534806939,4.74449119383295,85.46866666666668,89.95236559139786,81.77044398205562,4.876273773783719,4.801492422446503,4.713090258511705,72.405,84.39081949058692,65.92770033220087,4.62380822126542,4.7828355919192465,4.575434176252815,8.554094158564268
2022-12-06,sz001269,98.0,96.97,100.0,93.5,52273,507718110.33,6.84,1.99,1.89,15.22,4.718277425409748,0.13220798237924747,92.874,94.28333333333333,94.4942217437798,4.669685682122447,4.672617119345875,4.683138472733807,94.849,94.14545454545454,93.19230695026448,4.716021974093483,4.686124161291589,4.715355482028658,90.6215,92.29285714285714,88.79753219858094,4.790840045267655,4.7466893870782485,4.741994644459312,86.79166666666667,90.6943870967742,82.75106049934236,4.861857397411957,4.7912991096481825,4.713424914440611,72.97627906976744,84.96260042283298,66.94548064917788,4.626005179501335,4.779901129805179,4.5801175614710745,8.705622654986458
2022-12-07,sz001269,97.0,94.5,97.0,92.28,41438,391166047.42,4.87,-2.55,-2.47,12.06,4.617398786072972,-0.10087863933677621,93.91400000000002,94.82533333333335,94.49614782918654,4.6694366016777815,4.6551881539960505,4.661225243846863,94.649,94.08200000000001,93.43006932294367,4.6966425707547375,4.668192672560586,4.6975451736730784,90.5695,92.6622380952381,89.34062437014465,4.771752804769528,4.73017117191685,4.730128372232041,87.905,91.19169892473118,83.50905659615898,4.840920597035295,4.77552758633599,4.707229680352377,73.46545454545455,85.38648484848484,67.84890751313927,4.6258095796506895,4.77267880341708,4.581339896703923,8.592361151693117
2022-12-08,sz001269,93.2,91.3,95.2,91.01,30964,286905093.84,4.43,-3.39,-3.2,9.01,4.490857058784643,-0.1265417272883287,94.318,93.954,93.4307652194577,4.619335141653518,4.595661639698338,4.604435848826123,93.789,93.47309090909091,93.04278399149936,4.650077337561649,4.630777124929661,4.659965516420636,90.7345,92.73180952380953,89.52723157298801,4.750810637033688,4.703419196108766,4.707340628094194,88.87466666666667,91.41073118279571,84.01169810608421,4.818103314615967,4.752942841932723,4.693270156380265,73.86177777777779,85.64359420289854,68.617795791397,4.622810634742556,4.760425684085235,4.57837324628034,8.457738258970869
2022-12-09,sz001269,91.35,93.7,93.7,89.77,30348,278862276.29,4.3,2.63,2.4,8.83,4.482130075392029,-0.008726983392613796,94.30999999999999,93.748,93.52051014630514,4.578946557737979,4.549926617611176,4.563667257681425,93.37899999999999,93.4569090909091,93.16227781122674,4.628772834049418,4.600241259080639,4.62763179986998,91.21950000000001,93.01423809523808,89.9246380898463,4.727896795733308,4.677830571190514,4.685892004027321,89.78133333333334,91.72204301075269,84.63674984117556,4.799211115124878,4.731267149079565,4.679648215671348,74.29304347826087,85.9864199814986,69.44016314249873,4.6197523617131955,4.748583317757865,4.575217732480723,8.445389768094746
2022-12-12,sz001269,92.76,93.95,94.5,90.2,26614,247445017.82,4.59,0.27,0.25,7.75,4.425110152543681,-0.05701992284834834,94.084,93.628,93.6636734308701,4.546754699640614,4.498647815879743,4.517481555968844,93.034,93.56072727272728,93.30550002736733,4.606396154022995,4.5632116806250504,4.590809682174289,91.66850000000001,93.27428571428571,90.3080058908133,4.715842321816575,4.648993748029596,4.661055637219356,90.47466666666666,91.99098924731184,85.23760469013197,4.777026353303701,4.707131603106585,4.6632264051469825,74.71127659574468,86.31823581560282,70.2437643509414,4.615611038113845,4.735105269207274,4.570296172482786,8.393478713935963
2022-12-13,sz001269,93.9,94.9,98.01,93.05,34029,325368558.11,5.28,1.01,0.95,9.9,4.53184918680186,0.10673903425817954,93.67,93.9,94.07578228724674,4.509469051919037,4.493679311600158,4.522270766246517,93.272,93.9,93.59540911330055,4.589577367020742,4.549657686584844,4.5800895921065745,92.2145,93.58204761904761,90.7453386631168,4.70247051128436,4.631470592313908,4.648750260989118,90.95566666666667,92.2764946236559,85.86098503270411,4.774613430987248,4.691313721396788,4.6547504555763295,75.131875,86.6685119047619,71.052165519763,4.613865999544845,4.726809102578481,4.569035615575214,8.512375582715524
2022-12-14,sz001269,93.04,86.73,94.5,85.41,47327,419260100.9,9.58,-8.61,-8.17,13.78,4.675108975950375,0.14325978914851412,92.11600000000001,91.58666666666666,91.62718819149784,4.521011089894517,4.548892619610603,4.573216836147803,93.015,92.71054545454547,92.34715291088226,4.595223845786149,4.565208888208414,4.597365843714538,92.396,93.05971428571428,90.36292545710567,4.6951172290869625,4.628864731805911,4.6512606147949525,90.896,92.00387096774193,85.91705051446513,4.765647309550844,4.684894079136345,4.656063908503688,75.36857142857143,86.67097142857143,71.56619287977075,4.615115856206182,4.724741097513357,4.572513430669482,8.622483534515544
2022-12-15,sz001269,85.05,86.83,88.58,84.88,25469,221246911.4,4.27,0.12,0.1,7.41,4.406011893412467,-0.26909708253790754,91.22200000000001,89.82466666666666,90.02812546099857,4.504042056820082,4.510559554116586,4.517481855236024,92.77000000000001,91.58600000000001,91.34403419981274,4.5616885992368,4.530806715049563,4.5625742163868885,92.53750000000001,92.52961904761904,90.02645636595275,4.680607870233016,4.601330890313101,4.627903593710906,90.895,91.74154838709676,85.97595048127383,4.744287985450702,4.661691794224192,4.6399315204332865,75.59779999999999,86.67720784313725,72.06664557223729,4.610933776950308,4.712241913038812,4.56705436387417,8.344877216674725
2022-12-16,sz001269,85.12,85.43,87.03,83.3,22841,193932363.03,4.3,-1.61,-1.4,6.65,4.358715113802131,-0.047296779610335626,89.568,87.894,88.49541697399906,4.479359064502103,4.46211723977727,4.464559608091394,91.939,90.25145454545456,90.26875525439223,4.52915281112004,4.493902444970532,4.525508925007841,92.699,91.85271428571428,89.5886986168144,4.651421643358573,4.570674437319683,4.602266595624356,90.63366666666667,91.38896774193549,85.94072786957875,4.722307204325263,4.6368161250855735,4.621788526457084,75.79058823529412,86.6292383107089,72.50478834036066,4.6059883129670105,4.698644728452786,4.560223568789841,8.28765028928778
2022-12-19,sz001269,84.01,86.26,89.78,83.97,21473,187883246.9,6.8,0.97,0.83,6.25,4.331892724102216,-0.026822389699915128,88.03,86.79133333333334,87.75027798266605,4.46071557881381,4.412961792977308,4.420337313428335,91.05699999999999,89.21890909090911,89.53989066268456,4.503735139227212,4.4580369746036554,4.490305979388636,92.491,91.2394761904762,89.27167970092731,4.618440135070821,4.5402431116762205,4.576516703098438,90.48966666666666,91.10679569892474,85.96132607154142,4.702204364116399,4.611628094103443,4.603085571466448,75.99192307692307,86.61530478955007,72.95577888657834,4.600717243950379,4.684805030175406,4.552737311586967,8.27388805682614
2022-12-20,sz001269,85.61,91.02,91.8,85.61,33012,294891482.16,7.18,5.52,4.76,9.61,4.518671836437308,0.18677911233509192,87.254,87.788,88.84018532177737,4.4580801087409,4.432280545518474,4.453115487764659,90.462,89.21218181818182,89.80900145128736,4.4837745803299685,4.460752737732763,4.49546340794294,92.65549999999999,91.09938095238097,89.43818639607709,4.599898277211725,4.53074136894922,4.57100766817833,90.56833333333333,91.14101075268817,86.28769213144199,4.688484890288425,4.599787285866082,4.5976395240452135,76.27547169811321,86.77844164919637,73.54804843128069,4.59916921739353,4.678651948925847,4.551620410762388,8.46966222828481
2022-12-21,sz001269,90.11,86.0,90.49,84.8,23796,207293255.06,6.25,-5.52,-5.02,6.93,4.376503960252927,-0.14216787618438076,87.108,87.36999999999999,87.89345688118492,4.3983591056014095,4.405088496022484,4.427578311927416,89.612,88.4009090909091,89.11645573287147,4.459685097747963,4.441248988627846,4.473834417453847,92.1305,90.4655238095238,89.11074007264118,4.578163834251351,4.509465719715048,4.552483505518768,90.25033333333333,90.84627956989249,86.26913134876831,4.667730235762339,4.579659483928308,4.58337271347797,76.45555555555556,86.75013468013468,73.95630913845181,4.59504578670574,4.667664749337741,4.545878887794864,8.316585171182721
2022-12-22,sz001269,85.52,81.46,86.41,80.89,28320,234127259.55,6.42,-5.28,-4.54,8.24,4.452093249017731,0.07558928876480397,86.034,85.48733333333332,85.74897125412329,4.407575376722463,4.422999877161257,4.4357499576241874,88.628,86.91872727272728,87.72437287234938,4.455808716771273,4.439868652495077,4.4698814777381894,91.20849999999999,89.44928571428572,88.38209816096106,4.552943027166461,4.497458997311846,4.542922528709146,90.03233333333333,90.27916129032258,85.9588648101381,4.652476663612884,4.565747420267366,4.574903070609568,76.54654545454547,86.56120129870129,74.20233178965012,4.592446649656868,4.659965767183454,4.542803948818565,8.369451981756967
2022-12-23,sz001269,80.2,74.71,81.85,73.43,44865,343257011.01,10.34,-8.29,-6.75,13.06,4.651907672086999,0.19981442306926755,83.89,81.71266666666665,82.06931416941552,4.466213888379437,4.504443975616103,4.507802529111792,86.72900000000001,84.3881818181818,85.35812325919494,4.47278647644077,4.475523008007028,4.502977149437973,90.054,87.878,87.07999357420287,4.550779655245093,4.506884201589993,4.553302066173703,89.72266666666665,89.29062365591398,85.23313159658079,4.642860022635796,4.565710711136662,4.579871109414563,76.51375,86.14536967418547,74.21897664900585,4.593508453628834,4.659683027004632,4.546381120073267,8.535619416445893
2022-12-26,sz001269,74.71,82.18,82.18,74.65,26977,214242719.9,10.08,10.0,7.47,7.85,4.4309936519375475,-0.2209140201494515,83.07399999999998,81.14266666666667,82.10620944627702,4.486034073946502,4.49270389680214,4.4821995700537105,85.55199999999999,83.56109090909091,84.78028266661403,4.473374826380157,4.467924312642805,4.489889240801531,89.293,87.12809523809523,86.61332751951689,4.539885490201575,4.495476010798799,4.5416536457702605,89.62966666666667,88.804,85.03615536454332,4.635019823337768,4.552041913027098,4.570266112157983,76.61315789473684,86.00863278886874,74.47999380805484,4.590657316757057,4.651797186485077,4.542597924396686,8.330906073251127
2022-12-27,sz001269,85.67,90.4,90.4,85.58,42125,371045436.62,5.87,10.0,8.22,12.26,4.624539913879395,0.19354626194184732,82.95,83.58466666666666,84.87080629751802,4.50720768943492,4.538872510113103,4.529646351328939,85.102,84.44254545454545,85.80204945450238,4.482643899087909,4.495408874006303,4.514371181361143,89.187,87.23352380952382,86.97396299384862,4.536110633054326,4.503538336863354,4.549547576066368,89.84366666666666,88.85369892473119,85.38220985715343,4.629194973885543,4.551365789836235,4.573767647752913,76.85086206896553,86.15749269433081,75.0019612241842,4.591241499466063,4.650873211142512,4.545284547002677,8.569427094696156
2022-12-28,sz001269,93.41,99.44,99.44,90.0,64793,621700627.76,10.44,10.0,9.04,18.86,4.811528088809081,0.18698817492968622,85.638,89.08133333333333,89.72720419834535,4.59421251514615,4.640312643237824,4.623606930488986,86.373,87.04945454545455,88.28167682641103,4.49628581037378,4.555205999410152,4.56839970998804,89.69399999999999,88.21,88.16120461348208,4.545754828079965,4.529768570744758,4.5744981010894845,90.38833333333334,89.47281720430107,86.28916405991774,4.628840089515902,4.563129216605495,4.58910703104686,77.23372881355932,86.60024293785312,75.80320839716177,4.594975170471877,4.656228373731397,4.554013843455346,8.793581305895687
2022-12-29,sz001269,99.0,99.19,102.35,96.3,45247,445322632.41,6.08,-0.25,-0.25,13.17,4.655589789582391,-0.15593829922669045,89.184,93.59866666666667,92.88146946556357,4.634911823259083,4.660771734716571,4.6342678835201205,87.609,89.37981818181817,90.2650083125181,4.521243599990773,4.584170359266263,4.584252451732468,90.1895,89.11438095238096,89.21156607886473,4.541466099613786,4.540229043268799,4.58222111904119,90.89466666666667,90.04066666666665,87.12147605605209,4.627486446818935,4.56485500370656,4.5933962412749585,77.59966666666666,87.0130218579235,76.56998844971383,4.595985414123719,4.656207436546184,4.5573442023447575,8.648674767623925
2022-12-30,sz001269,99.19,99.24,103.98,97.6,47511,477452986.84,6.43,0.05,0.05,13.83,4.676794171440283,0.021204381857892862,94.09,96.95066666666666,95.00097964370906,4.6398891231297394,4.674732517443638,4.648443312826842,88.99,91.49454545454545,91.89682498296936,4.553051505754588,4.612452281347992,4.60107821895207,90.4645,89.97633333333333,90.16665502373475,4.541102158437314,4.553117431061798,4.591228076412532,91.46266666666665,90.57907526881719,87.90331631050034,4.618631597490578,4.568036147230518,4.598776752898528,78.878,87.72254098360654,77.31326751693634,4.6045938434288685,4.658856903999185,4.561260594774119,8.678930614535147
2023-01-03,sz001269,98.71,100.1,104.77,97.31,49995,499562717.57,7.52,0.87,0.86,14.55,4.6989265727162115,0.022132401275928082,97.674,98.954,96.70065309580605,4.693475707285472,4.694411667305795,4.6652710661232994,90.374,93.51454545454546,93.3883113497022,4.589754890615987,4.63897502079556,4.6188688287273685,90.71549999999999,90.894,91.11268787861715,4.5467450149215995,4.568148327659788,4.601485076060501,91.78533333333334,91.13632258064516,88.69019912917774,4.608878386919209,4.5732164682128165,4.605238031596444,80.13316666666667,88.41834426229507,78.0603734999876,4.623720486507408,4.661949780369262,4.565774233395171,8.698590019458313
2023-01-04,sz001269,98.6,99.06,100.01,97.28,32281,318355232.15,2.73,-1.04,-1.04,9.4,4.508946979821874,-0.1899795928943373,99.40599999999999,99.416,97.48710206387071,4.670357120473968,4.6329020914845955,4.613163037356157,91.178,95.09381818181818,94.41952746793817,4.588782404954444,4.624282673378449,4.598883038017278,90.82000000000001,91.6887142857143,91.86957474732029,4.536278492642206,4.564548514793149,4.592671924037775,92.16300000000001,91.60565591397851,89.35921854019854,4.5961929864592985,4.56676928065815,4.599025705675504,81.32966666666667,89.03889617486338,78.74888584425031,4.645688074222403,4.658186714576295,4.563911044753423,8.50291199186344
2023-01-05,sz001269,97.99,102.2,105.16,97.99,47096,476934549.66,7.24,3.17,3.14,13.71,4.672984022804113,0.16403704298223865,99.958,100.34733333333334,99.05806804258047,4.6426483072729745,4.633777725594643,4.633103365838809,92.798,97.09781818181817,95.83415883740395,4.618430411209563,4.639592058442025,4.6123559443421565,91.205,92.7725238095238,92.85342477138502,4.539057754478764,4.577568089094282,4.600320695348855,92.35300000000001,92.25320430107526,90.18765605373413,4.591586026570754,4.571723541067493,4.603797210006382,82.53299999999999,89.7231693989071,79.51777483296341,4.667685365498906,4.659081663710121,4.5674872079682,8.678458784340341
2023-01-06,sz001269,101.0,112.42,112.42,101.0,59392,651266736.53,11.17,10.0,10.22,17.29,4.773727950202749,0.10074392739863658,102.604,104.50133333333333,103.51204536172033,4.666275939397047,4.677470939904568,4.679978227293456,95.894,100.66545454545454,98.84976632151232,4.6505938813280645,4.667827974622604,4.641696309044082,92.261,94.793,94.7169081264912,4.553201299049669,4.599917631544185,4.616835672001606,92.77033333333334,93.54784946236559,91.62200082446097,4.585493311886995,4.583474632914718,4.614760483567438,83.85666666666665,90.70307103825138,80.59653631384985,4.690726030525696,4.662558469765984,4.574249199516874,8.813758897135571
2023-01-09,sz001269,112.0,111.29,112.0,104.91,51976,564967618.32,6.31,-1.01,-1.13,15.13,4.715802853757312,-0.05792509644543742,105.01399999999998,107.39666666666668,106.10469690781356,4.674077675860452,4.6939799113579905,4.691919769448075,99.55199999999999,103.46472727272726,101.11162699032826,4.656983399495095,4.679684151427922,4.655170226264669,93.1405,96.60528571428571,96.29529782873014,4.564884937967933,4.615403493897293,4.626261117883102,93.22,94.74266666666666,92.8909039970764,4.586180903328428,4.591881700132158,4.621279346160334,85.10650000000001,91.60252459016394,81.6028793855269,4.7050863356910915,4.663380660691612,4.578890302934593,8.752023556513326
2023-01-10,sz001269,111.44,109.0,113.9,105.22,42783,464562061.54,7.8,-2.06,-2.29,12.45,4.63127123460121,-0.08453161915610163,106.79400000000001,108.72533333333334,107.06979793854238,4.660546608237452,4.679711097604909,4.671703591165787,102.23400000000001,105.18254545454545,102.5458766284504,4.677011157761461,4.675009212356307,4.650824955053131,93.893,98.11571428571428,97.50526946408918,4.575192992070809,4.621725998338559,4.626738271856255,93.60666666666665,95.76073118279571,93.93020051339407,4.5855940460548705,4.59479075376266,4.621923984124262,86.25766666666667,92.38591803278688,82.50114563518176,4.714323511295404,4.660960493442762,4.58060771053022,8.667043740254172
2023-01-11,sz001269,107.1,107.05,108.88,104.9,22896,244420094.35,3.65,-1.79,-1.95,6.66,4.359759616415701,-0.2715116181855093,108.39200000000001,108.81066666666668,107.06319862569492,4.630709135556217,4.579448766997659,4.567722266249092,103.899,106.05818181818181,103.36480815055033,4.650533128015093,4.617327113929805,4.597903984391779,94.5005,99.3687619047619,98.41429141989022,4.566588513551501,4.6012085339904525,4.60131173324287,94.091,96.62804301075269,94.7766391899493,4.574251464707915,4.580220790560133,4.605010153949516,87.30983333333333,93.06763387978143,83.3060261061594,4.7274189837735365,4.649335447709003,4.573366789411711,8.388136907407606
2023-01-12,sz001269,108.0,104.37,108.98,103.38,31263,330549591.2,5.23,-2.5,-2.68,9.1,4.495030650616352,0.13527103420065067,108.826,107.47000000000001,106.16546575046328,4.595118461118664,4.5342226053510375,4.543491727704845,104.39200000000001,106.14381818181818,103.54757030499573,4.61888338419582,4.589053936220942,4.579199741887155,95.38250000000001,100.30871428571429,98.98150176085305,4.5575845972848,4.5943934994252,4.5911897253736775,94.59333333333333,97.29120430107525,95.39556569382354,4.570131013451916,4.575109770296161,4.59791470212157,88.24416666666666,93.6269836065574,83.9966482010394,4.732147258554933,4.641716158097291,4.57079839141842,8.519236624393084
2023-01-13,sz001269,103.01,101.89,104.4,99.19,29382,296198246.5,4.99,-2.38,-2.48,8.55,4.468081354401861,-0.02694929621449038,106.72,105.158,104.74031050030885,4.533989141958488,4.491876903112103,4.518354936603851,104.662,105.68890909090909,103.2461938859056,4.600132540677767,4.561635385349314,4.558996398708011,96.1355,100.92847619047619,99.25850159315276,4.56068807033427,4.585869381055398,4.579465118614457,95.01366666666667,97.76195698924732,95.81456145551236,4.561021579968446,4.56852592132519,4.589538357107396,89.05666666666667,94.07438797814207,84.58331547313648,4.7408739032591285,4.63305825960047,4.567430619712959,8.47158248316011
2023-01-16,sz001269,100.47,103.65,105.84,100.08,23078,238491758.6,5.65,1.73,1.76,6.72,4.363198169015764,-0.10488318538609764,105.19200000000001,104.13466666666666,104.37687366687257,4.463468205010178,4.434946578797862,4.4666360140744885,105.103,105.5049090909091,103.3196131793773,4.568772940435315,4.518556408683495,4.523396720582148,97.04650000000001,101.64414285714285,99.67673953666201,4.5609122230949515,4.5670608190250634,4.558868266271724,95.34400000000001,98.31913978494623,96.32007361967285,4.550325752436648,4.555763120618566,4.574935764327291,89.81,94.55285792349726,85.20845267073855,4.725182036000518,4.620675448641671,4.560734473788461,8.377473376011837
2023-01-17,sz001269,105.04,104.5,107.36,101.59,34050,356079460.12,5.57,0.82,0.85,9.91,4.532117116248804,0.16891894723304013,104.292,103.904,104.41791577791506,4.4436373813396965,4.457829549210738,4.488463048132594,105.543,105.39527272727274,103.53422896494506,4.552091994788574,4.511891713376857,4.524982247066994,97.9585,102.35399999999998,100.13609767602753,4.570923442702281,4.5643184278968585,4.556320537698113,95.65799999999999,98.90984946236559,96.84781080550042,4.548527341543925,4.554588369896768,4.572173270902873,90.56333333333333,95.03449726775956,85.84096241923893,4.712400557663822,4.6143454512727615,4.5597961997707674,8.551546922807036
2023-01-18,sz001269,107.0,103.65,107.6,102.5,25359,265119643.78,4.88,-0.81,-0.85,7.38,4.404132123695313,-0.1279849925534906,103.61200000000001,103.69,104.16194385194338,4.452511882795619,4.444661129995944,4.460352739986834,106.002,105.05109090909092,103.55527824404595,4.541610509175918,4.484989918632627,4.503009497363052,98.59,102.89604761904762,100.47075504021538,4.5651964570651815,4.548433540372385,4.54182640303118,95.88066666666667,99.42546236559139,97.28666172127458,4.538055831486776,4.545272549390407,4.561331906566902,91.33616666666667,95.46356830601094,86.42486529073929,4.699956614449366,4.604238289503302,4.554692459571572,8.423441907548993
2023-01-19,sz001269,103.0,102.49,103.95,101.1,18435,189109411.31,2.75,-1.12,-1.16,5.37,4.265643141942135,-0.13848898175317803,103.23600000000002,103.31599999999999,103.60462923462892,4.406634381060776,4.382371549711449,4.395449540638602,106.03099999999999,104.41254545454547,103.36159129058305,4.500876421089719,4.434814033681031,4.459851978195612,99.4145,103.26747619047619,100.66306408400439,4.559653416149642,4.51990465321781,4.5155232353084145,96.14699999999999,99.85187096774195,97.62236096506332,4.526330643349082,4.527697537161721,4.542255212074981,92.02600000000001,95.82926775956284,86.95159101891177,4.683625620192188,4.589998503519459,4.545215432764049,8.276713142691122
2023-01-20,sz001269,101.52,106.0,108.52,101.52,30663,323651100.89,6.83,3.42,3.51,8.93,4.4866146430072025,0.22097150106506724,104.05799999999999,104.23733333333332,104.40308615641928,4.410341038781843,4.409031637026925,4.4258379080948025,105.38899999999998,104.4069090909091,103.8413019650225,4.472165090370166,4.432220983120573,4.464717917252265,100.64150000000001,103.89466666666667,101.1713436950516,4.561379485849115,4.512948579585197,4.5127700360416325,96.63699999999999,100.48754838709677,98.16285380602699,4.526189229489834,4.525135214559019,4.538665497941576,92.75583333333334,96.28743169398909,87.57612901829171,4.6721462720529,4.5835391272183115,4.543294095394972,8.51007708859677
2023-01-30,sz001269,108.0,110.1,112.2,103.2,39132,417494748.77,8.49,3.87,4.1,11.39,4.592532044853582,0.1059174018463791,105.348,106.25133333333333,106.30205743761286,4.456207813949407,4.469761972384171,4.481402620347729,105.27000000000001,105.26345454545454,104.97924706229112,4.4598380094797925,4.454105883935739,4.487956849543413,102.41100000000002,104.7954761904762,102.0216919145705,4.558410704487445,4.5159154899665745,4.520366417833246,97.18366666666667,101.35612903225808,98.93299227015429,4.529869295138552,4.529415396195389,4.542140759032674,93.4825,96.85609289617486,88.31461659146247,4.664540205131715,4.580928824687187,4.544908454393615,8.620651017317693
2023-01-31,sz001269,108.5,118.98,121.11,106.58,53156,612285101.34,13.2,8.07,8.88,15.47,4.725552292750614,0.13302024789703282,108.244,110.79533333333332,110.52803829174191,4.49489484924977,4.559543465317906,4.562785844482025,106.268,107.75618181818182,107.5248385055109,4.469266115294733,4.502417571803162,4.531156021035631,104.251,106.3734761904762,103.6367688750876,4.573138636528098,4.531833736467829,4.539907929730138,98.018,102.76234408602151,100.2263476075637,4.539884033145451,4.542040105718748,4.5539737612080256,94.24633333333334,97.69207650273222,89.32003899829976,4.658455193224575,4.582929221002561,4.550831203192205,8.786953691928716
2023-02-01,sz001269,117.6,121.5,122.95,117.38,33150,398278690.67,4.68,2.12,2.52,9.65,4.5204835327407915,-0.20506876000982288,111.814,115.214,114.18535886116128,4.518165131058866,4.5680730264815805,4.5486850739016145,107.71300000000001,110.52563636363637,110.06577695905438,4.485338506927241,4.511729829520627,4.529215568618388,105.806,108.0162380952381,105.33802898222211,4.5679358174711675,4.526818964678561,4.538057987159724,98.90466666666666,104.27731182795698,101.59884131030154,4.539505178010081,4.540788460531352,4.551813101306913,94.93016666666668,98.58563934426228,90.3751196868801,4.657059304498665,4.578405560003092,4.549836197603633,8.600187070727674
2023-02-02,sz001269,119.18,117.5,121.0,116.89,24342,288118934.77,3.38,-3.29,-4.0,7.09,4.38635625808797,-0.1341272746528217,114.81599999999999,117.10933333333332,115.29023924077418,4.542307754288031,4.5241367354912825,4.4945754686304,109.026,112.30509090909091,111.41745387558993,4.474471067674403,4.493733057004396,4.503241148521948,106.70899999999999,109.12995238095239,106.4963119362962,4.546677225935111,4.509525673308734,4.523610203438605,99.93033333333332,105.47701075268817,102.62472251608854,4.529880087414668,4.530907885052505,4.54113846626053,95.41316666666667,99.32563387978142,91.26446002501517,4.647763698482756,4.569530050284708,4.544476199586726,8.459571800439075
2023-02-03,sz001269,117.98,114.12,118.5,113.67,19415,224017199.82,4.11,-2.88,-3.38,5.65,4.2881373948820665,-0.09821886320590334,116.43999999999998,116.87733333333333,114.90015949384946,4.502612304663005,4.439413282355959,4.425762777380956,110.249,113.23127272727274,111.90882589820994,4.456476671722425,4.459854207405789,4.464131375132878,107.4555,109.83576190476191,107.22237746617274,4.528304606200096,4.484902832256062,4.501184221671316,100.84,106.39247311827955,103.36635332150219,4.525950937463654,4.515311582308466,4.524815816494178,95.8675,99.93897267759563,92.01382199140811,4.635119461457179,4.5577390239371445,4.536071648612803,8.350281364316961
2023-02-06,sz001269,112.02,114.97,116.14,112.0,16782,192062688.2,3.63,0.74,0.85,4.88,4.224843716755171,-0.06329367812689579,117.41400000000002,116.38733333333333,114.92343966256632,4.429074639043323,4.346823753053348,4.358789757172361,111.381,114.08963636363636,112.4654030076263,4.442641226496365,4.41773912468447,4.420624528155113,108.242,110.55142857142857,107.9602462789182,4.50570708346584,4.4560017951660695,4.474866078345969,101.82466666666666,107.30408602150538,104.1149756878569,4.521488557562089,4.4958853100046925,4.505462777801339,96.22916666666667,100.56528415300546,92.7664835654603,4.621897880943677,4.544287360176424,4.525867454125668,8.283443003160786
2023-02-07,sz001269,114.89,112.67,116.1,110.31,17777,200673258.69,5.04,-2.0,-2.3,5.17,4.249858472417371,0.025014755662200017,116.152,114.80600000000001,114.17229310837754,4.3339358749766745,4.287085030844698,4.322479328920698,112.19800000000001,114.32400000000001,112.50260246078516,4.414415362113222,4.382687714851925,4.3895761543846135,108.87049999999999,110.97314285714288,108.40879425235457,4.4832536784508985,4.431635260780501,4.453436782543245,102.705,108.00378494623655,104.66691274025322,4.518754082505927,4.478360788382453,4.488972177453986,96.59733333333334,101.10432786885248,93.41905787478947,4.610479223311163,4.532089346782119,4.516817979315559,8.302489503144486
2023-02-08,sz001269,112.0,121.11,123.94,111.7,46127,551675700.03,10.86,7.49,8.44,13.43,4.663955209955912,0.41409673753854115,116.074,116.45866666666666,116.4848620722517,4.362630210419698,4.397091475837778,4.436304622599103,113.944,115.94436363636362,114.06758383155147,4.440397670739282,4.42805859627787,4.439463255397577,109.973,112.13880952380951,109.61843289498746,4.4910040899576,4.448844930447645,4.473486156582547,103.70800000000001,109.19120430107526,105.72775707959173,4.523596861623215,4.487728603056645,4.500261405357336,97.13816666666666,101.90802185792352,94.32695761659964,4.606040875955819,4.533842657819651,4.521642150811964,8.741683854765602
2023-02-09,sz001269,121.21,121.77,129.35,119.37,39884,493583833.25,8.24,0.54,0.66,11.61,4.60079870758378,-0.06315650237213166,116.928,118.35733333333334,118.24657471483448,4.40551870031886,4.476480974892471,4.491135984260662,115.872,117.36727272727272,115.46802313490575,4.473913227303447,4.457222421158687,4.468796973976886,110.95150000000001,113.26233333333334,110.77572500022676,4.487394824196583,4.4593015606977575,4.485611161439807,104.90033333333334,110.35649462365593,106.76274049381162,4.5310733532009095,4.492709367312166,4.506747682920333,97.57533333333332,102.71562295081966,95.22672949802259,4.599401794481625,4.533670783446797,4.524237447755302,8.693360926460157
2023-02-10,sz001269,122.24,109.59,123.0,109.59,49665,560895686.48,11.01,-10.0,-12.18,14.46,4.69605043980775,0.09525173222396965,116.022,115.91133333333333,115.36104980988966,4.487101309303997,4.573324888055435,4.559440802776359,116.231,116.22509090909092,114.39929165583197,4.494856806983501,4.497611005250379,4.510115785946134,110.80999999999999,113.13266666666667,110.66279880972897,4.483510948676833,4.479173524089298,4.50565299747485,105.838,110.65905376344088,106.94514433292056,4.5392052595605765,4.503353050319058,4.518960764009844,97.93516666666666,103.10954644808743,95.69765639972677,4.59584096158673,4.536839591490276,4.52987066060948,8.748882100118026
2023-02-13,sz001269,106.6,106.49,108.8,105.12,35360,377061747.68,3.36,-2.83,-3.1,10.29,4.548512256341035,-0.14753818346671466,114.326,112.73399999999998,112.40403320659311,4.55183501722117,4.593795203734447,4.555797953964584,115.87,114.45400000000001,112.96123862749887,4.490454828132246,4.507366541497203,4.51709696238157,110.57000000000001,112.72123809523809,110.26538939927859,4.475146418806019,4.48536412481922,4.509734831652581,106.89733333333334,110.70111827956987,106.91578018240956,4.5357587457023785,4.50395350172425,4.520867311902179,98.30999999999999,103.39003278688523,96.05150373088327,4.589309384169086,4.53528783066255,4.53048186046953,8.57641247614962
2023-02-14,sz001269,107.0,109.8,110.0,105.84,27395,296154576.8,3.91,3.11,3.31,7.97,4.437671304770729,-0.1108409515703066,113.752,111.22533333333332,111.53602213772875,4.589397583691841,4.555740632917634,4.516422404233299,114.952,113.35036363636362,112.38646796795362,4.461666729334257,4.4977695372496544,4.502655933725054,110.60999999999999,112.64790476190475,110.2210665993473,4.465466422314495,4.48179506633967,4.502871638616214,107.818,110.8883870967742,107.10185888031863,4.535981334130152,4.49762527972866,4.515499827571118,98.72383333333332,103.76675409836068,96.5022741003625,4.585500578733959,4.530316090354406,4.527438891430225,8.47151844865559
2023-02-15,sz001269,108.4,108.6,109.69,106.0,21793,234691191.56,3.36,-1.09,-1.2,6.34,4.338317018854097,-0.09935428591663165,111.25,109.508,110.55734809181916,4.524269945471478,4.472047111305053,4.457053942440232,113.662,112.19545454545455,111.6980192465075,4.443450077945588,4.475342317162353,4.472776131021243,110.6875,112.4564761904762,110.06667930417136,4.464394292436415,4.469685599343442,4.48719977006744,108.42466666666668,110.93883870967741,107.19851314610453,4.526440570962641,4.4848727432592375,4.504068678621633,99.13416666666667,104.09056284153006,96.89892085117029,4.577817772424092,4.522211711341951,4.521238174296581,8.370496789945104
2023-02-16,sz001269,108.6,103.01,108.6,102.37,27996,294581544.57,5.74,-5.15,-5.59,8.15,4.447095984841377,0.10877896598728043,107.498,106.76133333333334,108.04156539454613,4.493529400922998,4.446322457761685,4.453734623240614,112.21300000000001,110.25872727272727,110.11837938350614,4.449524050620928,4.476005209325224,4.468107013533995,110.61949999999999,111.72528571428572,109.394614608536,4.461997559147667,4.468038141477248,4.4833803619506725,108.54366666666667,110.58950537634409,106.92828649151714,4.514292834163717,4.479753737703026,4.500393020958391,99.466,104.2176393442623,97.09928410195158,4.57156646183981,4.517925751093338,4.518807282839033,8.469205534962565
2023-02-17,sz001269,103.58,105.53,108.16,102.85,27296,288979031.18,5.15,2.45,2.52,7.94,4.436099009487429,-0.01099697535394828,106.68599999999999,106.10533333333333,107.20437692969742,4.441539114858934,4.427178993949829,4.447856085322886,111.354,109.04363636363637,109.28412858650502,4.464320212081465,4.473564292755496,4.462287376434619,110.8015,111.24057142857141,109.02655607438972,4.460398441901945,4.465571612938177,4.478877376001792,108.75500000000001,110.39507526881722,106.83807445980636,4.506976474827218,4.474708974820684,4.496245020218329,99.82483333333333,104.41645901639345,97.37570101664168,4.567231460823077,4.513484195278505,4.5160955361717665,8.460866330738531
2023-02-20,sz001269,104.23,106.41,109.88,103.0,27552,293073488.94,6.52,0.83,0.88,8.02,4.44015312977356,0.00405412028613128,106.67,106.01333333333334,106.93958461979828,4.419867289545438,4.426716998921372,4.445288433473111,110.498,108.14472727272725,108.761559752595,4.485851153383304,4.469170277790423,4.45826296795079,110.9395,110.82233333333333,108.77736025778117,4.464246189939834,4.4636434879735685,4.475189352551484,108.994,110.24378494623657,106.81045675272209,4.499088440104995,4.4703977912688355,4.492626188576732,100.22833333333332,104.63236612021859,97.67190754068622,4.558860018797787,4.509317692621144,4.5136056212078906,8.466976534481407
2023-02-21,sz001269,105.89,104.83,106.3,103.4,21620,225684424.49,2.73,-1.48,-1.58,6.29,4.334855689617291,-0.10529744015626896,105.676,105.4,106.2363897465322,4.399304166514751,4.398379798945323,4.408477518854505,109.71399999999998,107.11418181818182,108.04673070666864,4.4943508751032955,4.441716557105693,4.435825280981063,110.95599999999999,110.24047619047619,108.40142118561154,4.454383118608259,4.451320583180946,4.4618242417958465,109.15166666666666,109.97513978494622,106.68268534932068,4.486952744001697,4.4598021299470485,4.482447446708381,100.46849999999999,104.78324043715847,97.9065990967293,4.547915565460453,4.501973288385718,4.5077449677131165,8.353501587471825
2023-02-22,sz001269,103.8,104.46,107.86,103.1,18327,192956042.19,4.54,-0.35,-0.37,5.33,4.263091379851672,-0.07176430976561932,104.848,104.99466666666666,105.64425983102147,4.384259038714267,4.352975536724297,4.360015472520227,108.049,106.15890909090909,107.39459785091069,4.4542644920928725,4.399669376150852,4.404419117139355,110.9965,109.62180952380953,108.02604773936282,4.447331081416077,4.433102322346985,4.442897302563068,109.33166666666666,109.67245161290325,106.5392862945258,4.478757557336024,4.445359461292209,4.468295442395045,100.74733333333333,104.91410928961749,98.12146470011523,4.537475271897661,4.492634790496906,4.499723538602905,8.285458382537838
2023-02-23,sz001269,103.8,112.83,114.6,103.4,51351,564527700.46,10.72,8.01,8.37,14.95,4.710548905387108,0.4474575255354356,106.81199999999998,107.65533333333333,108.03950655401432,4.436949622823412,4.461738825615243,4.476859950142521,107.155,107.02818181818182,108.38285278710873,4.465239511873205,4.4462665422043495,4.460079078638946,111.5135,109.79642857142858,108.48356700228065,4.469576369588325,4.458170686534702,4.468387931403453,109.68599999999999,109.8981505376344,106.94513879165316,4.48000972008879,4.460313741811633,4.483924698071953,101.01950000000001,105.31026229508198,98.60371175912785,4.535797873329773,4.498309335857217,4.5066358457105835,8.751685256910712
2023-02-24,sz001269,112.0,114.02,115.8,111.77,38248,435686459.78,3.57,1.05,1.19,11.13,4.582608730687733,-0.1279401746993747,108.50999999999999,110.05799999999999,110.03300436934289,4.466251567063473,4.510291861570017,4.512109543657592,107.598,108.27636363636363,109.40778864399805,4.4538953409612025,4.467606400170627,4.482357197193271,111.9145,110.03514285714286,109.01084633539678,4.474376073972352,4.468935673306074,4.4792661027638605,109.73933333333333,110.1777634408602,107.40158145025619,4.473639079438289,4.466933032818016,4.490291409853617,101.25483333333334,105.73650819672132,99.10916383259907,4.5295661956626425,4.499844118065674,4.509126759972129,8.639174063185227
2023-02-27,sz001269,113.78,119.26,124.99,113.01,40639,487808009.31,10.51,4.6,5.24,11.83,4.608943012764416,0.026334282076683202,111.08,113.64133333333332,113.10866957956193,4.500009543661643,4.557855676803665,4.544387366693201,108.875,110.39672727272729,111.19909979963477,4.459938416603541,4.4957968859530295,4.505372800024388,112.37249999999999,110.73471428571429,109.98695620821613,4.475196622367894,4.481751572238652,4.491616284668676,110.00500000000001,110.79200000000002,108.16664071152998,4.470077084738526,4.475662318839057,4.4979463519768945,101.6125,106.32684153005466,99.7698469856286,4.528128994033477,4.502446636659174,4.512399423998105,8.68824892670871
2023-02-28,sz001269,118.0,119.55,121.95,117.03,31378,373342425.35,4.13,0.24,0.29,9.13,4.496625258669507,-0.11231775409490918,114.024,116.46466666666667,115.25577971970796,4.532363457472087,4.556727581806286,4.528466664018636,109.85,112.33763636363636,112.71744529061026,4.465833811993419,4.502467220874115,4.503782337959864,112.401,111.41828571428572,110.89772228362412,4.463750270663839,4.483792394743568,4.492093329811612,110.35666666666665,111.4078064516129,108.90105098820547,4.465588885540803,4.477375104253959,4.497861120150612,101.98166666666665,106.914956284153,100.41837659265717,4.525591465797837,4.501413727302978,4.511882238249626,8.572107344462806
2023-03-01,sz001269,119.11,112.6,120.39,107.6,70601,784143015.21,10.7,-5.81,-6.95,20.55,4.848810852488152,0.35218559381864534,115.652,115.99000000000001,114.37051981313864,4.649507351999383,4.66221004681164,4.635248060175142,110.25,112.83763636363636,112.69609160140838,4.516883195356825,4.572099410054975,4.5665147951468255,111.95600000000002,111.4372380952381,111.05984397089802,4.480166636651206,4.5204648311077875,4.526066427209378,110.54166666666667,111.55253763440861,109.13969285993416,4.481890593409885,4.50209910212153,4.520503038365938,102.31633333333335,107.26309836065573,100.8177740814225,4.528071029058901,4.512011084243644,4.522929078060725,8.894395278312224
2023-03-02,sz001269,110.5,109.75,115.96,108.69,28507,313404635.49,6.46,-2.53,-2.85,8.3,4.454951515731092,-0.3938593367570604,115.03599999999999,114.02266666666668,112.83034654209243,4.59838787406818,4.597358101388877,4.575149212027126,110.924,112.74672727272727,112.16043858297049,4.5176687484457965,4.560839104668478,4.546230562525783,111.56850000000001,111.22714285714288,110.93509692605058,4.483596399533362,4.518063391020158,4.519293578497161,110.721,111.50146236559138,109.17906751413196,4.480554622247043,4.5003610971099945,4.516273907873368,102.65716666666667,107.50682513661202,101.11063394760536,4.52534281784948,4.50961372315093,4.520700305525327,8.496105415721722
2023-03-03,sz001269,108.9,109.2,113.0,108.61,25076,277455484.87,4.0,-0.5,-0.55,7.3,4.3992582611669215,-0.0556932545641704,114.072,112.07733333333333,111.62023102806162,4.561717780164018,4.530981563755124,4.516518895073725,111.29099999999998,112.43327272727272,111.62217702243039,4.513984673613745,4.539309925163228,4.519508325915081,111.32249999999999,111.00157142857142,110.76984959976005,4.4891524428476055,4.510031187366211,4.507861643513328,110.96466666666667,111.40333333333334,109.1804179970912,4.478260519139211,4.4951161705886955,4.508724511311661,102.98916666666668,107.72134426229508,101.37585906407732,4.5196410495538295,4.505479803259698,4.51671859915292,8.443193314571811
2023-03-06,sz001269,111.58,120.12,120.12,111.4,46114,533406290.63,7.99,10.0,10.92,13.42,4.663832795231394,0.2645745340644723,114.244,114.09333333333333,114.4534873520411,4.572695736657413,4.565019902110916,4.565623528459614,112.66199999999999,114.03854545454546,113.16723574562486,4.536352640159529,4.566555038184619,4.545749138518047,111.58,111.83942857142857,111.66034011406862,4.511101896771416,4.526667411402762,4.522716038915049,111.51366666666667,111.994,109.88619748114984,4.488281673346399,4.507088575497869,4.518731497370999,103.42883333333333,108.28301092896177,101.99042106197642,4.519303712891523,4.510207401478635,4.521542015417788,8.727058133156982
2023-03-07,sz001269,125.21,128.5,130.39,124.53,75559,958840339.63,4.88,6.98,8.38,21.99,4.878286201534658,0.2144534063032646,116.03399999999999,118.84533333333334,119.13565823469406,4.649027925230444,4.6668833904033304,4.66984441948463,115.029,116.91818181818182,115.95501106460215,4.590695691351266,4.62872477661646,4.606210422702885,112.3715,113.45085714285713,113.26411724606209,4.542523283227281,4.561637345189738,4.55657986392644,112.31366666666666,113.08989247311828,111.08708796623695,4.499820642855927,4.532250157961628,4.541928575058978,103.98583333333333,109.10501639344263,102.85958758453457,4.524173992199926,4.521977319139065,4.5332385461101445,8.981746297066014
2023-03-08,sz001269,128.5,129.0,138.0,126.55,61796,814947191.35,8.91,0.39,0.5,17.99,4.790960364503874,-0.08732583703078411,119.31400000000001,123.16733333333333,122.42377215646272,4.637457827633588,4.714194203494475,4.7102164011577115,117.48299999999999,119.45836363636364,118.32682723467448,4.643482589816486,4.665136535371481,4.639801321212156,112.76599999999999,115.0345238095238,114.76277274643712,4.548873540954679,4.585298019597032,4.578901816362386,113.15866666666666,114.16643010752688,112.24275971035071,4.5127149175495465,4.551033365809883,4.557995142119939,104.51966666666667,109.92515300546447,103.71665028668097,4.525385374518161,4.530724413312965,4.541688441795185,8.911129467330953
2023-03-09,sz001269,128.99,128.56,132.39,125.81,42875,554049226.88,5.1,-0.34,-0.44,12.48,4.632204133050827,-0.1587562314530473,123.076,126.24933333333334,124.46918143764182,4.672908351097535,4.712442971966888,4.68421231178875,119.05600000000001,121.47236363636362,120.1874041010973,4.635648112582858,4.663085906868634,4.638420014273732,113.10549999999998,116.53871428571429,116.07679438963358,4.550443812228031,4.593234266463333,4.58397822747557,114.02766666666666,115.16006451612903,113.2954848903281,4.524933617253169,4.5587423474551265,4.56278281895419,105.08733333333335,110.71336065573772,104.53118634285536,4.525632130301125,4.534226667691086,4.544656169377337,8.743548353198763
2023-03-10,sz001269,127.49,125.99,131.77,125.5,35919,459167790.97,4.88,-2.0,-2.57,10.45,4.555324237223348,-0.07687989582747878,126.434,127.22066666666666,124.97612095842788,4.704121546308821,4.673248267342159,4.641249620266949,120.25300000000001,122.7330909090909,121.24242153726142,4.63291966323642,4.648481565894178,4.6233116911736625,113.92550000000001,117.76580952380952,117.02090920966847,4.543407502098811,4.593699068843839,4.5812492760229775,114.694,115.93182795698925,114.11448586514564,4.5272239370603735,4.5607030326144935,4.562301620132846,105.66550000000001,111.39869398907103,105.23475400374535,4.526706583275105,4.535200179393453,4.545005942093599,8.66197141620482
2023-03-13,sz001269,125.0,125.8,127.5,123.42,27896,349555587.5,3.24,-0.15,-0.19,8.12,4.44554193436792,-0.1097823028554279,127.56999999999998,127.00933333333334,125.2507473056186,4.6604633741361265,4.587055063361859,4.576013724967273,120.907,123.74163636363636,122.07107216685024,4.616579555396769,4.614412887918087,4.590989917208982,114.89099999999999,118.8967142857143,117.85701309446195,4.538258986000156,4.584378538583754,4.568324767293925,115.21733333333334,116.6483440860215,114.86839000287817,4.522324266710852,4.555433225989173,4.554768737180271,106.2005,112.05884153005464,105.9090243642783,4.526096780924703,4.53253904336371,4.5417448270862,8.543516248536328
2023-03-14,sz001269,125.0,122.25,125.8,117.18,47182,569630572.58,6.85,-2.82,-3.55,13.73,4.673776346268827,0.22823441190090676,126.31999999999998,125.236,124.25049820374575,4.61956140308296,4.591492720739426,4.608601265401125,121.17699999999999,123.98581818181819,122.1036045001502,4.634294664156702,4.624812304440279,4.606041995219862,115.51349999999998,119.59757142857144,118.27539279975129,4.550064238075061,4.597284953847438,4.5783677748153435,115.32633333333334,117.10206451612903,115.3446229059183,4.520598401828125,4.565204327896139,4.562446647444049,106.67216666666667,112.58505464480875,106.44479405725278,4.530241217486788,4.537380996325812,4.546073729354482,8.755593290225846
2023-03-15,sz001269,121.3,119.93,124.86,119.07,29294,355737796.75,4.74,-1.9,-2.32,8.53,4.466778677223395,-0.20699766904543182,124.506,123.10600000000001,122.81033213583052,4.554725065626863,4.540565145452905,4.561327069341882,121.91,123.75909090909092,121.70840368194106,4.596091446630226,4.594354852270587,4.580721391947777,116.08,120.01819047619047,118.4329744378702,4.556487320993525,4.589352995671089,4.567740241711348,115.27400000000002,117.39907526881721,115.64045368618164,4.518808239977546,4.56173208759906,4.556274520333039,107.08933333333333,113.01973770491803,106.88693195701498,4.529156708993814,4.535300257300783,4.543473891579692,8.551130010948768
2023-03-16,sz001269,118.11,118.91,121.2,117.08,27629,327891919.14,3.44,-0.85,-1.02,8.04,4.441365166409772,-0.025413510813622864,122.576,121.24066666666666,121.51022142388703,4.516557272298653,4.502778512380542,4.521339768364513,122.826,123.21363636363637,121.19960301249723,4.594732811698094,4.5662228013214134,4.555383896395412,116.875,120.2877142857143,118.47840544378732,4.556200780071945,4.578388980948826,4.555704520254055,115.321,117.6336559139785,115.8513921580409,4.52064187025494,4.556735760272108,4.548861013628312,107.62566666666666,113.40730054644808,107.281130909244,4.525260978834804,4.5324218460685195,4.540126064524941,8.515730713661888
2023-03-17,sz001269,119.24,115.05,120.0,109.0,42403,483677166.78,9.25,-3.25,-3.86,12.34,4.6273965838888484,0.18603141747907603,120.388,118.732,119.35681428259136,4.5309717416317525,4.539724949577273,4.556692040205958,123.41099999999999,121.79981818181818,120.08149337386136,4.617546643970287,4.57216166899246,4.568477112303309,117.351,120.11390476190478,118.15189063961711,4.5657656587920155,4.585169533693293,4.562532335838322,115.352,117.61617204301075,115.79968943816729,4.531950509888499,4.563623161151715,4.553927824612863,108.09599999999999,113.65072131147541,107.53584792861305,4.528950723676077,4.535770554430946,4.5429873930286755,8.684555585888539
2023-03-20,sz001269,114.3,121.27,125.5,110.55,55518,658066295.27,12.99,5.41,6.22,16.16,4.744433812551107,0.11703722866225874,119.482,119.026,119.99454285506091,4.59075011726839,4.610878973217058,4.619272630987674,123.526,121.41054545454546,120.29758548770474,4.6256067457022585,4.595232063279882,4.6004692396210904,118.09400000000001,120.48714285714287,118.44885343584404,4.580979692930893,4.602185548337016,4.579856286001444,115.562,117.99797849462365,116.15261270022103,4.549270179748364,4.577331761323496,4.566218533512105,108.69333333333334,114.08265573770493,107.98614799652738,4.535379368655227,4.542835573738325,4.549592193668755,8.81826964774711
2023-03-21,sz001269,120.8,123.01,125.13,115.8,50945,611434930.08,7.69,1.43,1.74,14.83,4.707101566576681,-0.03733224597442586,119.63399999999999,120.20200000000001,120.99969523670728,4.597415161329961,4.649662789653155,4.6485489428506765,122.977,121.31672727272728,120.7907517626675,4.60848828220646,4.610049303438868,4.619856935431198,119.003,120.95533333333334,118.88324834671603,4.599591986778862,4.6141971553509,4.591974884151466,115.90666666666667,118.47849462365593,116.59502478407774,4.564511616220341,4.587514431441451,4.5753077614517546,109.30583333333334,114.55205464480875,108.47873330811665,4.541632849363135,4.54846580973575,4.5547564354034416,8.786350245491924
2023-03-22,sz001269,122.98,119.0,125.48,117.32,39291,472929802.82,6.63,-3.26,-4.01,11.44,4.594293082233929,-0.11280848434275192,119.44800000000001,119.99066666666666,120.33313015780487,4.622918042332068,4.648622096621144,4.630463655978428,121.977,120.59363636363636,120.46516053309159,4.588821553979465,4.607468357989317,4.615208962122603,119.72999999999999,120.9550476190476,118.8943675517907,4.616152071897975,4.613692497775192,4.592195664921224,115.83633333333333,118.67806451612904,116.75018447542756,4.562189545296275,4.589435816345554,4.576532620857057,109.77216666666666,114.86989617486338,108.82369287178494,4.542893203459744,4.550192374747907,4.556052718906081,8.674796682999226
2023-03-23,sz001269,117.1,116.33,120.0,115.0,31324,366157296.84,4.2,-2.24,-2.67,9.12,4.495877215295425,-0.09841586693850424,118.93200000000002,118.95133333333334,118.9987534385366,4.633820452109198,4.606275154275596,4.585601509084094,120.75399999999999,119.56690909090908,119.71331316343857,4.575188862203925,4.5905693873194915,4.593512280881297,119.90500000000002,120.6312380952381,118.65014207066777,4.605418487393392,4.602237749527331,4.583022479242576,115.65499999999999,118.70991397849463,116.72307579959353,4.558692162219996,4.58515760150679,4.571329046304694,110.27766666666666,115.08490710382512,109.06980130221821,4.544882757710453,4.548650866939242,4.554079751574584,8.563667693247611
2023-03-24,sz001269,115.11,118.2,119.58,112.1,34570,404676548.89,6.43,1.61,1.87,10.06,4.538699379542407,0.04282216424698149,119.56200000000001,118.70733333333332,118.73250229235774,4.61608101123991,4.574568130086666,4.569967465903532,119.975,119.10254545454546,119.43816531554063,4.573526376435831,4.5839349359264885,4.583546298819681,120.114,120.46885714285712,118.60727139727084,4.603223019836125,4.595883548779618,4.578801231652084,115.94200000000001,118.8741075268817,116.81836123187783,4.553447126877818,4.583867744559848,4.569223906513579,110.89,115.34465573770491,109.36915207919465,4.546326193219198,4.5484481332288125,4.553575477081726,8.60710803764394
2023-03-27,sz001269,116.92,122.75,126.6,116.0,47770,582604093.38,8.97,3.85,4.55,13.9,4.679155241283354,0.14045586174094726,119.85800000000002,119.77,120.07166819490516,4.603025296986359,4.595592873434481,4.60636339103014,119.67,119.60709090909091,120.04031707635141,4.596887707127375,4.603140184080583,4.600929742903984,120.2885,120.71990476190474,119.00181697848313,4.606733631262072,4.603115188917449,4.588358756378871,116.484,119.31333333333335,117.20104760401475,4.557801893042562,4.591977945489237,4.576316250692274,111.69066666666666,115.73350819672132,109.80786840446694,4.546780319372471,4.552803183985015,4.557692846399812,8.765373531658112
2023-03-28,sz001269,121.5,119.56,124.6,119.0,30389,367043644.29,4.56,-2.6,-3.19,8.85,4.482716409141233,-0.1964388321421211,119.168,119.67066666666666,119.90111212993679,4.55814826549927,4.555489910819438,4.565147730400504,119.401,119.58709090909092,119.95298669883296,4.577781713414615,4.582381766264921,4.579436409492574,120.28900000000002,120.65052380952379,119.05497726624665,4.606038188785658,4.5913040249059405,4.578297580451476,116.80933333333334,119.51178494623656,117.35323808117509,4.559303396521579,4.587133720721409,4.570277551237369,112.31366666666668,115.99151912568307,110.12761042399262,4.547642365325865,4.550702727911859,4.555234602555268,8.564717708250326
2023-03-29,sz001269,119.83,122.0,123.53,118.35,29405,355230079.55,4.33,2.04,2.44,8.56,4.468421183738056,-0.014295225403176737,119.768,120.61466666666666,120.60074141995787,4.532973885800095,4.5255808835657,4.532905548179689,119.60799999999999,120.05963636363636,120.32517093540878,4.577945964066081,4.562498033596456,4.559251822991753,120.75899999999999,120.8134761904762,119.33545562184221,4.587018705348154,4.578197643472835,4.567833161716864,117.256,119.84666666666668,117.6530291727122,4.5636402020177105,4.58127035215473,4.5637061726890265,112.84033333333333,116.30910382513662,110.51686909861581,4.545040386490175,4.548105312122096,4.552388260954705,8.550509733090484
2023-03-30,sz001269,121.47,128.22,130.0,119.72,52137,658108212.75,8.43,5.1,6.22,15.18,4.717146037938382,0.24872485420032575,122.146,123.432,123.14049427997192,4.577227650328687,4.58697160094513,4.59431904476592,120.53900000000002,121.62545454545455,121.76059440169809,4.605524051218942,4.587807137936874,4.587959862072958,121.68249999999998,121.52404761904764,120.1816027054763,4.600128431458518,4.590590722767143,4.582053435642723,118.09633333333335,120.55402150537634,118.3347692260856,4.5726418704542775,4.591173954472193,4.573605518834146,113.32,116.81335519125683,111.09729961997267,4.543467352308997,4.5537481203663,4.557790155282039,8.81829731053826
2023-03-31,sz001269,127.01,124.3,127.48,122.11,46095,574581585.62,4.19,-3.06,-3.92,13.42,4.663653819312059,-0.053492218626322696,123.36600000000001,124.15,123.52699618664795,4.602218538282616,4.615780323939588,4.6174306362813,121.46400000000001,122.30927272727273,122.22230451048026,4.6091497747612635,4.598376186681077,4.601722399752794,122.4375,121.77333333333334,120.57383101924046,4.613348209365775,4.596640759705576,4.589824900754088,118.722,120.95425806451613,118.71962282440266,4.580227030781765,4.597045693108179,4.5794150866069145,113.7385,117.17335519125685,111.53017504226865,4.543601752804491,4.557688660268039,4.5612610950863015,8.759351703466285
2023-04-03,sz001269,123.23,132.25,133.68,121.48,51687,668128801.2,9.81,6.4,7.95,15.04,4.7133813257204915,0.049727506408432376,125.266,127.11133333333333,126.43466412443198,4.609063755170045,4.652834586418878,4.649414199427698,122.56200000000001,124.27036363636364,124.04552187221111,4.606044526078202,4.617327377764573,4.622024022656011,123.04400000000001,122.70785714285714,121.68584711264612,4.615825635890229,4.606167723167928,4.601592179322318,119.58333333333333,121.8270322580645,119.59255038411862,4.589334637313329,4.605636292781645,4.588058069775532,114.28866666666666,117.78028961748635,112.20951356547296,4.544211538709162,4.563255203642334,4.566248643631685,8.824860193401106
2023-04-04,sz001269,130.72,129.5,133.49,125.58,48260,621359899.5,5.98,-2.08,-2.75,14.05,4.683587317572767,-0.02979400814772415,127.25399999999999,128.52266666666665,127.45644274962132,4.649237936856351,4.6776757738864525,4.660805238809388,123.21100000000001,125.53181818181818,125.03724516817272,4.60369310117781,4.6314260671272205,4.633217349004512,123.09400000000001,123.32271428571431,122.43005214953696,4.606090691692136,4.612621216661505,4.609401240108075,120.40566666666668,122.4668172043011,120.23174068191743,4.6009590249118455,4.6117171108629,4.594221247052774,114.77866666666667,118.2790218579235,112.77641476004762,4.543955884456772,4.567824901309992,4.570095813269097,8.79334322190282
2023-04-06,sz001269,128.0,127.3,129.01,122.97,38014,479220686.21,4.66,-1.7,-2.2,11.06,4.579943570379943,-0.10364374719282399,128.31400000000002,128.53799999999998,127.40429516641422,4.67154241418473,4.65457765172765,4.6338513493329065,124.04100000000001,126.27527272727274,125.44865513759585,4.602258149992412,4.627107970618518,4.623531207436408,123.00900000000001,123.72328571428571,122.89385670672392,4.595539851985938,4.610131014631771,4.606595747753015,121.167,122.91161290322582,120.68775741211631,4.611520764596121,4.610361275086649,4.5933001066222685,115.24933333333334,118.68955737704917,113.25259788266901,4.545139160966072,4.56900482543862,4.57041869055142,8.680535556695425
2023-04-07,sz001269,126.79,126.1,128.5,125.3,23727,300274558.82,2.51,-0.94,-1.2,6.91,4.37524283026077,-0.20470074011917294,127.89000000000001,127.8,126.96953011094281,4.603161772649206,4.555811123752998,4.547648509642195,125.018,126.64963636363638,125.56708147621477,4.590194711488946,4.585832457940038,4.578387866131747,122.88600000000001,124.01766666666668,123.19920368703593,4.582691786846436,4.589150345896042,4.584562136563277,121.60933333333334,123.22987096774193,121.03693435327011,4.600343895425243,4.595117537387593,4.579231895244108,115.64766666666667,119.04531693989071,113.67382418159788,4.540176807757017,4.563434453940086,4.5640194820173,8.477518537553149
2023-04-10,sz001269,125.69,128.25,131.95,124.38,43772,561355363.87,6.0,1.7,2.15,12.74,4.641196390550058,0.2659535602892875,128.68,127.92,127.39635340729522,4.598670286896806,4.568489329719949,4.578831136611482,126.023,127.23727272727271,126.05488484417572,4.600444412589711,4.5951054904966036,4.589807597844167,122.999,124.52852380952383,123.68023190731822,4.586985394512771,4.594722212915433,4.589955875038209,122.08366666666667,123.65830107526882,121.50229342725268,4.602296817420654,4.597753182234355,4.583229604618685,115.91149999999999,119.4585081967213,114.15173158547992,4.537967948429472,4.566746571408711,4.566549872460997,8.749237876777865
2023-04-11,sz001269,126.5,124.2,126.72,123.6,31459,392329115.72,2.43,-3.16,-4.05,9.16,4.497744913411732,-0.14345147713832596,127.07000000000001,126.42666666666668,126.33090227153016,4.555543004435054,4.534847538558258,4.5518023955448985,126.16799999999998,126.90581818181818,125.71763305432557,4.582303379802549,4.576432854282425,4.57306892794736,122.91900000000001,124.64290476190476,123.72973363043076,4.589595543464961,4.586223119477239,4.581173878692829,122.24833333333332,123.79483870967742,121.67633901259123,4.5985902141088975,4.591007898104747,4.577714463250495,116.12666666666668,119.73026229508196,114.48118300890681,4.534333649423712,4.565427783375343,4.564293972164299,8.593650539399789
2023-04-12,sz001269,123.1,119.88,124.86,117.23,44121,528113516.13,6.14,-3.48,-4.32,12.84,4.644645347139872,0.1469004337281401,125.146,124.02999999999999,124.18060151435344,4.547754610348475,4.564548319459862,4.582750046076557,126.2,125.76254545454546,124.65624522626638,4.598496273602413,4.587767757434666,4.586082822345999,122.80050000000001,124.35347619047617,123.36309233229449,4.5881389935085135,4.59146595792247,4.587218780449691,122.25933333333334,123.6420430107527,121.56044617306922,4.6035242170579105,4.593979197009971,4.582032584791746,116.308,119.8533224043716,114.65819340205739,4.534556551299357,4.569044560349644,4.566928443474973,8.722727282628732
2023-04-13,sz001269,121.0,120.29,122.8,119.61,22412,271397811.09,2.66,0.34,0.41,6.52,4.350480613795531,-0.2941647333443411,123.744,122.41133333333333,122.8837343429023,4.501862019031592,4.498790320608881,4.505326901982881,126.029,124.688,123.86238245785431,4.5867022166081615,4.542674001106143,4.543246057155004,122.8185,124.11438095238096,123.07041687207595,4.582324090337122,4.568831826521233,4.564672288387389,122.51566666666666,123.51498924731182,121.47848190383897,4.58691320910149,4.577653803251108,4.5670937479532805,116.52866666666667,119.98387978142077,114.84284279871125,4.534401901255687,4.563009283710174,4.559831793321548,8.433606340614183
2023-04-14,sz001269,118.43,120.2,122.83,117.5,24997,299688657.08,4.43,-0.07,-0.09,7.28,4.397887890207039,0.04740727641150766,122.56400000000001,121.23,121.98915622860154,4.506391031020845,4.464132277667364,4.469513898057601,125.227,123.62818181818184,123.19649473824443,4.554776401835026,4.508344123578665,4.5168172995281015,122.88300000000001,123.86500000000001,122.79704383664014,4.580150226526984,4.551266474127892,4.548788059989261,122.864,123.36559139784947,121.3959992003655,4.585011088250687,4.5654586213869495,4.55617724100191,116.7925,120.10425136612024,115.01848729711415,4.532782855248866,4.558533414495463,4.554522157153859,8.476670305639042
2023-04-17,sz001269,120.12,121.18,123.01,119.19,23285,283521505.26,3.18,0.82,0.98,6.78,4.36707624226875,-0.030811647938288722,121.15,120.76866666666666,121.71943748573437,4.451567001364585,4.417694014749998,4.435368012794651,124.915,122.89236363636365,122.82985933129089,4.525118644130695,4.474216821839342,4.489591652753674,123.1895,123.7028095238095,122.64303966172203,4.567134209445979,4.530973713722346,4.531482172587308,123.26333333333334,123.25694623655914,121.38206376808385,4.583938354287415,4.551398308742954,4.543977176567513,117.11399999999999,120.24810382513661,115.22050410704483,4.531099436713314,4.553100410791197,4.548376389452708,8.452586005950383
2023-04-18,sz001269,120.1,120.3,122.5,118.9,25431,306735076.85,2.97,-0.73,-0.88,7.4,4.4053634378769715,0.03828719560822158,120.37,120.48533333333334,121.24629165715625,4.433090706257633,4.402292826920794,4.4253664878220915,123.72,122.05327272727271,122.36988490741982,4.4943168553463435,4.452443147975029,4.474277431867001,123.14099999999999,123.42761904761903,122.41989302727231,4.550180690712272,4.515566973572915,4.519470864519657,123.26933333333334,123.06576344086022,121.31225320240104,4.5753227090422675,4.539877346393894,4.535034354716511,117.3915,120.35256284153006,115.38704495599418,4.531802191194334,4.548977919026072,4.543687440220715,8.486763442794798
2023-04-19,sz001269,119.07,115.4,119.42,115.01,36373,424779780.2,3.67,-4.07,-4.9,10.59,4.56077912260308,0.15541568472610834,119.474,118.82866666666668,119.29752777143752,4.416317461350274,4.4448556323692765,4.470504032749088,122.30999999999999,120.54054545454545,121.10263310607075,4.482036035849374,4.464527196567163,4.490005012000833,122.76050000000001,122.69038095238096,121.75133178657971,4.542864568513592,4.516576348038708,4.523404984337126,122.83266666666667,122.55806451612905,120.93081751192355,4.564739139744549,4.538939050494592,4.536695307483386,117.57316666666667,120.28726775956285,115.38746971153536,4.532279891300237,4.549927982350948,4.544247823249646,8.628163835859286
2023-04-20,sz001269,115.0,117.71,117.77,114.22,28062,325731173.7,3.08,2.0,2.31,8.17,4.448118620292147,-0.11266050231093239,118.958,118.24066666666666,118.76835184762501,4.435845062649598,4.455456018683234,4.463042228596775,121.351,119.70418181818181,120.4857907231488,4.468853540840595,4.458360393738576,4.482389304417436,122.696,122.20938095238095,121.3664430450007,4.5355558454165035,4.507552924398571,4.51623485442808,122.45633333333333,122.22756989247311,120.72302283373494,4.553311081604158,4.531415146013792,4.530980682503307,117.80750000000002,120.29175409836066,115.46361824558338,4.533012999576853,4.547168596416257,4.5410960461034975,8.512859324171332
2023-04-21,sz001269,120.0,117.85,123.88,117.3,36826,443150042.25,5.59,0.12,0.14,10.72,4.566154548823162,0.11803592853101463,118.48800000000001,117.87133333333333,118.46223456508335,4.469498394372822,4.498892514074423,4.497413002005571,120.526,119.06763636363635,120.00655604621264,4.487944712696835,4.476051486099043,4.49761934885484,122.772,121.74785714285713,121.03154370738157,4.539069712092891,4.510467086627775,4.520989111037135,122.09933333333333,121.93038709677417,120.53766652188109,4.551109428796568,4.532243756802114,4.533249964201363,118.06349999999999,120.29314754098361,115.54186027031834,4.538021523024868,4.548255204588267,4.541917636356602,8.646550795046053
2023-04-24,sz001269,112.5,106.07,112.5,106.07,22764,243707104.45,5.46,-10.0,-11.78,6.63,4.357248576936287,-0.20890597188687465,115.46600000000001,113.732,114.33148971005556,4.46753286130633,4.461475908262243,4.450691526982476,118.30800000000002,116.43927272727272,117.47263676508305,4.459549931335458,4.452288552324397,4.472097390324194,122.1655,120.15719047619045,119.60663478286904,4.5299971719625844,4.493150788041432,4.505394774456102,121.43533333333333,120.8962365591398,119.60426868175973,4.544506906787001,4.519736605069193,4.521895035990713,118.06466666666667,119.89991803278687,115.23130747457019,4.535865421923687,4.542328222749297,4.535862913096919,8.386868189744671
2023-04-25,sz001269,99.86,95.46,103.85,95.46,65567,643184503.0,7.91,-10.0,-10.61,19.08,4.816685313096868,0.45943673616058067,110.498,107.06333333333332,108.04099314003705,4.549797236350309,4.57786005885909,4.572689455687273,115.43400000000001,112.28509090909091,113.47033917143159,4.491443971303971,4.517222258099199,4.534749739919225,120.801,117.61380952380951,117.30695527973865,4.53687367555326,4.520454420530411,4.535041492421889,120.424,119.22040860215054,118.04657392809781,4.556878352744632,4.537296502250474,4.540913763545949,117.82066666666667,119.15878142076504,114.58306788524001,4.539601309727742,4.551535432295959,4.545070204900196,8.808335571899185
2023-04-26,sz001269,94.0,100.5,102.6,92.95,56935,565385470.09,10.11,5.28,5.04,16.57,4.755379324985936,-0.061305988110931686,107.518,103.73066666666665,105.5273287600247,4.5887172768268805,4.646387421737633,4.633586078786828,113.49600000000001,109.56981818181818,111.11209568571675,4.502517369088578,4.565210504223193,4.574864209931355,119.848,115.68038095238094,115.70629287214449,4.550506821345495,4.541264482381143,4.556026047904179,119.69900000000001,117.9349892473118,116.91453690047861,4.559598452035202,4.550103016588622,4.554750251380787,117.51266666666666,118.59089071038252,114.12132795457642,4.540098426931664,4.558610121320818,4.551965585886614,8.75234464331017
2023-04-27,sz001269,99.84,96.07,101.5,94.94,51542,502726684.76,6.53,-4.41,-4.43,15.0,4.7121612666035455,-0.0432180583823909,103.18999999999998,99.91466666666666,102.37488584001647,4.64152580608916,4.687535418329855,4.659777808059067,111.074,106.40145454545453,108.37716919740461,4.538685434369379,4.603327576498643,4.59982731114448,118.5515,113.4158095238095,113.83616974146406,4.56269382548877,4.55666014383429,4.570896068732691,118.90366666666667,116.41053763440858,115.56972806818968,4.567777871681207,4.559945778818839,4.564905800749997,117.08883333333333,117.88785245901639,113.52948113639357,4.543293055829377,4.564251525900224,4.557217903287169,8.701331938214826
2023-04-28,sz001269,97.27,96.26,98.95,95.4,31294,302312946.68,3.7,0.2,0.19,9.11,4.495461078227683,-0.2167001883758628,98.872,97.60466666666666,100.33659056001099,4.627387111970064,4.638847175709362,4.605005564781939,108.67999999999999,103.70800000000001,106.17404752514922,4.548442753171443,4.595468602654697,4.580851632432335,116.9535,111.29280952380954,112.16224881370559,4.551609577503235,4.550257025047521,4.56371178392269,118.14866666666667,114.9496559139785,114.32393916056455,4.569581068741804,4.555280179241192,4.560425496071138,116.73483333333334,117.2049398907104,112.96326864011837,4.545111469498371,4.562683264339513,4.555193089350793,8.480456746421233
2023-05-04,sz001269,95.66,91.89,96.3,91.33,39448,368016591.87,5.16,-4.54,-4.37,11.48,4.596024989523081,0.10056391129539843,96.036,95.27733333333335,97.52106037334066,4.675142394487423,4.628393134893701,4.602012039695653,105.751,100.65527272727273,103.57694797512208,4.571337627896876,4.6041199183549955,4.583610424630652,115.333,108.90580952380951,110.23155845049554,4.548228136013786,4.554487064287505,4.5667892320751085,117.37666666666665,113.25554838709677,112.87658824697974,4.568535348929612,4.556986238646436,4.562722237584167,116.36433333333333,116.39035519125682,112.27234179945874,4.5502429294090545,4.564352560078027,4.556531840176113,8.565867399095117
2023-05-05,sz001269,91.0,89.84,91.42,88.5,28437,255450103.04,3.18,-2.23,-2.05,8.28,4.453883777987123,-0.14214121153595816,94.912,93.212,94.96070691556045,4.602582087465474,4.5546402627269345,4.552635952459477,102.705,97.76236363636365,101.07932107055441,4.5761896619078914,4.582764672916859,4.560023761604556,113.2125,106.47790476190477,108.28950526473406,4.535253258627117,4.545501887332585,4.556036331685776,116.329,111.47898924731182,111.3903567471746,4.558850347777479,4.549589363101759,4.555700401481133,115.9455,115.52070491803276,111.53685518308305,4.554060263762921,4.561193243637964,4.553166329940408,8.407306082198138
2023-05-08,sz001269,90.49,91.48,93.26,89.36,25452,231896151.3,4.34,1.83,1.64,7.41,4.405721914564187,-0.04816186342293616,93.108,92.068,93.80047127704032,4.532650605381123,4.489020205093172,4.503664606494381,100.313,95.72145454545455,99.33398996681723,4.560683941104001,4.551770537036185,4.531968880324488,111.3115,104.40814285714283,106.68860000142605,4.521359988476688,4.533165568850401,4.541720672912292,115.278,109.87582795698924,110.1058176021956,4.548804359377062,4.539710109346062,4.546024370067136,115.59233333333333,114.71855737704918,110.87925337380163,4.556657987798701,4.556329691205218,4.548332086813319,8.3652935408629
2023-05-09,sz001269,91.58,89.18,92.0,88.43,25251,226705398.8,3.9,-2.51,-2.3,7.35,4.402278581895561,-0.0034433326686258425,91.73,90.75866666666667,92.26031418469356,4.470674068439527,4.445562863931317,4.469869264961441,97.46000000000001,93.69727272727273,97.48780997285046,4.556099937264344,4.52296956263465,4.508388826064683,109.40549999999999,102.30038095238095,105.02111428700454,4.512476739052469,4.521824482509342,4.528440473767842,114.284,108.19208602150538,108.75576485366686,4.542403876032449,4.530256833379514,4.536750448249616,115.06016666666666,113.85257923497268,110.16780244351305,4.552296710664363,4.551268071339543,4.543543447307818,8.355461862610552
2023-05-10,sz001269,88.88,90.3,91.55,87.78,24624,220655440.94,4.23,1.26,1.12,7.17,4.391358602487403,-0.010919979408157587,90.538,90.282,91.60687612312904,4.44985357329147,4.419124375280609,4.443699044136762,94.705,92.39545454545454,96.18093543233219,4.538620342630767,4.493016592675207,4.487110603596086,107.6155,100.48080952380953,103.61910340252791,4.513282527663801,4.510289421884097,4.515385057455419,113.41633333333333,106.64473118279571,107.56507034697869,4.538919922272183,4.520511977021768,4.527370329168183,114.53566666666667,113.04077049180329,109.51639908470933,4.548806042246089,4.545991412055051,4.538553780264525,8.343714640784276
2023-05-11,sz001269,90.15,88.95,91.99,88.8,27250,245046941.92,3.53,-1.5,-1.35,7.93,4.435366506612661,0.0440079041252579,89.95,89.75266666666667,90.72125074875271,4.417721876709387,4.41429535305434,4.440921531628729,92.993,91.3490909090909,94.86621989918088,4.546432135598406,4.474243167944642,4.477702585962736,105.6505,98.70314285714285,102.2220459356205,4.502991033466931,4.502868848450656,4.507764243089442,112.44133333333333,105.06625806451612,106.36409806652846,4.535475493174524,4.513831111495349,4.52143459868073,114.19166666666666,112.2018961748634,108.84209091799755,4.544461310026171,4.54227208301789,4.535170590964464,8.389249287074904
2023-05-12,sz001269,86.99,86.85,88.6,86.28,22065,192860883.51,2.61,-2.36,-2.1,6.42,4.343703931783211,-0.09166257482945017,89.352,88.71933333333332,89.4308338325018,4.3956859074686045,4.389622704745615,4.408515665013557,92.132,90.23218181818183,93.40872537205708,4.499133997467039,4.437383494523697,4.453339194293731,103.78299999999999,96.91261904761903,100.7580415607995,4.495288984385505,4.487698648290301,4.492139451536468,111.24466666666667,103.41520430107528,105.10512399772018,4.524293782857852,4.501458752695909,4.509968104042181,113.86433333333335,111.3054480874317,108.12103875675173,4.541047837950208,4.53568987389517,4.528892995581471,8.285244151965179
2023-05-15,sz001269,87.0,88.95,90.99,86.97,26125,232934518.17,4.63,2.42,2.1,7.6,4.4170562991191105,0.07335236733589934,88.846,88.58533333333334,89.27055588833454,4.397952784379589,4.396746168629117,4.4113625430487415,90.977,89.65363636363638,92.59804803168306,4.465301694880357,4.422460276642256,4.446742304261981,102.2365,95.4999523809524,99.6334661740567,4.483909531984468,4.4802479163601685,4.484988675115767,110.22433333333333,101.97683870967741,104.06285793335114,4.522105112523781,4.494540205357925,4.503973794047145,113.51683333333334,110.48858469945355,107.49248010898937,4.540704254522681,4.531624577540052,4.525226218648279,8.367233850664146
2023-05-16,sz001269,88.55,87.29,90.3,86.58,29853,263352902.08,4.18,-1.87,-1.66,8.69,4.474987980958807,0.05793168183969666,88.468,88.06666666666666,88.61037059222303,4.412494664192239,4.422424567488856,4.432571022352096,90.099,88.98327272727272,91.63294838955886,4.441584366315882,4.42422141956561,4.451877881843222,100.5865,94.0764761904762,98.45789796700367,4.49013490034263,4.479398244833916,4.484036228053199,109.06733333333334,100.49720430107527,102.98073806668333,4.522324005764474,4.49150039041825,4.502103741589833,113.16166666666666,109.62868852459013,106.83010371197332,4.5429821038910925,4.529469945619925,4.523579063314198,8.420538108531304
2023-05-17,sz001269,87.31,85.72,88.45,84.8,31351,268354572.0,4.18,-1.8,-1.57,9.13,4.496251398039319,0.021263417080511715,87.55199999999999,87.15066666666668,87.64691372814869,4.433473223302622,4.450343478771216,4.453797814247837,89.045,88.18709090909091,90.55786686418452,4.441663398297046,4.434160879878963,4.459945793878876,98.8625,92.66061904761906,97.24476482728903,4.495053075734245,4.479980768424076,4.485199577575687,107.65066666666668,98.99092473118277,101.86714206238119,4.514960851101173,4.489818286694047,4.501726171038188,112.87349999999999,108.7289617486339,106.13796916403977,4.543801360777724,4.527937791329703,4.522683074288792,8.428708998831016
2023-05-18,sz001269,85.16,85.2,85.9,84.78,20903,178245623.18,1.31,-0.61,-0.52,6.08,4.320208620558244,-0.17604277748107489,86.80199999999999,86.36666666666666,86.83127581876579,4.410441646091739,4.412588611189757,4.409268083017973,88.376,87.488,89.58370925251461,4.4140817614005625,4.412078193017362,4.434539035093306,97.0635,91.35942857142857,96.09764436754722,4.4927096946487195,4.4633289155501705,4.469486153097836,106.34733333333334,97.5424946236559,100.79184257448564,4.503512677809378,4.477253626659019,4.490015361329805,112.53466666666667,107.82163387978143,105.45147837177618,4.541869854295571,4.5206068818143095,4.516044567609102,8.251018874556939
2023-05-19,sz001269,85.16,85.69,85.88,83.97,17448,148154965.62,2.24,0.58,0.49,5.08,4.241745652570644,-0.07846296798760033,86.57000000000001,85.99600000000001,86.45085054584386,4.390049990249225,4.356356613349392,4.353427272868863,87.961,86.99963636363636,88.87576211569376,4.392867948858915,4.380744355048286,4.399485692816458,95.333,90.27623809523809,95.10644014206653,4.484528805383404,4.4394275782094015,4.4477965816190554,104.79533333333333,96.20976344086023,99.81753015032528,4.487791488704384,4.460365431482327,4.473997960764698,112.18933333333332,106.94148087431694,104.80356104811138,4.538563063008856,4.510766744052837,4.50705116055866,8.170716212044386
2023-05-22,sz001269,86.0,87.21,88.78,85.21,29337,255638110.0,4.17,1.77,1.52,8.54,4.467415700848101,0.22567004827745762,86.22200000000001,86.20933333333332,86.70390036389591,4.400121870595023,4.382145183549017,4.39142341552861,87.53399999999999,86.8630909090909,88.57289627647671,4.399037327487306,4.394298491773592,4.411836603367665,93.92349999999999,89.50261904761905,94.35439822377448,4.479860634295655,4.4377977587298485,4.449665069164679,103.38566666666667,95.07522580645161,99.00414110836881,4.480585768146894,4.459050864523856,4.473573298834595,111.89566666666666,106.12248633879783,104.22672298096018,4.540772396529371,4.508434043654124,4.505751637289461,8.40762559803469
2023-05-23,sz001269,86.68,87.91,90.5,84.88,34220,299797354.7,6.44,0.8,0.7,9.96,4.534280005205082,0.06686430435698032,86.34599999999999,86.77199999999999,87.1059335759306,4.411980275444278,4.42686456175237,4.439042278754101,87.40700000000001,86.93145454545454,88.45236968075366,4.412237469818258,4.41888806954046,4.434099040065377,92.43350000000001,88.92990476190478,93.74064601198643,4.484168703541301,4.44298055595932,4.4577236345018605,102.07266666666666,94.07679569892474,98.28839006911922,4.479063649307732,4.462515008850191,4.4774898605359175,111.61983333333335,105.33607103825136,103.69174845699426,4.545292206951927,4.508221178364803,4.506686993614563,8.476827796476698
2023-05-24,sz001269,87.33,92.55,94.99,86.23,70089,638054984.98,9.96,5.28,4.64,20.4,4.845649863699053,0.31136985849397103,87.712,88.83999999999999,88.92062238395374,4.481859968576225,4.571421091170628,4.574578140402418,87.63199999999999,87.86654545454545,89.19739337516208,4.457666595939424,4.497690322973332,4.508926462544227,91.1685,88.941,93.627251153702,4.498143469285095,4.4774073331172,4.494668989663499,100.95433333333334,93.46243010752687,97.91817135498249,4.4947438837556755,4.486165732359309,4.501242118804507,111.28183333333332,104.71083060109288,103.32644522889609,4.547543889590459,4.518068970389298,4.517800530338644,8.804858106063554
2023-05-25,sz001269,90.71,92.15,95.66,88.82,65279,608273535.87,7.39,-0.43,-0.4,19.0,4.814773492899476,-0.030876370799576947,89.102,90.31933333333333,89.9970815893025,4.580772943044471,4.682392265945046,4.654643257901438,87.952,88.688,89.73423094331443,4.495607294568105,4.562618849693342,4.564535013517908,90.4725,89.03447619047618,93.48656056763515,4.521019715083255,4.507562573461426,4.5251551328288295,99.75099999999999,92.89440860215053,97.54603126756427,4.500529787167323,4.506812803916972,4.52146994939128,110.91733333333333,104.0835573770492,102.96000440171916,4.551413302293988,4.5268305967273,4.5275373487832615,8.784098922042997
2023-05-26,sz001269,91.05,90.9,91.2,86.8,47901,426877352.1,4.77,-1.36,-1.25,13.94,4.680344580010567,-0.13442891288890824,90.14399999999999,90.91866666666667,90.29805439286834,4.668492728532455,4.71558281160041,4.663210365271148,88.357,89.22399999999999,89.94618895362089,4.52927135939084,4.596207447046517,4.585591298334755,90.24449999999999,89.07519047619046,93.24022146595561,4.51420267842894,4.52273637012117,4.539935080179472,98.641,92.32337634408601,97.11725505675368,4.506616442720617,4.518413758293957,4.5317199255602665,110.44466666666668,103.42725136612022,102.56459442133492,4.552603328414758,4.5310578517344,4.532547421938255,8.630303114000686
2023-05-29,sz001269,91.4,87.75,91.44,87.61,28882,256203160.43,4.21,-3.47,-3.15,8.41,4.460627263651389,-0.21971731635917813,90.252,90.12066666666666,89.4487029285789,4.667135041093113,4.646294323306722,4.595682664731228,88.237,89.11363636363636,89.54688187114436,4.5336284558440685,4.583726702366617,4.562870564755961,89.607,88.83761904761906,92.7173432311027,4.499465075362212,4.517633949666166,4.532381954795844,97.57,91.6207311827957,96.51291602083408,4.5004825066043335,4.51544671448304,4.527133302211307,109.91466666666666,102.68316393442623,102.07887001407803,4.5520033618311215,4.528042243053634,4.530189383961636,8.408584482742171
2023-05-30,sz001269,87.61,87.68,88.86,86.06,22418,195825799.46,3.19,-0.08,-0.07,6.53,4.350596864828633,-0.11003039882275623,90.206,89.26333333333334,88.85913528571928,4.630398413017824,4.540781597885228,4.51398739809703,88.276,89.01236363636365,89.20744880366357,4.521189344231051,4.550448231272901,4.5242753465873555,89.1875,88.65409523809522,92.23759625671197,4.481386855273467,4.5034560248534445,4.5150690890846805,96.483,90.98266666666667,95.94305047110285,4.50048638163877,4.505776673078154,4.515743854638232,109.49933333333334,101.95415846994534,101.6067759152558,4.54369979537013,4.521438751348635,4.5243011046458,8.291869908228088
2023-05-31,sz001269,87.32,86.3,88.75,86.28,22889,200115986.66,2.82,-1.57,-1.38,6.66,4.3596268191503516,0.009029954321718492,88.956,87.96133333333334,88.00609019047953,4.533193804108083,4.450524399929405,4.462533871781471,88.33399999999999,88.6530909090909,88.678821748452,4.507526886342154,4.521073226712773,4.494339250689718,88.6895,88.37909523809525,91.67211089892987,4.4745951423196,4.491859830936957,4.500265063376649,95.353,90.3256989247312,95.3209181826446,4.499211012603548,4.496688959369225,4.505671787832562,109.1085,101.19352459016392,101.10491440983756,4.542111050427118,4.515403571800445,4.518901947744309,8.301281784492735
2023-06-01,sz001269,86.3,83.23,87.14,83.2,36972,312993475.15,4.57,-3.56,-3.07,10.76,4.567872944364566,0.20824612521421404,87.172,86.05266666666668,86.41406012698636,4.483813694401102,4.462084113348232,4.497646895975835,88.137,87.72509090909091,87.68812688509709,4.532293318722786,4.532045237262304,4.507709013176054,88.25649999999999,87.85914285714284,90.86810033712702,4.473187540061675,4.500743431131716,4.506703909185022,94.088,89.54356989247312,94.54085894505464,4.505904236006741,4.501118761418322,4.509684765673337,108.67566666666667,100.34504918032788,100.5188516423019,4.544921295147078,4.51624822406069,4.520507554190875,8.495535284077162
2023-06-02,sz001269,82.81,86.17,87.5,82.81,36773,314937765.3,5.63,3.53,2.94,10.7,4.5655290617507935,-0.0023438826137720525,86.226,85.71866666666668,86.33270675132424,4.460850590749147,4.489322569131462,4.520274284567488,88.185,87.36745454545455,87.41210381507943,4.564671659640801,4.538088099631032,4.518221749280552,88.07300000000001,87.66042857142857,90.42066220978158,4.4787698042498585,4.509537861768774,4.512306304667476,92.95033333333335,89.0327311827957,94.00080352924466,4.511243090135869,4.504965524369552,4.5132876234847865,108.10983333333334,99.60715846994536,100.04839749009528,4.543282899589069,4.5169238885395,4.5219836691928395,8.498224741544742
2023-06-05,sz001269,86.5,84.05,86.58,83.57,20558,172978236.91,3.49,-2.46,-2.12,5.98,4.312980861723379,-0.2525482000274142,85.486,84.99333333333334,85.57180450088283,4.431321310363545,4.4400326594562065,4.451176476952786,87.869,86.61563636363636,86.80081221233772,4.549228175728329,4.492326136373319,4.480905224270157,87.7015,87.27728571428571,89.81393247551667,4.474132751607817,4.493748438671014,4.49332292914899,91.90533333333335,88.45851612903226,93.35881620477727,4.502983148106546,4.492174412859068,4.500364606596953,107.369,98.81831147540983,99.5238598674692,4.533861143925547,4.5093730020521,4.5151311181282665,8.237991466224504
2023-06-06,sz001269,84.63,84.22,85.5,82.43,27946,234469199.86,3.65,0.2,0.17,8.13,4.446319654718128,0.13333879299474827,84.79400000000001,84.57133333333334,85.12120300058857,4.4504658683414435,4.445032107574401,4.4495575362079,87.5,85.95218181818181,86.3315736282763,4.540432140679633,4.4736154961896455,4.474616938897061,87.45349999999999,86.94571428571427,89.28117700165794,4.476334805248946,4.491099572300568,4.488846426822241,90.789,87.96268817204302,92.76921515930778,4.502923182587411,4.488518703608202,4.4968778355079975,106.62266666666667,98.05932786885246,99.02209397017512,4.528117132095785,4.506502789291201,4.512875004573836,8.370085801382146
2023-06-07,sz001269,84.5,83.79,84.5,82.62,20395,169637925.0,2.23,-0.51,-0.43,5.94,4.309523709653114,-0.13679594506501402,84.292,84.23666666666666,84.67746866705906,4.440445246441996,4.398051388011625,4.402879594022972,86.624,85.27763636363638,85.86946933222606,4.48681952527504,4.431632145093915,4.444599988125433,87.128,86.59680952380951,88.75820776340481,4.472243060607232,4.475212801291441,4.4717680728061335,89.65366666666667,87.51113978494622,92.18991095548148,4.494368821281744,4.476041318257603,4.484790472549618,105.87650000000001,97.31071584699454,98.5226810531202,4.5227391250391555,4.499335791834064,4.506207749002664,8.229522951558472
2023-06-08,sz001269,83.55,81.31,85.15,81.0,31707,262225664.1,4.95,-2.96,-2.48,9.23,4.5011551526205675,0.19163144296745394,83.908,83.24266666666666,83.55497911137272,4.427101688093197,4.4182880234044815,4.435638113555504,85.54,84.31145454545455,85.04047490818495,4.455457691247149,4.434238622793102,4.454882745306366,86.74600000000001,86.04271428571431,88.04885464308053,4.475532492907627,4.477966333864139,4.47456684231227,88.82833333333333,86.97283870967745,91.48798121641816,4.499165707137886,4.4764791460859135,4.485846258360647,105.13183333333333,96.50525683060111,97.95833085465725,4.5218363069624425,4.498628120607225,4.5060420901048905,8.418675193958089
2023-06-09,sz001269,81.78,83.66,83.66,80.29,26460,217419983.43,4.14,2.89,2.35,7.7,4.422589839851482,-0.07856531276908552,83.406,83.16000000000001,83.58998607424849,4.398513843713333,4.416784073990578,4.431288688987497,84.816,83.96963636363637,84.78947947033313,4.429682217231241,4.428262649812072,4.449011307950933,86.5865,85.74880952380953,87.63086848659668,4.4794767883110405,4.4729241764302206,4.469616651601719,88.435,86.63939784946237,90.98295017019764,4.48602919136304,4.471538767551308,4.481765199101991,104.42949999999999,95.80126229508198,97.48953312171766,4.521453772053835,4.495374138078996,4.50330595075232,8.33729945830837
2023-06-12,sz001269,81.94,83.81,83.94,80.1,47087,273299202.15,4.59,0.18,0.15,9.79,4.672901021618144,0.2503111817666621,83.358,83.29466666666667,83.663324049499,4.470497875692287,4.508246466625514,4.5118261331977125,84.422,83.78672727272728,84.61139229390892,4.450909593027916,4.472484250609691,4.489718528617698,86.3295,85.48438095238096,87.26697624977795,4.492269024435992,4.49134553198328,4.488977067793759,87.87866666666667,86.34101075268819,90.52017919147522,4.483279914584114,4.48359501466454,4.49409654249013,103.78883333333333,95.1252131147541,97.04102383903839,4.521439183309657,4.5003396216712686,4.508866444879068,8.436638363846491
2023-06-13,sz001269,82.83,84.08,85.31,82.19,38901,231377194.9,3.72,0.32,0.27,8.09,4.589960765564777,-0.08294025605336675,83.33000000000001,83.53533333333333,83.80221603299933,4.499226097861618,4.548067429916344,4.537871010653401,84.062,83.72454545454546,84.5147755131982,4.47484598310153,4.497766281980029,4.5079443898808025,86.16900000000001,85.27014285714286,86.96345470218006,4.498017663666291,4.500649507328877,4.498594562819571,87.479,86.09593548387097,90.10468375976714,4.479206564549488,4.490477650211679,4.500281331075592,103.19133333333335,94.4790218579235,96.61607223775844,4.523492218115347,4.5025862309255364,4.511525275065484,8.364320551602935
2023-06-14,sz001269,83.84,81.59,84.32,81.43,28293,165745665.78,3.44,-2.96,-2.49,5.88,4.451678999573242,-0.1382817659915352,82.89000000000001,82.95533333333333,83.06481068866623,4.527657155845643,4.532218397153552,4.509140340293348,83.59100000000001,83.27509090909089,83.98299814716216,4.484051201143819,4.493554103156705,4.497714318915791,85.9625,84.83404761904762,86.45169711149624,4.495789043742986,4.496236301224777,4.494126413938968,86.99000000000001,85.716,89.55534932365313,4.477747161927673,4.488701678277729,4.497145696785118,102.56933333333333,93.77078142076503,96.12341413160243,4.523664115334738,4.500231699170057,4.509563102098525,8.219442180501002
2023-06-15,sz001269,80.89,86.01,86.71,80.48,66313,398154460.45,7.64,5.42,4.42,13.79,4.821598675838024,0.3699196762647814,83.83000000000001,83.99533333333333,84.04654045911083,4.591745860489134,4.630198903817679,4.61329311880824,83.869,83.71490909090909,84.35154393858723,4.509423774291165,4.554926371282923,4.556602383810742,86.003,84.83857142857144,86.40963071992518,4.520858546506975,4.527265789995734,4.525314248405545,86.79400000000001,85.6527741935484,89.3266171092239,4.485266284804838,4.510885646917106,4.518078147046596,102.08533333333335,93.2278524590164,95.7918267830253,4.526900816867225,4.510000045416066,4.519793776647361,8.600051585409432
2023-06-16,sz001269,85.42,87.41,89.79,85.06,64121,398566546.06,5.5,1.63,1.4,13.33,4.807000286780912,-0.014598389057111305,84.58,85.18866666666666,85.16769363940722,4.66862794987502,4.701950379248272,4.677862174799131,83.993,84.35872727272726,84.90762685884408,4.533570896794177,4.609031191735604,4.6021292752598635,86.089,84.97257142857144,86.5049039846942,4.5491212782174895,4.5545173843075375,4.55214149015558,86.713,85.69251612903227,89.20296439249978,4.497036835097964,4.531642679302658,4.536718285093972,101.521,92.74669398907103,95.51701279013922,4.527943591437721,4.519183634593564,4.529210383536984,8.600500843106898
2023-06-19,sz001269,87.43,88.8,90.91,86.6,53531,338637924.59,4.93,1.59,1.39,11.13,4.728605356412115,-0.07839493036879741,85.578,86.59533333333334,86.37846242627148,4.679768816833814,4.7219428480939705,4.694776568670126,84.468,85.23272727272726,85.61533106632697,4.575133346263051,4.64449200257523,4.625124926378454,86.16850000000001,85.2307619047619,86.72348455758046,4.562180760995689,4.571611106040358,4.568947572656203,86.62366666666667,85.82716129032258,89.17696668975786,4.507799616492895,4.546582583903572,4.549098096146756,100.95083333333332,92.32961202185791,95.29678286259367,4.528301987934978,4.525762708855019,4.535747923631251,8.529735593813838
2023-06-20,sz001269,88.69,87.85,90.07,87.57,36783,231368734.49,2.82,-1.07,-0.95,7.65,4.565647147150918,-0.16295820926119653,86.332,87.35266666666666,86.86897495084766,4.674906093151042,4.683902291533005,4.651733428163724,84.83099999999999,85.84763636363637,86.02163450881297,4.587066095506329,4.642767239100296,4.61431078470072,86.1655,85.39090476190476,86.8307717425728,4.563749118092981,4.571941238055142,4.568633246417605,86.57933333333334,85.90627956989248,89.09135593557994,4.5132452353347405,4.550314682655702,4.550165776856702,100.43166666666666,91.90007650273225,95.05262604742667,4.527824555683596,4.526987140304723,4.536728226041731,8.364304671141781
2023-06-21,sz001269,87.86,89.93,91.5,87.71,71045,452846758.11,4.31,2.37,2.08,14.77,4.851533518592558,0.28588637144163975,88.0,88.55199999999999,87.88931663389845,4.754876996954906,4.742778100013511,4.7183334583066685,85.44500000000001,86.77472727272729,86.7322464163015,4.641267076400274,4.690852225115974,4.657442190862872,86.03450000000001,85.74942857142855,87.12593633851824,4.564043300837657,4.59934927619796,4.595576129481886,86.56700000000001,86.12245161290323,89.14546200425221,4.528584399204912,4.572139733188465,4.569608856968694,99.99166666666666,91.55575956284152,94.88467109505203,4.533752160738548,4.537600548924688,4.547049711043398,8.655951263014018
2023-06-26,sz001269,88.42,86.43,90.79,83.09,66727,409161741.15,8.56,-3.89,-3.5,13.87,4.824301599708652,-0.027231918883906303,88.08399999999999,88.02866666666667,87.40287775593231,4.755417581729031,4.765919634264759,4.7536561721073305,85.957,86.95381818181818,86.6772925224285,4.673581721109082,4.72413122935386,4.687780265198468,85.7485,85.78709523809522,87.05965668723078,4.564519706178116,4.624135780852339,4.617359507598721,86.483,86.11361290322581,88.97027090720368,4.541548902308112,4.591218262253221,4.586040646822885,99.46216666666666,91.11111475409835,94.60746876406671,4.538512197741317,4.547126760038462,4.556139936901276,8.611895018040514
2023-06-27,sz001269,86.35,90.6,92.87,86.35,61160,391895204.38,7.54,4.82,4.17,12.72,4.786467476740283,-0.037834122968368966,88.72200000000001,88.86733333333333,88.46858517062154,4.751311019720905,4.7762695992685105,4.7645932736516485,86.651,87.798,87.39051206380513,4.709969484797962,4.744655912195898,4.705723394569707,85.7335,86.24914285714286,87.39683224082786,4.569825851014601,4.645273663763022,4.633465028469346,86.60799999999999,86.3792258064516,89.07541471964215,4.556307687140015,4.607019460603684,4.5989714100433625,98.92633333333333,90.82055191256832,94.47607634557272,4.540300734998934,4.555256441317116,4.563691659518947,8.593169949050834
2023-06-28,sz001269,90.39,96.69,98.47,89.72,93298,627599848.45,9.66,6.72,6.09,19.4,4.96987233401152,0.18340485727123745,90.3,91.52333333333333,91.20905678041436,4.799564415240786,4.849123370698715,4.83301962710494,87.93900000000001,89.62327272727273,89.0813280522042,4.7396666160373,4.791910975689271,4.753750474468218,86.18050000000001,87.29261904761906,88.2818958369395,4.595288104532608,4.683373328810347,4.665503819473363,86.866,87.02967741935483,89.56667828611685,4.574734888303095,4.633701050724427,4.622900501912277,98.54516666666665,90.74722950819671,94.54866400637361,4.548420000413438,4.569340756038841,4.577009058682638,8.797682830043426
2023-06-29,sz001269,96.43,103.51,105.86,95.39,110188,796068214.4,10.83,7.05,6.82,22.91,5.042134300345594,0.07226196633407334,93.43199999999999,95.92666666666668,95.30937118694291,4.8948618458797215,4.929979999066984,4.902724518185158,89.882,92.45436363636364,91.70472295180343,4.7848839695153815,4.846905100108961,4.806183897355013,86.97200000000001,88.9430476190476,89.7321914715167,4.629864976308456,4.725930109363965,4.701373389080242,87.40666666666668,88.10348387096776,90.46624742894802,4.593639765615988,4.663855851501362,4.649947843746684,98.237,90.91001092896175,94.84247830124662,4.55798188569023,4.585528110134977,4.5922590666060135,8.900950283652485
2023-06-30,sz001269,102.42,103.44,104.51,101.58,68998,504949037.64,2.83,-0.07,-0.07,14.34,4.838836502308961,-0.2032977980366324,96.134,99.26266666666668,98.01958079129528,4.892322442623002,4.911304884543397,4.881428512893093,92.067,94.91945454545454,93.83840968783917,4.8235997197889535,4.856714651525976,4.812120734619367,87.82900000000001,90.51142857142858,91.03769704565796,4.653825460466386,4.74583215945925,4.714465114149644,87.99733333333332,89.13789247311828,91.3032637238546,4.605059269091642,4.6796749958041355,4.6621342088152185,97.82400000000001,91.08060109289616,95.12436425858279,4.560010060096407,4.594736458220837,4.6003435726946345,8.703247548834357
2023-07-03,sz001269,103.47,102.28,104.8,100.52,58762,428415507.07,4.14,-1.12,-1.16,12.22,4.769096568843579,-0.06973993346538254,99.304,101.31133333333334,99.4397205275302,4.881281436449987,4.87022959328359,4.843984531543255,93.69399999999999,96.77636363636363,95.37324429005022,4.81834950908951,4.846804987717726,4.804298159023769,88.78150000000001,91.88771428571428,92.1083925651191,4.663886641690337,4.756810360257078,4.719668109834781,88.56666666666666,90.05935483870968,92.01144025779946,4.620022200701154,4.690258047401034,4.669035006236403,97.45700000000001,91.22669945355189,95.3589752664981,4.561767439255266,4.601591753589597,4.605876457814272,8.631865182311651
2023-07-04,sz001269,102.11,100.11,102.14,98.64,56869,402903016.25,3.42,-2.12,-2.17,11.82,4.75487559156674,-0.014220977276838909,101.20599999999999,101.58,99.66314701835347,4.874963059415278,4.828094311655841,4.814281551551083,94.964,97.9429090909091,96.23447260095018,4.813137039568092,4.835264275440859,4.795312237667946,89.4785,92.96661904761906,92.87045041606014,4.673353968181134,4.765475974531022,4.723021203333063,89.04733333333334,90.80408602150538,92.53392798310273,4.637126532001023,4.698958266166555,4.67457310851578,96.92133333333332,91.3136830601093,95.51474656923588,4.562459010352703,4.607923168419482,4.610761675314353,8.605200518656256
2023-07-05,sz001269,99.9,99.28,102.94,98.85,51788,370029714.17,4.09,-0.83,-0.83,10.77,4.714229139329622,-0.040646452237117714,101.724,100.93800000000002,99.535431345569,4.8238344204788985,4.774516338293955,4.780930747477263,96.01199999999999,98.72763636363638,96.78820485532287,4.811699417859843,4.817281020852046,4.780569856151887,90.24000000000001,93.90009523809522,93.4808837097687,4.6934163820614465,4.769368847973736,4.722183863904164,89.44966666666666,91.46425806451613,92.96915843580578,4.645353646617074,4.703932627929691,4.677131562116673,96.41766666666668,91.39101639344261,95.63819750139209,4.562969707381984,4.612899238222003,4.614154051183706,8.56823660023433
2023-07-06,sz001269,99.06,99.1,99.73,97.38,34548,242242675.15,2.37,-0.18,-0.18,7.18,4.538422910925707,-0.17580622840391502,100.84200000000001,100.06333333333332,99.39028756371268,4.723092142594922,4.679379168442891,4.700094801960078,97.137,99.2890909090909,97.20853124526415,4.808976994237321,4.7675943832276575,4.7365431388380355,90.98400000000001,94.74390476190477,94.01603764217168,4.6980215448718265,4.754607565008427,4.704682820763358,89.82266666666666,92.08686021505378,93.36469660123767,4.645491743474428,4.697033870788314,4.668182616878546,95.94766666666666,91.47896174863388,95.75169922265792,4.562277696391081,4.612094425223436,4.611671062978526,8.384250653875412
2023-07-07,sz001269,98.36,95.77,98.92,95.08,42027,288067528.91,3.87,-3.36,-3.33,8.74,4.623528390006715,0.08510547908100818,99.308,98.37266666666666,98.18352504247513,4.680030520134473,4.646191250913488,4.674572664642291,97.72099999999999,99.04054545454545,96.94698010976157,4.786176481378737,4.7338764551857295,4.715995002686886,91.583,95.19971428571431,94.18308167625057,4.713721778889505,4.747512978830797,4.696953827357963,89.92999999999999,92.47055913978494,93.51987746567394,4.638087694351351,4.695616880242008,4.665301699015848,95.44216666666668,91.47313661202185,95.75229924814454,4.566415789053512,4.614102644686245,4.612059827799122,8.459494307187143
2023-07-10,sz001269,96.61,98.93,98.96,95.0,52361,363423847.32,4.13,3.3,3.16,10.89,4.719007932193744,0.0954795421870287,98.638,98.24666666666667,98.43235002831676,4.6700127928045045,4.659183721599913,4.689384420492775,98.971,99.26036363636364,97.307529180714,4.775647114627246,4.7216639916975485,4.716542808051769,92.464,95.89942857142856,94.63516913565527,4.724614417868165,4.748016422002629,4.699054218294704,90.156,93.05120430107527,93.86891762917887,4.634895508994492,4.700837540747969,4.66876661728539,94.9535,91.58749180327867,95.85648615804143,4.567712648080907,4.619105665772809,4.615566323025175,8.560413421650274
2023-07-11,sz001269,98.65,98.26,98.85,95.31,48838,336093090.92,3.58,-0.68,-0.67,10.15,4.688757870531881,-0.030250061661862837,98.268,98.12066666666666,98.37490001887785,4.656789248597534,4.66543208084237,4.68917557050581,99.737,99.13109090909093,97.48070569331145,4.765876154006406,4.705865947316573,4.711491001229971,93.194,96.45142857142856,94.98039112273574,4.7379228194021845,4.7446015127325065,4.698073613745864,90.40133333333333,93.57404301075269,94.15221326600604,4.63517595201187,4.704312531814897,4.670056375559358,94.52116666666666,91.69590163934426,95.93528989056466,4.570896197366243,4.6230743615908745,4.6179660458942475,8.52645958475106
2023-07-12,sz001269,100.99,99.42,102.67,98.08,61572,438603372.15,4.67,1.18,1.16,12.8,4.789383260703009,0.10062539017112826,98.296,98.50466666666668,98.7232666792519,4.671820072872212,4.709630084877529,4.722578133904877,100.01,99.07345454545454,97.83330465816391,4.747827246675555,4.710139966715955,4.725653230225069,93.9745,97.04438095238096,95.40321101580852,4.743746931356428,4.74950250714211,4.7067697705989255,90.79033333333334,94.15589247311827,94.49207047465083,4.6461344852469235,4.714261390440133,4.677754884278303,94.18016666666666,91.85651912568308,96.04954268103795,4.573308495925629,4.630237871864211,4.623586282445355,8.642071966375948
2023-07-13,sz001269,99.24,97.56,101.1,96.47,46552,323678234.53,4.66,-1.87,-1.86,9.68,4.667938344185354,-0.12144491651765499,97.988,98.25933333333334,98.33551111950128,4.697723159524141,4.708336175315243,4.704364870665037,99.41499999999999,98.628,97.7836129021341,4.710407651059532,4.695614711717737,4.715159614581484,94.6485,97.38585714285713,95.60861949049342,4.747645810287457,4.742282641697245,4.703071539511919,91.11966666666666,94.59264516129032,94.69000141177014,4.656712534558816,4.715668091016806,4.677121559111017,93.80133333333333,91.96733333333333,96.09906587182358,4.578599458098793,4.633340489839939,4.625040448404042,8.510113496618121
2023-07-14,sz001269,96.62,95.28,97.37,93.85,41609,281903238.74,3.61,-2.34,-2.28,8.65,4.619187278405286,-0.048751065780068714,97.89,97.35666666666665,97.31700741300085,4.696854937203855,4.682157548275626,4.6759723399117865,98.599,97.87618181818183,97.32841055629153,4.6884427286691635,4.679029189416965,4.697710098913085,95.333,97.446,95.57732239616072,4.756021224229059,4.730048495803706,4.695082562263669,91.41900000000001,94.86105376344086,94.72806583681722,4.665364549867311,4.7132471067488355,4.673383863581615,93.386,92.01581420765028,96.07221125307527,4.58228778123543,4.63467123804671,4.6248485411909686,8.450100065438223
2023-07-17,sz001269,94.3,88.9,94.3,88.2,58603,374130423.12,6.4,-6.7,-6.38,12.18,4.767919848954892,0.14873257054960654,95.884,94.36,94.51133827533391,4.7066373205560845,4.705845852192637,4.706621509592821,97.261,96.11272727272728,95.79597227332943,4.688325056680295,4.693479574923461,4.710475508011594,95.47749999999999,96.83333333333333,94.9413869298597,4.753337282884902,4.731181698158546,4.702019446710452,91.608,94.69853763440862,94.35206158928064,4.672032780020323,4.719863577657712,4.679482959412149,92.848,91.86873224043715,95.83705678576132,4.588968508013532,4.640757535348987,4.629539403740605,8.57302302510791
2023-07-18,sz001269,89.62,85.65,89.81,85.06,46086,282908805.17,5.34,-3.66,-3.25,9.58,4.66356901549458,-0.10435083346031249,93.362,90.94866666666667,91.55755885022262,4.701599549548623,4.691489750505469,4.692270678226741,95.81500000000001,94.00163636363636,93.95125004181499,4.679194399073079,4.688978476526059,4.701947054826682,95.3895,95.89738095238096,94.05649293653974,4.746165719320585,4.722632339359468,4.698357500880369,91.59066666666668,94.31415053763439,93.79063826093996,4.675300778478449,4.7193175283334705,4.678456253352952,92.27050000000001,91.63273224043716,95.50305492393308,4.593271934307158,4.643203453627054,4.630655128716144,8.451646464520383
2023-07-19,sz001269,85.45,84.18,85.47,84.12,25109,150599742.15,1.58,-1.72,-1.47,5.22,4.399829416690223,-0.2637395988043565,90.314,87.888,89.09837256681509,4.6236887807460665,4.590899706219336,4.5947902577145685,94.305,91.88618181818183,92.17465912512135,4.647754426809139,4.638184843365539,4.647016575165508,95.1585,94.8298095238095,93.1158745616312,4.729726922334491,4.689647929585148,4.669926254767022,91.595,93.83604301075268,93.17059708281481,4.678195730310677,4.701545182411649,4.660480328406969,91.75016666666666,91.3674699453552,95.13180722150905,4.590589439208612,4.63686107600027,4.623087072584147,8.177824228286143
2023-07-20,sz001269,84.43,84.46,85.89,83.8,32946,198071476.54,2.48,0.33,0.28,6.85,4.51780269409302,0.11797327740279684,87.694,85.93666666666668,87.55224837787674,4.5936616507276,4.555604344001654,4.569127736507387,92.84100000000001,90.09618181818183,90.77199382964474,4.645692405125871,4.614557255598973,4.623523142243237,94.989,93.81090476190478,92.29150555576157,4.727334699681596,4.669464669752628,4.655438296607593,91.60300000000001,93.37572043010753,92.60862307747193,4.680578498289841,4.691197244591154,4.651275319741553,91.19599999999998,91.12844808743169,94.78191190277104,4.591750840438626,4.634474625340741,4.619635125748372,8.296821939076244
2023-07-21,sz001269,83.1,80.96,83.66,80.44,36935,214040930.69,3.81,-4.14,-3.5,7.68,4.567438103357006,0.049635409263985686,84.83000000000001,83.692,85.35483225191783,4.583311815717944,4.546863161544788,4.56856452545726,91.36,87.936,88.98799495152751,4.640083376460899,4.600329200731905,4.61332586244574,94.5405,92.47480952380953,91.21231455045094,4.713129928919818,4.654236422483619,4.647057325821823,91.50866666666667,92.68907526881722,91.85709900795761,4.689175644746637,4.683897864272908,4.645866467071582,90.58116666666666,90.79284153005464,94.32873446333593,4.591772233014191,4.633677486420034,4.617923747965048,8.330496830699959
2023-07-24,sz001269,80.34,79.89,81.55,79.05,22638,129003407.78,3.09,-1.32,-1.07,4.71,4.354838055584639,-0.21260004777236663,83.02799999999999,82.04533333333333,83.53322150127856,4.500695457043894,4.470705241500354,4.4973223688330535,89.45599999999999,85.85054545454545,87.33381405124979,4.603666388799989,4.54846641511804,4.566328079380085,94.2135,91.0795238095238,90.13399887897941,4.689656751713618,4.620113386927888,4.619226919132568,91.46133333333334,91.93948387096773,91.08502810421842,4.6842984081787735,4.6623276972301975,4.627090440524038,90.14483333333332,90.44231147540985,93.85533333339049,4.59173205765833,4.6259091527338185,4.609297987559133,8.110601182861277
2023-07-25,sz001269,80.78,80.29,81.49,80.16,23673,135508269.52,1.66,0.5,0.4,4.92,4.374253298101757,0.019415242517117903,81.956,81.13266666666667,82.45214766751906,4.4428323135653285,4.428557855186308,4.456299345255955,87.659,84.18400000000001,86.05312058738618,4.572215931556977,4.506754944081997,4.531405391874935,93.69800000000001,89.7534761904762,89.19647517621947,4.669046042781692,4.590074962774376,4.595896098082014,91.34899999999999,91.21875268817203,90.38857467813983,4.682687190120449,4.642324786902649,4.610778366819375,89.89200000000001,90.11920218579236,93.41056830606621,4.584358190741743,4.6187787016008155,4.601591604298235,8.131965799249667
2023-07-26,sz001269,80.34,81.56,83.28,79.6,30980,179887480.04,4.58,1.58,1.27,6.44,4.491081413423188,0.11682811532143056,81.432,81.00066666666666,82.15476511167938,4.461082712911923,4.444640888472262,4.467893367978366,85.873,83.07509090909092,85.23618957149777,4.5423857468289945,4.492003213512218,4.524073759429162,92.94149999999999,88.5974761904762,88.46919182610333,4.645106496752275,4.573125950454519,4.5859137471621265,91.27399999999999,90.58720430107527,89.81898921503405,4.676626536513949,4.629963123889922,4.603055982729298,89.57633333333335,89.8460218579235,93.02202508291649,4.5799532255490325,4.615720446606765,4.597968319351512,8.255000938005063
2023-07-27,sz001269,81.01,80.87,82.33,80.44,18836,108631357.95,2.32,-0.85,-0.69,3.92,4.274988681770685,-0.21609273165250276,80.71400000000001,80.81333333333333,81.72651007445293,4.412519910447455,4.382609544758515,4.403591805909139,84.204,82.16545454545455,84.44233692213454,4.503090780587528,4.443385565319799,4.478785563491257,91.8095,87.44780952380954,87.74545927123634,4.606749215823529,4.537876634741987,4.556301836172465,91.16699999999999,89.91597849462366,89.24163507212863,4.666127467054148,4.604051004229066,4.581890350409388,89.32300000000001,89.56056830601095,92.62359803101758,4.572667015801817,4.605721609105835,4.587378823037387,8.03595520848361
2023-07-28,sz001269,80.41,81.28,81.41,79.6,18348,104770277.96,2.24,0.51,0.41,3.81,4.2635887314599445,-0.011399950310740259,80.77799999999999,81.00200000000001,81.57767338296863,4.351750036068043,4.3329658184293445,4.356924114426074,82.804,81.63381818181817,83.86736657265553,4.467530925892993,4.399839738205692,4.439658866758291,90.7015,86.44500000000001,87.1297012454043,4.577986827281078,4.505194683850217,4.528424397628416,91.15666666666667,89.27810752688174,88.72798119650744,4.65985779145037,4.578080763222989,4.56135476209007,89.07333333333332,89.29686338797814,92.25167678409896,4.568802476689021,4.595587894865118,4.576762754461077,8.020238096114053
2023-07-31,sz001269,81.27,81.49,82.02,80.78,20656,119168718.47,1.53,0.26,0.21,4.29,4.315046224922345,0.051457493462400805,81.098,81.23933333333335,81.54844892197909,4.343791669935584,4.320731214714113,4.342964817924831,82.06300000000002,81.3949090909091,83.43511810489997,4.422243563489738,4.37211524712012,4.417002022788118,89.662,85.56771428571429,86.59258684108008,4.555284310085017,4.480152721720813,4.508102666894505,91.00600000000001,88.65445161290323,88.26101466770051,4.642972709753181,4.5558348557050525,4.54546388872441,88.9,89.04822950819673,91.89883492232522,4.56411949727901,4.5872680177580145,4.568181884640135,8.076162269005081
2023-08-01,sz001269,81.27,76.2,81.27,75.72,47181,260130770.86,6.81,-6.49,-5.29,9.81,4.67376714150675,0.35872091658440475,80.28,79.60666666666665,79.76563261465273,4.403694438616583,4.430723038571169,4.4532322591188045,81.118,80.3289090909091,82.11964208582725,4.423263376090956,4.417846806759576,4.463686589827869,88.46650000000001,84.28561904761906,85.60281666573911,4.551228887582018,4.491436800903836,4.523880235905195,90.63233333333334,87.69922580645162,87.4828846891392,4.638531604910709,4.557821593237541,4.553741517936174,88.67266666666666,88.63183606557378,91.38411902323259,4.567784220004337,4.590863022486793,4.57164369634068,8.41519172791398
2023-08-02,sz001269,83.1,79.26,83.1,78.23,51556,292963456.26,6.39,4.02,3.06,10.72,4.712279215017366,0.03851207351061614,79.82000000000001,79.26666666666667,79.5970884097685,4.447933998935418,4.533584630704763,4.539581244418326,80.626,79.99109090909091,81.59970716113138,4.45450835592367,4.470395141109833,4.5088852489532325,87.4655,83.40880952380952,84.99873888804969,4.551131391366405,4.5067749273262505,4.54182299582064,90.31433333333332,86.96552688172045,86.95237599951732,4.6379874001975505,4.562579503567003,4.563969756457542,88.469,88.32322404371585,90.98660692411019,4.5728935083452225,4.595600563306892,4.57625469695303,8.466813450612017
2023-08-03,sz001269,78.38,77.29,79.45,76.59,42153,233019645.8,3.61,-2.49,-1.97,8.76,4.624828488500072,-0.08745072651729391,79.104,78.42333333333335,78.82805893984568,4.5179019602812955,4.592549460559647,4.5679969924455746,79.909,79.38454545454545,80.81612404092567,4.465210935364375,4.501362437941906,4.529965837961749,86.375,82.4397142857143,84.264573279664,4.555451670245122,4.513793698481837,4.549728280837729,89.96233333333335,86.12524731182795,86.32899690277426,4.639960111575856,4.561730541522003,4.567896126266738,88.27083333333333,87.9566994535519,90.53753784463116,4.576602673455298,4.597303349541477,4.577847280282441,8.36739253777647
2023-08-04,sz001269,77.29,76.49,77.64,75.82,27861,151233684.92,2.35,-1.04,-0.8,5.79,4.444996700267696,-0.17983178823237633,78.146,77.55199999999999,78.04870595989712,4.5541835540428455,4.568247707221781,4.526996895052949,79.46200000000002,78.76290909090909,80.02955603348464,4.452966795055444,4.497687122469782,4.514516903835557,85.411,81.49828571428571,83.52413772921982,4.546525085758171,4.503274177531606,4.539753844592965,89.51433333333333,85.25606451612903,85.6942229090469,4.62640888429836,4.549152256921477,4.5599671310409935,88.04066666666668,87.5704426229508,90.07696283333178,4.577496641751636,4.5929883996009,4.573491523560645,8.179648534191307
2023-08-07,sz001269,76.35,75.57,76.38,75.19,25262,135560213.4,1.56,-1.2,-0.92,5.25,4.40246773080283,-0.04252896946486562,76.962,76.69333333333333,77.22247063993142,4.5716678552189425,4.5176757661417755,4.485487173636242,79.03,78.05527272727272,79.21872766376015,4.457729762577263,4.488505474423852,4.494144326920516,84.243,80.56104761904761,82.76660080262745,4.530698075688626,4.489554429440621,4.526678976612952,89.15233333333335,84.35643010752688,85.04104723749549,4.612347755334833,4.5347044405669275,4.549805879412725,87.81766666666667,87.16156830601095,89.60132470764876,4.576948328821473,4.5872497467829065,4.567884186093176,8.132132243835814
2023-08-08,sz001269,76.07,75.88,76.95,75.19,16476,88588848.36,2.33,0.41,0.31,3.43,4.21685178328438,-0.18561594751845067,76.898,76.33266666666665,76.77498042662094,4.4802847835744695,4.399403742163588,4.395942043518955,78.589,77.48254545454546,78.61168627034921,4.441989611095526,4.444709478188783,4.4437275008048545,83.124,79.76457142857141,82.11073405952007,4.507102771326251,4.459664306354503,4.497171624867374,88.66166666666666,83.50015053763443,84.45001193185063,4.5933605655529695,4.509188571402383,4.528324969985089,87.63483333333333,86.7701693989071,89.15144520903732,4.574834126346492,4.575443302666936,4.556374926984691,7.947379055966849
2023-08-09,sz001269,75.4,74.34,75.51,74.28,20186,107024339.03,1.62,-2.03,-1.54,4.2,4.305050268917223,0.08819848563284349,75.91400000000002,75.48,75.96332028441397,4.39883899435444,4.34099223727784,4.365644785318378,77.867,76.71,77.83501603937663,4.423386496644929,4.419811415974546,4.418513458643466,81.87,78.92800000000001,81.37066414908959,4.482886121736962,4.440421210886975,4.478874352872121,87.91666666666667,82.57617204301074,83.7977530975377,4.571199830049826,4.490587907103301,4.513920150561356,87.39133333333334,86.33427322404371,88.66582405464266,4.57296735917646,4.566597930292205,4.548134774261167,8.029482554361893
2023-08-10,sz001269,74.0,75.16,75.95,73.65,21041,112323107.15,3.09,1.1,0.82,4.37,4.323066376363904,0.01801610744668114,75.488,75.22866666666665,75.69554685627598,4.338486571927207,4.3157346979476605,4.351451982333554,77.296,76.21781818181817,77.3486494867627,4.428194266104251,4.401571394105268,4.401159443683546,80.75,78.28895238095238,80.77917232536677,4.46564252334589,4.425200282756209,4.464035497966576,86.97166666666665,81.75316129032258,83.24047870414816,4.547230899250437,4.474579297188079,4.50160700383894,87.18916666666668,85.93324590163934,88.22301015121174,4.570435332433211,4.558404455445893,4.540755482526831,8.050469108669589
2023-08-11,sz001269,74.98,74.88,76.63,74.77,27943,150092263.04,2.47,-0.37,-0.28,5.81,4.446273030751088,0.12320665438718326,75.166,75.026,75.423697904184,4.338741838023885,4.351663517555621,4.383058998472732,76.65599999999999,75.77854545454545,76.89980412553311,4.446462696033366,4.404858442222875,4.409361914059462,79.72999999999999,77.72990476190476,80.21734638961756,4.4569968109631795,4.423355569175752,4.462343834422245,86.01966666666667,80.97305376344086,82.7010929812999,4.5341454501985075,4.468065886317154,4.498037070091336,87.0085,85.52966666666667,87.78553440854905,4.569602359645074,4.554333560308774,4.537657697222708,8.176358305796654
2023-08-14,sz001269,73.79,75.37,75.37,73.05,23268,122115629.78,3.1,0.65,0.49,4.84,4.36675905512633,-0.07951397562475737,75.126,75.094,75.40579860278933,4.331600102888585,4.361002589923102,4.377625684023932,76.044,75.54472727272727,76.62165792089073,4.4516339790537645,4.390366871148869,4.401615939707983,79.05350000000001,77.31466666666665,79.75569435251113,4.436938771271751,4.414761497191289,4.453240522108348,85.12266666666666,80.28597849462365,82.22811924057088,4.520734199741266,4.457266764054433,4.489567520738755,86.84466666666667,85.14807650273227,87.37846770662941,4.57037820022121,4.547682960160618,4.532054463055614,8.086771253566422
2023-08-15,sz001269,74.7,73.17,75.16,72.92,20771,108603663.2,2.97,-2.92,-2.2,4.32,4.317457405732373,-0.04930164939395709,74.584,74.44200000000001,74.66053240185957,4.351721227378183,4.356288357537698,4.357569591260079,75.741,75.02218181818182,75.99408375345604,4.416003005476326,4.365971130544979,4.386314388076054,78.42949999999999,76.75433333333332,79.12848536655768,4.419633190783641,4.4033823195208734,4.440308796739208,84.22466666666666,79.51483870967742,81.64372445085662,4.506153593546786,4.444152132182893,4.4784636423512465,86.63600000000001,84.69972677595628,86.91261630641205,4.5716400627739056,4.539390475095411,4.5250184939630484,8.035844474246522
2023-08-16,sz001269,72.6,72.35,74.69,72.12,23901,124214928.72,3.51,-1.12,-0.82,4.97,4.37841607188523,0.06095866615285672,74.186,73.69733333333333,73.89035493457305,4.366394387971785,4.365186639040047,4.3645184181351295,75.05,74.40563636363636,75.33152307100949,4.382616691163112,4.359137142619326,4.384878330586813,77.838,76.17533333333333,78.48291533164743,4.418562523543391,4.399456879625786,4.434414251515019,83.327,78.7487311827957,81.04412932499491,4.494959824631974,4.435911001753113,4.472008960385697,86.38833333333334,84.23133333333332,86.43515347669361,4.570156735624524,4.5330552622793885,4.520211857173611,8.094173794480628
2023-08-17,sz001269,72.05,74.36,75.02,71.51,30139,157053656.76,4.85,2.78,2.01,6.27,4.479128838499958,0.10071276661472783,74.026,73.75533333333333,74.04690328971537,4.397606880398995,4.402764789216105,4.4027218915900725,74.75699999999999,74.28018181818182,75.15488251264412,4.368046726163101,4.37668480577148,4.40201478657102,77.333,75.84409523809524,78.09025672863339,4.416628830763739,4.40522510009784,4.438672783608823,82.50233333333334,78.17021505376346,80.61289517499524,4.492983355551116,4.434889647809113,4.472468307360811,86.1625,83.83696174863387,86.03924680532661,4.569237549512772,4.530070741062189,4.518864872954802,8.196048052751086
2023-08-18,sz001269,74.35,73.36,76.31,72.98,29393,156209551.58,4.48,-1.34,-1.0,6.11,4.468243914652197,-0.010884923847760852,73.72200000000001,73.53333333333333,73.81793552647693,4.402001057179218,4.426310467300506,4.424562565944115,74.44399999999999,74.02618181818183,74.82854023761791,4.370371447601551,4.3949024764058615,4.414056446222143,76.953,75.46571428571428,77.63975608781116,4.411669121328498,4.410140822372931,4.44148908180343,81.75533333333334,77.5803870967742,80.14496645402781,4.487807206372632,4.433293554847893,4.472195765895739,85.84266666666667,83.41720765027321,85.62353379531591,4.562947450361991,4.5267594743454485,4.517205169403897,8.19370758569789
2023-08-21,sz001269,73.13,73.47,74.28,73.13,22301,116443429.6,1.57,0.15,0.11,4.64,4.3483243377003875,-0.11991957695180933,73.342,73.44933333333333,73.7019570176513,4.398314113694029,4.408418227474229,4.399149823196206,74.23400000000001,73.8490909090909,74.58153292168738,4.364957108291307,4.390893910969285,4.402105153763642,76.632,75.134,77.24263646040059,4.4113434354342855,4.40410798583692,4.432616249031711,80.90666666666667,77.0458494623656,79.71432345699375,4.475451086556187,4.424294660094843,4.464204060850878,85.53133333333334,83.01154644808743,85.22505727743669,4.555173297775339,4.519722650979495,4.511668092954602,8.066114988199447
2023-08-22,sz001269,73.37,72.31,73.99,70.65,30814,157203466.7,4.55,-1.58,-1.16,6.41,4.488748078231586,0.14042374053119833,73.16999999999999,73.10533333333333,73.23797134510087,4.432572248193871,4.438562882320081,4.429015908207999,73.877,73.49927272727273,74.16852693592604,4.392146737786027,4.4134013600493365,4.4178584127578135,76.233,74.72238095238096,76.77286155941006,4.417068174440777,4.41147985657952,4.437962137526937,80.04166666666667,76.49122580645161,79.23662516944577,4.46878409347951,4.425152530525515,4.465787545843182,85.2215,82.57806010928962,84.80161277653713,4.55198002274569,4.51754477492888,4.510916617062043,8.196462119006695
2023-08-23,sz001269,71.49,69.94,71.79,69.81,24390,122004791.08,2.74,-3.28,-2.37,5.07,4.387211800313731,-0.10153627791785524,72.688,72.02866666666667,72.13864756340058,4.434331393879572,4.423442733026701,4.415081205576577,73.437,72.78345454545455,73.39970385666675,4.400362890925679,4.412504098690737,4.412286301404343,75.65200000000002,74.1230476190476,76.12211283946624,4.411874693785304,4.408636392376945,4.43312877207806,79.059,75.83950537634409,78.63684290044928,4.455378378133201,4.419889801934174,4.460718142905798,84.92466666666668,82.07702732240436,84.31434678386377,4.550756431690062,4.512142538127832,4.506860721430951,8.086376885582542
2023-08-24,sz001269,70.26,72.18,73.36,69.3,40473,206645851.1,5.8,3.2,2.24,8.41,4.607165397007266,0.21995359669353576,72.252,71.85933333333334,72.15243170893373,4.459938705581034,4.4810540674025985,4.479109269386807,73.139,72.55490909090909,73.17793951909097,4.428772792990015,4.450104554341934,4.447718864241238,75.2175,73.79238095238095,75.74667352142184,4.428483529547133,4.427235506969513,4.449703688737984,78.21300000000001,75.39569892473118,78.22027239074288,4.453352613227264,4.429682512829276,4.470166352847829,84.66633333333333,81.6591693989071,83.91649934832725,4.5550325738930395,4.513992012400528,4.510149399318699,8.315226690225208
2023-08-25,sz001269,71.3,70.53,72.95,69.81,26740,134864254.47,4.35,-2.29,-1.65,5.56,4.427161402925965,-0.18000399408130097,71.686,71.28533333333333,71.61162113928916,4.4517222032357875,4.47012829985091,4.46179331389986,72.704,72.08054545454546,72.69649597016533,4.426861630207502,4.449811574330289,4.443981144002097,74.67999999999999,73.34595238095238,75.24984747176262,4.436662163120434,4.427109590148449,4.447556804374935,77.38799999999999,74.90002150537634,77.7241257848885,4.446951750711288,4.427992757325966,4.467391839949644,84.4035,81.19568306010927,83.4775977303493,4.5561581502893,4.509799514991771,4.507428481404183,8.129896855946436
2023-08-28,sz001269,74.66,70.92,74.66,70.68,35280,182452793.72,5.64,0.55,0.39,7.33,4.547528576459782,0.12036717353381654,71.176,71.03,71.3810807595261,4.491563050987667,4.502063757592241,4.490371734753168,72.259,71.75618181818182,72.37349670286254,4.444938582340848,4.471751019103431,4.462807949903494,74.1515,72.98785714285714,74.83748104588047,4.448286280697306,4.437668296180768,4.457077925525873,76.78866666666666,74.4827311827957,77.28514992779893,4.43960537496145,4.434481584793611,4.472561951982557,84.19833333333334,80.75360109289618,83.06587321460015,4.555819077490886,4.509516578144901,4.508743238619121,8.261150517675405
2023-08-29,sz001269,70.22,74.34,74.35,70.01,38525,199114886.94,6.12,4.82,3.42,8.01,4.585742647390457,0.03821407093067464,71.58200000000001,72.08466666666666,72.3673871730174,4.5109619648194395,4.533456956393172,4.522162038965598,72.376,72.13454545454546,72.73104275688753,4.471767106506656,4.49735175820336,4.4851597130829415,74.05850000000001,73.00580952380952,74.79010189865376,4.443885055991491,4.450759378722974,4.469331708560595,76.41166666666666,74.32475268817203,77.0951402550377,4.437011162691312,4.443909795918064,4.479863932331454,84.00116666666666,80.43037704918032,82.77977901084276,4.556155970584881,4.510497678797346,4.511267809398508,8.29910373152011
2023-08-30,sz001269,73.99,75.39,75.39,73.06,36070,190391687.75,3.13,1.41,1.05,7.5,4.557146142318363,-0.02859650507209377,72.672,73.354,73.3749247820116,4.544948833220366,4.548851682226145,4.533823406749853,72.68,72.68254545454545,73.21448952836252,4.489640113549969,4.512875219260033,4.498248154762108,73.865,73.13261904761904,74.84723505116293,4.436128402356541,4.461546148849341,4.477694987966096,76.11866666666667,74.25883870967742,76.98513120632559,4.442255053545583,4.45166043976497,4.484849881362868,83.85683333333333,80.14804371584698,82.53749117442169,4.560225391928131,4.510530143444346,4.512772017035225,8.279647983738007
2023-08-31,sz001269,74.67,73.71,74.81,73.43,23173,121702195.4,1.83,-2.23,-1.68,4.82,4.364982261632262,-0.1921638806861008,72.978,73.7,73.48661652134108,4.496512206145366,4.488862825030111,4.47754302504399,72.615,72.86981818181819,73.30458234138752,4.4782254558632,4.490210155274996,4.474017992374863,73.686,73.11785714285715,74.73892695105216,4.42313609101315,4.45477032592322,4.4669604426009695,75.76033333333334,74.10344086021504,76.77383241882072,4.437161039130226,4.446675098351206,4.477116486541539,83.68166666666666,79.81536065573772,82.24806523427672,4.558869768710033,4.504128729336284,4.507926451284307,8.085298412589193
2023-09-01,sz001269,73.68,73.31,74.13,72.84,18844,98094511.24,1.75,-0.54,-0.4,3.92,4.275173095566196,-0.0898091660660656,73.53399999999999,73.81066666666668,73.42774434756072,4.466114544673411,4.415083121503721,4.410086381884725,72.61,72.99618181818182,73.30556737022614,4.4589183739545994,4.453291544311905,4.437864374773287,73.527,73.08204761904763,74.60283866999957,4.414644910778075,4.440678612071129,4.44869498097861,75.50533333333333,73.94535483870968,76.55035935954197,4.427418872203865,4.436224263282559,4.464087880672162,83.507,79.47530601092895,81.9550139151201,4.558297258475251,4.494827199069274,4.500295193719778,7.991644707636127
2023-09-04,sz001269,73.65,74.84,74.87,72.6,30756,161883507.0,3.1,2.09,1.53,6.39,4.4879298522318685,0.21275675666567206,74.31800000000001,74.24600000000001,73.89849623170716,4.45419479982783,4.422354890689873,4.436034205333773,72.747,73.40163636363637,73.58455512109411,4.472878925407748,4.458566358544135,4.446967188856665,73.4905,73.20709523809525,74.62542546333295,4.418918016849527,4.447658130304823,4.452431635383682,75.337,73.9024301075269,76.44001359441023,4.4318552654254395,4.440128197477914,4.4656260723856915,83.39916666666666,79.19114207650271,81.72173477036208,4.558076836802106,4.492520070995719,4.499889772687387,8.209202604258262
2023-09-05,sz001269,74.46,76.55,77.36,74.14,53044,286334803.49,4.3,2.28,1.71,11.03,4.724636266385149,0.23670641415328042,74.76,74.99,74.78233082113812,4.481973523626768,4.51250204620898,4.532234892350899,73.171,74.0930909090909,74.12372691725882,4.4964677442231045,4.504340420540026,4.497452475680026,73.524,73.4984761904762,74.80871827634886,4.444307241004566,4.476774154070121,4.478355885955251,75.21233333333333,73.980688172043,76.44710949154506,4.443534697701552,4.459017294314025,4.482336407482431,83.28066666666668,78.96657923497267,81.55216969592396,4.563110943911001,4.497981035900083,4.507258510185674,8.456874138957756
2023-09-06,sz001269,75.83,73.86,75.85,73.34,39989,210006058.62,3.28,-3.51,-2.69,8.31,4.6019405439206675,-0.12269572246448135,74.454,74.69,74.47488721409208,4.4909324039472285,4.552491052973613,4.555470109540822,73.563,74.21836363636363,74.0757765686663,4.517940618583798,4.52351729321231,4.516450306269234,73.5,73.53047619047621,74.71836415479183,4.459151754754738,4.49178684958594,4.490125853380529,74.95566666666667,73.89344086021505,76.28019920176797,4.447230002051469,4.4692370263281616,4.490052803381673,83.11483333333334,78.65770491803279,81.29996741081169,4.561928269282709,4.499254137539745,4.510362839160592,8.32223182419715
2023-09-07,sz001269,73.36,71.4,73.8,71.28,30647,156942496.14,3.41,-3.33,-2.46,6.37,4.48638796834179,-0.1155525755788771,73.99199999999999,73.672,73.44992480939473,4.515213545289134,4.5509762411051335,4.532442729141145,73.485,73.82509090909092,73.5892717379997,4.50586287571725,4.517780447713764,4.510984426646062,73.312,73.33047619047619,74.40232947338308,4.467317834353632,4.494380774689469,4.4897698643292205,74.64000000000001,73.66404301075269,75.96534764036359,4.454276644937171,4.471763346733989,4.489816362411358,82.9035,78.27361202185791,80.97537831537524,4.560202055995659,4.4967774063613515,4.509576777822271,8.19574055569775
2023-09-08,sz001269,71.06,69.63,71.2,69.48,21687,107585799.14,2.41,-2.48,-1.77,4.51,4.336199479466631,-0.150188488875159,73.256,72.218,72.1766165395965,4.527418822069221,4.491304885830966,4.467028312582974,73.39500000000001,73.12418181818181,72.86940414927247,4.496766683371317,4.486932557486378,4.479205345340711,73.0495,72.97980952380952,73.94782190448944,4.461814156789409,4.481893312319278,4.475144113389926,74.25166666666668,73.34081720430106,75.55661553453368,4.456697003204061,4.464145465090728,4.479905595769763,82.70416666666667,77.83841530054646,80.60339869847769,4.558277397327216,4.48943305958991,4.50389227623684,8.031754950120794
2023-09-11,sz001269,69.63,69.41,70.32,68.44,23025,113029386.31,2.7,-0.32,-0.22,4.79,4.362199638868886,0.026000159402254752,72.17,70.93599999999999,71.25441102639766,4.502272779396625,4.436231824764188,4.432085421344945,73.244,72.39963636363636,72.24042157667748,4.4782337896122275,4.4624658221223,4.457931580527651,72.7515,72.63319047619048,73.51564838977616,4.461586185976538,4.472406215374466,4.464387496768874,73.849,73.02845161290324,75.16005969359603,4.458268783668946,4.458048860940072,4.47231166306648,82.4275,77.40254098360657,80.23640201983908,4.550620746711063,4.483004280624063,4.4992466159952675,8.053191369617112
2023-09-12,sz001269,69.06,68.79,69.31,68.12,21166,103033691.95,1.71,-0.89,-0.62,4.4,4.3256387917905395,-0.036560847078346725,70.618,69.80933333333334,70.4329406842651,4.422473284477702,4.377353828895492,4.396603211493477,72.689,71.58981818181819,71.61307219909975,4.452223404052235,4.434721277063812,4.433878346211812,72.5325,72.25590476190477,73.06558663836891,4.4619952552794455,4.45945884449961,4.451173334389986,73.602,72.70206451612903,74.7490881004608,4.446664505345073,4.449492087270497,4.46284889717771,82.11716666666666,76.95540983606557,79.86111015033615,4.5425980551278915,4.475627823085684,4.493554556185276,8.012979261941524
2023-09-13,sz001269,68.71,67.6,68.72,66.96,23489,112549279.66,2.56,-1.73,-1.19,4.88,4.370864527900364,0.04522573610982494,69.36600000000001,68.80333333333333,69.48862712284341,4.376258081273642,4.36015091003638,4.388023650295773,71.91,70.66454545454546,70.88342270835433,4.433595242610435,4.419928754127108,4.422421288337003,72.29499999999999,71.78614285714286,72.54505457757188,4.461617678080202,4.450779727606364,4.443524876629069,73.21333333333334,72.3148387096774,74.28785661010849,4.435284015774505,4.444601766145031,4.4569144217404615,81.76383333333334,76.47943715846995,79.45910653884971,4.536635707986028,4.469997215635601,4.489531932307083,8.051342719765787
2023-09-14,sz001269,67.5,66.03,67.5,65.6,20154,94713386.84,2.81,-2.32,-1.57,4.19,4.304361254225308,-0.06650327367505682,68.292,67.69133333333333,68.33575141522894,4.339852738450345,4.336185301020268,4.360136184938952,71.14200000000001,69.59545454545454,70.00098221592627,4.4275331418697395,4.396431665329812,4.400955827589422,71.8785,71.18947619047619,71.9245731892317,4.45287929886647,4.435802925334468,4.430271198304902,72.838,71.85139784946237,73.75509166752086,4.424601774632013,4.436155136367663,4.447072281900774,81.40016666666666,75.9635737704918,79.01880796380546,4.532280943103934,4.462381659774595,4.48346076253391,7.976411366752564
2023-09-15,sz001269,66.02,66.4,67.08,65.88,19121,89927536.4,1.82,0.56,0.37,3.98,4.281510601492656,-0.022850652732651966,67.646,67.06066666666666,67.69050094348597,4.328914962855551,4.316737922034371,4.33392765712352,70.451,68.73327272727272,69.34625817666695,4.428166892462386,4.369882112533978,4.379238513753646,71.53049999999999,70.66771428571427,71.39842336168583,4.443542633208493,4.4194820970131525,4.416103522418021,72.50166666666668,71.4360430107527,73.280569624455,4.419152238006179,4.4269234477780275,4.4363908831647665,81.008,75.47176502732239,78.6050765551561,4.52278056115227,4.45415968136111,4.476839445778459,7.953892695909389
2023-09-18,sz001269,66.38,66.43,67.28,65.12,17972,84651546.77,3.25,0.05,0.03,3.74,4.254596409920988,-0.026914191571667523,67.05000000000001,66.65533333333335,67.27033396232399,4.307394317065971,4.291965071056183,4.3074839080560094,69.61,68.00218181818182,68.81602941727296,4.404833548231298,4.338323842980996,4.356576313056799,71.1785,70.1819523809524,70.92524018438242,4.438856236819523,4.40148721860482,4.400721892656399,72.19699999999999,71.04432258064516,72.83859739061919,4.414223193976785,4.416306942740274,4.42466220747162,80.67466666666668,74.99379781420765,78.20589371728212,4.513285474655809,4.44536675836992,4.469552788865098,7.927634898033124
2023-09-19,sz001269,66.43,65.04,66.43,64.7,14955,69108906.12,2.6,-2.09,-1.39,3.11,4.174786417367337,-0.07980999255365084,66.3,65.98533333333334,66.526889308216,4.27722384218133,4.247762437823306,4.263251411159786,68.459,67.17127272727274,68.12947861413241,4.349848563329517,4.296497091914823,4.3235236047496235,70.815,69.59733333333334,70.36474111920313,4.423158153776311,4.376337711990325,4.379204228343156,71.83566666666667,70.5825806451613,72.33546207509538,4.412821015112883,4.400859408765472,4.408541188755215,80.24866666666667,74.48118579234973,77.77422507081386,4.503090790332926,4.434268428622757,4.459888317668449,7.839534018858021
2023-09-20,sz001269,64.98,64.31,65.42,64.2,14138,64827904.61,1.88,-1.12,-0.73,2.94,4.1503879773252805,-0.024398440042056713,65.64200000000001,65.32199999999999,65.78792620547733,4.233128532066314,4.205483816204622,4.2256302665482846,67.50399999999999,66.4169090909091,67.43502795701743,4.304693306669978,4.260231530823143,4.2920443997633795,70.53349999999999,68.97780952380953,69.78809910785046,4.411316962626888,4.35035959994737,4.357412204436691,71.50133333333333,70.09705376344084,71.81769032831504,4.40766560539315,4.3839282450372385,4.391886142856509,79.709,73.95860655737705,77.3327750684921,4.489432717721489,4.422704401966769,4.44974076552605,7.811761984413004
2023-09-21,sz001269,64.47,63.64,64.75,63.53,13105,59489956.5,1.9,-1.04,-0.67,2.72,4.117437025282619,-0.032950952042661186,65.16400000000002,64.65466666666666,65.07195080365156,4.195743686277777,4.166919980610057,4.189565852793063,66.728,65.71436363636364,66.74502287392335,4.267798212364061,4.22618493420726,4.260297604403242,70.10650000000001,68.32128571428571,69.20256585948376,4.386830544040655,4.322371034486012,4.334557425469637,71.11733333333333,69.58987096774194,71.29009740390762,4.400811293690442,4.365203820513979,4.374179748174323,79.0445,73.43175409836064,76.8838316236235,4.474021096470439,4.410507821886806,4.438845560927905,7.774443651362066
2023-09-22,sz001269,63.54,65.15,65.4,63.33,20769,95268718.44,3.25,2.37,1.51,4.32,4.317415586331099,0.19997856104847944,64.914,64.65,65.09796720243438,4.202924683245465,4.207477280627832,4.232182430639075,66.28,65.42745454545455,66.45501871502819,4.265919823050508,4.235206274928538,4.270682692026488,69.8375,67.84923809523809,68.81660720619959,4.381343253210913,4.3157600861327206,4.332924869361205,70.79299999999999,69.20488172043011,70.89396208752649,4.396516045543109,4.359823452297246,4.3705175441844375,78.40633333333334,72.97619672131148,76.49911583268502,4.465330747870808,4.405373214996992,4.434864250285386,7.978950323103812
2023-09-25,sz001269,64.89,67.56,70.61,64.14,63304,301171354.5,9.93,3.7,2.41,13.16,4.801431152719453,0.4840155663883543,65.14,65.532,65.91864480162292,4.312291631805158,4.406979437119161,4.4219320046658686,66.095,65.66018181818181,66.65592440320488,4.309842974435564,4.332571971231984,4.367182412152482,69.6695,67.63233333333335,68.69693032941868,4.394038382023895,4.355768457514487,4.377544515395323,70.53266666666667,68.9963010752688,70.67886775929898,4.41100511546288,4.385947007598945,4.398318422154439,77.82766666666666,72.62057923497268,76.20603006767895,4.465869657602073,4.416392900401864,4.446882837250437,8.478813662169443
2023-09-26,sz001269,66.72,65.39,67.53,65.28,39871,186830257.1,3.33,-3.21,-2.17,8.29,4.600657128289322,-0.20077402443013082,65.21,65.61533333333334,65.74242986774863,4.397465773989555,4.503101269280549,4.481507045873687,65.755,65.53200000000001,66.4257563298949,4.337344808085443,4.385447271932667,4.409632360540998,69.22200000000001,67.2247619047619,68.38198458375976,4.394784106068839,4.375446433349288,4.398793335670942,70.27333333333334,68.66451612903226,70.3376504845055,4.420445106214777,4.398182621329685,4.411372532227658,77.24900000000001,72.2127868852459,75.85140613103374,4.463299349880782,4.420812161735873,4.451924617284499,8.271447211441515
2023-09-27,sz001269,65.39,68.6,69.91,65.39,69362,336186455.3,6.91,4.91,3.21,14.42,4.841121607196544,0.24046447890722167,66.06800000000001,66.74533333333333,66.69495324516575,4.535612499963808,4.650986547016212,4.601378566314639,65.855,66.04927272727272,66.82107336082309,4.384370516015061,4.477043053589231,4.488084950842006,68.88250000000001,67.1655238095238,68.40274795673503,4.408982879312748,4.4179547667900225,4.440919837720999,70.14833333333333,68.55655913978495,70.22554400163418,4.435868624058489,4.4253230407478625,4.439098278999844,76.73766666666666,71.9292131147541,75.61365511034411,4.46541422434523,4.433199776729833,4.464685174330795,8.526580212057153
2023-09-28,sz001269,68.18,67.57,68.75,66.85,42601,204508008.82,2.77,-1.5,-1.03,8.86,4.6294197936892125,-0.21170181350733142,66.854,67.24600000000001,66.98663549677717,4.638009053645126,4.68225564492468,4.610725642106164,66.00899999999999,66.3610909090909,66.95724184067343,4.416876369961452,4.521597467711803,4.513782194996043,68.5755,67.0405238095238,68.32343862752217,4.422204755915596,4.438948758635401,4.458872214479877,69.922,68.39021505376346,70.05421858217392,4.440878322564797,4.437810212982104,4.451377086399159,76.21216666666668,71.62863387978142,75.34992871328365,4.466930839057956,4.438577008511603,4.470086309391727,8.310710320256447
2023-10-09,sz001269,66.89,66.41,67.69,65.88,23243,109708975.09,2.68,-1.72,-1.16,2.77,4.366292182210539,-0.2631276114786738,67.106,67.098,66.79442366451812,4.647784372821014,4.591683354446485,4.529247822140956,66.01,66.43399999999998,66.85774332418735,4.42535452803324,4.512400342666184,4.486965829035042,68.2305,66.8342857142857,68.14120637728196,4.426760710247812,4.433623751615871,4.450055068549464,69.69033333333333,68.16363440860215,69.81910770590463,4.437479931483408,4.43299820392699,4.445887737741829,75.72283333333333,71.30725136612023,75.05681629645467,4.46264356892802,4.435277380418245,4.4666832232546385,8.040242157862952
2023-10-10,sz001269,66.55,65.17,66.79,65.05,23097,107464691.32,2.62,-1.87,-1.24,2.75,4.3635555743486005,-0.0027366078619381895,66.628,66.45266666666666,66.25294910967875,4.560209257146843,4.496940421622347,4.474017072876838,65.884,66.28127272727274,66.55088090160783,4.436250444476,4.501164169268976,4.464527600910234,67.74699999999999,66.54280952380952,67.85823434135034,4.420541996353649,4.427604214863565,4.441817021482715,69.41366666666666,67.87199999999999,69.51916527326563,4.437987639371682,4.428228890563455,4.440575985264847,75.16016666666668,70.96125683060109,74.7326583850955,4.456719362963935,4.432028593710722,4.463301988864276,8.03126579556561
2023-10-11,sz001269,65.53,65.19,66.33,64.63,20237,93780941.08,2.61,0.03,0.02,2.41,4.306146131684915,-0.05740944266368597,66.588,65.97333333333333,65.89863273978584,4.501307057825962,4.412252713135037,4.41806009247953,65.899,66.15509090909092,66.3034480104064,4.4493864159077585,4.477508839670597,4.435730970141994,67.179,66.2992857142857,67.60411678503127,4.399617489618638,4.416709370609399,4.428895984359115,69.17633333333333,67.59950537634408,69.23986428789365,4.431900907820126,4.419722986841727,4.4319030914854975,74.609,70.63436612021857,74.41978433968254,4.4503425006498185,4.427091766455673,4.458149337809215,7.972114586515438
2023-10-12,sz001269,65.33,67.22,67.36,65.04,35379,166501393.35,3.56,3.11,2.03,4.22,4.548745553259414,0.2425994215744991,66.312,66.184,66.33908849319056,4.442831847038536,4.428065544946189,4.461621912739492,66.19,66.39527272727273,66.47009382669614,4.4892221735011715,4.495574137370898,4.456279076163343,66.84700000000001,66.30319047619048,67.56753423407591,4.396957740085575,4.430912043337092,4.440310229016286,69.08566666666665,67.47329032258064,69.10955046286827,4.437285366251649,4.427261351063617,4.439441314825751,74.07233333333333,70.39210382513662,74.18372583674213,4.446331872192425,4.43031809604943,4.461119705528893,8.221417872206809
2023-10-13,sz001269,66.86,63.92,66.86,62.9,43422,197291576.31,5.89,-4.91,-3.3,5.18,4.637709823009697,0.08896426975028326,65.582,65.38666666666667,65.53272566212704,4.444489852902633,4.493024870269908,4.520317882829561,66.218,65.98254545454546,66.00644040366048,4.541249453273879,4.522571891826994,4.489266484680861,66.473,66.02442857142857,67.22015002130678,4.40452383281897,4.45384081313939,4.459110190348992,68.81033333333333,67.14002150537634,68.77474075558645,4.438303513785063,4.440191961177038,4.45223283148278,73.51166666666667,70.05924043715846,73.84721023553747,4.445828063506164,4.436592782961472,4.466909545446296,8.295108542727188
2023-10-16,sz001269,63.43,62.69,64.06,62.24,21527,95815750.3,2.85,-1.92,-1.23,2.57,4.332983510816226,-0.3047263121934707,64.83800000000001,64.42266666666667,64.58515044141802,4.43782811862377,4.455856089574439,4.45787309215845,65.972,65.34109090909091,65.40345123935856,4.542806245722392,4.484705356834693,4.460851398523655,66.126,65.66414285714285,66.7887071621347,4.40436303438645,4.447027449139129,4.447098125631585,68.549,66.74516129032259,68.3821768358712,4.435164250714738,4.4333971222758235,4.444539326923648,72.96849999999999,69.70443169398906,73.48140006388051,4.441058000713014,4.432892961561802,4.4625185279174415,7.981436904758524
2023-10-17,sz001269,63.39,62.86,63.5,62.0,16607,73821045.68,2.39,0.27,0.17,1.98,4.220291185665156,-0.11269232515107053,64.376,63.763333333333335,64.01010029427869,4.409175240887081,4.383343778588235,4.378679123327352,65.502,64.77527272727272,64.94100555947517,4.484692249016963,4.426066255006105,4.417113178003928,65.7985,65.35309523809525,66.41454457526473,4.397267611726264,4.429496796879958,4.425497464682401,68.28033333333333,66.37812903225804,68.0259073625892,4.424256337688251,4.419534343885528,4.430071704906971,72.53450000000001,69.37300546448087,73.13315743883524,4.431930856324851,4.425654705330724,4.454576647843596,7.868180192713302
2023-10-18,sz001269,62.03,60.97,62.11,60.94,19085,82918354.08,1.86,-3.01,-1.89,2.27,4.280692164285117,0.06040097861996152,63.532000000000004,62.628,62.996733529519126,4.404084447407122,4.34051608638758,4.346016803646608,65.06,63.95127272727272,64.2190045486615,4.452695752616542,4.388975330509405,4.39230935732778,65.4075,64.89323809523809,65.89601652047762,4.395020280350993,4.418394373314135,4.411706483692184,67.83466666666666,65.9064946236559,67.57068753274473,4.414087988251407,4.410272139149842,4.420434315189432,72.12316666666666,68.99384153005465,72.7343653916603,4.42554957547136,4.420696059690078,4.448875517235121,7.9186506728107755
2023-10-19,sz001269,60.31,61.29,61.89,60.11,19320,83900407.49,2.92,0.52,0.32,2.3,4.286007122079474,0.005314957794356978,62.34599999999999,61.88066666666667,62.42782235301276,4.351536761171134,4.3011569779450305,4.326013576457563,64.329,63.26581818181818,63.68645826708668,4.397184304104835,4.358668306775393,4.372981678191724,65.09200000000001,64.50109523809523,65.45734828043213,4.390777410059948,4.408012167764467,4.399735115919545,67.36466666666666,65.48425806451613,67.16548188547088,4.40505002091011,4.40200885746133,4.411761593053306,71.74166666666666,68.63865573770491,72.35914029685176,4.423652537227848,4.416120897283786,4.443535569852968,7.9237640701282075
2023-10-20,sz001269,60.41,62.59,63.77,60.24,28332,125640311.2,5.76,2.12,1.3,3.38,4.452277233126352,0.1662701110468774,62.08,61.962,62.48188156867518,4.3144502431944645,4.3347371352634365,4.368101462013826,63.831,62.94963636363637,63.487102218525465,4.379470048048549,4.368685202961124,4.387399051816201,64.91999999999999,64.26280952380952,65.18426749181954,4.398173209005,4.41386929377079,4.404739127082098,66.994,65.17621505376344,66.87028950576308,4.407959853293247,4.405055774378506,4.414375505316084,71.37716666666667,68.33860109289617,72.03884061498778,4.422560446211736,4.417059411903409,4.443822181763571,8.099129003437032
2023-10-23,sz001269,62.1,59.23,62.1,59.03,22477,95237545.8,4.9,-5.37,-3.36,2.68,4.35173834558076,-0.10053888754559193,61.388,61.01199999999999,61.397921045783455,4.318201210147372,4.347166502725534,4.362647089869471,63.113,62.1130909090909,62.71308363333901,4.378014664385571,4.3636430752397075,4.380915287046121,64.5615,63.72090476190475,64.61719439736054,4.401684596209405,4.409446925825624,4.3996914336057795,66.52466666666666,64.675311827957,66.37736760216548,4.4105120282937325,4.40142858033254,4.410334398236385,71.01500000000001,67.94033333333333,71.61887862761112,4.418965450248799,4.414737375817148,4.440803039593643,7.97880819543454
2023-10-24,sz001269,58.61,60.39,61.06,58.61,22812,97404947.57,4.14,1.96,1.16,2.72,4.358163362913068,0.006425017332308158,60.89399999999999,60.67933333333334,61.06194736385564,4.345775645596954,4.3604872203141,4.361152514217337,62.635000000000005,61.618,62.290704790913736,4.377475443242018,4.360033747699252,4.376778573567384,64.2595,63.32361904761906,64.21460445475478,4.406862943859009,4.405302046464068,4.395736379254092,66.043,64.27952688172044,65.99108582138061,4.406186478649772,4.398051247082174,4.406968524989719,70.69,67.59197267759562,71.25071867260748,4.419020872037605,4.412743864756959,4.438093541997558,7.988581016917409
2023-10-25,sz001269,60.71,59.87,61.93,59.86,17288,74373606.51,3.43,-0.86,-0.52,2.06,4.237744753875185,-0.12041860903788315,60.674,60.337999999999994,60.66463157590376,4.337186163514968,4.32447692307351,4.320016594103286,62.102999999999994,61.11527272727273,61.85057664711123,4.370635305461045,4.334628167814373,4.351499697259711,64.001,62.90557142857143,63.800832601920995,4.410010860684402,4.389195552179895,4.3806895577894345,65.487,63.8812688172043,65.5961770587109,4.389956761566107,4.387184039032201,4.396050862337169,70.34966666666668,67.23721857923496,70.8775803554728,4.4167457296338295,4.406800385472946,4.431524729272234,7.871418841718965
2023-10-26,sz001269,59.12,59.71,59.79,58.1,17003,70920149.4,2.82,-0.27,-0.16,2.03,4.230525554819387,-0.007219199055797709,60.35799999999999,60.016666666666666,60.346421050602515,4.32608985006295,4.288923386841649,4.2901862476753205,61.352,60.680181818181815,61.461380893091004,4.338813305617042,4.309153667697709,4.329504398634198,63.771,62.49690476190477,63.41122949697614,4.414017739559107,4.372101713526083,4.36638822417324,65.01533333333333,63.508559139784936,65.21642370008439,4.377576261929397,4.3768981547259616,4.385371810239247,69.98549999999999,66.88837704918033,70.51143017988353,4.412403131990432,4.400694805970833,4.424934592404927,7.8507696418122315
2023-10-27,sz001269,59.02,61.69,62.32,58.6,27082,116602612.05,6.23,3.32,1.98,3.23,4.432680733753522,0.20215517893413537,60.178,60.460666666666675,60.79428070040168,4.3221705501883845,4.324453681405174,4.337684409701388,61.129,60.74163636363636,61.50294800343809,4.318310396691425,4.326220472813432,4.348263732292256,63.673500000000004,62.298714285714276,63.24730287821651,4.429779924982652,4.3738791415446,4.372701796514219,64.69166666666666,63.294021505376335,64.98891249362734,4.375786020776455,4.3804532819404205,4.388423998853072,69.66583333333332,66.61639344262294,70.22220296087094,4.415031332856814,4.401359645372901,4.425188564252422,8.066708279292595
2023-10-30,sz001269,61.4,62.41,62.63,60.74,22217,97474642.32,3.06,1.17,0.72,2.65,4.346685415027574,-0.08599531872594834,60.814,61.20466666666666,61.332853800267785,4.321159964077746,4.3326253030182365,4.340684744810117,61.101,60.974545454545456,61.667866548267526,4.319680587112559,4.331379567056368,4.34797676551686,63.53649999999999,62.17838095238095,63.16755974695779,4.431243416417475,4.365965378691735,4.370224045896443,64.451,63.14681720430109,64.82253104242558,4.37613555196182,4.378575823505009,4.385731186993362,69.35133333333333,66.37849726775957,69.96606515887517,4.4164162775829405,4.399118795608008,4.422614690507345,7.988891650233604
2023-10-31,sz001269,61.19,59.94,62.09,59.48,34391,146783606.6,4.18,-3.96,-2.47,4.1,4.536444804149078,0.18975938912150436,60.724000000000004,60.913333333333334,60.86856920017853,4.356816252324949,4.404386916375348,4.405938097923104,60.809000000000005,60.76345454545454,61.35370899403706,4.351295948960952,4.37079124288119,4.382243681631809,63.155499999999996,61.83585714285714,62.860173104390384,4.417994098988958,4.375984558475698,4.386054594301457,64.13533333333334,62.855784946236554,64.50752903968845,4.381943724137826,4.388918355904186,4.395454646164699,68.99216666666668,66.06992896174863,69.63734171104319,4.420106253903386,4.403054157134767,4.426346825380844,8.166677554485256
2023-11-01,sz001269,59.76,58.64,60.22,58.53,23133,96854039.94,2.82,-2.17,-1.3,2.76,4.364231957844546,-0.17221284630453226,60.477999999999994,60.218666666666664,60.125712800119025,4.382113693118821,4.4068588182152135,4.392036051230251,60.576,60.36909090909091,60.860307358757595,4.359649928316895,4.373143244496389,4.378968822761397,62.818000000000005,61.40580952380952,62.45825185635321,4.406172840466718,4.370864354557182,4.383976247972227,63.797000000000004,62.50124731182796,64.12897877906339,4.383230163006293,4.38777566130462,4.393440279176302,68.6995,65.73051366120218,69.27677313035325,4.414947334175682,4.401222213001691,4.424310272346867,7.986117740564233
2023-11-02,sz001269,58.61,56.51,58.91,56.47,29653,120106278.41,4.16,-3.63,-2.13,3.53,4.472068637583486,0.10783667973893962,59.838,58.896,58.92047520007935,4.430422309671641,4.436843799703436,4.418713580014662,60.098,59.62981818181818,60.06934238443803,4.378256079867295,4.393583009817587,4.3958960618199585,62.213499999999996,60.80504761904763,61.891751679557665,4.387720191986065,4.377140144758779,4.392365999363776,63.42733333333334,62.03111827956989,63.637431761059304,4.386603633329064,4.393507175793472,4.398513076492894,68.32033333333334,65.33085792349726,68.8581904047679,4.410943824551785,4.403095042621618,4.425876120387412,8.07956571021348
2023-11-03,sz001269,56.53,58.63,58.85,56.53,34776,143300196.87,4.11,3.75,2.12,4.15,4.541279627182781,0.06921098959929495,59.226,58.49333333333334,58.82365013338624,4.452142088357493,4.473796238873814,4.459568929070702,59.702,59.3629090909091,59.80764376908566,4.387156319272938,4.42322365478404,4.422329437340471,61.76649999999999,60.4637619047619,61.581108662456934,4.383313183660745,4.391764852872751,4.406548249632252,63.18066666666666,61.72161290322581,63.31437164744258,4.394500912427646,4.403486272171131,4.407723821698694,68.00933333333333,65.01314207650273,68.52283989969352,4.40955134352983,4.407368347625914,4.429659841921685,8.15624678704421
2023-11-06,sz001269,58.71,64.44,64.44,58.71,30381,136000394.0,9.77,9.91,5.81,3.62,4.482602064699064,-0.058677562483716805,59.63199999999999,60.23133333333333,60.695766755590824,4.479325418291792,4.483949564321005,4.467246640946823,60.223,60.22436363636364,60.64989035652463,4.400242691184769,4.440577426679699,4.433288096860215,61.66799999999999,60.71838095238094,61.853384027937224,4.389128677785171,4.401220936781163,4.4137914701148055,63.11533333333333,61.80286021505376,63.386992831478544,4.401203961201193,4.409170217478965,4.412554676085814,67.80850000000001,64.89611475409835,68.38897629642487,4.410178099603686,4.409763453238019,4.43139565250455,8.133540166545055
2023-11-07,sz001269,64.8,65.46,65.73,63.58,83033,382778024.98,3.34,1.58,1.02,9.9,4.919250729358981,0.43664866465991725,60.736000000000004,62.17399999999999,62.283844503727224,4.5558866033337715,4.630591334676735,4.617914670417543,60.73,61.176545454545455,61.52445574624742,4.45635142782936,4.534942524529555,4.521644939132718,61.682500000000005,61.07952380952381,62.19687126337177,4.416913435535689,4.451708751216764,4.461930447185679,63.083,61.95412903225805,63.520735229447666,4.42335910518246,4.442592589618177,4.445244744038922,67.64,64.81911475409836,68.29294428670603,4.418791149579621,4.426454359131636,4.447390900926007,8.582946997276522
2023-11-08,sz001269,65.01,65.8,66.23,64.65,49337,229055449.76,2.41,0.52,0.34,5.88,4.693172738119736,-0.22607799123924543,62.168000000000006,63.862,63.45589633581815,4.621674759388809,4.6763533796053895,4.64300069298494,61.323,62.098363636363636,62.301827428747885,4.501894226253816,4.57800094458235,4.552831811675811,61.713,61.471666666666664,62.540026381145886,4.4362647658574295,4.4780191609866735,4.483953522512732,63.108333333333334,62.1294193548387,63.6677845694833,4.44063864920754,4.45999992077542,4.4612400984957485,67.47200000000001,64.75878688524591,68.21120840845337,4.426729832160211,4.435450476788688,4.455449321817604,8.359940629107255
2023-11-09,sz001269,65.26,66.13,67.42,65.26,64948,305719016.44,3.28,0.5,0.33,7.74,4.812565782008934,0.11939304388919858,64.092,65.18266666666666,64.34726422387877,4.6897741882738995,4.739983720478764,4.6995223893262725,61.96499999999999,62.97236363636363,62.99785880533918,4.56009824897277,4.634486681992373,4.600056169918197,61.658500000000004,61.89233333333334,62.88192863056056,4.449455777294906,4.513857353001102,4.515249928179037,63.169000000000004,62.324365591397864,63.826637177903734,4.462711242696995,4.483995219665832,4.483906271625632,67.33516666666667,64.71478688524589,68.1429720671926,4.435188424045072,4.448100835800123,4.467158058217319,8.485322453701869
2023-11-10,sz001269,66.02,65.8,66.45,64.9,38097,177598563.78,2.34,-0.5,-0.33,4.54,4.580890777913335,-0.2316750040955995,65.526,65.752,64.83150948258584,4.69769641842001,4.703689250358576,4.659978518855294,62.376,63.669636363636364,63.50733902255023,4.574919253388751,4.638267141799747,4.59657155319004,61.7525,62.286761904761896,63.15984018955479,4.446614825040088,4.52637497210762,4.521501437677541,63.241,62.49410752688172,63.953950908361556,4.4781597011180185,4.491619705808822,4.49016333654742,67.17916666666666,64.66445355191257,68.0661533108912,4.43948549740423,4.4528779621564585,4.470886999846697,8.249439449365202
2023-11-13,sz001269,66.27,66.19,66.5,65.31,30180,140899708.1,1.81,0.59,0.39,3.6,4.479719235439571,-0.10117154247376359,65.876,65.97333333333333,65.28433965505724,4.697119852568112,4.631030189365096,4.599892091050053,62.754,64.3630909090909,63.99509556390473,4.588222635429951,4.62095804762717,4.575325677235409,61.927499999999995,62.70938095238096,63.448426838168615,4.453951611271256,4.529527773098047,4.517522180321544,63.27566666666666,62.68436559139784,64.09821214008016,4.483569822754968,4.491720320926342,4.489489523572721,67.03433333333334,64.6320218579235,68.00464008758328,4.440042934149038,4.454197101108437,4.4711765813415445,8.148910093388345
2023-11-14,sz001269,66.4,66.47,67.08,65.61,31664,148729482.42,2.22,0.42,0.28,3.77,4.500565776862321,0.020846541422749887,66.078,66.17133333333334,65.67955977003817,4.61338286206878,4.565512164129832,4.566783319654143,63.407,65.03872727272727,64.44507818864932,4.584634732701275,4.605020436978509,4.561732968076665,62.10799999999999,63.141999999999996,63.73619571072398,4.467965340831113,4.533967217440052,4.5159072847539985,63.23933333333333,62.89045161290322,64.2512307116879,4.473540976893063,4.492816834094558,4.490204120559147,66.88600000000001,64.61351912568307,67.95432401913791,4.442273046177972,4.456181456607233,4.472140161522553,8.172397066593046
2023-11-15,sz001269,67.35,66.76,67.46,66.27,44692,212001049.42,1.79,0.44,0.29,5.33,4.65022979009398,0.1496640132316589,66.27000000000001,66.39866666666667,66.03970651335878,4.604794272463629,4.577794473471567,4.594598809800756,64.219,65.64836363636364,64.86597306344035,4.6132345159262185,4.6169468110499094,4.5778232993525405,62.397499999999994,63.58504761904762,64.02417707160741,4.486442222121557,4.551325736417469,4.528699904310187,63.285,63.117591397849466,64.41308679480481,4.475193398953219,4.504216112365585,4.500528357303329,66.77916666666667,64.60938797814208,67.915165854576,4.447819252583998,4.462999710506118,4.4779791657380095,8.326338010722088
2023-11-16,sz001269,66.97,65.25,66.97,65.22,33094,154411233.6,2.62,-2.26,-1.51,3.94,4.519749262564474,-0.13048052752950579,66.09400000000001,66.05866666666667,65.77647100890586,4.5462309685747355,4.549446136838515,4.569648960721995,65.09299999999999,65.83581818181818,64.93579614281482,4.618002578424318,4.599949492256866,4.567264383572892,62.595499999999994,63.8567142857143,64.1409221124067,4.498129329145807,4.554497835507269,4.527847462239167,63.173333333333325,63.24436559139785,64.46708119513998,4.464480987465482,4.507090684211473,4.501768415707274,66.66083333333333,64.55925136612022,67.82778336754072,4.450174805761986,4.465358071489085,4.479348677109369,8.18867889258665
2023-11-17,sz001269,64.77,65.22,65.57,64.59,23666,109054313.8,1.5,-0.05,-0.03,2.82,4.374124860179728,-0.1456244023847466,65.978,65.76733333333334,65.5909806726039,4.5048777850280155,4.492077434040179,4.504474260541239,65.752,65.85890909090908,64.98746957139394,4.6012871017240125,4.555608088939667,4.532148106592317,62.727,64.10666666666667,64.24369143503463,4.494221710498476,4.542687886081929,4.513207214423983,63.095,63.37640860215052,64.51565660190515,4.455971156348499,4.50126125664465,4.493533347608723,66.5085,64.51201092896174,67.74228227352297,4.448424739456649,4.462864630650322,4.475898715898561,8.037642849396441
2023-11-20,sz001269,65.1,65.15,65.28,64.09,24518,112503362.82,1.82,-0.11,-0.07,2.92,4.389485040708147,0.015360180528419143,65.77000000000001,65.49133333333333,65.44398711506928,4.48683094608173,4.453613185933557,4.466144520596876,65.823,65.74945454545455,65.01702055841322,4.591975399324921,4.517098623300419,4.50620936734065,63.023,64.33742857142857,64.3300065364599,4.496109045254845,4.532712965149516,4.50142415026057,63.053,63.50898924731184,64.5565819824274,4.456744251631752,4.496971829829143,4.4868205536151375,66.37166666666666,64.46746994535519,67.65728941209599,4.447112091557581,4.460932181511027,4.473065480646416,8.051165504068202
2023-11-21,sz001269,65.22,64.12,65.88,63.89,25175,115558343.29,3.05,-1.58,-1.03,3.0,4.4009694792256555,0.0114844385175088,65.3,64.94133333333333,65.00265807671286,4.466911686554397,4.4249926969815325,4.444419506806469,65.689,65.4398181818182,64.853925911429,4.540147274311588,4.482370274191461,4.487074842228832,63.20949999999999,64.44190476190475,64.31000591393992,4.498249351070474,4.523652054099117,4.491857038733436,63.018,63.577827956989246,64.52841540291597,4.457991381794321,4.493373457415846,4.481281774622269,66.21583333333334,64.39364480874316,67.54131271006005,4.447989510583002,4.459419308975555,4.470701677321145,8.062801306924595
2023-11-22,sz001269,65.7,64.76,65.82,63.96,51287,235713087.03,2.9,1.0,0.64,6.11,4.710007296032987,0.3090378168073311,64.9,64.76133333333334,64.92177205114191,4.478867187742198,4.506024566807728,4.532948769881974,65.585,65.27090909090909,64.83684847298737,4.541830730102914,4.5132539145044435,4.527608015647769,63.45399999999999,64.58957142857143,64.35286249356469,4.521862478178364,4.543819477428881,4.512633253714346,63.00366666666666,63.69021505376343,64.54335634466332,4.471453420605925,4.50963254865705,4.496038259874573,66.09,64.34591256830602,67.45012212940235,4.4516771642130255,4.468010056039488,4.47854776318055,8.37238369566446
2023-11-23,sz001269,64.45,65.22,65.4,64.12,38342,176297517.78,1.98,0.71,0.46,4.57,4.583674762853721,-0.12633253317926574,64.89399999999999,64.86800000000001,65.02118136742794,4.491652287800047,4.540960425178236,4.54985743420589,65.494,65.20454545454545,64.90651238698966,4.518941628187392,4.520861920459136,4.537801969685215,63.729499999999994,64.75776190476189,64.4354470179871,4.539519938580081,4.549706361683676,4.519399111727619,62.937,63.83320430107526,64.58701077403988,4.472617727592402,4.516872635253683,4.501692227808713,66.01133333333334,64.31738797814208,67.37700337106128,4.454951546922026,4.472337846158855,4.48199455005508,8.246246197596895
2023-11-24,sz001269,63.49,61.95,63.49,61.54,43237,191244558.84,2.99,-5.01,-3.27,5.15,4.635855552796421,0.05218078994270048,64.24000000000001,63.88666666666667,63.99745424495197,4.543998426323386,4.589028180177027,4.578523473736068,65.10900000000001,64.56018181818182,64.36896468026426,4.524438105675701,4.5421189976607765,4.555629893887252,63.74249999999999,64.58828571428572,64.19873777817881,4.549678679532226,4.558881182085233,4.53049020135322,62.87133333333333,63.76952688172043,64.41688104668248,4.472555918585292,4.52740410784749,4.510347926195016,65.84083333333334,64.18422950819672,67.19906883430517,4.455429716185178,4.478269125039984,4.48703917309578,8.28158908775047
2023-11-27,sz001269,61.51,60.5,61.81,60.11,25921,111493953.55,2.74,-2.34,-1.45,3.09,4.413651752063699,-0.22220380073272228,63.31000000000002,62.64,62.83163616330131,4.548831768594497,4.545579288757131,4.523566233178611,64.54,63.722181818181824,63.66551655657984,4.517831357338113,4.521976024276777,4.529815686282969,63.647000000000006,64.27947619047619,63.84647703739987,4.553026996384032,4.54592623661204,4.519362729992313,62.79833333333333,63.6165376344086,64.1641790436707,4.475244859960208,4.523603839039646,4.5041094633478345,65.67366666666666,64.00912021857924,66.9794272331804,4.455204555337474,4.476899355724526,4.484633028143908,8.047251315715366
2023-11-28,sz001269,60.69,60.7,61.06,60.01,17256,73944649.0,1.74,0.33,0.2,2.06,4.236940132094489,-0.17671161996921025,62.626,61.769999999999996,62.12109077553421,4.516025899168264,4.441615409923796,4.428024199483904,63.963,63.024,63.12633172811078,4.491468792861331,4.4709048924143,4.476565585521428,63.685,63.99880952380953,63.5468125576475,4.538051762781302,4.515822725727322,4.49246533971633,62.72633333333333,63.48116129032258,63.9406836214984,4.475799824841186,4.508229340467664,4.486872732299232,65.50333333333333,63.846049180327874,66.77354437307613,4.450028081264718,4.469743145126394,4.476511949584911,7.868906751776381
2023-11-29,sz001269,60.63,59.87,60.81,59.83,15966,67945054.12,1.61,-1.37,-0.83,1.9,4.203196124935032,-0.03374400715945658,61.648,60.85133333333333,61.370727183689475,4.414663664948672,4.337338818512719,4.353081507967613,63.274,62.279818181818186,62.53427141390881,4.4467654263454355,4.418491680064064,4.426862047232992,63.74649999999999,63.635476190476176,63.196639933109644,4.529999971135827,4.483931712599106,4.464915890689539,62.68966666666666,63.29688172043011,63.67805887172431,4.473216623529516,4.490642004989848,4.46857101569509,65.26216666666667,63.66134972677595,66.5471986559261,4.443652305890462,4.461650294099192,4.4675507750062255,7.8321578489041555
2023-11-30,sz001269,58.75,57.94,59.37,57.52,27342,112891230.64,3.09,-3.22,-1.93,3.26,4.4368302789660925,0.23363415403106025,60.19199999999999,59.61533333333333,60.227151455792985,4.385294768171147,4.344727689851859,4.380997764967106,62.543000000000006,61.31,61.69894933865267,4.438473527985598,4.416685289631457,4.428674453002646,63.818,63.082476190476186,62.69600755852777,4.528238053204957,4.47505840858294,4.462241070525401,62.577999999999996,62.99045161290323,63.30786152516145,4.478244062092403,4.4882944988889815,4.466523226228703,64.97133333333333,63.42127868852458,66.26499542130557,4.441647041501257,4.461426621085277,4.46654354562786,8.052660207358317
2023-12-01,sz001269,57.69,57.48,58.08,56.82,19601,79556657.84,2.17,-0.79,-0.46,2.34,4.292278228672973,-0.1445520502931199,59.298,58.71133333333333,59.311434303861994,4.316579303346456,4.3137221766858005,4.351424586202396,61.769000000000005,60.38945454545455,60.931867640715815,4.430288864834922,4.39010432612007,4.40387513948816,63.7605,62.47885714285714,62.19924493390607,4.515787983279467,4.452586044341799,4.446054133206123,62.407666666666664,62.66154838709678,62.93187045902201,4.4729107619439565,4.476296703184501,4.455281613483172,64.70083333333334,63.17566120218579,65.97696278454146,4.4404353076186025,4.456529282959759,4.460829928678519,7.900676530207383
2023-12-04,sz001269,57.76,56.93,57.97,56.78,18551,75246168.48,2.07,-0.96,-0.55,2.21,4.268367325421484,-0.02391090325148859,58.584,57.922,58.517622869241336,4.287522418018014,4.297651517377475,4.323738832608759,60.947,59.50963636363636,60.20425534240385,4.418177093306255,4.3606640462267166,4.379237355112401,63.385000000000005,61.82833333333335,61.69741208305788,4.505076246315587,4.4290221721648475,4.4291315800837765,62.331,62.30815053763441,62.54465301005285,4.470131727938648,4.463100352441116,4.4432226271566115,64.42783333333334,62.920879781420766,65.68034105390075,4.44032187811619,4.450887709772968,4.454519679391404,7.8764843906398605
2023-12-05,sz001269,56.64,55.91,57.48,55.9,23578,94357215.33,2.78,-1.79,-1.02,2.81,4.372506963362899,0.10413963794141523,57.626,57.03066666666666,57.648415246160894,4.314635784271696,4.325979699159105,4.339994876193473,60.126,58.59381818181817,59.42348164378496,4.41533084171998,4.352360386237017,4.378013647521581,62.90749999999999,61.11642857142858,61.14622997990951,4.477739058015784,4.416396526169354,4.423738759443693,62.18166666666666,61.89389247311827,62.11661088037202,4.470609847953643,4.456801980533003,4.438660326266695,64.11233333333332,62.64160655737705,65.36000200295318,4.438398163301708,4.4486642699449925,4.451830737882272,7.97477511550457
2023-12-06,sz001269,55.45,56.86,57.42,55.38,23290,93758339.88,3.65,1.7,0.95,2.78,4.367169488534681,-0.005337474828218447,57.024,56.77533333333333,57.38561016410727,4.347430456991626,4.343490933913432,4.349053080307209,59.336,58.0,58.95739407218769,4.381047060970149,4.343603776566963,4.376041982251236,62.4605,60.54047619047619,60.73801760087051,4.461438895536531,4.405866090980677,4.418351209833311,62.08133333333333,61.550559139784944,61.777474694541574,4.474924005775626,4.450128408957587,4.4340480141549525,63.78416666666667,62.40382513661203,65.08131341269242,4.432440383670866,4.446328903559189,4.449054959215138,7.972009908962644
2023-12-07,sz001269,56.53,55.35,56.74,55.1,24575,96767405.2,2.88,-2.66,-1.51,2.93,4.390493526504173,0.023324037969492117,56.50599999999999,56.217333333333336,56.70707344273818,4.338163106499242,4.3578452904176155,4.362866562372864,58.349000000000004,57.275272727272714,58.30150424088083,4.361728937335195,4.345321315754966,4.3786695357517695,61.921499999999995,59.8632857142857,60.224873067454276,4.440335282761294,4.399109389168071,4.415698097135298,61.936,61.11627956989247,61.36279890779696,4.480256271498452,4.444681281262654,4.4312380472097415,63.47566666666667,62.12729508196722,64.76225395653857,4.428916266713925,4.444953596766838,4.447134912241007,7.985729095680328
2023-12-08,sz001269,55.58,54.95,55.9,54.9,18242,71520421.91,1.81,-0.72,-0.4,2.17,4.261072451390823,-0.12942107511335,56.0,55.69866666666667,56.121382295158796,4.331921951042813,4.332148405381475,4.328935192045517,57.649,56.657272727272726,57.69213983344795,4.324250627194635,4.3270201364923535,4.357288247686142,61.379,59.19933333333332,59.722504203887205,4.424344366435167,4.38203673856136,4.400971845159634,61.71133333333333,60.665569892473115,60.94906994600361,4.4745359954196955,4.4305403896428075,4.420259621673037,63.2015,61.847765027322396,64.44054071206189,4.425161008098075,4.439450520854606,4.441034503688542,7.854430067765551
2023-12-11,sz001269,54.4,55.72,55.79,53.87,19571,75936276.84,3.49,1.4,0.77,2.33,4.29161301693988,0.03054056554905671,55.758,55.605333333333334,55.987588196772535,4.33657108934649,4.318712094013832,4.316494467010305,57.17099999999999,56.30654545454545,57.33356895463923,4.312046753682252,4.321086025536943,4.345347296641367,60.855500000000006,58.66038095238095,59.34131332732652,4.4149390555101835,4.369395657657047,4.3905567186625145,61.48833333333334,60.27903225806451,60.61171059464854,4.472700248816773,4.418738907160239,4.411959840722512,62.96966666666666,61.602469945355196,64.1546213444533,4.4244179003892965,4.43507189819368,4.436135438549241,7.880449299842465
2023-12-12,sz001269,55.73,55.52,55.97,55.24,12213,48007073.0,1.31,-0.36,-0.2,1.46,4.086822357099062,-0.20479065984081757,55.68000000000001,55.525999999999996,55.83172546451503,4.279434168093724,4.235462516598022,4.23993709703989,56.653,56.00636363636362,57.003829144704824,4.29703497618271,4.280136135249091,4.2983427621791295,60.30800000000001,58.152238095238104,58.97737872472399,4.39425188452202,4.33814644828456,4.3616296366088525,61.341,59.89397849462365,60.28321313692929,4.457712833915106,4.393843559307483,4.390983228875838,62.738166666666665,61.35821857923497,63.8715190052909,4.419828279026466,4.424003191856295,4.424682550632841,7.681305227762547
2023-12-13,sz001269,55.17,54.11,55.31,54.05,14849,57263787.2,2.27,-2.54,-1.41,1.77,4.171697207248836,0.0848748501497738,55.129999999999995,55.00266666666666,55.25781697634336,4.240339711836555,4.199550196316392,4.217190467109539,56.077,55.544000000000004,56.477678391122126,4.29388508441409,4.257347449988387,4.275316297646349,59.6755,57.56195238095239,58.51381884617885,4.370325255379763,4.316950764734732,4.343540833812661,61.18999999999999,59.427462365591396,59.88494132164354,4.451295008895248,4.37539093823224,4.37683574360958,62.493500000000004,61.07532786885245,63.551469201838735,4.417262585950771,4.41586774687998,4.4163879492104146,7.757880067151729
2023-12-14,sz001269,54.22,54.15,55.24,54.05,12415,47855916.16,2.2,0.07,0.04,1.48,4.093946723890583,-0.07775048335825296,54.89,54.676,54.888544650895575,4.1810303513138365,4.1507525336677356,4.176109219369887,55.698,55.193636363636365,56.05446413819082,4.259596728906539,4.2209950208022935,4.2423400115089365,59.12050000000001,57.03571428571429,58.09821705130467,4.349035128446068,4.290628999831001,4.319769966201035,61.11133333333333,58.9732688172043,59.514945107343955,4.438690945105484,4.352336210167422,4.358584839111581,62.269333333333336,60.801770491803275,63.24322430997516,4.412647289217274,4.405267226812433,4.405816105757305,7.679935634836331
2023-12-15,sz001269,53.98,54.61,55.66,53.98,28847,112169473.98,3.1,0.85,0.46,3.44,4.460100654538845,0.3661539306482622,54.822,54.58266666666667,54.79569643393039,4.22083599194344,4.243775968076071,4.270773031092873,55.411,54.99581818181818,55.7918342948834,4.276378971493126,4.257450280008167,4.281932855696192,58.59000000000001,56.60614285714286,57.76600590356137,4.353333918164024,4.301206668982694,4.333134793661778,60.97733333333334,58.55382795698924,59.19849703590241,4.435984979350687,4.353717481743768,4.365134246558502,62.07899999999999,60.55064480874317,62.960167775221876,4.415242945889166,4.406823074855763,4.40759592702883,8.049874683249838
2023-12-18,sz001269,54.37,53.18,54.53,53.08,16841,63955720.44,2.66,-2.62,-1.43,2.01,4.226367875856486,-0.2337327786823593,54.314,54.035333333333334,54.2571309559536,4.207786963726763,4.245619929380419,4.255971312680744,55.036,54.59018181818182,55.31695533217733,4.272179026536627,4.248357353528778,4.271830132088973,57.991499999999995,56.090904761904774,57.32924343655552,4.345178059921441,4.289114664953406,4.32296651577556,60.602,58.0507741935484,58.81020690455387,4.427443839722601,4.340193797647368,4.356181577480953,61.858666666666664,60.2588743169399,62.63950653669001,4.4143239004618975,4.400630449608791,4.401654023711704,7.805879395482658
2023-12-19,sz001269,53.18,54.25,55.8,52.89,29236,112902893.24,5.47,2.01,1.07,3.49,4.465917953211935,0.23955007735544953,54.06,54.014,54.25475397063573,4.283606082949337,4.331663592542143,4.3259535261911415,54.86999999999999,54.447272727272725,55.122963453599624,4.2815201255215305,4.283582612924289,4.307118826838602,57.498000000000005,55.73457142857143,57.03598215688356,4.348425483620756,4.300613702409643,4.336580938388549,60.22833333333333,57.64096774193549,58.516000007485886,4.412332747184366,4.342675998517648,4.363261343657146,61.65566666666667,60.00940983606558,62.36444074860181,4.417845926183413,4.4023220578956765,4.403761037793679,8.052705071261256
2023-12-20,sz001269,54.47,54.89,56.3,54.27,29641,115599553.12,3.74,1.18,0.64,3.53,4.471892851370581,0.005974898158645381,54.215999999999994,54.29066666666666,54.46650264709049,4.343645211773685,4.394425848682558,4.3745999679176215,54.673,54.45090909090909,55.08060646203606,4.291992461805121,4.318195835805935,4.337077740389871,57.00450000000001,55.48619047619047,56.83160290384703,4.336519761387635,4.312372499338197,4.34946778724398,59.86466666666667,57.29655913978496,58.28206452313196,4.4049567509593945,4.3465185858845,4.370269828025755,61.4865,59.78758469945355,62.11937711750011,4.422797700083467,4.404094088229682,4.40599486774702,8.062956155210001
2023-12-21,sz001269,54.53,60.34,60.34,54.29,41787,173903883.12,11.02,9.93,5.45,4.98,4.621041193105499,0.14914834173491798,55.45400000000001,56.332,56.42433509806034,4.449064105616669,4.486891175793162,4.456747042980247,55.172000000000004,55.481272727272724,56.03685983257496,4.315047228465253,4.378022877860549,4.388707459065439,56.7605,55.80385714285715,57.16573596062351,4.338388082900224,4.3394697785494225,4.375331921135553,59.67166666666666,57.32722580645162,58.41483455389764,4.398572597995947,4.360459517635862,4.386448625772836,61.42033333333334,59.74999453551912,62.06103688413944,4.430641920346471,4.410593874886143,4.413045566939101,8.240309279522899
2023-12-22,sz001269,61.99,64.82,66.31,60.74,182862,828592000.66,9.23,7.42,4.48,21.8,5.262123465427578,0.6410822723220795,57.496,59.45399999999999,59.22289006537356,4.609468667794415,4.757910962396799,4.725205850462691,56.159000000000006,57.235454545454544,57.63379440847042,4.415152329868929,4.550218557308244,4.547510369313101,56.903999999999996,56.57142857142856,57.89471348818317,4.369701478531781,4.42744457688536,4.459788258687174,59.638999999999996,57.65937634408602,58.82807103429134,4.421280354246421,4.4161724768249995,4.4429437767183035,61.440000000000005,59.86145901639343,62.15149469121683,4.44972002768222,4.437855564888801,4.440884186561674,8.91834073624445
2023-12-25,sz001269,63.36,67.56,70.44,62.88,162869,765134902.52,11.66,4.23,2.74,19.41,5.211838429857167,-0.050285035570411196,60.372,62.80866666666666,62.00192671024905,4.806562778594552,4.958700883084382,4.88741671026085,57.342999999999996,59.30836363636363,59.4385590614758,4.507174871160657,4.695070575487924,4.668297289412022,57.257000000000005,57.586285714285715,58.81521696549906,4.409610812421454,4.5076480960592065,4.531412084512888,59.68466666666667,58.17040860215053,59.39142129014352,4.445684327393675,4.467176223638595,4.4925498833724244,61.48016666666667,60.06211475409837,62.328822734127755,4.464627075074321,4.4628430534847014,4.466161374866444,8.883738013264589
2023-12-26,sz001269,66.94,67.59,69.42,66.02,126030,604394052.08,5.03,0.04,0.03,15.02,5.1004739362576546,-0.11136449359951239,63.04,65.21466666666667,63.864617806832705,4.933473975203696,5.056671268972083,4.958435785593118,58.55,61.171454545454544,60.92063923211656,4.608540029076516,4.802943132778288,4.746874861565773,57.6015,58.570380952380944,59.650910587832485,4.452787502629613,4.573444584043606,4.585608451345723,59.722,58.68043010752689,59.920361852069746,4.465681266040186,4.5094207145330465,4.531770790010182,61.48066666666667,60.26243715846994,62.501320349402256,4.469611121466625,4.483690491556286,4.486958508026811,8.781320181739877
2023-12-27,sz001269,66.1,65.75,67.0,64.73,92498,429956581.93,3.36,-2.72,-1.84,11.03,4.9661323424865556,-0.134341593771099,65.212,66.118,64.49307853788847,5.03232187342689,5.067557391399703,4.961001304557598,59.714,62.48054545454545,61.79870482627718,4.687983542600288,4.867959917034658,4.786739858096825,57.895500000000006,59.34642857142857,60.23177624613415,4.490934313507189,4.622334568791886,4.621848821930564,59.68833333333334,59.06933333333334,60.29646753903299,4.476211351119938,4.541707880755392,4.559794115976399,61.486666666666665,60.402415300546444,62.607834436307094,4.475702375036578,4.49996987585202,4.5026691255500815,8.63342460167201
2023-12-28,sz001269,65.73,72.28,72.28,65.05,122215,597253073.77,11.0,9.93,6.53,14.57,5.087124512104901,0.12099216961834536,67.6,68.474,67.08871902525898,5.125538537226772,5.0858249376257065,5.0030423737400325,61.527,64.76527272727273,63.70439485786314,4.787301321421721,4.940531002399133,4.841355249734656,58.6125,60.71638095238095,61.379226127454714,4.52344902516413,4.679114587705955,4.666160792423358,59.92266666666667,59.881698924731175,61.06959866554699,4.495123859437952,4.581121633077003,4.593815431855657,61.548,60.75629508196722,62.924954618723255,4.4798024234517175,4.520016503296884,4.521831597240403,8.776158393529348
2023-12-29,sz001269,72.17,75.33,75.62,70.33,168394,865994110.78,7.32,4.22,3.05,20.07,5.226326613212838,0.13920210110793718,69.70200000000001,71.05066666666667,69.83581268350599,5.118379166783823,5.119420962954395,5.077470453564302,63.599000000000004,67.27490909090909,65.81814124734257,4.863923917289119,5.020353782724791,4.911350043094325,59.504999999999995,62.30852380952381,62.70787125817331,4.570151444391123,4.74605531037726,4.719509918212832,60.25966666666667,60.875720430107535,61.98962455809235,4.523530584539056,4.628296004288286,4.634622604846443,61.67733333333334,61.20816393442623,63.33167741810938,4.489750870443777,4.544492706239872,4.544929794485401,8.9375149385942
2024-01-02,sz001269,73.16,71.41,74.0,71.2,105069,537668839.68,3.72,-5.2,-3.92,12.52,5.021474598855523,-0.20485201435731515,70.47200000000001,71.61999999999999,70.360541789004,5.080306400583495,5.087119440311628,5.058805168661376,65.422,68.69509090909091,66.83484283873482,4.943434589589023,5.0489993611914095,4.931372689596361,60.229,63.442333333333345,63.53664542406157,4.607806808062825,4.789038467945298,4.748268459226423,60.468333333333334,61.59509677419354,62.59739071563479,4.544596903143969,4.660421424566768,4.65958079800832,61.760666666666665,61.52726775956285,63.596540453581206,4.500670577387861,4.561926271105831,4.560554214300814,8.73051486789396
2024-01-03,sz001269,70.86,72.28,72.81,70.42,82125,417200237.8,3.35,1.22,0.87,9.79,4.914475382567837,-0.1069992162876856,71.41,72.22266666666668,71.00036119266935,5.043106689845531,5.0318424343064105,5.01069523996353,67.225,69.942,67.82487141351031,4.988290332524613,5.043734050823921,4.9283004519548115,61.0475,64.59004761904762,64.36934585986522,4.634905229023072,4.818244998850537,4.764097690020844,60.74033333333333,62.357139784946234,63.22207518559384,4.561713766588708,4.684284552271534,4.676025609915386,61.87916666666667,61.87216393442623,63.88124404526707,4.509852574191514,4.575493641767468,4.5721581870308805,8.620344547298114
2024-01-04,sz001269,71.2,69.81,71.97,69.65,69361,346792933.0,3.21,-3.42,-2.47,8.27,4.841115345877485,-0.07336003669035218,72.22200000000001,71.68933333333332,70.60357412844624,5.018103290523717,4.964511986317062,4.954168608601515,68.717,70.41199999999999,68.18580388378116,5.025212581975303,5.016974962342625,4.912448614486206,61.69499999999999,65.42457142857144,64.88750339702091,4.658602521890212,4.837884057598576,4.771432704864333,60.90866666666667,62.94227956989246,63.64710259297489,4.566084034916858,4.702310460612746,4.686676560622619,61.95616666666667,62.13219125683061,64.07562948640584,4.518768727761391,4.586354716248977,4.5809764545340474,8.540070238774256
2024-01-05,sz001269,68.93,67.0,70.35,66.37,86191,415729308.32,5.7,-4.03,-2.81,10.27,4.935461919485975,0.09434657360848941,71.16600000000001,69.94866666666667,69.4023827522975,4.987770771999932,4.936964862637813,4.947933045563001,69.38300000000001,70.09981818181818,67.97020317763914,5.056654654613351,5.000656660071839,4.916632851758891,62.277499999999996,65.92980952380951,65.08869354968559,4.685850941539302,4.864251619274365,4.7870545348282985,60.967999999999996,63.3352688172043,63.86341855471844,4.5778102734712665,4.726141291875269,4.702727228936384,61.9525,62.29756284153005,64.17151048685156,4.525214000531834,4.600016788108799,4.592598928794766,8.61881064272361
2024-01-08,sz001269,67.48,67.46,68.86,66.82,63904,307563127.6,3.04,0.69,0.46,7.62,4.805528043190608,-0.12993387629536635,69.592,68.71333333333332,68.754921834865,4.9036110579954855,4.87621728636804,4.900464711438871,69.647,69.75018181818182,67.87743896352292,5.010995112389654,4.954997276176794,4.896431977473748,62.903,66.42338095238095,65.31453225923934,4.713073721129292,4.87564943847925,4.78881391657709,61.151666666666664,63.75410752688172,64.09545606731726,4.583466023151072,4.74083276088942,4.709359539533431,62.0115,62.47813661202185,64.2793298151515,4.5280109708681815,4.609207412458267,4.599580211233974,8.487934268581574
2024-01-09,sz001269,67.52,69.45,71.51,66.8,101795,501012812.14,6.98,2.95,1.99,12.13,5.007726446706652,0.2021984035160438,69.2,68.666,68.98661455657667,4.900861427565712,4.910922415938429,4.936218623194798,69.836,69.71436363636363,68.1633591519733,4.990583914074603,4.9544029733253385,4.9166673355160935,63.5895,67.04690476190477,65.70838632978797,4.74887939261763,4.903711602819952,4.809662728970381,61.45,64.28948387096773,64.44091051458712,4.603268512972504,4.768204401118812,4.728609017415575,62.12416666666666,62.722021857923494,64.44885998514653,4.539256686466356,4.624935788715266,4.612962055019963,8.699848831996102
2024-01-10,sz001269,68.62,71.82,73.72,68.27,104921,529458710.23,7.85,3.41,2.37,12.51,5.020862421190259,0.013135974483606816,69.10799999999999,69.53933333333333,69.93107637105112,4.9221388352901965,4.950922747146611,4.964433222526619,70.259,70.07509090909092,68.8282029425236,4.982622762567863,4.959908156437277,4.935611896547759,64.4045,67.8307619047619,66.29044477457006,4.7955813958221905,4.929614748398297,4.829776985372274,61.82066666666666,64.95851612903226,64.9169808039686,4.629399255942364,4.795145943584474,4.747464075723619,62.273500000000006,63.03991803278688,64.690536706945,4.552599540391774,4.6407261406734275,4.62633583751735,8.723832097364257
2024-01-11,sz001269,70.78,74.76,75.09,70.04,116330,601716907.63,7.03,4.09,2.94,13.87,5.065691728093271,0.044829306903012345,70.098,71.42333333333333,71.54071758070074,4.967054111733352,4.9987737114143025,4.998186057715503,71.16,70.89345454545455,69.9067114984284,4.992578701128535,4.975011604714624,4.95926277501058,65.437,68.817,67.09706908175387,4.840281121864412,4.955339541947924,4.852245056107607,62.317,65.79331182795698,65.55201430048676,4.658149109380972,4.823293845013565,4.767994892005532,62.50333333333333,63.44931147540985,65.02068304442221,4.565682866455243,4.657548835352165,4.640740948683773,8.779392214894093
2024-01-12,sz001269,73.69,75.41,81.9,72.61,141189,768415715.24,12.43,0.87,0.65,16.83,5.149800862258329,0.0841091341650575,71.78,73.19399999999999,72.83047838713384,5.009921900287823,5.059689294922628,5.048724325896445,71.473,71.66618181818181,70.90730940780504,4.9988463361438775,5.003597452192767,4.99390606360108,66.5,69.76680952380951,67.8887767882535,4.893073828782799,4.98481761246163,4.880583704312438,62.89933333333333,66.63802150537634,66.18801337787471,4.681914795490712,4.855013312941137,4.792627535247648,62.73866666666666,63.87248087431694,65.36131638722804,4.580079428791558,4.676700245050625,4.657431437653431,8.885596238246166
2024-01-15,sz001269,75.29,78.86,79.73,74.5,106971,586771264.07,6.94,4.57,3.45,12.75,5.02926605575044,-0.12053480650788906,74.06,75.554,74.84031892475589,5.05466950279979,5.0661373467435,5.042238235847776,71.826,73.00927272727272,72.35325315184049,4.979140280397639,5.009128310303051,5.000335153082781,67.71249999999999,70.94395238095238,68.93365518937222,4.921532098843379,4.997788300744262,4.894743928258914,63.611999999999995,67.66774193548387,67.0055609018828,4.7064810563932955,4.87742307166757,4.8078945365704095,63.009833333333326,64.40104918032787,65.80389617781073,4.5896959091686265,4.69142767544272,4.6696227366074305,8.768468837002509
2024-01-16,sz001269,76.94,77.32,81.1,74.56,99249,543961836.97,8.29,-1.95,-1.54,11.83,4.996726139650066,-0.03253991610037321,75.634,76.64066666666666,75.6668792831706,5.052469441388473,5.046822892360258,5.027067537115206,72.417,74.00818181818181,73.25629803332403,4.976665434477092,5.0123257392580385,4.999678968822287,68.9195,71.85895238095237,69.7323546951463,4.960050012033058,5.004949637963947,4.904456519819976,64.29166666666667,68.55212903225807,67.67100858563231,4.730759683534248,4.896148560909943,4.820077220640066,63.31133333333333,64.8702349726776,66.18147335230873,4.600445705736448,4.704772928901129,4.6803474383465336,8.735568431729938
2024-01-17,sz001269,76.8,71.75,76.8,71.75,80932,420968086.6,6.53,-7.2,-5.57,9.65,4.908120272855562,-0.088605866794504,75.62,75.346,74.36125285544708,5.029921011721534,4.998706502849289,4.987418449028659,72.364,73.88690909090909,72.98242566362875,4.976029923505864,4.999862982599579,4.983031933191972,69.7945,72.12852380952381,69.92451139084665,4.982160128015239,5.000003948518471,4.904805448680508,64.81966666666668,69.03331182795698,67.93416932204313,4.748613460517336,4.907591179575833,4.8257574175571945,63.50066666666667,65.146912568306,66.36404799649532,4.60961165423549,4.714860619626345,4.687815400133715,8.624249173415576
2024-01-18,sz001269,70.81,73.61,74.25,70.75,92445,478069590.31,4.88,2.59,1.86,11.02,4.965883426786356,0.0577631539307939,75.39000000000001,74.67599999999999,74.11083523696472,5.009959351460151,4.977360641204229,4.980240108281224,72.744,74.11345454545454,73.09653008842352,4.988506731596752,4.998018165014213,4.979914022936406,70.73049999999999,72.49190476190476,70.27551030600411,5.006859656786029,4.998453786496673,4.910622398976304,65.378,69.60043010752688,68.30035194642745,4.768570591792392,4.9216085967544805,4.834797805249399,63.72966666666667,65.4783661202186,66.60162019333154,4.62174729878401,4.726541661349325,4.69693238461413,8.679491119390015
2024-01-19,sz001269,72.88,68.43,73.19,67.0,94760,466650302.82,8.41,-7.04,-5.18,11.3,4.976625052050728,0.01074162526437128,73.994,72.35600000000001,72.21722349130982,4.975324189418631,4.9662492080677545,4.979035089537725,72.887,73.32909090909092,72.24807007234651,4.992623044853227,4.99585785964221,4.979316028229919,71.135,72.27280952380953,70.099747419718,5.0246388497332894,4.995574300331406,4.916908365935773,65.81400000000001,69.79733333333333,68.30871633698052,4.788108309310611,4.935031465158244,4.843947950204323,63.875,65.63247540983608,66.6615670722387,4.6341822904045324,4.738176997522004,4.706102636005494,8.668991551988048
2024-01-22,sz001269,66.82,64.61,68.39,64.14,79377,372344166.27,6.21,-5.58,-3.82,9.46,4.899694681015259,-0.07693037103546896,71.14399999999999,69.22800000000001,69.68148232753988,4.949409914471595,4.941039371933298,4.952588286696903,72.602,71.82418181818183,70.85933005919259,5.002039708635692,4.978961793489852,4.964839419645434,71.1245,71.65138095238096,69.57691433212581,5.006517410512673,4.983674855691595,4.915268967371914,66.136,69.7196559139785,68.07008947653017,4.809395716964758,4.942230585913383,4.847544513482449,63.92366666666667,65.6565737704918,66.59430257806693,4.641965856192226,4.746882321804323,4.712449916169749,8.5709445538915
2024-01-23,sz001269,64.61,71.02,71.02,63.78,109505,538750087.66,11.21,9.92,6.41,13.05,5.039433949521653,0.1397392685063945,69.88399999999999,69.18666666666667,70.1276548850266,4.957951476445912,4.97104738361665,4.98153684097182,72.759,71.53654545454545,70.88854277570302,5.005210458917192,4.985760746378208,4.97840206144111,71.29749999999999,71.64142857142858,69.71435106239954,4.997897186495898,4.9868097641686395,4.927094203767128,66.646,70.03475268817205,68.26040628449597,4.8343230813841505,4.957071762207375,4.859924477097882,64.06716666666667,65.88924043715848,66.73940741157293,4.653511665100462,4.759914062569222,4.7231707041485,8.731387353832828
2024-01-24,sz001269,71.02,70.15,71.79,67.81,110661,549151986.82,5.6,-1.23,-0.87,13.19,5.04399459044455,0.004560640922896653,69.564,69.27533333333334,70.1351032566844,4.985126339963709,4.999728421616196,5.002356090796064,72.592,71.06218181818181,70.75426227102973,5.007523675842622,4.992812406655909,4.990327975805371,71.4255,71.53214285714284,69.75584143740912,4.995073219205243,4.99119999311613,4.938227573926882,67.13366666666667,70.26081720430109,68.38231555646398,4.866228822495667,4.970598956340305,4.871799968281538,64.23733333333332,66.08867759562841,66.85123011939021,4.661970828205386,4.772716781432964,4.733689520092632,8.739692559208088
2024-01-25,sz001269,69.24,69.24,69.76,65.98,80371,388570435.82,5.39,-1.3,-0.91,9.58,4.9050993719832165,-0.13889521846133324,68.69000000000001,69.16733333333333,69.83673550445627,4.972969529003081,4.973052765622699,4.969937184525115,72.03999999999999,70.45272727272727,70.47894185811523,4.991464440231616,4.9741898059541985,4.9748318660195245,71.6,71.324,69.70671368146539,4.992021570680075,4.982631055285462,4.935072507075105,67.638,70.39670967741935,68.4376500366921,4.890675561320147,4.973106733726598,4.873948316907453,64.414,66.25269945355193,66.92955044334464,4.670985285107698,4.780688209097809,4.739309515236586,8.58946975445041
2024-01-26,sz001269,67.66,67.99,70.74,67.28,64954,317626627.53,5.0,-1.81,-1.25,7.74,4.812605900973897,-0.0924934710093197,68.602,68.934,69.22115700297086,4.940165698787715,4.919598222946305,4.917493423341376,71.298,69.71636363636364,70.02640697482155,4.957744944103173,4.9416700715437045,4.9453362360112285,71.38550000000001,70.98019047619047,69.54321714037344,4.978295640123525,4.965543848646778,4.9234090207797525,68.09933333333333,70.41941935483871,68.4087693891636,4.9146308672229235,4.968069981446196,4.869990741685934,64.60533333333333,66.36994535519126,66.96431928126776,4.676660906164204,4.785331507978668,4.7417126754246945,8.501916903404313
2024-01-29,sz001269,64.86,61.25,64.9,61.25,55395,243761376.96,5.37,-9.91,-6.74,6.6,4.74347056670666,-0.06913533426723717,67.92999999999999,66.48333333333333,66.56410466864725,4.908920875925995,4.854033178919286,4.859485804463137,69.537,67.88945454545454,68.43069661576308,4.929165395198795,4.902711093835249,4.908633387046762,70.6815,70.01490476190476,68.75338693652836,4.954152837798216,4.94317955594041,4.9062720251537435,68.32066666666667,69.97752688172042,67.94691329954014,4.924076530961851,4.957027381412888,4.861828149751788,64.64899999999999,66.2599344262295,66.77696455073439,4.6800307551562685,4.787521988652193,4.741770311204431,8.386964894465523
2024-01-30,sz001269,57.42,59.02,61.12,57.13,63208,266778718.04,6.51,-3.64,-2.23,7.53,4.800772048788364,0.05730148208170416,65.53,63.51333333333333,64.04940311243149,4.861188495779337,4.817983569873409,4.839914552571546,67.70700000000001,65.97727272727273,66.71966086744251,4.909569986112625,4.879366849033351,4.889022234636143,70.062,68.9042857142857,67.82639770447804,4.9431177102948585,4.9285718617489955,4.896224408357041,68.51533333333333,69.37748387096775,67.37098340924723,4.943223336726247,4.949072253530728,4.857889046463826,64.55866666666667,66.07537704918032,66.52263784415292,4.685333588224424,4.7914807195909495,4.743704794403904,8.426151181292328
2024-01-31,sz001269,58.78,56.14,61.54,55.94,78158,325800921.4,9.49,-4.88,-2.88,9.32,4.8929734376084015,0.0922013888200377,62.727999999999994,60.38333333333333,61.412935408287666,4.830984265212107,4.828578550483097,4.857600847583831,66.146,63.874181818181825,64.79608616427114,4.908055302587909,4.876349294759856,4.889740635176554,69.25500000000001,67.57838095238095,66.7134074469087,4.942042613046886,4.923796216731237,4.895914792095266,68.57833333333333,68.5790752688172,66.64640383445709,4.957458519539462,4.9458303245553825,4.860152555569928,64.40333333333334,65.79935519125682,66.18222348860692,4.684895633361915,4.798288583505177,4.74859884827946,8.51295230820567
2024-02-01,sz001269,56.99,61.69,61.69,56.16,52600,226170397.96,9.85,9.89,5.55,6.27,4.720985744153739,-0.17198769345466225,61.217999999999996,60.03733333333333,61.50529027219178,4.794161539646212,4.791912376796974,4.8120624797738,64.95400000000001,63.064,64.23134322531276,4.883565534324648,4.842336647771826,4.85905792771786,68.849,66.85790476190476,66.23498769006025,4.936036132960699,4.902743181598557,4.879254882767501,68.805,68.13466666666666,66.32663584513728,4.965761615965567,4.9305740164659815,4.851174051607593,64.33483333333334,65.71039344262294,66.03493747258702,4.685359183462481,4.799471865826222,4.747693500603207,8.354435762199032
2024-02-02,sz001269,61.32,63.09,64.05,59.55,138447,613733047.45,7.29,2.27,1.4,16.5,5.141283549481654,0.4202978053279143,60.238,60.66133333333334,62.033526848127856,4.859897069347764,4.907619713408788,4.921802836343085,64.41999999999999,62.72509090909091,64.02382627525589,4.90003138406774,4.889194468709463,4.910371677129459,68.65350000000001,66.30942857142858,65.93546505291167,4.946327214460483,4.922290554600552,4.904209993883135,68.89666666666668,67.76595698924731,66.11782062932197,4.983103027844773,4.941898012176695,4.86989079340592,64.28416666666666,65.66957923497267,65.93838214561696,4.6908378129203605,4.8144202056957015,4.760598092369713,8.787979509203366
2024-02-05,sz001269,61.93,58.73,63.33,57.9,83566,356563504.75,8.61,-6.91,-4.36,9.96,4.9220296145699125,-0.21925393491174106,59.734,60.15866666666667,60.93235123208524,4.895608878920415,4.92833056181617,4.9218784290853606,63.831999999999994,61.69054545454544,63.06131240702754,4.902264877423205,4.8931941469825855,4.9124913021186325,68.21700000000001,65.36433333333333,65.2492302859677,4.952152293029448,4.919976497468117,4.905907100615209,68.69366666666666,67.11004301075269,65.64118704033345,4.971766566149517,4.937957791965415,4.8732545883197265,64.16633333333333,65.48747540983607,65.7020417474,4.6965234601979695,4.822000264766179,4.765890929163161,8.552136889885908
2024-02-06,sz001269,59.09,61.89,62.6,53.7,108530,454378796.4,15.15,5.38,3.16,12.94,5.035549803010057,0.11352018844014466,60.30799999999999,60.877333333333326,61.251567488056835,4.942564429764753,4.974977536512719,4.959768887060259,62.919,61.33745454545454,62.84834651484071,4.901876462772045,4.917427769816559,4.934865575007982,67.839,64.7617619047619,64.929303592066,4.953543460844618,4.92791911746627,4.918254024652813,68.50466666666667,66.67109677419356,65.39917497321517,4.965890278587946,4.942072839504805,4.8837252473320065,64.09466666666667,65.41284153005465,65.57705677207541,4.705787302990811,4.833115882563297,4.774732203715518,8.657418056810943
2024-02-07,sz001269,60.7,60.92,63.79,59.72,103023,452510085.68,6.58,-1.57,-0.97,12.28,5.012934192258554,-0.022615610751502757,61.263999999999996,61.08133333333333,61.14104499203789,4.966556580694784,4.998434124010653,4.977490655459691,61.996,60.974,62.49773805759695,4.8987704229534454,4.9376200842686515,4.94905986905354,67.29400000000001,64.10280952380953,64.54746515472638,4.953147049398033,4.93357537760093,4.927271183472407,68.28233333333333,66.18176344086021,65.11019594268517,4.9629722871213096,4.9451079307093595,4.89206130829501,64.00216666666667,65.30875409836065,65.42436638610572,4.714326776580748,4.8431862723753545,4.782542104979224,8.655628263334275
2024-02-08,sz001269,60.87,63.3,63.5,59.51,89245,390645337.35,6.55,3.91,2.38,10.64,4.95058389387961,-0.062350298378944125,61.586,61.760000000000005,61.8606966613586,5.012476210639958,4.993109895072261,4.968521734932998,61.402,61.211090909090906,62.64360386530659,4.903318875143085,4.9470407153461355,4.949336964476462,66.721,63.722428571428566,64.42865894951434,4.94739165768735,4.933331267551556,4.929491441606427,68.20066666666666,65.86032258064517,64.99340910767322,4.962454005501079,4.944308679532476,4.895836958977887,63.9445,65.28573224043716,65.35471502918422,4.719332678310508,4.850932407368759,4.788051671828416,8.591782645040704
2024-02-19,sz001269,63.3,63.12,63.95,61.65,71573,317762210.99,3.63,-0.28,-0.18,8.53,4.854749221156097,-0.09583467272351331,61.592,62.27133333333333,62.28046444090574,4.955169344974847,4.940534231910974,4.930597563674031,60.915,61.52345454545455,62.73022134434175,4.907533207161305,4.938209869166683,4.932139192963668,66.1065,63.37947619047618,64.30402476384631,4.932639075632238,4.924508178358105,4.922373134896872,67.89533333333333,65.53253763440858,64.87254400395237,4.954708162469452,4.9373599837682836,4.8931861371829335,63.909,65.2586994535519,65.28144568396506,4.724916010953702,4.855372294019434,4.790238476724406,8.502102248647537
2024-02-20,sz001269,62.63,62.04,62.65,60.0,65855,284790934.89,4.2,-1.71,-1.08,7.85,4.818588754088593,-0.03616046706750353,62.254,62.42066666666666,62.2003096272705,4.9344811728785825,4.895007368282224,4.893261293812218,60.99399999999999,61.728,62.60472655446143,4.915045025899499,4.92203815042619,4.911493658622746,65.2655,62.99219047619047,64.08840335776571,4.922105210549146,4.913646242972995,4.912488908153226,67.45233333333334,65.15477419354839,64.68979922950383,4.941116900498644,4.928578086453389,4.8883734027897505,63.855999999999995,65.19742076502732,65.17516877629407,4.732323742518849,4.858443531499266,4.791167994015035,8.4545261612643
2024-02-21,sz001269,61.26,63.19,65.15,60.85,95946,431120660.2,6.93,1.85,1.15,11.44,4.982026873660978,0.1634381195723842,62.513999999999996,62.73266666666667,62.530206418180335,4.923776587008766,4.910855935209688,4.922849820428471,61.411,62.127272727272725,62.711139908195705,4.93317050838676,4.934216668201005,4.924317879538788,64.559,62.7945238095238,64.00284113321659,4.921370247249692,4.919353068031266,4.919111571534916,67.17833333333333,64.87978494623655,64.59303798889069,4.939801976325493,4.931217439560638,4.894415562200798,63.82333333333334,65.17558469945355,65.11008127543197,4.742199439734731,4.866630519405566,4.7974256622001485,8.634598835648735
2024-02-22,sz001269,62.27,63.92,65.6,62.25,80999,365711597.81,5.3,1.16,0.73,9.66,4.908479657185282,-0.07354721647569562,63.114,63.20133333333333,62.99347094545356,4.902885679994112,4.90575695860186,4.918059766014075,62.189,62.58345454545455,62.93093265216012,4.934721130344448,4.92972742252801,4.9214382027472405,64.16749999999999,62.733666666666664,63.99495150148168,4.921388216466179,4.918125392787035,4.918099008263523,66.89966666666666,64.66956989247312,64.5496161831558,4.93960211881274,4.929196644777397,4.895322923167539,63.82,65.17875409836066,65.07106221722108,4.750657942700724,4.8720823298137805,4.801066776789825,8.563138733335084
2024-02-23,sz001269,63.92,65.68,66.24,63.92,88404,407955430.89,3.63,2.75,1.76,10.54,4.946471915902509,0.03799225871722722,63.589999999999996,64.05666666666667,63.888980630302385,4.902063284398691,4.920285703904659,4.927530482643553,62.588,63.21818181818182,63.4307630790401,4.957269747519325,4.931863928993111,4.925989786957289,63.771,62.87771428571428,64.15543231086437,4.920417640921985,4.920514316542875,4.920801189943426,66.762,64.59088172043012,64.6225441713393,4.943114004480241,4.929639857492866,4.898622858182699,63.83533333333333,65.23973770491803,65.09102739042694,4.754599019698549,4.878502460082692,4.805834158400077,8.610612719031485
2024-02-26,sz001269,65.38,69.67,71.3,64.45,117039,560856235.83,10.43,6.07,3.99,13.95,5.0683306024513515,0.12185868654884224,64.9,66.08333333333333,65.81598708686826,4.944779560657742,4.975708143255546,4.974463855912819,63.246,64.50581818181817,64.5651697919419,4.949974452816295,4.952056811708025,4.951869935228936,63.83299999999999,63.4395238095238,64.6806292336392,4.925002918442017,4.934601265259958,4.934851610182276,66.85100000000001,64.77849462365592,64.94818648286581,4.947542960579087,4.937718347684551,4.909571744909709,63.909499999999994,65.43103825136612,65.24115763992114,4.762676617025177,4.888788741484423,4.814440599188643,8.74885155290118
2024-02-27,sz001269,68.64,70.22,70.35,67.29,81599,399140383.43,4.39,0.79,0.55,9.73,4.911684836484952,-0.15664576596639979,66.53600000000002,67.85666666666667,67.28399139124551,4.963398777137014,4.964676568531282,4.95353751610353,64.39500000000001,65.77381818181817,65.59332073886155,4.948939975007798,4.945095063284144,4.944563553639121,64.1135,64.0478095238095,65.20818835424498,4.925602426215502,4.933332876502143,4.932645250782531,66.943,64.99584946236558,65.28830348397123,4.951081520355566,4.93540492032364,4.909708073398435,64.04733333333334,65.63793989071038,65.40439837303848,4.767273771753319,4.893674256876547,4.8176289348377015,8.601125670188312
2024-02-28,sz001269,70.53,67.55,75.76,66.45,113490,571668898.81,13.26,-3.8,-2.67,13.53,5.0549575960124065,0.14327275952745477,67.40799999999999,68.19466666666668,67.37266092749701,4.9779849216073,4.9951961748230795,4.98734420940649,64.961,66.34745454545455,65.94908060452309,4.9508807543080335,4.964370994375892,4.964635197706991,63.94000000000001,64.37509523809524,65.43121803479308,4.926378608540039,4.9456524164828,4.944294045566329,66.87966666666667,65.03501075268817,65.43421938823116,4.95265589199909,4.94210660262408,4.919079010341273,64.16483333333333,65.75278142076502,65.47474596736508,4.777962202485797,4.903106513409633,4.8254102024172,8.757144565412434
2024-02-29,sz001269,66.44,70.04,70.05,66.26,82443,401516781.64,5.61,3.69,2.49,9.83,4.916153786840075,-0.13880380917233115,68.632,69.07199999999999,68.26177395166468,4.9795197475382595,4.974585796567338,4.963614068551019,65.873,67.27090909090909,66.69288413097344,4.941202713766185,4.958057000290808,4.9558203957311875,63.9345,64.95604761904762,65.87014965052707,4.919986568359816,4.9446786239399465,4.941614020925733,66.82033333333334,65.23890322580645,65.73136652447431,4.949165604187417,4.939751628097693,4.918890286244421,64.3205,65.94540983606556,65.62442642745147,4.78928243006489,4.9076373850278046,4.828385401906474,8.603703701598112
2024-03-01,sz001269,69.8,69.52,71.03,68.41,70499,347311655.82,3.74,-0.74,-0.52,8.4,4.848182956742292,-0.06797083009778326,69.4,69.368,68.68118263444313,4.959861955706215,4.9308068663020155,4.9251370312814435,66.495,67.93400000000001,67.20690519806917,4.930962620052453,4.941144317195554,4.936249952278661,63.9485,65.488,66.21775444571496,4.917140747597769,4.937840184738278,4.932715824336833,66.64566666666667,65.4130752688172,65.97579449063727,4.941915311809051,4.933236618585105,4.914328523050735,64.48133333333332,66.11588524590164,65.75215015114158,4.800032210595011,4.909568549836899,4.829034502065026,8.540719358529206
2024-03-04,sz001269,69.07,68.15,70.01,67.84,56617,275659870.19,3.12,-1.97,-1.37,6.75,4.752946853408394,-0.09523610333389776,69.096,68.95133333333334,68.50412175629543,4.896785205897624,4.861835165536076,4.8677403053237605,66.998,68.2349090909091,67.37837698023841,4.920782383277683,4.908777814169362,4.902922116120431,63.95649999999999,65.88814285714285,66.40177783183735,4.914157795219494,4.922202671005957,4.915594969962696,66.40366666666667,65.51012903225806,66.11606581382196,4.9286868448473875,4.921045105139901,4.9039168024286495,64.6515,66.23616939890711,65.830768178973,4.805300820169049,4.9080247676340605,4.82653982505989,8.440373547304349
2024-03-05,sz001269,67.81,66.05,67.98,65.38,56847,267810800.28,3.82,-3.08,-2.1,6.78,4.754707550504426,0.0017606970960315493,68.26199999999999,67.93599999999999,67.68608117086362,4.865389748701519,4.814475947071676,4.8300627203839825,67.399,68.06254545454546,67.13685389292233,4.9143942629192665,4.87858239002877,4.875974013281157,64.1965,66.08752380952382,66.36827518118618,4.914719644409383,4.907016933414045,4.900272358585718,65.97666666666667,65.48731182795699,66.1118035032528,4.91953489467252,4.909820634537129,4.894290399078701,64.79433333333333,66.2820218579235,65.83795610753126,4.813007975532908,4.906365971907351,4.824184668517088,8.427828087266828
2024-03-06,sz001269,65.98,68.15,69.53,65.7,70662,339851016.02,5.8,3.18,2.1,8.42,4.849185925437795,0.0944783749333693,68.382,67.89866666666667,67.84072078057575,4.824235414586597,4.809074672650435,4.8364371220685864,67.89500000000001,68.19909090909091,67.32106227602736,4.901110168096948,4.866726328668503,4.871103451855091,64.65299999999999,66.46404761904762,66.53796325916845,4.917140338241854,4.900775626845323,4.895406984000202,65.67099999999999,65.62752688172044,66.24330005143004,4.914616887532111,4.905281991360694,4.891380433037352,64.98133333333334,66.39204371584698,65.91376082531711,4.822688285533179,4.907552134199316,4.82500438185875,8.531288572628796
2024-03-07,sz001269,67.77,65.74,68.47,65.74,52382,248088728.68,4.01,-3.54,-2.41,6.24,4.719182076227086,-0.13000384921070918,67.522,67.018,67.14048052038383,4.784841072463999,4.7740568931972645,4.797352106788086,68.077,67.80727272727273,67.03359640765875,4.882180410001128,4.833648493783073,4.84348138355909,65.133,66.56757142857143,66.46196675829526,4.908450770172789,4.881922459034391,4.878623659450381,65.47066666666666,65.63197849462365,66.21082908037003,4.908318947644494,4.892673293857144,4.880270861630239,65.14516666666667,66.4169180327869,65.9080637490772,4.8284662040809145,4.904158487992557,4.821534798067547,8.394607033585888
2024-03-08,sz001269,65.91,69.11,70.49,65.91,87977,428061063.78,6.97,5.13,3.37,10.49,4.944369148529006,0.22518707230192003,67.44000000000001,67.54733333333334,67.79698701358923,4.804078310821342,4.8272329185522675,4.846357787368393,68.41999999999999,67.9950909090909,67.41112433353898,4.881970133263779,4.844955537151778,4.86182461355362,65.504,66.94633333333334,66.71416040036237,4.919619940391551,4.88534325697308,4.884885134600726,65.32066666666667,65.86677419354838,66.39787236550745,4.907601805035916,4.89499911326905,4.884406234978546,65.34933333333333,66.54691256830603,66.01304526550089,4.838086198414154,4.90795858453184,4.825562153820382,8.631505726422205
2024-03-11,sz001269,70.36,72.25,73.54,69.38,110786,560850543.13,6.02,4.54,3.14,13.21,5.044484882171271,0.10011573364226489,68.25999999999999,69.15066666666667,69.28132467572615,4.862385916573917,4.907368442335578,4.912400152302686,68.678,68.69145454545455,68.29091990925916,4.8795855612357695,4.874503673316776,4.895035571484101,65.962,67.58880952380953,67.24138321937548,4.914780007026033,4.897235156190196,4.900085110559825,65.44800000000001,66.31382795698924,66.77542898708762,4.909863799373268,4.903830279535845,4.894733889636141,65.631,66.77316393442624,66.21753558466479,4.848986054341939,4.91472575449109,4.8327399481925415,8.748847144782689
2024-03-12,sz001269,71.89,70.63,71.89,70.5,72319,363529295.0,1.92,-2.24,-1.62,8.62,4.859252412247665,-0.18523246992360587,69.176,69.94066666666667,69.73088311715077,4.883294888922565,4.906323940893492,4.894684238951013,68.719,69.04636363636364,68.71620719848477,4.874342318812042,4.870806737137121,4.888529542532021,66.55699999999999,68.03338095238095,67.564108627054,4.91164114690992,4.8919468138303515,4.896196282149144,65.64866666666667,66.64815053763441,67.02411098792068,4.908515723747682,4.900565028753548,4.892444762062691,65.89233333333333,66.9370655737705,66.36220654910201,4.85895572035622,4.9150623563896385,4.8336092093091025,8.560539414216256
2024-03-13,sz001269,70.63,70.08,70.81,69.53,44129,219360863.09,1.81,-0.78,-0.55,5.26,4.644724086082983,-0.21452832616468243,69.562,70.242,69.84725541143385,4.842402521051602,4.826800339946965,4.811364187995003,68.97200000000001,69.29381818181818,68.96416952603299,4.8333189678191,4.829057967550019,4.844201277723105,66.9665,68.36890476190477,67.80371732923933,4.892099861063565,4.866526141370642,4.872246549190462,65.61733333333333,66.9340430107527,67.22126511773224,4.895358728299726,4.883546213420342,4.876462782967226,66.13166666666667,67.07436612021858,66.48410141634457,4.864840904841938,4.908038368380678,4.82741625444923,8.34115914620951
2024-03-14,sz001269,69.35,69.18,70.29,68.11,40850,200573907.81,3.11,-1.28,-0.9,4.87,4.611192060868435,-0.0335320252145479,70.25,70.11466666666666,69.6248369409559,4.820804517979871,4.7497301865525765,4.74464014561948,68.886,69.33163636363636,69.00341143039063,4.802822795221935,4.788671257195353,4.80183596556771,67.3795,68.57971428571429,67.93479186931178,4.872012754494061,4.839773017542535,4.847384216969316,65.585,67.16389247311828,67.34763511013662,4.880931977313855,4.865212880037678,4.85934854283182,66.35933333333334,67.17431147540984,66.57249153384146,4.873580399904761,4.899722012840565,4.820326936626909,8.30227443600662
2024-03-15,sz001269,69.65,70.81,70.81,69.21,47800,237796383.99,2.31,2.36,1.63,5.7,4.679427896612119,0.06823583574368453,70.59,70.30133333333333,70.0198912939706,4.767816267596494,4.702604646096659,4.722902729283694,69.015,69.68145454545454,69.33188207941052,4.785947289208918,4.766235821084477,4.779579953030329,67.755,68.90642857142858,68.20862121509161,4.858454954630686,4.821431602506159,4.831388376935298,65.63733333333333,67.50098924731184,67.57101349012781,4.873409594801486,4.8522126167665975,4.8477407592047435,66.63766666666666,67.3202349726776,66.71142623764993,4.882042578060816,4.893356356994903,4.815707295970687,8.376205246308201
2024-03-18,sz001269,71.02,71.35,71.89,69.66,58712,294046750.45,3.15,0.76,0.54,7.0,4.7687268746915725,0.0892989780794533,70.41,70.55466666666668,70.46326086264708,4.7126646661005545,4.702908181795019,4.738177444419653,69.33500000000001,70.106,69.69881261042678,4.787525291337236,4.763104836626778,4.777606666059646,68.16650000000001,69.24880952380953,68.50780014698765,4.85415383730746,4.812886071083387,4.825420614816848,65.74933333333334,67.86954838709677,67.8148190714099,4.871946960592075,4.84545889288854,4.8426430892361525,66.92433333333332,67.47473770491804,66.86351062330075,4.893288913907499,4.889641088031977,4.814166954289404,8.468416384318122
2024-03-19,sz001269,71.4,70.05,72.04,69.97,48062,241907057.05,2.9,-1.82,-1.3,5.73,4.681801839103988,-0.08692503558758435,70.294,70.43466666666667,70.32550724176473,4.67717455147182,4.692620572796162,4.719385575981098,69.735,70.236,69.76266486307645,4.780234720197192,4.7438823907661885,4.7601876066131625,68.567,69.42819047619048,68.65467632346501,4.84731449155823,4.796471595064009,4.811742636177529,66.04266666666666,68.14701075268817,67.95902429260927,4.869891336338652,4.8331914656957595,4.832266234388917,67.18166666666667,67.57721857923497,66.96798568483187,4.896983933650251,4.882707085579403,4.809827114447259,8.383648538031862
2024-03-20,sz001269,69.77,70.26,70.89,69.23,35830,177698187.06,2.37,0.3,0.21,4.27,4.554246808166111,-0.12755503093787723,70.33,70.42333333333333,70.30367149450981,4.659079095888445,4.651644658360927,4.664339320042769,69.946,70.33145454545455,69.85308943342619,4.750740808470024,4.70279367948781,4.722743825077335,68.9205,69.58942857142857,68.80756429265882,4.825925488283486,4.7685603871219024,4.787219223985966,66.41733333333333,68.41909677419355,68.10747433824739,4.86167382831791,4.812827302587854,4.814329497213252,67.46633333333334,67.67814754098362,67.07592058041115,4.902448582522078,4.8714698027766445,4.801447432274107,8.249682997001393
2024-03-21,sz001269,70.19,68.69,70.19,68.55,35727,175371971.8,2.33,-2.23,-1.57,4.26,4.552996549979495,-0.001250258186615838,70.232,69.87666666666668,69.76578099633988,4.647439993710657,4.616283809724609,4.627225063355011,70.24100000000001,70.10309090909091,69.64161862734869,4.734122255845264,4.666840177944077,4.691880684150455,69.159,69.56747619047619,68.796367693358,4.808151332923197,4.742567154902475,4.764912302652016,66.83566666666667,68.56572043010755,68.14505663900563,4.850341265396946,4.792912639469247,4.7974693070691385,67.707,67.71826775956283,67.12884121711897,4.903899892468204,4.860012359086723,4.79330150170707,8.243960185009163
2024-03-22,sz001269,68.16,66.69,68.69,66.48,39260,186823895.0,3.22,-2.91,-2.0,4.68,4.593950295263987,0.040953745284491916,69.40799999999999,68.696,68.7405206642266,4.63034447344103,4.5984539102423865,4.6161334739913364,69.999,69.45745454545455,69.10496069510347,4.699080370518763,4.641354366929299,4.674075158898369,69.2095,69.33233333333334,68.59576124637152,4.79052525189127,4.722167056077788,4.748630206710299,67.00233333333334,68.55632258064514,68.05118201713431,4.846106750433956,4.776371286557442,4.784339048243,67.90366666666667,67.68492349726776,67.11445298049212,4.905934183199761,4.849850077211175,4.786765396577788,8.271432422231182
2024-03-25,sz001269,66.62,69.48,72.6,66.12,73737,363982537.36,9.72,4.18,2.79,8.79,4.867685464298721,0.27373516903473405,69.034,68.72,68.98701377615107,4.650136191362461,4.677567573861617,4.699984137427132,69.72200000000001,69.36309090909091,69.17314965963011,4.681400428731508,4.672009838525654,4.709277032607524,69.2,69.35809523809525,68.6799744610028,4.780492994983639,4.72951564773564,4.759968802671101,67.21533333333333,68.71617204301076,68.14336382248048,4.8369868142611905,4.777763461645492,4.789716236375627,68.056,67.73660655737706,67.19201189916451,4.9100449210529815,4.848596020853764,4.789418513552245,8.56108054818171
2024-03-26,sz001269,69.48,70.43,70.75,67.98,56111,276568947.7,3.99,1.37,0.95,6.69,4.749048008689412,-0.11863745560930905,69.11,69.18533333333333,69.46800918410072,4.663585425279545,4.7105381796372665,4.716338761181225,69.702,69.49181818181819,69.40166790333373,4.670379988375682,4.6843093985180015,4.716508119167867,69.2105,69.4752380952381,68.84664355995491,4.772361153593861,4.726520887136191,4.758928727053797,67.60533333333333,68.92356989247313,68.29088873715916,4.83122076073184,4.77208999031828,4.78709247975071,68.1495,67.81444262295084,67.2981754434542,4.901493663440679,4.843317433563157,4.788094890441988,8.441803417278765
2024-03-27,sz001269,69.94,66.59,70.05,66.59,40507,195630698.45,4.91,-5.45,-3.84,4.83,4.607530079972254,-0.14151792871715774,68.376,68.34533333333334,68.50867278940049,4.674242079640774,4.691853064534837,4.6800692007782345,69.353,68.926,68.89045555727304,4.666660587764609,4.672882142444651,4.69669393022321,69.1625,69.22566666666667,68.6317251256735,4.749989777791855,4.710822689648418,4.744509808284127,67.762,68.85806451612903,68.1811539799231,4.816953436630581,4.757658333495081,4.775507808797261,68.13333333333334,67.76331147540982,67.27495657645571,4.891421857609264,4.833679283285503,4.782174732721668,8.291437005468651
2024-03-28,sz001269,66.58,66.9,67.97,66.45,31782,151494188.22,2.28,0.47,0.31,3.79,4.5021812233192415,-0.10534885665301275,68.018,67.85333333333334,67.972448526267,4.664079014308723,4.6344994457609925,4.620773208291904,69.125,68.48,68.52855454685977,4.65575950400969,4.642976803454584,4.661327983513398,69.0055,69.01019047619047,68.4667989232284,4.729291149615813,4.687221874936741,4.721430895430329,67.96133333333333,68.80245161290323,68.0984988844442,4.7999283376659365,4.7373504487653175,4.757873835540615,68.12183333333333,67.7228743169399,67.26266291821126,4.881450312393623,4.8209172952759936,4.772994617659292,8.180395972294443
2024-03-29,sz001269,66.52,67.22,67.5,66.13,26412,124762400.39,2.05,0.48,0.32,3.15,4.421801288600973,-0.08037993471826876,68.124,67.58733333333333,67.72163235084467,4.629649212976121,4.553740203858409,4.554449235061594,68.76599999999999,68.13363636363637,68.2906355383398,4.629996843208575,4.600438946107545,4.617777675347502,68.8905,68.84014285714287,68.34805616863521,4.707972066208747,4.657937126268661,4.692894742398962,68.092,68.75462365591397,68.04182153706071,4.7823022508233155,4.712955155277254,4.736191735738058,68.14633333333333,67.69330601092896,67.26126413400762,4.872378128162198,4.805846835479513,4.761480082280331,8.096083721857012
2024-04-01,sz001269,67.21,69.66,69.66,66.87,39888,193901696.5,4.15,3.63,2.44,4.75,4.600842261159698,0.17904097255872564,68.16,68.09933333333333,68.36775490056311,4.576280572348315,4.5441378865862685,4.569913577094296,68.59700000000001,68.29618181818182,68.53961089500528,4.613208381855388,4.595138113007748,4.614698509131537,68.96600000000001,68.91342857142857,68.47300320019376,4.700366836596312,4.647734287692561,4.684127839423794,68.31,68.85578494623655,68.14622014757293,4.7738386854901025,4.7012480591699255,4.727459511571713,68.10266666666666,67.74293442622951,67.33991121158114,4.864273423979777,4.796944020167955,4.756213268473096,8.287581608858826
2024-04-02,sz001269,69.67,70.5,71.03,68.01,53585,265179594.75,4.34,1.21,0.84,6.39,4.729043235048537,0.12820097388883855,68.174,68.87933333333334,69.07850326704208,4.572279617620141,4.595058774153008,4.622956796412376,68.64200000000001,68.64218181818183,68.89604527773159,4.617932521449843,4.616198995406504,4.635488459298264,69.1885,69.05952380952381,68.66605051446102,4.699083620823518,4.650465373259439,4.68840549614996,68.592,68.9970752688172,68.29807691224565,4.7708538348554335,4.698358030109179,4.727561687279895,68.02216666666666,67.82153551912569,67.44352068005388,4.855985367677039,4.792510243481686,4.755322447705078,8.423540102581816
2024-04-03,sz001269,70.92,69.94,71.2,69.24,37889,188562655.59,2.78,-0.79,-0.56,4.52,4.578513143142161,-0.15053009190637567,68.844,69.468,69.36566884469472,4.566476230254122,4.597136615993682,4.6081422453223055,68.61,68.87818181818182,69.08585522723493,4.620359154947448,4.609031835714197,4.625129310906245,69.27799999999999,69.13109523809523,68.7873790368933,4.6855499817087365,4.6389824706231195,4.677939557768265,68.81700000000001,69.08404301075268,68.40400743403626,4.757403377171473,4.685948953224452,4.717945652174235,67.99766666666667,67.88441530054645,67.52537246103572,4.848602676748483,4.783412793496935,4.749525421325966,8.275455685871602
2024-04-08,sz001269,69.94,66.61,69.94,66.4,35973,172315980.35,5.06,-4.76,-3.33,4.29,4.555976657699429,-0.0225364854427319,68.786,68.72333333333333,68.44711256312982,4.577235317130159,4.593636758475451,4.59075371611468,68.402,68.51454545454546,68.63569973137403,4.620657165719441,4.597325927123649,4.612556101232278,69.3215,68.877,68.58000960480823,4.677389710782353,4.626642154050805,4.666324043475995,68.90666666666667,68.9416559139785,68.28826501893715,4.7456532771886115,4.6729536810004495,4.707496039627474,67.90316666666666,67.83891803278689,67.49536024919848,4.842627698000675,4.773818497790409,4.7431795602234565,8.236325555196157
2024-04-09,sz001269,66.61,67.31,67.53,66.31,20534,97542650.95,1.83,1.05,0.7,2.45,4.312473557686056,-0.24350310001337316,68.804,68.23133333333334,68.06807504208655,4.555369770947177,4.505382838660751,4.497993663305139,68.464,68.31599999999999,68.39466341657875,4.592509491961648,4.54129254384485,4.557995638769328,69.2315,68.68542857142857,68.4590563091122,4.645794931240205,4.5918882347083,4.6326239972102865,68.961,68.83864516129032,68.22515114674766,4.724519998581397,4.645006602322864,4.682010718211899,67.8615,67.8194699453552,67.48928286397887,4.833817001530819,4.756436394829275,4.729058051943541,7.98919455438567
2024-04-10,sz001269,67.28,62.59,67.28,62.58,43303,195969015.34,6.98,-7.01,-4.72,5.16,4.636517984998013,0.32404442731195715,67.39,66.16000000000001,66.2420500280577,4.562504915714839,4.5324322433443625,4.544168437202764,67.775,67.248,67.33927006810988,4.569392744031577,4.549294088033281,4.572272428992725,68.7485,68.05290476190474,67.90009856538722,4.625396586381543,4.591004716018569,4.63299485319007,68.725,68.42761290322582,67.86159300824781,4.710126244666285,4.63932905305942,4.679075703165842,67.788,67.64663387978142,67.32865063893038,4.8288346026226865,4.749967574615083,4.72602395138795,8.292187410486035
2024-04-11,sz001269,62.09,61.78,63.54,61.06,23905,105564341.75,3.96,-1.29,-0.81,2.85,4.378488748031808,-0.2580292369662054,65.646,64.29,64.75470001870514,4.492394018311494,4.471093520783352,4.4889418741457785,66.91,66.15799999999999,66.32849369208989,4.532336817965817,4.514584270578777,4.537039032454376,68.30600000000001,67.3892380952381,67.31723203535034,4.6013584031707495,4.567489683794783,4.60875617650833,68.44366666666666,67.97954838709678,67.46923216900602,4.692353041717848,4.617933085534615,4.659682996383001,67.69333333333333,67.44965027322404,67.14672766716217,4.821717281036707,4.7352021367596455,4.714629354556601,8.023517243989183
2024-04-12,sz001269,61.81,60.38,62.3,60.07,25398,109394093.1,3.61,-2.27,-1.4,3.03,4.404799518857654,0.02631077082584632,63.734,62.534666666666666,63.29646667913676,4.457651293454592,4.4418953542987385,4.46089442238307,66.289,64.97072727272727,65.24694938443719,4.512063761854358,4.49139567074093,4.512995484527699,67.821,66.63438095238095,66.65654327007888,4.589362174809484,4.54876979005068,4.589331732922552,68.20466666666667,67.459311827957,67.01186235165079,4.6706811058126885,4.599381245350086,4.643238901058785,67.54216666666667,67.20986885245902,66.92486774364865,4.811668498905889,4.721532701934103,4.704470999287783,8.038993872241164
2024-04-15,sz001269,60.41,60.03,62.1,59.29,26334,113446239.53,4.65,-0.58,-0.35,3.14,4.420516831228617,0.01571731237096241,62.41799999999999,61.3,62.20764445275785,4.43055932816043,4.4295172002234136,4.447435225331586,65.602,63.832727272727276,64.29841313272134,4.503897322645295,4.474750774263522,4.496181183927866,67.3635,65.89238095238096,66.02544391102376,4.579828413327492,4.532689281138216,4.573254123237414,67.871,66.93191397849462,66.56141961928623,4.654159873958974,4.583241614731759,4.62886973526329,67.34566666666666,66.96356830601094,66.69880650615197,4.801662739073196,4.708708057092225,4.695161026564532,8.054790104641954
2024-04-16,sz001269,60.14,57.31,60.64,57.07,26972,110978293.45,5.95,-4.53,-2.72,3.22,4.430913151004602,0.010396319775985319,60.41799999999999,59.59733333333334,60.57509630183857,4.4542472468241385,4.429635141171472,4.441927867222591,64.611,62.32509090909091,63.027792563135634,4.504808508885658,4.461480924874306,4.484314268850908,66.6885,64.93490476190476,65.19540163378339,4.5674026760471165,4.518506875202703,4.5596978401676225,67.464,66.25055913978495,65.96455383739679,4.640250880434384,4.568838600347607,4.616098342730472,67.05483333333333,66.63453005464481,66.3909767846388,4.791083096121718,4.696552332893255,4.686497161792075,8.045238042239307
2024-04-17,sz001269,58.18,59.59,60.07,58.18,30158,126651897.66,3.3,3.98,2.28,3.59,4.479402536873981,0.04848938586937912,59.818000000000005,59.321333333333335,60.24673086789238,4.422824157199332,4.438020237854752,4.454419423773055,63.604000000000006,61.41218181818183,62.402739369838244,4.492664536457086,4.4568616572358195,4.4834212266732845,66.1005,64.25885714285712,64.66155385913736,4.552936459156237,4.510125909567166,4.5520506684253705,67.17866666666667,65.74255913978494,65.55329229950023,4.631132736549904,4.5584612878598385,4.607279258481666,66.79116666666667,66.38978142076502,66.1679939392408,4.779909790698644,4.68633329816382,4.679707174089843,8.102611701328243
2024-04-18,sz001269,59.72,58.77,59.93,58.33,24994,104823866.5,2.69,-1.38,-0.82,2.98,4.397835765486698,-0.08156677138728341,59.215999999999994,58.972,59.754487245261586,4.42669356069031,4.429690773950541,4.43555820434427,62.431,60.533272727272724,61.74224130259493,4.459543789500902,4.43962006251393,4.467860233730269,65.5365,63.560714285714276,64.10045349160046,4.5387381554753725,4.495354414931971,4.5373635348121635,66.93599999999999,65.20006451612903,65.11566053824215,4.619237010382646,4.54340987037189,4.593766775062636,66.45633333333333,66.12679234972677,65.92543676090504,4.769385952527583,4.673806280943758,4.670465488561871,8.020460174910982
2024-04-19,sz001269,58.46,57.55,58.95,56.92,20829,85135159.59,3.45,-2.08,-1.22,2.48,4.318668419976215,-0.07916734551048243,58.65,58.416666666666664,59.01965816350773,4.409467340914023,4.393682393712509,4.396594942888251,61.19200000000001,59.64581818181819,60.98001561121402,4.433559317184307,4.414006358963987,4.44073444941135,64.901,62.80009523809524,63.4766007781147,4.526959236065878,4.474395392503481,4.516535428637312,66.58266666666667,64.59451612903226,64.62755340674266,4.6015530935339255,4.524018348410186,4.576018494089318,66.12683333333334,65.83478142076503,65.65083227694095,4.7580849905330185,4.659028656925679,4.658931158444308,7.930108954472644
2024-04-22,sz001269,57.54,58.74,59.72,56.96,24441,101303781.61,4.8,2.07,1.19,2.91,4.3881189710303055,0.06945055105409015,58.391999999999996,58.44666666666667,58.92643877567182,4.402987768874359,4.386566270417936,4.393769618935603,60.404999999999994,59.2,60.572740045538744,4.416773548517395,4.405744477845078,4.431167998796615,64.4035,62.21333333333334,63.025495942103774,4.518715357118419,4.46117251011914,4.504305289817597,66.34933333333333,64.08853763440861,64.24771125146896,4.5905176566940336,4.510248405022854,4.5638959442145435,65.91,65.59259016393443,65.42424761212321,4.749418302169264,4.646898623499361,4.650052070332373,8.005625657617948
2024-04-23,sz001269,59.15,58.57,59.72,57.77,17764,73750889.0,3.32,-0.29,-0.17,2.12,4.2495407645016385,-0.13857820652866693,58.644000000000005,58.506,58.807625850447884,4.3667132915737685,4.335417268960362,4.345693334124282,59.531000000000006,58.86636363636363,60.20860549180442,4.4104802691989535,4.37533851711494,4.398144865288437,63.99749999999999,61.6577619047619,62.60116299523675,4.501494880580301,4.435536834631828,4.480042001692268,65.998,63.58664516129033,63.881407299761285,4.567356710559789,4.488249895849151,4.543614964878228,65.65933333333334,65.3519344262295,65.19951818221753,4.737479257797853,4.630509196034848,4.636920552108414,7.867767259707386
2024-04-24,sz001269,58.21,58.91,58.99,57.77,18489,76654707.8,2.08,0.58,0.34,2.2,4.266913422450338,0.017372657948699022,58.507999999999996,58.59466666666666,58.84175056696526,4.324215468689038,4.302150645919219,4.319433363566301,59.163,58.753454545454545,59.972495402385434,4.373519812944186,4.349235454069737,4.374284602954237,63.468999999999994,61.1732380952381,62.24962366235706,4.4714562784878815,4.413195743381355,4.4597440417644645,65.55333333333333,63.12935483870967,63.56067134493798,4.541437661902424,4.468866457906606,4.525763252463525,65.50066666666666,65.13064480874318,64.99330447132515,4.725650730637846,4.615080807990667,4.62478917080815,7.884538832494716
2024-04-25,sz001269,58.6,59.99,60.14,58.29,23503,99380837.4,3.14,1.83,1.08,2.8,4.371123300581949,0.10420987813161187,58.751999999999995,59.08866666666666,59.22450037797684,4.318872975708089,4.317786589883523,4.3366633425715175,58.984,58.90381818181818,59.975678056497166,4.3727832681992,4.34879972454933,4.37370982070473,62.947,60.84190476190476,62.03442140879924,4.452560043082508,4.403640221676029,4.451303971175654,65.19866666666667,62.77043010752688,63.33030545171618,4.525166691513567,4.457878434595608,4.515786481374391,65.42366666666666,64.94996721311475,64.8292617017735,4.716841207630624,4.603456957824901,4.616472257030241,7.997302651864806
2024-04-26,sz001269,59.61,61.75,61.75,59.48,30337,130451974.55,3.78,2.93,1.76,3.62,4.481972631563958,0.11084933098200889,59.592,60.088,60.06633358531789,4.351533818025638,4.372153141835479,4.385099772235664,59.121,59.406727272727274,60.29828204622495,4.38050057946983,4.368652336070196,4.39339396813368,62.705,60.72790476190477,62.00733365558026,4.446282170662093,4.406441420579022,4.4542247959745405,64.921,62.54793548387097,63.228350261282884,4.519741643029599,4.455091721050471,4.5136049426769445,65.26916666666666,64.82951912568306,64.72830230171535,4.707550185664663,4.595756348773534,4.6120624332444615,8.115450657063525
2024-04-29,sz001269,55.66,58.38,58.47,55.63,65646,267872397.91,4.6,-5.46,-3.37,7.83,4.817208268417088,0.3352356368531293,59.52,59.684,59.504222390211936,4.437351677502994,4.527377958632629,4.529135937629472,58.955999999999996,59.272,59.949503492365864,4.4201697231886765,4.448053734060606,4.470451113639754,62.27900000000001,60.316,61.661873307429765,4.462033522916986,4.441767715603309,4.488794650492878,64.561,62.12593548387097,62.915553470232375,4.526608849947888,4.474283116236762,4.5331922540150185,65.073,64.60364480874316,64.52016124264271,4.703770413630871,4.599351695749023,4.618788526200941,8.427927965370213
2024-04-30,sz001269,58.11,55.52,58.11,55.52,48618,193938639.0,4.44,-4.9,-2.86,5.8,4.686797089290757,-0.13041117912633027,58.910000000000004,58.35066666666667,58.1761482601413,4.524802942460818,4.610526429228551,4.5816896548499,58.777,58.647272727272735,59.14413922102661,4.445758117017293,4.496531436988257,4.5097867455763,61.694,59.67228571428571,61.076932992436454,4.475283312951475,4.463173769543668,4.507652025616486,64.05133333333335,61.54264516129032,62.438420988281905,4.526854489703841,4.484617841355655,4.543102243387646,64.84433333333332,64.29043169398906,64.22507398878557,4.700132042252664,4.598795193311642,4.621018315154705,8.28766434354358
2024-05-06,sz001269,55.74,55.04,56.32,54.88,42169,165298297.28,2.59,-0.86,-0.48,5.03,4.624993302232997,-0.06180378705776057,58.136,57.06066666666667,57.130765506760866,4.59641891841735,4.643923215819276,4.5961242039776,58.322,57.96781818181818,58.39793208993086,4.460317193553195,4.529119652482022,4.530733392241154,60.963,59.03857142857144,60.50198699315679,4.47649086500514,4.477431863760955,4.518827385294249,63.507666666666665,60.961268817204314,61.961103505166946,4.52206337062189,4.49094937764786,4.548385537506701,64.6285,63.96897814207651,63.92392402194014,4.697005165606982,4.596331628065096,4.621148642599895,8.218268379973694
2024-05-07,sz001269,55.1,55.6,55.8,54.68,30727,120227473.8,2.03,1.02,0.56,3.66,4.4875201604175725,-0.13747314181542425,57.258,56.215333333333334,56.62051033784058,4.619698290384474,4.60762362981935,4.559922856124258,58.00500000000001,57.47290909090909,57.88921716448888,4.469285633046282,4.534065646457362,4.522876441000503,60.217999999999996,58.52780952380953,60.03513108904662,4.464414711273592,4.478482272847854,4.515845744829804,63.025999999999996,60.451096774193545,61.55070973064005,4.515587314665677,4.48872078344113,4.5444587389848214,64.53433333333334,63.67296174863388,63.65100848023718,4.692739325502163,4.589463267239214,4.616767380888999,8.08000372187923
2024-05-08,sz001269,55.51,55.93,56.3,54.82,29980,117856011.22,2.66,0.59,0.33,3.57,4.476831628512261,-0.010688531905311827,56.09400000000001,55.772666666666666,56.39034022522706,4.6186700897741355,4.560001409195279,4.532225780253593,57.842999999999996,57.095636363636366,57.53299586185454,4.485101953899886,4.535437645632995,4.514504656911732,59.517500000000005,58.119428571428564,59.644166223423134,4.459330635542097,4.479664836394393,4.512130114704323,62.54833333333333,59.993290322580656,61.18808329640521,4.513006808677215,4.4862204165925235,4.540095699599495,64.48283333333333,63.3908524590164,63.39786066121301,4.687340318497562,4.5823843263542985,4.612179323434024,8.071351738520052
2024-05-09,sz001269,55.9,56.98,57.52,55.88,40974,165232653.88,2.93,1.88,1.05,4.88,4.612508363102049,0.13567673458978824,55.814,56.068,56.58689348348471,4.577730108711127,4.557947500304583,4.558986641203078,57.66700000000001,56.93872727272728,57.43245115969916,4.507540893107061,4.558602447306116,4.532323512582698,59.036,57.877761904761904,59.39043610690665,4.4621572208122275,4.494253191400103,4.521689947885059,62.158,59.634043010752684,60.91659405147584,4.514990535781299,4.492639871716705,4.5447674843415955,64.49683333333333,63.14485792349726,63.187439000189634,4.682665900589123,4.57993081962002,4.61219011161986,8.21809587832646
2024-05-10,sz001269,56.84,55.53,56.85,55.44,27638,109269143.9,2.47,-2.54,-1.45,3.29,4.4415066124941145,-0.17100175060793443,55.815999999999995,55.97333333333333,56.23459565565648,4.528672013351799,4.512539668232247,4.519826631633424,57.363,56.55018181818182,57.086550948844774,4.526737477906308,4.546596214467398,4.515811348930228,58.447,57.54385714285715,59.022775525296495,4.468608873552631,4.492286466798379,4.514053439752588,61.785999999999994,59.206430107526884,60.569071854606435,4.50990907968897,4.487898973440114,4.538105492609501,64.39416666666666,62.850863387978144,62.93637542641292,4.678007915061462,4.572023957715266,4.606593931320655,8.038497540487104
2024-05-13,sz001269,55.1,53.5,55.1,53.42,29547,112944512.2,3.03,-3.66,-2.03,3.52,4.470513392168665,0.029006779674550565,55.508,55.20133333333333,55.323063770437656,4.497776031338932,4.493153461171202,4.503388885145171,56.822,55.847818181818184,56.43445077632754,4.547097474878141,4.5363736534241905,4.507575356791762,57.99249999999999,57.07271428571428,58.49679690383969,4.460308643911163,4.492467849523715,4.509906768554119,61.25333333333333,58.671849462365586,60.11300270269635,4.496670010617968,4.485357316180739,4.533744711935898,64.23433333333334,62.49367759562841,62.62698606816988,4.666828412439579,4.565220858604026,4.6021322742992785,8.05286513406862
2024-05-14,sz001269,53.42,53.03,53.98,52.82,26614,100028816.2,2.17,-0.88,-0.47,3.17,4.425110152543681,-0.04540323962498416,54.99400000000001,54.37533333333333,54.55870918029177,4.4852940297641535,4.468931501572785,4.477295974278007,56.126,55.15836363636364,55.81545972608616,4.552496160074314,4.514194140272471,4.49258168329211,57.55499999999999,56.60009523809525,57.97614957966448,4.462639714136757,4.489115612250622,4.501830900362648,60.67333333333333,58.141311827957,59.65603478639336,4.485872082079777,4.480740551143687,4.526736030684788,64.13933333333334,62.126322404371585,62.312330787246275,4.658546421405808,4.557295669754981,4.596328270307291,8.00012512913863
2024-05-15,sz001269,53.14,53.11,53.83,52.97,18829,70875862.4,1.62,0.15,0.08,2.24,4.274827255438105,-0.1502828971055763,54.42999999999999,53.74733333333334,54.07580612019452,4.444893155149323,4.398775910130768,4.409806401331373,55.262,54.60999999999999,55.32355795770685,4.531781622461729,4.463708884884069,4.452989969136836,57.191500000000005,56.17676190476191,57.51270676255358,4.456141100965779,4.471228711422178,4.4802115056079295,60.224000000000004,57.653354838709674,59.23370996146477,4.474781987928639,4.467124755876483,4.510483851636615,63.993,61.7647049180328,62.010615023730004,4.6458677122796095,4.544714713493744,4.585787253426334,7.850498356321175
2024-05-16,sz001269,53.11,51.64,53.42,51.4,36506,134056783.25,3.8,-2.77,-1.47,4.35,4.562364249463112,0.28753699402500743,53.362,52.81733333333333,53.26387074679635,4.434864332421536,4.4379329415686986,4.460659017375287,54.588,53.95145454545455,54.653820147214695,4.506297220566331,4.469269362520684,4.472876201923432,56.772000000000006,55.64804761904762,56.953401356596096,4.463233471877505,4.481345201755258,4.48803557645128,59.715333333333334,57.099548387096775,58.74379318975736,4.4767880888001015,4.472775224362579,4.513830974077035,63.83833333333334,61.35968852459016,61.67059485901754,4.638358213233019,4.541976895040745,4.585019286083277,8.127288794100409
2024-05-17,sz001269,51.01,50.0,51.54,49.51,44079,155847646.81,3.93,-3.18,-1.64,5.25,4.64423173331632,0.08186748385320808,52.25600000000001,51.69666666666667,52.17591383119757,4.475409356585976,4.5077220752002924,4.521849922688965,54.036,53.11727272727273,53.80767102953929,4.502040684968888,4.494348364838864,4.504031753085775,56.406499999999994,55.003095238095234,56.29117265596789,4.473899400993091,4.498583131416097,4.502911400914617,59.141333333333336,56.47275268817204,58.1796775000956,4.484202436957279,4.483578040137818,4.522243926286022,63.61666666666667,60.90597267759564,61.287952404623525,4.633252343890297,4.542169469469705,4.586960677795836,8.192700249120735
2024-05-20,sz001269,50.07,50.97,51.5,49.65,32461,116542011.1,3.7,1.94,0.97,3.87,4.511361894658185,-0.1328698386581353,51.75,51.26800000000001,51.77394255413172,4.483579057083881,4.519706254557695,4.518353913345372,53.629000000000005,52.55981818181818,53.291730842350326,4.490677544211406,4.4960431302369175,4.505364506098941,55.9755,54.48533333333334,55.784394307780474,4.4754973688823,4.5021509879556305,4.503716209842576,58.51833333333333,55.94556989247311,57.71453701621847,4.4812197580738955,4.485330263215296,4.521541859729387,63.414166666666674,60.49132786885246,60.94965888316045,4.627529221781999,4.538173061298161,4.584482029168371,8.066482508194637
2024-05-21,sz001269,50.96,49.95,51.52,49.78,23881,85124812.39,3.41,-2.0,-1.02,2.85,4.378052508612645,-0.1333093860455401,51.134,50.668,51.16596170275449,4.474167528297674,4.484530738400617,4.471586778434464,53.064,51.89090909090909,52.684143416468444,4.4797307790309135,4.4755658510371426,4.4822168701923415,55.5345,53.911476190476186,55.22873770703948,4.474508206038598,4.492870525072806,4.491748238296869,57.833333333333336,55.392774193548384,57.21359914420438,4.4695200671927,4.478674311637151,4.512284482237985,63.21266666666667,60.04987978142076,60.58901432961421,4.620186951024067,4.529993496931953,4.577713848166544,7.9300561677628085
2024-05-22,sz001269,49.99,54.89,54.89,49.99,85899,320598753.56,9.81,9.89,4.94,10.24,4.9339881079871235,0.5559355993744788,51.489999999999995,51.919999999999995,52.40730780183633,4.6059996988074765,4.6378042649637665,4.625720554952017,52.96,52.22290909090909,53.08520824983782,4.5254464269784,4.558158092665545,4.564357095245938,55.4015,53.85009523809522,55.196476973035715,4.505274190439144,4.53663051573457,4.533866321124512,57.33166666666666,55.202881720430106,57.063689521997645,4.481369232687531,4.508639991688403,4.539491167770187,63.074333333333335,59.777005464480865,60.402161400774396,4.6193863049295025,4.540282059455331,4.58939497143935,8.505961829549422
2024-05-23,sz001269,54.76,52.79,55.1,52.79,61598,232957575.62,4.21,-3.83,-2.1,7.34,4.789566611465325,-0.14442149652179825,51.720000000000006,52.35333333333333,52.53487186789089,4.651440171207919,4.698993235849716,4.68033590712312,52.541,52.192,53.03153402259457,4.543152251814727,4.60617994439044,4.605304280013098,55.104000000000006,53.60138095238095,54.96728868988946,4.525346572460894,4.56370598440373,4.558218729728399,56.871,54.90987096774194,56.78796761735264,4.489155564479728,4.5285236935450355,4.5556250673634215,62.88883333333333,59.439814207650265,60.152582338453925,4.617404420834169,4.545861741636834,4.595957976030365,8.36727683797148
2024-05-24,sz001269,52.83,51.38,54.2,51.22,45202,168169342.73,5.65,-2.67,-1.41,5.39,4.655157650956245,-0.1344089605090799,51.996,52.24000000000001,52.14991457859393,4.653625354735905,4.700232395765825,4.6719431550674955,52.126,51.980909090909094,52.731255109395555,4.564517355660941,4.62654456241617,4.614368529275488,54.7445,53.24671428571428,54.62564214799522,4.545627416783625,4.57606894426043,4.567451007940575,56.34,54.555612903225814,56.43906648074925,4.500578367588734,4.539233505575778,4.562046524369411,62.6505,59.06247540983606,59.86495668801281,4.612549183085065,4.547099552460509,4.597898948978755,8.225746826796529
2024-05-27,sz001269,51.18,49.95,51.18,48.44,43640,152799158.36,5.33,-2.78,-1.43,5.2,4.639884741916304,-0.015272909039941496,51.79200000000001,51.558,51.41660971906262,4.679329924187528,4.695652191492625,4.661257017350431,51.771,51.58527272727273,52.225572362232725,4.581454490635704,4.640247723553509,4.619007840664727,54.2965,52.79009523809523,54.180342895805204,4.564275982756923,4.585045832368304,4.574349458795406,55.91866666666667,54.143354838709676,56.020417030378326,4.5006905928193435,4.548221013596912,4.567068344856308,62.32183333333333,58.646065573770485,59.53987614086485,4.605408418742814,4.547995800291041,4.599275532353756,8.184120962089054
2024-05-28,sz001269,49.7,49.65,50.69,49.22,29615,104210284.46,2.94,-0.6,-0.3,3.53,4.471511736976963,-0.16837300493934126,51.73199999999999,50.84400000000001,50.827739812708415,4.698021769860392,4.6263794624224355,4.598008590559275,51.43299999999999,51.199636363636365,51.75728647819041,4.586094649079032,4.620258131979193,4.5921903672669515,53.779500000000006,52.34757142857143,53.74888166763328,4.569295404576673,4.5762111422940235,4.564555390050793,55.514333333333326,53.7389247311828,55.60942238325715,4.503791359117515,4.546338506768372,4.56090340241248,61.979,58.2305956284153,59.21561790673813,4.598072200417681,4.543605745151177,4.595086555456156,8.01791058138023
2024-05-29,sz001269,49.08,50.48,52.78,49.08,54006,196908022.82,7.45,1.67,0.83,6.44,4.73244201208477,0.26093027510780775,50.85,50.42666666666666,50.71182654180561,4.657712550679922,4.637852876497229,4.642819731067774,51.17,51.026363636363634,51.525052573064876,4.631856124743699,4.6468667434347815,4.617690666324736,53.215999999999994,52.03333333333333,53.437559604049156,4.581818873602714,4.591748914437651,4.580544592149266,55.184333333333335,53.41412903225807,55.27849190691798,4.51471277555842,4.561090161798516,4.571970409488112,61.6945,57.853579234972685,58.92920420487786,4.5926969406855545,4.5480113127468185,4.599590013050537,8.294263411391917
2024-05-30,sz001269,50.48,49.37,51.19,49.36,33068,116616501.97,3.63,-2.2,-1.11,3.94,4.519407928955734,-0.2130340831290365,50.166,49.93333333333333,50.264551027870404,4.603680814178004,4.5917513359225,4.601682463697093,50.943,50.699090909090906,51.13322483250762,4.627560492692962,4.626421616927878,4.59982107771219,52.765499999999996,51.66704761904762,53.050172975092096,4.566928856629646,4.585805014947462,4.574722052797502,54.829,53.03901075268817,54.89729888066521,4.518009145482656,4.5613930749209235,4.56857928171183,61.35,57.44949726775956,58.61578767357039,4.586084509720815,4.545608394329448,4.596961092260543,8.066760010177884
2024-05-31,sz001269,49.37,48.7,49.67,48.63,22698,78683384.62,2.11,-1.36,-0.67,2.71,4.355987591676388,-0.16342033727934613,49.629999999999995,49.44466666666666,49.743034018580275,4.543846802322032,4.50918692842196,4.519784173023525,50.813,50.291272727272734,50.69082031750624,4.598736078528968,4.577044725833956,4.5554877166147705,52.4245,51.279857142857146,52.635870786988086,4.550388381748928,4.5657153706662,4.553890199357396,54.542,52.643591397849455,54.497473146428746,4.515511626838383,4.550940071449552,4.554863688806317,61.00300000000001,57.03474316939891,58.29067988099431,4.5778812536363835,4.53806423308209,4.589060321749587,7.895883033125465
2024-06-03,sz001269,48.65,47.47,48.7,47.11,26218,88120678.63,3.26,-2.53,-1.23,3.13,4.418599559127808,0.06261196745142072,49.134,48.724666666666664,48.98535601238685,4.499589765764332,4.467437847357219,4.48605596839162,50.463,49.68345454545454,50.105216623414194,4.589459844975931,4.544292631397382,4.5305989607080495,52.04600000000001,50.80799999999999,52.14388309298922,4.5400686945936695,4.553164054226093,4.541005376478388,54.138000000000005,52.187333333333335,54.04408778214302,4.51348486091351,4.544687679984353,4.54607245463351,60.65833333333333,56.59103825136612,57.93590349145351,4.572308798731707,4.532841882442464,4.583471444286578,7.945077833055777
2024-06-04,sz001269,47.16,47.44,47.6,46.32,21246,70467701.72,2.7,-0.06,-0.03,2.53,4.327277177141755,-0.09132238198605336,48.69199999999999,48.160000000000004,48.470237341591236,4.470742853797291,4.41000031781636,4.433129704641665,50.212,49.133818181818185,49.620631782793424,4.584382311828842,4.4966230554275315,4.493631363695996,51.638,50.36933333333333,51.69589422699024,4.532056545429878,4.532898195421149,4.520650309874899,53.76033333333333,51.755204301075274,53.61801760264993,4.511132907968679,4.532674281031336,4.531956630279204,60.348166666666664,56.157650273224036,57.59177550812716,4.565184959175663,4.524808058783776,4.575071632249043,7.847990107362196
2024-06-05,sz001269,47.26,46.49,47.41,46.42,13603,45083807.8,2.09,-2.0,-0.95,1.62,4.133634698058928,-0.19364247908282728,47.894,47.426,47.8101582277275,4.350981390992122,4.2976309325702395,4.333298035780754,49.372,48.45709090909091,49.05142600410371,4.504346970836022,4.414668943833002,4.428177424489256,51.166000000000004,49.87904761904761,51.2000947768007,4.514896698907211,4.494953257576296,4.48379168017814,53.391666666666666,51.286150537634406,53.15814549925316,4.504965117238103,4.508319557811354,4.506258441103703,59.98716666666667,55.70328415300546,57.22778286851643,4.553259105386015,4.510658869894703,4.560598290144449,7.6540205896431415
2024-06-06,sz001269,47.25,44.59,47.25,44.26,32967,105896819.9,6.43,-4.09,-1.9,3.93,4.51807942810387,0.38444473004494206,46.938,46.324666666666666,46.736772151818336,4.350715690821749,4.353330278274155,4.394891833221792,48.55200000000001,47.58763636363636,48.240257639721214,4.477198252499877,4.417165754245337,4.444523243328276,50.546499999999995,49.2527619047619,50.57056194091492,4.5101752521573015,4.495256374642645,4.48705717998059,52.92,50.71830107526881,52.60536191865618,4.509297132473889,4.509165642383339,4.507021085426294,59.63466666666667,55.198459016393436,56.81342933184376,4.549907394583962,4.509505437852666,4.559204229093938,8.02488291836415
2024-06-07,sz001269,45.16,44.98,45.27,44.04,23117,72904586.8,2.76,0.87,0.39,2.76,4.363931473001837,-0.15414795510203305,46.194,45.672,46.15118143454556,4.35230446708684,4.357735539000851,4.384571713148474,47.912,46.93818181818181,47.64748352340826,4.448075634704436,4.396571794336603,4.429870194178014,50.019,48.72261904761904,50.0381274703516,4.506296495182688,4.481328395675458,4.475330922173089,52.467000000000006,50.2060430107527,52.11340308519449,4.513110156090561,4.499787212739979,4.497789497527942,59.232499999999995,54.71797814207651,56.42544804227511,4.540233433325175,4.503407866653252,4.552801843648295,7.862754852862064
2024-06-11,sz001269,44.98,46.49,46.6,44.11,25286,81569986.36,5.54,3.36,1.51,3.01,4.402880133602107,0.038948660600270024,45.998,45.77066666666667,46.26412095636371,4.3491605819817,4.37459409450594,4.3906745199663515,47.565999999999995,46.67963636363636,47.437031973697664,4.424375173873016,4.388354430499816,4.42496291043694,49.6685,48.3865238095238,49.70021056841335,4.50291483225436,4.471479218382068,4.46843084707109,52.053000000000004,49.820430107526875,51.750602886149686,4.51764237979562,4.492675598385886,4.491666312758534,58.80316666666667,54.3001912568306,56.09969564744642,4.529540020849023,4.498904479777085,4.547886377745141,7.911530389685154
2024-06-12,sz001269,46.15,47.02,47.23,46.14,19624,64787817.8,2.34,1.14,0.53,2.34,4.292787535198329,-0.11009259840377794,45.914,46.11133333333334,46.51608063757581,4.342262653593014,4.3558030789114826,4.358045525043678,47.303,46.580363636363636,47.36120797847991,4.406502753695152,4.364429405286236,4.400931024029919,49.368,48.13428571428571,49.444952419040646,4.496298701387093,4.451467094852923,4.4517029126070184,51.62066666666667,49.49572043010752,51.445402699946484,4.515031187616166,4.4781688342183195,4.478835423883683,58.409666666666666,53.91385792349727,55.80200070818587,4.520098939564867,4.491142103198374,4.539522481268197,7.811493352172849
2024-06-13,sz001269,47.04,46.94,47.61,46.88,20409,68118851.0,1.55,-0.17,-0.08,2.43,4.30982172568023,0.017034190481901135,46.004000000000005,46.45333333333333,46.65738709171721,4.377500059117275,4.344989436273888,4.341970925255862,46.949,46.51436363636363,47.28462470966538,4.364240725054699,4.3468510365562505,4.384365697057248,49.0595,47.90304761904762,49.206385521989155,4.498048424899198,4.433707382880841,4.438190418613991,51.126999999999995,49.19374193548388,51.15473155801446,4.509292824086709,4.46492951409342,4.46793131432217,58.024,53.53780327868852,55.51144330791748,4.514517233558154,4.484247768316912,4.531991308953836,7.833267313856504
2024-06-14,sz001269,46.63,47.43,47.51,46.36,26939,89731550.48,2.45,1.04,0.49,3.21,4.430381470282939,0.12055974460270935,46.572,46.928666666666665,46.91492472781148,4.359960467553089,4.36261657332911,4.371441106931554,46.754999999999995,46.60181818181819,47.31105658063531,4.355338079187419,4.358876626597748,4.392732201280101,48.849000000000004,47.74785714285715,49.03720594846638,4.49144928594019,4.427262911012626,4.437446709249128,50.76199999999999,48.955225806451615,50.91442629620708,4.496398597482238,4.459838459009305,4.465508743738995,57.661500000000004,53.19045901639345,55.24647795355953,4.511503723715062,4.48148921870133,4.528659838833479,7.952945172031496
2024-06-17,sz001269,47.41,46.29,47.41,46.28,24905,79113664.39,2.38,-2.4,-1.14,2.97,4.396286546068402,-0.034094924214537414,46.833999999999996,46.834666666666664,46.70661648520766,4.366431482166401,4.374725266167548,4.379722919977171,46.513999999999996,46.51727272727273,47.125409929610704,4.35936797462662,4.366321802394292,4.393378445787064,48.6635,47.50414285714285,48.77556728670768,4.479052026577794,4.418199792929599,4.433526693708107,50.45433333333333,48.66670967741936,50.61607621258082,4.486714912708158,4.453379616982605,4.461042795502182,57.252833333333335,52.817622950819676,54.95282293868872,4.506784701206,4.477711606319472,4.524319730873969,7.8982515006488585
2024-06-18,sz001269,46.63,46.8,47.57,46.21,21499,68937551.99,2.94,1.1,0.51,2.56,4.332418259702485,-0.06386828636591702,46.896,46.82333333333334,46.73774432347177,4.352339107386477,4.363387525346242,4.363954699885609,46.447,46.56927272727273,47.0662444878633,4.350749844684088,4.361421854226266,4.382294775589868,48.455,47.32666666666667,48.587418021306945,4.47010484483001,4.404234672274807,4.423897319040904,50.17966666666666,48.430946236559144,50.36987774725303,4.476962411290475,4.443424994208047,4.452744438353815,56.84366666666667,52.47490710382514,54.68551726856778,4.499512890956183,4.47199467381116,4.51802787936015,7.838455857312267
2024-06-19,sz001269,46.7,45.62,47.02,45.59,17384,54410453.2,3.06,-2.52,-1.18,2.07,4.240149713312468,-0.09226854639001658,46.616,46.398,46.365162882314515,4.341811543009305,4.325991060654906,4.3226863710278955,46.265,46.41890909090908,46.803290944615426,4.3420370983011605,4.341312739431427,4.356450218812158,48.2385,47.056666666666665,48.30480678118247,4.463209705065001,4.38233418355885,4.406397547066768,49.847,48.13677419354838,50.063434021623806,4.468716729720304,4.428146755628821,4.43902864964147,56.4365,52.10691803278688,54.38828719418851,4.492152022192991,4.463490963068744,4.508917119817603,7.735682343282113
2024-06-20,sz001269,45.38,44.17,45.78,44.17,17803,54221953.4,3.53,-3.18,-1.45,2.12,4.250493191840607,0.010343478528138661,46.062,45.58266666666667,45.63344192154301,4.3299458362413805,4.29555161026534,4.298621977965466,46.033,46.038000000000004,46.324510772867164,4.353722947679327,4.324668392802236,4.33718530481733,47.7025,46.66919047619048,47.91101565916509,4.429034959257675,4.36207546801367,4.391549513235705,49.455000000000005,47.77051612903225,49.68321247184163,4.461172115164583,4.414067817701098,4.426865071718834,56.001666666666665,51.704737704918024,54.05326138454298,4.487089461920899,4.455567722729322,4.500444204146226,7.7341751594185615
2024-06-21,sz001269,44.35,43.19,45.1,43.16,22268,66250802.7,4.39,-2.22,-0.98,2.65,4.3476812126349005,0.09718802079429345,45.214,44.62533333333333,44.81896128102868,4.313405784711772,4.301463402396513,4.3149750561886115,45.892999999999994,45.52109090909091,45.75459972325495,4.336683126132431,4.32356989552143,4.3390936516932515,47.222500000000004,46.23942857142857,47.46139512019698,4.406940689316153,4.354327492144835,4.387371579845152,48.99533333333333,47.36632258064516,49.26429553817443,4.4523445434823445,4.406745823989505,4.421756435648902,55.576666666666675,51.28468306010929,53.69708888013173,4.483667539631822,4.45099696045765,4.495435581473723,7.8211911445872415
2024-06-24,sz001269,42.36,41.24,42.57,41.17,23452,66312233.4,3.24,-4.51,-1.95,2.8,4.370179885512759,0.022498672877858894,44.20399999999999,43.300666666666665,43.625974187352455,4.308184452600644,4.320388102663509,4.3333766659633275,45.519,44.67509090909091,44.933763409935864,4.337307967383523,4.329660215408763,4.344745694205889,46.715500000000006,45.669666666666664,46.86888129922584,4.392691801043979,4.350826463211179,4.38573427562302,48.519,46.865978494623654,48.746599051840604,4.4499669859163005,4.401444878314049,4.41842891628528,55.1525,50.81462841530055,53.288659736520856,4.479938032802635,4.447276053765221,4.491328837343855,7.821593655222545
2024-06-25,sz001269,41.24,40.57,41.66,40.22,16208,44658019.2,3.49,-1.62,-0.67,1.93,4.209729428016205,-0.1604504574965544,42.958,42.089333333333336,42.607316124901644,4.2836466862633875,4.287569761135362,4.292160919980954,44.927,43.775272727272736,44.14035188085661,4.317992896824933,4.306464117341978,4.320197282171401,46.2465,45.08438095238095,46.26898784215671,4.371184035348974,4.333401475303771,4.368971909184276,48.088,46.35313978494624,48.21907653236702,4.441274187111218,4.385945681030171,4.404964433171147,54.67066666666667,50.33651366120219,52.87165449925788,4.468972098864594,4.4384167552476335,4.482096069824916,7.649899456093511
2024-06-26,sz001269,40.51,42.37,42.54,40.11,26022,73002901.8,5.99,4.44,1.8,3.1,4.415340672532405,0.2056112445162004,42.30800000000001,41.89333333333333,42.52821074993443,4.3186848781073754,4.331467756558369,4.3332208374981045,44.462,43.31036363636363,43.81846972070086,4.33024821055834,4.324163712925155,4.337496080418856,45.8825,44.71519047619047,45.89765566671321,4.368375482126747,4.337606869321241,4.373387981884098,47.73266666666667,45.98423655913979,47.841716756085276,4.440948537777509,4.384272551057345,4.405633867968648,54.202999999999996,49.933213114754096,52.5273379582986,4.463410309928643,4.4366583478269055,4.479907368274342,7.863340123280465
2024-06-27,sz001269,42.09,41.35,42.49,41.17,16909,47824177.0,3.12,-2.41,-1.02,2.02,4.228117924136845,-0.18722274839555997,41.744,41.574,42.13547383328962,4.314209824566623,4.301278771901526,4.298186533044351,43.903,42.74454545454545,43.36965704420979,4.322077830404002,4.305594569939429,4.317609142913036,45.426,44.283523809523814,45.46454560321671,4.343159277729351,4.324249006655536,4.359552738289121,47.34066666666666,45.57245161290322,47.42289632020881,4.439391560067466,4.370541543725689,4.394181226431112,53.782333333333334,49.51180327868852,52.160867861305206,4.457086773998053,4.428943843374715,4.471651976663277,7.679647505046766
2024-06-28,sz001269,41.51,41.1,42.15,40.86,17176,48347531.15,3.12,-0.6,-0.25,2.05,4.234922031428193,0.006804107291347172,41.326,41.35933333333333,41.79031588885975,4.291657988325282,4.274849507522049,4.277098365838965,43.27,42.23490909090909,42.95699212708074,4.302531886518527,4.289748061034736,4.302575122643064,45.0125,43.871523809523815,45.04887459338655,4.3289349828529735,4.3139406974839964,4.347683147159509,46.989333333333335,45.16982795698926,47.014967525356624,4.428476819466302,4.357349961232833,4.38390643965673,53.352333333333334,49.095989071038254,51.79821645601651,4.4526324541332025,4.421659753454393,4.463890339114585,7.684374301887332
2024-07-01,sz001269,40.9,41.67,41.93,40.83,14306,40124709.98,2.68,1.39,0.57,1.71,4.155518220708411,-0.0794038107197812,41.412,41.474000000000004,41.75021059257317,4.248725655364412,4.229469584983092,4.236571650795447,42.808,41.944,42.722993558520606,4.278455053982528,4.2630183036147145,4.27583750410949,44.661,43.55319047619048,44.727077013064026,4.318911514304574,4.297424815374991,4.3293817255927385,46.71166666666667,44.82664516129032,46.67013091081749,4.412186369046039,4.339739729054905,4.369171715853613,52.9265,48.71296174863387,51.466143785327446,4.44819440300166,4.411918303178171,4.453779777855367,7.603411906358951
2024-07-02,sz001269,41.37,41.18,42.02,41.03,12295,34399874.5,2.38,-1.18,-0.49,1.47,4.089728533074736,-0.06578968763367499,41.534,41.39666666666667,41.56014039504878,4.224725476376118,4.176470544219867,4.187623944888544,42.245999999999995,41.647999999999996,42.442449275153216,4.254186081319753,4.228704390722389,4.241999509375899,44.346500000000006,43.221666666666664,44.389260154676975,4.30246796300192,4.275597864781673,4.306557612019596,46.38533333333333,44.46976344086022,46.3159289165712,4.398131923659924,4.318935997701917,4.351143123416266,52.45183333333333,48.3278306010929,51.128893169415065,4.43967584086691,4.400165323836303,4.441843671469116,7.536556858151271
2024-07-03,sz001269,41.16,40.39,41.24,40.13,14130,38699710.04,2.7,-1.92,-0.79,1.68,4.150142161848558,0.06041362877382195,41.138000000000005,41.01533333333334,41.17009359669919,4.171685774239348,4.151609439377347,4.175130017208549,41.723,41.310545454545455,42.06927667967081,4.245185326173361,4.209787314454899,4.2252981734618364,43.994,42.844857142857144,44.008378235183926,4.293611212237261,4.26109064562421,4.291660902479497,46.06666666666667,44.08296774193548,45.933610921953715,4.390534912101121,4.302936658230216,4.338175319444156,51.95,47.932360655737696,50.77679831140145,4.43002748964691,4.390672416327505,4.432279687547131,7.58770771105251
2024-07-04,sz001269,40.71,38.76,40.71,38.52,20504,54403994.25,5.42,-4.04,-1.63,2.44,4.311838593176188,0.16169643132762967,40.62,40.22266666666666,40.36672906446613,4.188429908047217,4.198327045689626,4.220699542531095,41.182,40.77181818181818,41.467590010639746,4.25131986630692,4.2219060902735945,4.241032795228081,43.6075,42.346380952380954,43.50853268897593,4.302521406993124,4.262826586666013,4.293582587307753,45.529,43.61156989247312,45.470797314085736,4.369796594940756,4.297859476364091,4.336476175813965,51.43033333333333,47.499901639344266,50.382804924142384,4.425582913814144,4.38679737054158,4.4283307992070995,7.735630786041086
2024-07-05,sz001269,39.13,39.2,39.8,38.31,17843,47018670.25,3.84,1.14,0.44,2.13,4.251467875483525,-0.060370717692663334,40.239999999999995,39.74933333333333,39.977819376310755,4.191739076858284,4.219339701501728,4.230955653515239,40.783,40.411454545454546,41.05530091779615,4.241698532591782,4.221933001032977,4.242930082547252,43.338,41.92661904761905,43.0981962424068,4.289190829362107,4.25796434556986,4.289571662372112,45.076,43.20324731182796,45.066229745435045,4.35185997040803,4.290225365431367,4.330991769341034,50.97350000000001,47.09890710382513,50.01615558236722,4.420507767443879,4.381088680760248,4.42253201482272,7.67227034254193
2024-07-08,sz001269,39.2,37.88,39.25,37.87,17140,44263713.4,3.52,-3.37,-1.32,2.04,4.23401081758718,-0.017457057896344885,39.482,38.96266666666667,39.27854625087384,4.207437596234038,4.233430281744694,4.231974041539219,40.447,39.88363636363636,40.47797347819685,4.228081625799225,4.220535234668504,4.241308398009057,42.983,41.40680952380953,42.60122517170139,4.2826947965913735,4.252709106353201,4.284280153344976,44.626,42.73898924731183,44.60260201992311,4.33782174262906,4.282622194281635,4.324734933744011,50.483,46.66961202185793,49.61824884196174,4.419200055108898,4.374974026666585,4.416350991962538,7.64604784523245
2024-07-09,sz001269,37.88,38.55,38.75,37.14,19067,48657548.75,4.25,1.77,0.67,2.27,4.280282366567866,0.04627154898068664,38.956,38.652,39.03569750058256,4.245548362932664,4.257711871855971,4.248076816548769,40.245000000000005,39.53872727272727,40.12743284579742,4.235136919654391,4.230026278444621,4.248394574110659,42.586,40.98461904761905,42.21539420296792,4.276564908239662,4.252479351112867,4.283899411747156,44.245999999999995,42.346989247311825,44.21211156702485,4.3258349967841125,4.278909976471235,4.321867026184261,50.08233333333333,46.27836612021857,49.25535543730725,4.413262794801728,4.3704193483537646,4.411889725556156,7.687150226436899
2024-07-10,sz001269,38.12,38.66,39.83,37.91,21021,55397447.55,4.98,0.29,0.11,2.51,4.322653372213238,0.04237100564537144,38.61,38.55333333333333,38.91046500038837,4.2800506050055995,4.283413541616162,4.272935668436926,39.874,39.25054545454546,39.860626873834256,4.225868189622474,4.245938360728048,4.261896173765673,42.168,40.61071428571429,41.87678523125669,4.278058200090407,4.25686872863416,4.287590265124878,43.87966666666667,41.986602150537635,43.85391082076518,4.320873051291989,4.2787047103698885,4.321917758186131,49.697,45.90386338797814,48.90796673444472,4.412332205204752,4.367448547613159,4.408963943479339,7.743489754972338
2024-07-11,sz001269,38.3,38.82,39.63,37.56,42306,110199398.6,5.35,0.41,0.16,5.04,4.626401965060686,0.30374859284744815,38.622,38.623333333333335,38.880310000258916,4.3429632793824995,4.398863994967857,4.390757767311513,39.620999999999995,39.05890909090909,39.67142198768258,4.265696593714859,4.318762683534995,4.32816995400113,41.762,40.29185714285714,41.585662828279865,4.29388721205943,4.290044325297996,4.319858046071145,43.491,41.66017204301075,43.52914238071582,4.317338383057853,4.2984162531936745,4.341561900565135,49.337666666666664,45.54724043715847,48.577213726758,4.416025579308137,4.374467228264173,4.416093058941022,8.04217922441219
2024-07-12,sz001269,38.58,39.07,39.97,38.37,36454,96572573.92,4.12,0.64,0.25,4.35,4.561745189241543,-0.06465677581914342,38.596000000000004,38.772666666666666,38.94354000017262,4.405018742134102,4.471791298254206,4.447753574621522,39.418,38.958727272727266,39.56207253537665,4.2983789094961935,4.372589700903482,4.370638178590296,41.344,40.035476190476196,41.34607589225321,4.30045539800736,4.315554608839149,4.3428949168492785,43.147666666666666,41.37494623655914,43.24145577550835,4.3187496250673805,4.3141844342377835,4.355767274028129,48.98833333333334,45.2105956284153,48.265501801290526,4.418379385275018,4.379244920393137,4.420868538623006,7.984853806680786
2024-07-15,sz001269,38.38,37.89,38.78,37.7,21228,54483683.84,2.76,-3.02,-1.18,2.53,4.326909078957348,-0.2348361102841947,38.598,38.53733333333333,38.59236000011508,4.4235983944081365,4.445754743861954,4.407472076066798,39.040000000000006,38.6809090909091,39.25805934712635,4.315517995321086,4.377777004441875,4.3626874332024865,40.92399999999999,39.706523809523816,41.016925807276714,4.296986524651808,4.318074007024863,4.341372456097666,42.78733333333333,41.03574193548387,42.896200564185236,4.317780341310079,4.314710850617782,4.353905454991305,48.66466666666667,44.84671584699453,47.92532141436297,4.416645984074231,4.376245893956493,4.417787900601181,7.736266464126763
2024-07-16,sz001269,38.16,37.95,38.29,37.46,13599,34605944.4,2.19,0.16,0.06,1.62,4.13350697377835,-0.1934021051789978,38.478,38.32133333333333,38.37824000007672,4.394243315850233,4.349057603652025,4.316150375303982,38.717,38.482727272727274,39.02023037492155,4.319895839391448,4.344684091434105,4.321018258761734,40.4815,39.42328571428572,40.72483763515512,4.2870409603556014,4.302504525989295,4.321575743495826,42.47,40.7236559139785,42.57709085036684,4.308277255131762,4.302822246260897,4.339686198138857,48.303999999999995,44.49541530054645,47.598261695859264,4.410881058022637,4.366962647717283,4.4084672144758414,7.539150705682314
2024-07-17,sz001269,38.57,37.67,39.21,37.64,27818,71963503.6,4.14,-0.74,-0.28,3.32,4.444325902788053,0.3108189290097032,38.28,38.052,38.14216000005115,4.418577821965196,4.365751799297965,4.358875551132006,38.44500000000001,38.29236363636363,38.77473394311763,4.349314213485398,4.367307739324397,4.343437830402883,40.083999999999996,39.15552380952382,40.433900717521304,4.29724976982938,4.3174840443161955,4.333266234856991,42.144333333333336,40.41397849462365,42.26050434389156,4.312178879319973,4.311599578367754,4.3464371468259015,47.95233333333333,44.146759562841524,47.27274491894584,4.411655893644325,4.368059200004674,4.409642909174602,7.857112299158035
2024-07-18,sz001269,36.76,38.01,38.17,36.48,24404,61463185.0,4.49,0.9,0.34,2.91,4.38746101632035,-0.05686488646770371,38.117999999999995,37.961999999999996,38.098106666700765,4.370789632217129,4.355379530749683,4.368404039528121,38.370000000000005,38.21327272727273,38.635691408005336,4.356876455799814,4.374243521658025,4.351442046024241,39.775999999999996,38.958000000000006,40.20305303013832,4.304098161053367,4.326075591601049,4.3384276426154065,41.86166666666667,40.147247311827954,41.986278257188886,4.320639756595354,4.316456490432294,4.349083848083608,47.626666666666665,43.82078142076504,46.9690483642263,4.41280243691673,4.367265925338313,4.408915633999053,7.788615061486338
2024-07-19,sz001269,37.85,38.57,38.75,37.52,18903,48764878.29,3.24,1.47,0.56,2.25,4.27653073433479,-0.11093028198555999,38.018,38.11266666666667,38.255404444467175,4.313746741235778,4.323959898122237,4.337779604463678,38.307,38.24963636363636,38.62374751564073,4.359382741684941,4.3596352086643835,4.337821807535249,39.545,38.84314285714285,40.04752417012514,4.300540637138361,4.323450122389756,4.332532698969633,41.660999999999994,39.934881720430106,41.76587320833799,4.312588133469718,4.313610747060644,4.344403002035298,47.290499999999994,43.52384153005463,46.693669729333635,4.4109426329718024,4.362798000663496,4.40457514548547,7.688107144617688
2024-07-22,sz001269,38.66,38.72,39.32,38.51,16165,42382809.0,2.1,0.39,0.15,1.93,4.208575708947575,-0.06795502538721454,38.184000000000005,38.34666666666667,38.41026962964479,4.2900800672338235,4.2889028873595025,4.294711639291643,38.391,38.324727272727266,38.641247967342416,4.356839230820979,4.33221574816668,4.314322516882944,39.419,38.76457142857143,39.92109329677989,4.292460428310102,4.314691557800159,4.320727271348485,41.45233333333333,39.74513978494623,41.56936525941297,4.307409608001242,4.306900268059216,4.335639950868348,46.959666666666664,43.24284153005465,46.432237934929255,4.410259882045902,4.356163019547948,4.398148934451441,7.627189737008378
2024-07-23,sz001269,38.8,37.52,38.94,37.49,13388,34480804.95,3.74,-3.1,-1.2,1.6,4.12671570368574,-0.08186000526183523,38.098,38.12533333333333,38.11351308642986,4.288721813215302,4.234448099510141,4.238712994089676,38.288,38.16636363636364,38.43738470055288,4.341482564532766,4.290375106869364,4.280212187210725,39.2665,38.58371428571429,39.69241774470561,4.288309742093579,4.2989063459311705,4.302249979190128,41.15333333333333,39.49144086021506,41.30811588783794,4.29820412700403,4.295242596813055,4.322160967179148,46.60316666666667,42.93334426229507,46.140033412472555,4.407923253399825,4.346866489109909,4.389249484262401,7.537577395820386
2024-07-24,sz001269,37.4,36.72,37.52,36.62,13802,34332633.2,2.4,-2.13,-0.8,1.65,4.13994202306998,0.013226319384240348,37.908,37.666000000000004,37.649008724286574,4.2278450372716865,4.184854836128368,4.205789337083111,38.094,37.88127272727273,38.125132936815994,4.323211429618441,4.253731372057948,4.254708521003317,38.984,38.34119047619048,39.40933034044793,4.2745398096204585,4.284776086976543,4.286792078607257,40.809999999999995,39.2054193548387,41.012108411203236,4.293109276599751,4.285032138494729,4.310404906268879,46.21533333333333,42.60930601092897,45.83117985796526,4.404070232107959,4.33808021926303,4.381075469141338,7.53570711366094
2024-07-25,sz001269,36.73,40.18,40.18,36.7,37626,98709818.8,9.48,9.42,3.46,4.48,4.5754880511589935,0.4355460280890133,38.342,38.42333333333333,38.49267248285772,4.265450444239415,4.300735840757469,4.329022241775072,38.230000000000004,38.260545454545465,38.498745130122174,4.318120038228272,4.2995998487016855,4.313032071940713,38.9255,38.45509523809524,39.48272745088146,4.291908315971566,4.313437824265927,4.314286933135993,40.58466666666667,39.16477419354839,40.95842399757723,4.301964820782377,4.303250123950164,4.327507044648886,45.85583333333333,42.41142622950819,45.645895272458205,4.405628822434543,4.343700475625358,4.387449652158311,7.994360354681455
2024-07-26,sz001269,40.05,39.84,40.61,39.34,52606,140788406.5,3.16,-0.85,-0.34,6.27,4.721035280623033,0.14554722946403942,38.596,38.92266666666667,38.941781655238486,4.354351353497064,4.4525974528853425,4.459693254724392,38.307,38.553272727272734,38.74260965191814,4.334049047366421,4.372857165500733,4.387214473519316,38.8625,38.54219047619048,39.51675340794037,4.316213978431307,4.354307058994637,4.353024870991902,40.33166666666667,39.116731182795704,40.886267610636764,4.311653281127047,4.330286927810851,4.352895963098832,45.54683333333333,42.21418579234972,45.4555380504104,4.404025939304643,4.354041670975801,4.398386885878466,8.148566893439769
2024-07-29,sz001269,39.7,39.48,39.76,39.1,27305,72551071.6,1.66,-0.9,-0.36,3.25,4.436242180871562,-0.2847930997514707,38.748000000000005,39.217333333333336,39.12118777015899,4.399884647881861,4.479894395343508,4.451876230106783,38.465999999999994,38.76654545454545,38.876680624296654,4.344982357557843,4.39143773522894,4.396128602128815,38.753,38.601,39.51325308337462,4.330250176439465,4.3657383163699,4.3609503290756795,40.10466666666667,39.061784946236564,40.79554066801504,4.312985135620486,4.338324921342756,4.358273138439009,45.2795,42.01527322404372,45.25961877006907,4.399850024164322,4.355097941191111,4.399628043091354,7.8606438314743725
2024-07-30,sz001269,39.22,39.66,40.46,38.78,36082,96213947.41,4.26,0.46,0.18,4.3,4.557290602176188,0.1210484213046259,39.176,39.52133333333333,39.30079184677266,4.485999627579951,4.53236304677495,4.487014354129919,38.637,38.983636363636364,39.019102328969986,4.387360720397626,4.430039234250457,4.42543078395561,38.677,38.68738095238095,39.527228980196085,4.353628279894538,4.387361214059112,4.3796494027043,39.86666666666667,39.033096774193545,40.72227997975601,4.32048088036961,4.35408656434635,4.37111297480915,45.023166666666675,41.831027322404374,45.07602471203401,4.398721645830041,4.360259927355433,4.404797307323644,7.983238032995602
2024-07-31,sz001269,39.36,40.76,40.81,38.8,51016,137814118.98,5.07,2.77,1.1,6.08,4.7077064039791985,0.1504158018030104,39.983999999999995,40.04933333333334,39.787194564515104,4.599552503761794,4.606265305574699,4.560578370746345,38.946,39.36963636363636,39.33562917824817,4.413698770516741,4.488283903992562,4.476753623959898,38.695499999999996,38.88576190476191,39.64463574398694,4.381506492001069,4.421082940162413,4.410892926635243,39.70466666666666,39.09073118279571,40.724713529449176,4.3360661033918335,4.379068856192129,4.392828679916896,44.77583333333333,41.69125136612022,44.93451570508208,4.402391416556069,4.370390575163602,4.41472875311563,8.139293713079546
2024-08-01,sz001269,40.44,40.4,40.9,39.98,31079,84878692.84,2.26,-0.88,-0.36,3.7,4.492467036465145,-0.21523936751405337,40.028,40.187999999999995,39.99146304301007,4.582948300823025,4.570570149809149,4.537874592652612,39.184999999999995,39.634,39.52915114583941,4.424199372531221,4.502605406892271,4.479610608051761,38.777499999999996,39.04809523809523,39.71657519694057,4.390537914165517,4.431650611063754,4.418661889476186,39.57899999999999,39.13559139784946,40.703764269484715,4.344131898212652,4.389159238971052,4.399256960984525,44.517,41.54778142076503,44.78584305901381,4.402652006688617,4.3733438741770145,4.417277549291023,7.928798682665831
2024-08-02,sz001269,40.05,39.55,40.79,39.42,22901,61968283.4,3.39,-2.1,-0.85,2.73,4.359854446750358,-0.13261258971478718,39.97,40.028666666666666,39.84430869534005,4.51071213404849,4.496205531784927,4.478534544018528,39.283,39.70036363636363,39.532941846595875,4.432531743772777,4.4909063294775695,4.457836760542415,38.795,39.12166666666667,39.700710892470035,4.3959572427288585,4.428728376071835,4.413061180645155,39.45766666666667,39.13372043010753,40.629327865001834,4.344537672683168,4.390173596941228,4.396714863291999,44.2265,41.384928961748635,44.614176073472365,4.398441108082755,4.371940675490514,4.415394824617558,7.792169465808653
2024-08-05,sz001269,39.29,38.22,40.64,38.22,31420,83854706.4,6.12,-3.36,-1.33,3.74,4.497206180703954,0.13735173395359634,39.718,39.44533333333333,39.302872463560035,4.522904934014969,4.491703547336749,4.48475842291367,39.233000000000004,39.507090909090905,39.2942251472148,4.4613947909484155,4.502665318010511,4.464994836935422,38.812,39.06690476190476,39.55969080747289,4.409117010884698,4.438371132069462,4.4210749901745645,39.357,39.053870967741936,40.47388735758236,4.348771882522873,4.400023178103858,4.403198174092771,43.937999999999995,41.18799453551912,44.40453095630934,4.399369434219586,4.375178874592848,4.4180771641613745,7.9235274426867575
2024-08-06,sz001269,38.89,41.81,41.81,38.68,40834,114570477.82,8.19,9.39,3.59,4.87,4.611021924445161,0.11381574374120706,40.148,40.14266666666666,40.13858164237336,4.533651198468763,4.521075877480145,4.5268462567575005,39.662,39.97563636363636,39.751638756812106,4.509825413024357,4.529870251373555,4.491545216482647,38.975,39.352428571428575,39.77400596866595,4.425653988778563,4.457600171456173,4.439165174390812,39.398333333333326,39.21212903225806,40.56008817322221,4.362148299070506,4.416942535647232,4.4166061579864735,43.74316666666666,41.11822404371585,44.31946436757788,4.401711243090862,4.382118300501883,4.424403221875597,8.059072724336383
2024-08-07,sz001269,42.95,45.45,45.78,41.94,157574,468551901.09,9.18,8.71,3.64,18.78,5.19748455967606,0.586462635230899,41.086,41.91,41.90905442824891,4.6316068296081365,4.742353664549245,4.7503923577303535,40.535000000000004,41.028,40.787704437391724,4.615579666684965,4.65489918712841,4.619897824335995,39.314499999999995,39.96909523809524,40.31457682879301,4.469395548151704,4.531107844874983,4.511386068227502,39.501,39.60255913978495,40.87556635559497,4.388219761975293,4.470835197621784,4.466985409708382,43.61683333333334,41.17418579234973,44.356531109624505,4.414584149876401,4.408209228914513,4.449750150983808,8.670757704313568
2024-08-08,sz001269,44.18,43.34,44.85,43.16,106758,316890475.38,3.72,-4.64,-2.11,12.72,5.02840042913664,-0.16908413053941995,41.674,42.66133333333334,42.38603628549927,4.738793508142434,4.874618197725412,4.843061714865783,40.851,41.538,41.25175817604777,4.66087090448273,4.729957507574169,4.694171025208839,39.540499999999994,40.352476190476196,40.60271236890796,4.489495471355501,4.584346404968786,4.56062553117123,39.56733333333334,39.85023655913979,41.03456207458885,4.414895845475287,4.512137176148322,4.503205733542464,43.45399999999999,41.16510928961748,44.32320222078436,4.427143702771377,4.428334352824685,4.468722291251114,8.500909186012416
2024-08-09,sz001269,43.33,42.33,43.98,42.21,61341,178157938.0,4.08,-2.33,-1.01,7.31,4.787750851707469,-0.24064957742917148,42.230000000000004,42.88,42.367357523666186,4.824372789133856,4.8909373122470905,4.824624760479678,41.1,41.806909090909095,41.44780214403908,4.667542461591173,4.7530265888877565,4.711185539117681,39.703500000000005,40.61814285714286,40.76721595282149,4.500795754478798,4.612751679288022,4.582256514079443,39.608333333333334,40.02847311827957,41.11813871493796,4.433323472817929,4.536192337840721,4.521563483101497,43.29883333333333,41.128256830601096,44.25785132829962,4.430900146142116,4.440157538035705,4.479182244052962,8.250805177530674
2024-08-12,sz001269,43.8,41.65,43.83,41.46,47315,135788787.8,5.6,-1.61,-0.68,5.64,4.674998844427145,-0.1127520072803243,42.916000000000004,42.68666666666666,42.128238349110795,4.859931321878495,4.841145997344854,4.774749455128834,41.317,41.906909090909096,41.48456539057742,4.691418127946732,4.754382294857934,4.704606140083038,39.8915,40.80352380952381,40.85129062398135,4.518200242752287,4.629342449759291,4.591089116969701,39.60766666666666,40.1601935483871,41.15245234623229,4.450639493608553,4.551784297299379,4.531462538670894,43.159666666666666,41.07419672131147,44.17234800606029,4.431412931327297,4.44816077404505,4.485602460458672,8.1328639113464
2024-08-13,sz001269,41.77,43.47,43.48,40.58,70302,200201439.6,6.96,4.37,1.82,8.38,4.8469676803058634,0.1719688358787188,43.248000000000005,42.87133333333334,42.57549223274053,4.907120473050636,4.83682478348731,4.798822196854511,41.69799999999999,42.29836363636363,41.84555350138153,4.7203858357597,4.782664031650504,4.730490056487188,40.167500000000004,41.14433333333333,41.100691516935505,4.553873278078663,4.660653634288203,4.615458503954097,39.684,40.40937634408602,41.30197154970117,4.4758807985162585,4.577353857731465,4.551817709098957,43.034666666666666,41.08437158469945,44.1493202025829,4.437006361088091,4.4617855199131995,4.497450500453661,8.301467196060823
2024-08-14,sz001269,43.17,43.37,45.23,42.92,66271,196675271.9,5.31,-0.23,-0.1,7.9,4.821323523951671,-0.025644156354192482,42.83200000000001,42.912,42.84032815516036,4.831888265905758,4.808225800454322,4.806322639220231,41.958999999999996,42.60236363636363,42.12272559203943,4.731747547756947,4.801016338594499,4.747005232389821,40.4525,41.44933333333333,41.316816134370214,4.572723159136844,4.686125086276109,4.635064696334818,39.78333333333333,40.647182795698924,41.435392740043035,4.498253510586362,4.59964048517891,4.569205181024938,42.925,41.09536612021857,44.123768720531,4.444394211343741,4.474386082630038,4.508069288109334,8.293749759245836
2024-08-15,sz001269,43.58,42.75,44.21,42.61,54183,158925785.6,3.69,-1.43,-0.62,6.46,4.733863047344918,-0.08746047660675327,42.714,42.88466666666667,42.81021877010691,4.772980789547413,4.775550727600708,4.78216944192846,42.194,42.74618181818182,42.23677548439589,4.755887148844924,4.801400974883221,4.744615744199838,40.6895,41.668142857142854,41.45330983585876,4.590043260688072,4.701471742295927,4.644474063097685,39.916333333333334,40.83858064516129,41.52020611165317,4.512320992391987,4.614841100453655,4.579828269174615,42.72266666666667,41.08962841530054,44.07872712313653,4.441058793666372,4.483876864138273,4.515472362182631,8.201194366906973
2024-08-16,sz001269,42.43,41.37,42.75,41.13,39862,112522718.2,3.79,-3.23,-1.38,4.75,4.600559084810368,-0.13330396253454957,42.522,42.43666666666666,42.33014584673794,4.735542436167994,4.718076826021693,4.72163265622243,42.376,42.596363636363634,42.079179941778456,4.779957612650925,4.7731595086951195,4.7184236243108435,40.8295,41.73295238095238,41.44537556577697,4.606244678211851,4.702473249355192,4.640291684213179,39.98866666666666,40.93236559139785,41.51051539477232,4.523957366036214,4.620533880609681,4.581165741151115,42.532333333333334,41.04527868852459,43.989916397787795,4.437908668222122,4.4891063818807,4.518262090793376,8.051240214828056
2024-08-19,sz001269,41.59,41.0,43.48,40.69,61800,176073476.52,6.74,-0.89,-0.37,7.37,4.790988475088816,0.19042939027844774,42.391999999999996,41.92933333333333,41.8867638978253,4.758740362300327,4.736558838995301,4.744751262511226,42.653999999999996,42.34618181818182,41.88296540690964,4.8093358420894115,4.775165120047464,4.731617233543202,40.9435,41.74919047619048,41.402958845226784,4.6353653165189135,4.720067896676809,4.654643759534668,40.092666666666666,40.99761290322581,41.47757891769024,4.542523287952935,4.637761694096946,4.594702691727741,42.35933333333333,40.995038251366125,43.89188635195869,4.440172515290998,4.500682768991083,4.527203939458801,8.245693939337151
2024-08-20,sz001269,40.05,39.28,40.34,39.01,43000,114753872.7,3.24,-4.2,-1.72,5.13,4.633468455579586,-0.15752001950922967,41.553999999999995,40.892,41.0178425985502,4.716040517355071,4.694801536755054,4.7076569935340125,42.401,41.732727272727274,41.4096989692897,4.811580495202854,4.743189231591131,4.713772001186181,41.0315,41.590761904761905,41.200772288538516,4.660702954113605,4.719887243254016,4.6526270639198986,40.117,40.945182795698926,41.33579963267796,4.55429615758666,4.643629124266408,4.59720370875044,42.18150000000001,40.89407650273225,43.74067696336987,4.440065577185385,4.507020340803823,4.530688021954564,8.05976735097496
2024-08-21,sz001269,38.54,37.99,39.13,37.91,30800,79574219.4,3.11,-3.28,-1.29,3.67,4.488550716500444,-0.1449177390791423,40.477999999999994,39.704,40.00856173236681,4.649485955864827,4.618971603136845,4.634621567856156,41.654999999999994,40.930727272727275,40.787935520327935,4.7406871108852915,4.68445654455433,4.672822676697865,41.095,41.301095238095236,40.894984451534846,4.678133388785129,4.703491792052762,4.637000745118046,40.09466666666666,40.80795698924731,41.119941591860034,4.5598260690629,4.639387482906006,4.5901938382826994,41.98716666666667,40.75665027322404,43.55213017768561,4.440349560177444,4.508610017502678,4.529306470956069,7.900772387011101
2024-08-22,sz001269,38.36,36.89,38.47,36.8,26200,65833032.28,4.4,-2.9,-1.1,3.12,4.418301291319746,-0.07024942518069821,39.306,38.508,38.96904115491121,4.5863736046597925,4.541910048288484,4.562514809010686,41.010000000000005,40.06436363636364,40.0792199711774,4.679677197103603,4.625840940996958,4.62654606117457,40.9305,40.900619047619045,40.51355736091248,4.670274050793166,4.678745878008439,4.616172225708684,40.03033333333334,40.60120430107526,40.84704213432068,4.552889379938202,4.630256852083868,4.579103996543155,41.760666666666665,40.589530054644804,43.33369968005657,4.435113881498027,4.507887123441769,4.525666956869633,7.818443859226102
2024-08-23,sz001269,36.63,35.01,36.7,34.94,33226,79151069.6,4.77,-5.1,-1.88,3.96,4.5214780607342995,0.10317676941455378,38.034000000000006,37.076,37.649360769940806,4.570557399844578,4.520278200313319,4.548835892918557,40.278,38.973454545454544,39.15754361278151,4.653049918006285,4.597077461657084,4.607442788367248,40.689,40.3367619047619,39.98940904082558,4.66029618979873,4.664574831336167,4.607153733806363,39.894999999999996,40.27731182795699,40.47045877081612,4.551547142321294,4.6282303153610345,4.575386194232906,41.52133333333334,40.36819672131148,43.06079149382521,4.435148383694337,4.510718735875746,4.5255296160127365,7.89845678803273
2024-08-26,sz001269,35.01,35.72,37.36,34.91,46773,113514337.6,7.0,2.03,0.71,5.57,4.669995226262184,0.14851716552788474,36.978,36.30466666666667,37.006240513293875,4.546358750079252,4.553424142452522,4.589222337366433,39.684999999999995,38.14472727272727,38.53253568318487,4.65254955618979,4.600158426794521,4.6188159588936,40.501,39.86352380952381,39.582798655985044,4.6719838420682605,4.665498549094591,4.613138637849775,39.82266666666667,40.00795698924731,40.16397755979573,4.562983347231455,4.635872127228189,4.581490002750924,41.30499999999999,40.17798907103825,42.820109805503066,4.440381844270766,4.518418632353381,4.530266193397964,8.055050719214677
2024-08-27,sz001269,35.23,35.3,36.2,34.66,42625,101382411.9,4.31,-1.18,-0.42,5.08,4.629664392000554,-0.04033083426163042,36.182,35.745333333333335,36.437493675529254,4.545597937363445,4.5811926897596225,4.602703022244473,38.868,37.347454545454546,37.9448019226058,4.630819227359258,4.595997487851023,4.620788401276682,40.283,39.36819047619048,39.17491306970075,4.675602531559479,4.661468125278619,4.614712519197468,39.73433333333333,39.71617204301075,39.850172555937945,4.579521927838861,4.6401741301165185,4.584598027863804,41.10216666666667,39.981103825136614,42.57354882827345,4.443899591485311,4.524624617524848,4.533525150729197,8.005962618929216
2024-08-28,sz001269,34.1,34.7,34.98,33.65,29390,67780573.58,3.77,-1.7,-0.6,3.5,4.468199586072613,-0.16146480592794088,35.524,35.251333333333335,35.85832911701951,4.54152771127788,4.555393239329345,4.55786854352052,38.001,36.589636363636366,37.35483793667747,4.595506833571353,4.566430280344361,4.593044980330488,39.980000000000004,38.83647619047619,38.74873087258639,4.663627190664149,4.641715463803679,4.6007589065189105,39.63533333333333,39.39137634408602,39.517903358780664,4.580317717281679,4.632992043550953,4.57708845097405,40.88983333333333,39.77119672131147,42.315399686362845,4.4462482983008265,4.525421338658859,4.531383328937178,7.831105239650001
2024-08-29,sz001269,34.53,36.19,36.76,34.46,47216,113676329.5,6.63,4.29,1.49,5.63,4.6740891921558845,0.20588960608327156,35.384,35.47333333333333,35.96888607801301,4.592685291445107,4.599580399622013,4.596608759732309,37.345,36.26036363636363,37.14304922091793,4.589529448052449,4.580717981905184,4.607780291571469,39.7695,38.47552380952381,38.505042218054356,4.672708298448687,4.6427118448981295,4.6077427432462414,39.574666666666666,39.16909677419355,39.303199916278686,4.589871989809532,4.639041816123483,4.583346563308361,40.71816666666666,39.6171038251366,42.11456690976079,4.455255873202443,4.532891531900008,4.536062209698446,8.055670042192187
2024-08-30,sz001269,35.93,36.4,37.29,35.78,37414,91771248.1,4.17,0.58,0.21,4.46,4.573034141907423,-0.10105505024846106,35.662,35.812000000000005,36.112590718675335,4.602996507679732,4.5930300164427855,4.588750553790681,36.848,36.088545454545454,37.007949362569214,4.586776953762156,4.577718835333361,4.60146280981437,39.611999999999995,38.15461904761905,38.30456200681109,4.6833672832065405,4.633219068084677,4.604437162166354,39.50233333333333,38.96427956989247,39.115896695873616,4.599755436728619,4.637955503355605,4.582681245798624,40.58166666666667,39.475524590163936,41.927204060260436,4.456171785099168,4.536753114480499,4.537274404197101,7.962706638201638
2024-09-02,sz001269,36.35,35.26,36.48,35.26,23107,55408670.6,3.35,-3.13,-1.14,2.75,4.363743564344569,-0.20929057756285463,35.57,35.678,35.82839381245022,4.5417461752962085,4.513279035331065,4.513748223975311,36.274,35.799818181818175,36.69014038755663,4.5440524626877306,4.537167309984709,4.55824112881986,39.464,37.74014285714286,38.01460372044813,4.676694152388571,4.6027787139073455,4.581513962373803,39.38699999999999,38.69058064516129,38.86712916710758,4.604927698575185,4.6227289309437305,4.568556234091911,40.41966666666667,39.301043715846994,41.708607205825665,4.4561686532882145,4.533722681013136,4.531584868464231,7.74357773041599
2024-09-03,sz001269,35.39,35.99,36.2,34.97,22441,53738826.44,3.49,2.07,0.73,2.67,4.351042205739445,-0.012701358605124113,35.708000000000006,35.818,35.88226254163348,4.486021738043987,4.44971104547881,4.459512884563356,35.945,35.74818181818182,36.562842135273605,4.515809837703716,4.502074535994112,4.520568597350693,39.172999999999995,37.409285714285716,37.82178431850069,4.663695166453285,4.571764242797905,4.559564271265769,39.336,38.47141935483871,38.68150793051999,4.612405248643642,4.606349221728522,4.554523070972397,40.24466666666667,39.155808743169395,41.52111188760187,4.455304687823836,4.530275912241044,4.525665436899484,7.730288177984807
2024-09-04,sz001269,35.64,35.99,36.76,35.37,28807,69961080.45,3.86,0.0,0.0,3.43,4.459498032619692,0.10845582688024713,35.965999999999994,35.912000000000006,35.91817502775565,4.484281427353403,4.440869810337379,4.459507933915468,35.745000000000005,35.75636363636364,36.45868901976931,4.5129045693156415,4.491836025978834,4.509464858308693,38.7,37.10614285714286,37.64732866911967,4.626795840100466,4.552316896718515,4.5500341532994755,39.31166666666666,38.25554838709678,38.50786225758322,4.623057115628632,4.5964842400495565,4.54839242333674,40.060833333333335,39.016311475409836,41.33976395686082,4.458083196114192,4.5304133989556625,4.523496013808343,7.8448565079228425
2024-09-05,sz001269,36.0,36.55,37.12,35.86,31240,76612514.8,3.5,1.56,0.56,3.72,4.4947110252052624,0.035212992585570646,36.038,36.10666666666667,36.1287833518371,4.448405793963278,4.444346342954664,4.471242297678733,35.711,35.90272727272727,36.475291016174886,4.520545542704193,4.4885281088678575,4.506782343198978,38.3605,36.901380952380954,37.542821176822564,4.600111369903898,4.539737390538019,4.54476528395717,39.19066666666666,38.07737634408602,38.38154856354559,4.620364548096842,4.588203847119017,4.544929107328258,39.88766666666666,38.90120218579236,41.182722515652266,4.46116468443961,4.531614311384878,4.522552243690209,7.884299718257151
2024-09-06,sz001269,36.41,35.25,36.52,35.18,25106,60060215.2,3.67,-3.56,-1.3,2.99,4.399777524488799,-0.09493350071646312,35.80800000000001,35.844,35.8358555678914,4.413754470479553,4.428136919796505,4.447420706615422,35.735,35.818909090909095,36.25251083141581,4.508375489079643,4.466570287374148,4.487326921615309,38.0065,36.60514285714285,37.32445725522041,4.580712703542964,4.520657976688962,4.530956925912563,39.03766666666666,37.823139784946235,38.179513172349104,4.6096559562257005,4.573972426241079,4.535564489080551,39.684666666666665,38.74914754098361,40.9882070233358,4.460654618676374,4.529601617615999,4.518526843060655,7.7785868839736025
2024-09-09,sz001269,34.59,35.02,35.53,34.59,14835,34850586.28,2.67,-0.65,-0.23,1.77,4.171287550652861,-0.22848997383593872,35.760000000000005,35.58133333333333,35.5639037119276,4.375263267741213,4.347314613187607,4.355376321294568,35.665000000000006,35.68890909090909,36.028417952976575,4.458504721518709,4.405281571296552,4.429865217803955,37.675,36.32071428571428,37.10498513567561,4.55552713885425,4.481665104985144,4.496702699697353,38.888999999999996,37.56393548387096,37.97567361284271,4.600824135218411,4.545690593623476,4.512062751117474,39.496833333333335,38.59620765027322,40.7925281045379,4.456904635419448,4.520114172762769,4.507141948227612,7.542210088489327
2024-09-10,sz001269,35.22,35.05,35.35,34.51,12086,28207580.6,2.4,0.09,0.03,1.44,4.082282589912437,-0.0890049607404233,35.571999999999996,35.34466666666667,35.3926024746184,4.321511344575811,4.249654387244684,4.264345077500525,35.64,35.577090909090906,35.850523779708105,4.403766541309898,4.33687754736814,4.366668376369133,37.254,36.07071428571428,36.909272265611264,4.517292884334578,4.4365941955621135,4.457234117813075,38.73533333333334,37.316258064516134,37.78692047653028,4.584990534809619,4.512236300377929,4.484334998781666,39.301,38.450409836065575,40.604248494553055,4.452735707589613,4.5078314827461465,4.493212133200885,7.450365837763678
2024-09-11,sz001269,34.77,35.78,35.88,34.77,23037,54822336.6,3.17,2.08,0.73,2.75,4.36242592230863,0.28014333239619305,35.53,35.414,35.521734983078936,4.302096922513598,4.26329257982229,4.29703869243656,35.748000000000005,35.60254545454546,35.83770127430663,4.3931891749335,4.329361071186091,4.365897021085405,36.8745,35.93033333333333,36.801722526029245,4.494348004252426,4.421844961083451,4.448204765860271,38.56933333333334,37.12559139784947,37.657441736108964,4.573481185420601,4.497877293119801,4.476469897073728,39.13699999999999,38.33496721311476,40.446076412764434,4.454773644406217,4.504870506179556,4.4889240607126135,7.738957541799259
2024-09-12,sz001269,35.78,35.11,37.01,35.09,25443,61444297.0,5.37,-1.87,-0.67,3.03,4.405568317928845,0.04314239562021438,35.242,35.274,35.384489988719295,4.284268381058315,4.297783044960705,4.333215234267322,35.64,35.48654545454545,35.70539195170542,4.3663370875107965,4.331611824457972,4.373109984147848,36.49249999999999,35.76228571428572,36.64060609497884,4.477933267781623,4.413389752862158,4.444144151771564,38.393,36.902408602150544,37.49309065636,4.57058456146939,4.487044204894526,4.471895601645026,38.986,38.20293442622951,40.27112308775576,4.457358229841021,4.503257216786855,4.4861910855393745,7.788481579714435
2024-09-13,sz001269,35.02,33.92,35.54,33.92,21124,48735128.2,4.61,-3.39,-1.19,2.52,4.324776158816457,-0.0807921591123879,34.976,34.833333333333336,34.8963266591462,4.269268107923845,4.311285637546752,4.330402209117034,35.391999999999996,35.173818181818184,35.38077523321353,4.3415112892017,4.324055291968091,4.364322015905777,36.12,35.51728571428572,36.381500752599905,4.464144121481928,4.398803361532142,4.432775771490125,38.205333333333336,36.61382795698925,37.26256867853033,4.569415285204927,4.471185598271756,4.462404024688345,38.8315,38.03683606557377,40.06288954389492,4.456976478944046,4.498910263638509,4.480898792859935,7.68784211283381
2024-09-18,sz001269,33.79,33.13,34.03,32.92,13846,30765888.8,3.27,-2.33,-0.79,1.65,4.141324327275417,-0.1834518315410394,34.598,34.217999999999996,34.30755110609746,4.263275463248357,4.268637710663943,4.267376248503162,35.179,34.76254545454545,34.97154337262925,4.319269365494785,4.287657662526948,4.323776981609348,35.7265,35.23252380952381,36.07183401425706,4.431660914091257,4.36805861922676,4.405018491088724,38.035666666666664,36.2863870967742,36.9959513444316,4.557552556757309,4.443566826792433,4.441689205500414,38.696333333333335,37.84990163934426,39.83558168999672,4.453162219640091,4.488561012764127,4.469765203824378,7.488069465998397
2024-09-19,sz001269,33.32,33.75,34.44,33.09,20165,45641176.54,4.07,1.87,0.62,2.4,4.3045982263436375,0.1632738990682201,34.338,33.93533333333333,34.121700737398314,4.307738590534597,4.282411965029037,4.279783574449987,34.955,34.50272727272728,34.74944457760574,4.314624967555203,4.284990182681287,4.320289935197401,35.45,35.044285714285714,35.850706965280196,4.415217402629461,4.355957410869844,4.395454656351096,37.767,36.00989247311828,36.786535128661825,4.547338433487258,4.427247192572196,4.432844626199977,38.58266666666667,37.68772677595628,39.63605442147224,4.454743366278881,4.483690062164245,4.464349893087304,7.659356831150292
2024-09-20,sz001269,33.89,33.11,33.89,32.95,17164,38015980.0,2.79,-1.9,-0.64,2.05,4.2346185058606345,-0.06997972048300305,33.804,33.526,33.78446715826554,4.282177107244999,4.258038603471049,4.26472855158687,34.666999999999994,34.167272727272724,34.45136374531379,4.292137014879299,4.2704435532822735,4.304713311681625,35.206,34.82142857142857,35.58968725430113,4.402520792097469,4.33875751593948,4.380136927732957,37.35566666666667,35.709440860215054,36.54933931390945,4.515242898360077,4.407071713370479,4.420055844242601,38.42833333333333,37.508295081967226,39.42208542404692,4.451731330167685,4.476472853625942,4.456817716456921,7.579966190485179
2024-09-23,sz001269,33.08,32.76,33.33,32.76,12997,28541142.89,1.72,-1.06,-0.35,1.55,4.113843118937487,-0.12077538692314782,33.334,33.178,33.44297810551036,4.223832067446726,4.201927274035212,4.214433407370409,34.288,33.82054545454545,34.14384306434764,4.254050224252521,4.238026481292853,4.270009640273599,34.9995,34.58847619047619,35.320193230081976,4.3872978834783565,4.311264404209958,4.354775612609579,37.003,35.412946236559144,36.304865809786264,4.4847576546867725,4.381174953407731,4.400300184545497,38.28516666666667,37.3224480874317,39.2036563937503,4.449826750081029,4.4653945516183935,4.445572647685792,7.455471359839681
2024-09-24,sz001269,32.97,34.59,34.59,32.81,36109,81579417.2,5.43,5.59,1.83,4.3,4.557615461273808,0.4437723423363211,33.468,33.59666666666667,33.82531873700691,4.270399927938197,4.313188405310905,4.328827425338209,34.222,33.875454545454545,34.224962507193524,4.2698340179310215,4.293220160751269,4.322301607728183,34.9785,34.549476190476184,35.250651017693215,4.3891047535053325,4.327485125904762,4.374093693434744,36.745,35.257268817204306,36.19422930592909,4.47708647500565,4.385875457058508,4.410449557237646,38.17666666666667,37.20129508196721,39.05238897100438,4.45520497391179,4.4689286077230745,4.4492461825575305,7.911580598410248
2024-09-25,sz001269,35.05,34.88,35.92,34.79,32430,76797786.2,3.27,0.84,0.29,3.87,4.510946948672973,-0.046668512600835044,33.818,34.06733333333333,34.17687915800461,4.344324452217708,4.39337074555583,4.389533933116464,34.208,33.995090909090905,34.34406023315834,4.303799957733032,4.337058875431623,4.356600760627235,34.9365,34.54009523809524,35.21535092077006,4.381152339625872,4.339089144492157,4.3871273367907655,36.519333333333336,35.13694623655913,36.1094403184498,4.471618078480511,4.388060003746723,4.416933259910893,38.0635,37.09320765027323,38.91558933261079,4.461128786044532,4.470756213452949,4.451269158495742,7.885348701086443
2024-09-26,sz001269,34.88,36.33,36.34,34.46,31255,74473132.6,5.39,4.16,1.45,3.73,4.4949195032388225,-0.016027445434150245,34.334,34.904666666666664,34.89458610533641,4.3823887075967445,4.443569095896202,4.424662456490584,34.336,34.38090909090909,34.70514019076591,4.345063649065671,4.3718078837054035,4.381749622920251,34.988,34.672809523809526,35.321507975934814,4.374415095187784,4.3499241124552945,4.397393257404866,36.281333333333336,35.124731182795706,36.123669975324006,4.459883139244942,4.389563321473066,4.421964630448179,37.98266666666667,37.03637158469946,38.83081591186946,4.467881968880601,4.471864105819975,4.452700317339777,7.871999622169951
2024-09-27,sz001269,36.8,39.43,39.73,36.61,52201,135212672.31,8.59,8.53,3.1,6.22,4.717678822740233,0.22275931950141015,35.598,36.60333333333333,36.40639073689094,4.4790007709726645,4.5553324676106985,4.5223345785738,34.701,35.30709090909091,35.56420561062665,4.380588939108831,4.439556097100778,4.442827659251156,35.2245,35.09585714285714,35.71279293060769,4.3868890570211665,4.382615896031719,4.427896644579663,36.15,35.32787096774194,36.33698158981924,4.456428315871228,4.4061953010534065,4.441042965434763,37.96666666666667,37.08382513661202,38.850461291808166,4.477340913228796,4.480054166602257,4.461388137188972,8.131017396164786
2024-09-30,sz001269,40.96,43.16,43.16,39.98,66766,189311902.8,8.06,9.46,3.73,7.96,4.8245553581121055,0.1068765353718728,37.678,39.124,38.65759382459396,4.621143218807589,4.6705173299905125,4.623074838419902,35.506,36.84509090909091,36.945259135967255,4.422487643127157,4.520277264192283,4.512232695407692,35.573,35.851619047619046,36.42205074674029,4.394412365318977,4.424298400897523,4.4656736649160855,36.163666666666664,35.78012903225806,36.777176325959935,4.4594513928968,4.429945432810881,4.4657857004462045,38.04,37.25409836065574,38.99175764289642,4.4858861926443945,4.491438246762367,4.473295259186451,8.277177920661355
2024-10-08,sz001269,47.25,46.15,47.26,43.51,78068,243627502.46,8.69,6.93,2.99,9.3,4.892473053450895,0.06791769533878966,39.989999999999995,41.948,41.15506254972931,4.688114737243006,4.7609606082049485,4.7128742434302335,36.729,38.78036363636364,38.6188483839732,4.479257332590601,4.605729156978417,4.581367305961002,36.060500000000005,36.858952380952374,37.34852210419359,4.41038431089615,4.471732752148181,4.506321225728924,36.323,36.42440860215054,37.38187462751091,4.469181858518152,4.457882314136953,4.493313916769088,38.155833333333334,37.52,39.226454113621124,4.496569612277184,4.504768963510122,4.487038793424629,8.386726313075858
2024-10-09,sz001269,45.33,41.76,45.33,41.76,59106,172677200.13,7.74,-9.51,-4.39,7.04,4.77163156945364,-0.12084148399725514,41.366,42.538,41.3567083664862,4.74025166139914,4.78879955227516,4.73246001877137,37.592,39.69509090909091,39.18996685961444,4.542288056808423,4.658888109135333,4.615960808414209,36.3855,37.40176190476191,37.768662856175155,4.430778711151604,4.50613725296318,4.53158887751223,36.348333333333336,36.775182795698925,37.66433432896182,4.4685366283303125,4.477395198713437,4.51126989436164,38.2205,37.63816939890711,39.309521191863055,4.505529958141624,4.513787388335579,4.496369704114105,8.237234998184663
2024-10-10,sz001269,41.38,40.55,43.23,40.47,42997,120565093.5,6.61,-2.9,-1.21,5.12,4.633438154907558,-0.13819341454608214,42.209999999999994,42.266,41.08780557765747,4.767955391732886,4.753195050111299,4.699452730816766,38.272,40.23290909090909,39.437245612411814,4.575172049664816,4.6754608542442675,4.619138507776635,36.6135,37.79838095238095,38.033552107968,4.44489850861001,4.525438152368509,4.541288808692737,36.39066666666667,37.04625806451613,37.850506307738485,4.468535618307912,4.48803400687971,4.519151717622667,38.25383333333333,37.71454644808743,39.350192628195416,4.511415887947285,4.517981099704954,4.500863751681104,8.08122158728448
2024-10-11,sz001269,40.67,38.16,40.67,37.57,34556,90071767.92,7.64,-5.89,-2.39,4.12,4.538523465332709,-0.09491468957484894,41.956,40.916000000000004,40.11187038510498,4.732124320251382,4.676717741311239,4.645809642322081,38.777,40.212545454545456,39.20501913742785,4.605562545612023,4.6687974752747925,4.604481227332284,36.722,37.94566666666666,38.045594764352,4.448849780245661,4.534354814913527,4.541025442658449,36.39633333333334,37.16040860215054,37.8704736427231,4.47020137660232,4.492549351849052,4.520401507797509,38.24549999999999,37.71146994535519,39.31116991907425,4.5150137228326095,4.518869872733984,4.5020984963909925,7.954588687117747
2024-10-14,sz001269,38.34,39.56,39.94,37.85,35118,92238124.17,5.48,3.67,1.4,4.19,4.545529774497824,0.007006309165115354,41.236000000000004,40.117333333333335,39.92791359006999,4.676319203528525,4.614519559393386,4.612383019713995,39.45700000000001,40.35490909090909,39.26956111244097,4.648731211168057,4.657882425981302,4.593762781362383,36.872499999999995,38.21595238095238,38.18982383441372,4.4513907177102885,4.543562433413734,4.541454426643151,36.48533333333333,37.36451612903226,37.97947534319258,4.474442326041589,4.497409248487471,4.522022686294303,38.25783333333334,37.75456830601093,39.31932828238329,4.513665852989896,4.519870399018089,4.503522472722364,7.9649104622083495
2024-10-15,sz001269,39.56,38.4,39.88,38.37,31637,83428135.55,3.82,-2.93,-1.16,3.77,4.500195294509041,-0.04533447998878337,39.686,39.172,39.41860906004666,4.5978636517401545,4.555811589720226,4.574987111312344,39.838,40.16272727272727,39.111459091997155,4.642989194491579,4.6308758956796625,4.576750511025411,37.029999999999994,38.36142857142857,38.209840612088605,4.456411606211301,4.548210488346949,4.537524985487521,36.598333333333336,37.48804301075269,38.00660596621242,4.473732900500748,4.499070730324081,4.520614467469447,38.24666666666666,37.75922950819672,39.28918637148547,4.512640021411021,4.5194287413629795,4.503413384912091,7.921312538089461
2024-10-16,sz001269,37.89,37.8,38.34,37.32,24755,62946544.04,2.66,-1.56,-0.6,2.95,4.393662930667503,-0.10653236384153786,38.894,38.54333333333333,38.87907270669778,4.522269923982927,4.487744682696008,4.514545717764064,40.13,39.79218181818181,38.873011984361305,4.631260792691033,4.585543847711649,4.543461860051246,37.169,38.434761904761906,38.17080817284207,4.467530375212033,4.542234424009444,4.523823837409424,36.66766666666667,37.565569892473114,37.993276549037425,4.464521823980926,4.493904925818709,4.512424045740289,38.24516666666667,37.74458469945356,39.240360588813815,4.5137525856061895,4.51552785314188,4.499815009363088,7.79897189098782
2024-10-17,sz001269,37.98,38.12,39.28,37.61,33304,85877236.6,4.42,0.85,0.32,3.97,4.522496397878721,0.12883346721121836,38.408,38.285333333333334,38.62604847113185,4.500081572577161,4.487820173994606,4.51719594446895,40.309000000000005,39.42672727272727,38.73610071447743,4.634018482155023,4.56576850320032,4.539649957838059,37.322500000000005,38.52533333333333,38.165969299238064,4.489541065610347,4.547469283311034,4.523697414596976,36.76166666666666,37.65926881720431,38.00145225555114,4.460949557510198,4.497645220908891,4.5130738749105115,38.248000000000005,37.74048087431693,39.20362745475434,4.520235742674529,4.515814535511472,4.5005586614455675,7.933878061047394
2024-10-18,sz001269,37.92,38.89,39.7,37.64,46376,120584331.14,5.4,2.02,0.77,5.53,4.666293287362715,0.14379688948399405,38.553999999999995,38.446000000000005,38.7140323140879,4.525635536983161,4.543224078923125,4.566895058766872,40.255,39.16872727272727,38.76408240275426,4.6288799286172715,4.571636649601717,4.562676017751633,37.478,38.674619047619046,38.23492460407254,4.504734433863051,4.564302828239831,4.537277973907999,36.90133333333333,37.79658064516129,38.05877791648333,4.467552680886535,4.510893203480021,4.522958998294524,38.26833333333333,37.7615300546448,39.19334458738534,4.523935199084107,4.520603307468462,4.505992583606785,8.081290878769849
2024-10-21,sz001269,39.14,39.97,41.31,39.14,55882,151541928.3,5.58,2.78,1.08,6.66,4.747271940989394,0.080978653626679,38.636,38.918,39.13268820939194,4.565983970281475,4.617102880258536,4.6270206861743794,39.93599999999999,39.11690909090909,38.98334014770803,4.6211515869049995,4.593162470033013,4.596238912885771,37.721000000000004,38.911952380952386,38.40016987987515,4.52181961501608,4.58740163844234,4.557277399344322,37.02733333333333,37.99455913978495,38.18208256703279,4.469992105847651,4.528939607357625,4.537430801049033,38.301,37.81732240437157,39.21880869927434,4.529932047828591,4.527925823596504,4.513903382209493,8.180532809142269
2024-10-22,sz001269,39.99,40.54,40.67,38.87,45560,122531820.8,4.5,1.43,0.57,5.43,4.658583715407063,-0.0886882255823318,39.064,39.55266666666667,39.60179213959462,4.5976616544610796,4.647969461967065,4.637541695918608,39.375,39.226727272727274,39.266369211761116,4.597762653100617,4.599968311578842,4.607574331526006,38.052,39.18042857142857,38.60396322464895,4.53850999284561,4.600426790860528,4.566925619921726,37.165333333333336,38.22118279569893,38.33420627238552,4.47284375829764,4.541106807974361,4.54524711810439,38.33383333333334,37.89073224043715,39.26212644683912,4.536299597513129,4.5321439110580926,4.518646999691381,8.08824888709451
2024-10-23,sz001269,40.96,41.27,42.49,39.71,74726,207965140.35,6.86,1.8,0.73,8.91,4.873471735575834,0.21488802016877173,39.758,40.288000000000004,40.15786142639642,4.693623415442746,4.739906155671984,4.716185042471016,39.326,39.57127272727273,39.630665718713644,4.607946669712836,4.650097235665246,4.65591931408052,38.458999999999996,39.48690476190476,38.8578714889681,4.57511736326063,4.632327909215789,4.59612048807926,37.36566666666667,38.486000000000004,38.52361231932839,4.489834697338681,4.566953774250374,4.566422899876741,38.376333333333335,37.987,39.32795836661489,4.547381197956933,4.54319873525687,4.530280597589232,8.317990543508849
2024-10-24,sz001269,41.28,39.76,41.31,39.56,46430,125924369.73,4.24,-3.66,-1.51,5.53,4.666798683666174,-0.20667305190966,40.086,40.288666666666664,40.02524095093095,4.722483872600237,4.7309645784131265,4.699722922869403,39.247,39.65018181818182,39.654181042583886,4.611282722588698,4.6607976018385795,4.657897381277912,38.759499999999996,39.61080952380953,38.94378849001876,4.593227386126757,4.641059463540126,4.602851744801823,37.49133333333334,38.640473118279566,38.603379266468494,4.500359913269572,4.57837080562634,4.572898756895415,38.41366666666667,38.03236612021858,39.34212366607014,4.556382580956607,4.547114062657173,4.534756600411426,8.100109785827401
2024-10-25,sz001269,39.76,43.51,43.51,39.73,102002,293869287.34,9.51,9.43,3.75,12.16,5.008608687256509,0.34181000359033487,41.010000000000005,41.42999999999999,41.186827300620635,4.790946952578995,4.826339516631885,4.802684844331772,39.782,40.42527272727273,40.35523903484136,4.658291244781078,4.733038686323636,4.72166307327402,39.2795,40.06323809523809,39.37866577668364,4.631926895196551,4.680619587457245,4.641495263130841,37.742,39.02877419354838,38.91993544282536,4.518663601757466,4.611161049109369,4.601009074983228,38.526833333333336,38.19945901639345,39.4787753491498,4.57086035869305,4.561941148109629,4.550292734406346,8.468154199765223
2024-10-28,sz001269,44.21,44.04,44.45,43.09,124047,368479543.63,3.13,1.22,0.53,14.79,5.0935862655917,0.0849775783351907,41.824,42.43999999999999,42.13788486708043,4.860209817499456,4.927219287636119,4.899651984751748,40.230000000000004,41.19945454545454,41.02519557396111,4.713096893890466,4.812183235561932,4.789285471877234,39.8435,40.516619047619045,39.822602369380434,4.680914052529261,4.724587146542498,4.684551549079494,37.99166666666667,39.435096774193546,39.25026218844954,4.538626109770347,4.648252833872867,4.632788248570872,38.591166666666666,38.38021857923496,39.628323698358,4.579495328933594,4.579079702434175,4.568105637068161,8.566413382737244
2024-10-29,sz001269,44.52,42.32,45.65,42.3,80762,238207887.19,7.61,-3.91,-1.72,9.63,4.907207065326193,-0.18637920026550692,42.17999999999999,42.605333333333334,42.19858991138696,4.909934487483282,4.942885036911699,4.9021703449432295,40.622,41.579454545454546,41.26061456051364,4.753798070972181,4.847475994004791,4.810725761595227,40.23,40.752476190476195,40.06044976277278,4.6983936327318805,4.7461388620469664,4.705756836341084,38.22733333333334,39.71434408602151,39.44830978919474,4.5555404277982605,4.672032250360342,4.650492688361538,38.63250000000001,38.502475409836066,39.71657538037905,4.582598192011981,4.589824349529014,4.579223716683178,8.376956137106399
2024-10-30,sz001269,41.69,41.84,42.71,41.48,47767,135905491.9,2.91,-1.13,-0.48,5.69,4.679127966333415,-0.22807909899277767,42.294000000000004,42.492,42.079059940924644,4.871065733634799,4.865949529861742,4.827822885406626,41.025999999999996,41.800909090909094,41.36595736769298,4.782344574538772,4.833899611343198,4.786798889729442,40.577999999999996,40.90580952380952,40.2299307377468,4.706802683614903,4.744304036675684,4.703220753483211,38.45466666666667,39.94741935483871,39.602612383440245,4.572468441654279,4.680005639943255,4.6523401256500465,38.67183333333333,38.607639344262296,39.78619585971088,4.586646288436345,4.592989260162504,4.5824992658520385,8.13323700679632
2024-10-31,sz001269,42.43,43.54,44.04,42.36,85187,250707739.67,4.02,4.06,1.7,10.15,4.930373324120751,0.2512453577873357,43.05,42.907333333333334,42.566039960616436,4.923780661725713,4.885718726690394,4.862006364978001,41.568,42.258,41.76123784629425,4.823132267162975,4.860813929449012,4.8129033323460435,40.9385,41.18790476190477,40.545175429389964,4.728575374658999,4.7655964786286225,4.724854331639167,38.73766666666666,40.275505376344086,39.85663739096024,4.6007381327945565,4.703096277521737,4.670277751357834,38.7365,38.76725136612021,39.90927140529413,4.592864333802088,4.604258999037402,4.59390497268052,8.39916774139375
2024-11-01,sz001269,43.54,41.21,44.0,41.1,58890,168243823.63,6.66,-5.35,-2.33,7.02,4.770041554319668,-0.16033176980108266,42.589999999999996,42.294000000000004,42.11402664041096,4.876067235138345,4.834472357555045,4.8313514280918906,41.8,42.19290909090909,41.66101278333166,4.83350709385867,4.85116107256841,4.805110281795793,41.027499999999996,41.21376190476191,40.608492055162344,4.73119351123797,4.7695456385963055,4.729157876656358,38.91866666666667,40.43501075268817,39.94395110767248,4.614325320528257,4.714019078910455,4.676714125742469,38.744,38.84834972677596,39.95191824446481,4.593903252974429,4.6100680882347,4.5996799425703285,8.22593912987881
2024-11-04,sz001269,41.0,41.8,42.61,40.26,39000,109861023.0,5.7,1.43,0.59,4.65,4.5910646070264995,-0.17897694729316882,42.142,42.03066666666667,42.00935109360731,4.775562903425305,4.739471481517763,4.751255821070094,41.983000000000004,42.19290909090909,41.68628318636226,4.817886360462381,4.807080620417107,4.766192886383194,40.9595,41.287333333333336,40.72196900228974,4.71951897368369,4.756200028671403,4.716006136691609,39.141666666666666,40.62090322580645,40.063696197500064,4.620508530164845,4.712518387716791,4.671188350341439,38.76733333333333,38.94854644808743,40.01251108890858,4.595546545817118,4.609975017875752,4.599397472552498,8.04084363875221
2024-11-05,sz001269,41.59,42.46,42.5,41.41,41187,117658400.5,2.61,1.58,0.66,4.91,4.614760159742419,0.023695552715919277,42.17,42.13666666666666,42.15956739573821,4.71707352230855,4.685870566956802,4.705757267294203,42.175,42.279636363636364,41.82695897066003,4.813504004895917,4.770148583922568,4.738659663357598,40.775,41.430238095238096,40.88749576397643,4.705633328998266,4.746222998772234,4.7063636626964485,39.42633333333333,40.83498924731183,40.21829644282265,4.630174663529044,4.712147525108893,4.667547821915696,38.81583333333333,39.06961748633879,40.092756626977156,4.5997949743669855,4.610604972430679,4.599901167214462,8.070622940101526
2024-11-06,sz001269,42.71,42.21,43.44,41.87,50356,145407188.36,3.7,-0.59,-0.25,6.0,4.702051224872647,0.08729106513022789,42.24399999999999,42.15,42.17637826382548,4.7216581740163965,4.680863134478167,4.704521919820351,42.269,42.285999999999994,41.89660279417638,4.796361953825597,4.7498844421001545,4.732003583633062,40.7975,41.56690476190476,41.013448548359634,4.702154311769217,4.745881845998365,4.705952954332277,39.729000000000006,41.01458064516129,40.34679344651151,4.6488655601156195,4.716784722614931,4.66977384791292,38.882333333333335,39.18090163934426,40.1621744424861,4.603209058436464,4.613957636381684,4.603250349432763,8.16258587686631
2024-11-07,sz001269,41.14,42.47,42.47,40.54,39725,112348778.33,4.57,0.62,0.26,4.73,4.599063905879417,-0.10298731899322977,42.029999999999994,42.22533333333333,42.27425217588365,4.65539629036813,4.639998378432506,4.669369248506706,42.540000000000006,42.32254545454545,42.00085683159885,4.789588476046921,4.714012069746305,4.707832733132399,40.8935,41.726190476190474,41.15216773423015,4.700435599317809,4.736063712104099,4.695773044955814,40.01966666666667,41.19141935483871,40.48377451447852,4.658681082766813,4.71357171266421,4.665211916168823,38.89333333333333,39.2985300546448,40.23784085420787,4.603009758127034,4.61382172974047,4.6031130889883904,8.050568354303662
2024-11-08,sz001269,42.78,42.39,43.13,42.01,47620,137208813.26,2.64,-0.19,-0.08,5.68,4.6777893910688615,0.07872548518944456,42.266000000000005,42.345333333333336,42.31283478392244,4.6369458577179685,4.64746274533275,4.672175962694092,42.428,42.29527272727273,42.071610134944514,4.756506546428157,4.693684963386657,4.702370307302664,41.105,41.86871428571429,41.27005652144632,4.7073988956046176,4.733906930366104,4.6940603160142,40.32899999999999,41.3443440860215,40.606756803867,4.673453445607086,4.714804506748213,4.666023366162374,38.842333333333336,39.41317486338797,40.30840344915187,4.594348171983582,4.616273520984464,4.6055614923352906,8.137382008070853
2024-11-11,sz001269,41.77,44.25,44.6,41.77,85473,253411277.49,6.68,4.39,1.86,10.19,4.931828947443176,0.2540395563743143,42.756,43.00666666666667,42.95855652261496,4.705098725801304,4.745757108574486,4.758726957610453,42.449,42.62654545454546,42.467681019500056,4.740330814613305,4.725561763571206,4.744090060055484,41.3395,42.168238095238095,41.55386066226096,4.726713854251885,4.755281221017396,4.716704947578864,40.711999999999996,41.597311827957,40.84180475200461,4.700719639890608,4.731473893963445,4.683172113341781,38.8575,39.59047540983606,40.43763612295017,4.59273864728869,4.627338464442156,4.6162587859453845,8.403825938261289
2024-11-12,sz001269,44.26,43.7,45.26,43.21,61874,186068499.63,4.63,-1.24,-0.55,7.37,4.791508192984188,-0.14032075445898773,43.004,43.32133333333333,43.20570434840998,4.740448332449658,4.774560264302114,4.769654036068365,42.587,42.854000000000006,42.69173901595459,4.7287609273791045,4.7348667414568215,4.752711538769794,41.6045,42.393047619047614,41.758254884902776,4.741279499175643,4.761452110420473,4.7238290661888955,41.01566666666667,41.790086021505374,41.02620444542367,4.708516064280955,4.737331219969482,4.69016153783484,38.88033333333333,39.74924590163935,40.54459887301738,4.592801269643303,4.6338554987272556,4.622004668143378,8.2696728556949
2024-11-13,sz001269,43.48,44.59,44.59,42.96,57828,172345857.2,3.73,2.04,0.89,6.89,4.762138172348833,-0.029370020635354877,43.480000000000004,43.85,43.66713623227332,4.752465721944896,4.781790210935172,4.767148748161855,42.862,43.21818181818182,43.036877376690114,4.737061947980646,4.740935331451318,4.754425472147801,41.944,42.67738095238095,42.02794489586442,4.759703261259709,4.76343865072268,4.727477552489843,41.33933333333333,42.02068817204301,41.25612673926731,4.716889105070151,4.74079071081257,4.694805191674452,38.92933333333334,39.93644808743169,40.677234975541396,4.59425359177533,4.639407528324157,4.626599209264869,8.236400848423957
2024-11-14,sz001269,45.09,42.57,45.1,42.39,51935,153472550.3,6.08,-4.53,-2.02,6.19,4.715460135956847,-0.04667803639198631,43.5,43.54666666666667,43.30142415484888,4.775744967960381,4.769455015605823,4.7499192107601855,42.765,43.16509090909091,42.951990580928275,4.715570629164256,4.737007729265172,4.747340865567628,42.1665,42.737,42.07956919149638,4.769351448163615,4.759225019741455,4.7263330366295575,41.547333333333334,42.10008602150537,41.34089275608878,4.7242404594940846,4.740698519256874,4.69613776872493,38.914333333333325,40.05581420765027,40.73929284519578,4.592061799369514,4.643381513379289,4.629512682271163,8.186030709980772
2024-11-15,sz001269,42.61,40.99,43.03,40.79,48426,137442467.54,5.26,-3.71,-1.58,5.77,4.685078597692599,-0.03038153826424761,43.220000000000006,42.71000000000001,42.530949436565926,4.777202809285129,4.739232892183228,4.72830567307099,42.743,42.84236363636364,42.5952650207595,4.707074333501549,4.731463723543053,4.736020453226713,42.271499999999996,42.62495238095238,41.97580069706815,4.77029071368011,4.751199033982311,4.722404042445086,41.599333333333334,42.064129032258066,41.318254513760465,4.72315378532583,4.7381719475277455,4.695424273819619,38.87466666666667,40.12386885245901,40.74751275191067,4.58979105059853,4.646431244471849,4.631334515563669,8.138120943557787
2024-11-18,sz001269,40.83,39.55,40.97,39.2,36003,97003677.35,4.32,-3.51,-1.44,4.29,4.556338690466229,-0.12873990722636997,42.28,41.48666666666667,41.53729962437728,4.70210475788974,4.665611519243597,4.6709833455360705,42.517999999999994,42.26181818181819,42.041580471530494,4.703601741845522,4.704057242991176,4.703351041815716,42.2505,42.36576190476191,41.744772059252135,4.760744051153951,4.730822650819085,4.706588294637576,41.479000000000006,41.93191397849463,41.20417357738883,4.714213229737635,4.7274096833432555,4.686451010377465,38.82133333333333,40.14601092896174,40.70825003873327,4.586832311317218,4.645334445778986,4.628875636052277,7.986788198416152
2024-11-19,sz001269,39.64,43.28,43.28,39.64,34733,100403739.6,9.2,9.43,3.73,4.14,4.540742296330543,-0.015596394135686253,42.196,41.82,42.11819974958486,4.65195157855901,4.611824032057197,4.627569662467562,42.6,42.400363636363636,42.26674765852495,4.696199955504334,4.674446434715725,4.673785815363866,42.3875,42.46380952380952,41.89098424408526,4.754851980200125,4.7098701027406635,4.6907934376559535,41.38333333333333,42.04810752688173,41.338097862718584,4.702488871166955,4.716218010220217,4.67705044818089,38.85316666666667,40.29219672131148,40.792569709594474,4.585835364842554,4.6438232977466365,4.625986018356483,8.001749888679509
2024-11-20,sz001269,44.18,44.96,45.3,43.4,126692,382286668.86,4.39,3.88,1.68,15.1,5.102749192108797,0.5620068957782536,42.269999999999996,42.74133333333334,43.06546649972324,4.720073782511003,4.76208990324046,4.7859628390146405,42.875,42.829454545454546,42.7564299024295,4.736269752227949,4.74836447773472,4.751779156590216,42.572,42.70880952380953,42.183271458934286,4.766315853026773,4.74300317054149,4.730027319032415,41.49,42.27886021505376,41.571768968349645,4.713526125255461,4.742041256732594,4.7045148832730135,38.91916666666667,40.49242076502732,40.9292067682963,4.591031376792887,4.6607712920832345,4.641617597823772,8.582389153521286
2024-11-21,sz001269,45.23,47.92,49.25,44.63,179761,574688763.48,10.28,6.58,2.96,21.43,5.254695475372765,0.15194628326396842,43.339999999999996,44.62466666666667,44.683644333148834,4.827920850394187,4.94029713419438,4.942207051134016,43.42,43.74672727272727,43.6952608292605,4.801832909177284,4.842623700124686,4.8432184872779525,42.980000000000004,43.21814285714285,42.7296265580834,4.7957106926121025,4.789515515526824,4.779995714874354,41.735666666666674,42.69369892473118,41.98133226071419,4.734234702604301,4.776955408353065,4.740010405343965,39.06316666666667,40.78753005464481,41.158413103761994,4.601385160456107,4.682530770725197,4.661718511841771,8.759432705735858
2024-11-22,sz001269,46.42,45.97,47.83,45.41,139478,442494640.53,5.05,-4.07,-1.95,16.62,5.1445057113222985,-0.11018976405046654,44.336,45.501333333333335,45.112429555432556,4.919806273120127,5.045825421170417,5.009639937863444,43.778000000000006,44.21036363636364,44.10884976939495,4.848504541202628,4.904927845969233,4.897997982558742,43.103,43.502904761904766,43.038233552551645,4.802505543815392,4.8227340887373185,4.814710952631301,41.995999999999995,42.9668817204301,42.23866566324876,4.754434110803954,4.803424505689711,4.766106876697406,39.19616666666666,41.013983606557375,41.31617005117963,4.612317743703138,4.700338001901138,4.677547600349329,8.645908014915555
2024-11-25,sz001269,45.75,44.42,46.28,43.4,69259,208456629.13,6.26,-3.37,-1.55,8.25,4.8404762166732,-0.30402949464909845,45.31,45.529333333333334,44.88161970362171,4.976633778361521,5.019382069021441,4.953252030800029,43.795,44.327090909090906,44.16542253859587,4.83936926812563,4.903468150600247,4.887539479670462,43.122,43.62833333333333,43.16983035707054,4.789850041369467,4.8263503432952035,4.817164787301958,42.158,43.1232688172043,42.379396910781104,4.764265658876467,4.808975609294179,4.770904898631328,39.32166666666667,41.185256830601084,41.4179349675344,4.619353992459028,4.707818607572287,4.682889522196013,8.319015710682278
2024-11-26,sz001269,44.32,43.97,45.89,43.28,69534,209558584.0,5.88,-1.01,-0.45,8.29,4.842197213248126,0.0017209965749263034,45.448,45.08266666666667,44.57774646908114,5.036924761745038,4.97456988065031,4.916233758282729,43.822,44.358909090909094,44.12989116794207,4.844438170152024,4.9039823224407,4.879295431230037,43.2045,43.70909523809524,43.246036989730484,4.7865995487655635,4.831335788236029,4.819548827868259,42.343666666666664,43.24017204301075,42.48201646492426,4.775665722834436,4.814003451511704,4.775504402800154,39.471,41.337661202185785,41.501609230893926,4.624699311667593,4.715124942680128,4.688112725181328,8.321305455231798
2024-11-27,sz001269,43.2,44.22,44.24,41.65,62516,181467871.8,5.89,0.57,0.25,7.45,4.79599118250291,-0.046206030745216786,45.3,44.67333333333333,44.4584976460541,4.97557315982386,4.894258687569601,4.8761528996894565,43.785,44.43127272727272,44.1462745919526,4.847823471167432,4.895173779231771,4.864149204188742,43.3235,43.80580952380952,43.338795371660915,4.792442709574038,4.832230229544347,4.817305242595369,42.55766666666667,43.361225806451614,42.59414443492914,4.789076664562283,4.815314771490315,4.776826130522913,39.61266666666667,41.493366120218575,41.590736797094124,4.626799244271605,4.72074106959276,4.691649723782035,8.258799745983303
2024-11-28,sz001269,43.82,44.49,45.45,43.55,62524,190003250.6,4.3,0.61,0.27,7.45,4.796046754413657,5.5571910747787e-05,44.614,44.403333333333336,44.46899843070273,4.883843415632038,4.8344165524328675,4.849450851264191,43.977,44.55945454545454,44.208770120688484,4.855882133013113,4.885759830731085,4.851766940593272,43.371,43.91690476190476,43.44843390769321,4.785726381088684,4.832573471910026,4.815280624673301,42.77,43.485892473118284,42.71645769719178,4.798195009780114,4.815764454706533,4.778066170773929,39.76583333333333,41.65327868852458,41.685794607025464,4.629572283645157,4.726290168285942,4.695072577245368,8.278761030982128
2024-11-29,sz001269,44.49,45.13,45.41,43.62,61410,186476041.92,4.02,1.44,0.64,7.32,4.788239097382168,-0.0078076570314893345,44.446000000000005,44.57533333333333,44.68933228713516,4.812590092844012,4.802548446349577,4.829046933303516,44.391,44.76909090909091,44.37626646238148,4.866198182982069,4.873461096980003,4.840216423645798,43.567,44.084428571428575,43.60858305934147,4.786636258241809,4.832812778223691,4.812705241121765,42.977999999999994,43.63815053763441,42.87217010382457,4.802259870114096,4.815122137777633,4.778722488619622,39.93966666666667,41.82915300546448,41.79871937400823,4.634906275500315,4.7314923589002715,4.698127217249853,8.2706230424165
2024-12-02,sz001269,44.11,44.84,44.98,43.03,57299,171577169.86,4.32,-0.64,-0.29,6.83,4.758147042590922,-0.030092054791245992,44.53,44.70666666666667,44.73955485809011,4.7961242580275565,4.784400762931879,4.805413636399319,44.92,44.85072727272727,44.46058165103939,4.886379018194539,4.853815435090705,4.825294717999457,43.719,44.20566666666666,43.72586086321371,4.79499038002003,4.830099519590273,4.8075092222140645,43.14033333333334,43.75827956989248,42.99912687131976,4.802622373500814,4.81227614890517,4.777395040488738,40.08383333333334,41.989819672131134,41.898433492893204,4.636307239674233,4.735533039788487,4.70009508037579,8.234459499926198
2024-12-03,sz001269,44.85,43.7,45.22,43.48,45714,136466589.0,3.88,-2.54,-1.14,5.45,4.660049223956655,-0.09809781863426714,44.476,44.43,44.393036572060076,4.759694660169262,4.73904241824158,4.756958832251764,44.962,44.62890909090909,44.322294078123136,4.898309710957149,4.812664563411089,4.7952500827189475,43.781,44.203857142857146,43.72339792386003,4.797254833230743,4.81724798091757,4.793465412856216,43.24566666666667,43.794387096774194,43.04434449252494,4.8026712237858,4.803077881192644,4.769824342647959,40.2055,42.10838251366119,41.95750124722458,4.63775749104172,4.736311465502665,4.698782101476802,8.135026336438669
2024-12-04,sz001269,44.11,42.16,44.11,41.94,46652,135028321.75,4.97,-3.52,-1.54,5.56,4.668870266953796,0.008821042997141149,44.064,43.658,43.64869104804005,4.7342704770594395,4.708767620503091,4.727595977152442,44.682,44.11945454545455,43.929149700282565,4.85492181844165,4.770948300865025,4.7722719343980105,43.778499999999994,44.049476190476184,43.57450288349241,4.7955957853347995,4.805020879367386,4.7815992084845576,43.275333333333336,43.7243440860215,42.98729000913624,4.795851174831731,4.79444556139703,4.763311176474142,40.3205,42.172464480874325,41.964140550594266,4.642842936085207,4.737331556516176,4.697801385590801,8.130424869900283
2024-12-05,sz001269,42.11,42.89,43.2,41.83,29877,86151026.8,3.25,1.73,0.73,3.56,4.47533698709062,-0.1935332798631757,43.744,43.266666666666666,43.3957940320267,4.670128523594832,4.62245645718015,4.643509647131834,44.179,43.79363636363637,43.74021339114028,4.776985969613436,4.70193287698302,4.718283762160302,43.7995,43.96485714285714,43.509312132683604,4.789409439395359,4.774520041439368,4.752431377875611,43.37966666666667,43.69948387096774,42.981013234353256,4.7894691182792135,4.773767226704056,4.744732196513915,40.435500000000005,42.25671038251366,41.99449659811577,4.644914515774393,4.731839558188484,4.690507470885877,7.935260457998981
2024-12-06,sz001269,42.79,42.68,42.82,41.8,30388,87273330.6,2.38,-0.49,-0.21,3.62,4.482702117732248,0.00736513064162736,43.254,42.912000000000006,43.15719602135114,4.609021127664848,4.559980988559289,4.589907137331973,43.85,43.521090909090915,43.54744732002386,4.710805610254431,4.648426722095531,4.675450735900656,43.814,43.8582380952381,43.430330024808974,4.779655075728529,4.745309820328595,4.726742876909577,43.352,43.65434408602152,42.9615930256853,4.771938899295072,4.753975807313928,4.727827030140905,40.547,42.33030054644808,42.01697211948902,4.645301250526269,4.726521118908414,4.683694180618545,7.940881550203006
2024-12-09,sz001269,42.71,42.36,42.82,41.81,22960,65879804.28,2.37,-0.75,-0.32,2.74,4.360971883725936,-0.12173023400631156,42.757999999999996,42.614000000000004,42.891464014234096,4.529586095891851,4.477297907246319,4.5135953861299605,43.644000000000005,43.250181818181815,43.33154780729225,4.662855176959704,4.584820589999441,4.618272762777979,43.7195,43.71976190476191,43.328393831970025,4.751112222542668,4.7054352306140625,4.691907544225421,43.29600000000001,43.59034408602152,42.922780572415284,4.747518419899547,4.727461806309468,4.704158956178649,40.64383333333333,42.3897431693989,42.02821893524347,4.643072264834946,4.717198844587092,4.673113121704033,7.818752300269389
2024-12-10,sz001269,43.48,42.4,43.48,42.36,33619,97515616.8,2.64,0.09,0.04,4.01,4.526584791169458,0.16561290744352153,42.498000000000005,42.49466666666667,42.727642676156066,4.502893209334411,4.476297472338854,4.5179251878097935,43.487,43.024,43.16217547869366,4.631293934751836,4.560044156219396,4.60160222248552,43.6545,43.59409523809523,43.23997537178241,4.73786605245193,4.684051665721377,4.676162520124853,43.29866666666666,43.5325376344086,42.88905279354979,4.734831010760988,4.713208023810753,4.692702558436121,40.763000000000005,42.44732240437159,42.04040847835024,4.645185719279624,4.713379583155436,4.6683089141455225,7.989074172077567
2024-12-11,sz001269,42.42,42.3,42.58,42.08,19928,57181454.9,1.18,-0.24,-0.1,2.38,4.29946371452845,-0.22712107664100767,42.525999999999996,42.428666666666665,42.585095117437376,4.4290118988493425,4.408487640736867,4.445104696716013,43.295,42.808181818181815,43.00541630074935,4.581641187954391,4.499711388906053,4.546667948311507,43.54,43.46509523809524,43.150453907803126,4.714732329560912,4.6422990621096165,4.6402864434013855,43.314,43.46810752688172,42.851049387514315,4.722175535700823,4.685119811150589,4.667332310442078,40.88433333333333,42.49771584699454,42.04891967578138,4.647321988677551,4.702044435458678,4.656215628912175,7.757255201161938
2024-12-12,sz001269,42.11,42.7,42.71,41.91,23532,67425682.9,1.89,0.95,0.4,2.8,4.371658839715409,0.07219512518695925,42.488,42.486666666666665,42.62339674495826,4.4082762693743,4.389369954358889,4.420622744382478,43.116,42.7,42.94988606424947,4.5392023964845665,4.461532780135329,4.514848110384944,43.5465,43.38509523809523,43.107553535631396,4.697542264748839,4.6096253964100455,4.614702862097959,43.285999999999994,43.42849462365592,42.841304265739204,4.703551719553977,4.662505830764434,4.6482566026532615,41.011833333333335,42.55724590163934,42.07026657165739,4.652144926174268,4.6930062994271315,4.646885898118839,7.8288253537634125
2024-12-13,sz001269,42.61,41.49,42.61,41.41,27253,77108248.4,2.81,-2.83,-1.21,3.25,4.435414316217528,0.0637554765021191,42.25,42.154,42.245597829972176,4.398818709071356,4.398415969973299,4.425553268327495,42.752,42.404363636363634,42.68445223438593,4.503919918368102,4.442662220086777,4.500405602354504,43.5715,43.189238095238096,42.95350081795222,4.685059050675085,4.584660829883252,4.597627762490299,43.29533333333333,43.31262365591398,42.75412334536894,4.692397478283906,4.645206643452405,4.634524842238053,41.107,42.57292349726776,42.051241438160424,4.653361399406082,4.6859003777892045,4.639952403630271,7.887100837752628
2024-12-16,sz001269,41.38,43.19,43.61,41.1,50533,146323304.0,6.05,4.1,1.7,6.02,4.703575081827597,0.26816076561006863,42.416,42.467333333333336,42.56039855331478,4.467339348691689,4.500001427558713,4.518227206160863,42.587,42.483999999999995,42.77637000995212,4.4984627222917695,4.478963158897594,4.537345507713248,43.753499999999995,43.15290476190476,42.97602454957581,4.692420870243154,4.5864242614215875,4.607717983379565,43.34166666666667,43.30582795698925,42.78224441986127,4.696147827443943,4.645927779164901,4.638979696405121,41.24166666666667,42.64121857923498,42.088577784450244,4.658328178804394,4.687546728032533,4.642038393079363,8.165313499007233
2024-12-17,sz001269,42.92,41.87,43.58,41.41,36647,104951167.22,5.02,-3.06,-1.32,4.37,4.564038428178439,-0.13953665364915757,42.309999999999995,42.285333333333334,42.33026570220986,4.474830076093484,4.532234454054296,4.533497613500055,42.404,42.35363636363636,42.61157546268809,4.488861642713948,4.490886014513352,4.542198765979646,43.683,42.97352380952381,42.87068887818764,4.693585676835549,4.574197362177329,4.603558025741363,43.322,43.2108817204301,42.72338994116055,4.694457103058478,4.637404592115515,4.6341447758743675,41.37416666666666,42.661819672131145,42.08141129971417,4.66231588329376,4.684455260798896,4.639481017180972,8.020987272974505
2024-12-18,sz001269,41.79,42.18,43.0,40.64,32878,93238676.85,5.64,0.74,0.31,3.92,4.516905391125257,-0.04713303705318239,42.286,42.242,42.28017713480658,4.518318411412846,4.546259559064887,4.527966872708456,42.40599999999999,42.312909090909095,42.5331071967448,4.473665155131094,4.495984877860863,4.537599970551575,43.544,42.83038095238095,42.80490898502691,4.664293486786372,4.557370668300158,4.595305393873162,43.321,43.13720430107527,42.6883325256018,4.688285575266898,4.625949642958531,4.6265809446002315,41.525,42.68824043715847,42.084643716116986,4.668575567691259,4.679687703678617,4.635462144195539,7.969596101819571
2024-12-19,sz001269,41.24,41.11,41.84,40.81,22018,61383192.92,2.44,-2.54,-1.07,2.62,4.342777867387247,-0.17412752373800977,41.967999999999996,41.85,41.89011808987105,4.512542216947214,4.487746044389686,4.466237204268053,42.227999999999994,42.07727272727273,42.27436043370029,4.460409243160757,4.472187189180164,4.502177769976242,43.203500000000005,42.59857142857143,42.643489081691015,4.618697606387096,4.52675013311929,4.571255153255456,43.275666666666666,42.99455913978495,42.58650462072427,4.679742707317159,4.603658823095329,4.608271068651007,41.64766666666666,42.674633879781425,42.05268818444102,4.669211895041985,4.66900581186537,4.625865938398545,7.788049475028876
2024-12-20,sz001269,40.99,41.31,41.77,40.86,15601,43644445.98,2.21,0.49,0.2,1.86,4.193152436852078,-0.14962543053516963,41.931999999999995,41.63066666666667,41.69674539324737,4.464089841074124,4.381282784357975,4.375208948462728,42.090999999999994,41.91036363636364,42.09902217302751,4.43145427507274,4.423595042578586,4.445991345771849,42.9705,42.418238095238095,42.51649012152997,4.571129942663585,4.486222021735002,4.535245370740848,43.23966666666667,42.86774193548386,42.50414948390335,4.663588142176598,4.5722659024201615,4.581489221438173,41.78433333333334,42.66356284153006,42.02833775216426,4.668520793891843,4.653397305039472,4.611678610478988,7.6399289849555
2024-12-23,sz001269,41.31,39.91,41.69,39.8,23554,64747288.4,4.58,-3.39,-1.4,2.81,4.3720646707181325,0.17891223386605493,41.275999999999996,40.95666666666667,41.10116359549825,4.39778775885223,4.350607727572645,4.374160855881196,41.846,41.51381818181818,41.70101814156796,4.43256355377196,4.4127969326959295,4.432550132125718,42.745,42.1267619047619,42.26825296709855,4.547709365365832,4.467263424406864,4.5197043516910655,43.095000000000006,42.6529247311828,42.33678500107088,4.644929332952431,4.553457936519616,4.567977960101397,41.9035,42.60210928961748,41.95888405537199,4.67282448642152,4.64367743214853,4.60382241573273,7.811221584991494
2024-12-24,sz001269,39.99,43.69,43.69,39.99,107813,315511880.23,9.27,9.47,3.78,12.85,5.032671130868034,0.6606064601499018,41.64,41.76133333333334,41.964109063665504,4.49151429939015,4.562235518244579,4.5936642808768084,41.975,41.849090909090904,42.06265120673742,4.483172187741817,4.5219074012588525,4.541663040987958,42.731,42.216761904761896,42.40365744642249,4.557233061246828,4.513450259216596,4.568558330660301,43.09466666666666,42.69131182795699,42.424089194550184,4.65296809754856,4.578473536385137,4.597958164666986,42.055166666666665,42.66068306010929,42.01564195519586,4.680742080914757,4.655475682786121,4.617883029343723,8.499015716737661
2024-12-25,sz001269,44.11,42.85,44.74,42.78,90390,267602369.93,4.49,-1.92,-0.84,10.77,4.956120386393019,-0.07655074447501509,41.774,42.16466666666667,42.25940604244367,4.579357298443702,4.717104213912203,4.714482982715546,42.029999999999994,42.00818181818182,42.205805532785156,4.548837854928275,4.607897982831798,4.617018921970696,42.6625,42.228095238095236,42.44616626104892,4.565239521441333,4.551439528278139,4.6054690026348455,43.03666666666667,42.67552688172044,42.45156731103082,4.659434171350032,4.598031748568652,4.621065404778344,42.188,42.6867431693989,42.04299795666485,4.688161638210091,4.664504479687047,4.628972778755175,8.427489955295203
2024-12-26,sz001269,43.07,43.48,43.89,42.78,55722,164523195.94,2.59,1.47,0.63,6.64,4.746026695931676,-0.21009369046134285,42.248,42.733333333333334,42.66627069496245,4.660007064152588,4.772660679741526,4.724997553787589,42.108,42.271818181818176,42.43747725409695,4.586274640549901,4.64375049937787,4.640474880872692,42.612,42.305952380952384,42.5446266171395,4.562738518517234,4.568657354420076,4.618855449615496,43.067,42.704129032258066,42.517917807093355,4.660453056682527,4.60361836305779,4.62912742356243,42.30716666666667,42.72910382513661,42.0901127777578,4.692346758088306,4.666401694694313,4.632810612105224,8.216227137292433
2024-12-27,sz001269,43.19,43.87,44.07,42.95,56107,166150087.32,2.58,0.9,0.39,6.69,4.749017047917907,0.002990351986230877,42.760000000000005,43.274,43.067513796641634,4.771179986365754,4.802330674329967,4.7330040518310295,42.346,42.592181818181814,42.69793593517023,4.617634913719939,4.673340027990236,4.660209820335458,42.54899999999999,42.425761904761906,42.6708526536024,4.56077741604402,4.586398166743951,4.631251792310963,43.163,42.75593548387096,42.60514891631314,4.662584338356704,4.609332168943945,4.6368622380369775,42.381166666666665,42.78034426229509,42.148469735864104,4.692869061841267,4.668259736983809,4.63662065918105,8.22050057385779
2024-12-30,sz001269,43.9,44.03,44.43,43.06,48123,143113424.89,3.12,0.36,0.16,5.74,4.6823526935396655,-0.0666643543782417,43.583999999999996,43.697333333333326,43.38834253109442,4.833237590930061,4.7727215767212705,4.716120265733908,42.42999999999999,42.898363636363634,42.940129401502915,4.6155126748911455,4.685106897048368,4.664235797281678,42.508500000000005,42.56680952380952,42.80029525802122,4.556987698591458,4.597976764600678,4.636118544808935,43.31233333333333,42.81187096774194,42.69707479268004,4.666784805125817,4.6106075466976835,4.639797106133925,42.39566666666667,42.834404371584704,42.21015925272102,4.690499017431725,4.6679149380231,4.638120070143627,8.155680375074784
2024-12-31,sz001269,44.07,42.07,44.67,41.94,46635,136534427.45,6.2,-4.45,-1.96,5.56,4.668711981098873,-0.013640712440792235,43.260000000000005,43.19266666666667,42.94889502072962,4.7604457609762285,4.717879706777541,4.700317504188897,42.45,42.83290909090909,42.78192405577511,4.625980030183189,4.694779498177046,4.665049648884804,42.427,42.52504761904762,42.73074332868587,4.557420836448569,4.608617172458528,4.6392226815984525,43.272000000000006,42.73172043010752,42.65661835444262,4.6710504612847625,4.610731880631429,4.641662581938116,42.327666666666666,42.82372677595629,42.205563867385905,4.686769666225858,4.667200608963006,4.6391230836175685,8.135242173474628
2025-01-02,sz001269,41.8,40.29,42.39,40.02,41041,113966753.8,5.63,-4.23,-1.78,4.89,4.613217934199054,-0.055494046899819516,42.748,42.202666666666666,42.06259668048642,4.691865270537435,4.668803764518484,4.671284314192283,42.261,42.44018181818182,42.32884695472509,4.635611284490569,4.6924591170890215,4.6556257007601225,42.3335,42.3215238095238,42.49829158309674,4.5546382198108315,4.6139311817680975,4.636746038988986,43.11633333333334,42.539333333333325,42.503933299317296,4.65473275268777,4.607000749851706,4.639827443374305,42.30316666666666,42.756918032786885,42.14275849468473,4.684129438971616,4.664789076765406,4.638273734456305,8.056778178117103
2025-01-03,sz001269,40.43,36.76,41.03,36.58,51954,133320958.6,11.04,-8.76,-3.53,6.19,4.715618990027021,0.10240105582796755,41.403999999999996,40.20666666666666,40.295064453657616,4.685783729356504,4.676721671015012,4.686062539470529,41.826,41.44,41.31632932659325,4.672895396754546,4.707005972641103,4.666533571535922,42.027,41.790714285714294,41.95178762280182,4.566652319957652,4.629262683693448,4.644257748611656,42.74433333333333,42.12924731182795,42.13335695742586,4.636763536509579,4.610928894196174,4.644717220577705,42.24,42.57517486338798,41.966274609613095,4.68549911955694,4.665821521062305,4.640809644475017,8.124898427649711
2025-01-06,sz001269,36.48,38.26,38.78,33.3,43380,108159834.2,14.91,4.08,1.5,5.17,4.637289547678175,-0.07832944234884653,40.282,39.15866666666667,39.61670963577175,4.663438229308558,4.660556943788902,4.669804875539745,41.521,40.791636363636364,40.76063308539447,4.717309107837156,4.700532181899946,4.661216476289058,41.806,41.43195238095239,41.6001888015826,4.574381691454947,4.635990038714452,4.6435941104275145,42.48733333333334,41.83993548387097,41.88346296017258,4.619856331054775,4.610962830400599,4.64423801587451,42.24166666666667,42.44468306010929,41.84475740929791,4.687145220929365,4.664240879361361,4.640694231465284,8.034066012860873
2025-01-07,sz001269,38.24,37.53,38.24,36.87,29774,74725019.8,3.58,-1.91,-0.73,3.55,4.473837184033068,-0.1634523636451064,38.982,38.24133333333334,38.921139757181166,4.621735127407239,4.597356595363739,4.604482311704186,41.283,40.065999999999995,40.17324525168638,4.727486359168649,4.656264559390111,4.627147514060697,41.564499999999995,41.02471428571429,41.212551772860444,4.5800249564703055,4.626414371340939,4.627426784104234,42.257666666666665,41.52010752688172,41.60259438209693,4.6076350299667705,4.601542240270166,4.633244413820224,42.20783333333333,42.29020218579235,41.70328995325536,4.685950344421618,4.657247173233614,4.635223508598654,7.87346603878699
2025-01-08,sz001269,37.52,36.62,37.98,35.88,27636,68122155.4,5.6,-2.42,-0.91,3.29,4.441475184011856,-0.03236200002121237,37.891999999999996,37.454,38.154093171454114,4.576287767989834,4.537269947565278,4.55014660247341,40.576,39.21818181818182,39.52720066047067,4.668366764483031,4.604262527543422,4.593388908597271,41.2755,40.55380952380952,40.77516588973088,4.575769476112424,4.613219154916325,4.6097171079049595,42.01266666666666,41.15638709677419,41.28113668002616,4.594277628992229,4.59082225020856,4.62087220544549,42.17816666666667,42.10699453551913,41.53662470888633,4.684971675913332,4.649231594203787,4.62887110451384,7.833288380681011
2025-01-09,sz001269,36.34,36.63,37.96,36.2,25485,63525109.72,4.81,0.03,0.01,3.04,4.406284637924727,-0.03519054608712935,37.160000000000004,37.03333333333333,37.64606211430275,4.534901108734969,4.480602237543576,4.502192614290515,39.954,38.500727272727275,39.000436904021456,4.6133831896362025,4.556611231805547,4.559369950293172,40.992000000000004,40.11138095238095,40.380388185946984,4.581110522282239,4.597077741755592,4.590342586954462,41.75966666666667,40.809118279569894,40.98106334583092,4.581287410839622,4.578693670139687,4.6070278462506025,42.15866666666667,41.925087431693996,41.37575176761137,4.685182037700954,4.640094314269734,4.621573187576492,7.802945423832591
2025-01-10,sz001269,36.51,34.65,36.79,34.63,29124,69548363.8,5.9,-5.41,-1.98,3.47,4.4642510223795595,0.05796638445483282,36.738,36.19666666666667,36.6473747428685,4.484627515205477,4.457052208758439,4.489545416986863,39.071,37.53636363636364,38.20944837601755,4.5852056222809905,4.52949629230434,4.542075599763424,40.5895,39.50738095238095,39.83463693014251,4.585740131415446,4.585948265574383,4.578333866518756,41.431666666666665,40.35043010752688,40.57260764609989,4.570227553105153,4.571142935400329,4.597816438258922,42.100833333333334,41.67890163934427,41.155235316214274,4.684211281442633,4.632850674423131,4.616415083799543,7.842286917203839
2025-01-13,sz001269,34.09,34.86,34.87,33.68,18161,41717003.2,3.43,0.61,0.21,2.16,4.259139758421019,-0.20511126395854085,36.058,35.57066666666666,36.05158316191233,4.408997557354046,4.381889623163619,4.412743530798249,38.17,36.77072727272727,37.60045776219617,4.536217893331302,4.470211589784345,4.4906327195193505,40.257999999999996,38.96171428571429,39.360861984414655,4.57692640352562,4.554843468146344,4.547934427652305,41.089333333333336,39.92645161290322,40.204052314093445,4.552590908473115,4.551072755098128,4.575966329882284,42.033666666666676,41.441497267759566,40.94883415830561,4.677425389293606,4.618913903176519,4.604701138705165,7.620313102715913
2025-01-14,sz001269,35.16,36.42,36.55,35.02,29379,70617477.6,4.39,4.48,1.56,3.5,4.468037009225747,0.20889725080472843,35.836,35.69133333333333,36.174388774608225,4.407837522392581,4.401569440454186,4.431174690274082,37.409000000000006,36.45254545454546,37.385829078160505,4.5147863248999105,4.457815065401517,4.486524408556877,39.9195,38.59619047619048,39.08077989066088,4.5651494998955275,4.544473049641594,4.540325149706919,40.80866666666667,39.625204301075264,39.95991990673258,4.542920574027608,4.5456176648241025,4.569003147904444,41.9745,41.257442622950826,40.80034779245952,4.672771473764211,4.61204871038741,4.600220347574692,7.84891220085147
2025-01-15,sz001269,36.45,36.52,37.39,35.91,28407,69820828.0,4.06,0.27,0.1,3.39,4.453425371271665,-0.014611637954081935,35.815999999999995,35.919333333333334,36.289592516405484,4.410227559844544,4.416765390080547,4.438591583939943,36.854,36.29090909090909,37.22840560940405,4.4932576639171895,4.446658528378199,4.480506401777747,39.652,38.27242857142857,38.836896091550315,4.559618847050189,4.53383265643932,4.532048980332132,40.56933333333333,39.348516129032255,39.73798959016919,4.536033112271442,4.539843780775333,4.561546517153943,41.9075,41.07860655737705,40.660008520575595,4.669352168028622,4.604857034895851,4.59540739753197,7.84398499477462
2025-01-16,sz001269,36.55,36.55,37.29,36.16,22204,54714580.6,3.09,0.08,0.03,2.65,4.346431218659823,-0.10699415261184253,35.8,36.164,36.37639501093699,4.398256875991562,4.395499943018974,4.407871462179903,36.480000000000004,36.23563636363637,37.10505913496695,4.4665789923632655,4.419962811058678,4.456129095756306,39.3705,37.977,38.61909646378362,4.551095138426918,4.513529072783094,4.514371098268103,40.382333333333335,39.08920430107527,39.532312842416346,4.525285143994977,4.527611400542325,4.547668110799483,41.828833333333336,40.90295081967213,40.5252541428518,4.660568159413355,4.594269462785398,4.5872442441263255,7.738103074602548
2025-01-17,sz001269,36.21,36.3,36.79,35.79,16955,41195334.5,2.74,-0.68,-0.25,2.02,4.229297794114105,-0.11713342454571762,36.13,36.330666666666666,36.350930007291325,4.351266230338472,4.3391802490598215,4.348346906157971,36.434000000000005,36.202909090909095,36.958684746791135,4.4179468727719735,4.376820775013376,4.414887040912269,39.129999999999995,37.684571428571424,38.39823013389947,4.545421134763261,4.482881706658066,4.487221259777246,40.16266666666666,38.825827956989244,39.32377653000239,4.517083837562426,4.5085154424854945,4.527128090368169,41.771166666666666,40.721677595628414,40.38672122013535,4.65327647792082,4.580129450808373,4.575508294945597,7.614848033614742
2025-01-20,sz001269,36.2,36.12,36.8,35.95,14293,34763262.6,2.34,-0.5,-0.18,1.7,4.155123393710713,-0.0741744004033924,36.382,36.32733333333333,36.27395333819422,4.330462957396411,4.273799303517236,4.2839390686755525,36.220000000000006,36.14581818181818,36.806196611010925,4.369730257375228,4.329034687911329,4.367657286875622,38.8705,37.39790476190476,38.18125583543285,4.543519682606192,4.44571049322449,4.455592891580433,39.944,38.565010752688174,39.11708127000224,4.506164546761708,4.485163155785384,4.503127787358011,41.648,40.536393442622945,40.24682872111451,4.639051723028389,4.563796562801485,4.561725183429699,7.541120529073631
2025-01-21,sz001269,35.86,34.9,36.12,34.63,27053,63468328.2,4.13,-3.38,-1.22,3.22,4.432215432518464,0.27709203880775135,36.078,35.833333333333336,35.815968892129476,4.3232986420549535,4.307716795224587,4.333364523289857,35.957,35.905818181818184,36.45961540900894,4.365568082223768,4.340395628846463,4.379395131537957,38.62,37.0197619047619,37.86875527967734,4.546527220696208,4.4351100884542305,4.453366466907865,39.69533333333333,38.23959139784946,38.845011510647254,4.508539331721459,4.480392245189046,4.498552796723201,41.49566666666667,40.3151475409836,40.07152286140583,4.628028875810502,4.557015045079848,4.557478962088347,7.802557058845276
2025-01-22,sz001269,34.8,34.17,34.8,34.06,15320,35167706.6,2.12,-2.09,-0.73,1.83,4.185258765296585,-0.2469566672218786,35.608,35.19733333333333,35.26731259475299,4.2696653208599376,4.2617035029717965,4.2839959372921,35.712,35.58090909090909,36.04332169828004,4.339946440352241,4.307612116677885,4.344097610403162,38.144,36.595952380952376,37.51649287208902,4.504156602417636,4.400703568892361,4.427832400087743,39.42100000000001,37.883118279569885,38.54339786479905,4.497161797525696,4.459535434451957,4.478340278566646,41.35983333333333,40.07496174863389,39.878030308572846,4.615996404143342,4.542497992276114,4.545275021209929,7.546144047491221
2025-01-23,sz001269,34.58,34.11,34.97,34.1,16595,38366907.8,2.55,-0.18,-0.06,1.98,4.219977256744623,0.034718491448037625,35.12,34.698,34.88154172983533,4.244374528476898,4.245140814933358,4.262656377109607,35.459999999999994,35.28963636363636,35.69180866222912,4.32131570223423,4.285799537840136,4.321530273374337,37.707,36.2117619047619,37.19206497950911,4.467349445935216,4.373638869304455,4.408036672150303,39.147999999999996,37.54047311827957,38.25737219610234,4.494512248932902,4.441652560853178,4.461671696513613,41.231,39.83726229508197,39.68891456075078,4.608343892316863,4.52951375793517,4.534609520735656,7.583956798429164
2025-01-24,sz001269,34.1,34.8,34.93,33.82,21105,48798308.0,3.25,2.02,0.69,2.52,4.324385356490427,0.1044080997458039,34.82,34.59133333333333,34.85436115322355,4.263392040952162,4.271811090937868,4.2832327035698805,35.475,35.169636363636364,35.52966163273292,4.307329135645317,4.286357656795808,4.322049379395444,37.273,35.93490476190476,36.964249267174914,4.446267378963154,4.360023241738285,4.400069880182695,38.884666666666675,37.25995698924731,38.03431592538606,4.492936466158737,4.4306766323085025,4.452814513286311,41.08533333333333,39.62640983606558,39.52862228007043,4.5982440928563575,4.520203642006437,4.527716925186632,7.688404763826426
2025-01-27,sz001269,34.83,34.02,35.44,33.97,15742,36326071.16,4.22,-2.24,-0.78,1.88,4.197059908060209,-0.1273254484302182,34.4,34.324666666666666,34.5762407688157,4.271779343822061,4.249700379973883,4.25450843839999,35.391,34.90509090909091,35.25517769950875,4.3011211506092355,4.266308706325788,4.299324020970856,36.7805,35.62509523809524,36.68384457506302,4.418669521970269,4.336289196890385,4.380735597123411,38.63566666666667,36.94610752688172,37.775327801167606,4.484991319220159,4.411587822108597,4.436314216174949,40.965500000000006,39.39475956284153,39.34801171351074,4.588694398752033,4.507050062177054,4.516875711510355,7.560218429357352
2025-02-05,sz001269,34.23,34.69,35.05,33.83,17254,39868151.12,3.59,1.97,0.67,2.06,4.236889793701861,0.039829885641652574,34.358,34.42133333333333,34.614160512543805,4.232714216058741,4.238070529933817,4.248635556833947,35.217999999999996,34.77763636363636,35.15241811777988,4.278006429056847,4.254630277797174,4.287972343285584,36.3135,35.426,36.49395461553321,4.3963963769783785,4.318976841817204,4.367035996797549,38.352333333333334,36.69154838709677,37.57627439464066,4.4694351429493,4.39558127207516,4.423448124402492,40.847,39.189005464480864,39.195290017985805,4.582791485196622,4.4955154849622945,4.507695845352699,7.600626095782787
2025-02-06,sz001269,34.76,35.49,35.56,34.31,18176,42573315.2,3.6,2.31,0.8,2.17,4.259498314030925,0.022608520329063353,34.622,34.79866666666667,34.90610700836254,4.247562125805609,4.2469985625912114,4.252256475899607,35.114999999999995,34.827090909090906,35.2137966418199,4.258613723332774,4.251265165974279,4.2827952470574635,35.984500000000004,35.34757142857142,36.39833989024434,4.375935693624981,4.305938931060302,4.356794312724537,38.13966666666666,36.50688172043011,37.44167604659933,4.459283805811051,4.382036960532038,4.412870717281747,40.73083333333333,39.01336612021858,39.07380509936332,4.576870454434764,4.484915708858502,4.499558221374936,7.629137470167907
2025-02-07,sz001269,35.65,36.51,37.12,35.49,36484,89670442.46,4.59,2.87,1.02,4.35,4.562102447054804,0.30260413302387956,35.102,35.428,35.44073800557503,4.315987163867645,4.3518453363409435,4.355538466284673,35.111000000000004,35.080727272727266,35.44946997967082,4.2801808461722715,4.306444933923739,4.333578374329707,35.7955,35.397619047619045,36.40897418641155,4.3733799192677685,4.323669098053619,4.376347468375038,37.95066666666666,36.40174193548388,37.38156791456066,4.460790374342036,4.388670421257441,4.422498570815493,40.63583333333334,38.87497814207651,38.98974591577763,4.574537974804467,4.484431511895224,4.501608851725096,7.9526493126993065
2025-02-10,sz001269,36.51,36.62,36.73,35.93,21623,52667777.02,2.19,0.3,0.11,2.58,4.334915948315707,-0.2271864987390968,35.466,35.934,35.83382533705002,4.318093282232701,4.358154931156964,4.348664293628351,35.142999999999994,35.35509090909091,35.66229361973067,4.290742661592432,4.316396770677091,4.3338215695998885,35.7885,35.476142857142854,36.42907188294378,4.354344767182203,4.320005862724852,4.372401609321768,37.801,36.31589247311827,37.33243450071804,4.460528310372984,4.380549490546065,4.416848079041313,40.538333333333334,38.74331147540983,38.91204932837509,4.5701355088450715,4.476575052010347,4.496143510629706,7.721544988220376
2025-02-11,sz001269,36.45,35.84,36.65,35.58,18378,44192259.0,2.92,-2.13,-0.78,2.19,4.264298247190216,-0.07061770112549137,35.83,36.05866666666667,35.83588355803335,4.331540950058703,4.340223252809468,4.320542278148974,35.114999999999995,35.481818181818184,35.69460387068873,4.301660146940383,4.311588695331233,4.321180965525402,35.6675,35.48104761904762,36.372969798853894,4.3356952021578055,4.311430003677995,4.362106051023525,37.61866666666666,36.18937634408602,37.23614840389752,4.462899837384255,4.367889486469758,4.407006154405758,40.42916666666667,38.58926775956284,38.81132639957591,4.563243989780427,4.466547600808547,4.488542026582509,7.645346202199524
2025-02-12,sz001269,35.79,36.06,36.06,35.3,18830,45106621.0,2.12,0.61,0.22,2.24,4.2748503200166645,0.010552072826448544,36.104,36.13533333333333,35.910589038688904,4.339133055321663,4.32132637612879,4.305311625438204,35.231,35.65363636363636,35.76103953056351,4.285923635690202,4.306714181345104,4.312757211796541,35.594,35.51842857142857,36.343163151344,4.325745858956985,4.305635252997887,4.353795981403824,37.490333333333325,36.08881720430108,37.16026786171059,4.4596593590275395,4.355757259542815,4.3984799715419465,40.29266666666667,38.446016393442626,38.72111897663899,4.552294345989986,4.457092070652358,4.481535741121333,7.654240294709803
2025-02-13,sz001269,35.98,35.53,36.2,35.5,16825,40492904.8,1.94,-1.47,-0.53,2.01,4.2259550728960145,-0.048895247120650076,36.112,35.943999999999996,35.7837260257926,4.332424407094681,4.283600381986906,4.278859441257474,35.367,35.708,35.719032343188324,4.289993266450145,4.295810806291615,4.296975004723717,35.5395,35.51233333333334,36.26571904169219,4.314969853401193,4.296131368611128,4.341620656784032,37.21833333333334,35.96234408602151,37.05508928998732,4.432768823761806,4.340679563663362,4.387349332919628,40.1565,38.28986338797813,38.61649212494591,4.542868460655183,4.4463924223541955,4.473156047081159,7.607378932445397
2025-02-14,sz001269,35.23,35.64,36.03,35.23,15759,37746729.4,2.25,0.31,0.11,1.88,4.197528655522771,-0.02842641737324314,35.938,35.78666666666666,35.73581735052841,4.259509648788274,4.238635131462937,4.251749179345907,35.52,35.757636363636365,35.70466282624499,4.28774840632796,4.278999058850274,4.278893850323545,35.489999999999995,35.52190476190476,36.20612675200722,4.304532054281095,4.284946492622707,4.327897609044864,36.977999999999994,35.860516129032256,36.96379320676233,4.407482432732797,4.325502778615683,4.375102837603702,40.007333333333335,38.14178142076502,38.51890221920997,4.5334583020414145,4.435069805792478,4.4641190834235065,7.5768793277515165
2025-02-17,sz001269,35.64,36.49,37.39,35.64,39347,96505529.32,4.91,2.38,0.85,4.69,4.594911625307194,0.3973829697844229,35.912,35.97066666666667,35.987211567018946,4.311508784186572,4.350435790302575,4.3661366613330035,35.689,35.934000000000005,35.84745140329135,4.314801033209636,4.334846916846498,4.336351627593299,35.582,35.61714285714286,36.23316229943511,4.311065084427478,4.312601689863288,4.353327515355563,36.745,35.829032258064515,36.933225903100244,4.402445263711981,4.337594984588225,4.389284049713605,39.906,38.02645901639343,38.452380834973575,4.531449160197254,4.437084668850372,4.468407363485266,7.984552197119649
2025-02-18,sz001269,36.59,35.39,36.89,35.25,27476,66682852.6,4.49,-3.01,-1.1,3.27,4.4389535077043965,-0.15595811760279776,35.822,35.79666666666667,35.7881410446793,4.346439836289408,4.392917364808517,4.390408943456801,35.82600000000001,35.879636363636365,35.76427842087474,4.338990393174056,4.357420094027364,4.355006514886226,35.6085,35.59885714285714,36.15286112806034,4.320055771891647,4.324781539699185,4.361482371769737,36.46233333333334,35.7416129032258,36.83366294160991,4.392109812371531,4.339950355168381,4.392488530874301,39.812666666666665,37.878393442622944,38.35197490595805,4.527347075364117,4.434052024506343,4.467441663295729,7.824014170069288
2025-02-19,sz001269,35.36,35.89,36.12,35.11,18347,43897707.96,2.85,1.41,0.5,2.19,4.2635650609608575,-0.17538844674353893,35.788,35.81933333333333,35.8220940297862,4.344182784478247,4.365292439699001,4.348127649291487,35.946000000000005,35.89127272727273,35.787136889806604,4.341657919899955,4.343706397261328,4.3383807959907035,35.58200000000001,35.62566666666667,36.127826734911736,4.309832174478402,4.319401471991491,4.352156913597463,36.191,35.704688172043014,36.77278146150604,4.378150224618905,4.33165714539995,4.384170887654079,39.75166666666667,37.749781420765025,38.27125441723812,4.522467514872361,4.425403433870171,4.46075718453065,7.642441844927522
2025-02-20,sz001269,35.88,35.68,35.88,35.22,18244,43493051.16,1.84,-0.59,-0.21,2.17,4.2611200635689,-0.0024449973919571377,35.818,35.78333333333333,35.7747293531908,4.351215782612824,4.337604866062552,4.319125120717292,35.965,35.84290909090909,35.76765745529631,4.341820094853753,4.329063150655681,4.32433339009583,35.54,35.635000000000005,36.08517656968205,4.300216909093264,4.314762223333444,4.343486737404267,35.977999999999994,35.67172043010753,36.70227943173146,4.364563827367904,4.324106812428982,4.376232124809874,39.625,37.616284153005466,38.186295256017196,4.517807144326334,4.416834664974976,4.454211705154855,7.638419875714784
2025-02-21,sz001269,35.68,36.34,36.45,35.09,29088,70018907.4,3.81,1.85,0.66,3.47,4.463713861541874,0.20259379797297328,35.958000000000006,35.95733333333333,35.963152902127206,4.404452823816644,4.375104225705568,4.367321367658819,35.94799999999999,35.91109090909091,35.871719736151526,4.331981236302459,4.351225653689885,4.34967529399511,35.5295,35.711190476190474,36.10944546780757,4.306081041237365,4.330333361661882,4.354936939703086,35.84633333333333,35.695075268817206,36.67890656516814,4.359580358279333,4.330503588827303,4.3818761078248425,39.48133333333333,37.50857923497268,38.12576098532811,4.507156555483552,4.415061114719747,4.454523251265904,7.845215329595922
2025-02-24,sz001269,36.2,36.52,36.69,35.84,22556,55054241.7,2.34,0.5,0.18,2.69,4.353262085916316,-0.11045177562555786,35.964,36.14466666666667,36.14876860141814,4.356122915938468,4.358040646405459,4.3626349404113185,35.938,36.015090909090915,35.989588875033064,4.33381585006252,4.355094899074223,4.350327437980784,35.5405,35.805523809523805,36.14854589944494,4.312279255827476,4.334826794488449,4.354777429818632,35.83833333333333,35.7385376344086,36.66865452870569,4.347501794808975,4.33009595835227,4.38003004189526,39.291333333333334,37.411486338797815,38.073113084169805,4.492132665659278,4.410015394406068,4.45120321305772,7.740790785177656
2025-02-25,sz001269,36.48,36.51,36.97,36.06,25535,62895881.24,2.49,-0.03,-0.01,3.04,4.407135862191559,0.05387377627524348,36.188,36.32666666666667,36.26917906761209,4.349759386835902,4.375044961823156,4.377468581004733,36.005,36.11909090909091,36.0842090795725,4.348099611562654,4.368425810370412,4.360656242382743,35.56,35.89785714285714,36.18297009949781,4.324879879251518,4.343860756999315,4.359763947187481,35.779999999999994,35.78187096774194,36.65841875266017,4.339830005292755,4.3339433175382425,4.381778804495022,39.13366666666666,37.320295081967224,38.02186347485276,4.4798431681737645,4.407228613964503,4.4497583818817805,7.7986222064419675
2025-02-26,sz001269,36.49,37.71,37.84,36.49,35291,88225318.8,3.7,3.29,1.2,4.21,4.547663964631684,0.1405281024401246,36.552,36.833999999999996,36.7494527117414,4.406579167570067,4.441013154421751,4.43420037554705,36.17,36.42909090909091,36.37980742874114,4.375380976024156,4.404710238201144,4.394657646428005,35.700500000000005,36.102619047619044,36.32840151859325,4.33065230585718,4.365078288940282,4.377659186944072,35.785999999999994,35.90638709677419,36.726262704101444,4.3422908979793755,4.347351960076238,4.392481072890936,39.02183333333333,37.2736174863388,38.011638442890366,4.4749629639730735,4.409452246635254,4.452968400988335,7.945593236347174
2025-02-27,sz001269,37.7,37.19,37.7,36.44,27933,69485626.4,3.34,-1.38,-0.52,3.33,4.446117581367974,-0.10154638326370957,36.854,37.04666666666667,36.8963018078276,4.443578671129881,4.45419262568772,4.438172777487359,36.336,36.61454545454546,36.52711516897002,4.397397226871353,4.417571439172748,4.404013998235272,35.8515,36.24447619047619,36.410458516822466,4.343695246660749,4.376074981846073,4.384179034032063,35.805,35.99696774193549,36.7561812393207,4.3424456445579125,4.354050455778728,4.395941492792681,38.908833333333334,37.21355737704918,37.9846994775497,4.468361636775071,4.408506496385907,4.452743783951602,7.841894976953271
2025-02-28,sz001269,37.19,36.06,37.82,35.93,29307,72755862.6,5.08,-3.04,-1.13,3.49,4.466971364322843,0.020853782954868727,36.798,36.782000000000004,36.61753453855174,4.444230171686075,4.461990190085373,4.447772306432521,36.378,36.56436363636364,36.4421851382482,4.424341497751359,4.430221282345745,4.415460792069376,35.949,36.26433333333333,36.377081515220326,4.35604495203966,4.387815564480557,4.39206401786928,35.785999999999994,36.01341935483871,36.71126632065486,4.3444685354378505,4.362084373182918,4.400524065149466,38.77283333333333,37.12015300546448,37.92159457664643,4.462877973138736,4.408460913682555,4.453210261996561,7.861867994114933
2025-03-03,sz001269,36.06,36.26,37.11,35.93,21507,52843694.6,3.27,0.55,0.2,2.56,4.332579835105698,-0.1343915292171447,36.746,36.602666666666664,36.49835635903449,4.440093721523953,4.424773411225248,4.409374815990247,36.355,36.54290909090909,36.40906056765761,4.39810831873121,4.413537343682898,4.400391527166889,36.022000000000006,36.293952380952376,36.36593089472315,4.356454675970424,4.385580791439228,4.386398857606082,35.83966666666666,36.044,36.68215236448358,4.340079495862055,4.361317360258263,4.396140566436965,38.63566666666667,37.03776502732241,37.867116065936706,4.455153524483603,4.404188843583111,4.449255166032926,7.722993173974666
2025-03-04,sz001269,35.89,36.35,36.41,35.68,15976,38666168.0,2.01,0.25,0.09,1.9,4.203468051862646,-0.1291117832430526,36.714,36.470666666666666,36.448904239356324,4.399360159458169,4.345898188004812,4.340739227947713,36.451,36.541999999999994,36.39832228262895,4.374559773147036,4.37814820425225,4.364587258929753,36.1385,36.32519047619048,36.36441366665428,4.356775083160545,4.371010636762297,4.368976876106707,35.88933333333333,36.076924731182785,36.660723179678186,4.338223772310109,4.352503718709914,4.383710081625718,38.489333333333335,36.962825136612025,37.81737455557813,4.445407340391612,4.395936860874228,4.441196572125703,7.58733113356989
2025-03-05,sz001269,36.37,35.7,36.61,35.19,19657,46938367.66,3.91,-1.79,-0.65,2.34,4.2935172376638695,0.09004918580122379,36.312,36.132666666666665,36.19926949290422,4.348530814064606,4.310617214073379,4.324998564519765,36.432,36.405454545454546,36.27135459487823,4.377554990817337,4.363413197800765,4.351665436881411,36.189,36.28342857142857,36.30113617459197,4.359606455358646,4.364986080048329,4.361790243874056,35.86533333333333,36.064709677419366,36.59874103905379,4.33240644659138,4.349619426152092,4.37789118846689,38.336999999999996,36.87137158469946,37.74795243900179,4.437663510309493,4.390956857506104,4.436354626733511,7.671527982395484
2025-03-06,sz001269,35.72,36.45,36.82,35.72,21518,52445850.0,3.08,2.1,0.75,2.56,4.332801903177983,0.03928466551411347,36.164,36.17866666666667,36.282846328602815,4.325867678426608,4.3053742437778375,4.327599677405837,36.509,36.408727272727276,36.303835577627645,4.3847231747782445,4.355276272775428,4.348235703480787,36.237,36.30828571428572,36.31531368177369,4.363271634815999,4.362433265554932,4.359029449522049,35.86299999999999,36.10243010752688,36.58914484298581,4.3283856643215906,4.3496449394802585,4.374982202319219,38.21616666666667,36.809502732240446,37.7053966213296,4.432209388296516,4.387518772026383,4.432959455469395,7.719711128498953
2025-03-07,sz001269,36.24,35.81,36.52,35.58,18916,45541465.52,2.58,-1.76,-0.64,2.25,4.276829305343389,-0.05597259783459396,36.114,36.06066666666667,36.12523088573521,4.2878392666307175,4.289028119416765,4.310676220051688,36.456,36.281636363636366,36.214047290786255,4.366034719158397,4.335659205605454,4.33525272200126,36.202,36.26761904761905,36.26718856922381,4.349007977730428,4.354200662748016,4.351200864362177,35.83833333333334,36.09901075268817,36.53887743376092,4.326065600544376,4.346318722771988,4.368649757353037,38.11033333333333,36.73061202185792,37.6432524698106,4.4256753722696764,4.3824243430771,4.427840434153788,7.658407002058841
2025-03-10,sz001269,35.84,37.0,37.01,35.74,33518,82313387.1,3.55,3.32,1.19,3.99,4.525278096626574,0.24844879128318542,36.262,36.356,36.41682059049015,4.326378918934892,4.3681743960820505,4.382210178909983,36.504,36.38054545454545,36.35694778337057,4.383236320229422,4.364612546963306,4.369802790114954,36.221,36.34361904761905,36.336980134059644,4.3585260851459715,4.370988293119078,4.367779648387358,35.86166666666667,36.17395698924731,36.568627276744095,4.3359316106281245,4.359171141874066,4.378754811499717,38.012166666666666,36.69420765027322,37.62216222489877,4.426507724095275,4.385690006170769,4.431035111611912,7.91547047276823
2025-03-11,sz001269,36.63,37.22,37.28,35.96,29777,73206591.4,3.57,0.59,0.22,3.55,4.473880940928732,-0.051397155697842756,36.436,36.675333333333334,36.684547060326764,4.38046149674811,4.417341736746664,4.4127670995829,36.575,36.51072727272727,36.513866368212284,4.3899108281031385,4.381093387090452,4.388726090262914,36.290000000000006,36.438761904761904,36.421077264149204,4.369005219832897,4.381974469860293,4.377884533391298,35.898333333333326,36.261591397849465,36.61065132340577,4.346556862202059,4.368071098667653,4.384891981140299,37.921166666666664,36.6682349726776,37.60897657818078,4.426360704481883,4.3872432263948165,4.432439892900988,7.864550185973308
2025-03-12,sz001269,37.35,36.7,37.39,36.68,20337,50453054.0,1.91,-1.4,-0.52,2.42,4.308286888629105,-0.16559405229962643,36.636,36.763333333333335,36.68969804021785,4.383415426941157,4.39328353404033,4.377940362598302,36.474000000000004,36.533454545454546,36.54770884671914,4.365973120502881,4.366252670822447,4.374100780874948,36.322,36.477809523809526,36.447641334230234,4.370677048263518,4.376191771650407,4.371256186271089,35.958333333333336,36.313311827956994,36.616415754153785,4.34242591073908,4.365602068114559,4.379949717107319,37.82683333333333,36.628196721311475,37.57917406742075,4.4254826212302705,4.383371953743906,4.428369302596992,7.702887459873313
2025-03-13,sz001269,36.65,36.05,36.91,35.79,18823,45719095.5,3.05,-1.77,-0.65,2.24,4.274688842237558,-0.033598046391547065,36.556,36.568,36.476465360145234,4.371792814753071,4.35704133913913,4.343523189144721,36.36,36.45636363636363,36.457216329133836,4.34883024658984,4.34965552931966,4.356025882940877,36.348,36.451904761904764,36.40977073097021,4.373113736730597,4.367050037743173,4.3620592963631335,36.021,36.31922580645161,36.5798728022729,4.345406913303779,4.3612319346628485,4.373158692922174,37.721,36.56993989071039,37.52903721275121,4.4212843554147385,4.3784278954162765,4.42333059897865,7.66009762978876
2025-03-14,sz001269,35.96,36.7,36.83,35.68,23618,57802342.82,3.19,1.8,0.65,2.82,4.3732431182673634,0.09855427602980527,36.734,36.616,36.550976906763495,4.391075577337866,4.357524773643894,4.3534298321856015,36.424,36.51818181818182,36.50135881474586,4.339457421984292,4.354094233261028,4.359156289363874,36.401,36.48542857142857,36.43741161373495,4.381899459867826,4.367062359794294,4.363124422258775,36.10733333333334,36.36303225806452,36.58762294406175,4.350515775354538,4.3630278188540474,4.3731641397186385,37.62766666666667,36.536464480874315,37.50185566479215,4.422514012143719,4.3768527728868545,4.421688386496312,7.761945441416686
2025-03-17,sz001269,36.76,36.93,37.52,36.62,20523,50996245.8,2.45,0.63,0.23,2.45,4.3122408451442125,-0.061002273123150985,36.72,36.681333333333335,36.67731793784233,4.348468127041395,4.331246529579342,4.339700169838472,36.491,36.610181818181815,36.57929357570116,4.337423522988144,4.34914576474465,4.350626208596662,36.423,36.53580952380952,36.484324793379244,4.367765920859677,4.360428206011092,4.358278367295483,36.17833333333333,36.416107526881724,36.60971178638035,4.350110958309663,4.3605584685178975,4.369233604584805,37.5315,36.51359016393443,37.48310629873339,4.4215237122342,4.373237259214739,4.4180999425175544,7.707538205738009
2025-03-18,sz001269,37.04,37.24,37.43,36.83,22349,55822783.0,1.62,0.84,0.31,2.66,4.3492580955127895,0.03701725036857706,36.724000000000004,36.85466666666667,36.86487862522823,4.323543557958206,4.331509852403141,4.342886145063245,36.58,36.74636363636364,36.699422016482764,4.352002527353157,4.351297505203676,4.35037746076323,36.5155,36.61361904761905,36.55629386067646,4.3632811502500966,4.358665555978056,4.357419293792369,36.285666666666664,36.48460215053763,36.650375542097755,4.35518423122475,4.360503445111647,4.36794486206403,37.460666666666675,36.50403278688525,37.47513560041426,4.420087775222454,4.37086789473207,4.415842832779693,7.746811484094832
2025-03-19,sz001269,37.19,36.84,37.31,36.48,21644,53597606.6,2.23,-1.07,-0.4,2.58,4.335337525260544,-0.013920570252245135,36.752,36.89333333333334,36.856585750152156,4.328953685284493,4.335441174837253,4.340369938462345,36.694,36.79363636363637,36.72498164984953,4.356184556112825,4.348267504823201,4.347642927035469,36.563,36.64452380952381,36.58331349299299,4.366869773465081,4.356004258360004,4.355316268217909,36.35733333333334,36.52036559139784,36.662609378091446,4.358465822276705,4.359223012468796,4.365841162915419,37.35483333333333,36.48368306010929,37.45431148236789,4.413950482613004,4.368089198012008,4.413203314500376,7.729145396714771
2025-03-20,sz001269,36.84,36.7,37.22,36.58,17968,44527952.6,1.74,-0.38,-0.14,2.14,4.254499738917382,-0.08083778634316197,36.882000000000005,36.876,36.80439050010144,4.324915864620458,4.310623192714884,4.311746538614025,36.719,36.79472727272727,36.72043953169507,4.348354339686765,4.329779356242212,4.33070780192309,36.614,36.65757142857142,36.59442649366032,4.3665387572325045,4.3453023503078425,4.345714693998811,36.397666666666666,36.54247311827957,36.665021676279096,4.358299203106254,4.3525155232198065,4.358657845238127,37.268666666666675,36.4622131147541,37.42957995835583,4.4087915044586525,4.362861304776086,4.407999918579622,7.6486327266837915
2025-03-21,sz001269,36.54,36.02,36.86,35.85,19497,47422333.24,2.75,-1.85,-0.68,2.32,4.289967791686734,0.03546805276935139,36.746,36.58866666666667,36.542927000067635,4.308260799304333,4.298973835070309,4.3044869563049275,36.739999999999995,36.66763636363636,36.59308688956869,4.3496681883210995,4.319163620242207,4.323300527334661,36.598,36.601000000000006,36.53971920854982,4.357851453739747,4.33800987739872,4.340405465207185,36.38133333333334,36.518107526881714,36.62340737458368,4.349228047927318,4.348107045063709,4.3542262288799725,37.166000000000004,36.42127322404372,37.38336422201629,4.405009211134677,4.3589654453409405,4.404130012779856,7.675982918016872
2025-03-24,sz001269,36.2,35.08,36.21,34.39,28218,66683017.86,5.05,-2.61,-0.94,3.36,4.450526229129723,0.16055843744298937,36.376000000000005,36.03333333333333,36.055284666711756,4.335917876101435,4.346395645012105,4.353166713913193,36.547999999999995,36.365818181818184,36.31798018237438,4.342193001571415,4.337501445843775,4.346432473115581,36.525999999999996,36.456428571428575,36.40069833154507,4.3627146609004175,4.34683604648348,4.350893157009332,36.330000000000005,36.43415053763441,36.5238327052557,4.353081723954452,4.354642411592896,4.3604391321218925,37.06550000000001,36.35287978142076,37.30784408358953,4.406805017163719,4.3604578065866795,4.405651200201163,7.824015246379228
2025-03-25,sz001269,34.88,36.13,37.88,34.76,40867,99479145.42,8.89,2.99,1.05,4.87,4.611372757817634,0.1608465286879106,36.154,35.95133333333333,36.08018977780784,4.388340808562404,4.438213938917505,4.4392353952146735,36.439,36.289818181818184,36.28380196739722,4.355942183260305,4.386443219706723,4.3946034339705,36.507,36.41871428571429,36.374917538064594,4.372926505681722,4.370517769999405,4.375700738038694,36.339666666666666,36.42124731182796,36.4984241436263,4.364650874308699,4.371306349261489,4.376628398295812,36.979166666666664,36.32220765027322,37.26922624478331,4.413775355846478,4.367164945624513,4.412396169303342,7.997732045787962
2025-03-26,sz001269,36.05,36.66,37.36,35.5,38006,93551535.52,5.15,1.47,0.53,4.53,4.5798521640166685,-0.03152059380096528,36.118,36.12,36.27345985187189,4.437243736313628,4.50205105740226,4.486107651482005,36.435,36.33,36.35220160968863,4.383098710799061,4.427154125298789,4.428285021251621,36.454499999999996,36.43328571428572,36.40206824872511,4.374535915650971,4.390224975555114,4.395143730988978,36.359666666666676,36.441913978494625,36.50884839242461,4.374817602442033,4.385190303436196,4.3897396089874805,36.925,36.31174316939891,37.24925161380681,4.417238480734786,4.372610086875994,4.417886529785746,7.971050920242122
2025-03-27,sz001269,36.52,35.75,36.66,35.64,23174,55906110.4,2.78,-2.48,-0.91,2.76,4.365001002628743,-0.2148511613879256,35.928,35.99733333333334,36.098973234581266,4.459343989055901,4.4779701461739645,4.4457387685309175,36.405,36.20545454545455,36.242710407927056,4.392129926838179,4.423863632904186,4.4167788360474605,36.38250000000001,36.366190476190475,36.33996651075129,4.370480086714009,4.389316888600617,4.39227299495467,36.367,36.402580645161294,36.45989043162302,4.379452466766457,4.384556974415983,4.388143569867562,36.79266666666667,36.27321857923497,37.20009582319019,4.406110645264132,4.370897382675796,4.416152578075681,7.747459277796527
2025-03-28,sz001269,35.74,39.11,39.11,35.58,40225,104741469.23,9.87,9.4,3.36,4.79,4.604496052771067,0.23949505014232386,36.54600000000001,37.058,37.10264882305418,4.522249641272767,4.526354167412353,4.498657863277634,36.646,36.697272727272725,36.76403578830395,4.415255220288549,4.462475655801074,4.450909239088116,36.535,36.62595238095238,36.603779224013074,4.37735632113642,4.411604123463194,4.412484714746708,36.48266666666667,36.57954838709677,36.63086524248606,4.393018046674735,4.399075915448539,4.402101794571014,36.730333333333334,36.349196721311486,37.262715632265916,4.400250239703765,4.3774018222661875,4.422327773967333,8.02011866154567
2025-03-31,sz001269,38.75,38.3,40.15,38.09,111880,295025055.81,5.27,-2.07,-0.81,13.33,5.048752457699489,0.44425640492842255,37.19,37.64266666666666,37.501765882036125,4.64189488698672,4.701855106221261,4.682022728084919,36.783,36.998000000000005,37.04330200861232,4.488906381544078,4.577656971693973,4.559608006108365,36.637,36.79404761904762,36.76532405982135,4.4131649522661105,4.475546612659676,4.473081642646973,36.543,36.69679569892474,36.73855135587406,4.408146074421143,4.441381361321105,4.443821192192206,36.644,36.40066120218579,37.29672495579818,4.405295669066562,4.398664190069327,4.44286628818806,8.4698589011915
