date,stock_code,open,close,high,low,volume,amount,amplitude,pct_change,change,turnover,volume_log,volume_log_diff,p_SMA:5,p_WMA:5,p_EMA:5,v_log_SMA:5,v_log_WMA:5,v_log_EMA:5,p_SMA:10,p_WMA:10,p_EMA:10,v_log_SMA:10,v_log_WMA:10,v_log_EMA:10,p_SMA:20,p_WMA:20,p_EMA:20,v_log_SMA:20,v_log_WMA:20,v_log_EMA:20,p_SMA:30,p_WMA:30,p_EMA:30,v_log_SMA:30,v_log_WMA:30,v_log_EMA:30,p_SMA:60,p_WMA:60,p_EMA:60,v_log_SMA:60,v_log_WMA:60,v_log_EMA:60,amount_log
2023-05-24,sz001282,29.0,30.15,33.0,28.18,161261,499316062.36,17.26,7.95,2.22,57.99,5.20752934858708,0.0,30.15,30.15,30.15,5.20752934858708,5.20752934858708,5.20752934858708,30.15,30.15,30.15,5.20752934858708,5.20752934858708,5.20752934858708,30.15,30.15,30.15,5.20752934858708,5.20752934858708,5.20752934858708,30.15,30.15,30.15,5.20752934858708,5.20752934858708,5.20752934858708,30.15,30.15,30.15,5.20752934858708,5.20752934858708,5.20752934858708,8.698375536978627
2023-05-25,sz001282,28.2,34.18,36.66,27.72,173431,551000926.29,29.65,13.37,4.03,62.37,5.239126728236102,0.031597379649022095,32.165,32.836666666666666,31.493333333333332,5.223328038411591,5.228594268353095,5.218061808470088,32.165,32.836666666666666,30.88272727272727,5.223328038411591,5.228594268353095,5.2132743267050845,32.165,32.836666666666666,30.533809523809524,5.223328038411591,5.228594268353095,5.210538622839368,32.165,32.836666666666666,30.410000000000004,5.223328038411591,5.228594268353095,5.209567889209597,32.165,32.836666666666666,30.28213114754098,5.223328038411591,5.228594268353095,5.208565328247704,8.741152328946699
2023-05-26,sz001282,31.6,29.86,32.51,29.81,128168,398736292.82,7.9,-12.64,-4.32,46.09,5.107779607412304,-0.13134712082379796,31.396666666666665,31.34833333333333,30.94888888888889,5.184811894745162,5.168186937882699,5.181301074784161,31.396666666666665,31.34833333333333,30.696776859504126,5.184811894745162,5.168186937882699,5.194093468651851,31.396666666666665,31.34833333333333,30.469637188208615,5.184811894745162,5.168186937882699,5.200752049941553,31.396666666666665,31.34833333333333,30.374516129032262,5.184811894745162,5.168186937882699,5.203000903287192,31.396666666666665,31.34833333333333,30.26829078204783,5.184811894745162,5.168186937882699,5.205260878384248,8.600685766773811
2023-05-29,sz001282,28.6,30.26,31.15,28.16,89179,263714083.39,10.01,1.34,0.4,32.07,4.950262598122168,-0.15751700929013612,31.1125,30.913,30.719259259259264,5.126174570589414,5.081017201978487,5.104288249230164,31.1125,30.913,30.617362885048827,5.126174570589414,5.081017201978487,5.149760583100999,31.1125,30.913,30.449671741712557,5.126174570589414,5.081017201978487,5.17689591167304,31.1125,30.913,30.367127991675343,5.126174570589414,5.081017201978487,5.186695206179771,31.1125,30.913,30.26801895312823,5.126174570589414,5.081017201978487,5.196900279031393,8.421133323480358
2023-05-30,sz001282,30.0,30.6,32.79,29.56,108643,341393644.09,10.67,1.12,0.34,39.07,5.0360017494387925,0.08573915131662435,31.01,30.808666666666667,30.67950617283951,5.10814000635929,5.066012051131922,5.08152608263304,31.01,30.808666666666667,30.614205996858132,5.10814000635929,5.066012051131922,5.129077158798779,31.01,30.808666666666667,30.463988718692313,5.10814000635929,5.066012051131922,5.1634774200316835,31.01,30.808666666666667,30.382151992212417,5.10814000635929,5.066012051131922,5.176973047680353,31.01,30.808666666666667,30.27890357761583,5.10814000635929,5.066012051131922,5.191624917405406,8.533255431358867
2023-05-31,sz001282,30.35,33.66,33.66,30.35,101333,337723286.81,10.82,10.0,3.06,36.44,5.005750900286472,-0.03025084915232057,31.712,31.692,31.67300411522634,5.067784316699168,5.03188234910765,5.056267688517518,31.451666666666664,31.623333333333328,31.167986724702104,5.091075155347153,5.048794579461794,5.106654202705632,31.451666666666664,31.623333333333328,30.768370745483523,5.091075155347153,5.048794579461794,5.148455846722616,31.451666666666664,31.623333333333328,30.593626057230974,5.091075155347153,5.048794579461794,5.165926457525909,31.451666666666664,31.623333333333328,30.389759198021867,5.091075155347153,5.048794579461794,5.185530687335932,8.528561007287491
2023-06-01,sz001282,34.5,32.2,36.36,32.18,173752,586789170.28,12.42,-4.34,-1.46,62.48,5.239929812306553,0.2341789120200808,31.315999999999995,31.854666666666667,31.848669410150897,5.0679449335132585,5.0892641809767785,5.117488396447197,31.55857142857143,31.767500000000002,31.355625502028992,5.112340106341354,5.0965783876729835,5.1308861317239804,31.55857142857143,31.767500000000002,30.904716388770808,5.112340106341354,5.0965783876729835,5.157167652968705,31.55857142857143,31.767500000000002,30.69726308579672,5.112340106341354,5.0965783876729835,5.170700867511758,31.55857142857143,31.767500000000002,30.449111355463774,5.112340106341354,5.0965783876729835,5.187314265203821,8.768482089951345
2023-06-02,sz001282,29.0,29.97,30.38,29.0,108805,324402609.77,4.29,-6.93,-2.23,39.13,5.036648853289689,-0.2032809590168636,31.338,31.406000000000002,31.22244627343393,5.053718782688735,5.078832154235588,5.090541882061361,31.36,31.368055555555557,31.103693592569172,5.102878699709895,5.0832607133655845,5.113752081099563,31.36,31.368055555555557,30.815695780316446,5.102878699709895,5.0832607133655845,5.145689672046894,31.36,31.368055555555557,30.650342886713062,5.102878699709895,5.0832607133655845,5.1620523504651725,31.36,31.368055555555557,30.433402786432172,5.102878699709895,5.0832607133655845,5.182374415632866,8.511084339386686
2023-06-05,sz001282,29.43,29.23,29.84,28.98,60281,176633631.99,2.87,-2.47,-0.74,21.68,4.780180448202641,-0.25646840508704827,31.131999999999998,30.70333333333333,30.558297515622623,5.0197023527048295,4.98765270940689,4.987088070775121,31.123333333333335,30.94044444444444,30.763022030283864,5.067023338431311,5.022644660332996,5.053102693300122,31.123333333333335,30.94044444444444,30.664677134572024,5.067023338431311,5.022644660332996,5.110879269776013,31.123333333333335,30.94044444444444,30.558707861763835,5.067023338431311,5.022644660332996,5.137415453545009,31.123333333333335,30.94044444444444,30.393946957368822,5.067023338431311,5.022644660332996,5.169187728176138,8.247073399111516
2023-06-06,sz001282,29.01,28.31,29.05,28.12,58771,167236160.05,3.18,-3.15,-0.92,21.13,4.769163080382377,-0.011017367820263857,30.674,29.762666666666664,29.808865010415083,4.966334618893546,4.9041396186327395,4.914446407310873,30.842000000000002,30.462181818181815,30.317018024777706,5.037237312626418,4.976557100341974,5.001477309133259,30.842000000000002,30.462181818181815,30.44042216937469,5.037237312626418,4.976557100341974,5.0783348707861435,30.842000000000002,30.462181818181815,30.41362993519843,5.037237312626418,4.976557100341974,5.113657235921614,30.842000000000002,30.462181818181815,30.325620827619023,5.037237312626418,4.976557100341974,5.1560721659533915,8.22333018705201
2023-06-07,sz001282,28.38,28.75,28.89,28.26,40988,116930922.5,2.23,1.55,0.44,14.74,4.612656727534487,-0.15650635284788983,29.692,29.121333333333332,29.45591000694339,4.887715784343149,4.786246988179719,4.813849847385411,30.702000000000005,30.081818181818182,30.032105656636304,4.977750050521158,4.89936063032526,4.930782657933483,30.651818181818182,30.17681818181818,30.279429581815194,4.99863907761806,4.9159070382073935,5.033984571428842,30.651818181818182,30.17681818181818,30.306298971637244,4.99863907761806,4.9159070382073935,5.081334622477283,30.651818181818182,30.17681818181818,30.273961128352823,4.99863907761806,4.9159070382073935,5.1382552663331,8.06792937596288
2023-06-08,sz001282,28.6,27.94,28.66,27.83,41095,115770462.51,2.89,-2.82,-0.81,14.78,4.613788984783492,0.0011322572490044536,28.839999999999996,28.537333333333336,28.950606671295596,4.762487618838537,4.694938054993168,4.747162893184772,30.078000000000003,29.579636363636364,29.651722809975155,4.915216276175897,4.8331858911002294,4.873147444633484,30.425833333333333,29.832692307692305,30.056626764499462,4.966568236548514,4.86942733768064,4.993965944129285,30.425833333333333,29.832692307692305,30.153634521854194,4.966568236548514,4.86942733768064,5.051170387787361,30.425833333333333,29.832692307692305,30.197437812669122,4.966568236548514,4.86942733768064,5.121059650544588,8.063597768327249
2023-06-09,sz001282,27.96,28.23,28.7,27.96,37650,106786285.43,2.65,1.04,0.29,13.54,4.57576498053672,-0.03802400424677188,28.492,28.334,28.7104044475304,4.670310844287942,4.632697175559228,4.690030255635421,29.915,29.243636363636362,29.393227753616035,4.862014813488339,4.771467473711287,4.819077905706799,30.256923076923076,29.60373626373626,29.882662310737608,4.936506447624529,4.827475572374365,4.954137280929993,30.256923076923076,29.60373626373626,30.029529068831344,4.936506447624529,4.827475572374365,5.020499071190546,30.256923076923076,29.60373626373626,30.13293165487669,4.936506447624529,4.827475572374365,5.103181136773838,8.028515479803666
2023-06-12,sz001282,27.89,29.2,29.48,27.28,66139,189097285.19,7.79,3.44,0.97,23.78,4.820457624237117,0.24469264370039756,28.486,28.57,28.873602965020268,4.678366279494838,4.682746102208953,4.733506045169321,29.809000000000005,29.11363636363636,29.358095434776754,4.849034316099834,4.763911621120156,4.819328763621402,30.181428571428572,29.54990476190476,29.81764685257212,4.928217245954,4.8265398459560656,4.941405885054482,30.181428571428572,29.54990476190476,29.97601106439061,4.928217245954,4.8265398459560656,5.007593171387099,30.181428571428572,29.54990476190476,30.102343731765977,4.928217245954,4.8265398459560656,5.093911513411978,8.276685293861085
2023-06-13,sz001282,29.05,28.78,29.59,28.7,46658,135067687.17,3.05,-1.44,-0.42,16.78,4.668926118778788,-0.15153150545832972,28.580000000000002,28.668,28.842401976680183,4.65831888717412,4.679599381970268,4.711979403039143,29.627,28.926545454545455,29.252987173908252,4.812326753033834,4.731164676152693,4.791982828195472,30.088,29.453666666666663,29.718823342803347,4.910931170808985,4.806838130058906,4.915455431123464,30.088,29.453666666666663,29.89884906023638,4.910931170808985,4.806838130058906,4.985743684122047,30.088,29.453666666666663,30.058988199576927,4.910931170808985,4.806838130058906,5.0799775660469555,8.130551463291079
2023-06-14,sz001282,28.64,28.41,28.99,28.25,35298,100901678.05,2.57,-1.29,-0.37,12.69,4.54775009877109,-0.1211760200076979,28.512,28.611333333333334,28.698267984453455,4.6453375614214405,4.642743119169259,4.657236301616459,29.102000000000004,28.705272727272728,29.09971677865221,4.7665266728822955,4.6830598299231045,4.7475768773910385,29.983125,29.330882352941178,29.5941735006316,4.888232353806617,4.776357185201515,4.880435875661333,29.983125,29.330882352941178,29.802794282156615,4.888232353806617,4.776357185201515,4.957486033454244,29.983125,29.330882352941178,30.00492301270555,4.888232353806617,4.776357185201515,5.062527485152664,8.003898388851335
2023-06-15,sz001282,28.41,28.42,28.85,27.92,35522,101185024.51,3.27,0.04,0.01,12.77,4.550497409936271,0.00274731116518101,28.607999999999997,28.58066666666667,28.605511989635637,4.632679246451997,4.611129735340868,4.621656671056396,28.724,28.58127272727273,28.97613190980635,4.697583432645267,4.643781782114735,4.711744246944717,29.891176470588235,29.229673202614382,29.482347452952403,4.868365592402479,4.7512616546164885,4.849013164639898,29.891176470588235,29.229673202614382,29.71358174782393,4.868365592402479,4.7512616546164885,4.931228702904697,29.891176470588235,29.229673202614382,29.95295832376438,4.868365592402479,4.7512616546164885,5.045739613834093,8.005116241219891
2023-06-16,sz001282,28.26,31.26,31.26,28.26,134379,411952528.73,10.56,9.99,2.84,48.32,5.128331404903011,0.5778339949667401,29.214000000000006,29.46466666666667,29.49034132642376,4.743192531325255,4.776347121491207,4.790548249005267,28.853,29.042363636363635,29.391380653477924,4.7067516878066,4.722099595252507,4.787487366573497,29.96722222222222,29.4433918128655,29.651647695528368,4.882808137541398,4.7909532072782275,4.875614901807814,29.96722222222222,29.4433918128655,29.81335066731916,4.882808137541398,4.7909532072782275,4.943945006259427,29.96722222222222,29.4433918128655,29.99581214921473,4.882808137541398,4.7909532072782275,5.048447541410122,8.61484717307577
2023-06-19,sz001282,34.2,34.39,34.39,33.0,78257,267739025.75,4.45,10.01,3.13,28.14,4.893523195105441,-0.23480820979756967,30.252,31.19,31.12356088428251,4.75780564549892,4.826457342751269,4.824873231038659,29.369,30.049090909090914,30.300220534663755,4.718085962496879,4.7560580511250246,4.80676660812476,30.2,29.938052631578948,30.102919343573284,4.883372087939505,4.801210206060948,4.877320453550445,30.2,29.938052631578948,30.108618366201796,4.883372087939505,4.801210206060948,4.9406919861849765,30.2,29.938052631578948,30.13988388202736,4.883372087939505,4.801210206060948,5.043368054646034,8.427711678742385
2023-06-20,sz001282,34.0,33.19,36.08,31.96,173238,588027016.18,11.98,-3.49,-1.2,62.3,5.238643161238954,0.34511996613351315,31.134000000000004,32.169333333333334,31.81237392285501,4.871749053990953,4.986736514664614,4.9627965411054245,29.857,30.743818181818177,30.825634982906706,4.765033970582538,4.850704814532674,4.885289617781886,30.3495,30.24776190476191,30.39692702513773,4.901135641604478,4.842870487506473,4.91173213999697,30.3495,30.24776190476191,30.30741718128555,4.901135641604478,4.842870487506473,4.959914642640072,30.3495,30.24776190476191,30.239887689174,4.901135641604478,4.842870487506473,5.0497705171572775,8.76939727966179
2023-06-21,sz001282,33.33,34.0,35.86,33.33,113279,388766341.07,7.62,2.44,0.81,40.74,5.054149406514489,-0.18449375472446494,32.251999999999995,33.12466666666667,32.54158261523668,4.973028915539634,5.047536632172458,4.993247496241779,30.381999999999998,31.49709090909091,31.402792258741847,4.8091832384805375,4.903271257429393,4.91599139755145,30.542,30.59542857142857,30.74007683226747,4.8934666445008475,4.8574432270217125,4.925295689189115,30.523333333333333,30.58887445887446,30.545648330880034,4.908422011362097,4.862077661961747,4.965994304825519,30.523333333333333,30.58887445887446,30.363170060020753,4.908422011362097,4.862077661961747,5.049914087300136,8.58968865717927
2023-06-26,sz001282,34.77,33.79,36.94,32.3,100645,351256831.05,13.65,-0.62,-0.21,36.19,5.002792204198866,-0.05135720231562324,33.326,33.63733333333333,32.95772174349112,5.063487874392153,5.057457728392204,4.996429065560808,30.966999999999995,32.116727272727275,31.836830029879692,4.848083560422074,4.938472887559998,4.931773362396435,30.522499999999997,30.904761904761905,31.030545705384853,4.881649918298986,4.86785518508819,4.932676309666234,30.671818181818182,30.86723320158103,30.754961341791002,4.91271156558195,4.874313709112801,4.968368362849606,30.671818181818182,30.86723320158103,30.47552514002007,4.91271156558195,4.874313709112801,5.048369107526324,8.545624778915906
2023-06-27,sz001282,34.0,32.3,34.56,31.4,78807,255250474.88,9.35,-4.41,-1.49,28.34,4.896564795235155,-0.10622740896371141,33.534,33.29533333333333,32.73848116232742,5.017134552458581,5.001816702006537,4.963140975452257,31.374000000000002,32.35909090909091,31.921042751719746,4.8801635418919185,4.9472876575260125,4.925371804730748,30.6445,31.07404761904762,31.15144611439582,4.871089177690129,4.869275649558301,4.929237117815655,30.742608695652176,30.986630434782615,30.85464125522384,4.912009532088611,4.876167966289664,4.963735874616416,30.742608695652176,30.986630434782615,30.535343987888265,4.912009532088611,4.876167966289664,5.043391916959401,8.4069665587416
2023-06-28,sz001282,32.44,33.9,34.31,31.5,75709,248587149.95,8.7,4.95,1.6,27.23,4.879147509856812,-0.017417285378343195,33.43599999999999,33.41733333333333,33.12565410821828,5.014259415408856,4.955821021139281,4.935143153587109,31.843999999999994,32.818363636363635,32.28085316049797,4.886032530453887,4.94710292442872,4.916967387480941,30.8265,31.384095238095238,31.41321315112003,4.8675334232768614,4.870043109764653,4.924466678962431,30.874166666666667,31.2197,31.051116012951336,4.910640281162286,4.876406329775036,4.9582785607609585,30.874166666666667,31.2197,30.645660578449302,4.910640281162286,4.876406329775036,5.038006854431447,8.395478675190402
2023-06-29,sz001282,32.97,37.29,37.29,32.78,88151,308903461.63,13.3,10.0,3.39,31.7,4.945227243374065,0.06607973351725338,34.256,34.702,34.513769405478854,4.955576231835877,4.932810297127683,4.938504516849428,32.695,33.80854545454545,33.191607131316516,4.913662642913415,4.957865599505115,4.922105543097873,31.161,31.99966666666667,31.972907136727645,4.862994697973624,4.8774425212024815,4.926443875573063,31.1308,31.686646153846155,31.453624657277057,4.912023759650758,4.881700246205731,4.957436540284386,31.1308,31.686646153846155,30.863507772598506,4.912023759650758,4.881700246205731,5.034964899970548,8.489822775113959
2023-06-30,sz001282,37.29,35.7,37.29,35.43,88485,320115623.81,4.99,-4.26,-1.59,31.82,4.946869655224829,0.0016424118507636365,34.596,35.18333333333333,34.909179603652575,4.934120281577945,4.929908104924,4.941292896307895,33.42399999999999,34.35490909090909,33.64767856198624,4.95357459855879,4.96390323810719,4.926608108939137,31.262999999999998,32.43195238095238,32.3278683618012,4.860050635720542,4.885430612369262,4.92838918792085,31.306538461538462,31.983931623931625,31.727584356807572,4.913363986403606,4.886527609836775,4.956754805764414,31.306538461538462,31.983931623931625,31.022081288251016,4.913363986403606,4.886527609836775,5.032076531290361,8.505306871172815
2023-07-03,sz001282,36.0,34.83,36.36,34.51,58159,205461268.87,5.18,-2.44,-0.87,20.91,4.764616930550163,-0.18225272467466525,34.803999999999995,35.26133333333333,34.88278640243505,4.886485226848205,4.8734069879147395,4.882400907721985,34.065000000000005,34.61054545454545,33.86264609617056,4.974986550620178,4.92954729846926,4.897155167413868,31.3945,32.771666666666675,32.56616661305823,4.836284991632723,4.876341688067322,4.9127918300760225,31.437037037037037,32.187222222222225,31.927740204755473,4.907854836186812,4.8778197041734455,4.944358813815108,31.437037037037037,32.187222222222225,31.14693108207885,4.907854836186812,4.8778197041734455,5.023307364052977,8.312729965864845
2023-07-04,sz001282,35.12,35.24,35.8,34.48,54725,192782944.35,3.79,1.18,0.41,19.68,4.738185770239969,-0.0264311603101941,35.392,35.406666666666666,35.00185760162337,4.8548094218491675,4.823973835711995,4.83432919522798,34.463,34.82418181818182,34.113074078685,4.9359719871538745,4.886492611127403,4.868251640654977,31.657999999999998,33.137904761904764,32.82081741181459,4.821361837480237,4.866998905077536,4.896162681520208,31.572857142857142,32.39775862068966,32.14143438509383,4.901795226688711,4.868189777695275,4.931057327132842,31.572857142857142,32.39775862068966,31.281130062994297,4.901795226688711,4.868189777695275,5.013959115075501,8.285068608911574
2023-07-05,sz001282,34.47,33.55,34.74,33.39,55483,188178523.0,3.83,-4.8,-1.69,19.95,4.744159935606389,0.005974165366419371,35.322,34.79266666666667,34.51790506774891,4.8278119069990835,4.787090673631068,4.804272775354116,34.379,34.658181818181816,34.01069697346954,4.921035661203969,4.851617692664224,4.8456895124643244,31.874000000000002,33.31809523809523,32.89026337259415,4.819560811850424,4.859646342994313,4.881686229528416,31.64103448275862,32.47457471264368,32.23230958605552,4.896359526996217,4.859921121556016,4.918999430905329,31.64103448275862,32.47457471264368,31.35551924125678,4.896359526996217,4.859921121556016,5.005113240338809,8.274570055462986
2023-07-06,sz001282,33.3,33.66,34.04,32.85,35062,117424710.66,3.55,0.33,0.11,12.61,4.544836685408386,-0.19932325019800246,34.596000000000004,34.23866666666666,34.23193671183261,4.7477337954059475,4.692765599767503,4.7177940787055395,34.426,34.527454545454546,33.94693388738417,4.851655013620912,4.783217878883209,4.790988998454154,32.1415,33.488190476190475,32.963571622823274,4.808344492101725,4.833482140476024,4.849605320564604,31.708333333333332,32.55105376344086,32.32441864501968,4.884642098943289,4.8395930934174585,4.894859898937785,31.708333333333332,32.55105376344086,31.43107598744508,4.884642098943289,4.8395930934174585,4.990022205750926,8.069759498734612
2023-07-07,sz001282,33.46,32.7,33.85,32.7,29045,96481588.33,3.42,-2.85,-0.96,10.44,4.463071380812248,-0.0817653045961384,33.995999999999995,33.60666666666666,33.72129114122174,4.650974140523432,4.59787812823627,4.632886512741109,34.296,34.21363636363636,33.720218635132504,4.792547211050688,4.712566309281633,4.731367613428352,32.339,33.54138095238095,32.93846956350677,4.800865224765613,4.800598987019883,4.8127925643977125,31.793333333333333,32.61503225806451,32.348649700179706,4.859826833350795,4.812394982570294,4.867002575187751,31.740322580645163,32.56036290322581,31.472680053430487,4.871043043519707,4.816060486379633,4.972745129523429,7.984444444436172
2023-07-10,sz001282,32.62,33.37,34.66,32.62,41842,140532388.58,6.24,2.05,0.67,15.05,4.621612435137533,0.1585410543252852,33.704,33.398,33.60419409414783,4.622373241440905,4.588090893107637,4.629128486873251,34.254000000000005,34.045272727272724,33.65654251965387,4.754429234144554,4.681487259115606,4.711412126466385,32.610499999999995,33.63957142857143,32.97956770031565,4.801256397283315,4.783527292769588,4.794584933039601,31.76633333333333,32.71675268817204,32.41454326791005,4.839243023580843,4.7970263117178265,4.851170953249027,31.791249999999998,32.60943181818182,31.534887264793422,4.863248337007764,4.804275756001324,4.961232582166514,8.147776427874733
2023-07-11,sz001282,33.34,33.95,34.29,33.25,40210,135991428.86,3.12,1.74,0.58,14.46,4.604334073102911,-0.017278362034621964,33.446,33.48,33.71946272943189,4.595602902013494,4.582077836994972,4.620863682283138,34.419,33.989999999999995,33.709898425171346,4.725206161931331,4.654197229835306,4.6919433894912075,32.896499999999996,33.76714285714286,33.07198982409511,4.802684851911624,4.764772785704788,4.776465803521821,31.902666666666665,32.857634408602145,32.513604992561014,4.822461505770529,4.781870895557961,4.835245993239601,31.856666666666666,32.68828877005347,31.614071288898558,4.855402450222769,4.7925144805367115,4.949530991705412,8.13351153692824
2023-07-12,sz001282,33.71,33.01,34.4,33.0,41119,138656257.61,4.12,-2.77,-0.94,14.79,4.61404254422256,0.009708471119648898,33.338,33.334666666666664,33.482975152954594,4.5695794237367275,4.588224384397995,4.618589969596279,34.33,33.73381818181818,33.582644166049285,4.6986956653679055,4.633985662979166,4.677779599442362,33.087,33.77795238095238,33.06608603132415,4.792364097910896,4.746806851639163,4.7609969216837955,31.99433333333333,32.9290752688172,32.54563047691192,4.8112541706405425,4.768424510941962,4.820974802980437,31.890588235294118,32.70667226890756,31.659839443360898,4.848303629458057,4.782316084175903,4.938531370476467,8.141939474232437
2023-07-13,sz001282,32.5,32.5,32.96,32.01,35735,115620443.98,2.88,-1.54,-0.51,12.85,4.553093786437186,-0.060948757785373786,33.105999999999995,33.05533333333334,33.155316768636396,4.571230843942487,4.582729171964814,4.596757908543248,33.851,33.40109090909091,33.38579977222214,4.6594823196742166,4.607512594082672,4.655109451623239,33.272999999999996,33.72204761904762,33.01217307595994,4.786572481293816,4.724019202927382,4.7411966230888805,32.05766666666667,32.96169892473119,32.542686575175665,4.795157238540488,4.75176900228368,4.803692156751841,31.907999999999998,32.695190476190476,31.687385691119555,4.8398690625146035,4.7695815120793075,4.925894072639113,8.063034632723701
2023-07-14,sz001282,32.4,32.25,32.7,31.99,19806,64056005.06,2.18,-0.77,-0.25,7.12,4.296796774713955,-0.25629701172323127,33.016,32.77,32.853544512424264,4.537975922722829,4.491251148888637,4.4967708639334845,33.506,33.11,33.17929072272721,4.59447503162313,4.54156976772626,4.589961692185187,33.464999999999996,33.62461904761905,32.939585163963756,4.774024815090959,4.677373897538823,4.6988728280055545,32.010666666666665,32.97410752688172,32.523803570325626,4.771525434354738,4.7196167142948715,4.770989228878429,31.9175,32.671126126126126,31.70583206190252,4.824783721186808,4.744025580329829,4.905267931723534,7.8065598498055015
2023-07-17,sz001282,32.1,32.5,32.5,31.45,18419,59017492.98,3.26,0.78,0.25,6.62,4.265266047887377,-0.03153072682657765,32.842,32.598,32.735696341616176,4.466706645272798,4.400347857276819,4.419602591918116,33.272999999999996,32.92709090909091,33.05578331859499,4.544539943356851,4.481713588865214,4.5309261204946765,33.669,33.532714285714285,32.89771991025292,4.7597632469885145,4.628920681614672,4.657576944184776,32.02066666666666,33.00567741935484,32.52226785611107,4.739036642207433,4.686954818393751,4.738361926879007,31.933243243243243,32.66211948790896,31.731870354954893,4.809661621908444,4.718827710201278,4.884284263401037,7.770980757043353
2023-07-18,sz001282,32.21,32.54,32.68,31.8,20488,66165889.22,2.71,0.12,0.04,7.37,4.311499565460373,0.046233517572995986,32.56,32.49733333333333,32.67046422774412,4.40813974374429,4.348612164006012,4.383568249765535,33.003,32.79381818181818,32.9620045333959,4.501871322878892,4.439342611065855,4.491030383215712,33.733,33.42519047619047,32.863651347371686,4.718921655016382,4.5862289024215155,4.624617193830071,32.10633333333333,33.03918279569892,32.52341186539423,4.714864999279788,4.659371781184264,4.710822419690707,31.949210526315788,32.655856950067474,31.758366408890794,4.796552094107179,4.697939087394053,4.865504437239048,7.820634153465906
2023-07-19,sz001282,32.41,31.76,32.44,31.75,18452,59043929.48,2.12,-2.4,-0.78,6.64,4.266043445936229,-0.04545611952414408,32.31,32.230666666666664,32.36697615182942,4.338539924087025,4.3012467314033245,4.3443933151557665,32.824,32.56781818181818,32.743458254596646,4.454059673911876,4.396464815258097,4.450123667346714,33.6015,33.23728571428571,32.75854169524105,4.687547667557922,4.543097644413882,4.5904673130782765,32.190666666666665,33.01683870967742,32.4741594869817,4.697727099204242,4.630415551936292,4.682127002029128,31.944358974358973,32.6110641025641,31.75841996925503,4.782949308256643,4.6763443053211615,4.8458499785078075,7.771175252857879
2023-07-20,sz001282,31.74,31.5,32.28,31.39,16644,52957437.42,2.8,-0.82,-0.26,5.99,4.22125770712091,-0.04478573881531922,32.11,31.96066666666667,32.07798410121961,4.272172708223769,4.262152659081286,4.303348112477481,32.608,32.327090909090906,32.51737493557907,4.421701776083128,4.354137184932468,4.408511674578386,33.517,33.037142857142854,32.638680581408565,4.63667839485202,4.498689076753215,4.555304493463289,32.297000000000004,32.97227956989248,32.41131048782159,4.679463586762193,4.599675591156722,4.652393499131825,31.933249999999997,32.556865853658536,31.749947183377813,4.768907018228249,4.654144959067491,4.825371543380368,7.723926961679385
2023-07-21,sz001282,31.13,30.99,31.76,30.7,14336,44677630.32,3.37,-1.62,-0.51,5.16,4.15642799231805,-0.06482971480286004,31.858000000000004,31.587333333333333,31.715322734146408,4.244098951744588,4.223571087112713,4.254374739091004,32.437,32.03290909090909,32.23967040183742,4.391037437233709,4.305905587884271,4.362678277803779,33.366499999999995,32.7964761904762,32.481663383179175,4.591792324142198,4.452950943178551,4.517316255258981,32.37166666666666,32.887956989247314,32.31961303699439,4.664255962254979,4.565931359257101,4.620395724498678,31.910243902439024,32.48225319396051,31.725030882283455,4.753968505401171,4.630444151127042,4.803438967935702,7.650090130284218
2023-07-24,sz001282,30.96,31.0,31.26,30.81,7286,22601257.88,1.45,0.03,0.01,2.62,3.862489166905897,-0.29393882541215266,31.558,31.301333333333332,31.476881822764273,4.1635435755482915,4.096367825499816,4.123746215029302,32.2,31.771636363636365,32.01427578332152,4.315125110410545,4.209805902370125,4.271734803095073,33.227,32.57109523809524,32.34055258478116,4.53477717227755,4.383493499632236,4.454951770653925,32.47366666666667,32.799462365591395,32.23447671202701,4.639212634992392,4.51420446923458,4.5714985272346285,31.888571428571428,32.41331118493909,31.701259377946293,4.732742806865569,4.594725314651639,4.772588154787184,7.3541326106138
2023-07-25,sz001282,31.26,31.39,31.82,31.26,15005,47244123.69,1.81,1.26,0.39,5.4,4.176235999760872,0.3137468328549744,31.328000000000003,31.245333333333335,31.447921215176187,4.136490862408391,4.100598633570676,4.1412428099398255,31.944,31.62436363636364,31.90077109544488,4.272315303076341,4.184553336797456,4.254371384307036,33.1815,32.396142857142856,32.25002376718295,4.498760732503836,4.349346721297315,4.4284074115212535,32.579,32.72954838709678,32.179994343509144,4.625895002299862,4.484335008897062,4.545997719010516,31.87697674418605,32.36679704016913,31.691054152439857,4.719800788095692,4.575703073065696,4.753035625114189,7.674347797867195
2023-07-26,sz001282,31.25,30.46,31.35,30.37,16070,49442965.38,3.12,-2.96,-0.93,5.78,4.206015876763344,0.029779877002472865,31.068,30.956,31.11861414345079,4.124485348573815,4.123773638355661,4.162833832214332,31.689,31.354545454545455,31.6388127144549,4.23151263633042,4.172498895649639,4.245579473844546,33.009499999999996,32.13695238095238,32.079545313165525,4.465104150849163,4.32146625884584,4.407227265353834,32.621,32.592838709677416,32.06902696650856,4.605413610717404,4.457246033055997,4.524063406607473,31.84477272727273,32.282050505050506,31.650691721212322,4.7081238582926845,4.559272531007814,4.7351005513977675,7.694104510008553
2023-07-27,sz001282,30.98,30.59,31.65,30.56,19636,61002056.2,3.58,0.43,0.13,7.06,4.293053023427832,0.08703714666448725,30.886000000000003,30.796666666666667,30.942409428967196,4.138844411835199,4.179962863306999,4.206240229285498,31.498,31.15472727272728,31.448119493644917,4.205508560029484,4.183688056940078,4.254211028314234,32.6745,31.906523809523808,31.93768385476881,4.43249543985185,4.305080437186664,4.396353528027548,32.681333333333335,32.4618064516129,31.973605871895106,4.592884507539039,4.43709373710183,4.509159510918464,31.81688888888889,32.20848309178744,31.615914943467658,4.698900061962354,4.547697769808685,4.720607189824983,7.785344474047871
2023-07-28,sz001282,30.3,31.04,31.5,29.86,20691,63468815.94,5.36,1.47,0.45,7.44,4.315781480708604,0.02272845728077222,30.895999999999997,30.848,30.974939619311463,4.170715109513309,4.238941886264802,4.242753979759867,31.377000000000002,31.071454545454543,31.37391594934584,4.207407030628949,4.203737678881736,4.265405656022302,32.4415,31.750857142857143,31.852190154314638,4.400941031126039,4.293964822030166,4.388679999711458,32.769,32.35591397849463,31.91337323499865,4.58515222027029,4.419216122467609,4.496683508969442,31.8,32.15876040703053,31.597032486304784,4.690571397152491,4.537828991549107,4.707334215755593,7.802560396289048
2023-07-31,sz001282,31.11,30.67,31.65,30.5,19708,60957905.75,3.7,-1.19,-0.37,7.09,4.294642553602872,-0.021138927105732286,30.830000000000002,30.77266666666667,30.87329307954098,4.257145786852705,4.280251034294655,4.260050171040868,31.194,30.94290909090909,31.24593123128296,4.210344681200498,4.219598683058812,4.270721455582406,32.23350000000001,31.582142857142856,31.739600615808484,4.377442312278674,4.283841157504149,4.379724052463021,32.844,32.22049462365591,31.833155606934227,4.576623725059177,4.400473563327775,4.483648608623212,31.775957446808512,32.096728723404254,31.566637978557086,4.682147379204626,4.527696223301348,4.693803341586651,7.785030038107755
2023-08-01,sz001282,30.57,30.11,30.73,30.03,18327,55493740.26,2.28,-1.83,-0.56,6.59,4.263091379851672,-0.031551173751199535,30.574,30.532666666666668,30.61886205302732,4.274516862870866,4.282232898627644,4.2610639073111365,30.951,30.74581818181818,31.039398280140603,4.205503862639628,4.22918899190448,4.269334169085909,31.977000000000004,31.37990476190476,31.58440055716006,4.353687592759259,4.2729505925111,4.368616178880988,32.80566666666667,32.044107526881724,31.7219842774546,4.547782390890798,4.3802456700885815,4.46941910999279,31.741249999999997,32.01563775510204,31.518879356309313,4.673417045884773,4.5168960256095225,4.679681637923209,7.744243997107128
2023-08-02,sz001282,30.1,30.11,30.34,29.84,11678,35071816.43,1.66,0.0,0.0,4.2,4.067368470915269,-0.19572290893640343,30.504,30.378,30.44924136868488,4.24678738170125,4.213183434642446,4.196498761845847,30.786,30.592909090909092,30.87041677466049,4.185636365137532,4.204073466136415,4.232613133054883,31.804999999999996,31.20209523809524,31.44398145647815,4.319848019524704,4.245682104716435,4.339925920979491,32.663,31.8701935483871,31.617985291812367,4.52024390008446,4.349251223638547,4.443480359084563,31.70795918367347,31.93941224489796,31.472686590528678,4.66104870762009,4.4989149234217525,4.659605796381965,7.544958259325958
2023-08-03,sz001282,29.99,29.88,30.08,29.63,11270,33602230.96,1.49,-0.76,-0.23,4.05,4.051923916046107,-0.015444554869161742,30.362000000000002,30.169999999999998,30.259494245789924,4.1985615602249045,4.148228946090732,4.148307146579267,30.624000000000002,30.428181818181816,30.690340997449493,4.168702986030052,4.179762111756156,4.199760548144196,31.615999999999996,31.018761904761906,31.295030841575468,4.29520238105659,4.220165523432759,4.312497158604883,32.55266666666667,31.690645161290323,31.505857208469635,4.480686591911364,4.319037031119944,4.418218653082082,31.6714,31.858650980392156,31.420467358052328,4.64886621178861,4.481385864308982,4.639681800305379,7.526368112552126
2023-08-04,sz001282,29.87,29.95,30.17,29.8,10583,31732724.58,1.24,0.23,0.07,3.81,4.024608796126558,-0.027315119919548714,30.144,30.032666666666668,30.156329497193283,4.140327023308496,4.090244691391282,4.10707436309503,30.52,30.305636363636363,30.555733543367765,4.155521066410903,4.153563168137339,4.16791477505008,31.478499999999997,30.860095238095237,31.16693266618733,4.273279251822305,4.194394705820375,4.285079219321233,32.41766666666667,31.5227311827957,31.40547932405224,4.4463685715651,4.289612657198344,4.392824468762372,31.63764705882353,31.78524132730015,31.37225531352602,4.63662587030504,4.463817515532735,4.619515472299516,7.501507362338676
2023-08-07,sz001282,29.95,29.55,30.07,29.36,12573,37349091.5,2.37,-1.34,-0.4,4.52,4.099438915553507,0.07483011942694873,29.919999999999998,29.834666666666667,29.954219664795524,4.101286295698623,4.076615322139619,4.104529213914523,30.375,30.129272727272724,30.37287289911908,4.179216041275664,4.143366413435993,4.155464618777975,31.2875,30.676428571428573,31.012939078931392,4.2471705758431035,4.177838483318585,4.267399190390973,32.27633333333333,31.337720430107524,31.285770980565,4.416256795276921,4.267230098745983,4.373896368555349,31.5975,31.700892597968064,31.312509237672703,4.626295351944433,4.450067379684462,4.602463781914401,7.57228004226024
2023-08-08,sz001282,29.61,29.86,29.9,29.38,13887,41232944.4,1.76,1.05,0.31,4.99,4.142608435502473,0.04316951994896634,29.869999999999997,29.814666666666668,29.922813109863686,4.077189706828783,4.090389368740904,4.117222287777173,30.222,30.035636363636364,30.27962328109743,4.175853284849824,4.136710485113596,4.153127130909701,31.083,30.54047619047619,30.903135357128402,4.224084293963083,4.167880184238525,4.255514356592069,32.195,31.181827956989252,31.19378575601242,4.391124916619165,4.24957536585731,4.358974566422906,31.564716981132076,31.632711390635915,31.264885983978516,4.617169183709679,4.438680011381425,4.587386557441879,7.615244348408315
2023-08-09,sz001282,29.68,29.57,29.76,29.0,15905,46681982.05,2.55,-0.97,-0.29,5.72,4.201533673443382,0.05892523794090909,29.762,29.71466666666667,29.805208739909126,4.104022747334406,4.1318373576124365,4.145326082999243,30.133,29.91709090909091,30.15060086635244,4.175405064517827,4.141379646676062,4.161928320461279,30.911,30.396380952380948,30.776170085020937,4.2034588504241235,4.165732506093792,4.250373339149337,32.050666666666665,31.012473118279573,31.089025384656782,4.368537788738718,4.237343672749194,4.348817089456485,31.52777777777778,31.5577037037037,31.209315951716924,4.609472229815859,4.430056508183679,4.57473564321242,7.669149287285577
2023-08-10,sz001282,29.5,30.28,30.35,29.42,23069,69216945.74,3.15,2.4,0.71,8.3,4.363028769038011,0.1614950955946286,29.842000000000002,29.88733333333333,29.963472493272754,4.166243717932787,4.218172698180306,4.2178936450121665,30.101999999999997,29.943818181818184,30.174127981561085,4.182402639078846,4.175493047497913,4.198492038384321,30.8,30.33628571428572,30.72891579120942,4.193955599554164,4.180929641199876,4.261102427710163,31.817,30.898236559139786,31.036830198549893,4.349131172927516,4.236988252123342,4.3497339720101325,31.50509090909091,31.512071428571428,31.178846576250795,4.604991439619898,4.427662660357048,4.567794434223095,7.840212431746187
2023-08-11,sz001282,30.47,29.76,30.47,29.53,14562,43495672.09,3.1,-1.72,-0.52,5.24,4.163221026715578,-0.1998077423224327,29.804000000000002,29.860000000000003,29.8956483288485,4.1939661640505905,4.2171651344412355,4.199669438913304,29.973999999999997,29.88163636363636,30.098831984913613,4.167146593679543,4.172005481613683,4.192079127171822,30.6755,30.237238095238094,30.63663809680852,4.187276812154246,4.1780025390247735,4.251780389520202,31.618999999999996,30.76552688172043,30.954454056707966,4.323009551977207,4.224994049141927,4.337700878765323,31.47392857142857,31.450595238095236,31.13232701637372,4.597102682246607,4.418384006545066,4.554529732337603,7.638446045898557
2023-08-14,sz001282,29.35,29.9,30.06,29.15,13107,38924286.67,3.06,0.47,0.14,4.71,4.117503299429231,-0.045717727286347376,29.874000000000002,29.892,29.897098885899002,4.197579040825735,4.191677512900783,4.172280725751946,29.897000000000002,29.868181818181817,30.062680714929318,4.149432668262179,4.162979428113625,4.178519885764078,30.545499999999997,30.16338095238095,30.566482087588664,4.179888674731338,4.171357442574771,4.238992095225823,31.454666666666665,30.65462365591398,30.88642476272681,4.301439097606509,4.211735581235605,4.323494583324284,31.446315789473687,31.39712643678161,31.09192285190245,4.588688657986652,4.408008809747969,4.54020099683241,7.590220662393108
2023-08-15,sz001282,29.9,30.85,31.44,29.8,47105,144420933.57,5.48,3.18,0.95,16.94,4.6730670081301495,0.5555637087009186,30.072000000000003,30.217333333333332,30.21473259059934,4.30367075535127,4.350173502002254,4.33920948654468,29.970999999999997,30.041454545454545,30.20582967585126,4.190430231090026,4.258185671725984,4.2684375443760905,30.461000000000002,30.192380952380958,30.5934837935326,4.197967046864828,4.218326807660373,4.2803325631214735,31.308333333333334,30.615612903225806,30.884074778034762,4.299268472202849,4.235711575462936,4.34604764298918,31.436034482758622,31.378579777907657,31.08399095511876,4.590143457127057,4.416993833421941,4.54455725949791,8.159630148046771
2023-08-16,sz001282,30.71,30.26,31.35,30.04,35439,108266621.19,4.25,-1.91,-0.59,12.74,4.549481458683151,-0.1235855494469984,30.21,30.279999999999998,30.229821727066227,4.373260312399225,4.4321104031128815,4.40930014392417,29.986,30.094,30.215678825696486,4.238641529866815,4.3234677131065515,4.319536437886465,30.385999999999996,30.17323809523809,30.56172343224378,4.212138947502174,4.25180437069069,4.3059657912702045,31.198666666666664,30.54797849462366,30.843811889129295,4.292779189638741,4.251854348784247,4.359172405292017,31.416101694915252,31.341293785310732,31.05697485822962,4.589454270712754,4.421410087597314,4.544718708651525,8.034494583427035
2023-08-17,sz001282,30.19,30.91,31.15,28.61,53288,159584081.37,8.39,2.15,0.65,19.16,4.726629420648803,0.17714796196565175,30.336000000000002,30.513333333333335,30.45654781804415,4.445980442721383,4.549900105862741,4.515076569499048,30.089,30.261999999999997,30.341919039206214,4.306112080327084,4.412192784157823,4.393553343843253,30.3565,30.223142857142857,30.594892629172946,4.237407533178568,4.30080346337132,4.346028994068166,31.107000000000003,30.529354838709676,30.848082089830633,4.298838947480088,4.279844686268767,4.382879309508584,31.407666666666668,31.327153005464478,31.05215601041881,4.591740523211688,4.431417278844904,4.55068299429078,8.202989567979849
2023-08-18,sz001282,30.8,31.55,32.5,30.73,79786,252523481.31,5.73,2.07,0.64,28.69,4.901926692652069,0.17529727200326573,30.694,30.918,30.8210318786961,4.593721575908681,4.701882189172969,4.644026610550055,30.249000000000002,30.527636363636365,30.5615701229869,4.393843869979635,4.520522713671456,4.485984861808492,30.384500000000003,30.336809523809524,30.685855235918382,4.2746824681952695,4.364091002368796,4.3989716320285375,31.068666666666665,30.55793548387097,30.893367116293174,4.313467457874749,4.318753573054057,4.4163662374533255,31.430999999999997,31.331819672131147,31.068478764175566,4.586647145612772,4.441587317187211,4.562199181122297,8.402301767916924
2023-08-21,sz001282,31.11,31.33,32.14,30.8,54183,170201343.82,4.25,-0.7,-0.22,19.48,4.733863047344918,-0.1680636453071509,30.98,31.13,30.990687919130735,4.7169935254918185,4.748596012985048,4.673972089481676,30.427,30.724181818181815,30.70128464608019,4.457286283158776,4.582344382283325,4.531053622815115,30.401000000000003,30.42685714285714,30.747202356307106,4.31825116221722,4.407822486097335,4.43086605253486,31.00066666666667,30.574795698924728,30.92153697975813,4.317209144948328,4.345875869148905,4.436849902607622,31.3835,31.32850819672131,31.077053230923905,4.578226084264585,4.4464140680636755,4.567827504605006,8.230962984722169
2023-08-22,sz001282,31.3,30.72,31.96,30.0,48680,150601118.81,6.26,-1.95,-0.61,17.51,4.687350569558028,-0.04651247778688994,30.953999999999997,31.043333333333333,30.900458612753823,4.719850237777393,4.738715027673785,4.67843158284046,30.512999999999998,30.777454545454546,30.70468743770197,4.511760496564332,4.624174252537735,4.559471249495644,30.367499999999996,30.457238095238097,30.74461165570643,4.343806890707078,4.442974810605984,4.455293149394209,30.892999999999997,30.556688172043007,30.908534593967282,4.319976361496832,4.369755961059209,4.453011235959261,31.39783333333333,31.306754098360656,31.065346567614924,4.57121893363368,4.449991920040509,4.571746293619859,8.177828198233902
2023-08-23,sz001282,31.0,29.8,31.26,29.48,33407,100413355.17,5.79,-2.99,-0.92,12.01,4.523837477076491,-0.16351309248153711,30.862000000000002,30.658666666666665,30.53363907516922,4.714721441456061,4.673377440773483,4.626900214252471,30.536,30.647818181818185,30.540198812665245,4.5439908769276425,4.6263700671763095,4.552992381783071,30.334500000000002,30.40319047619048,30.654648640877245,4.359697970722735,4.460120580736403,4.461821180602046,30.786,30.486172043010747,30.83701623306617,4.316969525925297,4.382908291096606,4.45758067087005,31.390166666666666,31.25436612021858,31.023859794906237,4.56411184828292,4.448438429661585,4.570175512749584,8.001791478654699
2023-08-24,sz001282,29.5,29.5,29.88,28.63,28332,82987660.88,4.19,-1.01,-0.3,10.19,4.452277233126352,-0.07156024395013905,30.580000000000002,30.204666666666665,30.18909271677948,4.659851003951571,4.585896037996914,4.5686925538770975,30.458000000000006,30.45945454545455,30.351071755817017,4.552915723336477,4.609694859212438,4.534680536572758,30.28,30.323714285714285,30.544682103650842,4.367659181207661,4.468937653346272,4.460912233223408,30.686,30.403204301075267,30.75075712125545,4.313608974148269,4.3916378205934485,4.4572385135962636,31.37183333333333,31.192393442622947,30.973897178679803,4.554383106344378,4.4447717209679265,4.566309995384888,7.919013523579706
2023-08-25,sz001282,29.05,27.85,29.39,27.76,27811,79249791.05,5.53,-5.59,-1.65,10.0,4.44421660506962,-0.008060628056731467,29.839999999999996,29.294666666666668,29.409395144519657,4.568308986435081,4.514017905036264,4.527200570941272,30.267000000000003,29.98527272727273,29.89633143657756,4.581015281171881,4.589931383163919,4.518232549026733,30.120500000000003,30.092285714285712,30.288045712826953,4.374080937425712,4.47622883657122,4.459322173399238,30.539333333333335,30.220236559139785,30.563611500529294,4.318522968493458,4.400064119362568,4.4563983904655124,31.275,31.07692349726776,30.87147432036243,4.5450242014240985,4.441159704532689,4.562306933407338,7.898998125830462
2023-08-28,sz001282,30.59,28.89,30.59,28.76,45877,136143883.38,6.57,3.73,1.04,16.5,4.661595010666806,0.21737840559718613,29.351999999999997,28.978,29.236263429679774,4.55385537909946,4.545113246446838,4.5719987175164505,30.165999999999997,29.734909090909092,29.71336208447255,4.635424452295639,4.604582243072087,4.54429845114311,30.0315,29.97509523809524,30.15489850208153,4.392428560278909,4.503611129260847,4.478586253139007,30.419,30.113827956989248,30.455636565011275,4.3317339339194385,4.422197799502784,4.469636882091402,31.21983333333333,30.998726775956282,30.806507949203006,4.535385288063435,4.444981698278351,4.56556228020273,8.133998134298928
2023-08-29,sz001282,28.9,31.78,31.78,28.9,28612,88807586.4,9.97,10.0,2.89,10.29,4.456548216372393,-0.20504679429441364,29.564,29.787333333333336,30.084175619786517,4.507694908462332,4.512677525537816,4.533515217135098,30.259000000000004,30.028363636363636,30.089114432750264,4.613772573119863,4.572059291086042,4.528343863002979,30.115,30.141619047619052,30.30967007331186,4.402101402104945,4.509717763174514,4.476487392494567,30.393666666666668,30.201634408602146,30.541079367268615,4.33656888894984,4.4302503338545876,4.468792452045014,31.249999999999996,31.017092896174866,30.838425721360284,4.525716944114814,4.442396876255694,4.5619880486017355,7.94845006702778
2023-08-30,sz001282,32.73,32.04,33.46,32.0,81125,264125147.11,4.59,0.82,0.26,29.17,4.909154709808425,0.45260649343603276,30.012,30.612666666666666,30.73611707985768,4.584758355008719,4.646497459319847,4.65872838135954,30.437,30.352181818181815,30.44382089952294,4.64973989823239,4.625765134120326,4.597582198785787,30.2115,30.324952380952375,30.47446339966311,4.444190714049602,4.558008554384369,4.517693803667316,30.403,30.307849462365596,30.63778392421903,4.358005931078912,4.467191354555141,4.497202920287815,31.296833333333336,31.042994535519124,30.877821599348472,4.527866515141578,4.454968606278436,4.573370562083922,8.421809751949791
2023-08-31,sz001282,32.04,31.82,32.4,31.63,38033,121543700.27,2.4,-0.69,-0.22,13.68,4.58016058341998,-0.3289941263884453,30.476,31.215333333333334,31.09741138657179,4.610335025067445,4.644964868790267,4.6325391153796875,30.528000000000002,30.603636363636365,30.69403528142786,4.635093014509509,4.613114349608979,4.59441463235564,30.308500000000002,30.478142857142856,30.60260974255234,4.470602547418297,4.570958065752976,4.523643020786618,30.413666666666664,30.399268817204305,30.714055929108127,4.369969360288881,4.481523912770695,4.502555027586665,31.35533333333333,31.06014754098361,30.9087126944518,4.524716473525538,4.4566831658941215,4.573593185734285,8.08473245385086
2023-09-01,sz001282,31.74,31.88,32.22,31.36,30711,97826460.2,2.7,0.19,0.06,11.04,4.4872939580064415,-0.09286662541353863,31.282,31.683333333333334,31.358274257714527,4.6189504956548095,4.6039511797699335,4.584124062921939,30.561,30.849454545454545,30.909665230259154,4.593629741044945,4.586241793881149,4.574938146110331,30.405,30.627809523809525,30.724265957547356,4.493736805512291,4.572547723904228,4.520181205283744,30.443333333333335,30.493870967741938,30.789278127230183,4.380998225811828,4.489093241655698,4.501570442452457,31.407499999999995,31.077349726775957,30.94055817987961,4.522627094033402,4.455456198172183,4.5707637028579615,7.990456339088124
2023-09-04,sz001282,31.9,32.0,32.37,31.54,26395,84188761.85,2.6,0.38,0.12,9.49,4.421521666336977,-0.06577229166946452,31.903999999999996,31.922666666666665,31.57218283847635,4.570935826788843,4.538141569997322,4.529923264060285,30.628000000000004,31.111090909090912,31.10790791566658,4.562395602944152,4.554949416661518,4.5470442406969935,30.527500000000003,30.779714285714288,30.84576443778094,4.509840943051464,4.565670091601818,4.510785058717385,30.47666666666667,30.594301075268813,30.86738921579598,4.3996326424595305,4.491707657173449,4.496406005283716,31.475166666666667,31.09677595628415,30.975293977260606,4.519422638725961,4.452141266116563,4.565870521332683,7.925254122470299
2023-09-05,sz001282,31.76,31.61,32.35,31.6,20772,66187479.9,2.34,-1.22,-0.39,7.47,4.317478313923019,-0.10404335241395835,31.869999999999997,31.824666666666666,31.584788558984236,4.543121846298969,4.453655732375381,4.459108280681196,30.716999999999995,31.28963636363636,31.199197385545382,4.525408377380651,4.510419000475857,4.505304981283543,30.615000000000002,30.882809523809524,30.9185487770399,4.518584436972491,4.547349841208631,4.492374892546493,30.483999999999998,30.667419354838707,30.915299588970434,4.4043407195982684,4.4864073779130305,4.484862283260446,31.5315,31.101196721311474,30.996104010793044,4.515117860949066,4.445520140713188,4.557726514532366,7.820775845563811
2023-09-06,sz001282,31.85,31.38,31.97,31.1,25337,79734266.36,2.75,-0.73,-0.23,9.11,4.403755191424458,0.08627687750143931,31.738,31.66133333333333,31.516525705989494,4.4420419426221756,4.407200180750544,4.44065725092895,30.875,31.41018181818182,31.232070588173492,4.513400148815448,4.488300239392914,4.486841383127345,30.7055,30.95566666666667,30.96249651255991,4.528695512871545,4.536413722585009,4.483934921011061,30.514666666666667,30.72522580645161,30.945280260649763,4.410932030086972,4.486369601901815,4.479629567658124,31.567833333333333,31.09622950819672,31.008690764537533,4.508172820402189,4.441868905646807,4.552678274430467,7.901645002611284
2023-09-07,sz001282,31.01,29.68,31.32,29.68,27902,84242789.52,5.23,-5.42,-1.7,10.03,4.445635334378726,0.041880142954267896,31.310000000000002,30.97533333333333,30.904350470659665,4.4151368928139245,4.408397978002728,4.4423166120788755,30.892999999999994,31.19290909090909,30.94987593577831,4.512735958940684,4.475979364040782,4.479349374263959,30.6755,30.858000000000004,30.840353987554206,4.532825841138581,4.528503229395217,4.480287341331791,30.484333333333332,30.671376344086024,30.863649276091714,4.416018107118669,4.488608524759348,4.477436391317519,31.582833333333333,31.03433333333333,30.965127132913352,4.504451307328854,4.439818496268989,4.549168669838606,7.925532739149477
2023-09-08,sz001282,29.67,30.08,30.43,29.27,18944,56676262.88,3.91,1.35,0.4,6.81,4.277471685042825,-0.16816364933590044,30.95,30.565333333333335,30.629566980439776,4.373172438221201,4.3625095754123615,4.387368303066859,31.116000000000003,31.045090909090906,30.791716674727706,4.496061466938005,4.433204041513899,4.4426443398601165,30.6915,30.801285714285715,30.767939322072856,4.538538374054943,4.504183785957526,4.4609715645423655,30.452333333333335,30.645290322580642,30.813091258279346,4.414741113929809,4.4796700459157455,4.464535442525603,31.610666666666663,30.98506010928962,30.936106571178488,4.499946667100049,4.432376541439939,4.540260571976449,7.75340120600552
2023-09-11,sz001282,29.95,30.58,30.78,29.67,20592,62326912.96,3.69,1.66,0.5,7.41,4.313698529560312,0.036226844517486256,30.665999999999997,30.442,30.613044653626517,4.351607810865867,4.342684939192066,4.36281171189801,31.285000000000004,30.947636363636363,30.75322273386812,4.461271818827355,4.400047143808863,4.419199647078334,30.7255,30.790666666666663,30.750040339018298,4.548348135561498,4.482770467434228,4.446945561210741,30.449333333333332,30.65352688172043,30.798053112583908,4.415376313128391,4.473151169504811,4.454804028785907,31.646666666666665,30.951267759562846,30.924430945893945,4.496000019093783,4.426270045127161,4.532832308290674,7.794675616902607
2023-09-12,sz001282,30.73,30.71,31.18,30.62,15649,48239589.28,1.83,0.43,0.13,5.63,4.1944865905497055,-0.11921193901060612,30.486,30.456666666666663,30.645363102417683,4.327009466191205,4.290311199086677,4.306703338115241,31.177999999999997,30.843090909090908,30.745364054983007,4.435065656245087,4.351540738667472,4.378342727709493,30.7185,30.789190476190477,30.74622697339751,4.524419114682475,4.449069367909296,4.422901849719214,30.46933333333333,30.670344086021505,30.792372266610755,4.4130894868183255,4.4589002196610235,4.438009355351314,31.6375,30.92055737704918,30.917400423077748,4.480435938854561,4.416384358945389,4.521739006069659,7.683403601491362
2023-09-13,sz001282,30.52,29.9,30.7,29.64,13934,41765397.6,3.45,-2.64,-0.81,5.01,4.1440758061985505,-0.05041078435115498,30.189999999999998,30.26133333333333,30.39690873494512,4.275073589146023,4.229333312422459,4.252494160809678,30.964000000000006,30.610727272727274,30.59166149953155,4.3585577658840995,4.298633493204465,4.33574874198023,30.700499999999998,30.71123809523809,30.665633928312033,4.504148832058244,4.4128461956727305,4.396346988431531,30.462333333333333,30.633612903225806,30.734799862313288,4.4156463979944345,4.441544498330716,4.419045900567265,31.562666666666665,30.863590163934425,30.884043032157166,4.467945149039447,4.405356157874699,4.509356606073885,7.620816620176549
2023-09-14,sz001282,29.87,29.33,29.91,29.12,10754,31701232.28,2.64,-1.91,-0.57,3.87,4.031570032141101,-0.11250577405744977,30.119999999999997,29.974666666666668,30.04127248996342,4.192260528698499,4.148165460087485,4.1788527845868195,30.714999999999996,30.31363636363636,30.36226849961672,4.303698710756211,4.239181177978466,4.280443522009478,30.621499999999997,30.58071428571429,30.53843069704422,4.46939586263286,4.367838690918717,4.3616063259276805,30.444000000000003,30.560559139784946,30.644167613131785,4.414967935197601,4.416765377953081,4.394047457442997,31.49833333333333,30.79038797814208,30.833090801594636,4.447827263554483,4.391048776992785,4.493691472502317,7.50107614429985
2023-09-15,sz001282,29.36,29.07,29.53,28.86,11349,32998413.69,2.28,-0.89,-0.26,4.08,4.0549575960124065,0.023387563871305694,29.918,29.624666666666666,29.717514993308946,4.147757710892415,4.1023978158587875,4.137554388395349,30.433999999999997,30.01454545454546,30.127310590595496,4.260465074556808,4.19395552075232,4.239446080919102,30.497500000000002,30.432952380952372,30.39858015446858,4.427047407800877,4.328368379812007,4.332401684983369,30.41466666666667,30.471913978494626,30.542608412284576,4.415979561860463,4.393538904457262,4.372170692189411,31.416166666666665,30.710770491803274,30.77528454580465,4.4311740667127815,4.3781678042864876,4.479306755240353,7.518493062840359
2023-09-18,sz001282,28.91,30.5,31.88,28.82,32577,99805935.35,10.53,4.92,1.43,11.71,4.512911087847419,0.45795349183501255,29.901999999999997,29.818666666666665,29.978343328872633,4.187600222549837,4.224115608177121,4.2626732882127065,30.284,30.026545454545456,30.195072301396316,4.269604016707852,4.2398547958960675,4.289166991269704,30.455999999999996,30.43319047619047,30.408239187376335,4.415999809826002,4.336545873149773,4.349593056684706,30.446333333333335,30.47741935483871,30.539859482459768,4.429761967603593,4.399792551295131,4.3812507177157345,31.361333333333334,30.68073224043716,30.76625882299138,4.423009381440257,4.380847706618772,4.480408536637306,7.999156369073999
2023-09-19,sz001282,30.4,30.1,30.47,29.63,19681,58880941.23,2.75,-1.31,-0.4,7.08,4.294047161343715,-0.2188639265037038,29.78,29.884666666666664,30.01889555258176,4.207512336708637,4.259597921108415,4.273131245923043,30.133000000000003,29.993090909090906,30.177786428415164,4.267260901449921,4.244299004011679,4.290054294919525,30.425,30.399285714285718,30.378883074292876,4.396334639415286,4.3249313351990795,4.344302971414136,30.454333333333334,30.455075268817204,30.51148145133333,4.434809925131635,4.39103675734288,4.375624681820765,31.324666666666666,30.639377049180325,30.74441427141789,4.4129674208753995,4.37661943710741,4.474298327611287,7.769974743716127
2023-09-20,sz001282,30.16,30.6,31.48,30.14,34289,105836802.53,4.45,1.66,0.5,12.33,4.535154819591039,0.24110765824732372,29.919999999999998,30.158,30.212597035054507,4.285728139387136,4.368812082069215,4.360472437145709,30.055,30.078,30.25455253233968,4.28040086426658,4.293006989128245,4.3346180266779815,30.464999999999996,30.41595238095238,30.399941829122128,4.396900506541014,4.338152304739627,4.362479337907174,30.488666666666667,30.464473118279567,30.51719232544086,4.445930630003223,4.397510621501552,4.385916948773686,31.26966666666667,30.6156174863388,30.739679377273042,4.40723420937097,4.380625581327594,4.476293622430295,8.024636710766055
2023-09-21,sz001282,30.35,33.66,33.66,30.3,57465,187676732.96,10.98,10.0,3.06,20.66,4.759403411038759,0.22424859144772036,30.786,31.404666666666664,31.361731356703007,4.431294815166668,4.526703839286423,4.493449428443393,30.453000000000003,30.733454545454546,30.87372479918701,4.3117776719325835,4.380098361268642,4.4118517329253955,30.672999999999995,30.720238095238095,30.710423559681924,4.412256815436634,4.372676390882271,4.400281630586372,30.601333333333333,30.6690752688172,30.71995411089629,4.459143118069915,4.41773467189094,4.410012849564982,31.209166666666665,30.693989071038253,30.83542759441163,4.404137145498715,4.392172112529817,4.485575910581392,8.273410434723534
2023-09-22,sz001282,37.03,37.03,37.03,37.02,48262,178712874.95,0.03,10.01,3.37,17.35,4.683605315313467,-0.07579809572529239,32.378,33.486,33.25115423780201,4.55702435902688,4.610807339335356,4.556834724066751,31.147999999999996,31.929272727272725,31.99304756297119,4.3523910349596475,4.447703387337894,4.461261475177771,31.131999999999998,31.325666666666667,31.312287982569362,4.424226250948825,4.398519105156255,4.427264838655619,30.843666666666667,31.083827956989246,31.127053845677178,4.476489261023178,4.43221610397117,4.427663976387465,31.231333333333332,30.884836065573772,31.038528329021084,4.3997494065001925,4.401335003343415,4.492068677949657,8.252155841360267
2023-09-25,sz001282,40.73,40.73,40.73,40.73,70069,285391199.92,0.0,9.99,3.7,25.2,4.8455259194404725,0.1619206041270056,34.424,36.269999999999996,35.74410282520134,4.62354732534549,4.706974526139887,4.653065122524659,32.163,33.671454545454544,33.5815843697037,4.405573773947664,4.5373642754253165,4.53112773777099,31.723999999999997,32.2397619047619,32.20921293661037,4.433422796387509,4.43864288310784,4.467099227301795,31.204666666666665,31.7216559139785,31.7465987588593,4.500756681690219,4.456024920643254,4.4546228114231425,31.329666666666665,31.19626775956284,31.356281498561373,4.401097889648365,4.415950626718507,4.503657439965749,8.455440577450293
2023-09-26,sz001282,42.0,44.8,44.8,39.59,115429,492591673.83,12.79,9.99,4.07,41.51,5.062314933236848,0.21678901379637505,37.364,39.72866666666666,38.76273521680089,4.777200879724117,4.853230395437006,4.789481726095389,33.572,35.96909090909091,35.621296302484836,4.492356608216378,4.656771758932441,4.627707227855691,32.375,33.48509523809524,33.40833551407605,4.463711132230732,4.498537372331586,4.523786437390848,31.669666666666668,32.59877419354839,32.58875367764257,4.513731612527109,4.492254485259164,4.493828754765962,31.488999999999997,31.637918032786885,31.797059154346243,4.406500042364979,4.437629874049277,4.521974079089391,8.692487066779888
2023-09-27,sz001282,45.0,40.54,49.28,40.32,234627,1067815680.01,20.0,-9.51,-4.26,84.37,5.37037798764437,0.3080630544075227,39.352,40.78733333333333,39.355156811200594,4.944245513334783,5.05095609807709,4.983113813278383,34.635999999999996,37.236,36.51560606566941,4.61498682636096,4.8164120097375305,4.762738275089996,32.8,34.26271428571429,34.08754165559262,4.486772296122529,4.584886596656694,4.60441420408166,32.01233333333333,33.17105376344086,33.10173731134305,4.54109483015915,4.547521993331247,4.5503803181774725,31.605500000000003,31.93467213114754,32.0837129525644,4.4169370098989456,4.469232429632207,4.549790600681358,9.028496293832081
2023-09-28,sz001282,36.49,36.9,38.58,36.49,182412,678374008.51,5.16,-8.98,-3.64,65.6,5.261053405057958,-0.10932458258641198,40.0,39.97,38.53677120746706,5.044575512138623,5.156558728651482,5.075760343871575,35.393,37.64763636363636,36.585495871911334,4.737935163652645,4.933878660409712,4.853341025993261,33.053999999999995,34.653190476190474,34.355394831250464,4.520816937204428,4.658627654650545,4.666951270841308,32.211999999999996,33.48638709677419,33.34678651706285,4.558908962972788,4.593970933647299,4.596230194750407,31.659499999999998,32.10826229508197,32.24162400329999,4.428873955226439,4.496908377014469,4.5731106926281315,8.831469199836915
2023-10-09,sz001282,36.9,40.59,40.59,36.9,135339,528359226.87,10.0,10.0,3.69,48.67,5.131422963221143,-0.12963044183681482,40.711999999999996,40.166666666666664,39.22118080497805,5.134139041720158,5.185507879012322,5.094314550321432,36.545,38.59254545454545,37.31358753156382,4.845581700373519,5.005421896694893,4.903901378216513,33.4895,35.37090476190477,34.949166752083755,4.5530233874651636,4.7167806095092795,4.711186670115578,32.513333333333335,34.02690322580645,33.81409061273622,4.566558838658424,4.6309073207600955,4.630758760458197,31.791,32.40106557377049,32.51534124909343,4.440013148266586,4.519942770719214,4.591416012975443,8.722929296019343
2023-10-10,sz001282,41.0,39.11,41.6,38.62,159845,635555035.62,7.34,-3.65,-1.48,57.48,5.203699055957276,0.072276092736133,40.388,39.632666666666665,39.18412053665203,5.205773669023519,5.208694550424695,5.130776052200047,37.406,39.05890909090909,37.6402079803704,4.914660497184505,5.070534143164668,4.958410046896652,33.845,35.906190476190474,35.345436585218636,4.592132256946178,4.778749720794242,4.758092611624312,32.772666666666666,34.452494623655916,34.15576218610808,4.582220038945502,4.672013141230988,4.667722650490396,31.886666666666667,32.64103278688524,32.731559568795284,4.449714591946916,4.544981652938582,4.611490866843699,8.803153164065742
2023-10-11,sz001282,38.96,38.18,39.0,37.51,81723,313122744.88,3.81,-2.38,-0.93,29.39,4.912344300930691,-0.29135475502658537,39.064,38.89666666666667,38.84941369110136,5.175779542562287,5.110884761060419,5.057965468443595,38.214,39.199636363636365,37.73835198393942,4.976490211143203,5.070113016573065,4.950034456721022,34.1735,36.319047619047616,35.615395005674,4.621875556296562,4.809246105935624,4.77278324870111,33.02133333333333,34.80135483870968,34.41539043216562,4.589719829991258,4.693311480713905,4.683504692454287,31.95716666666667,32.84737158469945,32.91019695998232,4.454848095744045,4.5601498401183775,4.621354913862945,8.495714615419867
2023-10-12,sz001282,37.62,37.82,38.28,37.21,73497,276926888.5,2.8,-0.94,-0.36,26.43,4.86626961241704,-0.046074688513651374,38.519999999999996,38.482,38.50627579406758,5.074957867516822,5.007714784345336,4.994066849768077,38.936,39.12799999999999,37.75319707776861,5.009601690425802,5.050072907713762,4.934804485029389,34.4955,36.666333333333334,35.825357386086004,4.645001277346191,4.832521730328051,4.78168671191215,33.288666666666664,35.11094623655914,34.63504266234848,4.60113423450261,4.711153402160729,4.695295977613174,32.037333333333336,33.0395956284153,33.07117410883536,4.459051880213953,4.573639070173228,4.6293849039794726,8.442365126060626
2023-10-13,sz001282,37.52,36.52,38.16,36.51,91297,338482866.0,4.36,-3.44,-1.3,32.83,4.960456506944467,0.0941868945274269,38.444,37.815333333333335,37.84418386271172,5.0148384878941235,4.96954766415455,4.982863402160207,39.221999999999994,38.68872727272728,37.52897942726523,5.029707000016373,5.041137419808066,4.939468489013948,34.8375,36.85914285714286,35.89151382550638,4.670742335974478,4.862565085527887,4.798712406677132,33.522666666666666,35.31941935483871,34.75665281316471,4.6180735436298805,4.734335484253753,4.712403108537774,32.10433333333334,33.186568306010926,33.184250367562065,4.465841258889075,4.590078566131607,4.640239710634062,8.52953668959432
2023-10-16,sz001282,36.0,36.21,37.07,35.68,68433,249254199.11,3.81,-0.85,-0.31,24.61,4.835265579231837,-0.1251909277126293,37.568,37.07066666666666,37.299455908474485,4.955607011096262,4.909690027933789,4.933664127850751,39.14,38.14109090909091,37.289164985944275,5.04487302640821,5.005784434210876,4.920522505417201,35.144,36.98985714285714,35.92184584212482,4.698632030683929,4.878233965838111,4.802193661206152,33.80133333333333,35.49279569892474,34.85041714779925,4.631108509435288,4.748347873647427,4.7203297195502945,32.17033333333333,33.32118032786885,33.28345527354364,4.474815738964372,4.60219083892973,4.64663400140776,8.396642483472924
2023-10-17,sz001282,35.81,34.64,36.2,34.12,72742,253151138.43,5.74,-4.34,-1.57,26.16,4.861785237563112,0.026519658331274343,36.674,36.09466666666667,36.41297060564966,4.8872242474174294,4.8784161034227385,4.909704497754872,38.531,37.32290909090909,36.8074986248635,5.046498958220474,4.97249574532995,4.909843002171002,35.347,36.94185714285714,35.79976528573198,4.7260363660840685,4.8937723664932715,4.807869049430624,33.993,35.546903225806446,34.83684184794124,4.637781516998498,4.763230243204061,4.729455882002735,32.205999999999996,33.402153005464484,33.327932149820896,4.484757725458969,4.614878363473951,4.653688140298099,8.403379884765544
2023-10-18,sz001282,34.46,35.3,35.87,33.51,82295,287604905.11,6.81,1.91,0.66,29.59,4.915373449569812,0.05358821200670061,36.098,35.63666666666666,36.041980403766445,4.887830077145254,4.887799170806867,4.9115941483598515,37.581,36.735454545454544,36.53340796579741,5.031804809853771,4.9486547437571025,4.9108485380616935,35.576499999999996,36.93738095238095,35.752168591852744,4.762080709035073,4.91180446968239,4.818107563729595,34.11033333333333,35.6312258064516,34.8667230190418,4.653075691438412,4.781139400144146,4.741450563781256,32.252,33.503595628415304,33.392590112121844,4.494822290194126,4.628996911805455,4.662267986503729,8.458796288678997
2023-10-19,sz001282,34.7,35.7,36.42,34.15,79784,281743006.09,6.43,1.13,0.4,28.69,4.901915806032229,-0.013457643537583053,35.674,35.504,35.9279869358443,4.894959315868292,4.8924944137691915,4.908368034250644,37.097,36.393454545454546,36.38187924474333,4.984958591692556,4.925038561244095,4.9092244049654274,35.8665,36.94914285714285,35.74720015453343,4.7999727090267585,4.925122097967834,4.826089301091751,34.23233333333334,35.733784946236554,34.920482824264916,4.652834394645871,4.797193601085682,4.751803160055513,32.31766666666667,33.61664480874317,33.46824289533096,4.505420162862392,4.642344240193588,4.670125292062041,8.449853144046557
2023-10-20,sz001282,34.93,34.61,36.49,34.6,65134,230653402.26,5.29,-3.05,-1.09,23.42,4.813807749824395,-0.08810805620783402,35.292,35.14933333333333,35.488657957229535,4.865629564444277,4.86544389175456,4.876847939441895,36.868,35.941272727272725,36.059719382062724,4.9402340261692,4.893920226358975,4.891875922212512,36.1305,36.829476190476186,35.6388953779112,4.839084594910923,4.926439720900942,4.82491962954248,34.32533333333333,35.7581505376344,34.90045167431234,4.660622633526019,4.807578978839135,4.755803456169634,32.3695,33.69180327868853,33.50567755450044,4.51529599690745,4.652455308618572,4.674836192316544,8.362959865065449
2023-10-23,sz001282,34.3,36.19,37.0,34.3,93746,335622941.37,7.8,4.57,1.58,33.71,4.971952746106546,0.15814499628215106,35.288,35.44866666666667,35.72243863815302,4.89296699781922,4.900884952308648,4.9085495416634455,36.428000000000004,35.818,36.08340676714223,4.9242870044577405,4.899687266347583,4.9064353447387,36.48649999999999,36.835142857142856,35.691381532395845,4.8849343524156295,4.93909383053862,4.838922783500962,34.469,35.87845161290323,34.98364834048574,4.676777926462689,4.827664792554009,4.769748571649435,32.45616666666667,33.81706557377049,33.59368812648403,4.528888076137259,4.66742766105133,4.684577718670314,8.525851639194421
2023-10-24,sz001282,36.74,38.3,38.3,36.25,116044,435073983.28,5.66,5.83,2.11,41.73,5.064622690382154,0.09266994427560782,36.019999999999996,36.452666666666666,36.58162575876868,4.933534488383027,4.958103516496294,4.960573924569681,36.346999999999994,36.15836363636364,36.48642371857091,4.910379367900228,4.925202845606567,4.935196680310236,36.87650000000001,37.007857142857134,35.93982138645338,4.9125199325423665,4.9562070055830505,4.8604180127277425,34.678999999999995,36.1256129032258,35.19760651206731,4.698214627264195,4.852687035387522,4.7887727083418685,32.57783333333334,34.00866666666667,33.747993433812425,4.548923634861863,4.684992730370833,4.697038209546112,8.638563113962093
2023-10-25,sz001282,37.4,38.09,38.15,36.4,89826,335563752.35,4.57,-0.55,-0.21,32.3,4.953402060745203,-0.1112206296369509,36.578,37.14266666666666,37.08441717251246,4.941140210618106,4.96472604061702,4.958183303294856,36.338,36.47527272727273,36.777983042467106,4.914485143881679,4.933025153396563,4.93850674948023,37.275999999999996,37.12342857142857,36.144600302029254,4.945487677512441,4.96010054160237,4.869273636348454,34.894999999999996,36.34567741935484,35.384212543546845,4.7194120854916015,4.869150740773394,4.799393956884019,32.689499999999995,34.18939344262295,33.890354304834965,4.561876402544935,4.698254318104715,4.705443581716573,8.525775042131093
2023-10-26,sz001282,37.26,38.83,39.78,36.7,102898,391695433.11,8.09,1.94,0.74,37.0,5.012406933582598,0.059004872837395084,37.20399999999999,37.89333333333333,37.66627811500831,4.963238436128179,4.988481614938517,4.976257846724104,36.439,36.92836363636364,37.15107703474581,4.9290988759982355,4.950829115160365,4.951943146589751,37.6875,37.271428571428565,36.40035265421694,4.969350283212019,4.966473804085241,4.882905378942182,35.14333333333333,36.599548387096775,35.60652141170512,4.739700476896873,4.88805363419862,4.813136729574251,32.829,34.39072131147541,34.05230990139775,4.5753162534919225,4.713025810925621,4.715507953908903,8.59294850801279
2023-10-27,sz001282,38.87,39.02,42.6,38.41,131933,527817676.02,10.79,0.49,0.19,47.44,5.1203534378919215,0.10794650430932329,38.086,38.498666666666665,38.11751874333888,5.0245475737416845,5.040853282193098,5.02428971044671,36.689,37.39763636363636,37.49088121024657,4.945088569092981,4.985602671868309,4.982563199553781,37.9555,37.39833333333333,36.64984287762485,4.987397784554677,4.980855056911898,4.905519479794537,35.45466666666666,36.849655913978495,35.8267458367564,4.762191080347312,4.912611889746685,4.832957162368939,32.969500000000004,34.593704918032785,34.21518498659782,4.5891045937329915,4.730895882545295,4.728781576334575,8.722483930161042
2023-10-30,sz001282,38.52,36.33,38.53,35.22,88682,321772632.55,8.48,-6.89,-2.69,31.89,4.947835478975257,-0.17251795891666433,38.114,37.913333333333334,37.52167916222592,5.019724120315426,5.015282583937622,4.998804966622893,36.701,37.33236363636363,37.279811899292646,4.956345559067323,4.986102110028723,4.976249068539504,37.9205,37.24352380952381,36.61938165118439,5.000609292737767,4.977087218285287,4.909549574954607,35.663,36.906129032258065,35.859213847288245,4.78453654014506,4.924588947722683,4.840368666666121,33.05766666666667,34.70388524590164,34.284523183758544,4.5996388270374355,4.742657550913892,4.7359636715031215,8.507549103659999
2023-10-31,sz001282,36.01,34.93,36.3,34.41,67426,238034485.62,5.2,-3.85,-1.4,24.25,4.828827396226321,-0.1190080827489366,37.44,36.852,36.65778610815062,4.972565061484261,4.9516503425745855,4.942145776490703,36.730000000000004,37.010363636363635,36.85257337214853,4.953049774933644,4.962916989512177,4.949445128118925,37.6305,36.95871428571429,36.4584881605954,4.999774366577059,4.9607270376651496,4.901861748409056,35.808,36.85883870967742,35.79926456681803,4.80170750236726,4.927446422308571,4.839624068573231,33.12866666666667,34.765273224043725,34.30568635806154,4.608541907747825,4.750171930231561,4.739008383789128,8.376639880709943
2023-11-01,sz001282,34.9,35.6,36.23,34.51,58764,208679878.88,4.92,1.92,0.67,21.13,4.769111350065843,-0.05971604616047799,36.94199999999999,36.23866666666667,36.30519073876708,4.935706919348388,4.883832438768447,4.8844676343490825,36.76,36.80490909090909,36.62483275903061,4.938423564983247,4.929473639536213,4.91665716847291,37.1705,36.76533333333333,36.37672738339584,4.9851141874185085,4.938759131330747,4.8892188533287495,35.971000000000004,36.84541935483872,35.78640878831364,4.820861661017799,4.925343444740738,4.835074860927594,33.220166666666664,34.84630054644809,34.34812287091198,4.616975573918061,4.755436502110841,4.739995366290003,8.319480575981318
2023-11-02,sz001282,35.99,35.78,36.61,35.45,66277,238619313.02,3.26,0.51,0.18,23.83,4.821362842038601,0.05225149197275858,36.33200000000001,35.85133333333333,36.13012715917806,4.897498101039589,4.845717746331852,4.863432703578923,36.768,36.62672727272727,36.471226802843226,4.9303682685838846,4.908189871728095,4.899330927303036,36.9325,36.63290476190476,36.31989620402481,4.95766343013822,4.92316376510409,4.882756376063021,36.167,36.83309677419355,35.785995318099864,4.843437895545801,4.925375779000144,4.834190214547659,33.31466666666667,34.930229508196724,34.39506966202962,4.629542146770118,4.762137724016433,4.742663152380121,8.377705591046714
2023-11-03,sz001282,36.37,36.2,36.97,35.8,60938,221572867.41,3.27,1.17,0.42,21.91,4.784888196469896,-0.03647464556870528,35.768,35.80733333333333,36.15341810611871,4.830405052755184,4.808181111475288,4.837251201209247,36.927,36.52345454545455,36.42191283868991,4.927476313248434,4.881738949525553,4.878523158060647,36.8975,36.56314285714286,36.30847751792721,4.933855169708818,4.9067089809452025,4.873435597054152,36.396,36.83522580645162,35.812705297577295,4.868548501023427,4.9215983790597635,4.831009439187804,33.42,35.024830601092894,34.4542477058975,4.641758218110513,4.767231037121343,4.744047580055195,8.345516578007834
2023-11-06,sz001282,35.84,36.97,36.97,35.84,66577,243021980.86,3.12,2.13,0.77,23.94,4.823324221688782,0.03843602521888645,35.896,36.208,36.42561207074581,4.805502801297889,4.8058208344531534,4.832608874702426,37.004999999999995,36.53127272727273,36.5215650498372,4.912613460806658,4.8628022056056155,4.868486987811217,36.7165,36.57004761904762,36.371479659076996,4.918450232632199,4.896182223990912,4.868663085114593,36.65933333333333,36.872258064516124,35.887369471927144,4.894160721879306,4.918680683618818,4.830513618703996,33.537,35.141224043715845,34.53673138767135,4.655070141869884,4.773184020845219,4.746646814207116,8.38564555645624
2023-11-07,sz001282,36.66,37.54,37.8,36.3,70331,262469382.88,4.06,1.54,0.57,25.29,4.8471467924652245,0.02382257077644212,36.418,36.75599999999999,36.79707471383054,4.80916668054567,4.8197021648422655,4.837454847290026,36.929,36.62854545454546,36.70673504077589,4.890865871014965,4.850899174998082,4.864606952293763,36.638,36.648476190476195,36.48276731059347,4.900622619457597,4.889391420165486,4.8666139143860825,36.894000000000005,36.92907526881721,35.99399079631894,4.9053019120332335,4.9156475268824265,4.831586726688593,33.67016666666667,35.27246994535519,34.63519921102639,4.667531939818414,4.779481615946707,4.74994189546148,8.419078650135203
2023-11-08,sz001282,37.3,37.02,37.46,36.37,56044,206428464.69,2.9,-1.39,-0.52,20.15,4.748529124399832,-0.0986176680653923,36.702000000000005,36.95666666666667,36.8713831425537,4.805050235412468,4.799489646126987,4.807812939659962,36.822,36.64509090909091,36.76369230608936,4.870378577380428,4.825019766522604,4.843501892676684,36.58,36.68485714285714,36.53393232863218,4.892431860631054,4.87490632539808,4.855367743911201,37.12466666666667,36.93720430107527,36.060184938491915,4.920451310801769,4.905533153486723,4.826228171702222,33.7895,35.382300546448086,34.7133894008288,4.677630617966702,4.782137261342818,4.749895575098803,8.314769582516448
2023-11-09,sz001282,36.63,36.12,37.05,35.85,43361,157789718.76,3.24,-2.43,-0.9,15.59,4.637099289431483,-0.1114298349683489,36.77,36.76266666666667,36.620922095035795,4.768197524891044,4.7435059974666585,4.7509083895838025,36.551,36.51745454545455,36.646657341345836,4.8328478129653165,4.782605350531886,4.805974146632102,36.495,36.64104761904762,36.49451020209578,4.8809733444817756,4.850588937664788,4.83458027205599,37.30866666666667,36.872387096774204,36.064043974718246,4.923849459796452,4.887252377914447,4.814026308329916,33.89866666666667,35.45871038251366,34.75950778112949,4.684890044899836,4.78080836532527,4.746197336224464,8.198078702097332
2023-11-10,sz001282,35.98,35.64,36.3,35.21,29955,106516920.59,3.02,-1.33,-0.48,10.77,4.476469323926384,-0.16062996550509911,36.658,36.385999999999996,36.2939480633572,4.706513750382341,4.646263263811772,4.65942870103133,36.21300000000001,36.35181818181818,36.463628733828415,4.768459401568762,4.7178092616157175,4.746064178867425,36.451,36.559619047619044,36.41312827808666,4.856773985330872,4.812064745230941,4.800474467472219,37.37466666666667,36.76473118279569,36.03668629892997,4.914418323559373,4.858389143342185,4.792248438368398,33.988,35.51580327868853,34.78837637846951,4.686780720814643,4.773974899063845,4.737353794837642,8.027418602471165
2023-11-13,sz001282,35.68,37.83,38.3,35.46,88134,331185668.54,7.97,6.14,2.19,31.69,4.945143481213754,0.46867415728736983,36.83,36.776666666666664,36.80596537557147,4.730877602287336,4.725806507422243,4.754666961092139,36.363,36.64581818181818,36.71205987313233,4.768190201792612,4.749933639732988,4.7822604156576665,36.532,36.69095238095238,36.5480684420784,4.862267880429967,4.820480887695978,4.814252468780936,37.40133333333333,36.794107526881724,36.15238395706352,4.923136262422715,4.860371411577951,4.802112634681002,34.122499999999995,35.64177049180328,34.88810174310985,4.699812761722947,4.782445809240866,4.744166571440137,8.520071535212296
2023-11-14,sz001282,37.6,38.4,38.4,37.15,93158,353326733.52,3.3,1.51,0.57,33.5,4.969220156136928,0.024076674923174224,37.001999999999995,37.3,37.33731025038098,4.755292275021676,4.805254025372107,4.826184692773735,36.709999999999994,37.01618181818182,37.01895807801736,4.782229477783672,4.7864845405228635,4.816253095744805,36.72,36.86885714285714,36.72444287616617,4.867639626358658,4.830666818715688,4.829011296148173,37.32366666666667,36.858537634408606,36.29739144370458,4.92725940364593,4.863344566011126,4.812893765097514,34.26416666666667,35.782016393442625,35.003245948253785,4.714008042668075,4.7912788385659155,4.751545377495769,8.548176498405631
2023-11-15,sz001282,38.39,38.99,39.86,37.5,92336,355798311.75,6.15,1.54,0.59,33.2,4.965371056964588,-0.003849099172340331,37.396,37.96266666666667,37.88820683358732,4.798660661534628,4.875280286019745,4.87258014750402,37.049,37.430727272727275,37.377329336559654,4.801855448473548,4.8197830094648495,4.84336545233022,36.9045,37.085047619047614,36.9402102212932,4.870139506728397,4.839974574011491,4.8419979400354505,37.13,36.966043010752685,36.4711081247559,4.924027941103521,4.865803382354264,4.8227310097341,34.39983333333334,35.93696174863388,35.13395919585202,4.7188797768153155,4.799520248870718,4.758556055511139,8.551203883041333
2023-11-16,sz001282,39.0,40.0,41.4,38.39,108862,432964251.58,7.72,2.59,1.01,39.15,5.036876308862048,0.07150525189746038,38.172,38.830666666666666,38.592137889058215,4.878616065420741,4.954685501795551,4.927345534623363,37.471,37.96727272727272,37.85417854809426,4.823406795155892,4.86251407499003,4.878549244426916,37.1195,37.37985714285714,37.23161877164623,4.8768875318698885,4.855854269452791,4.860557784685603,37.112,37.151204301075275,36.69877856832004,4.912911218477444,4.873083922209653,4.83654683548429,34.56216666666667,36.1205737704918,35.29350151729949,4.727003024318297,4.809946364675529,4.767681309719365,8.636452039580933
2023-11-17,sz001282,39.0,39.12,40.76,38.88,79960,317726612.02,4.7,-2.2,-0.88,28.75,4.902872785446079,-0.1340035234159691,38.868,39.14666666666667,38.76809192603881,4.9638967577246795,4.96277107513733,4.919187951564268,37.763,38.26709090909091,38.08432790298621,4.835205254053511,4.876962436860974,4.8829717064304,37.345,37.57038095238095,37.41146460291802,4.881340783650972,4.858329055507667,4.864587784758029,37.186,37.28075268817204,36.854986402621975,4.900971864490382,4.87243628136892,4.8408259290302125,34.699,36.270010928961746,35.418960483945405,4.729940413731585,4.81571258635185,4.772113817120241,8.50205359181617
2023-11-20,sz001282,38.91,40.44,40.87,38.45,88167,348900988.38,6.19,3.37,1.32,31.7,4.9453060635935495,0.04243327814747033,39.39,39.67066666666666,39.32539461735921,4.963929274200639,4.9565741770936205,4.927893988907362,38.11,38.75381818181818,38.51263192062508,4.847403438243987,4.8969807658682525,4.894305225914609,37.557500000000005,37.86514285714286,37.69989654549725,4.880008449525322,4.86442098693077,4.872275239885222,37.181000000000004,37.49068817204301,37.08627760245282,4.894767967836128,4.875296552278802,4.847566582873009,34.84716666666667,36.45824043715847,35.58358473037342,4.730663403247276,4.822773755199783,4.777792251430841,8.542702199735793
2023-11-21,sz001282,41.05,39.2,41.05,38.8,79079,315021776.88,5.56,-3.07,-1.24,28.44,4.89806116876976,-0.04724489482378935,39.55,39.60733333333334,39.28359641157281,4.949697476727205,4.934618141949995,4.917949715528161,38.275999999999996,38.952000000000005,38.637607935056884,4.85249487587444,4.906191262327485,4.894988124615545,37.6025,38.02157142857143,37.84276354116418,4.871680373444702,4.866140293525477,4.874731042636131,37.184000000000005,37.620946236559135,37.22264678939135,4.884580038263212,4.8755090168551645,4.850824298092155,34.97833333333333,36.60095628415301,35.70215572282019,4.7334000386043575,4.828262206528389,4.781735494622281,8.49834057681156
2023-11-22,sz001282,38.7,43.12,43.12,38.43,121448,496653995.16,11.96,10.0,3.92,43.67,5.084390367258764,0.18632919848900364,40.376,40.797333333333334,40.562397607715205,4.973501338786041,4.979515772127181,4.973429932771696,38.886,39.83272727272727,39.452588310501085,4.886081000160334,4.948354078942816,4.929424896005221,37.854,38.54704761904762,38.34535748962474,4.878229788770381,4.8863983881744355,4.894698597362096,37.34866666666667,38.00391397849462,37.603121190075775,4.890314907140814,4.8884000058226205,4.865893076748065,35.184999999999995,36.86789617486339,35.945363731908046,4.740017368566037,4.839770086156403,4.791658605200526,8.696053933352426
2023-11-23,sz001282,42.19,40.53,42.19,39.86,126619,515629515.76,5.4,-6.01,-2.59,45.53,5.102498879267612,0.018108512008848443,40.482,40.84866666666667,40.55159840514347,4.986625852867154,5.022514952287706,5.016452914937002,39.327000000000005,40.13163636363637,39.64848134495543,4.9326209591439465,4.987702784235049,4.960892892962019,37.939,38.801904761904765,38.55341868108905,4.882734386054631,4.9077573491741715,4.914489100400717,37.439,38.209161290322584,37.79195208103863,4.898189216035832,4.90208929434693,4.881157967233197,35.36383333333333,37.04314207650273,36.095679675124174,4.749661725269221,4.851654725851535,4.801850089596168,8.712337769357879
2023-11-24,sz001282,39.83,37.54,40.29,37.5,91045,352496583.66,6.88,-7.38,-2.99,32.08,4.959256100245878,-0.1432427790217341,40.166,39.868,39.54773227009565,4.997902515827112,5.013391701413947,4.9973873100399615,39.516999999999996,39.80672727272727,39.26512110041808,4.980899636775897,4.992545537162672,4.960595294286358,37.865,38.763904761904755,38.456902616223424,4.87467951917233,4.9150451314781005,4.918752624195494,37.47299999999999,38.21567741935484,37.7756971080684,4.898149202479213,4.906029093328223,4.886196556459821,35.49783333333333,37.11449180327868,36.1430344398742,4.758111373054547,4.858526672572083,4.807010942404355,8.547154912235786
2023-11-27,sz001282,37.9,39.19,39.9,37.81,83119,323707127.72,5.57,4.4,1.65,29.29,4.91970030960814,-0.0395557906377384,39.916,39.54266666666667,39.428488180063766,4.992781365030031,4.987324299340956,4.9714916432293546,39.653,39.74727272727274,39.25146271852388,4.978355319615335,4.981418386768534,4.953159842526681,38.007999999999996,38.89009523809524,38.526721414678335,4.873272760703974,4.919332825805319,4.918842879949079,37.57233333333333,38.326451612903234,37.86694245593496,4.900963693491757,4.907419487336541,4.888358088921003,35.68683333333333,37.235546448087426,36.242934950042255,4.766036101463522,4.863824670491872,4.810705675755298,8.510152262255165
2023-11-28,sz001282,38.5,40.56,40.56,38.3,93781,372670084.78,5.77,3.5,1.37,33.04,4.972114859370696,0.052414549762556106,40.188,39.757333333333335,39.80565878670918,5.007592103150218,4.980435464121177,4.971699381943136,39.869,39.91218181818182,39.489378587883174,4.978644789938712,4.9802837576331465,4.956606209225592,38.289500000000004,39.133142857142865,38.72036699423278,4.880437133861192,4.928746359011675,4.923916401798756,37.769666666666666,38.51920430107526,38.04068810393916,4.90464134755201,4.912009885135183,4.893761751530661,35.88133333333334,37.39532240437158,36.38447806643431,4.771211432275254,4.870581351078992,4.815997780136131,8.571324532178554
2023-11-29,sz001282,40.75,40.31,41.41,39.8,81887,332599331.13,3.97,-0.62,-0.25,28.85,4.91321496065671,-0.058899898713986154,39.626,39.798,39.97377252447279,4.973357021829807,4.948976416623341,4.952204574847661,40.001,39.992363636363635,39.63858248099532,4.973429180307924,4.968387425036419,4.948716891303977,38.525,39.32557142857143,38.871760613829665,4.887642314390735,4.931868056801724,4.922897216928085,37.936666666666675,38.683096774193544,38.18709532303986,4.904569397921573,4.912563021464519,4.8950167972807295,36.0235,37.54052459016393,36.5131837036004,4.778822544679993,4.875237204468549,4.819185228677789,8.521921371501534
2023-11-30,sz001282,40.79,39.21,40.79,38.4,54930,216057557.57,5.93,-2.73,-1.1,19.36,4.739809599021359,-0.1734053616353508,39.362,39.65933333333334,39.71918168298187,4.900819165780556,4.871127275687192,4.881406249572227,39.922000000000004,39.848545454545444,39.56065839354162,4.943722509323854,4.925911137529771,4.910733747252592,38.6965,39.39080952380952,38.90397388870303,4.8835646522398735,4.91778875057607,4.905460300936968,38.053666666666665,38.765247311827956,38.25308917316633,4.899165857687877,4.901933357019343,4.885003429651094,36.143,37.645,36.60160391003973,4.776000126166874,4.873958091496133,4.816582749016922,8.334569462285954
2023-12-01,sz001282,38.81,38.02,39.05,37.1,52092,196800653.05,4.97,-3.03,-1.19,18.36,4.716771031886324,-0.023038567135034604,39.458,39.212,39.152787788654585,4.852322152108646,4.809777897722447,4.826527843676926,39.812,39.50272727272726,39.28053868562496,4.9251123339678795,4.884647232541128,4.875467799004179,38.7875,39.32638095238095,38.819785899302744,4.880158794010695,4.901903643875731,4.887489894360717,38.16733333333333,38.763075268817204,38.23805116199431,4.895931300423274,4.890165948903114,4.874149726569495,36.24633333333334,37.70654098360656,36.64810869987449,4.778276966974647,4.8720161539787386,4.813310233701164,8.2940265352312
2023-12-04,sz001282,37.92,38.06,38.21,37.35,33740,127810120.04,2.26,0.11,0.04,11.89,4.5281450782531065,-0.18862595363321777,39.232000000000006,38.746,38.788525192436396,4.774011105837639,4.7017188731039345,4.727066921868987,39.574,39.18418181818182,39.05862256096588,4.8833962354338345,4.812471367865715,4.812318213413075,38.842,39.25709523809524,38.747425337464385,4.865399836838911,4.868378528089294,4.853266578540945,38.22966666666667,38.75615053763441,38.22656399025274,4.881137711494827,4.866437805537296,4.851826846032955,36.349333333333334,37.76600546448088,36.69440021791139,4.778957818978758,4.863815108446885,4.803960556473358,8.106565242738832
2023-12-05,sz001282,38.07,36.48,38.07,36.48,34896,129278084.69,4.18,-4.15,-1.58,12.3,4.542775648234625,0.014630569981518349,38.416000000000004,37.82866666666667,38.0190167949576,4.688143263610425,4.624640387236264,4.6656364973242,39.30200000000001,38.62163636363636,38.589782095335714,4.847867683380322,4.750540352011314,4.76331047428972,38.789,39.03214285714286,38.53148006722968,4.850181279627381,4.837652414888885,4.823696013749866,38.169000000000004,38.6432688172043,38.1138824424945,4.863742810089908,4.844607995004381,4.831888059078223,36.424,37.77028961748634,36.68737070257003,4.780978718677052,4.85607143071757,4.7953971168589735,8.11152490922007
2023-12-06,sz001282,36.31,36.19,37.45,36.02,31192,114608833.36,3.92,-0.79,-0.29,10.99,4.494043222179929,-0.04873242605469574,37.592,37.086666666666666,37.40934452997173,4.604308915915069,4.559940373426098,4.608438738942777,38.609,38.05581818181818,38.15345807800195,4.7888329688724385,4.68620863179306,4.71435279208794,38.7475,38.78461904761905,38.308481965588754,4.837456984516386,4.803734504655796,4.792300509790824,38.105666666666664,38.51559139784946,37.989760994591634,4.8484308488044,4.820756408687608,4.810091617988011,36.50033333333333,37.7626174863388,36.67106346642019,4.783921467148001,4.846663709520944,4.785516661295726,8.059218091729646
2023-12-07,sz001282,36.01,34.92,36.18,34.89,43044,152445310.63,3.56,-3.51,-1.27,15.17,4.633912622723591,0.13986940054366226,36.734,36.196000000000005,36.57956301998116,4.583129520655516,4.569808275695606,4.616930033536382,38.047999999999995,37.38509090909091,37.56555660927432,4.741974343218036,4.658041296129634,4.699727306748967,38.6875,38.420095238095236,37.985769397437444,4.837297651180991,4.784349327342196,4.777215949117754,37.97533333333333,38.31006451612903,37.79171189816637,4.835814371775766,4.8069165231340065,4.798725231196759,36.559333333333335,37.71080327868853,36.61365154948838,4.787757424336319,4.841745386752929,4.780546037080246,8.18311406957488
2023-12-08,sz001282,34.6,34.64,35.25,34.35,27640,95805614.08,2.58,-0.8,-0.28,9.74,4.441538038702161,-0.19237458402143037,36.058,35.498000000000005,35.93304201332077,4.528082922018682,4.522611115044488,4.558466035258308,37.758,36.765454545454546,37.033637225769894,4.690202537063664,4.603416513490384,4.652783803467729,38.6375,38.034619047619046,37.66712469291959,4.83555108691978,4.746657935677545,4.745246624316269,37.82933333333334,38.0948817204301,37.588375646671764,4.813187191802774,4.781479340355065,4.775680896197107,36.642,37.64787431693989,36.54894166261991,4.787689136075043,4.830393931486236,4.76943102073998,7.981390958896154
2023-12-11,sz001282,34.43,35.56,35.58,34.35,33994,119839581.03,3.55,2.66,0.92,11.98,4.531402270076399,0.08986423137423838,35.558,35.332,35.80869467554719,4.528734360383341,4.523717564397059,4.549444780197673,37.395,36.36581818181819,36.76570318472082,4.65137273311049,4.574543737674517,4.630714433760215,38.524,37.741523809523805,37.46644615073677,4.814864026362912,4.717691381692461,4.724880495341043,37.80366666666667,37.94847311827957,37.4575127017252,4.799306084839478,4.763299667985621,4.759920984834481,36.733333333333334,37.612398907103824,36.5165173458127,4.791921312492269,4.8219910834207065,4.761626799406748,8.078600282025308
2023-12-12,sz001282,35.3,35.8,36.05,35.15,26164,93364866.19,2.53,0.67,0.24,9.22,4.417704140459928,-0.11369812961647163,35.422000000000004,35.412666666666674,35.805796450364795,4.503720058828401,4.486707491089256,4.505531233618425,36.919,36.07581818181818,36.590120787498854,4.595931661219413,4.532058539010778,4.591985289523798,38.394,37.48209523809524,37.30773699352375,4.787288225579062,4.6798666306540815,4.695625604399984,37.83266666666667,37.81920430107527,37.35057639838809,4.785601976313933,4.7386801877030695,4.7378424787458,36.82033333333334,37.581797814207654,36.49302497381884,4.793654739340597,4.809721667944236,4.750350646654393,7.970183479116894
2023-12-13,sz001282,35.7,35.63,36.29,35.35,26912,96305436.89,2.63,-0.47,-0.17,9.48,4.429945974117818,0.012241833657890666,35.31,35.482,35.74719763357653,4.49090060921598,4.462116129519061,4.480336147118223,36.451,35.841454545454546,36.41555337158997,4.547604762565524,4.5018793231741245,4.562523595813619,38.226,37.218857142857146,37.14795251795005,4.760516971436724,4.64583403527682,4.670322782468349,37.833666666666666,37.67709677419355,37.239571469459825,4.774296463782332,4.715734639174287,4.71797818812464,36.90233333333334,37.54277049180328,36.464729073037894,4.7975790624000645,4.797796790395949,4.7398455754236855,7.983650805760814
2023-12-14,sz001282,35.78,34.95,35.78,34.74,23493,82724546.94,2.92,-1.91,-0.68,8.28,4.370938478687125,-0.05900749543069317,35.315999999999995,35.362,35.48146508905103,4.438305780408686,4.42212875267611,4.443870257641191,36.025,35.56854545454546,36.14908912220997,4.510717650532101,4.46975818065078,4.527689938154256,37.9735,36.90685714285714,36.93862370671672,4.727220079927978,4.608731321681621,4.6418099916320426,37.806,37.49105376344086,37.091857181107585,4.7592823183372825,4.689711543361693,4.6955885294512525,36.9865,37.47875956284153,36.41506582474157,4.801360106941542,4.783808574536508,4.7277502607765856,7.917634397324828
2023-12-15,sz001282,34.94,35.15,35.26,34.8,14091,49378349.83,1.32,0.57,0.2,4.97,4.148941814902911,-0.22199666378421412,35.418,35.306666666666665,35.370976726034016,4.379786535648837,4.325674097507518,4.345560776728431,35.738,35.409454545454544,35.967436554535425,4.45393472883376,4.403980755990927,4.458826643017647,37.775,36.637952380952385,36.768278591791315,4.689523531400819,4.553657201203043,4.5948701652768875,37.771,37.319698924731185,36.96657607264903,4.738084105618383,4.650334736688508,4.660320999480392,37.0835,37.41854644808743,36.373588256717255,4.803316303320904,4.76241781086311,4.708772934682366,7.69353657219575
2023-12-18,sz001282,35.11,34.96,35.44,34.65,14629,51337652.22,2.25,-0.54,-0.19,5.15,4.165214639910329,0.01627282500741778,35.298,35.153999999999996,35.23398448402268,4.306549009615622,4.254150132261349,4.285445397789063,35.428,35.267999999999994,35.78426627189262,4.417641684999483,4.351486194368485,4.40544264245268,37.501,36.36985714285715,36.596061583049284,4.650518960216658,4.503723021061091,4.553950591432454,37.704,37.13834408602151,36.83711955183297,4.716147119559101,4.613375416320246,4.628378653701679,37.181666666666665,37.34892349726777,36.32724110075931,4.805153920719204,4.741496444849648,4.690951351247217,7.710436003579421
2023-12-19,sz001282,34.88,34.49,34.96,34.13,17250,59479021.08,2.37,-1.34,-0.47,6.08,4.236789099409293,0.07157445949896424,35.036,34.88466666666667,34.98598965601512,4.270366001405495,4.2308968288592395,4.269226631662473,35.229,35.097454545454546,35.54894513154851,4.387043030116949,4.31860390607936,4.374778361899337,37.2655,36.08309523809524,36.395484289425546,4.617455356748635,4.464320177174676,4.523744735049296,37.602333333333334,36.93098924731183,36.68569248397278,4.695801863123903,4.582449092439614,4.6031148114892675,37.24816666666666,37.26067213114754,36.267003687619656,4.800551887578568,4.722861532675553,4.676060785613187,7.77436381218595
2023-12-20,sz001282,34.41,34.57,35.34,34.41,18008,62867163.36,2.7,0.23,0.08,6.35,4.255465481992464,0.018676382583170614,34.824,34.72933333333334,34.84732643734341,4.235469902980425,4.225929989054895,4.26463958177247,35.06699999999999,34.977636363636364,35.37095510763059,4.363185256098202,4.294680715511271,4.353085111007178,36.838,35.82638095238095,36.22162864281359,4.576009112485321,4.4298449510074205,4.498194329996265,37.52066666666666,36.735354838709675,36.549196194684214,4.679366408376992,4.554040293656941,4.580685822489474,37.32266666666667,37.17286338797814,36.21136422245179,4.79990885958938,4.7049898472465,4.662270775658408,7.798423864916882
2023-12-21,sz001282,34.35,35.41,36.25,33.8,31759,110843645.52,7.09,2.43,0.84,11.19,4.5018668192802735,0.24640133728780977,34.916000000000004,34.92466666666667,35.03488429156228,4.261655571099054,4.314728961154844,4.343715327608405,35.116,35.04,35.37805417897049,4.34998067575387,4.3198955451807395,4.380136330693195,36.58200000000001,35.69038095238095,36.144330676831345,4.545977509485953,4.422783780225988,4.498544090880456,37.497,36.59918279569892,36.47569966599491,4.674858659371951,4.542588707263603,4.5756007255082345,37.402833333333334,37.11015300546448,36.185089985650094,4.799354059584201,4.6952179770724305,4.65701162954765,8.044710800791032
2023-12-22,sz001282,35.28,35.29,36.1,34.86,28572,101529770.78,3.5,-0.34,-0.12,10.07,4.4559406414525045,-0.04592617782776909,34.944,35.04933333333334,35.119922861041516,4.323055336408973,4.379490651272662,4.381123765556438,35.181,35.071636363636365,35.36204432824858,4.351420936028904,4.339160993489582,4.393918932649433,36.4695,35.56733333333334,36.062965850466455,4.520811736546284,4.41420884041328,4.4944866195063655,37.48533333333333,36.45679569892473,36.399202913350074,4.674174369956154,4.528464964172027,4.5678807200852845,37.42999999999999,37.040879781420756,36.15574277300583,4.794296346757763,4.683958520740245,4.650419138134694,8.00659340569469
2023-12-25,sz001282,35.31,37.38,37.38,35.3,66064,241804537.15,5.89,5.92,2.09,23.28,4.819964865530627,0.36402422407812285,35.428,35.86133333333333,35.87328190736102,4.454005381533032,4.545127160979879,4.527404132214501,35.363,35.47145454545455,35.72894535947611,4.380277195574328,4.424350798853531,4.471381829536923,36.379000000000005,35.654047619047624,36.18839767423156,4.515824964342409,4.442699614602265,4.525484547699152,37.47033333333333,36.45,36.46248014474685,4.670001749433384,4.537870802596187,4.5841442133398225,37.435833333333335,37.03924043715847,36.19588235421875,4.796569005928049,4.6848001115196825,4.655978014442757,8.38346444557654
2023-12-26,sz001282,36.95,36.36,36.95,35.82,42634,154918937.52,3.02,-2.73,-1.02,15.02,4.629756080862766,-0.1902087846678615,35.802,36.172,36.03552127157401,4.532598777823727,4.603710727423124,4.5615214484305895,35.419000000000004,35.652727272727276,35.84368256684409,4.401482389614611,4.469710596178702,4.5001771479598025,36.169,35.652238095238104,36.20474075287618,4.498707025417012,4.4535501971280125,4.53541516990521,37.40233333333333,36.378365591397845,36.455868522505114,4.658686280257579,4.535274307849695,4.587086914470335,37.36300000000001,37.00396721311476,36.20126326063781,4.792972841951754,4.679330835288034,4.655118278915545,8.190104509803954
2023-12-27,sz001282,36.31,35.42,36.57,35.35,29125,103816802.5,3.36,-2.59,-0.94,10.26,4.464265934034075,-0.16549014682869068,35.972,36.04466666666667,35.83034751438268,4.574358868232049,4.580933112826573,4.529102943631752,35.398,35.65290909090909,35.76664937287243,4.4049143856062365,4.48112578607315,4.493647836336943,35.9245,35.58090476190476,36.130003538316544,4.476259574085881,4.45027009318678,4.528639052203198,37.28333333333333,36.250473118279565,36.38903829524672,4.641982776159895,4.522731059706242,4.5791629802486415,37.20666666666667,36.940262295081965,36.17564807176444,4.7830053586317085,4.668553559618602,4.648860824985004,8.01626764871938
2023-12-28,sz001282,35.82,36.41,37.18,35.82,38922,141823807.05,3.84,2.8,0.99,13.71,4.59019514831387,0.12592921427979498,36.172000000000004,36.190666666666665,36.02356500958845,4.592024534038769,4.5862118728538475,4.549467011859125,35.544,35.83690909090909,35.88362221416835,4.426840052568911,4.514813197474538,4.51120189306002,35.784499999999994,35.62714285714286,36.156669868000684,4.468778851550505,4.461121100256112,4.534501537547072,37.163666666666664,36.19412903225807,36.39039066329532,4.627093404141623,4.519389922425854,4.579874733027044,37.13783333333333,36.91414207650273,36.18333174154265,4.770002311309534,4.6622319133786725,4.646937360176114,8.151749139186988
2023-12-29,sz001282,35.46,36.17,36.92,34.41,40394,145841142.73,6.89,-0.66,-0.24,14.23,4.606316861140107,0.0161217128262372,36.348,36.190000000000005,36.07237667305897,4.622099777976289,4.590975981887627,4.5684169616194525,35.646,35.95072727272728,35.93569090250137,4.472577557192631,4.547445344487483,4.528495523620036,35.692,35.66385714285714,36.15793940438157,4.463256143013195,4.474219958312265,4.541341092174981,37.065333333333335,36.13002150537634,36.37617191082466,4.617208206664757,4.5180495002967245,4.581580676776274,37.12566666666667,36.88240983606557,36.18289463526257,4.759090035577569,4.6568651773075445,4.645605540535589,8.163880058550026
2024-01-02,sz001282,36.2,36.67,37.34,36.04,37069,136367524.57,3.59,1.38,0.5,13.06,4.569010870347347,-0.037305990792760646,36.206,36.297333333333334,36.27158444870598,4.571908978939634,4.573279679344647,4.568614931195418,35.81699999999999,36.13690909090909,36.06920164750112,4.512957180236333,4.564978674151976,4.535861950297728,35.622499999999995,35.757,36.20670708015476,4.465299432617907,4.484291837105993,4.543976309143778,36.93966666666667,36.104516129032255,36.3951285617392,4.604665033556549,4.514939994727858,4.5807697215227945,37.06033333333334,36.86746994535519,36.19886530295888,4.74971650069634,4.650633073529504,4.64309423987368,8.134710956982415
2024-01-03,sz001282,36.64,35.59,36.67,35.3,26589,95070278.09,3.74,-2.95,-1.08,9.37,4.424702004023985,-0.14430886632336204,36.052,36.092,36.044389632470654,4.530898163571877,4.524210687706097,4.520643955471607,35.92700000000001,36.095636363636366,35.982074075228184,4.531748470697801,4.548932278477005,4.5156510509752295,35.578,35.753904761904764,36.14797307252097,4.459395750407375,4.4804254153351435,4.532616851513321,36.81933333333333,36.01744086021505,36.34318478356248,4.5888863947316905,4.5033294766935,4.570700836522871,37.001666666666665,36.81926229508197,36.17890250614055,4.736733216497451,4.639976860523854,4.63593383869828,7.978044764266288
2024-01-04,sz001282,35.6,37.05,38.22,34.9,51729,190133619.04,9.33,4.1,1.46,18.23,4.713734082919431,0.28903207889544635,36.378,36.42466666666667,36.37959308831377,4.580791793348949,4.585155994155281,4.585007331287549,36.175,36.299818181818175,36.17624242518669,4.5775753307904985,4.582020571608209,4.551666147692357,35.620999999999995,35.89409523809525,36.23388039894754,4.47038029344435,4.504648113669625,4.549866111647236,36.617,36.03232258064516,36.388785765268125,4.576531185253713,4.511384166253999,4.579928787903294,36.98283333333334,36.820846994535515,36.20746307970972,4.733423046197263,4.639222790570476,4.638484666377662,8.279058914722686
2024-01-05,sz001282,37.49,37.65,38.05,36.78,70377,264744740.24,3.43,1.62,0.6,24.8,4.847430749978361,0.13369666705893035,36.626000000000005,36.84866666666667,36.803062058875845,4.632238913681847,4.674035646365086,4.672481804184486,36.399,36.568,36.44419834788002,4.6121317238603075,4.63108519327873,4.605441529926176,35.7575,36.08733333333333,36.36874893238111,4.481056199807089,4.540557680958579,4.578205601012105,36.521,36.09896774193548,36.47015442557341,4.568028914277405,4.528861557526558,4.597186979004912,36.980000000000004,36.84272131147541,36.25475937217825,4.733109065156618,4.642960748071494,4.645335357643259,8.422827340611684
2024-01-08,sz001282,36.8,37.28,37.88,36.1,41851,155347835.99,4.73,-0.98,-0.37,14.75,4.6217058396122725,-0.22572491036608877,36.848,37.06666666666667,36.9620413725839,4.635316709376279,4.670524621675228,4.655556482660415,36.598,36.72818181818182,36.5961622846291,4.628708243676284,4.63282594159727,4.608398677141829,35.889500000000005,36.23233333333334,36.45553474834481,4.490064589852595,4.553952884749548,4.582348480878787,36.51233333333334,36.14793548387097,36.522402527149325,4.556777238922951,4.532324584967516,4.59876884097958,36.992666666666665,36.85255737704917,36.28837381899207,4.727463220701082,4.639308183299549,4.644560619347161,8.191305207870055
2024-01-09,sz001282,37.02,36.02,38.5,36.02,58625,219645540.7,6.65,-3.38,-1.26,20.66,4.76808285572314,0.1463770161108675,36.717999999999996,36.79066666666667,36.6480275817226,4.675131106451437,4.714780003790848,4.693065273681324,36.462,36.62309090909091,36.49140550560563,4.623520042695535,4.658166780151243,4.637432164156613,35.9125,36.2447619047619,36.41405524850245,4.5018986191349315,4.580430814832458,4.600037468959202,36.406666666666666,36.11617204301076,36.48998946088163,4.551723323793451,4.545957205406238,4.6096923258017455,36.9895,36.82066666666666,36.279574677385774,4.7263435086426036,4.640639974611749,4.648610528736538,8.341722390533084
2024-01-10,sz001282,35.49,32.66,35.5,32.48,54836,184657651.98,8.38,-9.33,-3.36,19.32,4.739065767757061,-0.02901708796607938,36.132000000000005,35.437999999999995,35.31868505448173,4.738003859198054,4.736091557559389,4.70839877170657,36.092,35.93181818181818,35.79478632276824,4.634451011384965,4.679175093798794,4.655911001174876,35.7555,35.935,36.056526177216504,4.517966700499788,4.60301816232028,4.613278259320903,36.14333333333334,35.87445161290322,36.24289336663121,4.543955020739663,4.558043814694214,4.6180389994762825,36.956500000000005,36.678715846994535,36.160900097799356,4.724298184145836,4.641057097861402,4.651576274278194,8.266367308974996
2024-01-11,sz001282,32.48,33.4,33.5,31.79,36632,120219529.8,5.24,2.27,0.74,12.91,4.563860630519641,-0.1752051372374197,35.402,34.52733333333333,34.67912336965449,4.708029168718094,4.678043814666585,4.660219391310926,35.89,35.44236363636364,35.359370627719464,4.644410481033522,4.666340479096006,4.639174570146651,35.644,35.71066666666667,35.80352368414827,4.52466243331988,4.607389012798361,4.608571818482687,35.913,35.6974623655914,36.05948089136468,4.53230987640176,4.559328047583244,4.614543620833919,36.92483333333333,36.56210928961749,36.070378783117405,4.718439637161667,4.635796850201527,4.648700351532012,8.079975025032825
2024-01-12,sz001282,33.2,32.37,33.62,32.37,25996,85356467.86,3.74,-3.08,-1.03,9.16,4.414906528295034,-0.14895410222460725,34.346,33.516666666666666,33.90941557976966,4.621524324381429,4.580336267858898,4.5784484369722955,35.486000000000004,34.80236363636364,34.81584869540683,4.6268816190316375,4.624612487689009,4.598398562537266,35.515,35.398857142857146,35.4765214285151,4.526860835800274,4.596936069462662,4.590127505131482,35.68500000000001,35.468881720430105,35.821449866115344,4.521479774044216,4.5517536380279715,4.601663808412055,36.86933333333334,36.41277049180328,35.94905488858897,4.710322815866047,4.625844944992784,4.641034980278341,7.931236435227919
2024-01-15,sz001282,32.37,31.6,32.37,31.31,21385,67804405.35,3.27,-2.38,-0.77,7.54,4.33010925459283,-0.08479727370220402,33.209999999999994,32.60133333333333,33.139610386513105,4.563205007377541,4.483197911262698,4.495668709512474,35.029,34.09581818181818,34.231148932605585,4.59926085837691,4.570653875972862,4.54961868836555,35.3375,35.026,35.10732891151366,4.5359192077847705,4.578197823633381,4.565363862223039,35.471000000000004,35.205333333333336,35.54909826184984,4.508591048134434,4.539407152902076,4.584144159778557,36.81916666666667,36.24000546448087,35.806462925028676,4.7022611742788545,4.613378926590385,4.63084069419029,7.831257911522553
2024-01-16,sz001282,31.58,31.6,31.8,30.98,19599,61349080.37,2.59,0.0,0.0,6.91,4.292233912909475,-0.037875341683355046,32.326,32.06466666666667,32.62640692434207,4.468035218814808,4.392874213106676,4.4278571106448075,34.522000000000006,33.47236363636364,33.75275821758639,4.571583162633123,4.514830794978783,4.502821456464446,35.1695,34.67004761904762,34.7732975866076,4.542270171434728,4.554989700311924,4.539351486097938,35.25566666666666,34.95559139784946,35.294317728827274,4.500727342622979,4.525448628048853,4.565311240625713,36.742666666666665,36.06888524590164,35.66854610781462,4.690932527058902,4.599935409824175,4.6197388325089515,7.78780805698596
2024-01-17,sz001282,31.57,30.5,31.63,30.5,14939,46337866.32,3.58,-3.48,-1.1,5.26,4.17432152726404,-0.11791238564543427,31.894000000000005,31.456000000000003,31.917604616228047,4.3550863707162035,4.294969649256419,4.343345249517885,34.013,32.74109090909091,33.16134763257068,4.546545114957128,4.442601406729859,4.4430941966098265,34.97,34.22533333333333,34.36631686407354,4.539146792827465,4.519946972295668,4.5045867281137575,35.056333333333335,34.648774193548384,34.985006907612615,4.488445538590626,4.5043901883482755,4.540086097828185,36.61266666666667,35.86420765027322,35.49908557968955,4.6760941743402675,4.582997344257129,4.605134986435347,7.665936032328708
2024-01-18,sz001282,30.18,30.85,31.0,29.92,17910,54475907.12,3.54,1.15,0.35,6.31,4.253095585849032,0.0787740585849912,31.384000000000004,31.108,31.561736410818703,4.292933361782081,4.260972720967363,4.313262028294934,33.393,32.166000000000004,32.74110260846692,4.500481265250089,4.3892469468920225,4.408548994653318,34.784000000000006,33.83295238095238,34.03142954368558,4.539028298020293,4.492704000202484,4.480635190755212,34.87833333333333,34.37739784946237,34.7182322684118,4.48041395071293,4.489206320429463,4.521570580926304,36.492,35.67526775956284,35.34665654428989,4.664422399758665,4.5691285380770905,4.593592711006287,7.73620447074813
2024-01-19,sz001282,30.85,30.03,30.96,30.0,13632,41374233.66,3.11,-2.66,-0.82,4.8,4.134559577422625,-0.11853600842640688,30.916000000000004,30.65666666666667,31.051157607212474,4.2368639716076,4.2081814595142095,4.253694544670831,32.631,31.55454545454546,32.24817486147293,4.429194147994515,4.322715730923393,4.35873273697501,34.515,33.38019047619048,33.650341015715526,4.520662935927411,4.454183169669373,4.4476756085330615,34.715333333333334,34.06460215053763,34.41576567044975,4.463768849202897,4.466893135055895,4.496602129087357,36.345333333333336,35.46339890710382,35.17233993628039,4.649791610489332,4.551755986525088,4.578542444331413,7.616729962788234
2024-01-22,sz001282,30.02,28.11,30.26,27.85,25725,74822570.15,8.03,-6.39,-1.92,9.06,4.410355383434471,0.27579580601184617,30.218,29.721333333333334,30.07077173814165,4.252913197375928,4.266011930123167,4.3059148242587115,31.714000000000006,30.732545454545455,31.49577943211422,4.408059102376734,4.319290501003385,4.368118672694911,34.156,32.77019047619048,33.122689490409286,4.51838367302651,4.4436776884795695,4.444121301380815,34.49766666666667,33.638451612903225,34.008942078807834,4.4627294273606415,4.463447105006319,4.491037822916203,36.1635,35.19338797814207,34.940787807222016,4.637958309581707,4.54390561842493,4.57302811446594,7.874032622103187
2024-01-23,sz001282,28.07,28.55,28.76,27.59,18055,51243255.58,4.16,1.57,0.44,6.36,4.256597492762846,-0.15375789067162504,29.607999999999997,29.165333333333333,29.563847825427768,4.245785913346603,4.267240028585474,4.28947571376009,30.966999999999995,30.15727272727273,30.960183171729813,4.356910566080705,4.291752026528133,4.347842094525444,33.7145,32.236285714285714,32.68719525322745,4.49021530438812,4.4187456713116005,4.426261891036247,34.264,33.2547311827957,33.65675226727185,4.453569268116856,4.45014827051614,4.475912640325664,36.033833333333334,34.9437650273224,34.73125378075572,4.626437676478167,4.531401985086606,4.5626533399838705,7.709636713490978
2024-01-24,sz001282,28.75,28.9,29.15,27.9,17485,50039658.7,4.38,1.23,0.35,6.16,4.242665636645263,-0.01393185611758252,29.288,28.929333333333332,29.342565216951847,4.259454735222848,4.2661999363516925,4.2738723547218145,30.591,29.78145454545455,30.58560441323348,4.307270552969525,4.270980221176234,4.328719102183593,33.341499999999996,31.7777619047619,32.326509991015314,4.470860782177246,4.395169512478947,4.408776533475201,34.034,32.90866666666667,33.349865024222055,4.447734651323033,4.436541584614745,4.460864446539832,35.93333333333333,34.70986885245902,34.54006513220635,4.616668313818483,4.518819295256018,4.5521619398744075,7.699314338886847
2024-01-25,sz001282,28.64,29.6,29.68,28.56,18919,55435732.72,3.88,2.42,0.7,6.67,4.2768981772053385,0.034232540560075186,29.038,29.033333333333335,29.428376811301234,4.264215253494109,4.272014417012524,4.274880962216322,30.210999999999995,29.601272727272722,30.40640361082739,4.278574307638095,4.265457971037291,4.31929711582391,33.0505,31.42142857142857,32.06684237282338,4.461492394335808,4.376696883434004,4.396216690020928,33.833,32.62260215053764,33.10793824846579,4.442633058092617,4.425519876607152,4.448995654969865,35.833333333333336,34.50221857923497,34.378095783609425,4.608464760937475,4.507679290776899,4.543136898475422,7.743789792175828
2024-01-26,sz001282,29.5,29.34,29.88,29.2,14733,43539988.78,2.3,-0.88,-0.26,5.19,4.168291188851266,-0.10860698835407234,28.9,29.134,29.398917874200826,4.270961575779837,4.2400397287982425,4.2393510377613035,29.908000000000005,29.442909090909094,30.212512045222407,4.253912773693719,4.245406494894231,4.291841492737975,32.697,31.06804761904762,31.807143099221154,4.440397196362679,4.348772959102144,4.3745094994333416,33.646,32.332731182795705,32.86484545824219,4.4358781484314225,4.407820401172227,4.430885689413826,35.726,34.28932240437158,34.21291231529436,4.5975802333843525,4.49324737038063,4.530846875209056,7.6388883127899465
2024-01-29,sz001282,29.64,28.65,29.85,28.65,11152,32438830.79,4.09,-2.35,-0.69,3.93,4.047352760753935,-0.12093842809733157,29.008,29.050666666666665,29.149278582800555,4.1983610512437295,4.1655034571229415,4.1753516120921805,29.613,29.214181818181817,29.928418946091057,4.225637124309829,4.2078501289051795,4.247388996013603,32.321,30.682619047619053,31.506462804057232,4.4124489913433695,4.311340155710833,4.343351714797207,33.42933333333333,32.010408602150534,32.592919944807214,4.432491846626457,4.382754247128518,4.406141629500285,35.600166666666674,34.05732240437159,34.03052174757979,4.58528797612242,4.475207125376355,4.514994609161346,7.5110651923146365
2024-01-30,sz001282,28.34,27.8,28.88,27.65,11839,33315844.25,4.29,-2.97,-0.85,4.17,4.073315020560628,0.02596225980669331,28.857999999999997,28.648000000000003,28.699519055200373,4.1617045568032855,4.123821446895241,4.141339414914997,29.232999999999997,28.884545454545453,29.54143368316541,4.203745235074945,4.18015520095078,4.215739182294881,31.877500000000005,30.25204761904762,31.153466346527974,4.387664198854034,4.279041682302955,4.317633934393724,33.190666666666665,31.647225806451615,32.28369930320675,4.429428525981467,4.359581548672658,4.384668945052565,35.44733333333333,33.80157923497268,33.8262423460198,4.572787822770284,4.458421126833344,4.500513311174437,7.522650823111304
2024-01-31,sz001282,27.46,25.84,27.95,25.79,19936,53026799.56,7.77,-7.05,-1.96,7.02,4.2996380249790755,0.22632300441844766,28.246000000000002,27.642,27.74634603680025,4.173099034470049,4.169799269620504,4.19410561826969,28.766999999999996,28.267636363636367,28.868445740771698,4.216276884846448,4.19759025366062,4.23099351732837,31.389999999999997,29.677047619047617,30.64742193257293,4.381410999901788,4.270658237172006,4.315920038258996,32.90233333333333,31.172989247311836,31.867976767515998,4.431523490167126,4.351207967962826,4.379183079241372,35.25233333333333,33.48658469945355,33.564398334674884,4.5636626766455155,4.449465395758223,4.493927236217211,7.724495416004559
2024-02-01,sz001282,25.57,25.68,26.39,25.03,15748,40468702.63,5.26,-0.62,-0.16,5.55,4.197225406118192,-0.1024126188608836,27.462,26.786666666666672,27.0575640245335,4.157164480252619,4.177841393503218,4.195145547552524,28.25,27.706363636363633,28.28872833335866,4.2106898668733646,4.194126348437302,4.224853860744701,30.821500000000004,29.13323809523809,30.174334129470743,4.355585566061726,4.253116752049758,4.3046157875789195,32.606,30.707032258064515,31.468752459934322,4.429582154304651,4.336091962540314,4.367443874523748,35.063333333333325,33.172737704918035,33.305893471242925,4.55447428134082,4.437451059019622,4.484199307361506,7.607119281741123
2024-02-02,sz001282,25.96,24.52,26.63,23.63,19379,48185818.41,11.68,-4.52,-1.16,6.83,4.287331362720577,0.09010595660238518,26.497999999999998,25.806,26.211709349689002,4.180972515026482,4.221230354325872,4.225874152608542,27.699,27.028181818181817,27.603505000020718,4.225967045403158,4.208061165864068,4.236213406558496,30.165000000000003,28.53309523809524,29.635826117140198,4.327580596698837,4.246616351731554,4.302969651878125,32.243,30.185354838709674,31.02044584961598,4.422430972419327,4.326914492115535,4.3622753253751565,34.87,32.82705464480874,33.01783139021857,4.548644815895639,4.428692274802565,4.4777446206519675,7.6829192396388555
2024-02-05,sz001282,24.15,22.07,24.5,22.07,24003,54387511.13,9.91,-9.99,-2.45,8.46,4.380265525129201,0.09293416240862395,25.182,24.329999999999995,24.831139566459335,4.247555067901535,4.287661357693444,4.277337943448762,27.095,26.004727272727273,26.59741318183513,4.2229580595726315,4.236115434905166,4.262404700844079,29.404499999999995,27.762142857142855,28.915271248841133,4.315508580974684,4.251633963963018,4.310331163616323,31.80233333333333,29.529032258064515,30.442997730285917,4.419908468541885,4.324194140677463,4.3634359834238055,34.64383333333333,32.407382513661204,32.65888609873599,4.547041419249019,4.42317164231842,4.4745485847331885,7.735499185175921
2024-02-06,sz001282,21.13,22.52,23.39,20.1,27007,58552034.21,14.91,2.04,0.45,9.52,4.431476344431557,0.05121081930235594,24.125999999999998,23.442666666666664,24.06075971097289,4.31918733267572,4.348968449870119,4.328717410443027,26.492,25.17290909090909,25.856065330592376,4.240445944739504,4.274027850334062,4.293144999678166,28.7295,27.10647619047619,28.306197796570547,4.298678255410104,4.262678512863672,4.32186879988444,31.307000000000002,28.930172043010753,29.931836586396503,4.406958851171914,4.32494045525099,4.367825684133983,34.38866666666667,32.009879781420764,32.326463603695466,4.538480300302649,4.419382623471946,4.473136380133135,7.767541987893976
2024-02-07,sz001282,22.75,21.52,23.33,21.17,27152,60571475.72,9.59,-4.44,-1.0,9.57,4.4338018249736,0.002325480542043401,23.262,22.574,23.21383980731526,4.346020092674626,4.387173280636079,4.363745548619885,25.753999999999998,24.26890909090909,25.067689815939215,4.259559563572337,4.3091834649220795,4.318718967913699,28.172500000000003,26.419857142857143,27.65989324451621,4.283415058270931,4.275547424250672,4.33252908798817,30.812333333333335,28.29875268817204,29.389137451790276,4.400427042642276,4.326672260012389,4.3720822093494425,34.10733333333334,31.587956284153005,31.972153321607088,4.529556661449927,4.415950542313616,4.47184672258692,7.78226815463153
2024-02-08,sz001282,21.52,23.67,23.67,21.05,33091,74754708.05,12.17,9.99,2.15,11.66,4.519709891605901,0.08590806663230044,22.86,22.71,23.36589320487684,4.410516989772168,4.445069880279836,4.415733662948558,25.160999999999998,23.89,24.813564394859355,4.283840735012393,4.356483524564546,4.355262772221372,27.686,25.991047619047613,27.279903411705142,4.2812075213252445,4.298051694092097,4.350355831189859,30.420666666666666,27.83795698924731,29.020160841997356,4.402275174561337,4.334367927687462,4.381606575946633,33.852000000000004,31.24574863387978,31.699951573357673,4.522128975360616,4.415627697400697,4.473416006817051,7.873638549715493
2024-02-19,sz001282,24.0,24.43,24.59,23.68,29854,72234601.34,3.84,3.21,0.76,10.52,4.4750025284819435,-0.0447073631239574,22.842,23.233333333333334,23.720595469917896,4.44805122292444,4.466565059849762,4.435489951459687,24.669999999999998,23.757090909090905,24.743825413975834,4.314511868975461,4.391240214286282,4.377033636996021,27.289000000000005,25.68095238095238,27.008484039161797,4.28421232133459,4.316508361440354,4.362226945217676,30.021333333333338,27.4514623655914,28.72402143283624,4.39843542056694,4.3390600150371785,4.3876321212714915,33.5925,30.936830601092897,31.461592505378732,4.512764412354281,4.414082567994839,4.473468023920818,7.858745280275258
2024-02-20,sz001282,24.33,25.2,25.2,23.8,23216,56637968.2,5.73,3.15,0.77,8.18,4.365787395093661,-0.10921513338828248,23.468,24.019333333333332,24.213730313278596,4.445155596917333,4.43914378390617,4.412255766004345,24.325,23.853454545454547,24.826766247798407,4.346355332409433,4.400563037216864,4.374988865741046,26.969,25.482000000000003,26.836247464003527,4.285996228359631,4.324277416084075,4.362566035682056,29.655666666666665,27.14040860215054,28.496665211362934,4.390417771698724,4.336953690813096,4.386222784098728,33.360499999999995,30.661666666666665,31.256294390448282,4.503812989181741,4.40926364939613,4.469937511500255,7.753107665314561
2024-02-21,sz001282,24.7,25.8,27.6,24.52,43133,113552110.38,12.22,2.38,0.6,15.2,4.634809665383035,0.26902227028937364,24.124,24.796666666666667,24.742486875519063,4.485822261107628,4.50236180672807,4.486440399130576,24.125,24.121636363636366,25.003717839107786,4.402504796891674,4.453009279575701,4.422229011130498,26.679000000000002,25.37066666666667,26.737557229336524,4.303125015983309,4.3574977434196365,4.388494000415482,29.293333333333337,26.891655913978493,28.322686810629843,4.392611064866581,4.35272090976047,4.4022606474073935,33.1165,30.413781420765027,31.077399492400797,4.498638049211565,4.413558622386336,4.475343155889854,8.055195210047359
2024-02-22,sz001282,25.49,26.55,26.69,25.3,28973,75724189.55,5.39,2.91,0.75,10.21,4.4619934664150165,-0.17281619896801814,25.130000000000003,25.60533333333333,25.34499125034604,4.491460589395912,4.494418875163867,4.478291421558723,24.196,24.562545454545454,25.2848600501791,4.418740341035268,4.463825401307217,4.429458912091319,26.4815,25.358380952380955,26.71969463606638,4.317508612940858,4.37262807203218,4.395493949558295,28.992,26.71466666666667,28.208319919621466,4.3938541136129485,4.357197193731338,4.406114377665951,32.90566666666667,30.198486338797814,30.9289601647811,4.4913702541723195,4.412357160655302,4.474905461152974,7.879234633925047
2024-02-23,sz001282,26.71,27.46,27.71,26.2,35177,94510228.19,5.69,3.43,0.91,12.39,4.546258798765529,0.0842653323505127,25.887999999999998,26.382,26.049994166897363,4.4967703708278375,4.5126849449537385,4.500947213960991,24.374000000000002,25.156,25.680340041055622,4.453643680300002,4.487010575439992,4.4506952551229935,26.312,25.451571428571427,26.79019990882196,4.332166773586684,4.394413804015482,4.409852506625651,28.672333333333334,26.61582795698925,28.160041215129763,4.388271604141152,4.367029754063761,4.415155953220762,32.644666666666666,30.019939890710383,30.815223765935816,4.4824013946974315,4.414156785068195,4.477244914845189,7.975478811748439
2024-02-26,sz001282,27.46,27.72,28.48,27.3,35405,98963560.21,4.3,0.95,0.26,12.48,4.54906459872272,0.0028057999571906578,26.546000000000003,26.992666666666665,26.606662777931575,4.511582784875992,4.530116354252033,4.516986342214901,24.694,25.76436363636364,26.051187306318234,4.479817003900217,4.504359833335031,4.468580590322944,26.196499999999997,25.58566666666666,26.878752298457965,4.3528920246516885,4.415070739742725,4.423110801111086,28.341333333333335,26.554387096774196,28.13165145931494,4.378326065765964,4.377403495649669,4.423795220672502,32.43116666666666,29.858475409836064,30.71374101951169,4.473177490021683,4.416342463888696,4.479599658578878,7.995475310628191
2024-02-27,sz001282,30.49,30.49,30.49,30.49,16064,48978129.83,0.0,9.99,2.77,5.66,4.205853695464925,-0.3432109032577948,27.604000000000003,28.30733333333333,27.90110851862105,4.479596044950244,4.4282066577816765,4.413275459964909,25.535999999999998,26.818181818181817,26.858244159714918,4.462375820933788,4.454548322710433,4.420812063985122,26.315499999999997,25.994571428571426,27.22268065098578,4.342666940253211,4.401067089343986,4.402419648192405,28.115,26.693010752688167,28.28380297806882,4.364464327627719,4.366276245952828,4.409734477110724,32.31366666666666,29.7948306010929,30.706405248380158,4.460620783275335,4.407577749313064,4.470624381099731,7.690002198101526
2024-02-28,sz001282,33.54,32.63,33.54,30.5,123461,402693956.09,9.97,7.02,2.14,43.5,5.0915297903106875,0.8856760948457625,28.970000000000006,29.982666666666667,29.477405679080704,4.570940069935776,4.632184572901824,4.639360236746835,26.547000000000004,28.107999999999997,27.907654312494024,4.528381165521702,4.5689399535062325,4.542760741498861,26.5195,26.59595238095238,27.73766344612999,4.384413555130603,4.47238736077803,4.468049185537003,28.002,26.98430107526881,28.56420278593535,4.37524589211397,4.413183695158181,4.453721271510721,32.20433333333333,29.805202185792353,30.769473928761137,4.463484607953712,4.428263290527338,4.49098193550009,8.604975111463752
2024-02-29,sz001282,29.7,31.66,32.2,29.68,78621,246288242.39,7.72,-2.97,-0.97,27.7,4.895538563418437,-0.19599122689225013,29.992,30.87933333333333,30.20493711938714,4.657649089336459,4.7403840707293785,4.724753012304037,27.561,29.037636363636366,28.589898982949656,4.5745548393661855,4.635695844032912,4.6069021636660565,26.6575,27.085523809523806,28.111219308403324,4.417057201469261,4.52106593299592,4.508762459620949,27.968666666666667,27.220301075268814,28.763931638455652,4.38046165196935,4.446750964274599,4.482225612924123,32.056,29.787355191256832,30.79867150486733,4.462208336354506,4.442428993985197,4.504246087235118,8.391443679451665
2024-03-01,sz001282,31.2,30.32,31.82,30.11,55369,170393179.11,5.4,-4.23,-1.34,19.51,4.743266679943147,-0.15227188347529008,30.564,30.98866666666667,30.243291412924762,4.697050665571983,4.768923267598274,4.7309242348504075,28.226,29.539272727272728,28.904462804231535,4.596910518199911,4.666370724137815,4.631695712080073,26.6935,27.434333333333328,28.321579374269675,4.440375626606151,4.552133502374385,4.53109619488973,27.866,27.372,28.864323145652065,4.3864418536168,4.470157740272908,4.4990669720866405,31.8895,29.730437158469943,30.78297735716676,4.45937586500928,4.451644021643842,4.512082827979643,8.231452205840434
2024-03-04,sz001282,30.05,29.46,30.34,28.89,47736,140558815.54,4.78,-2.84,-0.86,16.82,4.678846024836042,-0.0644206551071056,30.912,30.62066666666667,29.982194275283177,4.723006950794648,4.762855054019627,4.713564831512286,28.729000000000003,29.763636363636362,29.005469567098526,4.61729486783532,4.6812680889807465,4.640268496217521,26.6995,27.697809523809525,28.43000038624399,4.465903368405391,4.57484496887247,4.54516760726557,27.769000000000002,27.474838709677417,28.90275391044871,4.395239836834833,4.489022525512859,4.510665620651118,31.726999999999997,29.650781420765025,30.739601050374407,4.4583598054395255,4.458839764588981,4.517550473778213,8.147858088793091
2024-03-05,sz001282,29.12,28.76,29.59,28.67,33740,97859395.83,3.12,-2.38,-0.7,11.89,4.5281450782531065,-0.1507009465829352,30.566000000000003,29.903333333333332,29.57479618352212,4.787465227352284,4.69790109650578,4.651758247092559,29.085,29.769272727272725,28.960838736716976,4.6335306361512645,4.665059036329436,4.619882420223991,26.705000000000002,27.89404761904762,28.461428920887418,4.489942984280349,4.580772750762728,4.543546414026287,27.674333333333333,27.538774193548385,28.893543980742344,4.4018410309568425,4.497597057217264,4.511793327593183,31.57266666666667,29.553502732240435,30.674696097903112,4.455216039545637,4.461127806320574,4.517897837859357,7.990602530159796
2024-03-06,sz001282,28.91,30.47,31.51,28.78,63525,191390909.57,9.49,5.95,1.71,22.38,4.802944673722407,0.27479959546930033,30.134000000000004,29.871333333333336,29.873197455681417,4.729748204034628,4.7030609119624875,4.702153722635842,29.552,30.021090909090912,29.235231693677523,4.650344136985202,4.695861588615098,4.653166466314612,26.8385,28.252619047619046,28.65272140461243,4.526424466938439,4.610582435471496,4.568251010187822,27.636666666666667,27.719139784946236,28.99525082069445,4.41886472298394,4.523474711589236,4.530577285407972,31.446166666666667,29.517349726775947,30.66798475043088,4.459796032803459,4.472528745146041,4.527243635756506,8.28192130639097
2024-03-07,sz001282,30.12,30.2,31.38,30.0,45261,138497080.93,4.53,-0.89,-0.27,15.95,4.655724145060252,-0.14722052866215485,29.842000000000002,29.89333333333333,29.982131637120947,4.681785320362991,4.678386225637695,4.686677196777312,29.917,30.138909090909088,29.410644113008882,4.669717204849726,4.6968397719014705,4.653631498813819,27.0565,28.572761904761908,28.80008127083982,4.544228772942497,4.622896690530716,4.576581784937577,27.626666666666665,27.88451612903226,29.072976574198037,4.434911476910481,4.538755964626417,4.5386512763532805,31.3415,29.47649180327869,30.652640988121668,4.461678507750553,4.4789526176790515,4.531456111471382,8.141440619975535
2024-03-08,sz001282,30.72,29.8,30.72,29.46,25488,75936007.38,4.17,-1.32,-0.4,8.98,4.406335758457057,-0.2493883866031954,29.738,29.87933333333333,29.92142109141397,4.614399136065773,4.586569705002385,4.59323005067056,30.151,30.117636363636365,29.48143609246181,4.655724900818878,4.648952236193712,4.608668636930772,27.2625,28.83404761904762,28.89531162599793,4.5546842905594405,4.609764022484483,4.560367877653718,27.591666666666665,28.024731182795698,29.119881311346553,4.440019482664082,4.536912369887486,4.530114791327717,31.235,29.425950819672135,30.62468554588817,4.460216716688506,4.477138101308772,4.527353804815174,7.880447758745066
2024-03-11,sz001282,30.0,30.23,30.81,29.52,26187,78743426.61,4.33,1.44,0.43,9.23,4.418085748212462,0.011749989755405643,29.892000000000003,30.043333333333333,30.024280727609316,4.562247080741057,4.521131909051281,4.534848616517861,30.401999999999997,30.132,29.617538621105115,4.642627015767852,4.605745117538,4.574017202618352,27.548000000000002,29.11666666666667,29.02242480447432,4.561222009834035,4.596754637499058,4.546817198659313,27.598333333333336,28.194946236559144,29.19150187190484,4.4494703550237436,4.535497290245446,4.5228871111267335,31.15683333333333,29.393,30.611745036186917,4.45661960211332,4.475756758080051,4.5237712455822985,7.89621430968503
2024-03-12,sz001282,30.54,31.32,31.44,30.21,48553,150003137.27,4.07,3.61,1.09,17.11,4.6862160693252495,0.26813032111278723,30.404000000000003,30.519333333333332,30.45618715173955,4.593861278955486,4.562454905246011,4.585304434120324,30.484999999999996,30.298909090909092,29.927077053631457,4.690663253153884,4.613670400002982,4.5944169965650605,28.0105,29.47590476190476,29.24124148976248,4.576519537043837,4.608658833641077,4.560093281579879,27.705333333333332,28.435053763440855,29.32882433178195,4.458665711220102,4.5507712072971565,4.533424463268573,31.1015,29.398349726775958,30.634966510410294,4.460697569290372,4.483284511103393,4.5290973053771495,8.176100342287688
2024-03-13,sz001282,31.29,31.1,32.14,30.71,52452,165828097.12,4.57,-0.7,-0.22,18.48,4.719762052537277,0.03354598321202751,30.53,30.75133333333333,30.670791434493037,4.5772247547184595,4.604421829773275,4.630123640259309,30.332,30.410727272727275,30.14033577115301,4.653486479376544,4.618961090799963,4.617207006741827,28.4395,29.770142857142858,29.4182661097851,4.590933822449123,4.622300977973787,4.57529983119487,27.790333333333333,28.654064516129036,29.443093729731505,4.47410452987925,4.567616132543426,4.545446243221393,31.02716666666667,29.398300546448088,30.650213510068973,4.463836898998053,4.4917784285868985,4.535348608562727,8.219658117229663
2024-03-14,sz001282,30.7,30.47,31.46,30.0,38258,117138730.25,4.69,-2.03,-0.63,13.48,4.582722262824919,-0.1370397897123583,30.583999999999996,30.731333333333335,30.603860956328692,4.5626243782713924,4.606254332475428,4.6143231811145125,30.213,30.43581818181818,30.20027472185246,4.622204849317192,4.606094869608758,4.610937053302389,28.887,29.963523809523807,29.518431242186523,4.598379844341689,4.621518924676243,4.576006729445351,27.84266666666667,28.826946236559138,29.509345747168183,4.4854397507519055,4.57462372821734,4.547851147711944,30.938333333333333,29.380032786885245,30.64430487039458,4.466587201037469,4.495676309368107,4.5369018431287005,8.06870051209072
2024-03-15,sz001282,30.31,31.26,31.49,30.22,37004,114722824.64,4.17,2.59,0.79,13.04,4.5682486722841,-0.014473590540818648,30.875999999999998,30.956666666666667,30.8225739708858,4.595006961036802,4.608129097146331,4.598965011504375,30.307000000000006,30.62618181818182,30.39295204515201,4.604703048551287,4.596284655602742,4.603175529480882,29.266499999999997,30.189523809523816,29.684294933406857,4.600806783375599,4.618649289242187,4.575267866858565,27.898000000000003,29.047419354838706,29.622291182834754,4.495151433921197,4.579966239283933,4.54916711703918,30.8655,29.39057923497268,30.664491595955415,4.468892246006908,4.499009472359798,4.537929608019041,8.059649831406565
2024-03-18,sz001282,31.25,31.73,32.0,31.21,36036,114039608.93,2.53,1.5,0.47,12.7,4.556736578246606,-0.01151209403749398,31.176,31.241333333333333,31.125049313923867,4.622737127043631,4.595372302882932,4.58488886708512,30.534,30.884909090909098,30.636051673306188,4.592492103892344,4.587563479183708,4.594732083801922,29.6315,30.424142857142854,29.879123987368107,4.6048934858638315,4.614452126848949,4.573502982228854,27.977666666666668,29.294645161290322,29.758272396845417,4.508099613567708,4.583939474401702,4.549655469375143,30.811833333333333,29.418923497267762,30.699426297727367,4.471988880999565,4.501889614400445,4.538546229993716,8.057055719336876
2024-03-19,sz001282,31.58,32.46,33.08,31.31,56304,182157393.53,5.58,2.3,0.73,19.84,4.7505392494911165,0.19380267124451045,31.404000000000003,31.669333333333334,31.57003287594925,4.635601763076804,4.637973010365427,4.640105661220452,30.904000000000003,31.235090909090907,30.96767864179597,4.614731521016145,4.616299323838031,4.623060659381776,29.9945,30.69352380952381,30.12492170285686,4.624131078583705,4.62832315195631,4.590363579110974,28.104666666666667,29.583827956989246,29.932577403500552,4.531539163192281,4.599580741235469,4.562615713253593,30.767,29.47296174863388,30.757150025670732,4.482015504909369,4.511022413367381,4.545496820796909,8.26044680337983
2024-03-20,sz001282,32.23,31.99,32.42,31.64,32561,104035314.71,2.4,-1.45,-0.47,11.47,4.512697734294956,-0.2378415151961608,31.582,31.864666666666665,31.7100219172995,4.594188899428339,4.597005000771478,4.597636352245287,31.056000000000004,31.432545454545455,31.15355525237852,4.5857068270734,4.59774772625236,4.602994673002353,30.304000000000002,30.88357142857143,30.302548207346682,4.6180254820293,4.617710452500239,4.5829668319856385,28.24433333333333,29.834494623655917,30.065314345210194,4.5461852536500915,4.5983651651775785,4.559395198482068,30.717500000000005,29.513060109289615,30.79757133630448,4.487806889815778,4.512028388101334,4.544421440911598,8.01718078526344
2024-03-21,sz001282,32.02,31.92,32.36,31.13,30519,96859564.88,3.84,-0.22,-0.07,10.75,4.4845702992174115,-0.028127435077544227,31.872000000000003,31.977333333333334,31.780014611533,4.574558506706838,4.560465467367836,4.559947667902662,31.227999999999998,31.589636363636366,31.29290884285515,4.568591442489115,4.5793592666421805,4.581462968677818,30.5725,31.037476190476184,30.456591235218426,4.61915432366942,4.6050004350895835,4.57359573362676,28.447000000000003,30.071634408602154,30.184971484228893,4.55234966279137,4.594390006827083,4.5545677856262845,30.674666666666667,29.55248633879781,30.834372276097774,4.491936576479247,4.511922270376798,4.542459108397034,7.98614251374377
2024-03-22,sz001282,31.87,31.93,32.5,31.0,32790,103687926.64,4.7,0.03,0.01,11.55,4.515741416669365,0.031171117451953556,32.006,31.99666666666667,31.830009741022003,4.56405705558389,4.540859770688678,4.545212250824896,31.441000000000003,31.717272727272725,31.408743598699665,4.579532008310347,4.5697501710385895,4.569513595585372,30.796000000000003,31.1667619047619,30.596915879483337,4.617628454564612,4.595151586803864,4.568085798678437,28.65533333333333,30.296344086021502,30.297553969117352,4.5629668631430755,4.5920281844966295,4.5520628585968055,30.630666666666666,29.593644808743168,30.870294496553583,4.496274508723863,4.512702756940408,4.541583118504323,8.015728190343882
2024-03-25,sz001282,31.93,33.06,35.1,31.43,74872,248426992.55,11.49,3.54,1.13,26.38,4.874319434268185,0.3585780175988198,32.272000000000006,32.348,32.24000649401467,4.627573626788207,4.644280563583442,4.654914645305993,31.724,32.01163636363636,31.708972035299723,4.625155376915918,4.623347884849105,4.624932838982247,31.063,31.382380952380956,30.831495319532543,4.633891196341885,4.619598346775631,4.597250906829841,28.94,30.580516129032254,30.475776293690426,4.582533132194661,4.612115447149864,4.5728536054143145,30.5915,29.673295081967215,30.9420881196174,4.502482052306996,4.525097672532025,4.552492505906417,8.395198781837212
2024-03-26,sz001282,33.4,36.37,36.37,32.62,128694,455981217.09,11.34,10.01,3.31,45.35,5.109558299603425,0.23523886533523974,33.054,33.714000000000006,33.61667099600978,4.699377436810669,4.804942121188516,4.806462530071804,32.229,32.85636363636364,32.55643166524523,4.667489599943736,4.711421143519562,4.713046559095188,31.357,31.887809523809526,31.35897195576754,4.67907642654881,4.664899975657683,4.646042087093992,29.41666666666667,31.059870967741936,30.856048790871693,4.6068428913438035,4.646117070853654,4.607479714716838,30.609500000000004,29.862754098360657,31.12005244356437,4.513375679942843,4.545001811787646,4.570756958158778,8.65894695344914
2024-03-27,sz001282,35.9,33.18,35.9,32.73,105849,359789827.83,8.72,-8.77,-3.19,37.3,5.024686759412272,-0.08487154019115284,33.292,33.756,33.471113997339856,4.8017752418341315,4.913378562055716,4.87920393985196,32.437,33.029272727272726,32.66980772610973,4.697982070631236,4.776366081604749,4.769708413698294,31.384500000000003,32.06142857142857,31.532403198075393,4.675734275003889,4.697815245454203,4.682103484457637,29.772,31.302666666666667,31.005981126944487,4.626616571843161,4.673074739761297,4.6343962982455755,30.539499999999997,29.947032786885252,31.1875917077098,4.516787711507537,4.561766109475168,4.585639902462171,8.556048880577766
2024-03-28,sz001282,33.04,35.31,36.29,31.0,93809,318888667.79,15.94,6.42,2.13,33.05,4.9722445064263345,-0.05244225298593719,33.97,34.42866666666667,34.084075998226574,4.899310083275916,4.970201650253118,4.910217462043419,32.92100000000001,33.551636363636355,33.149842684998866,4.736934294991377,4.82623197902204,4.806533157830665,31.567,32.43528571428571,31.892174322068215,4.679569572154285,4.726054315113484,4.70973596274037,30.23166666666667,31.659956989247313,31.28365976391581,4.644564661224918,4.695373316186019,4.656192956837883,30.522000000000002,30.103442622950816,31.322752635325873,4.522495851933597,4.576699119144637,4.598315463247882,8.503639086180192
2024-03-29,sz001282,38.1,35.64,38.15,35.5,125154,459287485.74,7.5,0.93,0.33,44.1,5.0974447344889215,0.12520022806258702,34.712,34.98533333333333,34.60271733215105,5.015650746839827,5.036246533990787,4.9726265528585865,33.358999999999995,34.04599999999999,33.602598560453615,4.789853901211859,4.891779331657958,4.859426171768529,31.833,32.823190476190476,32.24911010091886,4.697278474881573,4.765851949621545,4.746660607668804,30.63066666666667,32.008881720430104,31.56471397269544,4.663822489321019,4.724591385428858,4.68466081346053,30.525666666666666,30.271245901639347,31.464301729249613,4.533048831941177,4.595549902179237,4.614680357386933,8.662084612306439
2024-04-01,sz001282,35.0,36.9,37.09,34.24,90869,329739395.13,8.0,3.54,1.26,32.02,4.958415748731823,-0.13902898575709877,35.480000000000004,35.714666666666666,35.36847822143404,5.032470009732554,5.0171682012881185,4.967889618149666,33.876000000000005,34.68981818181818,34.20212609491659,4.830021818260381,4.922426940297951,4.877424276670946,32.205,33.3057619047619,32.692051996069445,4.711256961076362,4.7907221661787105,4.766827763960519,31.046333333333333,32.41335483870968,31.908925974457024,4.679936263329349,4.7435974021650384,4.70232242218771,30.533833333333334,30.480240437158475,31.642521344684052,4.539185841948143,4.609496358467455,4.625950370217914,8.518170836938394
2024-04-02,sz001282,36.38,35.7,36.99,35.24,69192,249299867.02,4.74,-3.25,-1.2,24.38,4.840055884099814,-0.11835986463200854,35.346000000000004,35.788000000000004,35.47898548095603,4.9785695266318335,4.953030159410537,4.925278373466382,34.2,35.021454545454546,34.47446680493176,4.838973481721251,4.9242513159051216,4.870630023476195,32.552,33.63861904761905,32.978523234539026,4.726852501368698,4.802988730276184,4.773801870640452,31.396333333333335,32.71359139784946,32.153511395459795,4.695745212962887,4.753927700279262,4.711208451988491,30.526000000000003,30.649622950819676,31.775553431743592,4.543081492330805,4.619360950013412,4.632970223132074,8.396722046845147
2024-04-03,sz001282,35.09,33.6,35.13,33.28,44355,151350812.78,5.18,-5.88,-2.1,15.63,4.646942583581799,-0.19311330051801523,35.43,35.206,34.852656987304016,4.903020691465739,4.842487845060527,4.832499776838188,34.361000000000004,34.91236363636364,34.31547284039871,4.852397966649935,4.889336607152493,4.829959579859032,32.7085,33.73842857142857,33.03771149791626,4.7190523968616676,4.795378261915526,4.761720033777723,31.656333333333333,32.855763440860215,32.246833240914,4.696149643569512,4.750779143544998,4.707062266929995,30.474833333333333,30.75040983606558,31.835371352014295,4.544380354218046,4.622766231693772,4.633428333310753,8.179984757535216
2024-04-08,sz001282,33.16,31.67,33.45,31.55,35949,116856871.89,5.65,-5.74,-1.93,12.67,4.55568681403678,-0.09125576954501913,34.702,33.95266666666667,33.791771324869345,4.819709152987828,4.726709885917541,4.740228789237719,34.336,34.42309090909091,33.83447777850804,4.859509618131872,4.8353891248591925,4.780091804254986,32.782,33.639523809523816,32.90745326001947,4.714050530310494,4.779819634979821,4.7420978223738235,31.827,32.85664516129032,32.2096181931131,4.699272755156904,4.741717025510628,4.69729610867882,30.4095,30.7895956284153,31.82994934047284,4.546563434384926,4.623136935294387,4.6308794310394745,8.067654256618313
2024-04-09,sz001282,31.33,31.85,32.12,31.33,22313,71081076.11,2.49,0.57,0.18,7.86,4.3485579654364575,-0.20712884860032243,33.944,33.002,33.144514216579566,4.669931799177335,4.569659490067083,4.609671847970632,34.328,33.971090909090904,33.47366363696112,4.842791273008581,4.742488824369117,4.70163110628798,32.8845,33.550761904761906,32.8067434257319,4.711161640659464,4.745010819277533,4.704617835998836,31.973333333333333,32.85812903225806,32.18641701936387,4.692682727379268,4.719090264883502,4.6747968736309256,30.32283333333333,30.836825136612024,31.83060673914586,4.54047716576021,4.616644952705912,4.621622989544293,7.85175399405022
2024-04-10,sz001282,31.88,30.51,31.99,29.65,35908,109842768.82,7.35,-4.21,-1.34,12.65,4.555191216511408,0.20663325107495023,32.666000000000004,31.857333333333337,32.26634281105304,4.589286892733251,4.531412629178442,4.591511637484224,34.073,33.27690909090909,32.93481570296819,4.810878451232903,4.690197905005995,4.675005671783149,32.8985,33.324619047619045,32.58800595661458,4.718016914074411,4.730156493168194,4.690386729380986,32.06633333333334,32.763720430107526,32.07826108263072,4.692886947972225,4.710219844827513,4.667080379623215,30.203833333333332,30.842961748633883,31.787308157534518,4.535606506869095,4.617127380599395,4.619444898625182,8.04077147168037
2024-04-11,sz001282,29.88,30.25,30.88,29.88,22083,67167916.7,3.28,-0.85,-0.26,7.78,4.344058072451301,-0.2111331440601063,31.576,31.052000000000003,31.59422854070203,4.490087330403549,4.449669689084458,4.5090271158065836,33.461,32.58181818181818,32.446667393337606,4.734328428517691,4.605321472500249,4.61483338099554,32.845,33.07238095238095,32.36533872265129,4.700909014230713,4.6945413653945645,4.657403047768635,32.05833333333334,32.6465376344086,31.960308754719062,4.697493760538437,4.687714756084227,4.646240230773414,30.086666666666666,30.844475409836065,31.736904611385846,4.530979044083079,4.610847104061106,4.610415822357186,7.827161878301294
2024-04-12,sz001282,30.23,30.18,30.79,30.18,17120,52210847.59,2.02,-0.23,-0.07,6.03,4.233503760341135,-0.11055431211016664,30.892000000000003,30.586666666666662,31.12281902713469,4.407399565755417,4.364141832396986,4.417185997318101,33.161,31.985272727272726,32.0345460490944,4.655210128610577,4.514262441922693,4.545500722694738,32.799,32.81857142857143,32.15721122525593,4.676596099620906,4.650026579309843,4.617031687061254,31.97666666666667,32.52535483870968,31.84545012538235,4.668892892872786,4.657779917361821,4.619612071390686,29.989333333333335,30.847535519125685,31.68585855855352,4.522069392493378,4.601093816069566,4.598058049832068,7.717760743597078
2024-04-15,sz001282,30.34,30.76,31.29,29.0,27516,83951346.97,7.59,1.92,0.58,9.7,4.439585300777564,0.20608154043642912,30.71,30.54266666666667,31.001879351423128,4.384179263103573,4.374870410737702,4.424652431804589,32.706,31.54872727272727,31.80281040380451,4.601944208045699,4.475057927771236,4.526243373255252,32.813500000000005,32.62438095238095,32.02414348951727,4.669439251518538,4.627454122277144,4.600132031224712,31.946666666666665,32.44686021505377,31.775421085035102,4.653694450784756,4.6429858791621275,4.60799744102855,29.957666666666668,30.872803278688526,31.65550254024029,4.517078051377053,4.598389419619868,4.592862221994215,7.924027668633036
2024-04-16,sz001282,30.77,27.68,30.97,27.68,31328,89426961.73,10.7,-10.01,-3.08,11.04,4.495932670123044,0.056347369345480125,29.875999999999998,29.532666666666668,29.894586234282087,4.41365420404089,4.41212154641086,4.448412511244074,31.910000000000004,30.634909090909087,31.05320851220369,4.541793001609113,4.455783102694389,4.520732336322123,32.6345,32.1354761904762,31.610415538134674,4.6658234514104855,4.610929685953764,4.590208282548363,31.858666666666668,32.17159139784946,31.51120036987155,4.645449983790753,4.632807699764599,4.60076745580884,29.862333333333332,30.798125683060114,31.52515819465864,4.5159459187037765,4.597696128431212,4.589684203900078,7.951468475901457
2024-04-17,sz001282,27.96,29.33,29.49,27.89,24710,71589580.16,5.78,5.96,1.65,8.71,4.392872745402079,-0.1030599247209647,29.639999999999997,29.350666666666665,29.70639082285473,4.381190509819025,4.405194393531255,4.429899255963409,31.153,30.165818181818185,30.739897873621196,4.485238701276138,4.428706692474928,4.497485137973024,32.514500000000005,31.82076190476191,31.393233105931373,4.6576302597682595,4.58493438061963,4.571414421867765,31.854333333333333,32.00845161290322,31.370477765363706,4.6359175411429545,4.616512394062103,4.587354893847113,29.811666666666667,30.780672131147544,31.453185794833765,4.515578688988893,4.5936609424213195,4.583231369195225,7.854849815487677
2024-04-18,sz001282,29.13,29.82,30.4,28.81,26756,79847884.38,5.42,1.67,0.49,9.43,4.427421187280595,0.03454844187851602,29.554000000000002,29.410666666666664,29.74426054856982,4.397863132784883,4.420604619351779,4.429073233069138,30.564999999999998,29.923454545454543,30.572643714780977,4.443975231594217,4.418194417203012,4.484746237847128,32.3825,31.564142857142855,31.243401381556957,4.641474356657733,4.563009707049376,4.557700780478511,31.889666666666667,31.877204301075277,31.270446941791853,4.632560078110537,4.603061016393564,4.57703659019766,29.781999999999996,30.780945355191257,31.399638719593312,4.51720055453369,4.590770532529245,4.578122838640647,7.902263413721041
2024-04-19,sz001282,29.82,29.75,30.45,29.4,20366,60736241.21,3.52,-0.23,-0.07,7.18,4.308905739431567,-0.11851544784902845,29.468,29.476,29.74617369904655,4.41294352860297,4.390952154900673,4.389017401856615,30.179999999999996,29.775272727272725,30.423072130275344,4.410171547179193,4.393636327718894,4.4527752381352075,32.2705,31.31342857142857,31.10117267855153,4.631284756914565,4.531336505408788,4.5340060146645165,31.865666666666666,31.73916129032258,31.172353590708507,4.616092113634176,4.582180091317502,4.559737825632107,29.751166666666666,30.77989617486339,31.34555220419681,4.517478418309058,4.583941194329174,4.569296048502644,7.783447911186666
2024-04-22,sz001282,29.64,28.86,29.94,28.45,17248,50025950.45,5.01,-2.99,-0.89,6.08,4.236738743506645,-0.07216699592492226,29.088,29.273333333333333,29.450782466031036,4.372374217148787,4.332217226535232,4.338257849073292,29.899,29.53527272727273,30.138877197498005,4.3782767401261795,4.362103090687521,4.413495875475469,32.1175,30.98861904761905,30.887727661546624,4.618893179129026,4.493760694608035,4.5056948459828146,31.821000000000005,31.54524731182795,31.023169488082154,4.602125933582388,4.557705680341533,4.5388991751724,29.723833333333335,30.750677595628414,31.264058689305113,4.518518705246435,4.574736614827457,4.558392530306054,7.699195348607981
2024-04-23,sz001282,28.58,28.8,29.47,28.58,17480,50781672.27,3.08,-0.21,-0.06,6.16,4.242541428298384,0.005802684791739843,29.312,29.17733333333333,29.233854977354028,4.321695968783854,4.288939630251765,4.306352375481657,29.594,29.335454545454546,29.895444979771092,4.367675086412373,4.3374239430824675,4.382413248715999,31.960999999999995,30.672666666666665,30.688896455685043,4.605233179710477,4.457917670719402,4.4806326157271545,31.787666666666667,31.350344086021504,30.87973919852847,4.5966661225770995,4.534506680000629,4.519779320535367,29.689666666666668,30.720387978142075,31.183269879819697,4.518342802620591,4.565688179517685,4.548036756469736,7.705706998343041
2024-04-24,sz001282,28.88,29.99,29.99,28.88,25671,76037053.08,3.85,4.13,1.19,9.05,4.409442786708955,0.16690135841057074,29.444,29.40333333333333,29.48590331823602,4.325009977045228,4.318188569560132,4.340715845890756,29.542,29.40745454545454,29.912636801630892,4.353100243432127,4.345018070409119,4.387327710169263,31.807499999999997,30.484952380952382,30.622334888476946,4.581989347332515,4.4392709666240195,4.473852632011136,31.779666666666667,31.234365591397854,30.82233666959115,4.596378023860315,4.522427755105909,4.512660834482051,29.689000000000004,30.730234972677593,31.144146277202655,4.522924189442029,4.562117687192712,4.5434926918874154,7.881025276842865
2024-04-25,sz001282,29.89,29.5,30.29,29.47,24257,72508095.78,2.73,-1.63,-0.49,8.55,4.3848370882036845,-0.024605698505270723,29.380000000000003,29.422,29.49060221215735,4.316493157229847,4.338130939946283,4.355422926661732,29.467000000000002,29.399818181818176,29.837611928607092,4.357178145007365,4.35078840582213,4.3868748698118845,31.464,30.26519047619048,30.515445851479143,4.545753286762528,4.420494560992701,4.465374961172332,31.719,31.087290322580643,30.737024626391722,4.58633205782293,4.508779952805481,4.504414141173769,29.71216666666667,30.724038251366125,31.090239841884536,4.522498884521516,4.557590241250472,4.538290868815818,7.860386499761191
2024-04-26,sz001282,30.18,30.6,31.15,29.85,31296,95487979.97,4.41,3.73,1.1,11.03,4.495488833107507,0.1106517449038229,29.55,29.828666666666667,29.860401474771567,4.353809775965035,4.397796165238836,4.4021115621436575,29.508999999999997,29.60581818181818,29.976227941587616,4.383376652284003,4.3759358036585185,4.406622863138361,31.334999999999997,30.182904761904762,30.52349862752875,4.51929339044729,4.415707470168414,4.468242948975682,31.702333333333335,31.015096774193548,30.72818432791484,4.578856283841938,4.502919099598034,4.503838314846914,29.746333333333332,30.75314754098361,31.074166404445698,4.526480406860594,4.556704665794275,4.5368875233827595,7.979948706020929
2024-04-29,sz001282,31.12,31.3,31.68,30.83,30600,95812186.66,2.78,2.29,0.7,10.78,4.48572142648158,-0.009767406625927677,30.038,30.412,30.340267649847714,4.403606312560022,4.441766715411018,4.429981516922965,29.563,29.931454545454546,30.216913770389866,4.3879902648544045,4.394543944421716,4.421004420109855,31.134500000000003,30.17957142857143,30.59745113919268,4.494967236450052,4.412510140266918,4.469907565881005,31.73,30.989139784946236,30.765075661597756,4.575622922630493,4.496910399123173,4.5026694833394725,29.786333333333335,30.80408743169399,31.081570784627804,4.530531336691199,4.555368305781849,4.53520994643518,7.981420751903024
2024-04-30,sz001282,31.6,30.87,31.82,30.73,30149,93959580.83,3.48,-1.37,-0.43,10.62,4.479272911776857,-0.006448514704723074,30.451999999999998,30.689333333333334,30.51684509989848,4.450952609255717,4.4669889151499635,4.446411981874262,29.881999999999998,30.16909090909091,30.33565672122807,4.386324289019785,4.411140789316706,4.431598691322037,30.896000000000004,30.154380952380954,30.623408173555283,4.4640586453144495,4.411015442678994,4.470799503585372,31.717,30.933655913978495,30.771844973752742,4.572657063946919,4.49069426939068,4.501160027109626,29.8075,30.8396174863388,31.074634037590826,4.533904248934059,4.553687701686296,4.533375945298841,7.97294107064682
2024-05-06,sz001282,31.12,31.43,31.66,31.12,23210,72954940.51,1.75,1.81,0.56,8.18,4.3656751404559175,-0.11359777132093907,30.74,31.015333333333334,30.82123006659899,4.442199080005109,4.438563092216697,4.419499701401481,30.092000000000002,30.450545454545455,30.53462822645933,4.3836045285251695,4.40738639866873,4.419612591164561,30.622500000000002,30.205238095238094,30.700226442740494,4.4344216149006535,4.40164558507342,4.460787659477805,31.707,30.915139784946234,30.81430658834934,4.566288349353896,4.47734059690739,4.492419066680355,29.842333333333336,30.892814207650275,31.086285380620634,4.537193981460802,4.548171993211604,4.5278775582548105,7.863054707656172
2024-05-07,sz001282,31.43,31.14,31.56,30.91,18277,57010931.72,2.07,-0.92,-0.29,6.44,4.261904911837202,-0.10377022861871588,31.068,31.148666666666664,30.927486711065995,4.417612644731813,4.378465036160728,4.366968104880055,30.224,30.641090909090913,30.64469582164854,4.36705290098083,4.385259195634554,4.3909384676504954,30.3945,30.254523809523814,30.74210963866997,4.405514066287523,4.3852154228769,4.441846445416795,31.663000000000004,30.878559139784947,30.83531906652035,4.550000538098766,4.457702955777281,4.477547185722733,29.88383333333333,30.935360655737707,31.08804651568225,4.540769850645523,4.539146122076404,4.519157143618167,7.755958138663282
2024-05-08,sz001282,31.01,30.01,31.01,30.01,22783,69382600.98,3.21,-3.63,-1.13,8.03,4.357610910158445,0.09570599832124316,30.95,30.796,30.621657807377332,4.390037060142,4.358464457969605,4.363849039972852,30.25,30.602181818181815,30.529296581348802,4.371923418053518,4.383542470030484,4.38487891174285,30.214999999999996,30.21790476190476,30.67238491117759,4.391047482616355,4.380653217531274,4.4338240134874285,31.597,30.771913978494617,30.782072675131943,4.5448309772942155,4.445290721716614,4.469809361492779,29.920666666666666,30.93949726775957,31.052700728282833,4.545508115472154,4.533140910912893,4.513860545799815,7.841250576424008
2024-05-09,sz001282,29.89,30.67,30.88,29.88,21611,66153088.39,3.33,2.2,0.66,7.61,4.334674863340148,-0.02293604681829642,30.824,30.70266666666667,30.63777187158489,4.359827747513714,4.3400103923689874,4.354124314428617,30.431,30.678545454545453,30.554879021103567,4.381717030036869,4.376770005537144,4.375750902942358,30.165000000000003,30.2612380952381,30.672157776779727,4.379996885081524,4.375284396647826,4.424381237282926,31.555333333333333,30.712107526881727,30.774842179962143,4.539834462764973,4.431732262751835,4.461091006773255,30.001166666666666,30.964065573770494,31.0401531634211,4.546092062778171,4.526228345269221,4.507985605391301,7.820550124251797
2024-05-10,sz001282,30.6,29.59,30.94,29.5,22420,66907023.88,4.7,-3.52,-1.08,7.9,4.350635608258955,0.01596074491880639,30.568,30.291333333333334,30.288514581056596,4.334100286810133,4.336946345950735,4.352961412372063,30.51,30.525636363636362,30.379446471812006,4.392526448032925,4.37111883794116,4.371184485727194,30.052,30.2064761904762,30.569095131372134,4.380100767222649,4.372488084569486,4.417357844042548,31.477333333333334,30.585311827956993,30.698400748996846,4.534330935817959,4.419525885041771,4.453964852030397,30.066333333333333,30.950584699453557,30.992607158063027,4.548648899480518,4.5198199369243275,4.50282658909188,7.825471712270113
2024-05-13,sz001282,29.1,28.65,29.49,28.47,20983,60211070.68,3.45,-3.18,-0.94,7.39,4.321867580630788,-0.02876802762816677,30.012,29.652,29.742343054037732,4.3253387748451075,4.332868777224287,4.342596801791639,30.375999999999998,30.187454545454546,30.06500165875528,4.383768927425108,4.358271771140771,4.362217775709666,29.959000000000003,30.072952380952383,30.38632416647955,4.368434585428617,4.366942066798832,4.408263533241428,31.330333333333332,30.40290322580645,30.56624586196479,4.515915874030046,4.405818571803889,4.4454424474239715,30.13516666666667,30.904147540983605,30.915800365995388,4.549224503112355,4.512384483847288,4.496893506847254,7.779676349948912
2024-05-14,sz001282,28.88,29.75,30.4,28.57,27388,80713654.3,6.39,3.84,1.1,9.65,4.437560319195281,0.11569273856449325,29.734,29.564666666666668,29.74489536935849,4.3604698563167235,4.370275958674344,4.3742513075928535,30.401,30.073636363636357,30.007728629890682,4.389041250524268,4.368052024189894,4.375916419979777,29.934000000000005,30.05304761904762,30.32572186491007,4.373109697765817,4.373525470014705,4.4110537033322705,31.109666666666666,30.300946236559145,30.513584838612225,4.4935159413497745,4.400763374717775,4.444933923022121,30.263166666666667,30.89151912568306,30.877577403175867,4.550179416346789,4.508723363063121,4.494948156432435,7.906947010379184
2024-05-15,sz001282,29.67,29.05,29.7,28.94,14345,41812235.81,2.55,-2.35,-0.7,5.05,4.156700552582017,-0.28085976661326395,29.542,29.336666666666662,29.513263579572328,4.3202877848014385,4.302352857429442,4.301734389255909,30.246000000000002,29.828,29.833596151728738,4.355162422471719,4.3258082609276665,4.336058989543821,29.877500000000005,29.96885714285714,30.204224544442443,4.369269537377861,4.352915075235296,4.3868295937370085,30.971999999999998,30.168064516129036,30.419160010314663,4.464583067788766,4.379033349635983,4.426338221703404,30.372,30.851743169398905,30.817656832579935,4.545599819815964,4.495822416710178,4.48385807106029,7.62130339103724
2024-05-16,sz001282,29.05,29.97,30.1,29.05,22619,67470496.68,3.61,3.17,0.92,7.97,4.354473400585812,0.1977728480037948,29.401999999999997,29.47933333333333,29.66550905304822,4.324247492250571,4.313748062690901,4.31931405969921,30.113,29.77781818181818,29.85839685141442,4.342037619882143,4.325682984221138,4.339407064278728,29.838,29.977666666666664,30.18191744497173,4.3650139423682734,4.351505919350339,4.383748051532133,30.793999999999997,30.10341935483871,30.390181945133072,4.443990697594082,4.371929500139019,4.421701781631302,30.512833333333333,30.838562841530056,30.78986480528223,4.5442776794095,4.489555976735418,4.479615950716863,7.829113907199749
2024-05-17,sz001282,29.92,29.85,30.0,29.61,11538,34370217.65,1.3,-0.4,-0.12,4.07,4.062130534622123,-0.29234286596368886,29.453999999999997,29.628666666666668,29.72700603536548,4.266546477523205,4.226375743481418,4.233586218006848,30.011000000000003,29.73,29.856870151157253,4.300323382166669,4.274790786901135,4.288993149795709,29.946499999999997,29.97880952380952,30.150306259736325,4.343323835593227,4.322659880517372,4.353117811826418,30.601,30.042516129032254,30.35533149705997,4.409480224265189,4.347293360592441,4.3985036366629675,30.61583333333333,30.816830601092903,30.75904956576478,4.5366513567931035,4.473747873627636,4.465927904287527,7.53618228232328
2024-05-20,sz001282,29.85,29.65,30.0,29.58,13051,38795818.6,1.41,-0.67,-0.2,4.6,4.115643789669941,0.05351325504781812,29.654000000000003,29.694,29.701337356910322,4.225301719331036,4.17607484753033,4.19427207522788,29.833,29.664363636363635,29.819257396401387,4.275320247088071,4.241212679174457,4.257475084318297,29.9625,29.95057142857143,30.10265804452334,4.32946238780662,4.300976066619916,4.330501238287706,30.359333333333332,29.98116129032258,30.30982623918514,4.381387825629792,4.328336171263715,4.380254614276321,30.702833333333334,30.78516393442623,30.722687284920035,4.53066204447957,4.459944346836713,4.4544431792180985,7.588784920006454
2024-05-21,sz001282,29.92,29.2,29.93,28.95,10932,31953574.47,3.31,-1.52,-0.45,3.85,4.038699623020623,-0.07694416664931847,29.544,29.542666666666666,29.53422490460688,4.145529580096104,4.113874148760193,4.142414591158794,29.639,29.54927272727273,29.70666514251022,4.252999718206413,4.19819074752583,4.217697727718719,29.9315,29.877952380952383,30.016690611711596,4.3100263095936215,4.273284374735536,4.302710608262269,30.14266666666667,29.906365591397847,30.238224546334486,4.354675950260487,4.306227254966349,4.358218808388857,30.7695,30.735890710382517,30.672763111643967,4.525210581611686,4.4438144313790415,4.440812242949329,7.50451944733842
2024-05-22,sz001282,29.0,28.8,29.39,28.66,14637,42285614.97,2.5,-1.37,-0.4,5.16,4.165452072831929,0.12675244981130618,29.494,29.294666666666668,29.28948326973792,4.147279884146085,4.1205149796721345,4.150093751716506,29.518,29.396727272727272,29.54181693478109,4.233783834473762,4.182272993821378,4.208198517739302,29.884000000000004,29.77019047619048,29.900815315358113,4.302853626263639,4.259515399805851,4.289638366792713,29.982666666666667,29.819741935483876,30.145435865925812,4.338626266568824,4.294019262874184,4.34578224480454,30.8195,30.67131693989071,30.611361042409737,4.517387955069169,4.432019070435444,4.431784040650398,7.626192651023664
2024-05-23,sz001282,28.55,28.72,29.3,28.37,15369,44206302.71,3.23,-0.28,-0.08,5.42,4.1866456105960035,0.0211935377640744,29.244,29.036666666666665,29.099655513158616,4.113714326148124,4.133636888488774,4.162277704676339,29.323,29.251636363636365,29.3923956739118,4.218980909199347,4.173702407661786,4.204279807349612,29.877,29.659333333333333,29.788356713895435,4.300348969618108,4.248447969742266,4.279829532869217,29.884333333333334,29.738279569892477,30.053472261672535,4.326324893120798,4.284214059263035,4.335515365178183,30.855666666666668,30.602480874316935,30.54934920495368,4.5127988241388515,4.421175059141241,4.423746715074843,7.645484193263898
2024-05-24,sz001282,28.51,28.94,29.13,28.22,14604,42132915.0,3.17,0.77,0.22,3.66,4.1644718242776895,-0.022173786318314015,29.062,28.935333333333332,29.046437008772415,4.1341825840792366,4.150556054531962,4.163009077876789,29.258,29.182000000000006,29.310141915018743,4.20036453080122,4.163791664948756,4.197041992245626,29.884000000000004,29.570095238095238,29.707560836381585,4.296445489417073,4.235507289233655,4.2688430844319285,29.787333333333333,29.67735483870967,29.981635341564633,4.320188688415507,4.273771925789285,4.324480298023312,30.880333333333336,30.539672131147544,30.496583657250277,4.506435707897388,4.409754501768744,4.415245898983134,7.6246215071833445
2024-05-27,sz001282,28.83,29.22,29.22,28.47,11776,33893181.45,2.59,0.97,0.28,2.95,4.0709977969934235,-0.09347402728426601,28.976,28.987999999999996,29.10429133918161,4.1252533855439335,4.1294944588366915,4.132338650915667,29.314999999999998,29.17509090909091,29.293752475924425,4.175277552437484,4.140270440620067,4.174124865836134,29.845500000000005,29.50685714285714,29.66112647101191,4.279523239931296,4.214036080431402,4.2500006761044515,29.74433333333333,29.64075268817205,29.932497577592724,4.304048907764907,4.257695094084635,4.308126588279448,30.905333333333335,30.4852349726776,30.454728455373214,4.498467927868566,4.395477848952221,4.4039590759670775,7.530112336654731
2024-05-28,sz001282,29.22,28.43,29.34,28.33,10787,30879133.75,3.46,-2.7,-0.79,2.7,4.032900678732676,-0.038097118260747465,28.822000000000003,28.806,28.87952755945441,4.124093596686344,4.098710223232938,4.099192660188003,29.183,29.014181818181818,29.13670657121089,4.134811588391225,4.114383736310102,4.1484477409082325,29.792,29.37204761904762,29.543876330915538,4.261926419457746,4.190548217460105,4.229324485878569,29.683666666666667,29.55595698924731,29.8355622500061,4.293676994640952,4.240201659953524,4.2903700779861085,30.871,30.404076502732245,30.38834391585278,4.495585377589694,4.380213348980552,4.391793226877425,7.48966510860438
2024-05-29,sz001282,28.4,28.86,29.09,28.4,9352,26963638.0,2.43,1.51,0.43,2.35,3.9709044981537835,-0.061996180578892446,28.834000000000003,28.81866666666667,28.87301837296961,4.085184081750715,4.047647190388752,4.056429939509931,29.163999999999998,28.95545454545455,29.086396285536182,4.116231982948401,4.084582447176021,4.116167151316514,29.705000000000002,29.283285714285714,29.478745251780722,4.23569720271006,4.162831844002586,4.204713058476208,29.639666666666667,29.50281720430107,29.77262275000571,4.284923685901374,4.219377627922094,4.269759395416282,30.80816666666667,30.338142076502734,30.338234279267443,4.4769082893870795,4.363010697195768,4.377993596427469,7.430778487890512
2024-05-30,sz001282,28.88,29.23,29.46,28.73,12936,37849960.0,2.53,1.28,0.37,3.24,4.111800006898345,0.14089550874456114,28.936,28.950666666666667,28.992012248646407,4.0702149610111835,4.056519165437961,4.074886628639403,29.090000000000003,28.967454545454547,29.112506051802328,4.0919646435796535,4.083776633348739,4.115373125058665,29.601499999999998,29.238047619047617,29.455055227801605,4.217001131730898,4.151032111068136,4.195864196421173,29.588666666666665,29.476387096774193,29.737614830650504,4.2739975094387335,4.208208358308994,4.259568467124802,30.76766666666667,30.28639890710383,30.301898729127526,4.463845980111745,4.351039933835482,4.369265937754383,7.578065424872063
2024-05-31,sz001282,29.23,29.63,29.68,29.14,12718,37547582.08,1.85,1.37,0.4,3.19,4.104418820647595,-0.007381186250749572,29.074,29.182000000000002,29.20467483243094,4.058204360285164,4.067920451983432,4.084730692642134,29.068,29.06563636363636,29.20659586056554,4.0961934721822,4.086041029179273,4.113381433347561,29.539499999999997,29.240761904761907,29.47171663467764,4.1982584271744345,4.140309986203059,4.187155113014166,29.653666666666666,29.479053763440856,29.730671938350472,4.260947047789552,4.197267797741825,4.249558812513369,30.756166666666665,30.24909836065574,30.279869262598755,4.453198515790152,4.33925543680387,4.3605824257180945,7.574581975344879
2024-06-03,sz001282,29.68,29.39,30.02,29.2,13873,41034894.0,2.77,-0.81,-0.24,3.48,4.142170386276096,0.03775156562850057,29.108000000000004,29.287333333333333,29.266449888287294,4.072438878141699,4.0959091273137425,4.103877257186788,29.042,29.124181818181818,29.239942067735438,4.098846131842817,4.0944004681054365,4.118615788425476,29.4375,29.226523809523812,29.463934098041676,4.1870831894654446,4.134968268022265,4.182870853324826,29.65566666666667,29.462043010752694,29.708693103618184,4.252590302485353,4.189604787321602,4.242630526949674,30.755000000000003,30.204306010928956,30.250693221202074,4.444253921814153,4.329057793213246,4.3534213752445865,7.613153315905371
2024-06-04,sz001282,29.36,29.4,29.45,28.65,11934,34574232.6,2.72,0.03,0.01,2.99,4.076786033508079,-0.06538435276801646,29.302,29.384666666666664,29.310966592191534,4.081215949096779,4.097358179102536,4.094846849293885,29.062,29.18927272727273,29.269043509965357,4.102654772891562,4.090389541135484,4.111010378440495,29.3505,29.22295238095238,29.45784513632342,4.177827245548988,4.124463776978708,4.1727675371518025,29.641666666666666,29.44554838709677,29.688777419513787,4.240902464026268,4.178262576419842,4.231930882211507,30.765666666666664,30.15987978142077,30.222801640179053,4.436731271068402,4.317009665727801,4.344351364040111,7.5387525494094305
2024-06-05,sz001282,29.2,28.85,29.59,28.78,7820,22836866.0,2.76,-1.87,-0.55,1.96,3.893206753059848,-0.18357928044823124,29.3,29.233999999999998,29.157311061461026,4.065676400077993,4.034688447090226,4.027633483882539,29.067,29.150727272727273,29.192853780880746,4.075430240914354,4.052308082984263,4.0714097192803775,29.2925,29.17528571428571,29.399955123340238,4.154607037694058,4.097357063408313,4.146142700571616,29.611666666666665,29.39447311827957,29.634662747287095,4.227045831147211,4.155830595067169,4.210077712588819,30.73866666666667,30.097071038251364,30.177791750337118,4.421568972390693,4.29918918972752,4.329559737450594,7.358636503588901
2024-06-06,sz001282,29.03,28.3,29.15,27.59,14433,40599555.21,5.41,-1.91,-0.55,3.62,4.1593566116222265,0.2661498585623785,29.113999999999997,28.900666666666666,28.871540707640687,4.075187721022769,4.065915184271637,4.071541193129102,29.025,29.01127272727273,29.030516729811517,4.072701341016976,4.067567423112966,4.087400063342532,29.173999999999996,29.0807619047619,29.29519749254593,4.145841125108161,4.097809403782424,4.147401168290722,29.593,29.30984946236559,29.54855547326857,4.224466426751063,4.151463548646203,4.2068053834942,30.707,30.017114754098365,30.116224807703112,4.413296180166727,4.290592063144947,4.323979307095565,7.608521275673235
2024-06-07,sz001282,28.45,28.48,28.82,28.27,7507,21433441.89,1.94,0.64,0.18,1.88,3.8754664158663856,-0.28389019575584085,28.884000000000004,28.689333333333334,28.741027138427125,4.029397240066527,3.999341415886176,4.00618293404153,28.978999999999996,28.912181818181818,28.930422778936695,4.0438008001758465,4.031706527631042,4.0488666728923235,29.1185,29.014666666666667,29.217559636112988,4.1220826654885325,4.072059431473683,4.121502620440785,29.582333333333334,29.238043010752687,29.47961641047705,4.21223059300333,4.128947418911706,4.185428675905309,30.685000000000002,29.944098360655744,30.06257809269645,4.404448357790215,4.272958300381002,4.309273966399527,7.331091917836376
2024-06-11,sz001282,28.22,28.88,28.93,27.77,8361,23690142.87,4.07,1.4,0.4,2.1,3.9222582234329666,0.04679180756658097,28.782,28.688000000000002,28.787351425618084,3.9854148074979014,3.9636284103416553,3.9782080305053427,28.945000000000004,28.894181818181814,28.921255000948204,4.0289268428198,4.009607877314155,4.025846954808804,29.130000000000003,28.99195238095238,29.18541109934032,4.102102197628643,4.053028532230297,4.102526963582898,29.545333333333335,29.192731182795697,29.440931480768853,4.195991107560798,4.110239524100717,4.168449937036126,30.6625,29.884918032786885,30.023805040476894,4.396184565710557,4.2571487877791245,4.296584925646525,7.374567679864408
2024-06-12,sz001282,28.79,28.91,29.18,28.6,7328,21220763.99,2.01,0.1,0.03,1.84,3.8649854606597938,-0.057272762773172836,28.683999999999997,28.730666666666664,28.82823428374539,3.943054692928244,3.923485294728953,3.94046717389016,28.993000000000002,28.88781818181818,28.919208637139437,4.012135321012512,3.9798003532850625,3.996599410418075,29.088,28.971,29.15918147083172,4.073473454701868,4.030445985852311,4.079903963304507,29.525666666666666,29.151741935483873,29.40667783684828,4.178662719976002,4.088884321074845,4.148871583721524,30.622333333333334,29.827459016393437,29.98728684242847,4.382497388899466,4.239732423679099,4.282434123515812,7.326761015317842
2024-06-13,sz001282,28.7,29.42,29.55,28.7,12872,37678186.45,2.94,1.76,0.51,3.23,4.109646031090973,0.24466057043117928,28.798000000000002,28.976000000000003,29.025489522496933,3.986342548534469,3.979015740783196,3.9968601262904313,29.049,28.96545454545455,29.010261612204992,4.026009474306231,3.997529573299328,4.017153341449511,29.1065,29.002619047619046,29.184021330752508,4.071120728627315,4.033890993127463,4.0827365411889325,29.48633333333333,29.14492473118279,29.40753733124517,4.165801293242117,4.08443163146936,4.14634090290665,30.594333333333335,29.78803825136612,29.96868727382426,4.3723287885420286,4.230786477521445,4.276768940157621,7.576089990890682
2024-06-14,sz001282,29.34,29.06,29.34,28.7,8697,25233422.5,2.18,-1.22,-0.36,2.18,3.9393694700746598,-0.17027656101631328,28.95,29.06333333333333,29.036993014997954,3.9423451202249558,3.96335804796326,3.9776965742185078,29.032,28.96745454545454,29.019304955440447,4.0087664206238625,3.981776845257224,4.003010819381355,29.060999999999996,28.998190476190477,29.172209775442745,4.050365532101758,4.021343254217687,4.069082534416145,29.41166666666667,29.117419354838706,29.38511556793903,4.147589561361886,4.0698231267488785,4.132987907240071,30.570833333333333,29.737732240437158,29.93889424845297,4.36160624199619,4.21659109003071,4.265706662449983,7.401976159437856
2024-06-17,sz001282,29.03,29.22,29.36,28.8,7615,22255667.69,1.93,0.55,0.16,1.91,3.8816699076720615,-0.057699562402598215,29.098000000000003,29.15333333333333,29.09799534333197,3.943585818586091,3.943132977112294,3.945687685369693,28.990999999999996,29.001636363636365,29.055794963542183,3.9864915293263095,3.958668388356897,3.980948835434211,29.029500000000002,29.013333333333335,29.17676122540058,4.041342500754255,4.005277004272002,4.05123371282147,29.35666666666667,29.105053763440857,29.374462950652646,4.127669461225059,4.0526670200592125,4.116773842751812,30.536833333333334,29.69344262295082,29.915323945225,4.35016326258599,4.200855472511887,4.25311529344087,7.347440628038125
2024-06-18,sz001282,29.22,29.64,29.72,29.18,10296,30388212.36,1.85,1.44,0.42,2.58,4.01266853389633,0.13099862622426883,29.25,29.334,29.278663562221315,3.961667880678763,3.966160548882375,3.9680146348785725,29.016000000000002,29.119636363636364,29.16201406107997,3.973541344088332,3.9634278437332644,3.986716053336414,29.028999999999996,29.07147619047619,29.22087920393386,4.036193737965574,4.002546150285532,4.047560838638124,29.297,29.123333333333335,29.39159437319119,4.11590257433974,4.0452476053928415,4.110057371212749,30.502,29.664038251366126,29.90629693062746,4.341095461846818,4.189790071571243,4.245231793127934,7.482705152695191
2024-06-19,sz001282,29.75,29.27,29.75,29.2,8130,23908950.21,1.86,-1.25,-0.37,2.04,3.910090545594068,-0.10257798830226239,29.322000000000003,29.340666666666667,29.275775708147542,3.9706888976656187,3.9489681038541424,3.948706605117071,29.003000000000004,29.165818181818178,29.18164786815634,3.9568717952969314,3.9518913349161253,3.9727841428378055,29.0325,29.094428571428566,29.225557374987776,4.029763284094246,3.9905363224406267,4.034468429776785,29.234666666666666,29.121591397849464,29.38374957492079,4.104175428798302,4.031969409989896,4.097156285688963,30.44883333333333,29.623644808743173,29.885434736180656,4.327087983448534,4.1756587628416435,4.234243555503873,7.378560507608322
2024-06-20,sz001282,29.03,28.61,29.4,28.61,9136,26408107.08,2.7,-2.25,-0.66,2.29,3.9607560909017727,0.05066554530770473,29.159999999999997,29.103333333333335,29.05385047209836,3.940910909627778,3.9456571682661936,3.9527231003786385,28.979000000000003,29.09436363636364,29.077711892127915,3.963626729081123,3.9525975704806418,3.9705972243039813,29.022999999999996,29.054190476190474,29.166932863084178,4.019528484997739,3.9839642088032483,4.027448207026784,29.188,29.081290322580642,29.333830247506548,4.09094693482308,4.0227165494804416,4.088356273122048,30.3925,29.563355191256832,29.84361720384686,4.317888956058648,4.163647881118799,4.225276753385772,7.421737272309791
2024-06-21,sz001282,28.06,28.4,28.78,28.0,8711,24664368.85,2.73,-0.73,-0.21,2.18,3.9400680137393524,-0.02068807716242027,29.028,28.85,28.835900314732243,3.941050618360717,3.945376202970052,3.9485047381655436,28.988999999999997,28.989090909090912,28.954491548104656,3.941697869292836,3.948314167691229,3.9650464587467757,29.007000000000005,28.99485714285714,29.09389163802854,4.007199605154907,3.976396544873878,4.0191262838565525,29.112333333333332,29.030451612903224,29.27358313476419,4.07779337316972,4.0129824255395565,4.078789288645745,30.333833333333338,29.498027322404372,29.79628549224532,4.308813917967346,4.151260309239479,4.215925647167856,7.392070006541751
2024-06-24,sz001282,28.29,27.2,28.29,26.77,12505,34159402.07,5.35,-4.23,-1.2,3.14,4.097083696066521,0.1570156823271689,28.624000000000002,28.240666666666666,28.2906002098215,3.984133376039609,3.9973872288719865,3.9980310574658695,28.860999999999997,28.663818181818183,28.6354930848129,3.9638595973128496,3.9765661361955362,3.9890532291685474,28.919999999999998,28.822761904761908,28.91352100583535,4.003830198744348,3.9849569344845084,4.026550799305121,29.032666666666668,28.907075268817206,29.13980357768263,4.069341642763305,4.01422696250064,4.079969572995473,30.255,29.395278688524588,29.711161377745473,4.301836289290632,4.144318334750928,4.2120291897546975,7.533510260144243
2024-06-25,sz001282,27.13,27.43,27.93,26.95,8938,24635695.52,3.6,0.85,0.23,2.24,3.9512403503243405,-0.14584334574218083,28.182,27.842666666666666,28.003733473214332,3.9718477393252107,3.9864228869668974,3.98243415508536,28.715999999999998,28.40363636363636,28.416312523937826,3.9667578100019876,3.97427172765217,3.9821781602877824,28.8305,28.680857142857146,28.77223329099389,3.9978423264108933,3.979948377492127,4.019378375592666,28.992,28.803677419354837,29.029493669445042,4.056987401753091,4.006607524278772,4.071664461855399,30.161166666666666,29.302655737704914,29.636369201425946,4.286451637891569,4.13282338593236,4.203478736002882,7.391564827874744
2024-06-26,sz001282,27.22,28.47,28.5,27.13,13878,38974957.51,4.99,3.79,1.04,3.48,4.142326883154263,0.19108653282992272,28.022,27.93866666666667,28.159155648809556,4.01829500683725,4.0432492682432475,4.035731731108328,28.672000000000004,28.35890909090909,28.426073883221857,3.994491952251434,4.00619337731622,4.011296109899869,28.8325,28.64652380952381,28.743449168042087,4.003313636631973,3.9937088114676857,4.031087757265199,28.949333333333335,28.770000000000003,28.993397303674396,4.04714628721839,4.012113297272395,4.076223327745649,30.0295,29.247207650273225,29.59812758826444,4.270331114284082,4.1280979841376935,4.201473757220961,7.59078565039885
2024-06-27,sz001282,28.29,27.8,28.58,27.75,8021,22577073.67,2.92,-2.35,-0.67,2.01,3.9042285163400785,-0.23809836681418473,27.860000000000003,27.864666666666665,28.03943709920637,4.006989491924911,4.005227104744191,3.991897326185578,28.509999999999998,28.200363636363637,28.31224226809061,3.9739502007763448,3.989781843514155,3.9918292747071797,28.779500000000002,28.54819047619047,28.653596866323795,3.999979837541287,3.9842721333446476,4.01900592479614,28.907666666666668,28.695849462365587,28.916403929243792,4.038730552676991,4.002892795925409,4.065126888300129,29.939833333333336,29.17410928961749,29.539172585370522,4.251656810232879,4.116094620270677,4.191728011618308,7.353667650107511
2024-06-28,sz001282,27.9,27.71,28.29,27.6,7152,20013085.7,2.48,-0.32,-0.09,1.79,3.854427505787861,-0.049801010552217306,27.722,27.814666666666668,27.92962473280425,3.989861390334613,3.9543731093651737,3.9460740527196725,28.375,28.054909090909092,28.202743673892318,3.965456004347665,3.9680504444253404,3.9668471349036674,28.7035,28.44633333333333,28.563730498102483,3.9871112124857637,3.970410006510989,4.003331789652495,28.832333333333334,28.618580645161295,28.838571417679677,4.022062356183727,3.9910022767712716,4.051533379750951,29.813166666666667,29.101000000000006,29.47919971371903,4.233026526888905,4.103070708649529,4.180668978640261,7.301314055111286
2024-07-01,sz001282,27.78,28.0,28.08,27.33,7030,19465813.0,2.71,1.05,0.29,1.76,3.846955325019824,-0.007472180768037351,27.881999999999998,27.907333333333334,27.953083155202833,3.9398357161252733,3.9067377542602446,3.913034476819723,28.252999999999997,27.986727272727272,28.165881187730076,3.9619845460824408,3.9465048663657325,3.9450486240156954,28.621999999999996,28.37933333333333,28.510041879235583,3.9742380377043753,3.9570618267523274,3.9884387930208116,28.770666666666667,28.56488172043011,28.784470035893893,4.014889849196984,3.9797050489542447,4.038334795574749,29.685833333333335,29.04155191256831,29.43070136244955,4.2121850367310865,4.090412636457101,4.169727547374017,7.289272546972258
2024-07-02,sz001282,28.38,27.92,28.76,27.9,10991,31093595.35,3.07,-0.29,-0.08,2.76,4.041037207867029,0.19408188284720485,27.98,27.92,27.942055436801894,3.957795087633811,3.940471584840829,3.9557020538354917,28.081,27.92618181818182,28.1211755172337,3.9648214134795103,3.960878077599294,3.962501093806847,28.5485,28.312476190476193,28.45384741454648,3.9691813787839214,3.963423652482104,3.9934481658633088,28.713,28.509999999999998,28.72869777551364,4.0124029631368865,3.9813919753200544,4.038509144754896,29.536166666666666,28.983655737704915,29.38117017023809,4.196895394383339,4.08480123223205,4.165508191980345,7.492670942383732
2024-07-03,sz001282,27.81,27.82,28.66,27.74,8002,22469703.34,3.3,-0.36,-0.1,2.01,3.903198547042978,-0.1378386608240505,27.85,27.866666666666667,27.901370291201264,3.9099694204115543,3.922272737977219,3.938200884904654,27.936,27.878727272727275,28.066416332282117,3.964132213624402,3.949673920065379,3.9517188125770524,28.4695,28.243095238095236,28.39348099411348,3.960502004460667,3.9571395732686803,3.984852964070896,28.666999999999998,28.452387096774196,28.67007211257728,4.007886260604298,3.9743465291204467,4.029779428773482,29.404833333333332,28.927387978142075,29.329984263017167,4.181281105432393,4.075171827401219,4.156907875752891,7.3515973386117635
2024-07-04,sz001282,27.65,27.1,28.03,27.0,8368,22982284.55,3.7,-2.59,-0.72,2.1,3.922621671523199,0.019423124480220988,27.71,27.616666666666667,27.634246860800843,3.9136480514481784,3.9264901550144335,3.933007813777503,27.785000000000004,27.72672727272727,27.890704271867186,3.960318771686545,3.942126548774251,3.9464284232945332,28.381999999999998,28.112666666666666,28.270292328007436,3.961972750383835,3.953531922512732,3.9789261743044486,28.610333333333337,28.35129032258065,28.568777137572297,3.9997919138940077,3.968845587889408,4.0228660250799155,29.296499999999998,28.851819672131146,29.25687002488546,4.169209090231416,4.066691190223867,4.149226360860114,7.361393197465577
2024-07-05,sz001282,27.0,26.91,27.44,26.22,8473,22499876.8,4.5,-0.7,-0.19,2.12,3.928037206406883,0.005415534883683737,27.55,27.350000000000005,27.392831240533898,3.9283699915719823,3.9312865400006687,3.931350944653963,27.636000000000003,27.567636363636367,27.712394404254965,3.959115690953298,3.9362571732688583,3.943084565678596,28.3125,27.972476190476186,28.140740677721016,3.9504067801230676,3.9502999659434987,3.9740796059332517,28.55,28.241591397849458,28.461759257728925,3.99117163375437,3.9642162519224975,4.01674803677843,29.217166666666667,28.773573770491804,29.179923466692493,4.158748263437584,4.058783915344374,4.141974257435418,7.3521801401012885
2024-07-08,sz001282,26.74,26.5,26.97,26.4,6073,16178425.7,2.12,-1.52,-0.41,1.52,3.7834032811225633,-0.14463392528431962,27.25,27.0,27.0952208270226,3.91565958279253,3.8829643031841954,3.8820350568101634,27.566000000000003,27.36109090909091,27.491959058026787,3.9277476494589023,3.9043094623905428,3.9140516048502265,28.2135,27.799857142857142,27.984479660795202,3.9458036233858764,3.9343948708005936,3.9559199559512814,28.468666666666667,28.10933333333333,28.335194144327062,3.9784693489825327,3.950811842075283,4.001693536413535,29.128,28.684486338797818,29.09205712352225,4.149329018699019,4.046477522481587,4.130217831982538,7.208936258743051
2024-07-09,sz001282,26.54,26.53,26.6,25.37,16733,30811472.2,4.64,0.11,0.03,3.0,4.223573811054687,0.44017052993212413,26.972,26.759999999999998,26.906813884681736,3.9521669034300624,3.9856023792715813,3.995881308225005,27.476,27.172727272727272,27.317057411112824,3.954980995531937,3.9580960372261407,3.970328369614674,28.096000000000004,27.639523809523812,27.845957788338517,3.9608694027669613,3.9608491743880996,3.981410799294463,28.379,27.98425806451613,28.21873000598338,3.9835552161179075,3.9666250331767134,4.0160083928419965,29.061666666666667,28.59930601092896,29.00805525061988,4.1438020619414075,4.048911777968658,4.133278683755395,7.488712449795721
2024-07-10,sz001282,26.4,26.75,27.48,26.4,17883,34179387.35,4.07,0.83,0.22,3.2,4.25244037654914,0.028866565494452878,26.758000000000003,26.686,26.854542589787826,4.022015269331295,4.08569353697794,4.081400997666384,27.304000000000002,27.040727272727274,27.213956063637763,3.9659923448714247,4.01217956104745,4.0216214617845765,27.988,27.511333333333333,27.7415808561158,3.980242148561429,3.9886178385578304,4.007223139985385,28.322999999999997,27.879161290322582,28.12397323140381,3.9908732060451233,3.983972462881953,4.031262069210199,29.003333333333334,28.523513661202184,28.9340206522389,4.1422751003430385,4.052473689923009,4.137185624502731,7.533764273923076
2024-07-11,sz001282,27.19,27.38,27.42,26.96,14509,27905135.49,1.72,2.36,0.63,2.6,4.161637480704591,-0.0908028958445497,26.814,26.89333333333333,27.02969505985855,4.069818431167573,4.132234274102372,4.1081464920124535,27.262,27.054545454545455,27.244145870249078,3.9917332413078754,4.047751403926207,4.047078919770033,27.886000000000003,27.453428571428574,27.70714458410477,3.982841721042111,4.005893584476226,4.021929267672928,28.273666666666664,27.818322580645162,28.075974958410015,3.99723097213015,3.994989512859984,4.039673386080805,28.956666666666667,28.470289617486337,28.88306915544418,4.141077329015762,4.053108522066012,4.13798732470607,7.445684135521968
2024-07-12,sz001282,27.34,27.47,27.72,27.2,11132,21516989.16,1.9,0.33,0.09,1.99,4.046573197662005,-0.1150642830425852,26.926,27.112,27.176463373239034,4.093525629418597,4.12448586293385,4.087622060562304,27.238,27.09236363636364,27.285210257476514,4.01094781049529,4.057722305081504,4.046986970295847,27.8065,27.413809523809526,27.684559385618602,3.9882019074214776,4.011963248916217,4.024276308624269,28.215,27.76647311827957,28.03687979980292,3.995056745155606,3.9981728822491354,4.040118535215076,28.901833333333332,28.421546448087433,28.83673901920011,4.1345271272971695,4.050010025956052,4.134990140212822,7.332781501070641
2024-07-15,sz001282,28.46,27.58,29.01,27.12,21515,42352532.84,6.88,0.4,0.11,3.85,4.3327413504185746,0.28616815275656915,27.142000000000003,27.33,27.310975582159358,4.2033932432778,4.204224436600509,4.169328490514395,27.196000000000005,27.154545454545456,27.338808392480782,4.059526413035165,4.116230221431192,4.098942312136343,27.7245,27.3922380952381,27.67460134889302,4.010755479558803,4.044776529201655,4.053653931652298,28.14666666666667,27.725505376344085,28.007403683686604,4.002667496147972,4.019958985814489,4.058997426518529,28.900166666666667,28.37820765027323,28.795534461193547,4.131807271968762,4.056508852943639,4.141473786449076,7.626879387879073
2024-07-16,sz001282,26.93,27.45,27.96,26.89,13228,25564937.14,3.88,-0.47,-0.13,2.37,4.121494186241665,-0.21124716417690959,27.326,27.432666666666666,27.357317054772906,4.182977318315196,4.176924750921797,4.153383722423484,27.149,27.20072727272727,27.359025048393367,4.0675721108726295,4.127497089286919,4.103042652882765,27.615000000000002,27.366095238095234,27.653210744236542,4.01619676217607,4.05532307269526,4.060114908279857,28.081999999999997,27.680559139784947,27.971442155706825,4.001978289480157,4.0276252238850505,4.063029475532925,28.868833333333335,28.330661202185798,28.751418577219987,4.127284295982755,4.056170718985374,4.140818717589816,7.407644729204755
2024-07-17,sz001282,27.35,26.72,27.55,26.72,10235,19538074.62,3.02,-2.66,-0.73,1.83,4.010087846998524,-0.1114063392431408,27.32,27.230666666666668,27.144878036515273,4.134506812405072,4.119294927149573,4.105618430615165,27.038999999999998,27.12272727272727,27.242838675958208,4.078261040868183,4.117045404946173,4.08614177908563,27.4875,27.28085714285714,27.56433353049973,4.021196627246293,4.05474127124978,4.055350426253064,27.992666666666665,27.592688172043008,27.890703952112837,3.9997550165965055,4.028148421144299,4.059613886595222,28.817166666666665,28.260207650273223,28.684814689442284,4.120328740311387,4.052328212461301,4.136532459537643,7.290881763931936
2024-07-18,sz001282,26.58,26.63,27.21,25.98,11704,21838796.83,4.6,-0.34,-0.09,2.1,4.068334313117254,0.058246466118729856,27.169999999999998,27.000666666666667,26.973252024343516,4.1158461788876055,4.097237427386968,4.093190391449195,26.991999999999997,27.048363636363632,27.13141346214762,4.092832305027589,4.115240545355095,4.082904058000471,27.3885,27.19919047619048,27.475349384737854,4.026575538357067,4.059230574666062,4.056586986906796,27.91866666666667,27.504774193548382,27.80936821326685,4.0055926019317525,4.032572891887574,4.0601764947579335,28.76516666666667,28.188497267759566,28.617443716017945,4.116319216539482,4.05062347714346,4.134296454736974,7.339228708003145
2024-07-19,sz001282,26.63,26.77,27.09,26.37,8337,15761880.0,2.7,0.53,0.14,1.49,3.9210098014970343,-0.14732451162021976,27.03,26.86733333333333,26.905501349562346,4.09073349965461,4.032291968256778,4.035796861465141,26.977999999999998,27.008000000000003,27.065701923575325,4.092129564536604,4.084000090167721,4.05346873863621,27.307,27.140285714285714,27.408173252858056,4.0256226277449505,4.049176694965106,4.043674874010628,27.867666666666665,27.430666666666667,27.7423121995077,3.9976477082609128,4.027115937020817,4.0511979984185205,28.73033333333333,28.12308196721311,28.5568717909026,4.111057067505988,4.044219889765019,4.127303449712714,7.197608016765945
2024-07-22,sz001282,26.65,26.79,27.13,26.65,7195,13604334.47,1.79,0.07,0.02,1.29,3.857030798272624,-0.0639790032244103,26.871999999999996,26.787333333333333,26.867000899708234,3.99559138922542,3.954391067796115,3.9762081737343022,27.006999999999998,26.97381818181818,27.015574301107083,4.0994923162516095,4.041254859937906,4.017752749479194,27.2865,27.09104761904762,27.349299609728718,4.013619982855256,4.033120330253456,4.025899247749866,27.81133333333333,27.361139784946236,27.680872702765267,3.9970331876744543,4.018043878311896,4.038671082280076,28.696833333333334,28.059464480874322,28.498941568250057,4.104631890338892,4.035891159626221,4.118442051304841,7.133677300759194
2024-07-23,sz001282,26.68,26.23,26.96,26.23,10100,19025065.92,2.72,-2.09,-0.56,1.81,4.004321373782642,0.14729057551001823,26.627999999999997,26.573333333333334,26.654667266472156,3.9721568267336154,3.957301062648523,3.9855792404170822,26.976999999999997,26.832545454545453,26.872742609996703,4.077567072524405,4.023951052216276,4.01531068117073,27.226499999999998,26.990428571428573,27.24269964689741,4.016274034028171,4.032234748437016,4.02384421213394,27.723,27.25911827956989,27.587268012264282,3.999768626019443,4.018514083867262,4.036454972054435,28.634166666666665,27.97858469945356,28.424550041422183,4.09787986679012,4.032602290230934,4.114700389746736,7.279326170233288
2024-07-24,sz001282,25.84,25.52,26.26,25.51,10918,19856468.5,2.86,-2.71,-0.71,1.96,4.038143089969942,0.03382171618730023,26.387999999999998,26.204000000000004,26.276444844314774,3.977767875327899,3.9792964837272984,4.003100523601369,26.853999999999996,26.567636363636364,26.626789408179118,4.056137343866486,4.016783055388192,4.019462028225131,27.079,26.82790476190476,27.078633013859562,4.0110648443689545,4.034317515669565,4.0252060100230835,27.61,27.116989247311828,27.453895882440783,4.005540546996448,4.020989855735037,4.036563882887694,28.567833333333333,27.87648087431694,28.329318892523094,4.092101633486225,4.03064370738437,4.112190314344218,7.297902011161324
2024-07-25,sz001282,25.52,25.74,25.9,24.97,7646,13777326.74,3.64,0.86,0.22,1.37,3.8834342936830093,-0.15470879628693313,26.21,25.988,26.09762989620985,3.9407878714410502,3.947851956512335,3.9632117802952496,26.689999999999998,26.365090909090906,26.465554970328366,4.028317025164328,3.9853825008093784,3.9947297128538364,26.976,26.700380952380954,26.951144155396747,4.010025133236102,4.022162225128047,4.011703941800219,27.487333333333332,26.99634408602151,27.343321954541377,3.998000155749516,4.013112032940621,4.026684554551908,28.486833333333333,27.7837650273224,28.244423191128895,4.081900724495816,4.023802155259674,4.10469011694549,7.139164958159851
2024-07-26,sz001282,25.74,26.56,26.56,25.74,12517,23161675.23,3.19,3.19,0.82,2.24,4.097500252231686,0.21406595854867705,26.168,26.104666666666663,26.2517532641399,3.976085961587981,4.0000894167758805,4.007974604274062,26.599,26.341454545454546,26.482726793905023,4.033409730621296,3.9979612693670794,4.013415265467991,26.9185,26.6607619047619,26.913892331073246,4.022178770558293,4.030493188841912,4.019875018984169,27.404,26.936516129032253,27.292785054248387,4.003271181821416,4.0195313940039865,4.031253309240926,28.40783333333333,27.720590163934425,28.189196201255815,4.075430371591652,4.0243136151854415,4.1044543836761855,7.364769967699334
2024-07-29,sz001282,26.54,26.32,26.63,26.16,6475,12051372.86,1.77,-0.9,-0.24,1.16,3.8112397727532894,-0.28626047947839695,26.074,26.155333333333335,26.274502176093268,3.9669277564841137,3.9451406871643164,3.942396327100471,26.473000000000003,26.290727272727274,26.453140104104108,3.981259572854767,3.957566731572896,3.976656084974409,26.8345,26.603761904761903,26.85733115668532,4.020392992944966,4.010403760479531,4.000004995533609,27.30733333333333,26.866580645161292,27.230024728167848,4.000923510657458,4.007142270838301,4.0170588875320465,28.332,27.652136612021856,28.127911079903164,4.0642964859412585,4.015651628338282,4.094840789875435,7.081036523388973
2024-07-30,sz001282,26.23,26.26,26.44,25.81,8065,14869162.6,2.39,-0.23,-0.06,1.44,3.9066043717249803,0.09536459897169092,26.080000000000002,26.217333333333336,26.269668117395515,3.9473843560725816,3.9250328922446056,3.930465675308641,26.353999999999996,26.251999999999995,26.418023721539726,3.9597705914030983,3.9439930586402085,3.963919409838149,26.7515,26.549047619047617,26.80044247509624,4.013671351137864,3.9995667489347704,3.9911096980280254,27.194666666666663,26.799010752688172,27.167442487640894,3.9973880385850795,4.001057165100723,4.009932789738042,28.245833333333334,27.584202185792353,28.066668093676828,4.05664530646241,4.0104813950852884,4.0886691040344365,7.172286510657815
2024-07-31,sz001282,26.51,27.13,27.14,26.21,14481,27416072.44,3.54,3.31,0.87,2.59,4.1607985535383545,0.25419418181337416,26.401999999999997,26.567333333333334,26.55644541159701,3.971915448786264,3.99617095806653,4.007243301385213,26.395,26.39309090909091,26.547473953987048,3.9748416620570817,3.980543597210255,3.9997156177836404,26.716999999999995,26.585095238095242,26.831828906039455,4.026551351462632,4.013578863449104,4.007270541409961,27.12333333333333,26.79483870967742,27.165026843276966,4.005744972183222,4.011599778968676,4.019666064821934,28.179,27.547617486338797,28.03595766437595,4.054960200490762,4.013896255645156,4.091034004018171,7.438005238936062
2024-08-01,sz001282,27.16,27.13,27.4,26.96,12035,23078836.56,1.62,0.0,0.0,2.16,4.080446094611049,-0.08035245892730547,26.679999999999996,26.81,26.74763027439801,4.011317808971872,4.032347840008125,4.031644232460492,26.445,26.526727272727275,26.653387780534857,3.976052840206461,3.999744403129158,4.014393886297714,26.7185,26.62442857142857,26.860226153083318,4.034442572617024,4.0187116961299045,4.014239641714827,27.074,26.7952688172043,27.16276704693652,4.009734638973531,4.016419206222084,4.023587357066393,28.131000000000004,27.513224043715848,28.00625413439641,4.050340786898306,4.014731858731067,4.0906868594474455,7.363213911576082
2024-08-02,sz001282,27.37,26.84,27.55,26.81,16481,31624057.23,2.73,-1.07,-0.29,2.95,4.2169835593820935,0.13653746477104445,26.736,26.863333333333333,26.778420182932006,4.035214470401954,4.100903090144865,4.093424008101026,26.451999999999998,26.598545454545455,26.687317274983062,4.005650215994967,4.043549988433818,4.051228372313056,26.714999999999996,26.636000000000003,26.858299852789667,4.0488898902657855,4.036096552012292,4.033548586254566,27.022,26.780172043010758,27.141943366489002,4.018965157161623,4.0297901043129585,4.036064531409342,28.067166666666665,27.470896174863388,27.968016293924396,4.048379265165672,4.0201955561895515,4.094827734855139,7.500017587277575
2024-08-05,sz001282,25.81,25.18,26.42,25.16,23426,42559118.45,4.69,-6.18,-1.66,4.2,4.369698138949881,0.1527145795677871,26.508,26.344666666666665,26.24561345528801,4.146906143641272,4.212397646327507,4.185515385050644,26.290999999999997,26.367272727272724,26.413259588622505,4.056916950062693,4.109740519880166,4.109131966247024,26.649,26.489809523809527,26.6984617715716,4.078204633157151,4.066649718553634,4.065562829368406,26.954666666666665,26.661333333333335,27.015366375102616,4.028052305257735,4.052418038621878,4.057589280282925,27.99366666666667,27.376234972677597,27.876605923631793,4.048696974010521,4.030730601231657,4.103839879251687,7.628992623604059
2024-08-06,sz001282,25.24,25.52,25.69,25.07,9720,17373822.65,2.46,1.35,0.34,1.74,3.9876662649262746,-0.38203187402360594,26.360000000000003,26.015333333333334,26.003742303525343,4.163118522281531,4.159317686755842,4.119565678342521,26.22,26.227090909090908,26.250848754327503,4.055251439177056,4.097149486219,4.087047293279615,26.5985,26.382285714285715,26.586227317136213,4.066409255850731,4.05802701681736,4.058144108945346,26.891000000000002,26.568774193548386,26.918891125095996,4.029266502411133,4.049812487632752,4.053078118001851,27.9415,27.295131147540985,27.799340155643865,4.043126952082112,4.028729594376436,4.100030908290198,7.239895383971057
2024-08-07,sz001282,25.44,25.62,25.81,25.27,9672,17493351.58,2.12,0.39,0.1,1.73,3.9855162878527155,-0.0021499770735591284,26.058,25.768666666666665,25.87582820235023,4.128062069144403,4.100116941946237,4.074882548179253,26.23,26.118,26.13614898081341,4.049988758965333,4.084470367796392,4.0685871104747235,26.542,26.289095238095236,26.494205667885147,4.05306305141591,4.050322924627074,4.05122717360319,26.796,26.486774193548385,26.83509169767045,4.024039482567748,4.046989893145112,4.048719290250294,27.872666666666664,27.21901639344262,27.727886380048982,4.035592884893068,4.026840720139406,4.096276330570936,7.2428730246446555
2024-08-08,sz001282,25.62,25.04,25.62,24.62,11413,20095026.37,3.9,-2.26,-0.58,2.04,4.057399817266062,0.07188352941334664,25.639999999999997,25.429333333333332,25.597218801566825,4.123452813675406,4.07656285798679,4.069054971208189,26.160000000000004,25.901636363636356,25.936849166120062,4.067385311323639,4.085817832941979,4.066553057164057,26.425,26.146047619047618,26.355709889991324,4.047851168243984,4.0507359499461355,4.051815044428226,26.704,26.373483870967743,26.719279330078813,4.029145192598614,4.049142172803068,4.049279324251311,27.805833333333336,27.126142076502738,27.639758957752292,4.033937872637803,4.027555701528685,4.095001690790449,7.303088580437881
2024-08-09,sz001282,25.25,25.02,25.39,24.99,6063,10737113.82,1.6,-0.08,-0.02,1.09,3.7826875682349663,-0.2747122490310958,25.276,25.222666666666665,25.404812534377886,4.036593615445979,3.9629744428399776,3.973599170217115,26.006,25.694363636363637,25.770149317734592,4.035904042923967,4.0340546069258565,4.014941150086041,26.3025,26.012238095238093,26.228499424277864,4.034656886772631,4.025482273754801,4.026183856219344,26.61433333333333,26.264838709677427,26.6096484055576,4.026753861346851,4.033241680908638,4.032079856121225,27.723333333333336,27.03480327868852,27.553865221432545,4.0244081087652885,4.019317986630232,4.084761883493547,7.030887556922271
2024-08-12,sz001282,24.88,24.71,24.95,24.57,8015,13957274.75,1.52,-1.24,-0.31,1.44,3.9039035266901636,0.12121595845519728,25.182,25.034,25.173208356251926,3.9434346929940363,3.918744413254705,3.950367289041465,25.845,25.458727272727273,25.5773948963283,4.045170418317655,4.010054513065166,3.99475249128679,26.159,25.860571428571426,26.083880431489497,4.01321499558621,4.013029572794565,4.014538110549898,26.504666666666665,26.141978494623658,26.487090443908723,4.028652134735862,4.025315852866272,4.02381041551277,27.637666666666668,26.93600546448087,27.460623738762624,4.021770991966423,4.015367016726129,4.078832101303272,7.144800627701302
2024-08-13,sz001282,24.71,24.83,24.88,24.46,9830,17090254.0,1.7,0.49,0.12,1.76,3.9925535178321354,0.0886499911419718,25.044,24.916666666666668,25.058805570834622,3.944412143575208,3.9351173548674043,3.9644293653050218,25.701999999999998,25.274181818181816,25.4415049151777,4.05376533292837,4.000487803885981,3.9943526779313983,26.028000000000002,25.734,25.964463247538117,4.006767962165734,4.011061813008463,4.0124443398148735,26.401666666666667,26.033935483870966,26.380181383011386,4.027036011734698,4.022986909840225,4.021793841468859,27.557333333333336,26.843950819672134,27.37437378011467,4.019719487435792,4.014409066754513,4.0760032952878245,7.2327485173713315
2024-08-14,sz001282,24.88,24.92,24.97,24.69,6562,11500893.04,1.13,0.36,0.09,1.18,3.817036226050029,-0.17551729178210662,24.904000000000003,24.875333333333334,25.012537047223084,3.9107161312146714,3.892658715692345,3.9152983188866908,25.481,25.132000000000005,25.346685839690842,4.019389100179537,3.9574461480899186,3.962113323043876,25.938,25.62847619047619,25.864990557296395,3.9971153811183093,3.9929921238545867,3.9938340432658404,26.305,25.93834408602151,26.285976132494525,4.024163934368267,4.009438536570246,4.00858367273216,27.485999999999997,26.757480874316936,27.293902508635497,4.016025097486283,4.007763713922193,4.067512571706257,7.0607315644654225
2024-08-15,sz001282,24.92,25.02,25.18,24.58,8987,15817555.2,2.41,0.4,0.1,1.61,3.9536147416906404,0.13657851564061163,24.9,24.914,25.015024698148725,3.889959116099587,3.9069582525176676,3.928070459821341,25.27,25.04818181818182,25.287288414292505,4.006705964887496,3.9454871738192097,3.9605681264341968,25.857499999999998,25.541047619047614,25.78451526612531,3.991379402546979,3.988849205813856,3.9900036335920115,26.235666666666663,25.855440860215054,26.20430025297875,4.025197036707182,4.004886975752335,4.005037290084321,27.423000000000002,26.676628415300545,27.2193483280245,4.012494475300595,4.005717472748565,4.063778216623778,7.199139358731855
2024-08-16,sz001282,25.02,24.83,25.11,24.82,9328,16425129.4,1.16,-0.76,-0.19,1.67,3.969788537414939,0.016173795724298667,24.862000000000002,24.890666666666664,24.95334979876582,3.9273793099355814,3.933568059622785,3.9419764856858737,25.069,24.96818181818182,25.20414506623932,3.981986462690781,3.938774914278745,3.9622445647943314,25.7605,25.44319047619048,25.693609050303856,3.993818339342874,3.9867929329441387,3.988078386337052,26.166333333333334,25.76475268817204,26.11563572052851,4.026588747740784,4.001312233862513,4.002763177008877,27.358166666666666,26.591612021857923,27.14100903858107,4.008880190747577,4.004317278063789,4.060696587797258,7.215508799692067
2024-08-19,sz001282,24.83,24.67,24.95,24.64,8167,14260861.64,1.25,-0.64,-0.16,1.46,3.9120625555885025,-0.05772598182643662,24.854,24.826666666666668,24.85889986584388,3.9290111157152494,3.9284624748404253,3.932005175653417,25.017999999999997,24.895636363636363,25.10702778146853,3.9362229043546426,3.926061476623785,3.953120563120544,25.654500000000002,25.339333333333336,25.596122474084442,3.996569927208667,3.9790066678246743,3.9808387834086183,26.10533333333333,25.66821505376344,26.022368899849255,4.030877390222981,3.993923447272043,3.9969115240140143,27.287,26.503475409836067,27.059992348791525,4.004673369602758,4.001142929370049,4.055823340839594,7.154145766342805
2024-08-20,sz001282,24.48,24.27,24.76,24.18,7365,12619365.88,2.35,-1.62,-0.4,1.32,3.8671727511786496,-0.04488980440985291,24.741999999999997,24.632,24.66259991056259,3.9039349623845525,3.907849686661559,3.910394367495161,24.893,24.759636363636368,24.954840912110615,3.9241735529798802,3.913506903319059,3.937493688222018,25.5565,25.20747619047619,25.46982509560021,3.989712496078469,3.9666831272503864,3.970013447005764,26.029999999999998,25.549806451612902,25.909312841794467,4.018997354893781,3.9833618576562806,3.9885412806052813,27.2045,26.40455737704918,26.96851718981475,4.001276285505845,3.996634712372538,4.049638075604809,7.101037532266593
2024-08-21,sz001282,24.37,24.04,24.51,23.97,7382,12570259.6,2.22,-0.95,-0.23,1.32,3.8681740408596386,0.0010012896809890037,24.565999999999995,24.398,24.45506660704173,3.914162525346474,3.8959293794865877,3.8963209252833204,24.735,24.604545454545455,24.788506200817775,3.9124393282805725,3.9033251738426524,3.9248901159743124,25.482499999999998,25.063047619047623,25.33365127697162,3.981214043622953,3.955108036277165,3.9603144559442285,25.939666666666668,25.42141935483871,25.7887120132916,4.006188477037464,3.9736313212669794,3.980775652234595,27.131333333333334,26.300803278688527,26.872500232771642,3.9985308415412937,3.992270704351351,4.043688435121361,7.0993442467936205
2024-08-22,sz001282,24.23,23.5,25.09,23.29,19874,33806175.55,7.49,-2.25,-0.54,3.56,4.298285285484084,0.4301112446244457,24.262,24.042666666666666,24.136711071361155,3.983096634105163,4.023970299532458,4.030309045350242,24.581,24.380000000000003,24.554232346123634,3.9365278751023753,3.97347898424329,3.9927801467942707,25.3705,24.87423809523809,25.15901782202194,4.001956593213007,3.985305297406797,3.9925021539956433,25.810333333333336,25.264021505376345,25.6410531737244,4.010743403863447,3.992476276650633,4.001260144702304,27.041999999999998,26.181743169398914,26.76192645464798,4.003987187996799,4.0020987189068515,4.052035872838171,7.528996042357675
2024-08-23,sz001282,23.17,23.36,23.81,23.15,13763,22721029.89,2.81,-0.6,-0.14,2.47,4.1387131098760115,-0.1595721756080728,23.968,23.742,23.877807380907438,4.016881548597377,4.07584245812274,4.066443733525499,24.415,24.158,24.33709919228297,3.972130429266479,4.010239936020315,4.019313412809132,25.2105,24.682761904761904,24.987682791353187,4.0040172360952235,3.998329727565178,4.00642700693663,25.673333333333332,25.10593548387097,25.49388845283896,4.01381473427058,4.00073238671596,4.010128077939317,26.944166666666664,26.061021857923496,26.65038788236444,4.0044357397130925,4.006515962247154,4.054877749462362,7.356428013016395
2024-08-26,sz001282,23.31,23.81,23.85,23.31,13066,21757438.12,2.31,1.93,0.45,2.34,4.116142653853793,-0.022570456022218188,23.796,23.68933333333333,23.85520492060496,4.057697568250435,4.108929493208213,4.0830100403015965,24.325,24.048,24.241262975504245,3.9933543419828417,4.036423976854372,4.036918729362707,25.085,24.54938095238095,24.875522525510025,4.019262380150248,4.00900833878028,4.016876116166836,25.547666666666665,24.985720430107527,25.385250488139672,4.006594777718421,4.007334187979393,4.016967727998316,26.847166666666666,25.958262295081965,26.55726041081151,4.004631136933196,4.010178484022259,4.056886434852244,7.337607757025767
2024-08-27,sz001282,23.76,23.06,23.81,23.06,8259,13590053.55,3.15,-3.15,-0.75,1.48,3.9169274661129925,-0.19921518774080083,23.554,23.444000000000003,23.59013661373664,4.067648511237304,4.062006125829066,4.027649182238728,24.148000000000003,23.818,24.026487889048926,3.9857917368109286,4.022528181241672,4.015102136044577,24.925,24.356523809523814,24.702615618318596,4.019778534869649,3.9992621564910174,4.007357197114089,25.401333333333334,24.825225806451613,25.235234327614535,3.9997758870474653,4.001549200133882,4.010513517554102,26.741666666666667,25.834092896174862,26.442596135047197,4.000877088263811,4.007302953831433,4.052297616205056,7.133221168021949
2024-08-28,sz001282,23.08,23.42,23.55,22.96,10523,17274549.26,2.56,1.56,0.36,1.88,4.022139570398392,0.10521210428539929,23.43,23.399333333333335,23.53342440915776,4.098441617145054,4.046836478882761,4.0258126449586165,23.997999999999998,23.685636363636366,23.916217363767302,4.006302071245765,4.0291368782575745,4.016381669563452,24.7395,24.213190476190473,24.5804617499073,4.012845585712651,3.9994870170175645,4.008765042188785,25.291333333333334,24.697397849462366,25.118122435510372,4.000177611160795,4.002992018414587,4.011263585479541,26.642,25.725185792349723,26.3434946224227,3.99996631387865,4.008000084393222,4.0513088278179525,7.237406724269181
2024-08-29,sz001282,23.41,23.83,23.9,23.17,8980,14970631.26,3.12,1.75,0.41,1.61,3.9532763366673045,-0.06886323373108727,23.496000000000002,23.532666666666664,23.632282939438507,4.029439827381699,3.998448052056844,4.00163387552818,23.879,23.65509090909091,23.900541479445973,4.006268230743431,4.0194958356069455,4.004907972673243,24.5745,24.126571428571427,24.50898920229708,4.006487097815463,3.993813755203722,4.003480403567692,25.197999999999997,24.603118279569895,25.03501776225164,3.9963423452791296,3.9999661297375866,4.007522472652945,26.558333333333334,25.632989071038253,26.261084962671134,4.00096747360544,4.00646926546826,4.048094647780227,7.175240113432867
2024-08-30,sz001282,24.16,24.3,24.48,23.87,11465,19583261.8,2.56,1.97,0.47,2.05,4.0593740590659575,0.106097722398653,23.684,23.800666666666665,23.85485529295901,4.013572017219689,4.008426129284931,4.020880603374106,23.826,23.731636363636365,23.973170301364885,4.015226782908533,4.029151440756496,4.014810897471918,24.4475,24.100428571428573,24.489085468744975,3.998606622799657,3.998850608656151,4.008803608853241,25.115666666666666,24.545182795698924,24.987597261461215,4.0009544871980935,4.004032691917383,4.010867736292495,26.491666666666667,25.558945355191256,26.19678709504257,3.9993010977295027,4.008384235483359,4.048464464543693,7.291885029845115
2024-09-02,sz001282,24.69,25.58,26.7,24.69,47662,87011662.29,8.27,5.27,1.28,8.54,4.67817226232306,0.6187982032571027,24.038,24.432666666666663,24.42990352863934,4.125977938913541,4.229959544319388,4.239977823023757,23.917,24.050545454545453,24.26532115566218,4.091837753581989,4.149686982468228,4.13542205471758,24.4675,24.20828571428571,24.59298209076926,4.014030328968316,4.063571145753618,4.0725530044217955,25.075333333333333,24.575139784946238,25.025816792979846,4.028325869333107,4.047724161280284,4.053919641197693,26.44333333333333,25.529054644808742,26.176564567336257,4.012679528503781,4.03064230645364,4.069110621847935,7.939577465592787
2024-09-03,sz001282,25.28,25.66,26.0,24.99,31258,56104639.46,3.95,0.31,0.08,5.6,4.494961186838928,-0.18321107548413185,24.558,24.973333333333336,24.839935685759563,4.241584683058728,4.352953960294517,4.324972277628815,24.056,24.367454545454546,24.518899127359965,4.154616597148016,4.2229821521513085,4.2007928060123705,24.4745,24.32185714285714,24.694602844029333,4.039395075063949,4.1093740845984374,4.112782355128189,25.056333333333335,24.612860215053757,25.066731838594052,4.044680529768318,4.077829665635497,4.0823739344648695,26.389666666666667,25.50337158469945,26.1596280241449,4.022224577893881,4.046454819841677,4.083072935454197,7.7489987758473555
2024-09-04,sz001282,25.67,25.62,25.95,25.44,17885,32364579.28,1.99,-0.16,-0.04,3.2,4.2524889444849885,-0.24247224235393983,24.997999999999998,25.327333333333332,25.09995712383971,4.287654557876047,4.35658871410327,4.300811166580873,24.214000000000002,24.65181818181818,24.719099286021788,4.193048087510551,4.240777124394394,4.210192103916483,24.4745,24.430952380952377,24.782735906502733,4.052743707895562,4.129668738829012,4.126087744590742,25.05966666666667,24.64922580645161,25.10242655868476,4.051825391585486,4.091236660133347,4.093349096401652,26.334833333333332,25.478136612021856,26.141935302041787,4.028682969290967,4.05400447120532,4.088627558701108,7.5100699658244565
2024-09-05,sz001282,25.63,25.8,25.93,25.62,13195,23960673.4,1.21,0.7,0.18,2.36,4.120409394556068,-0.13207954992892024,25.392000000000003,25.59466666666667,25.33330474922648,4.321081169453801,4.300840326329944,4.240677242572605,24.444,24.94018181818182,24.91562668856328,4.1752604984177495,4.227570089311761,4.1938679749418615,24.5125,24.557190476190474,24.879618201121524,4.055894186760062,4.1361130899395375,4.125546949349344,25.061666666666667,24.696989247311826,25.14743129683413,4.059724561614588,4.095661434518546,4.095094922089034,26.2745,25.460601092896173,26.13072430853222,4.028862358682051,4.057011894984504,4.089669586106189,7.379499019468295
2024-09-06,sz001282,25.8,25.11,25.93,25.11,14857,26660096.02,3.18,-2.67,-0.69,2.66,4.171931123355967,0.0515217287998988,25.554000000000002,25.500666666666667,25.258869832817652,4.343592582311802,4.251123644297333,4.217761869500393,24.619,25.061272727272726,24.950967290642684,4.178582299765745,4.2269647483914365,4.189879456471698,24.517000000000003,24.614095238095235,24.901559324824234,4.075356364516113,4.1471642267581945,4.129964489730927,25.013333333333332,24.70010752688172,25.14501637445774,4.062205590652064,4.102900567534119,4.100052096364321,26.208666666666666,25.42242076502732,26.09725793776067,4.0327383862367405,4.061702674154141,4.092366685688149,7.425861709251923
2024-09-09,sz001282,24.99,25.1,25.37,24.58,9765,17244895.5,3.15,-0.04,-0.01,1.75,3.989672247623873,-0.18225887573209398,25.458000000000002,25.349333333333334,25.205913221878436,4.205892579371965,4.133150199401356,4.141731995541553,24.747999999999998,25.148727272727275,24.978064146889466,4.165935259142754,4.192617466183823,4.153478145772093,24.5365,24.669619047619047,24.920458436745733,4.079644800562798,4.139003834673219,4.11660332381597,24.97266666666667,24.70569892473118,25.14211209223466,4.068153339814416,4.0982209970161705,4.092930815800421,26.139999999999997,25.386071038251362,26.064560956194743,4.0345384252359375,4.060290669609456,4.088999654931943,7.236660566989239
2024-09-10,sz001282,25.27,25.31,25.34,24.86,7875,13958650.19,1.91,0.84,0.21,1.41,3.896250562461638,-0.09342168516223515,25.387999999999998,25.3,25.240608814585627,4.086150454496506,4.029936193764581,4.059904851181582,24.973000000000003,25.25090909090909,25.038416120182287,4.163867568777618,4.1435838849690745,4.106709494261101,24.560499999999998,24.74328571428571,24.95755763324614,4.074829652794273,4.121537716758824,4.095617346544129,24.941,24.7274623655914,25.152943570155006,4.067808212838972,4.0871304952514755,4.080241767197919,26.067833333333336,25.358857923497265,26.039821252712947,4.032598125712026,4.055756641321774,4.082680012555867,7.1448434237758685
2024-09-11,sz001282,25.07,25.21,25.49,25.07,5924,10563214.57,1.66,-0.4,-0.1,1.06,3.772615049849171,-0.12363551261246686,25.306,25.240666666666666,25.23040587639042,3.9901756755693434,3.925424392215469,3.9641415840707785,25.152,25.294,25.06961318924005,4.138915116722695,4.072447063345721,4.045965049822568,24.575,24.805142857142858,24.981599763413172,4.07260859398423,4.092755373621195,4.0648552230493715,24.877000000000002,24.74481720430107,25.156624630145007,4.054868762716,4.068085775058586,4.060394882207678,26.000166666666665,25.330732240437158,26.012613998525637,4.03030686744961,4.047232606047582,4.072513948204827,7.023796101679512
2024-09-12,sz001282,25.1,24.71,25.35,24.71,7126,12606689.8,2.54,-1.98,-0.5,1.28,3.852845818014997,0.08023076816582586,25.088,25.041999999999998,25.05693725092695,3.936662960261129,3.8796477730306864,3.927042995385518,25.24,25.213636363636365,25.004228973014584,4.1288720648574655,4.020434463580685,4.010852462221191,24.5595,24.817999999999998,24.955733119278584,4.067570147800447,4.071825585433648,4.044663851141336,24.796333333333337,24.73404301075269,25.12781013787759,4.0472820868294646,4.055052036690779,4.047004620001699,25.935166666666664,25.28843169398907,25.96990534283627,4.028508362901498,4.0414142109841515,4.065311714428112,7.100601066722446
2024-09-13,sz001282,24.65,24.06,24.86,24.04,9432,16212111.7,3.32,-2.63,-0.65,1.69,3.9746037920870325,0.12175797407203559,24.878000000000004,24.699333333333335,24.724624833951303,3.8971974940073424,3.8922947169726543,3.9428965942860232,25.216,24.99909090909091,24.832550977921024,4.120395038159573,3.9923856867133343,4.004261794924071,24.521,24.77042857142857,24.870425203156813,4.067810910534052,4.062971646794276,4.037991464564735,24.703666666666667,24.6865376344086,25.058919161240325,4.0392027612529615,4.050363114449332,4.042333598845914,25.862833333333338,25.226950819672126,25.90728549553016,4.029083959207292,4.039646848006629,4.06233768418742,7.209839587330111
2024-09-18,sz001282,24.02,23.99,24.39,23.56,8055,13588560.7,3.45,-0.29,-0.07,1.44,3.906065544755237,-0.0685382473317957,24.656,24.403333333333332,24.47974988930087,3.880476153433615,3.895250733888619,3.9306195777757615,25.057,24.77618181818182,24.679359891026287,4.04318436640279,3.953416687912545,3.98640793125701,24.487000000000002,24.719857142857148,24.786575183808544,4.067511059992389,4.047567326243913,4.0254270912495445,24.663999999999998,24.64049462365591,24.989956634708694,4.023748341446473,4.041773616610769,4.033542111485225,25.80933333333333,25.165546448087433,25.84442367600458,4.025900323352104,4.035613457368856,4.057214007484725,7.133173458708148
2024-09-19,sz001282,24.06,24.5,24.54,23.91,9870,16918564.67,2.63,2.13,0.51,1.77,3.9943171526696366,0.08825160791439979,24.494,24.351333333333333,24.48649992620058,3.900089471475215,3.9331977336339596,3.9518521027403866,24.941,24.674909090909093,24.64674900174878,3.993119962985861,3.9445317399610635,3.987845971513851,24.4985,24.721095238095238,24.75928230916011,4.073868280066938,4.04059647792746,4.02246423995622,24.63,24.62991397849462,24.95834652924362,4.0239700377045855,4.03987483023807,4.031011468980994,25.760499999999997,25.122617486338797,25.800344211217542,4.026618270057859,4.0345779435759885,4.055151815523574,7.2283635157751105
2024-09-20,sz001282,24.55,24.27,24.78,24.13,6790,11626030.1,2.65,-0.94,-0.23,1.22,3.8318697742805017,-0.16244737838913492,24.306,24.276666666666664,24.414333284133722,3.911940416361481,3.9104578345690553,3.9118579932537587,24.806,24.552909090909093,24.578249183249003,3.951058045965412,3.915213523832816,3.959486662925969,24.509999999999998,24.699333333333332,24.712683994002003,4.072053066737982,4.017549001185894,4.004312386082342,24.584999999999997,24.606688172043008,24.913937075744034,4.018848487252179,4.027481264855871,4.018163617709995,25.6905,25.073748633879777,25.75016899117762,4.021443984909963,4.028192746993125,4.047831092859867,7.065431443018011
2024-09-23,sz001282,24.27,24.18,24.47,23.92,7169,12236129.44,2.27,-0.37,-0.09,1.28,3.855458580386036,0.023588806105534488,24.2,24.234666666666666,24.336222189422482,3.9124629688356882,3.8916305559105737,3.893058188964518,24.644,24.439090909090908,24.505840240840094,3.9245629645484086,3.8978318028183843,3.940572466100526,24.544,24.66790476190476,24.66195218504943,4.04991173148308,3.996920954866662,3.990135833158884,24.556333333333335,24.580559139784945,24.866586296663773,4.012117112689511,4.016939980541927,4.007666518527804,25.630166666666664,25.024224043715847,25.698688040647205,4.020631152644063,4.022750602582504,4.041523797368922,7.087644062524834
2024-09-24,sz001282,24.18,24.62,24.67,23.81,17340,29771171.1,3.56,1.82,0.44,3.11,4.239049093140191,0.383590512754155,24.311999999999998,24.374666666666666,24.430814792948325,3.9653520290463207,4.000492597345408,4.00838849035641,24.595,24.434727272727276,24.52659656068735,3.9312747615268315,3.95501109892598,3.9948409437441015,24.607,24.675142857142855,24.657956738854246,4.054928530646288,4.014934036929243,4.013841857919009,24.543000000000003,24.584666666666664,24.85067750333063,4.027329163519685,4.031580753474229,4.022594426567313,25.578666666666667,24.991103825136616,25.663321219642377,4.027041512433268,4.029911846533197,4.048000036574537,7.473795918699941
2024-09-25,sz001282,24.88,24.85,25.51,24.76,18643,32971695.96,3.05,0.93,0.23,3.34,4.270515799574357,0.03146670643416538,24.484,24.554,24.57054319529889,4.038242080010145,4.102213854188086,4.095764260095725,24.57,24.48109090909091,24.58539718601692,3.95935911672188,4.016691287661894,4.044963644804148,24.659,24.69828571428571,24.67624657324908,4.062647187932316,4.035466157779535,4.038286995219518,24.547666666666665,24.604473118279575,24.85063379343833,4.039549572615825,4.047270213864852,4.0385893538580895,25.526166666666665,24.9672131147541,25.636654950145903,4.034100853675843,4.03789461004602,4.055295635361416,7.518141286455449
2024-09-26,sz001282,24.79,25.65,25.66,24.71,18998,33881225.34,3.82,3.22,0.8,3.4,4.278707883337975,0.008192083763618463,24.714,24.942666666666664,24.930362130199264,4.095120226143812,4.18236912196403,4.156745467843142,24.604,24.677454545454545,24.778961334013843,3.9976048488095133,4.074754699773912,4.087462597264843,24.7885,24.792666666666666,24.768984994844406,4.0807362087935655,4.056043366865789,4.061184222659371,24.575,24.675591397849463,24.902205806764893,4.04908805146602,4.062699782298539,4.05408087188905,25.488333333333333,24.971273224043717,25.63709249276407,4.03806203160036,4.045914512657892,4.062620627098353,7.5299591085293125
2024-09-27,sz001282,25.84,26.91,27.24,25.7,34794,64915823.53,6.0,4.91,1.26,6.23,4.541504359131859,0.2627964757938841,25.242,25.674666666666667,25.590241420132845,4.237047143114083,4.331163832960046,4.284998431606048,24.773999999999997,25.096727272727268,25.166422909647686,4.074493779737782,4.17364551983252,4.170015644877028,24.963,24.994714285714288,24.972891185811605,4.106704448230238,4.099926047850388,4.106928997561512,24.641333333333332,24.826236559139783,25.03174091600587,4.073236989235414,4.094468576341495,4.08552754848536,25.473166666666664,25.01788524590164,25.67882716513246,4.0487004618018405,4.062420818478597,4.078321733066664,7.812350570978269
2024-09-30,sz001282,27.72,29.13,29.41,27.06,53254,106560460.31,8.73,8.25,2.22,9.54,4.726352233945231,0.1848478748133715,26.232,26.970666666666663,26.770160946755233,4.411225873825922,4.494265529903761,4.432116365719109,25.216,25.88872727272727,25.887073289711743,4.161844421330805,4.292165238779329,4.271167751980337,25.228,25.391571428571428,25.368806310972403,4.145358243094135,4.158940122680387,4.165921686740914,24.778333333333332,25.115827956989254,25.29614472787646,4.098994905643901,4.13660504374213,4.126871076579546,25.507,25.137781420765027,25.791980372833034,4.062095971175541,4.084638909368545,4.099568634734814,8.02759608785533
2024-10-08,sz001282,32.0,30.91,32.0,28.61,73846,158223227.39,11.64,6.11,1.78,13.23,4.868326975951619,0.14197474200638815,27.49,28.529999999999998,28.150107297836826,4.537081450388207,4.646632563945659,4.577519902463279,25.901,26.924000000000003,26.800332691582334,4.251216739717264,4.420616612346749,4.379742156338751,25.5585,25.93271428571429,25.896539043260745,4.185805888938418,4.227794287714433,4.232817428570505,24.980999999999998,25.511419354838708,25.658328938981207,4.128946186928457,4.186239370858757,4.174706941055164,25.573666666666668,25.314928961748635,25.959784295035227,4.0777674673346205,4.111072712803826,4.124773826250118,8.199270238876185
2024-10-09,sz001282,29.73,27.94,29.73,27.93,43937,89641329.6,5.82,-9.61,-2.97,7.87,4.6428304001510625,-0.22549657580055626,28.107999999999997,28.680000000000003,28.080071531891218,4.611544370503549,4.681882213866612,4.599290068359207,26.296,27.294727272727272,27.007544929476452,4.324893225256846,4.4918190960619855,4.427576382486444,25.676499999999997,26.159523809523808,26.09115437247401,4.184038795829819,4.271320431639447,4.271866283006749,25.09,25.702322580645163,25.805533523563064,4.153305115080542,4.2193931910666675,4.204908454545222,25.597666666666665,25.392513661202187,26.024709400116038,4.092091252651762,4.129599366338791,4.141759287689493,7.952508289559373
2024-10-10,sz001282,28.19,28.0,28.82,27.73,26464,52815547.36,3.9,0.21,0.06,4.74,4.422655487872452,-0.22017491227861008,28.578000000000003,28.644000000000002,28.05338102126081,4.640333891410444,4.6189192529895795,4.540411874863622,26.645999999999997,27.604545454545455,27.187991305935277,4.367727058777128,4.509594052901186,4.426681674374809,25.7935,26.38080952380952,26.272949194143152,4.180423510881495,4.294045830881602,4.286227159660625,25.214333333333336,25.89006451612903,25.947112005913834,4.171821206303668,4.236770634472596,4.218956650243753,25.622166666666665,25.47127868852459,26.08947302634174,4.095409280598725,4.140437537985371,4.150968999170901,7.722761785010005
2024-10-11,sz001282,27.75,26.86,28.11,26.42,23333,44622187.34,6.04,-4.07,-1.14,4.18,4.3679705810433935,-0.05468490682905891,28.568,28.07133333333333,27.65558734750721,4.605627135792751,4.528131482867229,4.482931443590212,26.905,27.643454545454542,27.12835652303795,4.421337139453418,4.5096383296768705,4.416006930132733,25.8555,26.482380952380954,26.328858794700945,4.186197592709415,4.311907456611307,4.294012247411366,25.308333333333334,25.99623655913978,26.006008005532298,4.1884810909764605,4.2494254328429015,4.228570452230827,25.624000000000002,25.511863387978142,26.114736205805944,4.097334784006962,4.149373974065524,4.158083805133933,7.6495508551994735
2024-10-14,sz001282,26.89,27.2,27.26,26.35,19616,37179462.32,3.39,1.27,0.34,3.51,4.292610452838321,-0.07536012820507221,28.182,27.615333333333336,27.50372489833814,4.51887877957137,4.423792588549086,4.419491113339582,27.207,27.69709090909091,27.14138260975832,4.465052326698646,4.486233477565035,4.393571206988295,25.9255,26.610428571428574,26.411824623777044,4.194807645623527,4.322042014718822,4.293878743166314,25.431666666666665,26.11827956989247,26.08303974711086,4.188291929888268,4.256143456188827,4.232702065173247,25.621,25.563535519125683,26.150318625287714,4.099517666875858,4.155776455010815,4.162494514894733,7.570303104824112
2024-10-15,sz001282,26.99,26.5,27.45,26.44,22091,41892611.2,3.71,-2.57,-0.7,3.96,4.3442153756565,0.05160492281817852,27.3,27.054666666666666,27.16914993222543,4.414056459512346,4.365571453910795,4.394399200778555,27.395,27.568545454545454,27.02476758980226,4.475568954950277,4.4642631228301,4.3845974194734225,25.994999999999997,26.665142857142854,26.420222278655423,4.2034218582385545,4.33627132234101,4.2986727081653795,25.536333333333335,26.187204301075266,26.10994040858758,4.195142005414285,4.266203033335166,4.239896472301199,25.604833333333335,25.592355191256832,26.161783588393035,4.1044783698424325,4.163799330708541,4.1684525759033155,7.622137431127701
2024-10-16,sz001282,26.11,26.36,26.6,26.05,15234,28244359.5,2.08,-0.53,-0.14,2.73,4.182813951257366,-0.16140142439913419,26.984,26.741333333333333,26.899433288150288,4.322053169733607,4.288490617825802,4.323870784271492,27.546000000000003,27.380363636363636,26.903900755292756,4.466798770118578,4.411034940340479,4.347909516161412,26.058,26.699904761904765,26.41448682354538,4.2130789434202285,4.334308664533278,4.287638540840806,25.621333333333332,26.2403440860215,26.126073285452897,4.1973643819944035,4.265407675002461,4.236213729008049,25.5845,25.61711475409836,26.168282487134245,4.101979579856413,4.166367710427063,4.168923440669022,7.450931730647151
2024-10-17,sz001282,26.42,26.04,26.79,26.0,17746,33008592.86,3.0,-1.21,-0.32,3.18,4.249100477182922,0.06628652592555628,26.592000000000002,26.426666666666666,26.612955525433527,4.287342167595701,4.26417305364224,4.298947348575302,27.585,27.106545454545458,26.74682789069407,4.463838029503073,4.371453432533997,4.329944236347141,26.0945,26.698190476190476,26.378821411779157,4.2307214391562935,4.337739286796392,4.283968249063865,25.720666666666666,26.267354838709682,26.120520170262388,4.208436815696734,4.268745487595269,4.237045132116106,25.560999999999996,25.63204918032787,26.164076503949513,4.1041063513721,4.171191346404981,4.171552195964559,7.518627010965791
2024-10-18,sz001282,26.02,26.78,27.19,25.83,25274,47297924.36,5.22,2.84,0.74,4.53,4.402673981154294,0.15357350397137193,26.576,26.489333333333335,26.668637016955685,4.294282847617881,4.302616991495104,4.3335228927683,27.572000000000003,26.960181818181816,26.75285918329515,4.449954991705316,4.360332696470582,4.343167826312078,26.173000000000002,26.76347619047619,26.417028896371615,4.26222438572155,4.354115719367629,4.295273556882002,25.832666666666668,26.33569892473118,26.16306725605191,4.221121296055264,4.281276917624789,4.2477308643121185,25.562,25.67201639344262,26.184270716934773,4.11064945360803,4.18098044902079,4.179129959413403,7.674842082412702
2024-10-21,sz001282,26.86,26.67,27.14,26.58,32174,60861158.32,2.09,-0.41,-0.11,5.76,4.507505057480667,0.10483107632637356,26.47,26.52066666666667,26.669091344637128,4.33726176854635,4.373691061449367,4.3915169476724225,27.326,26.796181818181818,26.737793877241486,4.428070274058859,4.370796344793374,4.373047322888184,26.270999999999997,26.810809523809525,26.44112138243146,4.294957347694832,4.377475783344688,4.315486080748541,25.927333333333333,26.38972043010753,26.195772594371142,4.239595586749044,4.299753289329653,4.264490489677832,25.562666666666665,25.708344262295082,26.200196267199203,4.117968966014086,4.193992108164156,4.189896356071346,7.784340213667846
2024-10-22,sz001282,26.65,27.44,27.44,26.51,32368,61970625.6,3.49,2.89,0.77,5.8,4.510115865426729,0.0026108079460618328,26.657999999999998,26.844000000000005,26.92606089642475,4.3704418665003955,4.4313090937428266,4.431049920257191,26.978999999999996,26.816909090909093,26.865467717743034,4.392249163006371,4.385713725042077,4.397968876077011,26.439999999999998,26.92214285714286,26.536252679342752,4.321732951361818,4.397967070747726,4.334022250717893,26.031999999999996,26.487311827956994,26.276045330218167,4.254620313627735,4.317206210534666,4.280337288113245,25.573833333333333,25.76989617486339,26.240845569913983,4.127787400412915,4.206849383554735,4.20039535637808,7.792185880420398
2024-10-23,sz001282,27.61,27.61,27.87,27.21,32225,62694178.71,2.41,0.62,0.17,5.77,4.5081929260254405,-0.0019229394012887369,26.907999999999998,27.161333333333335,27.154040597616504,4.435517661454011,4.477226113584509,4.456764255513274,26.945999999999998,26.93163636363637,27.000837223607935,4.378785415593809,4.406794409227362,4.418009612431271,26.621,27.03357142857143,26.63851432892916,4.351839320425328,4.415725163572833,4.350609934080516,26.099666666666668,26.589118279569895,26.362106921816995,4.248954335751148,4.333565733915163,4.2950376518495155,25.5875,25.836655737704916,26.28573587909713,4.138640102542128,4.2193216958699,4.210487079973075,7.797227217521415
2024-10-24,sz001282,27.66,27.52,27.87,27.23,19211,37312718.9,2.32,-0.33,-0.09,3.44,4.283549972002684,-0.22464295402275614,27.204,27.365333333333336,27.27602706507767,4.442407560417964,4.426570217100734,4.399026161009745,26.898000000000003,27.036,27.095230455679218,4.364874864006832,4.389478874028977,4.393562405080618,26.772000000000002,27.119190476190475,26.72246534522162,4.36630096139198,4.4092214161040095,4.344223271025485,26.161666666666665,26.680752688172046,26.436809701054607,4.241907295256607,4.335797710447519,4.294296511214236,25.608999999999998,25.900016393442623,26.326203555192304,4.143293912512462,4.224072839130902,4.212882584629783,7.571856896326931
2024-10-25,sz001282,28.12,27.72,28.19,27.63,26027,51058418.82,2.03,0.73,0.2,4.66,4.4154241120765345,0.13187414007385012,27.392000000000003,27.53733333333333,27.424018043385114,4.444957586602412,4.417575734320257,4.404492144698676,26.984,27.18545454545455,27.208824918282993,4.369620217110146,4.398669646405286,4.397537260898057,26.944499999999998,27.209476190476185,26.817468645676705,4.395478678281782,4.413899811407301,4.351004303506537,26.231666666666666,26.781290322580645,26.519596171954312,4.247338467509659,4.346992343790741,4.302111195140837,25.645666666666667,25.96922950819672,26.37190179928436,4.149581929547572,4.2329951407559525,4.219523290447709,7.7080673614204125
2024-10-28,sz001282,27.65,27.86,28.04,27.56,24359,47789020.48,1.73,0.51,0.14,4.36,4.386659455414194,-0.028764656662340293,27.629999999999995,27.693333333333335,27.569345362256744,4.420788466189117,4.398143023924185,4.398547914937182,27.05,27.344727272727273,27.327220387686083,4.379025117367734,4.401767689733295,4.3955594780828084,27.128499999999995,27.296666666666667,26.916757346088446,4.422038722033189,4.413059885419911,4.3544000322596474,26.300333333333334,26.886344086021502,26.60607383827984,4.256213469538263,4.3559807946232905,4.3075659216100854,25.681,26.041830601092897,26.420691904225855,4.157969015576425,4.240768174390925,4.225003164708905,7.679328128983013
2024-10-29,sz001282,27.93,27.31,27.97,27.24,24324,47247258.26,2.62,-1.97,-0.55,4.36,4.386034994740633,-0.0006244606735608116,27.603999999999996,27.586666666666662,27.482896908171163,4.395972292051897,4.386558533441358,4.394376941538333,27.131,27.392,27.324089408106794,4.383207079276146,4.403042212892004,4.393827753838776,27.262999999999998,27.313952380952383,26.954209027413356,4.4293880171132125,4.409630959011097,4.357412885829265,26.37366666666667,26.951483870967742,26.65148842935856,4.263350265251085,4.3643563768944125,4.312628442457218,25.693500000000004,26.09524043715847,26.449849546710254,4.162777927951574,4.248245747478275,4.230282896841093,7.6743766116368
2024-10-30,sz001282,27.21,27.21,27.58,26.91,18560,35641774.09,2.45,-0.37,-0.1,3.32,4.268577971882843,-0.11745702285779025,27.524,27.455333333333332,27.39193127211411,4.348049301223378,4.344093760051673,4.35244395165317,27.216,27.406363636363636,27.3033458793601,4.391783481338694,4.382200557002312,4.371055066210425,27.381,27.308904761904756,26.978570072421608,4.429291125728636,4.3943157166082045,4.348952417834368,26.444,27.005440860215057,26.687521433916075,4.272647122726384,4.36469364829001,4.309786476613709,25.708333333333332,26.14496174863388,26.474772512391883,4.170400231270401,4.251714601377661,4.23153847307197,7.551959313162862
2024-10-31,sz001282,27.12,27.3,27.61,26.93,21305,41078831.49,2.5,0.33,0.09,3.82,4.328481538536472,0.05990356665362917,27.48,27.38066666666667,27.36128751474274,4.357035614530136,4.337571172489371,4.344456480614271,27.342000000000002,27.421636363636363,27.302737537658263,4.399721587474049,4.370691112856453,4.363314424815161,27.4635,27.301190476190477,27.009182446476693,4.431779808488561,4.384714803542284,4.347002810282187,26.510333333333335,27.060666666666666,26.72703618011504,4.287054821928878,4.3682958686648545,4.3109926096409845,25.725666666666665,26.197147540983607,26.501829151329854,4.177431517383925,4.256897595058516,4.234716934234741,7.613618081355067
2024-11-01,sz001282,27.21,26.21,27.27,26.16,25603,47876621.7,4.07,-3.99,-1.09,4.59,4.408290856214617,0.07980931767814425,27.177999999999997,26.957333333333334,26.977525009828497,4.355608963357752,4.354656253050864,4.365734605814387,27.285000000000004,27.21581818181818,27.10405798535676,4.400283274980081,4.372249161718375,4.37149195779688,27.428499999999996,27.18180952380952,26.933069832526535,4.425119133342699,4.382477760468575,4.352839767037657,26.543666666666663,27.041290322580647,26.693679007204395,4.308244015474393,4.376117548296191,4.317269915871542,25.710333333333335,26.21302732240437,26.49226098243379,4.181556389095197,4.264466753708703,4.240407882496376,7.680123497857787
2024-11-04,sz001282,26.81,28.8,28.8,26.37,79695,158694343.29,9.27,9.88,2.59,14.27,4.901431074965418,0.49314021875080183,27.366000000000003,27.498,27.585016673219002,4.458563287267997,4.536596956920087,4.544300095531398,27.498,27.491272727272726,27.41241107892826,4.439675876728556,4.463366943533891,4.4678445245547955,27.412,27.31242857142857,27.110872705619247,4.433873075393708,4.427840802527883,4.405086558268873,26.68,27.186860215053763,26.829570684158952,4.343196857372741,4.41438768116658,4.354957732587276,25.738166666666665,26.314327868852462,26.567924556780223,4.195239472101102,4.288069202425759,4.2620807740527376,8.20056144646674
2024-11-05,sz001282,29.47,29.22,29.51,28.47,88973,182889258.44,3.61,1.46,0.42,15.94,4.949258234397422,0.04782715943200344,27.748,28.116,28.130011115479334,4.571207935199355,4.700161939296562,4.679286141820072,27.676,27.804363636363636,27.74106361003221,4.483590113625626,4.556018281291867,4.555374289980728,27.327500000000004,27.484619047619045,27.31174197175075,4.437919638315998,4.476925103385379,4.456912432185877,26.852,27.350731182795702,26.98379193034225,4.375685338783087,4.453488415168173,4.393299700445995,25.777833333333334,26.428486338797807,26.654877850000542,4.207444050018024,4.312791129058425,4.284611182588629,8.262188198985296
2024-11-06,sz001282,29.2,29.15,29.97,28.81,68087,140450588.88,3.97,-0.24,-0.07,12.19,4.833064199031498,-0.11619403536592365,28.136000000000003,28.583333333333332,28.470007410319557,4.684105180629085,4.787447360573942,4.730545494223881,27.830000000000002,28.072363636363637,27.997233862753625,4.516077240926232,4.619559024092934,4.605863364353595,27.387999999999998,27.658190476190473,27.486814164917345,4.44743132826002,4.514557918691616,4.492736409980698,27.024,27.498989247311826,27.123547289675006,4.406585293925629,4.482996728732586,4.421671603580545,25.843999999999998,26.539049180327872,26.73668513360708,4.215166817686051,4.333303265091654,4.30259324870151,8.147523564447518
2024-11-07,sz001282,29.5,29.48,29.92,29.09,59077,123053207.27,2.85,1.13,0.33,10.58,4.771418433211914,-0.06164576581958414,28.571999999999996,29.031333333333336,28.806671606879704,4.772692559564174,4.8165517781015526,4.744169807219892,28.026,28.372363636363634,28.266827705889327,4.564864087047154,4.665984695417603,4.635964285964198,27.462,27.857428571428578,27.67664138730617,4.464869475526993,4.54541383344894,4.519277555050337,27.19,27.657440860215054,27.27557649679275,4.432488669943705,4.506534350622024,4.444235915169665,25.91,26.65826229508197,26.82662988332488,4.228229353824145,4.351541022977748,4.317964566226441,8.090092937677264
2024-11-08,sz001282,29.5,29.48,30.38,29.22,59364,124632540.66,3.93,0.0,0.0,10.63,4.773523156411806,0.002104723199892078,29.226,29.334,29.031114404586468,4.845739019603611,4.81682864371743,4.75395425695053,28.201999999999998,28.636727272727274,28.48740448663672,4.600673991480682,4.703922708029358,4.660974989681944,27.592999999999996,28.049619047619046,27.848389826610344,4.485147104295414,4.574809422104637,4.543491421846667,27.363666666666667,27.805182795698926,27.417797367967413,4.463877116014748,4.52853657555545,4.46548025331432,25.974333333333334,26.77531147540984,26.91362562485521,4.241362801633463,4.369419508308491,4.332900913445633,8.095631448294284
2024-11-11,sz001282,29.85,30.57,30.69,29.66,65485,140022090.84,3.49,3.7,1.09,11.73,4.8161418318502855,0.042618675438479414,29.580000000000002,29.782,29.544076269724314,4.828681170980586,4.806962914466321,4.774683448583783,28.472999999999995,29.067272727272726,28.866058216339134,4.643622229124292,4.74309867900565,4.68918714280346,27.7615,28.333142857142857,28.1075907955046,4.511323673246013,4.6063327294908145,4.5694581275612975,27.576666666666664,28.012043010752684,27.62116527971145,4.495899891063557,4.551263331415807,4.488103580961802,26.066499999999998,26.92598907103825,27.033506751909137,4.254008501876534,4.388264722413961,4.34874487798349,8.14619655834303
2024-11-12,sz001282,30.85,29.73,30.85,29.44,55647,118321288.46,4.61,-2.75,-0.84,9.97,4.7454417559382005,-0.07070007591208505,29.682,29.832,29.60605084648288,4.787917875288741,4.7792164427855255,4.764936217701923,28.714999999999996,29.295818181818184,29.02313854064111,4.6795629052440475,4.761611320244543,4.699415254282504,27.923000000000002,28.52061904761905,28.262105957837495,4.531384992260097,4.628629689747213,4.586218473121003,27.747,28.15096774193548,27.757219132633296,4.5127796464901575,4.56736280656901,4.504706043863505,26.144999999999996,27.04610382513661,27.12191636660064,4.270054405004922,4.404377288120901,4.361751332998399,8.073062890265556
2024-11-13,sz001282,29.41,29.51,29.69,28.56,36078,74129295.6,3.8,-0.74,-0.22,6.46,4.557242454229143,-0.18819930170905774,29.754,29.77466666666667,29.574033897655255,4.73275352632827,4.7023246357656605,4.695704963210996,28.945,29.44036363636363,29.11165880597909,4.708429353478678,4.739371238241833,4.673565654272801,28.0805,28.671761904761905,28.38095300947202,4.550106417408687,4.631092305172836,4.583458852274159,27.902333333333335,28.26470967741935,27.8703017692376,4.522337201645317,4.570231374810234,4.508095489693547,26.225,27.15643169398907,27.20021419064652,4.280943387130571,4.4137932897348096,4.368160877956784,7.869989873337896
2024-11-14,sz001282,29.51,28.47,29.51,28.35,23020,46822080.63,3.93,-3.52,-1.04,4.12,4.362105319293773,-0.19513713493536944,29.552000000000003,29.34666666666667,29.20602259843684,4.650890903544641,4.578775233420828,4.584505081905256,29.062,29.354,28.994993568528344,4.711791731554408,4.676403232026396,4.616936502458432,28.202000000000005,28.708857142857145,28.38943367523659,4.555756659514229,4.613187438685702,4.562377563418885,27.996333333333332,28.301333333333336,27.908991977673885,4.525117116177176,4.559893834013362,4.498676769022594,26.285666666666664,27.23003825136612,27.24184651226467,4.287102583821597,4.41645433669098,4.3679623350498,7.670450708507356
2024-11-15,sz001282,28.42,27.65,28.57,27.58,27271,54104123.4,3.48,-2.88,-0.82,4.88,4.4357010633732115,0.07359574407943814,29.186,28.712666666666667,28.687348398957894,4.583326484936923,4.507045286697018,4.534903742394575,29.206,29.09727272727273,28.75044928334137,4.714532752270268,4.626204928720723,4.5839846044429375,28.2455,28.656285714285715,28.319011420452153,4.5574080136251744,4.601753572386557,4.5503131348431065,28.021,28.278989247311827,27.89228281782396,4.521590339651889,4.554125056413105,4.494613820271021,26.331166666666668,27.274770491803285,27.25522859382976,4.297413664443651,4.421326417987753,4.370183276962043,7.733230364951774
2024-11-18,sz001282,27.94,27.21,28.29,26.81,22987,44285411.2,5.35,-1.59,-0.44,4.12,4.361482295825142,-0.07421876754806966,28.514,28.054,28.194898932638598,4.492394577731894,4.4330972236597574,4.477096593538098,29.047000000000004,28.734363636363636,28.47036759546112,4.66053787435624,4.562013936639792,4.5435296392397015,28.2725,28.557666666666666,28.213391285170996,4.550106875542399,4.583093980215126,4.532329245412824,27.957,28.226666666666667,27.84826457151274,4.509428008381218,4.543795505198476,4.48602468966161,26.367666666666665,27.303584699453552,27.253745689114027,4.304211457012559,4.423427028852721,4.369897998891981,7.646260681554449
2024-11-19,sz001282,27.31,28.6,28.6,27.31,27856,54933022.12,4.74,5.11,1.39,4.99,4.444918753773256,0.08343645794811394,28.288,28.082666666666668,28.32993262175907,4.432289977298905,4.417271949006878,4.466370646949818,28.984999999999996,28.65309090909091,28.493937123559096,4.610103926293823,4.522810460170158,4.525600387336711,28.3305,28.588857142857144,28.25021116277376,4.546847019959725,4.57307606385616,4.524004436685247,27.88,28.268150537634412,27.896763631415144,4.495314400975273,4.539633617804415,4.483372693797845,26.4305,27.376775956284153,27.297885174716843,4.312130293951865,4.428040382844874,4.372357695773333,7.739833492229732
2024-11-20,sz001282,28.47,29.5,29.59,28.21,41111,84649846.76,4.83,3.15,0.9,7.36,4.613958040857214,0.1690392870839581,28.286,28.486666666666665,28.719955081172714,4.443633094624519,4.477827970192981,4.515566444918949,29.02,28.746727272727277,28.67685764654835,4.588193310476394,4.523511208272592,4.541665415249529,28.425,28.70023809523809,28.36923867108102,4.552135275701313,4.579467589655922,4.5325714466063864,27.932,28.37266666666666,28.000198235839974,4.494351988998812,4.547288046183895,4.49179755489845,26.511,27.47741530054645,27.3700856607917,4.323828552039676,4.437936374546689,4.380279018562968,7.927626176250664
2024-11-21,sz001282,29.51,29.62,30.21,29.24,38218,80045220.85,3.29,0.41,0.12,6.85,4.582267956091819,-0.03169008476539492,28.516000000000002,28.931333333333335,29.01997005411514,4.487665621984128,4.52403959068208,4.537800281976573,29.034,28.85581818181818,28.848338074448648,4.569278262764385,4.522433871111761,4.549047695402672,28.53,28.814047619047617,28.488358797644732,4.567071174905769,4.582337368740731,4.5373044475097615,27.985999999999997,28.481569892473114,28.104701575463203,4.499672404606125,4.552960044060862,4.4976343549754425,26.600166666666667,27.57934972677596,27.44385334404443,4.335746805454897,4.446409797630366,4.386901606678668,7.903335407205559
2024-11-22,sz001282,29.65,28.53,30.43,28.49,40532,84252897.36,6.55,-3.68,-1.09,7.26,4.607798033979387,0.025530077887568225,28.692,28.935999999999996,28.856646702743433,4.522085016105363,4.564083728013833,4.561132865977511,28.939000000000004,28.764181818181818,28.79045842454889,4.5527057505211435,4.529437465878125,4.559729575143892,28.570500000000003,28.814047619047617,28.49232462644047,4.576689871000912,4.586216117223933,4.5440181224116305,28.041666666666668,28.516666666666662,28.132140183497835,4.507666653037323,4.5599358911172025,4.50474168910473,26.675,27.64262295081967,27.479464709813467,4.348073872006892,4.455329510041006,4.394144112491806,7.9255848446866874
2024-11-25,sz001282,28.74,29.52,29.68,28.6,33077,68216970.82,3.79,3.47,0.99,5.92,4.519526113258743,-0.08827192072064438,29.154000000000003,29.211999999999996,29.077764468495623,4.553693779592083,4.563230760398294,4.547263948404589,28.834000000000003,28.869818181818186,28.92310234735818,4.523044178661989,4.523404804557688,4.552419854801138,28.6535,28.90447619047619,28.590198471541378,4.58333320389314,4.580771949819916,4.541685550111356,28.119000000000003,28.612043010752693,28.22167952649798,4.515230508384671,4.5607010175831,4.505695522921118,26.775333333333332,27.73590163934426,27.546367506213024,4.351761219136469,4.4609508950000825,4.398254997762853,7.833892430618623
2024-11-26,sz001282,29.31,29.03,29.62,28.82,24676,50729421.6,2.71,-1.66,-0.49,4.42,4.392274761571942,-0.1272513516868008,29.24,29.17066666666667,29.061842978997085,4.543164981151821,4.509424421058245,4.49560088612704,28.764,28.90545454545455,28.942538284202147,4.487727479225363,4.499628546904952,4.523302565123102,28.7395,28.940333333333335,28.63208433139458,4.583645192234705,4.562575907694088,4.52745595120284,28.203333333333333,28.670817204301077,28.27382923446585,4.5168324879151855,4.552768388756473,4.498378054446978,26.869833333333336,27.80982513661202,27.59501119453391,4.355987246664736,4.4622792078668185,4.3980589244451185,7.705259910664332
2024-11-27,sz001282,28.87,28.94,28.96,27.82,21966,44062568.0,3.93,-0.31,-0.09,3.93,4.341750979265175,-0.05052378230676702,29.127999999999997,29.07066666666667,29.021228652664725,4.4887235688334135,4.442286420429364,4.4443175838397515,28.707000000000004,28.93745454545455,28.942076777983573,4.466178331728966,4.473087365094009,4.490293185876206,28.826,28.95942857142857,28.661409633166524,4.587303842603822,4.539538363601752,4.509769763399253,28.289333333333335,28.718344086021506,28.31680799353257,4.52213038884878,4.541472807553246,4.4882730818546035,26.955333333333336,27.877699453551912,27.639109188155746,4.359747385421591,4.46181244500126,4.396212762308071,7.644069804565306
2024-11-28,sz001282,29.03,28.66,29.22,28.53,18137,36962204.2,2.38,-0.97,-0.28,3.25,4.258565453000082,-0.08318552626509312,28.936,28.91466666666667,28.900819101776484,4.423983068215065,4.3655670484849205,4.382400206893195,28.726,28.928909090909094,28.890790091077466,4.455824345099597,4.435339568961485,4.44816087080782,28.894,28.94361904761905,28.66127538238876,4.583808038327002,4.508229945544253,4.485845543361236,28.37666666666667,28.74225806451613,28.338949413304665,4.522445888042684,4.524468618143653,4.473453234831732,27.048666666666666,27.933590163934422,27.67258101805228,4.365441351869709,4.458495004593998,4.391699735773383,7.5677578619894526
2024-11-29,sz001282,28.8,29.59,29.62,28.61,33390,68908228.63,3.52,3.24,0.93,5.98,4.52361641905437,0.2650509660542886,29.148000000000003,29.13266666666667,29.130546067850993,4.407146745230063,4.398778165431355,4.429472277613587,28.920000000000005,29.086000000000002,29.017919165427017,4.464615880667713,4.447665400589625,4.461880061398102,29.063,29.009904761904767,28.749725345970784,4.58957431646899,4.5024974103754305,4.489442769617725,28.47033333333333,28.820537634408605,28.419662354381785,4.526477302639353,4.524544136273439,4.476689569297709,27.151500000000002,28.016912568306008,27.73544721418171,4.37379929934731,4.463681072370544,4.396024872930136,7.838271085989218
2024-12-02,sz001282,30.43,29.92,30.46,29.68,37542,79293254.71,2.64,1.12,0.33,6.72,4.574517405361165,0.05090098630679485,29.227999999999998,29.39,29.39369737856733,4.4181450036505465,4.454568385475056,4.477820653529447,29.190999999999995,29.267818181818182,29.181933862622106,4.485919391621315,4.467647495988436,4.482359578482295,29.119,29.091523809523807,28.861180074925947,4.573228632988777,4.501063418841352,4.497545115879005,28.578666666666667,28.91406451612903,28.516458331518447,4.528711047568704,4.527643497739362,4.483001042592125,27.252999999999997,28.107683060109288,27.80707189568395,4.384153317158874,4.470261993879195,4.401877087108202,7.8992362444825135
2024-12-03,sz001282,29.73,29.96,30.24,29.64,28218,59645763.56,2.01,0.13,0.04,5.05,4.450526229129723,-0.12399117623144207,29.413999999999998,29.634000000000004,29.582464919044888,4.429795297162103,4.465362127301448,4.468722512062873,29.327000000000005,29.407636363636364,29.323400433054452,4.486480139156962,4.461212375535418,4.476571696781827,29.156,29.171619047619046,28.965829591599665,4.548292032725392,4.4893774756166795,4.493067126664787,28.66266666666667,29.003182795698926,28.609590052065645,4.526724726358804,4.52259931590459,4.4809058933364865,27.34733333333333,28.196437158469944,27.877659702382836,4.39067251999327,4.472438154927419,4.403472140944974,7.7755796026106685
2024-12-04,sz001282,29.65,30.81,31.9,29.47,79191,171606478.55,8.11,2.84,0.85,14.18,4.89867582713954,0.4481495980098167,29.788,30.099333333333334,29.99164327936326,4.541180266736975,4.6216556372939275,4.612040283755095,29.458000000000006,29.677272727272726,29.593691263408186,4.5149519177851944,4.536157046077705,4.55331790230141,29.238999999999997,29.329142857142855,29.141464868590173,4.551572614130794,4.52274736079898,4.531696526710001,28.769333333333336,29.141720430107526,28.751551984190446,4.539740823062607,4.546596161116249,4.507858792291522,27.434500000000003,28.309967213114753,27.973802007222744,4.394347579406878,4.489094001063362,4.419708327377582,8.234533679464931
2024-12-05,sz001282,33.86,33.86,33.86,33.86,24891,59613250.45,0.0,9.9,3.05,4.46,4.396042344810998,-0.5026334823285419,30.827999999999996,31.456666666666667,31.28109551957551,4.56867564509916,4.5732763299852675,4.54004097077373,29.881999999999998,30.477636363636364,30.369383760970333,4.496329356657112,4.51453712371876,4.5247223463940625,29.458,29.769238095238094,29.59084916681968,4.532803809710749,4.507934954197094,4.518777080814858,28.980666666666664,29.470150537634407,29.081129275532998,4.543490568822884,4.53732529155163,4.500644827937941,27.571166666666667,28.520639344262296,28.166792105346588,4.392698932039746,4.489149567142186,4.418932393522939,7.77534280265505
2024-12-06,sz001282,34.3,32.81,35.33,32.48,147080,347800902.14,8.42,-3.1,-1.05,26.34,5.1675536211968245,0.7715112763858265,31.472,32.117333333333335,31.790730346383675,4.69746308552765,4.772902322017823,4.749211854248095,30.309999999999995,31.01,30.813132168066634,4.552304915378857,4.636577899089617,4.641600759994565,29.6245,30.08847619047619,29.8974349604559,4.55250533295,4.568387317195769,4.580565322755998,29.150333333333332,29.71720430107527,29.321701580337322,4.568561552460227,4.577587423962852,4.543671201696579,27.691,28.692404371584697,28.319028429761453,4.407950009984943,4.514554638917828,4.443477351807329,8.541330704158689
2024-12-09,sz001282,32.2,34.13,35.33,32.2,123123,292037196.27,9.54,4.02,1.32,22.05,5.090339188918716,-0.07721443227810809,32.314,33.00333333333333,32.57048689758912,4.80062744223916,4.9038610231481785,4.862920965804969,30.770999999999997,31.70454545454545,31.416199046599974,4.609386222944854,4.7344023124605,4.7231895652535005,29.8025,30.517571428571426,30.300536392793436,4.566215200803422,4.619609589192789,4.629115214771495,29.359333333333332,30.03847311827957,29.631914381605885,4.592017543577044,4.611250497282755,4.578940104098008,27.829833333333333,28.90351912568306,28.50955208780206,4.424115506557654,4.536928054620574,4.464685936630652,8.465438170304592
2024-12-10,sz001282,34.21,33.44,34.77,33.23,104544,251511074.57,4.51,-2.02,-0.69,18.72,5.019299112795343,-0.07104007612337337,33.01,33.37866666666667,32.86032459839275,4.914382018972285,4.97675158000024,4.915047014801761,31.212,32.18981818181818,31.784162856309067,4.672088658067194,4.808931928796954,4.777027664806562,29.988,30.864,30.59953292681311,4.579908068646278,4.662760437953924,4.666275586011862,29.563666666666666,30.301741935483875,29.877597324728086,4.613126347512202,4.638817050135547,4.6073503627236425,27.968666666666664,29.08745901639344,28.671206117710188,4.438238306381644,4.556442271218532,4.482869975193429,8.400557112726936
2024-12-11,sz001282,33.09,34.26,34.48,32.39,78720,187578709.3,6.25,2.45,0.82,14.1,4.896085085423285,-0.12321402737205833,33.7,33.79533333333333,33.32688306559517,4.913863870629033,4.970652602150573,4.908726371675602,31.743999999999993,32.744,32.23431506425287,4.727522068683005,4.849658551952606,4.798674468555057,30.2255,31.27085714285714,30.948148838545197,4.596850200205985,4.69287253478983,4.688162205003426,29.79866666666667,30.6047311827957,30.160332981197243,4.634043251296883,4.657072452581424,4.625978409349426,28.121333333333336,29.29373224043716,28.85444526139182,4.453345187011633,4.571453641023176,4.4964180115944075,8.273183543220798
2024-12-12,sz001282,34.21,33.86,36.45,33.37,79159,192577058.06,8.99,-1.17,-0.4,14.18,4.898500299212667,0.0024152137893826975,33.7,33.84866666666667,33.50458871039678,5.014355461509367,4.965531411678452,4.905317680854624,32.263999999999996,33.12872727272727,32.529894143479616,4.791515553304263,4.880745502957999,4.816824619583713,30.494999999999997,31.616999999999997,31.22546799677899,4.62366994920193,4.721601115647609,4.708194404451925,30.017333333333333,30.866752688172046,30.399021175958712,4.653043876652757,4.674134197608248,4.643560466759958,28.26383333333333,29.481885245901644,29.018561810198644,4.470049349290817,4.5860488906035375,4.509601037417957,8.284604547838319
2024-12-13,sz001282,33.09,32.42,33.85,32.25,60082,139379002.78,4.73,-4.25,-1.44,10.76,4.77874438096194,-0.11975591825072751,33.622,33.422000000000004,33.143059140264526,4.9365936134623905,4.8869943848293085,4.8631265808903965,32.547,33.15709090909091,32.509913390119685,4.81702834949502,4.878423471623031,4.809900939834299,30.7335,31.80033333333333,31.3392329494667,4.640822115081367,4.736370109148562,4.714913449833831,30.224333333333334,31.02176344086022,30.52940690654202,4.665392327477667,4.682243907563681,4.652282009611699,28.384000000000004,29.61815300546448,29.130084373798688,4.48681817147603,4.596170039182919,4.518425409337432,8.144197352932533
2024-12-16,sz001282,32.39,31.67,32.79,31.48,36664,82844566.35,4.04,-2.31,-0.75,6.57,4.56423984423673,-0.21450453672520986,33.13,32.77133333333334,32.65203942684302,4.831373744525993,4.762876461754089,4.763497668672508,32.722,32.99763636363636,32.35720186464338,4.816000593382578,4.832461925212434,4.765235286089286,30.9565,31.889523809523805,31.370734573327017,4.650959992501946,4.729076559544311,4.700563582634107,30.32,31.11503225806452,30.602993557732862,4.654152619786711,4.675717940902975,4.6466018699100875,28.5,29.72589071038251,29.21336029596922,4.498674738579726,4.598708454683269,4.519927521957081,7.918264028970227
2024-12-17,sz001282,31.47,30.55,31.83,30.46,29188,64139214.0,4.33,-3.54,-1.12,5.23,4.46520433758063,-0.09903550665609995,32.55200000000001,31.911333333333335,31.95135961789535,4.72055478948305,4.640819992772301,4.664066558308549,32.781,32.60272727272727,32.02861970743549,4.817468404227668,4.768680787793898,4.7106842045422574,31.054000000000002,31.850809523809524,31.2925693758673,4.651974271692315,4.7113855447899,4.678148416438537,30.36433333333333,31.129870967741937,30.599574618524294,4.6380174898928175,4.663527729147743,4.634898803308187,28.608166666666666,29.793103825136612,29.257184548560392,4.5068514143379526,4.5976110644865775,4.51813331919064,7.807123633522663
2024-12-18,sz001282,30.84,30.74,31.12,30.04,22051,47820000.69,3.54,0.62,0.19,3.95,4.343428289252123,-0.12177604832850708,31.847999999999995,31.307333333333336,31.5475730785969,4.610023430248818,4.515111159361991,4.55718713528974,32.773999999999994,32.23163636363636,31.79432521517449,4.761943650438925,4.682491675980163,4.643910401762232,31.116000000000003,31.820904761904767,31.239943721022794,4.63844778411206,4.68200021312893,4.64627030908745,30.417333333333332,31.154107526881724,30.608634320554987,4.621696292900172,4.644521974267699,4.616094254014247,28.720666666666666,29.863,29.30580144860759,4.514140793412901,4.592252929237861,4.512405285422164,7.679609578046239
2024-12-19,sz001282,30.46,30.97,31.12,30.06,21516,46658611.9,3.45,0.75,0.23,3.85,4.332761535609808,-0.010666753642315285,31.27,31.014666666666667,31.355048719064605,4.496875677528246,4.422690527815655,4.482378602063096,32.485,31.903636363636366,31.644447903324583,4.755615569518807,4.60445856419305,4.587337880643609,31.183500000000002,31.807,31.2142347952111,4.62597246308796,4.652887237081096,4.616412330661008,30.467,31.189763440860215,30.631948235357893,4.607074396313434,4.625881022184449,4.597814723794606,28.828500000000002,29.93674863387978,29.360365335538486,4.51978153312857,4.586306068326285,4.5065153264119235,7.668931814330482
2024-12-20,sz001282,31.02,31.16,31.57,30.88,23210,51298943.8,2.23,0.61,0.19,4.16,4.3656751404559175,0.032913604846109834,31.018,30.978,31.290032479376407,4.414261829427042,4.378957015458212,4.443477448194036,32.32,31.66272727272727,31.556366466356472,4.6754277214447155,4.533560304363434,4.547035564245847,31.314999999999998,31.804761904761904,31.20906957661957,4.613866318411786,4.628097015878044,4.592532598260523,30.523000000000003,31.234473118279567,30.66601609114126,4.593479462448239,4.610306876645255,4.582837976482433,28.94333333333333,30.013191256830602,29.41936975076673,4.528678289231493,4.5812533997140665,4.501897615396972,7.710108423463592
2024-12-23,sz001282,30.97,29.55,31.27,29.33,27718,58918112.4,6.23,-5.17,-1.61,4.96,4.442761890431123,0.07708674997520504,30.594,30.488666666666667,30.710021652917604,4.38996623866592,4.388457035792906,4.443238928939732,31.862000000000002,31.15909090909091,31.191572563382564,4.610669991595957,4.4912574259973255,4.528076714461351,31.316499999999998,31.636666666666667,31.051062950274847,4.610028107270405,4.611801356070362,4.57826872132439,30.488999999999997,31.171698924731178,30.594015053003115,4.5810334644009325,4.600583162321569,4.573800809640414,29.032833333333333,30.033081967213118,29.423652709757985,4.538466677732245,4.578436468605858,4.499958739168584,7.770248824603116
2024-12-24,sz001282,29.55,29.92,30.29,29.41,16714,35190492.0,2.98,1.25,0.37,2.99,4.223080397831155,-0.2196814925999675,30.468,30.264000000000003,30.44668110194507,4.341541450716025,4.332828422181318,4.36985275190354,31.51,30.805999999999997,30.96037755185846,4.5310481200995385,4.420786590767362,4.4726228387104054,31.361,31.503666666666668,30.94334266929629,4.601568389083366,4.574949193266625,4.5444412619440815,30.495333333333335,31.134989247311832,30.550530210873884,4.563621419130698,4.577489416091262,4.551173686297881,29.121166666666667,30.062169398907102,29.439926391405262,4.538200532810428,4.56809593483861,4.490880760764077,7.546425338770156
2024-12-25,sz001282,29.89,29.9,30.69,29.64,22051,46861579.93,3.51,-0.07,-0.02,3.95,4.343428289252123,0.12034789142096791,30.3,30.074666666666666,30.26445406796338,4.341541450716025,4.333457368360016,4.361044597686401,31.074,30.513272727272728,30.76758163333874,4.475782440482422,4.3866738942496495,4.449132920627081,31.409,31.364523809523806,30.84397670079188,4.601652254582713,4.550364421854126,4.525297169306752,30.508333333333333,31.096580645161286,30.508560519849766,4.55649428029813,4.563283407711999,4.53777075745622,29.205333333333332,30.087704918032788,29.455010772014923,4.539415740971724,4.561709959639976,4.4860462535013905,7.670816926670544
2024-12-26,sz001282,29.96,31.36,31.96,29.61,43868,96727777.19,7.86,4.88,1.46,7.86,4.642147834797843,0.2987195455457199,30.377999999999997,30.428,30.629636045308924,4.403418710553632,4.433659496387289,4.454745676723549,30.824,30.56527272727272,30.875294063640787,4.450147194040939,4.416922147761545,4.484226541385401,31.544,31.35985714285715,30.893121776906938,4.620831373672601,4.554221143779375,4.536425804115427,30.604666666666667,31.151526881720432,30.5634920992143,4.565829030814934,4.568809443486173,4.544504762446001,29.3005,30.158349726775956,29.517469435227547,4.545473073496055,4.565078225011324,4.491164338134061,7.985551207775318
2024-12-27,sz001282,31.15,30.92,31.54,30.78,26679,58320854.0,2.42,-1.4,-0.44,4.78,4.426169547035326,-0.2159782877625167,30.330000000000002,30.608666666666668,30.726424030205955,4.415517591869514,4.441243108547853,4.445220300160809,30.674,30.582727272727276,30.883422415706097,4.414889710648278,4.412562575578706,4.473670724230842,31.610499999999995,31.300428571428572,30.895681607677705,4.615959030071648,4.535681922194873,4.525925208203037,30.713666666666665,31.17187096774194,30.586492608942415,4.56551131360367,4.5597991542100695,4.536870232419506,29.367333333333338,30.21144808743169,29.56345404390861,4.543550826627779,4.561166633979825,4.489033361376725,7.765823874788177
2024-12-30,sz001282,30.57,30.55,31.08,29.92,17214,37061737.09,3.75,-1.2,-0.37,3.08,4.235881798629642,-0.19028774840568374,30.53,30.682000000000002,30.667616020137306,4.374141573509218,4.38136451080123,4.375440799650421,30.562,30.560181818181817,30.822800158304986,4.382053906087569,4.380015682484409,4.430436374121532,31.642000000000003,31.199428571428566,30.862759549803638,4.599027249735073,4.499484090628967,4.498302026338904,30.825,31.16131182795699,30.584138247075167,4.56132463036382,4.538532733889165,4.5174516237879025,29.391000000000002,30.250224043715846,29.595799812960784,4.535376319372519,4.551079124865132,4.480733310139116,7.568925770917084
2024-12-31,sz001282,30.57,29.87,30.83,29.83,16580,35164765.4,3.27,-2.23,-0.68,2.97,4.219584526214255,-0.01629727241538781,30.52,30.461999999999996,30.401744013424874,4.373442399185838,4.329845495036242,4.323488708505032,30.494,30.43436363636364,30.649563765885894,4.357491924950931,4.350475795234715,4.392099674502027,31.6375,31.030666666666665,30.768211021250913,4.5874801645893,4.4633466883888895,4.471757502517509,30.867333333333338,31.099698924731182,30.538064811779996,4.553813489445187,4.516484985234354,4.498234391686378,29.373666666666665,30.265928961748628,29.604789983027644,4.524563945210231,4.540725295581255,4.472171054928465,7.546107724384849
2025-01-02,sz001282,29.59,28.89,30.34,28.54,22635,46823072.47,6.03,-3.28,-0.98,4.05,4.354780498831271,0.13519597261701666,30.318,29.91866666666667,29.897829342283252,4.3757128411016675,4.32362486158472,4.333919305280445,30.309000000000005,30.14272727272727,30.329643081179366,4.358627145908846,4.349982808667504,4.385314369834616,31.541500000000003,30.769,30.58933378113178,4.560285398173886,4.441184815459554,4.460616835499772,30.847,30.972129032258067,30.431738049729674,4.545174238044323,4.503644147130232,4.488979301824759,29.3895,30.25007103825137,29.581354245879197,4.519763113521567,4.535158625208174,4.4683221842367535,7.670459908142888
2025-01-03,sz001282,28.89,26.95,29.13,26.82,30694,59842077.51,8.0,-6.72,-1.94,5.5,4.487053488781427,0.13227298995015602,29.436,28.796,28.91521956152217,4.344693971898384,4.360738410811306,4.384964033114106,29.907,29.532,29.71516252096493,4.374056341226008,4.373333052826156,4.403812391461309,31.195999999999998,30.331714285714284,30.242730563881135,4.564835955372407,4.434210347898367,4.463134612002787,30.758,30.720709677419354,30.207109788456794,4.542000422467309,4.4998944213713346,4.488855055821963,29.372000000000003,30.17008743169399,29.49508033617824,4.520836413536717,4.534086178495382,4.4689363253693655,7.777006662320766
2025-01-06,sz001282,27.02,27.0,27.51,25.97,17912,33781600.03,5.71,0.19,0.05,3.21,4.253144080570974,-0.23390940821045358,28.651999999999997,27.983999999999998,28.276813041014783,4.310088878605514,4.330221780368836,4.341024048933062,29.491000000000003,29.003454545454545,29.221496608062214,4.362803235237514,4.35134900543433,4.376418153117611,30.9055,29.932095238095233,29.93389908160674,4.519115478341115,4.404525407441088,4.443135513771186,30.706999999999997,30.478258064516123,30.0001994795241,4.530178624020362,4.481258528345764,4.473647896128352,29.374333333333333,30.092316939890715,29.413274423516658,4.518922638528843,4.525309380693227,4.461861169802205,7.528680215624078
2025-01-07,sz001282,27.19,27.82,27.82,26.93,14580,28024592.64,3.3,3.04,0.82,2.61,4.163757523981956,-0.08938655658901773,28.106,27.706666666666667,28.124542027343193,4.295664023675977,4.281444662160983,4.281935207282693,29.318,28.69963636363637,28.966679042959992,4.334902798592597,4.315158876115139,4.337752584183855,30.590000000000003,29.638238095238094,29.732575359548957,4.472786395094277,4.370681792740216,4.416528086172212,30.650333333333332,30.292000000000005,29.85954144858706,4.518319671044469,4.457618457375545,4.453654968893101,29.384666666666664,30.04135519125683,29.361035917827586,4.51677508971457,4.513664622839231,4.452087279775312,7.447539308493204
2025-01-08,sz001282,27.82,27.63,27.93,26.68,18336,35288626.2,4.49,-0.68,-0.19,3.28,4.263304600287296,0.0995470763053401,27.657999999999998,27.548000000000002,27.95969468489546,4.304408038490585,4.27065818769809,4.275725004950894,29.089,28.392727272727274,28.723646489694538,4.338925218838211,4.302141021877811,4.324216587111754,30.299500000000002,29.356333333333332,29.532330087210962,4.434986669468875,4.3507311456157405,4.401935373230791,30.603666666666665,30.097139784946233,29.71570006480725,4.514020665668315,4.441165872165404,4.441374299950791,29.403499999999998,29.983825136612023,29.304280641833238,4.51542657679175,4.5053541149891565,4.445897683726525,7.547634751435269
2025-01-09,sz001282,27.62,28.04,28.84,27.38,19634,38673542.8,5.28,1.48,0.41,3.52,4.2930087866585644,0.02970418637126837,27.488,27.675333333333334,27.98646312326364,4.292053696056044,4.266858437087417,4.281486265520118,28.903000000000002,28.202,28.599347127931892,4.333883268578855,4.29379257966333,4.3185424415748095,29.9885,29.141142857142864,29.39020341223849,4.404832854530639,4.337209442490949,4.391561412604865,30.573666666666668,29.931741935483874,29.607590383206784,4.512395925914761,4.426907041261549,4.431802331351293,29.431500000000003,29.939120218579234,29.262828817510833,4.5172631573817705,4.4980617284274125,4.440884933002985,7.587413958678019
2025-01-10,sz001282,28.04,28.01,29.17,28.0,28525,57416164.85,4.17,-0.11,-0.03,5.11,4.4552256530902525,0.1622168664316881,27.7,27.849333333333334,27.99430874884243,4.285688128917809,4.321249089432153,4.3393993947101634,28.568,28.03963636363636,28.492193104671546,4.315191050408097,4.315854831392675,4.343393934577617,29.695999999999998,28.952714285714283,29.258755468215774,4.382669122224518,4.342008756639484,4.397624673603474,30.552,29.7663440860215,29.504520035903123,4.518951265917766,4.423218636563194,4.433313513398969,29.464333333333336,29.892513661202184,29.221752462838346,4.520698576980226,4.496027711893264,4.441355120546829,7.759034180147461
2025-01-13,sz001282,27.75,30.77,30.77,27.13,37034,78230958.77,13.0,9.85,2.76,6.63,4.568600622233319,0.11337496914306655,28.454,28.872666666666667,28.919539165894953,4.348779437250277,4.415553253870656,4.415799803884549,28.552999999999997,28.44,28.90633981291308,4.329434157927896,4.361929298997261,4.384340605060471,29.6135,29.054999999999996,29.402683518861892,4.372161934288087,4.359716518545085,4.413908097282507,30.591333333333335,29.78040860215054,29.586163904554535,4.520450739357064,4.426421820841617,4.442041713968926,29.530833333333337,29.935322404371583,29.27251467717151,4.523464020998209,4.497598270754021,4.445527104208681,7.89337865283287
2025-01-14,sz001282,31.74,32.38,33.79,31.15,133937,306822225.51,8.58,5.23,1.61,23.99,5.1269005671248955,0.5582999448915764,29.365999999999996,30.181333333333335,30.073026110596636,4.541408045878866,4.674926963828862,4.652833391631331,28.736,29.135818181818184,29.537914392383428,4.4185360347774205,4.506923191578533,4.519351507254003,29.649,29.318476190476197,29.686237469446475,4.400294970432495,4.4315963883390666,4.481812142029401,30.673333333333336,29.895806451612902,29.766411394583276,4.5388635114158555,4.465547616181478,4.486226156108022,29.625999999999998,30.028737704918036,29.37439944185441,4.533787279492279,4.517383075545061,4.467867217746917,8.486886815729168
2025-01-15,sz001282,32.34,31.96,33.3,31.69,95076,216013694.41,4.97,-1.3,-0.42,17.03,4.9780709019742115,-0.14882966515068397,30.232,31.046,30.702017407064425,4.684361306216248,4.8204812491939775,4.761245895078958,28.945,29.722,29.97829359376826,4.494384672353417,4.608656803796132,4.602755033566767,29.7195,29.538571428571426,29.902786281880147,4.4259382986521745,4.486622667533515,4.529074881071764,30.74,29.978817204301073,29.907933240094035,4.556448333844005,4.49388357686266,4.517958075196164,29.70133333333333,30.10526229508197,29.459173230646066,4.541586530101404,4.531949751692008,4.484595207393713,8.334481284568389
2025-01-16,sz001282,31.82,31.23,32.14,30.85,64240,142046141.39,4.04,-2.28,-0.73,11.51,4.807805532270624,-0.1702653697035874,30.870000000000005,31.378666666666664,30.87801160470962,4.78732065533866,4.861629324545436,4.776765774142847,29.179000000000002,30.13745454545455,30.205876576719486,4.5396871756973525,4.665642414690169,4.640036942422014,29.744,29.682428571428574,30.02918758836775,4.449157160803099,4.522990975497177,4.5556206573764175,30.754,30.010430107526876,29.99322786976539,4.5534193240150405,4.51010017030954,4.536657911136452,29.761666666666667,30.155382513661202,29.517233124723244,4.5465800735388235,4.5406782435664095,4.495192267225743,8.152429440834094
2025-01-17,sz001282,30.97,30.63,31.39,30.55,38294,82996737.8,2.69,-1.92,-0.6,6.86,4.5831307329498285,-0.2246747993207956,31.394,31.29866666666667,30.795341069806412,4.812901671310576,4.793566017082492,4.7122207604118405,29.546999999999997,30.401272727272726,30.282989926406852,4.549294900114193,4.673541243281529,4.629690358881616,29.726999999999997,29.766809523809528,30.08640781804701,4.461675620670101,4.535750363320675,4.558240664573885,30.646333333333335,30.00243010752688,30.034309942683755,4.559655603619669,4.512017035402107,4.539656157705057,29.8135,30.183852459016396,29.553717284568386,4.551573086221277,4.54187662584218,4.49807549561014,7.919061022697743
2025-01-20,sz001282,30.94,31.67,31.67,30.57,54305,119331363.84,3.59,3.4,1.04,9.73,4.734839818031571,0.15170908508174286,31.574,31.390666666666668,31.08689404653761,4.846149510470226,4.767545399322825,4.719760446285084,30.014,30.78727272727273,30.53517357615106,4.597464473860252,4.70727668290287,4.648808442363426,29.752499999999998,29.95185714285715,30.237226121090153,4.480133854548884,4.561766001164624,4.5750596315698555,30.608333333333334,30.068473118279574,30.13983833347835,4.545231810180827,4.52331924278352,4.552248651919671,29.87933333333333,30.24472131147541,29.623103603107126,4.556896681320527,4.5478853711474345,4.505838260279695,8.076754604210704
2025-01-21,sz001282,31.32,31.55,31.92,31.11,40956,90658290.4,2.56,-0.38,-0.12,7.34,4.612317534326264,-0.12252228370530727,31.407999999999998,31.38266666666667,31.24126269769174,4.7432329039105,4.6896014072748375,4.683946142298812,30.387,31.06654545454545,30.71968747139632,4.6423204748946825,4.709977239351236,4.642173731811214,29.852500000000003,30.123047619047618,30.36225220479585,4.48861163674364,4.574354923048185,4.578608003260943,30.522333333333336,30.129225806451604,30.230816505512006,4.529297755027745,4.5276473540187085,4.556124063687839,29.94083333333333,30.29949726775956,29.68628053415279,4.560657649302395,4.5497024482951645,4.509329384018927,7.957407525037617
2025-01-22,sz001282,31.36,32.04,32.79,31.11,61077,138100291.39,5.32,1.55,0.49,10.94,4.785877697090295,0.17356016276403086,31.424,31.59333333333333,31.50750846512783,4.704794262933716,4.703816338334769,4.717923327229307,30.827999999999996,31.36709090909091,30.959744294778805,4.694577784574983,4.736078552477712,4.66830172549832,29.958499999999997,30.331380952380954,30.522037709101006,4.5167515017065964,4.602665976414532,4.5983479741018325,30.475666666666665,30.227139784946242,30.347538021285427,4.5215170411709105,4.544200898667906,4.570946878746062,30.01966666666667,30.36832240437158,29.763451664180565,4.567321694341556,4.557086712157063,4.518396541824545,8.140194594935876
2025-01-23,sz001282,32.32,34.87,35.21,31.74,156277,375183523.65,10.83,8.83,2.83,27.99,5.19389506561935,0.40801736852905535,32.152,32.742,32.62833897675189,4.782012169603462,4.866849939229979,4.8765805733593215,31.511000000000003,32.102,31.670699877546294,4.784666412471061,4.826863512667596,4.763864150974871,30.207,30.799142857142854,30.936129355853293,4.559274840524958,4.66715583964432,4.655066744722548,30.496,30.51064516129032,30.63930976184766,4.531444040510779,4.587580126051676,4.61113708435079,30.147333333333332,30.527349726775963,29.930879478469723,4.5827436459038315,4.5776301013792855,4.540544034407982,8.574243757891981
2025-01-24,sz001282,34.86,38.32,38.32,33.81,216910,565009147.84,12.93,9.89,3.45,38.85,5.33627957435033,0.14238450873097985,33.69,34.798,34.52555931783459,4.932641937883562,5.051605740812268,5.029813573689658,32.541999999999994,33.34,32.87966353617424,4.872771804597069,4.927156814827463,4.867939682497681,30.555,31.571809523809524,31.63935513148631,4.593981427502582,4.741156290484831,4.719944157068051,30.64466666666667,31.015419354838713,31.1348381643091,4.546036683015368,4.639504999202615,4.657920470802373,30.331,30.795306010928964,30.205932610323174,4.599540279834062,4.602336197393925,4.566633724242157,8.752055479366822
2025-01-27,sz001282,38.9,37.11,38.97,34.56,158426,412587094.02,11.51,-3.16,-1.21,28.38,5.199826457114059,-0.13645311723627085,34.778,35.937999999999995,35.38703954522306,5.025639265700059,5.140667247222435,5.086484534831126,33.176,34.170545454545454,33.6488156205062,4.935894388085143,4.986621297103279,4.928282732427931,30.8645,32.19609523809523,32.160368928487614,4.63266427300652,4.798855817114495,4.765647233262909,30.801,31.4325376344086,31.520332476289163,4.560072752220439,4.681684984628336,4.692882147338611,30.512666666666668,31.017568306010926,30.43229547555848,4.612732539849053,4.622017711403105,4.587394141713367,8.615515638849056
2025-02-05,sz001282,38.02,37.17,38.26,35.56,98585,257253564.79,7.28,0.16,0.06,17.66,4.993810840774909,-0.20601561633915022,35.902,36.73533333333333,35.981359696815375,5.101937926989789,5.130057772247385,5.0555933034790534,33.655,34.896727272727276,34.289030962232346,4.922585415450145,4.997151561228692,4.940196933945563,31.1955,32.79661904761905,32.63747664958403,4.670560725113782,4.833250728330532,4.787377100645004,30.984333333333332,31.843440860215054,31.884827155238252,4.574391785438379,4.7096680871157215,4.712296901753856,30.652166666666666,31.23584153005464,30.653203820622135,4.614272202612544,4.634512081925265,4.600719279387516,8.41036140154098
2025-02-06,sz001282,37.11,38.5,39.53,36.86,125635,338405505.02,7.18,3.58,1.33,22.5,5.099110644093716,0.10529980331880662,37.193999999999996,37.60133333333333,36.82090646454358,5.164584516390473,5.12911534461536,5.0700990836839415,34.309000000000005,35.77763636363636,35.054661696371916,4.934689389662095,5.029247057345705,4.969090335790681,31.627,33.492285714285714,33.195812206766504,4.714537031007756,4.874065006328621,4.817066009544881,31.249333333333333,32.328322580645164,32.31161250006159,4.5955219956554805,4.74352091670639,4.7372526270661055,30.80683333333333,31.493147540983603,30.910475826503376,4.616769742774149,4.650408424268909,4.617059979869685,8.529437419320775
2025-02-07,sz001282,37.71,36.86,38.25,35.98,142989,374346711.65,5.9,-4.26,-1.64,25.61,5.1553026289122625,0.056191984818546814,37.592,37.49,36.83393764302906,5.1568660290490556,5.126021382122624,5.098500265426716,34.872,36.24145454545454,35.38290502430429,4.969439099326258,5.06935855539119,5.002947116358241,32.0255,33.99066666666667,33.54478247278874,4.754563137511806,4.916042682319526,4.849279020913203,31.453333333333333,32.69030107526881,32.60505685489633,4.622584473644152,4.779635796271344,4.764223594927149,30.935333333333336,31.69161202185792,31.10554219284753,4.622140383272162,4.668065240207864,4.634707279838294,8.57327402253543
2025-02-10,sz001282,36.85,37.14,37.18,36.03,75641,195816802.19,3.12,0.76,0.28,13.55,4.8787572617331705,-0.27654536717909206,37.355999999999995,37.33933333333333,36.93595842868604,5.065361566525624,5.033318459683995,5.025252597528867,35.523,36.65381818181818,35.702376838067146,4.999001752204593,5.052870948556082,4.980367142790046,32.535000000000004,34.477761904761905,33.887184142046955,4.774148326159393,4.9278706941501325,4.852086472419867,31.659,33.05718279569893,32.8976338319998,4.640784331181598,4.796163072922247,4.771612863753344,31.063,31.895043715847,31.30339326849187,4.623929363747516,4.676478908354127,4.642708918588945,8.291849953990743
2025-02-11,sz001282,36.83,37.48,37.69,36.36,73707,192880881.51,3.58,0.92,0.34,13.2,4.8675087350369415,-0.011248526696229,37.43,37.38066666666667,37.117305619124025,4.9988980221101995,4.967367515854434,4.972671310031559,36.104,37.00963636363636,36.02558104932766,5.01226864390513,5.028963127252873,4.959847432289481,33.059000000000005,34.948714285714296,34.229357080899625,4.804866558882691,4.936762161662281,4.853555259335779,31.869666666666667,33.4327311827957,33.19327035896755,4.657512117667633,4.810790453816141,4.7777996941587375,31.19633333333333,32.10543715846995,31.50590496460689,4.625495790057935,4.684465117248862,4.650079404374125,8.285289182199623
2025-02-12,sz001282,37.38,36.66,37.38,36.24,76065,196819474.21,3.04,-2.19,-0.82,13.62,4.881184869603555,0.013676134566613207,37.328,37.123999999999995,36.96487041274935,4.976372827875929,4.928129798352219,4.942175829888891,36.614999999999995,37.110727272727274,36.140929949449905,5.039155377432859,5.0051297137434965,4.945545148164767,33.501,35.291666666666664,34.46084688271871,4.84073792616377,4.944030572207125,4.856186650789852,32.10666666666667,33.74178494623656,33.41693033580836,4.67212621697338,4.825220953941038,4.784469705477758,31.297833333333337,32.284573770491804,31.674891687078798,4.626579840687156,4.692848365758555,4.657656632742303,8.294068067283915
2025-02-13,sz001282,36.29,35.71,37.01,35.03,82560,208978679.17,5.4,-2.59,-0.95,14.79,4.916769684283136,0.03558481467958163,36.769999999999996,36.584666666666664,36.546580275166235,4.9399046359138135,4.908262083821288,4.933707114686973,36.982,36.94618181818182,36.062579049549925,5.052244576152143,4.982877769534457,4.940313245640834,33.905,35.50204761904762,34.57981384626931,4.873411180363563,4.951271692028017,4.861956463503499,32.29966666666667,33.97425806451613,33.564870314143306,4.695249193188446,4.841004403444893,4.793005187981331,31.3975,32.4292349726776,31.80719032028933,4.629435306159572,4.702362786860061,4.666152142628888,8.320101979933309
2025-02-14,sz001282,35.71,34.96,35.89,34.58,43244,107093393.9,3.67,-2.1,-0.75,7.75,4.635925858675862,-0.28084382560727406,36.39,35.98133333333333,36.017720183444155,4.836029281866533,4.806935824741971,4.834446696016602,36.991,36.57854545454545,35.86211013144994,4.996447655457795,4.907183457266041,4.8849700843744746,34.251,35.6025238095238,34.616022051386516,4.890557033964428,4.928654042343474,4.8404297392341995,32.468333333333334,34.14589247311827,33.65487868097277,4.7049991121692365,4.837177091540855,4.7828710377035595,31.488333333333337,32.54603825136611,31.91056112946017,4.630746696233683,4.702575591860596,4.66516111692551,8.029762682024549
2025-02-17,sz001282,34.89,35.1,35.33,34.26,51728,126780641.0,3.06,0.4,0.14,9.27,4.71372568726748,0.07779982859161816,35.982000000000006,35.55133333333333,35.71181345562944,4.803022966973395,4.766167959875621,4.794206359766895,36.669,36.23472727272727,35.723544653004495,4.934192266749509,4.85577946304962,4.85383473944593,34.6055,35.68338095238095,34.662115189349706,4.9034820356732896,4.911812961705669,4.82836268666594,32.592999999999996,34.315677419354834,33.7481123144584,4.707385040584892,4.837740096385905,4.778410047352845,31.598833333333335,32.664453551912565,32.015132895707374,4.636607035699913,4.705296214517442,4.666753397920328,8.103052943224403
2025-02-18,sz001282,35.1,34.56,35.59,34.35,56013,138212811.37,3.53,-1.54,-0.54,10.03,4.7482888336677505,0.03456314640027003,35.398,35.077333333333335,35.327875637086294,4.7791789866995575,4.7479232487737395,4.778900517733847,36.414,35.85127272727273,35.51199107973095,4.889038504404878,4.821978838852937,4.834644574758989,34.795,35.679047619047616,34.65238993322116,4.912466446245011,4.897032656752761,4.820736605428018,32.714333333333336,34.442580645161286,33.80049216513851,4.718122350139306,4.840379050778346,4.7764667432441295,31.714,32.76154098360656,32.09857116142189,4.6418168318714885,4.70895791281147,4.669426690895652,8.140548300993467
2025-02-19,sz001282,34.56,36.17,36.41,34.34,88535,223691534.12,5.99,4.66,1.61,15.86,4.947114991623796,0.19882615795604597,35.3,35.334666666666664,35.608583758057534,4.7923650111036045,4.803901917081818,4.834972009030498,36.314,35.80690909090909,35.63162906523441,4.884368919489767,4.832538200165467,4.855093741461681,34.9845,35.81,34.796924225295335,4.903477167469956,4.900332518217407,4.832772642208568,32.901666666666664,34.66552688172043,33.95336363835538,4.741830123239112,4.855152769583797,4.787476307655721,31.863333333333333,32.9076393442623,32.232060631539206,4.651577376801466,4.718967688541053,4.678531225345756,8.349649548001226
2025-02-20,sz001282,35.87,36.99,38.58,35.87,101350,267498380.19,7.49,2.27,0.82,18.15,5.005823753029028,0.05870876140523151,35.556000000000004,35.898,36.069055838705026,4.810175824852783,4.87505483105696,4.891922590363341,36.163,35.929818181818185,35.878605598828145,4.8750402303832985,4.854620897172606,4.882499198110289,35.236000000000004,36.001,35.00578858479102,4.904864810022697,4.910079812080175,4.849253700381945,33.138999999999996,34.92929032258065,34.14927566168729,4.7680380974662695,4.872184616667019,4.801563239615289,32.003166666666665,33.075726775956284,32.388058643619885,4.660925793455728,4.730582323827203,4.689262127892748,8.427321156537904
2025-02-21,sz001282,37.13,37.22,37.83,36.48,68609,179960329.29,3.65,0.62,0.23,12.29,4.836381089379656,-0.169442663649372,36.008,36.45266666666667,36.45270389247002,4.850266870993542,4.883789919232584,4.873408756702114,36.199,36.122,36.122495489950296,4.8431480764300385,4.847591962444671,4.874114087431992,35.5355,36.189952380952384,35.21666586242997,4.906293587878148,4.903557552971314,4.848027737429347,33.416666666666664,35.19258064516129,34.34738690932037,4.784091450484549,4.8765938419517525,4.803809552503313,32.13183333333333,33.24677049180328,32.54648295038645,4.664632844264436,4.736334956480446,4.694085700400515,8.255176779162895
2025-02-24,sz001282,36.9,36.58,37.56,36.2,57331,148006980.25,3.65,-1.72,-0.64,10.27,4.758389517052789,-0.07799157232686671,36.303999999999995,36.64333333333333,36.495135928313346,4.8591996369506045,4.8531641345856675,4.835069010152339,36.143,36.191272727272725,36.20567812814115,4.831111301961999,4.832181315285172,4.853073256453955,35.833,36.28942857142857,35.34650720886521,4.915056527083296,4.889471450987947,4.839490764060151,33.73766666666667,35.39666666666666,34.491426463557765,4.793135984760261,4.87493565269809,4.800879227635537,32.24783333333333,33.39261202185793,32.678729411029515,4.667568203613785,4.739408945752195,4.6961940222579655,8.17028219791233
2025-02-25,sz001282,36.48,36.75,37.36,36.06,46629,120801660.86,3.55,0.46,0.17,8.35,4.668656101726446,-0.08973341532634294,36.742,36.792,36.580090618875566,4.843273090562343,4.789649622844281,4.779598040677042,36.07000000000001,36.30163636363637,36.30464574120639,4.81122603863095,4.802644006151434,4.819542864685317,36.087,36.3767619047619,35.48017318897328,4.91174734126804,4.8660047438111045,4.823220796218846,34.062666666666665,35.59101075268817,34.63714088526372,4.806986385465445,4.866904692502361,4.792348703383338,32.38483333333333,33.540224043715845,32.812213692635105,4.668582504742903,4.739444614542775,4.695291139617588,8.08207290528987
2025-02-26,sz001282,37.1,40.37,40.37,36.76,70579,195097840.6,9.82,9.85,3.62,12.64,4.848675500757324,0.18001939903087738,37.582,38.001333333333335,37.84339374591705,4.823585192389048,4.791450426242608,4.802623860703803,36.440999999999995,37.08345454545455,37.04380106098705,4.807975101746327,4.80945299926532,4.8248397076075,36.528,36.784666666666666,35.945870980499635,4.923565239589593,4.859997901857702,4.825645053793939,34.481,35.99793548387097,35.0070027636338,4.82981698469129,4.8695943128437715,4.795982690310692,32.565666666666665,33.80203278688524,33.06000996500772,4.6740683278678805,4.74534930293669,4.700320135064792,8.290252462522687
2025-02-27,sz001282,41.52,40.57,41.98,39.67,179747,519902060.62,5.72,0.5,0.2,32.19,5.254661650685973,0.40598614992864945,38.297999999999995,38.99733333333334,38.75226249727804,4.8733527719204375,4.935142579008248,4.953303124031193,36.92700000000001,37.83418181818181,37.684928140807585,4.841764298386611,4.890668735436165,4.9029891518035855,36.9545,37.169619047619044,36.38626422045205,4.947004437269377,4.891530893390692,4.866503777307466,34.91233333333333,36.39077419354839,35.365905811141296,4.862862219704579,4.897003646133752,4.8255748813026464,32.758,34.06446994535519,33.30623914648288,4.688441442686446,4.764385149586464,4.718495266724502,8.715921538753298
2025-02-28,sz001282,40.58,36.65,41.75,36.57,127302,348662764.41,12.77,-9.66,-3.92,22.8,5.104835226765522,-0.14982642392045076,38.184,38.448,38.05150833151869,4.927043599397611,5.012303397289943,5.003813824942636,37.096,37.783818181818184,37.49675938793347,4.888655235195577,4.93849981332324,4.9396884381603,37.0435,37.14061904761905,36.411381913742325,4.942551445326685,4.906562397152229,4.889202010589186,35.199333333333335,36.50288172043011,35.44875059751928,4.889923101041477,4.912614807879621,4.843591677784123,32.8865,34.19207650273224,33.41587064987689,4.701159513478119,4.778037404802171,4.731162150660273,8.542405569186293
2025-03-03,sz001282,36.3,35.45,37.29,35.19,92994,235379622.61,5.73,-3.27,-1.2,16.66,4.968454928651225,-0.13638029811429764,37.958000000000006,37.53666666666666,37.18433888767913,4.969056681717298,5.026107173707815,4.992027526178832,37.131,37.48454545454545,37.12462131740011,4.914128159333951,4.953008848496994,4.94491870915865,36.9,36.98885714285715,36.31982173148115,4.92416021304173,4.90902939556409,4.896749907547474,35.44733333333333,36.51905376344086,35.44883120413094,4.907030743560176,4.917681377402829,4.851647371388452,32.99966666666667,34.2761256830601,33.48256341545469,4.712991004738972,4.786801188906208,4.738942241741943,8.3717688621986
2025-03-04,sz001282,35.14,36.06,37.07,34.62,56806,145225021.12,6.91,1.72,0.61,10.17,4.754394209465818,-0.21406071918540714,37.82000000000001,36.903999999999996,36.80955925845276,4.986204303265173,4.954553016290656,4.912816420607827,37.281,37.289818181818184,36.931053805145545,4.914738696913758,4.923966312157334,4.91027789103268,36.847500000000004,36.908857142857144,36.29507680467342,4.901888600659317,4.892861204747336,4.883192222015888,35.623666666666665,36.558580645161285,35.48826144902572,4.9132238631345935,4.90783385907416,4.845372973845056,33.1075,34.37646448087431,33.56706953298077,4.716837301245829,4.788158671028398,4.739448863634529,8.162041448307495
2025-03-05,sz001282,36.15,39.62,39.62,35.82,95509,253491278.83,10.54,9.87,3.56,17.11,4.980044297931092,0.22565008846527412,37.67,37.504000000000005,37.746372838968504,5.012478062699926,4.952499681179294,4.935225713048915,37.626,37.71509090909091,37.4199531133009,4.918031627544487,4.935840057796849,4.922962692286937,36.97,37.17290476190476,36.61173615660929,4.901200273517127,4.9003046044875065,4.892416229245907,35.865,36.81640860215053,35.75482522650793,4.9083286541614655,4.912144854867483,4.854061446366737,33.26916666666667,34.589989071038254,33.765526269604344,4.72359608278866,4.7967884086246375,4.747337238529498,8.403963022363003
2025-03-06,sz001282,40.46,39.69,40.91,39.11,119966,337820869.81,4.54,0.18,0.07,21.49,5.079058178509028,0.09901388057793614,37.494,38.17733333333334,38.39424855931234,4.977357368264537,4.9746930531156615,4.983169868202286,37.896,38.09036363636364,37.83268891088255,4.925355070092487,4.965117612517674,4.951343689781863,37.0295,37.431952380952374,36.90490414169412,4.900197650237893,4.917243452581972,4.910191652985251,36.12266666666666,37.06318279569892,36.008707469959035,4.911694896712627,4.9231596628899075,4.868577364569465,33.431333333333335,34.80050819672132,33.95977130994518,4.7340716152783155,4.80844290356629,4.75821333492227,8.528686475795528
2025-03-07,sz001282,39.69,40.75,41.49,38.92,122468,349206585.83,6.48,2.67,1.06,21.94,5.0880226255257694,0.008964447016741595,38.314,39.26266666666667,39.17949903954156,4.973994848016586,5.01158147220274,5.018120787310114,38.249,38.60927272727273,38.363109108903906,4.950519223707099,4.9946935316873615,4.976194405371664,37.224000000000004,37.78628571428571,37.27110374724706,4.896833650068568,4.935131545466532,4.927127936084348,36.43999999999999,37.36172043010753,36.31459731060684,4.921035466487798,4.93453564539398,4.88273512334084,33.597,35.04046448087432,34.182401758799436,4.73722739525142,4.820047854721943,4.769026754286319,8.543082425648242
2025-03-10,sz001282,40.84,40.81,41.38,39.76,73803,211744427.2,3.98,0.15,0.06,13.22,4.868074015711457,-0.2199486098143124,39.386,40.09466666666667,39.72299935969438,4.953918665428633,4.97627452810103,4.968105196777229,38.672,39.07490909090909,38.807998361830464,4.961487673572966,4.979703493869972,4.956536152706172,37.4075,38.127809523809525,37.60814148560448,4.896299487767482,4.932392532670617,4.9215037531916925,36.779333333333334,37.64365591397849,36.604623290567694,4.930533575913186,4.931118777601958,4.881789245429267,33.712833333333336,35.276956284153,34.399700061789616,4.745094589766427,4.824337907851781,4.772274205480585,8.325811989165025
2025-03-11,sz001282,39.95,44.84,44.84,39.87,148779,444781031.24,12.18,9.88,4.03,26.65,5.172541635324498,0.3044676196130407,41.142,41.912666666666674,41.42866623979626,5.037548150600369,5.049148851399652,5.036250676292985,39.481,40.19636363636363,39.90472593240674,5.01187622693277,5.018076941461161,4.995809876818594,37.7755,38.835666666666675,38.296889915546906,4.91155113278186,4.958701308628427,4.9454121229186265,37.218333333333334,38.16369892473118,37.135937916982684,4.945123636489616,4.946732200789784,4.900547464132185,33.913333333333334,35.64178142076503,34.74200497779651,4.745177723335222,4.838352565083192,4.785397727770548,8.64814625743313
2025-03-12,sz001282,44.84,46.11,48.77,43.24,202230,645274071.41,12.33,2.83,1.27,36.22,5.305845581858454,0.13330394653395583,42.440000000000005,43.568666666666665,42.98911082653084,5.102708407385841,5.13858132848568,5.126115644814808,40.055,41.401636363636364,41.03295758106006,5.057593235042884,5.0715259150840115,5.052180005007659,38.248000000000005,39.629428571428576,39.040995637875774,4.932784168394605,4.996253160921436,4.9797391190081335,37.70366666666666,38.73735483870968,37.714909664274124,4.9682412380740235,4.970004584361967,4.926695729791944,34.113,36.041672131147536,35.11472612606548,4.748769496550883,4.85673511782166,4.802461591839005,8.809744214510818
2025-03-13,sz001282,44.99,41.55,46.39,41.55,141094,429218487.14,10.5,-9.89,-4.56,25.27,5.149508545842969,-0.15633703601548454,42.812,43.272,42.509407217687226,5.11679848085263,5.154181374638056,5.133913278490862,40.153,41.67345454545455,41.126965293594594,5.047077924558583,5.0882377897749365,5.069876103341352,38.54,39.94390476190477,39.279948434268555,4.944421111472597,5.016893577821281,4.995907635849546,38.02066666666667,38.98550537634409,37.962334847224184,4.980362266365778,4.981699249379319,4.941070750182333,34.24816666666667,36.28550819672132,35.32571871209611,4.750939653768344,4.869874103044349,4.813840180494872,8.632678419468139
2025-03-14,sz001282,41.76,42.68,43.1,41.0,91354,271638609.17,5.05,2.72,1.13,16.36,4.960727567998302,-0.18878097784466696,43.198,43.227999999999994,42.566271478458155,5.091339469347136,5.102157737019947,5.076184708326676,40.756,42.13290909090909,41.40933524021376,5.0326671586818605,5.072537724945795,5.050030915097161,38.926,40.338190476190476,39.603762869100116,4.960661196938719,5.018446573680871,4.992557153197047,38.28099999999999,39.28610752688172,38.26670034095166,4.972590016445078,4.9804324946459335,4.942338931976912,34.3885,36.56196174863388,35.56684268874869,4.752017028477928,4.876752395314185,4.818656160413017,8.433991498148188
2025-03-17,sz001282,42.47,45.19,45.5,41.86,115602,360783359.91,8.53,5.88,2.51,20.71,5.062965347764875,0.10223777976657278,44.074,43.89199999999999,43.440847652305436,5.130317735757819,5.092699696492526,5.071778254806076,41.730000000000004,42.93909090909091,42.096728832902166,5.042118200593226,5.078046486597251,5.052382630127655,39.4305,40.9347619047619,40.135785452995336,4.978123179963589,5.028189826140505,4.99926269553684,38.51,39.73184946236559,38.71336483508381,4.963479542225562,4.986263161182694,4.950121281382587,34.57733333333333,36.916109289617495,35.88235604321595,4.754758112620465,4.886947422176051,4.826666297703242,8.557246498753724
2025-03-18,sz001282,44.57,46.39,46.86,43.93,115820,371553331.29,6.48,2.66,1.2,20.74,5.063783560597355,0.0008182128324802918,44.384,44.664,44.423898434870296,5.108566120812391,5.0705216381057046,5.069113356736503,42.763,43.78636363636364,42.877323590556315,5.07305713570638,5.081985642961639,5.054455526576691,40.022,41.59757142857143,40.73142493366245,4.993897916310069,5.036347957629435,5.005407539828318,38.81933333333334,40.24023655913978,39.208631619917114,4.958944779008338,4.992734388174424,4.957454331654508,34.81016666666667,37.303409836065576,36.22686895983182,4.759508765614388,4.897079404076933,4.834440634191574,8.570021159476477
2025-03-19,sz001282,46.25,44.97,46.62,44.62,77926,249778339.64,4.31,-3.06,-1.42,13.96,4.891682384149973,-0.17210117644738254,44.15599999999999,44.85933333333333,44.60593228991353,5.025733481270694,4.998227059218233,5.0099696992076606,43.298,44.187636363636365,43.25781021045516,5.064220944328268,5.049008415405928,5.024860409771833,40.462,42.06880952380952,41.135098749504124,4.991126285936378,5.026613145042759,4.994576572620857,39.07933333333333,40.63705376344086,39.580332805728915,4.9555404971208405,4.988394878828721,4.953210980202602,35.03183333333333,37.63651912568306,36.513528993935694,4.76496614127961,4.901412965340396,4.836317412878734,8.397554774379627
2025-03-20,sz001282,45.34,46.04,48.65,45.08,138517,456804986.92,7.94,2.38,1.07,24.81,5.141503077033108,0.24982069288313546,45.054,45.48733333333333,45.08395485994236,5.024132387508723,5.03681692447237,5.05381415848281,43.933,44.68618181818182,43.76366289946331,5.070465434180676,5.063059712261354,5.046068167455701,40.9145,42.60004761904762,41.6022322019323,4.997910252136582,5.040934744194829,5.008569573041071,39.330666666666666,41.08612903225807,39.99708552793995,4.95695357821882,5.000392464629513,4.965358857417474,35.29,37.997442622950814,36.825872305609934,4.77623778693715,4.9137584386437885,4.846323500228057,8.659730836437475
2025-03-21,sz001282,44.66,42.1,45.22,42.03,99692,305210974.06,6.93,-8.56,-3.94,17.86,4.998660308810601,-0.14284276822250686,44.938,44.50266666666666,44.08930323996157,5.031718935671182,5.028326231572996,5.035429541925407,44.068,44.35290909090909,43.46117873592453,5.061529202509159,5.05000423492134,5.037448556792954,41.1585,42.71295238095239,41.649638658891135,5.0060242131081285,5.041006178163784,5.00762583359055,39.50533333333333,41.264795698924736,40.13275742936319,4.951732167548765,5.003083221441887,4.967507338152515,35.47933333333333,38.22072131147541,36.998794525098134,4.7871583205964585,4.921050980344558,4.85131814968978,8.484600144905448
2025-03-24,sz001282,42.59,42.75,43.3,41.59,66999,200734275.06,4.06,1.54,0.65,12.0,4.82606832064526,-0.17259198816534127,44.45,43.77333333333333,43.64286882664105,4.98433953024726,4.959776026564356,4.965642468165359,44.262,44.11327272727273,43.33187351121097,5.057328633002539,5.00719316549154,4.999015786584282,41.467,42.8645238095238,41.754434977091975,5.009408153287753,5.023867521738748,4.990334641881475,39.69233333333333,41.47412903225807,40.30161178875911,4.949975869512501,4.994975876480369,4.958382240248821,35.675666666666665,38.45910382513661,37.18735863902934,4.7953801003470495,4.922326718051076,4.850490286442419,8.302621533915076
2025-03-25,sz001282,42.61,44.49,45.01,42.42,88562,275225085.14,6.06,4.07,1.74,15.86,4.947247415675048,0.12117909502978819,44.07000000000001,43.78666666666667,43.92524588442737,4.961032301262798,4.947411988373618,4.959510784001922,44.227,44.15472727272727,43.54244196371806,5.034799211037595,4.9871783987047245,4.989603355509876,41.854,43.15242857142857,42.01496497927369,5.023337718985182,5.01794745148992,4.986231096528482,39.926,41.7836559139785,40.57183038303272,4.952633825533771,4.994799847200534,4.957663864469868,35.89783333333334,38.74809836065573,37.42678950332346,4.805072971600702,4.927305974291337,4.853662651335291,8.439688014742934
2025-03-26,sz001282,43.86,44.5,45.27,43.03,68525,215505564.4,5.03,0.02,0.01,12.27,4.835849044211536,-0.11139837146351184,43.976,43.93,44.116830589618246,4.949865633275111,4.905684236023197,4.918290204071793,44.066,44.20436363636363,43.716543424860234,4.987799557272902,4.951005641099985,4.961648026182906,42.060500000000005,43.404428571428575,42.251634981247626,5.022696396157893,5.000091387225762,4.97190899630782,40.187333333333335,42.07875268817204,40.82526068090158,4.951122631354038,4.987265345179744,4.949804843808041,36.147000000000006,39.030136612021856,37.658698044198104,4.811624424163709,4.928315025852349,4.853078598642709,8.333458488218405
2025-03-27,sz001282,43.68,41.77,43.87,41.07,68859,207175777.75,6.29,-6.13,-2.73,12.33,4.8379607114032845,0.0021116671917482677,43.122,43.19466666666667,43.33455372641217,4.8891571601491455,4.868382595399256,4.891513706515624,44.088,43.786909090909084,43.36262643852201,4.956644773828934,4.923762214578238,4.939159423495702,42.1205,43.3767619047619,42.20576498303357,5.001861349193758,4.982497512487227,4.9591520167931025,40.38933333333333,42.18086021505376,40.88621160471438,4.948495665591376,4.979964576150664,4.942589093330315,36.344500000000004,39.21449726775956,37.793494829634234,4.821872429389911,4.929178510679876,4.852582930208629,8.316338977885712
2025-03-28,sz001282,41.63,40.0,42.85,39.95,67487,194797472.2,6.94,-4.24,-1.77,12.09,4.829220122875367,-0.008740588527917481,42.702,42.154,42.223035817608114,4.855269122962099,4.8484035829746635,4.870749178635538,43.82,43.04363636363637,42.751239813336184,4.943494029316641,4.900594096223044,4.9191704597465495,42.288,43.17480952380952,41.995692127506565,4.988080593999252,4.966055490933097,4.946777550705699,40.55733333333333,42.155741935483874,40.82903666247474,4.95493880773136,4.972269379846406,4.935274966204189,36.51283333333333,39.33434972677596,37.8658392614495,4.829968959950298,4.929419418663006,4.851816936525571,8.28958331693318
2025-03-31,sz001282,39.55,39.24,39.86,37.57,52904,143552191.02,5.73,-1.9,-0.76,9.48,4.723488509695925,-0.10573161317944191,42.0,41.0,41.22869054507208,4.834753160772232,4.804476711885938,4.8216622889890015,43.225,42.21090909090909,42.11283257454778,4.909546345509746,4.860593092655639,4.883591923373708,42.4775,42.88452380952381,41.73324525822022,4.975832273051486,4.94085624480897,4.925511927752387,40.69533333333333,42.07075268817204,40.72651816812154,4.95526423514564,4.9573371025537964,4.921611323848818,36.64416666666667,39.423765027322396,37.91089371189378,4.831324637865267,4.925928256359583,4.84760944712132,8.15700982546808
