date,stock_code,open,close,high,low,volume,amount,amplitude,pct_change,change,turnover,volume_log,volume_log_diff,p_SMA:5,p_WMA:5,p_EMA:5,v_log_SMA:5,v_log_WMA:5,v_log_EMA:5,p_SMA:10,p_WMA:10,p_EMA:10,v_log_SMA:10,v_log_WMA:10,v_log_EMA:10,p_SMA:20,p_WMA:20,p_EMA:20,v_log_SMA:20,v_log_WMA:20,v_log_EMA:20,p_SMA:30,p_WMA:30,p_EMA:30,v_log_SMA:30,v_log_WMA:30,v_log_EMA:30,p_SMA:60,p_WMA:60,p_EMA:60,v_log_SMA:60,v_log_WMA:60,v_log_EMA:60,amount_log
2022-09-19,sz001238,19.26,23.11,23.11,19.26,13970,32180821.11,23.99,43.99,7.06,5.08,4.145196406114182,0.0,23.11,23.11,23.11,4.145196406114182,4.145196406114182,4.145196406114182,23.11,23.11,23.11,4.145196406114182,4.145196406114182,4.145196406114182,23.11,23.11,23.11,4.145196406114182,4.145196406114182,4.145196406114182,23.11,23.11,23.11,4.145196406114182,4.145196406114182,4.145196406114182,23.11,23.11,23.11,4.145196406114182,4.145196406114182,4.145196406114182,7.5075971211487325
2022-09-20,sz001238,25.42,25.42,25.42,25.42,2107,5354748.42,0.0,10.0,2.31,0.77,3.3236645356081,-0.8215318705060817,24.265,24.650000000000002,23.880000000000003,3.734430470861141,3.597508492443461,3.871352449278821,24.265,24.650000000000002,23.529999999999998,3.734430470861141,3.597508492443461,3.9958269751130757,24.265,24.650000000000002,23.330000000000002,3.734430470861141,3.597508492443461,4.066955275589793,24.265,24.650000000000002,23.25903225806452,3.734430470861141,3.597508492443461,4.092194349952499,24.265,24.650000000000002,23.185737704918033,3.734430470861141,3.597508492443461,4.118260934950047,6.72873907136351
2022-09-21,sz001238,27.96,27.96,27.96,27.96,1860,5201650.44,0.0,9.99,2.54,0.68,3.2695129442179165,-0.05415159139018355,25.49666666666667,26.304999999999996,25.240000000000002,3.5794579619800664,3.4335107183306888,3.6707392809251864,25.49666666666667,26.304999999999996,24.335454545454546,3.5794579619800664,3.4335107183306888,3.863769878586683,25.49666666666667,26.304999999999996,23.77095238095238,3.5794579619800664,3.4335107183306888,3.9910083868877093,25.49666666666667,26.304999999999996,23.562320499479714,3.5794579619800664,3.4335107183306888,4.0391181302276875,25.49666666666667,26.304999999999996,23.34227089492072,3.5794579619800664,3.4335107183306888,4.090433131975224,6.716141163492304
2022-09-22,sz001238,30.76,30.76,30.76,30.76,2911,8955650.96,0.0,10.01,2.8,1.06,3.464042205438811,0.19452926122089442,26.8125,28.087,27.080000000000005,3.550604022844752,3.445723313173937,3.6018402557630615,26.8125,28.087,25.503553719008263,3.550604022844752,3.445723313173937,3.7910921198325243,26.8125,28.087,24.436575963718823,3.550604022844752,3.445723313173937,3.9408211315116235,26.8125,28.087,24.026686918868123,3.550604022844752,3.445723313173937,4.002016457660663,26.8125,28.087,23.585475127874137,3.550604022844752,3.445723313173937,4.0698957245478,6.952097158924421
2022-09-23,sz001238,33.84,33.84,33.84,33.84,7193,24341585.76,0.0,10.01,3.08,2.62,3.856910060300786,0.3928678548619753,28.218,30.00466666666667,29.33333333333334,3.611865230335959,3.58278556221622,3.6868635239423035,28.218,30.00466666666667,27.019271224643123,3.611865230335959,3.58278556221622,3.803059018099481,28.218,30.00466666666667,25.332140157650365,3.611865230335959,3.58278556221622,3.932829600920115,28.218,30.00466666666667,24.659803891844376,3.611865230335959,3.58278556221622,3.9926547546051876,28.218,30.00466666666667,23.92168905810777,3.611865230335959,3.58278556221622,4.062912588015111,7.386348867418471
2022-09-26,sz001238,37.22,37.22,37.22,37.22,92023,342511094.8,0.0,9.99,3.38,33.46,4.9638963873965904,1.1069863270958042,31.04,33.00533333333333,31.962222222222227,3.775605226592441,4.033462614569764,4.112541145093733,29.718333333333334,32.06619047619048,28.87394918379892,3.837203756512731,3.977388655124897,4.014120357971683,29.718333333333334,32.06619047619048,26.464317285493188,3.837203756512731,3.977388655124897,4.031026437727398,29.718333333333334,32.06619047619048,25.470139124628613,3.837203756512731,3.977388655124897,4.055315505107859,29.718333333333334,32.06619047619048,24.357699252923908,3.837203756512731,3.977388655124897,4.092453040453848,8.534674643952172
2022-09-27,sz001238,38.02,40.94,40.94,36.19,142786,551410093.7,12.76,9.99,3.72,51.92,5.154685627462485,0.19078924006589482,34.14399999999999,36.30533333333333,34.95481481481482,4.141809444963318,4.493156081526446,4.459922639216651,31.321428571428573,34.284642857142856,31.067776604926387,4.0254154523626955,4.2717128982092945,4.221495861515465,31.321428571428573,34.284642857142856,27.842953734493836,4.0254154523626955,4.2717128982092945,4.138041598654549,31.321428571428573,34.284642857142856,26.468194664975154,4.0254154523626955,4.2717128982092945,4.1262426097758995,31.321428571428573,34.284642857142856,24.901381244631317,4.0254154523626955,4.2717128982092945,4.127280338388558,8.741474711711884
2022-09-28,sz001238,42.0,36.85,43.44,36.85,201004,817354983.46,16.1,-9.99,-4.09,73.09,5.30320470001075,0.14851907254826457,35.922000000000004,37.20733333333333,35.586543209876545,4.548547796121885,4.880287833208923,4.7410166594813505,32.0125,34.85472222222222,32.11908994948522,4.185139108318703,4.500933298609618,4.418170195787335,32.0125,34.85472222222222,28.70076766454204,4.185139108318703,4.500933298609618,4.249009513069425,32.0125,34.85472222222222,27.137988557557406,4.185139108318703,4.500933298609618,4.202175647855567,32.0125,34.85472222222222,25.293139236610614,4.185139108318703,4.500933298609618,4.165835235490925,8.912410714886114
2022-09-29,sz001238,33.17,33.17,34.3,33.17,61943,207653126.11,3.07,-9.99,-3.68,22.52,4.791992235116584,-0.5112124648941663,36.403999999999996,36.29,34.78102880658437,4.81413780205744,4.96143597954049,4.758008518026429,32.14111111111111,34.51777777777777,32.31016450412427,4.252567233518467,4.559145085911011,4.486137839301743,32.14111111111111,34.51777777777777,29.12640883934756,4.252567233518467,4.559145085911011,4.300722153264393,32.14111111111111,34.51777777777777,27.527150586102092,4.252567233518467,4.559145085911011,4.2402283309046656,32.14111111111111,34.51777777777777,25.551396966557807,4.252567233518467,4.559145085911011,4.1863649731835695,8.31733847357305
2022-09-30,sz001238,30.04,29.85,31.44,29.85,146173,441417486.76,4.79,-10.01,-3.32,53.15,5.1648671603515925,0.372874925235009,35.60600000000001,34.105333333333334,33.13735253772291,5.0757292220676,5.078345765638541,4.8936280654681505,31.912,33.66909090909091,31.862861867010764,4.343797226201779,4.669276372172935,4.609543170401715,31.912,33.66909090909091,29.195322283219223,4.343797226201779,4.669276372172935,4.3830216777488875,31.912,33.66909090909091,27.677011838611637,4.343797226201779,4.669276372172935,4.2998824489334995,31.912,33.66909090909091,25.69233477093296,4.343797226201779,4.669276372172935,4.218447012107111,8.644849533748486
2022-10-10,sz001238,29.2,27.89,29.85,27.8,106387,304426426.36,6.87,-6.57,-1.96,38.69,5.0268885624214565,-0.137978597930136,33.739999999999995,31.533333333333335,31.38823502514861,5.088327657072574,5.062065545756493,4.938048231119253,32.39,32.93781818181818,31.140523345736078,4.4319664418325075,4.793474796940148,4.685424150768941,31.546363636363637,32.705909090909095,29.07100587529358,4.405896438585387,4.728878403881022,4.444342333431989,31.546363636363637,32.705909090909095,27.690753010314115,4.405896438585387,4.728878403881022,4.346786069158529,31.546363636363637,32.705909090909095,25.76438936860729,4.405896438585387,4.728878403881022,4.244953292445286,8.48348234955772
2022-10-11,sz001238,27.81,28.38,28.7,27.46,85665,240646196.26,4.45,1.76,0.49,31.15,4.932803419220453,-0.0940851432010037,31.228,29.74666666666667,30.385490016765743,5.043951215424167,5.010224133139119,4.93629996048632,32.686,32.20872727272727,30.638610010147698,4.592880330193742,4.884536065556139,4.7304021995783065,31.2825,32.04038461538462,29.005195791932284,4.449805353638308,4.760251483164011,4.490862436840414,31.2825,32.04038461538462,27.73522055803579,4.449805353638308,4.760251483164011,4.384593640130267,31.2825,32.04038461538462,25.85014709422672,4.449805353638308,4.760251483164011,4.2675057556182425,8.381379001453443
2022-10-12,sz001238,28.1,27.64,28.27,26.67,86758,236921821.91,5.64,-2.61,-0.74,31.55,4.938309531827917,0.005506112607464253,29.386000000000003,28.550666666666665,29.47032667784383,4.9709721817876,4.9750102386070365,4.936969817600186,32.654,31.291272727272727,30.09340819012084,4.759759988954743,4.947341374944171,4.768203532714599,31.002307692307696,31.411758241758246,28.87517714508159,4.487382598114433,4.785688347258855,4.533476445886843,31.002307692307696,31.411758241758246,27.729077296227032,4.487382598114433,4.785688347258855,4.420317246046244,31.002307692307696,31.411758241758246,25.90883079605535,4.487382598114433,4.785688347258855,4.289499322051347,8.374605063671831
2022-10-13,sz001238,27.6,27.86,28.35,26.79,104509,289062810.89,5.64,0.8,0.22,38.0,5.019153692189003,0.0808441603610861,28.324,28.041999999999998,28.933551118562555,5.016404473202084,4.991070742074171,4.9643644424631255,32.364,30.41963636363636,29.68733397373523,4.9152711376297615,4.99450386644131,4.813830834437218,30.77785714285714,30.938190476190478,28.77849360745477,4.525366247691188,4.816817059916208,4.579731421725144,30.77785714285714,30.938190476190478,27.737523922276903,4.525366247691188,4.816817059916208,4.458951855474809,30.77785714285714,30.938190476190478,25.972803556840418,4.525366247691188,4.816817059916208,4.3134224161542205,8.46099222150752
2022-10-14,sz001238,27.59,27.6,28.28,27.28,95265,265291780.04,3.59,-0.93,-0.26,34.64,4.9789333717947555,-0.04022032039424772,27.874000000000002,27.800666666666665,28.489034079041705,4.979217715490718,4.978580374938393,4.969220752240336,31.74,29.553454545454546,29.307818705783372,5.027473468779158,5.006078818107672,4.843849477593134,30.566,30.52091666666667,28.666256121030507,4.555604055964759,4.837081598901026,4.617750655065108,30.566,30.52091666666667,27.728651411162268,4.555604055964759,4.837081598901026,4.492499050076096,30.566,30.52091666666667,26.026154259894827,4.555604055964759,4.837081598901026,4.3352424474866975,8.423723793749481
2022-10-17,sz001238,27.0,27.77,27.86,26.32,82515,223137535.24,5.58,0.62,0.17,30.01,4.9165329040054475,-0.06240046778930797,27.85,27.766000000000002,28.249356052694473,4.957146583807515,4.957685437776637,4.95165813616204,30.794999999999998,28.831636363636367,29.02821530473185,5.022737120440044,4.9859078063306335,4.857064646031736,30.39125,30.197279411764704,28.580898395218078,4.578162108967302,4.846428811266253,4.646206107345141,30.39125,30.197279411764704,27.73131906205503,4.578162108967302,4.846428811266253,4.5198560729102475,30.39125,30.197279411764704,26.08332953006221,4.578162108967302,4.846428811266253,4.354301150979115,8.348572631585768
2022-10-18,sz001238,27.68,30.55,30.55,27.3,114294,329398625.34,11.7,10.01,2.78,41.56,5.0580234321863,0.14149052818085206,28.284000000000002,28.666,29.016237368462985,4.982190586400685,4.991311053902899,4.9871132348367935,29.756,28.78709090909091,29.30490343114424,5.013070900912426,4.9923234993754075,4.893602607150747,30.400588235294123,30.236470588235296,28.768431881387784,4.606389245627243,4.8699393247018135,4.685426804949061,30.400588235294123,30.236470588235296,27.913169445148256,4.606389245627243,4.8699393247018135,4.5545765477022515,30.400588235294123,30.236470588235296,26.229777742191313,4.606389245627243,4.8699393247018135,4.377374012658039,8.51772178242178
2022-10-19,sz001238,30.55,28.62,31.39,28.45,149169,444308555.15,9.62,-6.32,-1.93,54.24,5.173678578312372,0.11565514612607242,28.48,28.778,28.88415824564199,5.0292643956975756,5.0551403845401275,5.049301682661987,28.933,28.580545454545454,29.18037553457256,5.000118288742588,5.021524895266307,4.944525510998314,30.30166666666667,30.066315789473684,28.754295511731804,4.637905319665306,4.901911877713451,4.731926973840805,30.30166666666667,30.066315789473684,27.958771416429016,4.637905319665306,4.901911877713451,4.594518614193228,30.30166666666667,30.066315789473684,26.308145685070283,4.637905319665306,4.901911877713451,4.403482359072934,8.647684675650654
2022-10-20,sz001238,27.45,26.92,27.95,26.88,95667,261675740.89,3.74,-5.94,-1.7,34.79,4.980762155232885,-0.1929164230794873,28.292,28.258000000000003,28.229438830427995,5.021586088306352,5.038972971051897,5.026455173518953,28.308000000000003,28.214545454545455,28.769398164650273,5.018995280754218,5.018005598264542,4.951113991768237,30.123684210526317,29.751684210526314,28.57960070109068,4.655950416274126,4.909796905465394,4.755625562544813,30.123684210526317,29.751684210526314,27.89175390569166,4.655950416274126,4.909796905465394,4.619437552324818,30.123684210526317,29.751684210526314,26.328206482281093,4.655950416274126,4.909796905465394,4.422409565504409,8.417763462471925
2022-10-21,sz001238,26.5,25.54,26.91,25.54,74235,193646140.4,5.09,-5.13,-1.38,26.99,4.870608712866837,-0.1101534423660473,27.880000000000003,27.340666666666667,27.332959220285332,4.999921156520768,4.9886471792387255,4.974506353301582,27.877,27.711272727272725,28.182234861986586,4.989569436005743,4.991026222285018,4.936476668331618,29.8945,29.350571428571428,28.290114920034426,4.666683331103761,4.906064696646485,4.766576338765958,29.8945,29.350571428571428,27.740027847259945,4.666683331103761,4.906064696646485,4.635642143327529,29.8945,29.350571428571428,26.30236364679647,4.666683331103761,4.906064696646485,4.437104619516291,8.28700884539808
2022-10-24,sz001238,26.0,25.53,26.58,25.23,58487,151580010.97,5.29,-0.04,-0.01,21.27,4.767059345472403,-0.1035493673944341,27.432,26.557333333333336,26.731972813523555,4.97002644481416,4.911026575555938,4.9053573506918555,27.641000000000002,27.28454545454545,27.700010341625386,4.963586514310837,4.950569842188046,4.905673518720851,30.015499999999996,28.934904761904765,28.0272468324121,4.697776478071672,4.915624317062545,4.766622339404667,29.686666666666664,29.003246753246753,27.597445405501244,4.671463141311792,4.89342784653975,4.6441206724981665,29.686666666666664,29.003246753246753,26.277040248540846,4.671463141311792,4.89342784653975,4.447922807252557,8.180641934160167
2022-10-25,sz001238,25.24,24.73,25.25,24.08,53280,131152314.09,4.58,-3.13,-0.8,19.37,4.726564216162244,-0.04049512931015897,26.268,25.65666666666667,26.064648542349037,4.903734601609349,4.829872499338633,4.845759639181986,27.276,26.755272727272725,27.16000846132986,4.942962594005016,4.907474878888303,4.873108190982923,29.981,28.431523809523814,27.71322332456333,4.7679214620993795,4.918366006404504,4.762807280048246,29.461363636363636,28.631660079051386,27.41244892772697,4.673967735623176,4.878917965637358,4.649439610799075,29.461363636363636,28.631660079051386,26.226317617441147,4.673967735623176,4.878917965637358,4.4570585911512355,8.117775957813535
2022-10-26,sz001238,24.72,25.56,25.89,24.58,53142,134964267.02,5.3,3.36,0.83,19.32,4.725437895061442,-0.00112632110080213,25.656,25.420666666666666,25.896432361566028,4.814086464959162,4.770440263822663,4.8056523911418045,27.068,26.443272727272724,26.869097831997156,4.921675430328369,4.867924933625836,4.846259046269926,29.861,28.01047619047619,27.50815443650968,4.840717709641556,4.914319952400891,4.759248291001884,29.291739130434784,28.375688405797103,27.29293609368007,4.676205568642231,4.866127959756032,4.654342725912777,29.291739130434784,28.375688405797103,26.204471138180782,4.676205568642231,4.866127959756032,4.465857912590914,8.130218800419431
2022-10-27,sz001238,24.98,24.22,25.44,24.2,52182,128996307.28,4.85,-5.24,-1.34,18.98,4.717520720458303,-0.00791717460313901,25.116,24.942,25.33762157437735,4.761438178004246,4.738251682322377,4.776275167580637,26.703999999999997,25.925454545454546,26.387443680724942,4.8915121331553,4.830805895467641,4.82285207794054,29.534000000000002,27.473238095238095,27.194996871127806,4.903391635392531,4.902586905812011,4.755274236664401,29.080416666666668,28.043233333333337,27.094682152152323,4.677927033301234,4.8542393806122135,4.6584187255608756,29.080416666666668,28.043233333333337,26.139406510699445,4.677927033301234,4.8542393806122135,4.474109152193122,8.110577278121934
2022-10-28,sz001238,24.1,26.64,26.64,23.5,123975,321319782.32,12.96,9.99,2.42,45.08,5.093334116963147,0.375813396504844,25.336,25.45,25.771747716251568,4.805983258823508,4.848883661975345,4.881961484041474,26.607999999999997,25.913818181818186,26.433363011502223,4.902952207672138,4.867500801614523,4.872030630490105,29.174,27.197619047619053,27.14214002625849,4.965212838225648,4.920676665961593,4.787470415740472,28.9828,27.93529230769231,27.065347819755402,4.694543316647711,4.872631283408439,4.6864777830707,28.9828,27.93529230769231,26.155819411987984,4.694543316647711,4.872631283408439,4.494411610054434,8.506937464076083
2022-10-31,sz001238,26.69,25.61,26.69,25.38,97844,252792561.5,4.92,-3.87,-1.03,35.58,4.990534198958912,-0.10279991800423538,25.352,25.541333333333334,25.71783181083438,4.85067822952081,4.910400642020479,4.918152389013954,26.392000000000003,25.732363636363633,26.283660645774546,4.910352337167485,4.8834248000302996,4.89357673384807,28.593499999999995,26.858190476190472,26.99622192851959,4.966544728803765,4.9230882241266665,4.806809823666038,28.853076923076927,27.76304843304844,26.97145441202925,4.705927581351988,4.881364832708474,4.70609432603123,28.853076923076927,27.76304843304844,26.137923693562147,4.705927581351988,4.881364832708474,4.510677924444744,8.402764290547719
2022-11-01,sz001238,25.38,25.82,26.03,25.3,60839,156377348.56,2.85,0.82,0.21,22.12,4.784182067017202,-0.20635213194170987,25.57,25.697333333333336,25.751887873889586,4.862201799691801,4.888235254519277,4.873495615015036,25.919,25.62836363636364,26.199358710179173,4.882968200650575,4.860484750912066,4.873686794424276,27.8375,26.59404761904762,26.884200792470104,4.948019550781501,4.905720351575565,4.804654799223291,28.74074074074074,27.62425925925926,26.897167030608006,4.708825895635885,4.874423206587669,4.711132244804519,28.74074074074074,27.62425925925926,26.12749996590437,4.708825895635885,4.874423206587669,4.5196452733815455,8.194173845220991
2022-11-02,sz001238,25.39,25.83,26.16,25.39,63009,162384361.5,2.98,0.04,0.01,22.91,4.79940258709127,0.015220520074068489,25.624000000000002,25.784,25.777925249259727,4.876994738097767,4.867302183652432,4.848797939040448,25.639999999999997,25.612181818181817,26.132202581055683,4.845540601528465,4.845291002992193,4.860180574909184,27.2865,26.402857142857144,26.783800716996762,4.922829445135526,4.891566355033637,4.804154588544051,28.636785714285715,27.500517241379313,26.82831754476233,4.712060777473576,4.869249370760332,4.716827105597213,28.636785714285715,27.500517241379313,26.117745868661604,4.712060777473576,4.869249370760332,4.528817644322848,8.210544201990844
2022-11-03,sz001238,25.5,26.36,28.19,25.4,119709,320694083.49,10.8,2.05,0.53,43.53,5.078126802899333,0.2787242158080625,26.052,26.029333333333334,25.97195016617315,4.949115954585972,4.934346205252955,4.925240893660076,25.583999999999996,25.743090909090906,26.17362029359101,4.855277066295109,4.887579403241443,4.899807161816484,26.946000000000005,26.31461904761905,26.74343874394945,4.937136173524664,4.906356579582571,4.830247180387412,28.558275862068967,27.424482758620695,26.798103509616375,4.724683743867568,4.883174532902931,4.740136763487673,28.558275862068967,27.424482758620695,26.12568862706614,4.724683743867568,4.883174532902931,4.546827780669617,8.506090947669795
2022-11-04,sz001238,26.7,26.13,26.7,25.56,68347,177594244.56,4.32,-0.87,-0.23,24.85,4.834719456547741,-0.24340734635159222,25.95,26.055333333333337,26.024633444115437,4.897393022502891,4.896214039240211,4.895067081289298,25.643,25.842363636363636,26.165689331119914,4.8516881406632,4.883841656014648,4.887973033585803,26.76,26.236904761904768,26.685016006430455,4.920628788334471,4.89660260653715,4.8306731114503005,28.477333333333334,27.340967741935486,26.755000057383064,4.728351600956907,4.880048398944531,4.746238872717355,28.477333333333334,27.340967741935486,26.125829983555775,4.728351600956907,4.880048398944531,4.556266852009884,8.249428887138894
2022-11-07,sz001238,25.96,28.74,28.74,25.87,155913,432472587.84,10.98,9.99,2.61,56.7,5.192882328100222,0.35816287155248094,26.576,26.985333333333333,26.92975562941029,4.937862648331153,4.99471047443932,4.994338830226273,25.964,26.40545454545455,26.633745816370837,4.8942704389259815,4.945876962821379,4.943411087133879,26.8025,26.425476190476193,26.880728767722793,4.92892847661841,4.922531515086269,4.865169227321721,28.665000000000003,27.35791397849463,26.883064569809967,4.763274465023108,4.910018123276358,4.77505457951625,28.485806451612902,27.42840725806452,26.211540475898207,4.743336463122821,4.899600519516762,4.5771394905702225,8.635958585032942
2022-11-08,sz001238,28.14,28.48,30.85,28.0,165623,487181381.3,9.92,-0.9,-0.26,60.23,5.219120646938494,0.026238318838272434,27.107999999999997,27.619999999999997,27.446503752940195,5.024850364315412,5.088463140641767,5.06926610246368,26.339,26.86290909090909,26.969428395212503,4.943526082003606,5.004940637005473,4.993540098007445,26.807499999999997,26.585238095238093,27.033040313653956,4.943244338004312,4.950168864640563,4.8988788863328425,28.767,27.34597849462365,26.986092662080292,4.826456335400788,4.939427554367673,4.803704003220911,28.485625,27.49214015151515,26.285916197999907,4.75820471886706,4.918965375724141,4.5981880530741,8.687690682430278
2022-11-09,sz001238,28.59,30.3,30.88,28.14,141833,417466169.24,9.62,6.39,1.82,51.58,5.151777289031163,-0.06734335790733148,28.002,28.684,28.3976691686268,5.0953253047033895,5.130772115547018,5.096769831319508,26.813,27.58309090909091,27.574986868810228,4.986160021400578,5.042804492828664,5.022310496375394,26.940499999999997,26.917857142857144,27.3441793314012,4.953917725864473,4.97002914569074,4.922964448494588,28.845000000000002,27.44488172043011,27.199893135494467,4.889198480227896,4.960416002988988,4.826160344240928,28.540606060606063,27.657308377896612,26.417525502983516,4.7701311603871845,4.932660194153965,4.61633851982679,8.620621286747289
2022-11-10,sz001238,29.02,28.2,29.7,27.75,110354,317713238.16,6.44,-6.93,-2.1,40.13,5.042788079649405,-0.10898920938175749,28.369999999999997,28.75,28.3317794457512,5.088257560053405,5.11325970719569,5.07877591409614,27.211000000000002,27.835272727272727,27.688625619935642,5.0186867573196885,5.05310050341936,5.0260336933343055,26.9575,27.03780952380952,27.425686061743946,4.955099445237494,4.978492988908352,4.934376222890284,28.759666666666664,27.4032688172043,27.264416159010956,4.941823342701583,4.97032500940328,4.840136327170508,28.53058823529412,27.68831932773109,26.47596728977094,4.778150481541956,4.938953216182275,4.63032047260786,8.502035310955758
2022-11-11,sz001238,28.39,27.77,28.68,27.53,73553,205768345.92,4.08,-1.52,-0.43,26.75,4.866600390957159,-0.176187688692246,28.698,28.55,28.144519630500803,5.094633746935289,5.039373984163608,5.00805073971648,27.324,27.93690909090909,27.703420961765524,4.99601338471909,5.025448436807991,4.997045820174824,26.965999999999998,27.115190476190474,27.45847786538738,4.949482796195614,4.9700645075483205,4.927921381753796,28.557333333333336,27.339419354838707,27.297034471332832,4.975479687056795,4.965471915742348,4.841843686124485,28.508857142857142,27.692857142857143,26.51839459174566,4.780677621810962,4.93493361478088,4.638067355176689,8.313378566492451
2022-11-14,sz001238,27.8,30.55,30.55,27.8,118452,346671446.9,9.9,10.01,2.78,43.07,5.073542397955626,0.20694200699846643,29.060000000000002,29.167333333333332,28.94634642033387,5.07076576090637,5.03234353450372,5.029881292462862,27.818,28.523454545454545,28.220980786899062,5.004314204618762,5.039544621032816,5.010954288862242,27.105,27.456523809523812,27.752908544874295,4.957333270893123,4.981879707715941,4.941790049963494,28.334999999999997,27.467978494623658,27.506903215117813,4.97913455407543,4.97179854225195,4.856791990113591,28.56555555555555,27.847297297297295,26.65057837562285,4.788812754481647,4.942425981438975,4.652345225431736,8.539918073082903
2022-11-15,sz001238,30.55,29.63,30.88,29.43,125436,374530559.89,4.75,-3.01,-0.92,45.61,5.098422196443476,0.02487979848785038,29.29,29.357333333333333,29.17423094688925,5.046626070807365,5.041562346349422,5.0527282604564006,28.199,28.852909090909087,28.477166098371956,5.035738217561389,5.056655165000945,5.026857544786102,27.058999999999997,27.697,27.931679159648173,4.959353209105982,4.995316748244545,4.9567073972473015,27.958000000000002,27.551526881720427,27.643877201239246,4.977259106374796,4.979494519178921,4.8723810356832615,28.594324324324326,27.94112375533428,26.748264330520463,4.797180577237372,4.950636308544475,4.666970699891137,8.573487259819503
2022-11-16,sz001238,29.61,29.69,30.77,29.36,99370,298032066.42,4.76,0.2,0.06,36.13,4.997255289820103,-0.10116690662337291,29.168,29.490666666666666,29.346153964592837,5.015721670965154,5.025105419353667,5.034237270244302,28.585,29.124000000000002,28.69768135321342,5.055523487834272,5.049658269047985,5.0214753166104655,27.1125,27.94757142857143,28.09913828730073,4.950532044681369,4.998926470217319,4.960569101301854,27.71933333333333,27.6632688172043,27.77588512373994,4.967060792701775,4.980784595530232,4.880437439175961,28.623157894736845,28.030809716599194,26.844714680339465,4.802445701252707,4.953027025532968,4.677799702839628,8.474262994009285
2022-11-17,sz001238,29.29,30.13,30.88,28.91,89989,269861693.52,6.64,1.48,0.44,32.72,4.954189425758579,-0.04306586406152402,29.553999999999995,29.81133333333333,29.607435976395227,4.998001940186988,5.004594670951477,5.007554655415728,28.962,29.40490909090909,28.958102925356435,5.043129750120197,5.031233894125131,5.009241518273758,27.273000000000003,28.234952380952386,28.292553688510182,4.949203408207653,4.999274792224672,4.959961513154875,27.618,27.81879569892473,27.927763502853495,4.972467365723175,4.979954184759703,4.885195631858711,28.66179487179487,28.13576923076923,26.95242895311522,4.806336565983627,4.953085145544248,4.686861660968118,8.431141241453226
2022-11-18,sz001238,30.0,28.73,30.01,28.41,72673,210668918.93,5.31,-4.65,-1.4,26.43,4.86137308858948,-0.09281633716909887,29.746,29.536666666666665,29.31495731759682,4.996956479713453,4.959051720418973,4.958827466473646,29.222,29.362727272727273,28.916629666200716,5.04579511332437,4.998187228392274,4.982356349240253,27.432499999999997,28.37371428571429,28.334215241985405,4.948741626993785,4.990909999880084,4.950572139386742,27.580666666666666,27.8905376344086,27.97952069621779,4.962350896664437,4.9727868120414005,4.883658693583277,28.6635,28.164756097560975,27.010709971045866,4.807712479048773,4.948611386668407,4.692583347119639,8.323600466633808
2022-11-21,sz001238,28.73,29.06,29.98,27.0,85317,240121186.8,10.37,1.15,0.33,31.02,4.931035575957512,0.06966248736803227,29.448,29.308,29.22997154506455,4.96845511531383,4.93707808583366,4.949563502968268,29.254,29.33327272727272,28.942696999618768,5.0196104381101,4.977321857961936,4.973025299552481,27.608999999999998,28.528714285714283,28.403337599891554,4.956940438518041,4.989223709305202,4.948711514298244,27.619666666666667,27.98597849462365,28.04922903839729,4.959155797115639,4.970766468769986,4.886715266639679,28.673170731707316,28.20738675958188,27.077899808060756,4.810720359461182,4.947774443301221,4.700401452983176,8.380430481191489
2022-11-22,sz001238,28.6,27.19,28.88,27.19,59992,168150935.55,5.82,-6.43,-1.87,21.82,4.778093340591985,-0.15294223536552742,28.96,28.555333333333337,28.549981030043035,4.904389344143532,4.873624160926378,4.892406782176174,29.125,28.958000000000002,28.624024817869902,4.975507707475448,4.933409658413186,4.937583125196027,27.732,28.488809523809525,28.28778163799712,4.959516894739528,4.9721906523598625,4.932462164421458,27.58,27.95825806451613,27.99379490688779,4.953998794494691,4.959085019962009,4.8797074004430545,28.637857142857143,28.16006644518272,27.081575224189912,4.809943525678581,4.939882298989163,4.702948727986743,8.2256992879639
2022-11-23,sz001238,27.19,26.24,27.35,25.9,45801,120173468.33,5.33,-3.49,-0.95,16.65,4.660874960312619,-0.1172183802793656,28.27,27.648666666666664,27.779987353362024,4.837113278242034,4.792452699649408,4.815229508221655,28.719000000000005,28.43345454545455,28.190565760075373,4.9264174746035945,4.876203704383582,4.88727254976268,27.766000000000002,28.346714285714285,28.09275481533073,4.956288748002087,4.943748563366824,4.906596716411092,27.533333333333335,27.871806451612905,27.8806468483789,4.9447509754441805,4.940173804853487,4.865589178499156,28.582093023255812,28.072790697674414,27.053982593888602,4.806476814856117,4.927200147231138,4.701569260194148,8.07980859553904
2022-11-24,sz001238,26.3,26.29,26.65,26.08,33781,89082898.26,2.17,0.19,0.05,12.28,4.528672501601294,-0.1322024587113253,27.502,26.988666666666667,27.28332490224135,4.752009893410579,4.689639107435827,4.719710506014868,28.528,27.991818181818186,27.84500834915258,4.875005916798783,4.803886436564982,4.822072541006064,27.8695,28.206142857142858,27.921063880537325,4.946846337059236,4.903023206566748,4.870603934048254,27.481,27.791591397849462,27.778024471064132,4.92840160242459,4.913330032347493,4.8438526186992945,28.529999999999998,27.993555555555552,27.02893398425291,4.800163080463962,4.909487807425367,4.695900514010775,7.949794338108851
2022-11-25,sz001238,26.4,26.99,27.37,26.3,53077,142595323.3,4.07,2.66,0.7,19.3,4.724906367842255,0.19623386624096106,27.153999999999996,26.817999999999998,27.18554993482757,4.724716549261133,4.680604598913052,4.721442459957331,28.45,27.71218181818182,27.68955228567029,4.860836514487293,4.776595609481976,4.80440596406719,27.887,28.12238095238095,27.83239113000996,4.928424949603191,4.881886066641321,4.856727975361968,27.460666666666665,27.75991397849462,27.727184182608383,4.919934035626174,4.900201307535731,4.836178667031099,28.495777777777775,27.949922705314005,27.027657460179043,4.798490709072369,4.901462527443493,4.696851525611807,8.154105282189693
2022-11-28,sz001238,26.0,26.09,26.45,25.5,31564,82330527.41,3.52,-3.33,-0.9,11.48,4.499192034710057,-0.22571433313219824,26.559999999999995,26.46333333333333,26.82036662321838,4.638347841011642,4.605429760729361,4.647358984874906,28.003999999999998,27.283090909090912,27.398724597366595,4.803401478162735,4.710842067704297,4.748912522365893,27.911,27.9512380952381,27.66644911762806,4.9038578413907485,4.841006741413405,4.82267693339512,27.404666666666667,27.671483870967744,27.62155939663365,4.906022673316327,4.873056662315337,4.81443759397813,28.44347826086957,27.870777058279366,26.996914592632187,4.791984216151449,4.884344634135687,4.690370886565848,7.915560897514266
2022-11-29,sz001238,26.41,27.07,27.32,26.0,46514,124428568.0,5.06,3.76,0.98,16.91,4.667583688538191,0.16839165382813448,26.536,26.633333333333333,26.903577748812257,4.616245910600884,4.615175043238211,4.654100552762667,27.748,27.113272727272726,27.338956488754484,4.760317627372208,4.686147924136199,4.734125461669946,27.973499999999994,27.871142857142857,27.609644439758718,4.898027922466798,4.818504441141731,4.80790614817065,27.288666666666664,27.649892473118282,27.58597491943148,4.893008015194724,4.85767350200707,4.804963148465876,28.414255319148936,27.837411347517726,26.999310835496704,4.789337396414997,4.875312928069125,4.689623765319039,8.094920103026624
2022-11-30,sz001238,26.81,26.47,27.01,26.23,35610,94957625.9,2.88,-2.22,-0.6,12.95,4.551571973674253,-0.11601171486393813,26.582,26.61133333333333,26.75905183254151,4.59438531327321,4.593617064262668,4.619924359733196,27.426,26.880909090909093,27.18096439989003,4.715749295757623,4.648194168918389,4.700933918398002,28.0055,27.72795238095238,27.50110687406741,4.8856363917959476,4.785508636494823,4.783493369647183,27.217,27.59707526881721,27.513976537532674,4.872271128373453,4.835645370296071,4.788615330737384,28.37375,27.781598639455787,26.98195638187386,4.784383950107897,4.862099011563212,4.685097477068391,7.977529847991412
2022-12-01,sz001238,26.57,27.19,27.71,26.56,51237,139345051.56,4.34,2.72,0.72,18.63,4.709583693250872,0.15801171957661886,26.762,26.814000000000004,26.90270122169434,4.630567551603126,4.632016524255221,4.649810804239088,27.131999999999998,26.837999999999997,27.18260723627366,4.691288722506853,4.647073150280798,4.702506604734888,28.047000000000004,27.650285714285715,27.471477647965756,4.867209236313524,4.768741712823863,4.7764543528475345,27.226,27.595333333333333,27.493074825433794,4.863231846307387,4.825149406739775,4.783516515415674,28.349591836734696,27.75793469387755,26.988777484107505,4.782857414253673,4.855998398830718,4.685900303828472,8.144091550599773
2022-12-02,sz001238,26.91,27.34,27.47,26.89,33428,91033636.52,2.13,0.55,0.15,12.16,4.524110393495136,-0.1854732997557358,26.832,27.006666666666664,27.048467481129563,4.590408356733702,4.596530804885891,4.607910667324438,26.993000000000002,26.875818181818182,27.211224102405723,4.657562452997418,4.6166770904604855,4.670070929964023,28.107499999999998,27.58295238095238,27.458955967207114,4.851678783160894,4.736065632555445,4.752421594813972,27.286,27.60268817204301,27.48319903024452,4.8516819023283295,4.803270603332533,4.766780636582092,28.3294,27.741545098039218,27.000292976431847,4.777682473838502,4.842983182935206,4.680595716604428,7.95920189183615
2022-12-05,sz001238,27.31,27.7,27.86,26.97,55035,150981890.24,3.26,1.32,0.36,20.01,4.740638970811629,0.21652857731649267,27.153999999999996,27.296,27.265644987419712,4.638697743954017,4.6466076762452,4.652153435153502,26.857,27.004363636363635,27.300092447422863,4.63852279248283,4.631781911881251,4.682901482845406,28.055500000000002,27.54414285714286,27.48191254175882,4.829066615296464,4.725490412331705,4.751299440147083,27.358333333333334,27.629397849462364,27.497186189583587,4.8508012231729705,4.796106543234681,4.765094077500127,28.317058823529415,27.739947209653092,27.02323419031933,4.776956130641897,4.839046867084298,4.68256434788991,8.178924858283198
2022-12-06,sz001238,27.4,27.32,27.88,27.13,38243,104840038.32,2.71,-1.37,-0.38,13.91,4.582551953487472,-0.1580870173241573,27.204,27.351333333333333,27.283763324946477,4.621691396943873,4.627892412756353,4.628952941264826,26.869999999999997,27.088545454545457,27.30371200243689,4.618968653772378,4.621605395700278,4.664656113871236,27.997499999999995,27.474095238095234,27.466492299686553,4.797238180623913,4.702012825492754,4.735228250941405,27.444666666666667,27.626924731182793,27.48575482251368,4.8460008144171445,4.778800138738844,4.753317166273504,28.297884615384614,27.72410014513788,27.032964216866237,4.773217588773543,4.8293678137410225,4.67928525299147,8.020527171013226
2022-12-07,sz001238,27.12,26.92,27.58,26.62,32884,88993588.14,3.51,-1.46,-0.4,11.96,4.516984639533111,-0.06556731395436088,27.294,27.256666666666668,27.162508883297654,4.6147739301156445,4.592990160286098,4.591630174020921,26.938,27.097636363636365,27.233946183811998,4.604579621694428,4.603062847656774,4.637806754900668,27.828500000000002,27.37147619047619,27.41444541400212,4.765498548149011,4.675322012055535,4.714443145092996,27.49,27.59307526881721,27.449254511383767,4.8390523725662,4.7575732887463245,4.738069906483801,28.271886792452833,27.694318658280924,27.02926047205095,4.768383004825609,4.817798066548137,4.67396392140267,7.949358717479421
2022-12-08,sz001238,26.69,29.61,29.61,26.3,89521,257850706.44,12.3,9.99,2.69,32.55,4.951924924861404,0.43494028532829354,27.778000000000002,28.028666666666666,27.978339255531772,4.66324217643775,4.7053738252013515,4.711728424301082,27.27,27.583454545454547,27.66595596857345,4.646904864020438,4.666216539141679,4.6949191494389835,27.899,27.54114285714286,27.623545850763822,4.7609553904096105,4.693076905075762,4.737060457451891,27.669666666666668,27.729849462365593,27.588657446133205,4.846865846046303,4.764855388894403,4.751867004443646,28.296666666666667,27.7639797979798,27.113874882803376,4.771781929270717,4.822675406850437,4.683077396925907,8.411368325591768
2022-12-09,sz001238,30.4,30.64,32.51,29.65,175160,540258677.6,9.66,3.48,1.03,63.69,5.243434936520088,0.2915100116586835,28.438,28.982666666666667,28.865559503687848,4.807107085042741,4.898771411895464,4.888963928374085,27.635,28.196181818181817,28.20669124701464,4.698757720888222,4.7746765523234345,4.794649292544639,28.0425,27.802190476190475,27.910827198310123,4.779797117687758,4.739027338038666,4.785286598315529,27.802999999999997,27.921483870967744,27.785518256060097,4.851869206698201,4.790440491505613,4.783581064577611,28.33927272727273,27.866694805194804,27.229485542383593,4.780357438493432,4.837702532910067,4.701449775273257,8.73260175122123
2022-12-12,sz001238,29.5,30.14,30.56,28.85,98127,291874659.53,5.58,-1.63,-0.5,35.68,4.991788521525152,-0.25164641499493623,28.926,29.55,29.29037300245857,4.857336995185445,4.960331890722935,4.923238792757774,28.04,28.651636363636367,28.558201929375613,4.748017369569731,4.8279548797119665,4.830492788722914,28.022000000000002,28.001952380952385,28.123129369899633,4.775709423866234,4.759216995546987,4.804953448145017,27.954,28.07225806451613,27.93742030405622,4.851911017450409,4.799467544075094,4.797013803735517,28.37142857142857,27.946459899749375,27.324912245912,4.784132993547571,4.843109058826386,4.710969078429057,8.465196391308634
2022-12-13,sz001238,30.5,31.09,32.5,30.5,132015,413652887.7,6.64,3.15,0.95,48.01,5.1206232800476625,0.12883475852251092,29.68,30.271333333333335,29.890248668305716,4.964951260497483,5.048093985677007,4.989033621854404,28.442,29.20618181818181,29.01852885130732,4.793321328720678,4.895701408889773,4.883243787145595,28.095000000000006,28.294142857142855,28.40568847752824,4.776819478046443,4.792065934230934,4.835017241659555,28.129666666666665,28.27458064516129,28.140812542504207,4.863125724551424,4.816803819081369,4.817891834465333,28.419122807017544,28.054857834240774,27.44835774604603,4.7900363319072214,4.8526785147305675,4.724400363728028,8.616636060472405
2022-12-14,sz001238,30.08,30.9,31.14,29.65,80227,244153651.24,4.79,-0.61,-0.19,29.17,4.904320552543947,-0.2163027275037157,30.476,30.678,30.22683244553715,5.042418443099651,5.027883749692495,4.960795932084252,28.885,29.65309090909091,29.360614514705986,4.828596186607647,4.915883085948548,4.887075926308931,28.1555,28.561285714285713,28.643241955858883,4.772172741182635,4.804208893706887,4.841617556981879,28.298666666666666,28.45331182795699,28.318824636536196,4.8666229900665146,4.819461549919596,4.823467880792985,28.461896551724138,28.151303331385154,27.561526344536325,4.792006749504406,4.854429092283564,4.730299386312157,8.387663223404198
2022-12-15,sz001238,30.49,29.4,30.49,29.4,69506,206654543.21,3.53,-4.85,-1.5,25.28,4.842022296020599,-0.06229825652334764,30.434000000000005,30.31933333333333,29.9512216303581,5.02043791733149,4.961085033999478,4.921204720063034,29.105999999999995,29.74672727272727,29.367775512032168,4.84184004688462,4.918324196750903,4.878884357165598,28.119,28.679809523809524,28.71531415053899,4.7665643846957355,4.810861232262884,4.841656103556995,28.4,28.524365591397853,28.38857788579193,4.858752839837223,4.817874408368248,4.824664939839929,28.47779661016949,28.192926553672315,27.621804169305623,4.7928544706317995,4.854015532408131,4.733962432532106,8.315244957497447
2022-12-16,sz001238,29.01,29.06,30.13,28.78,41967,122915083.85,4.59,-1.16,-0.34,15.26,4.622907924893817,-0.219114371126782,30.118000000000002,29.86133333333333,29.65414775357207,4.896332515006235,4.828575036520253,4.821772455006629,29.278,29.73836363636363,29.311816328026318,4.8517198000244885,4.878518356388939,4.832343187661637,28.135499999999997,28.76942857142857,28.74814137429718,4.754641126510952,4.797179664662701,4.820822943684312,28.497666666666664,28.566946236559136,28.43189544154729,4.851692455448759,4.802658607404156,4.811648358230503,28.4875,28.221355191256826,27.668958130967734,4.7900220282028325,4.846438233801105,4.730321301134129,8.089605181754257
2022-12-19,sz001238,28.83,29.43,30.58,28.8,56530,168043168.43,6.13,1.27,0.37,20.56,4.752278985460118,0.1293710605663012,29.976,29.632,29.579431835714715,4.848430607793229,4.780557193338215,4.798607965157792,29.451,29.766,29.333304268385167,4.8528838014893365,4.860438208286326,4.8177860599886335,28.154000000000003,28.892714285714288,28.813080291030783,4.7457032969860835,4.796954698848336,4.81429494766296,28.520666666666667,28.62709677419355,28.496289284028112,4.837005677360755,4.796244835146825,4.807818076116285,28.592833333333335,28.25225683060109,27.726697208640925,4.800140071191932,4.845200756989869,4.73104122521039,8.225420861503736
2022-12-20,sz001238,28.99,29.99,30.16,28.31,57043,167445578.84,6.29,1.9,0.56,20.74,4.756202357818292,0.003923372358173971,29.756,29.636666666666667,29.71628789047648,4.775546423347356,4.749814443346569,4.784472762711292,29.718,29.864,29.452703492315134,4.87024884192242,4.842859763982499,4.80658902323039,28.294,29.06757142857143,28.925167882361187,4.744608747847399,4.797954609403784,4.8087623200587055,28.571,28.721892473118277,28.592657717316623,4.8215750677234155,4.791031717756989,4.804488029774479,28.669,28.2980655737705,27.800903857537943,4.824015701562103,4.843760176223519,4.731866180377862,8.223873685105268
2022-12-21,sz001238,29.72,29.25,30.47,28.68,49773,146967725.62,5.97,-2.47,-0.74,18.1,4.696993818043202,-0.05920853977509033,29.426,29.468,29.560858593650988,4.734081076447206,4.723630241578518,4.755313114488596,29.951,29.778909090909092,29.4158483118942,4.888249759773428,4.811358850549916,4.786662622287265,28.444499999999998,29.158619047619045,28.956104274517262,4.7464146907339275,4.793419854184337,4.798117700819134,28.535999999999998,28.765698924731183,28.635066896844585,4.806415618690483,4.7829942177776195,4.797552919340204,28.6905,28.317114754098366,27.848415206471124,4.84780704945919,4.839595524304869,4.730722824235742,8.167221973359998
2022-12-22,sz001238,29.3,26.83,30.16,26.6,69368,197919651.72,12.17,-8.27,-2.42,25.22,4.841159173215329,0.14416535517212736,28.912,28.602666666666664,28.650572395767327,4.733908451886152,4.759322940501226,4.783928467397507,29.672999999999995,29.211454545454544,28.94569407336798,4.877173184608821,4.80279692572117,4.796571086092367,28.4715,29.004857142857144,28.753618153134667,4.76203902431463,4.802443138230185,4.802216888666391,28.490333333333336,28.655634408602147,28.518610968015903,4.799694655142681,4.785235737424384,4.800366226041825,28.625,28.256114754098363,27.815024543963872,4.870758998922132,4.839377561149331,4.734343688136712,8.296488918055987
2022-12-23,sz001238,26.31,29.51,29.51,26.31,63610,184864565.78,11.93,9.99,2.68,23.13,4.803525395576532,-0.03763377763879738,29.002,28.802000000000003,28.937048263844886,4.770031946022695,4.782528588398019,4.790460776790516,29.560000000000002,29.181818181818183,29.048295150937438,4.833182230514465,4.789406418624391,4.797835505998578,28.597500000000004,29.103761904761903,28.825654519502795,4.765969975701344,4.806394221207509,4.802341508372118,28.548333333333336,28.72141935483871,28.582571550724555,4.79759215529666,4.785482881968504,4.800570043431161,28.552833333333336,28.285131147540984,27.870597509735546,4.886535921176728,4.83717318071177,4.736611940839657,8.266853675026304
2022-12-26,sz001238,30.76,29.19,30.77,28.04,91478,267575956.64,9.25,-1.08,-0.32,33.26,4.96131666097998,0.15779126540344812,28.954,28.86466666666667,29.021365509229927,4.8118394811266665,4.846290160050447,4.847412738187004,29.465000000000003,29.114545454545457,29.074059668948813,4.830135044459948,4.8127035877999385,4.827559352358833,28.752499999999998,29.16019047619048,28.860354089073958,4.789076207014839,4.824998667424522,4.817481999096676,28.503,28.762817204301076,28.621760482935876,4.793851297397471,4.796045753302911,4.810940792950441,28.419,28.306021857923497,27.913856607777003,4.8864929257364516,4.839625008246303,4.74397930871311,8.427447086794983
2022-12-27,sz001238,28.75,29.94,30.7,28.75,80349,239601442.23,6.68,2.57,0.75,29.22,4.904980476031729,-0.05633618494825132,28.944,29.19333333333333,29.327577006153287,4.841595104769354,4.877337158352135,4.866601984135246,29.35,29.20090909090909,29.231503365503574,4.808570764058354,4.826311848085717,4.841635920299359,28.896000000000004,29.273285714285713,28.96317750916215,4.800946046389517,4.836037169235654,4.825815187376206,28.513333333333332,28.85552688172043,28.70680819371421,4.787403240050414,4.803215377730929,4.817007869278266,28.235666666666667,28.355890710382514,27.980287538669558,4.882331173212605,4.840231157436311,4.749258035510441,8.379489427868549
2022-12-28,sz001238,29.56,29.85,30.69,29.4,72808,219546493.78,4.31,-0.3,-0.09,26.48,4.862179101359335,-0.04280137467239342,29.064,29.495333333333335,29.501718004102194,4.874632161432581,4.884198490548795,4.86512768987661,29.244999999999997,29.291818181818186,29.343957299048377,4.804356618939893,4.8360588185040765,4.845371044128445,29.064999999999998,29.36414285714286,29.04763679400385,4.8164764027737705,4.841868888756589,4.829278417279362,28.518666666666668,28.941763440860214,28.780562503797164,4.782900700435054,4.808039626847632,4.819922142315755,28.119000000000003,28.408819672131145,28.04158958658203,4.874980746568415,4.839570433768992,4.752960365538273,8.341526505689291
2022-12-29,sz001238,29.39,28.65,29.63,28.56,52160,150984687.05,3.58,-4.02,-1.2,18.97,4.7173375827238635,-0.1448415186354719,29.428000000000004,29.357333333333333,29.217812002734796,4.849867843334287,4.831766964312555,4.815864320825694,29.169999999999998,29.183636363636364,29.217783244675942,4.79188814761022,4.820237175555708,4.822092232963975,29.137999999999998,29.32461904761905,29.00976662314634,4.81686409724742,4.832427096370884,4.818617385416934,28.469333333333335,28.950236559139782,28.772139116455413,4.775005639000564,4.8038097482856195,4.813303783632407,28.04366666666667,28.42622950819672,28.06153746898918,4.8737365023618695,4.834401805446221,4.751792405445998,8.178932903141412
2022-12-30,sz001238,28.9,28.87,29.2,27.32,47619,134938396.38,6.56,0.77,0.22,17.32,4.677780270971382,-0.039557311752481894,29.3,29.171333333333337,29.101874668489863,4.824718818413258,4.774404440191588,4.76983630420759,29.151000000000003,29.129090909090912,29.154549927462135,4.797375382217976,4.7994902888941,4.795853694419867,29.214500000000005,29.29909523809524,28.99645551618002,4.824547591121233,4.819181017677929,4.805204326898309,28.474,28.976086021505374,28.77845272184539,4.768885878413295,4.797537143896641,4.804560331202664,28.02733333333333,28.453322404371587,28.088044437219043,4.865618387538865,4.827977010974401,4.749365778086174,8.130135544655385
2023-01-03,sz001238,28.6,29.05,29.17,28.3,36604,105436278.84,3.01,0.62,0.18,13.31,4.563528546678748,-0.1142517242926333,29.272000000000002,29.088,29.084583112326577,4.7451611955530115,4.687341016280084,4.701067051697977,29.113,29.11072727272727,29.135540849741744,4.77850033833984,4.756972682432423,4.753612758466936,29.282,29.28342857142857,29.001554990829543,4.815692069914588,4.794322061064358,4.782187585925018,28.473666666666663,29.01324731182796,28.795971901081174,4.756635644104002,4.784288283784735,4.789009893491444,28.046666666666667,28.486852459016394,28.1195839638676,4.857895720609821,4.818072426028167,4.743272754105602,8.02299006997592
2023-01-04,sz001238,28.98,28.43,29.1,28.24,37017,105920190.84,2.96,-2.13,-0.62,13.46,4.5684012189485,0.004872672269751632,28.97,28.807333333333336,28.866388741551052,4.677845344136366,4.6284210240785795,4.656845107448151,28.957,28.986545454545457,29.007260695243243,4.75972022445286,4.718772842543089,4.719937933099947,29.3375,29.202285714285715,28.94712118217911,4.814984533187639,4.77077055144854,4.761826979546303,28.515,29.010430107526883,28.772360810688845,4.749645906715886,4.77214412732309,4.774777075778996,28.0475,28.499420765027324,28.12976153882276,4.851822350605288,4.8085808030228785,4.737539261149631,8.024978754579426
2023-01-05,sz001238,28.18,28.4,28.43,27.75,28777,80993157.57,2.39,-0.11,-0.03,10.46,4.459045516794607,-0.10935570215389312,28.68,28.61733333333333,28.710925827700702,4.59721862722342,4.555487748297994,4.590911910563637,28.872000000000003,28.885272727272728,28.896849659744472,4.735925394328001,4.6641047138779514,4.672502948317158,29.4115,29.113,28.89501440292396,4.812087577050714,4.7368715975063465,4.732990649760428,28.587,29.003010752688166,28.74833753257989,4.742918258598619,4.753395715070104,4.754407297780004,28.060166666666667,28.5109781420765,28.138621816238405,4.8438346170213995,4.795702874045479,4.728408318711761,7.908448330543931
2023-01-06,sz001238,28.4,29.18,30.72,27.8,72997,212577035.98,10.28,2.75,0.78,26.54,4.863305012035277,0.4042594952406704,28.786,28.784,28.867283885133805,4.626412113085702,4.6441832099019456,4.681709611054184,29.107000000000006,28.94127272727272,28.948331539790928,4.738139978209995,4.687264644370184,4.707194232629543,29.389999999999997,29.090952380952384,28.922155888359775,4.807656581409408,4.7417494484572575,4.745401541405652,28.683333333333334,29.041268817204305,28.77618672402635,4.754072675613084,4.761162602388597,4.761432956764215,28.082166666666662,28.547693989071043,28.17276536324698,4.841237139018838,4.7963412476524905,4.7328311611158105,8.327516347271791
2023-01-09,sz001238,28.91,28.82,29.1,28.27,49474,141895822.13,2.84,-1.23,-0.36,17.99,4.694377024730461,-0.16892798730481662,28.776,28.79533333333333,28.851522590089203,4.629731463837518,4.666838180450198,4.68593208227961,29.038,28.889090909090907,28.92499853255621,4.727225141125388,4.679307743737541,4.704863831193346,29.299,29.036666666666665,28.912426756135034,4.780203685819926,4.730960919249737,4.740542063627062,28.744333333333334,29.05008602150538,28.779013386992393,4.753055030842691,4.75731127007359,4.757106767600747,28.102500000000003,28.57188524590164,28.19398617100937,4.836494533234433,4.791526161938118,4.731570369758913,8.15196960861746
2023-01-10,sz001238,28.56,28.54,29.22,28.11,38021,108809048.06,3.85,-0.97,-0.28,13.83,4.580023535169366,-0.11435348956109426,28.674,28.71666666666666,28.747681726726135,4.6330304615356415,4.650268870894148,4.650629233242862,28.972999999999995,28.798545454545454,28.854998799364168,4.6890958285443265,4.652543815381901,4.682165595552622,29.219,28.96438095238095,28.876957541265032,4.759615436502138,4.711896142997304,4.72525458472633,28.826,29.036903225806455,28.763593168476756,4.755749414191336,4.7461479477720845,4.745682042927755,28.115333333333336,28.586229508196723,28.20533088671398,4.830886043753831,4.783117276755657,4.726601621083846,8.036665010795478
2023-01-11,sz001238,28.55,27.56,28.78,27.4,45976,128478683.41,4.84,-3.43,-0.98,16.72,4.662531184125641,0.08250764895627505,28.5,28.34533333333333,28.351787817817424,4.65185645457107,4.660102445090814,4.654596550203789,28.734999999999996,28.541636363636364,28.619544472207046,4.664850899353718,4.647713880033048,4.6785957025658975,29.042499999999997,28.80638095238095,28.751533013525503,4.736710831706036,4.702650023723352,4.719280927526264,28.842333333333332,28.955225806451615,28.685941996316966,4.755580997377583,4.740133868413008,4.740317471392135,28.0655,28.568021857923494,28.184172496985653,4.8242945062861535,4.777597445292438,4.7245009510196425,8.108831077508846
2023-01-12,sz001238,27.55,27.02,27.58,27.0,25161,68527513.97,2.1,-1.96,-0.54,9.15,4.400727897737122,-0.2618032863885196,28.224,27.851999999999997,27.907858545211617,4.640192930759573,4.576392926146165,4.5699736660482335,28.452000000000005,28.229818181818185,28.328718204533036,4.6187057789914965,4.599691516102759,4.62807428350612,28.8485,28.6137619047619,28.586625107475456,4.7115311989656945,4.6706516490596455,4.688942543736822,28.860666666666663,28.837655913978494,28.578461867522325,4.750552861513013,4.717240120049107,4.7184084666401995,28.038833333333333,28.533743169398903,28.146002906920547,4.811411994943232,4.763710015503945,4.713885441075953,7.835864976838631
2023-01-13,sz001238,27.1,27.33,27.56,26.9,20163,54958070.59,2.44,1.15,0.31,7.33,4.304555150120442,-0.09617274761667982,27.854000000000003,27.553999999999995,27.71523903014108,4.528442958376607,4.464513665933121,4.481500827405636,28.32,28.025818181818185,28.14713307643612,4.577427535731155,4.5425732199443845,4.5692526228905415,28.744999999999997,28.46914285714286,28.466946525811128,4.684657841670687,4.631892025360098,4.652334220535262,28.865333333333336,28.738903225806453,28.4979159405854,4.737051910075332,4.688466074152813,4.691708252671184,28.045666666666666,28.510502732240436,28.11924871325102,4.800141878191359,4.74709175829664,4.700464775798722,7.740031477566327
2023-01-16,sz001238,27.3,27.39,27.54,27.07,18827,51406179.64,1.72,0.22,0.06,6.85,4.274781122605907,-0.029774027514535284,27.568,27.39933333333333,27.606826020094054,4.444523777951695,4.379959720676221,4.41259425913906,28.172000000000004,27.85672727272727,28.009472517084095,4.537127620894607,4.4875465993761585,4.515712350111516,28.6615,28.340095238095234,28.364380190019595,4.667251501556292,4.592856147353928,4.616376782637228,28.867,28.643720430107532,28.426437492805697,4.728740934379023,4.658642152380591,4.664809728150844,28.0765,28.489005464480876,28.095338919373937,4.790211418353677,4.729866815490559,4.686507934710433,7.711015329544579
2023-01-17,sz001238,27.48,26.91,27.5,26.81,19787,53597678.55,2.52,-1.75,-0.48,7.2,4.296379953771385,0.02159883116547867,27.242,27.18,27.374550680062704,4.387795061672099,4.330578445949452,4.373856157349835,27.958,27.62727272727273,27.809568423068804,4.51041276160387,4.443774296262846,4.475833732595128,28.535500000000003,28.17328571428571,28.22586779097011,4.644456549971855,4.5575350475648895,4.585900894173814,28.840666666666667,28.517462365591395,28.32860281585049,4.713932300477682,4.630747895567195,4.641040065287653,28.0995,28.45075956284153,28.056475348246924,4.782366761825326,4.713675619930485,4.67371685336817,7.729145979715934
2023-01-18,sz001238,26.88,27.01,27.1,26.65,12517,33711372.85,1.67,0.37,0.1,4.55,4.097500252231686,-0.19887970153969903,27.131999999999998,27.102666666666668,27.25303378670847,4.274788875293309,4.2338135094693135,4.281737522310452,27.815999999999995,27.45490909090909,27.6641923461472,4.46332266493219,4.368699294558811,4.407045827074502,28.3865,28.027999999999995,28.11007085849677,4.611521444692525,4.505443971589635,4.539386547322183,28.830333333333332,28.399354838709677,28.243531666440784,4.697763910435823,4.590978086002937,4.605972980574364,28.1375,28.415038251366123,28.022164681091287,4.771882362426483,4.691220980271676,4.654824505789924,7.5277764389356605
2023-01-19,sz001238,26.9,27.21,27.3,26.82,15597,42333636.51,1.78,0.74,0.2,5.67,4.193041072153242,0.09554081992155528,27.169999999999998,27.128666666666668,27.238689191138985,4.233251510176532,4.206564241755958,4.252172038924716,27.697000000000003,27.344727272727273,27.581611919574982,4.436722220468053,4.319557186780821,4.368135871634273,28.284499999999998,27.91595238095238,28.02434982435422,4.586323807398026,4.465588698014466,4.5064012639727595,28.84,28.294817204301076,28.176852204089766,4.6869657915231615,4.558415322242771,4.579332212289131,28.165,28.384628415300547,27.99553633089157,4.76300908204468,4.672242577311899,4.63968406534282,7.626685576491773
2023-01-20,sz001238,27.25,27.33,27.39,27.16,14102,38470026.72,0.85,0.44,0.12,5.13,4.149280710341023,-0.04376036181221821,27.169999999999998,27.182000000000002,27.26912612742599,4.202196622220649,4.178573975144121,4.217874929396818,27.512,27.278,27.535864297834074,4.365319790298628,4.267295094030452,4.328344024126409,28.309500000000003,27.82504761904762,27.95822126965382,4.5517298842543115,4.4239655459137985,4.472389782674499,28.764,28.197397849462362,28.122216578019458,4.660210984372481,4.523725962166504,4.551586954098931,28.216833333333334,28.35725136612022,27.973715467583652,4.753538415209393,4.652120335616695,4.623605266818171,7.585122487953411
2023-01-30,sz001238,27.59,27.64,27.76,27.34,19964,55072004.97,1.54,1.13,0.31,7.26,4.300247561194085,0.15096685085306127,27.22,27.338666666666665,27.392750751617328,4.207289909938284,4.2112576214686,4.245332473329241,27.394,27.30127272727272,27.55479806186424,4.32590684394499,4.255463779647807,4.323235576320531,28.215999999999998,27.761285714285712,27.92791448206774,4.526565992535189,4.400014848479491,4.45599528539065,28.664,28.12488172043011,28.091105831050463,4.628771405194947,4.500502515509834,4.535371509395393,28.2335,28.338338797814206,27.962773976843202,4.740320305946574,4.637258340403079,4.6130033748304955,7.740930887840586
2023-01-31,sz001238,27.67,27.65,27.73,27.33,16772,46117622.12,1.45,0.04,0.01,6.1,4.224584853731531,-0.07566270746255377,27.368000000000002,27.482000000000003,27.47850050107822,4.192930889930314,4.2170226027330155,4.238416600130005,27.305,27.347818181818184,27.57210750516165,4.290362975801207,4.237041599608997,4.305299081304349,28.139,27.707380952380948,27.90144643615653,4.489729402172767,4.3712547400220005,4.43395619666121,28.581000000000003,28.059462365591397,28.06264739033753,4.603197949601827,4.474425963802516,4.515320757417079,28.2675,28.319207650273224,27.95251909235654,4.727554483526118,4.620348981314062,4.600268341351841,7.663866906454713
2023-02-01,sz001238,27.66,28.34,28.69,27.53,36910,104099270.79,4.2,2.5,0.69,13.42,4.567144045195657,0.34255919146412595,27.634000000000004,27.805999999999997,27.765667000718814,4.286859648523108,4.341760321154796,4.347992415151889,27.383,27.536,27.711724322404983,4.280824261908208,4.287365430407988,4.352907256557314,28.058999999999997,27.726523809523812,27.94321344223686,4.472837580630964,4.378627563167038,4.446640753664491,28.489333333333335,28.04391397849463,28.08054110708995,4.584748641773428,4.472099905453731,4.518664195338278,28.3095,28.321584699453553,27.96522338441042,4.723937183162426,4.615089622680276,4.599182298854917,8.01744768731084
2023-02-02,sz001238,28.2,28.29,28.47,28.15,26340,74497021.42,1.13,-0.18,-0.05,9.58,4.420615770625765,-0.14652827456989215,27.85,28.02466666666667,27.94044466714588,4.332374588217612,4.386345695189016,4.372200200309848,27.51,27.700909090909093,27.816865354694986,4.282813049197072,4.3127820683566345,4.3652178954788505,27.981,27.748523809523807,27.9762407334524,4.450759414094284,4.3736540574522556,4.4441621838512795,28.402333333333335,28.031053763440866,28.09405458405189,4.568625149042821,4.461510687960334,4.5123384905181165,28.3505,28.32094535519126,27.97587179803631,4.717624069554668,4.605144658334812,4.593327658585109,7.87213890889973
2023-02-03,sz001238,28.34,28.08,28.4,27.64,21313,59736158.96,2.69,-0.74,-0.21,7.75,4.328644584943907,-0.09197118568185747,28.0,28.101333333333333,27.986963111430587,4.368247363138189,4.3851023607644475,4.357681661854535,27.584999999999997,27.804545454545455,27.864708017477714,4.285221992679419,4.321115074856059,4.3585682026543155,27.952499999999997,27.757952380952382,27.986122568361694,4.4313247642052875,4.362024073723649,4.433160507764863,28.358333333333334,28.010258064516126,28.093147836693706,4.551512558673598,4.446028070921694,4.500487270803651,28.379166666666666,28.312076502732243,27.979285837444955,4.705132699255411,4.592391232609868,4.584649525023102,7.776237293994483
2023-02-06,sz001238,28.08,28.0,28.09,27.75,12919,36076679.0,1.21,-0.28,-0.08,4.7,4.111228898234156,-0.2174156867097512,28.071999999999996,28.101333333333333,27.991308740953727,4.3304436305462035,4.29942953912977,4.275530740647742,27.645999999999997,27.88,27.88930655975449,4.268866770242244,4.289479966775103,4.313597420032468,27.909,27.762476190476193,27.987444228517724,4.4029971955684255,4.3315387531549705,4.402500354476224,28.322999999999997,27.987139784946237,28.0871382988425,4.534456591118276,4.417622673473988,4.475373827412072,28.410333333333334,28.299644808743167,27.97996499031561,4.693074523283517,4.572918976838681,4.569127537259529,7.557226552197047
2023-02-07,sz001238,28.03,28.6,29.11,28.0,38503,110137302.66,3.96,2.14,0.6,14.0,4.585494569318544,0.474265671084388,28.262,28.27733333333333,28.19420582730249,4.402625573663606,4.38444651872055,4.378852016871344,27.814999999999998,28.053454545454546,28.018523548890037,4.2977782317969595,4.347048657516248,4.363033265357209,27.8865,27.828285714285713,28.045782873420798,4.404095496700416,4.348919455416886,4.419928374937398,28.295333333333335,28.00501075268817,28.12022615053008,4.528897110580223,4.420915446261102,4.482478391406038,28.408,28.305863387978142,28.00029400702657,4.682951393970489,4.569391765233271,4.569664161261464,8.041934436098211
2023-02-08,sz001238,28.63,28.07,28.65,28.07,21903,61885726.03,2.03,-1.85,-0.53,7.96,4.3405036031604505,-0.24499096615809357,28.208,28.213333333333335,28.152803884868327,4.357297485256565,4.363739195219498,4.3660692123010465,27.921,28.099818181818183,28.0278829036373,4.322078566889836,4.354816906855064,4.358936963139616,27.8685,27.845761904761904,28.048089266428338,4.3927006159110125,4.342863084603556,4.412364110958642,28.231333333333335,27.99047311827957,28.11698575372169,4.515040485424962,4.408761026427568,4.473318727648259,28.401166666666665,28.294781420765027,28.002579449419144,4.668307776574188,4.55816396881327,4.562150700340119,7.791590490356722
2023-02-09,sz001238,27.89,28.17,28.28,27.86,16799,47235603.84,1.5,0.36,0.1,6.11,4.225283430094444,-0.11522017306600674,28.184000000000005,28.200666666666667,28.158535923245555,4.318231017150301,4.319734510165459,4.319140618232179,28.017000000000003,28.145090909090914,28.05372237570324,4.3253028026839555,4.337217791074084,4.334636320767766,27.857,27.874476190476187,28.05969981248278,4.381012511576005,4.3269185907162635,4.3945469032572895,28.195333333333334,27.986516129032257,28.12040602767513,4.49931680582667,4.390067022857857,4.457316450386723,28.365666666666666,28.287202185792346,28.008068647798844,4.652866212258576,4.543638580404099,4.551105871807474,7.674269471564856
2023-02-10,sz001238,28.2,27.95,28.42,27.83,19983,56226887.45,2.09,-0.78,-0.22,7.27,4.300660688376522,0.07537725828207797,28.157999999999998,28.122666666666667,28.089023948830373,4.312634237836823,4.313877733907532,4.312980641613627,28.079,28.13290909090909,28.034863761939015,4.340440800487506,4.332737406654551,4.328458933060267,27.795499999999997,27.883333333333333,28.049252211293943,4.352880295393066,4.319266036125837,4.3856053589829305,28.232666666666667,27.970688172043015,28.10941209040577,4.481300189665377,4.377250499151396,4.447209627031227,28.3615,28.273573770491804,28.006164757707076,4.640497422404028,4.532090858309605,4.542894554317934,7.749944042949138
2023-02-13,sz001238,27.88,28.31,28.52,27.81,22168,62532967.33,2.54,1.29,0.36,8.06,4.345726512774175,0.04506582439765339,28.22,28.173333333333336,28.162682632553583,4.359533760744827,4.324908492219982,4.323895932000477,28.146000000000004,28.17490909090909,28.084888532495558,4.344988695645514,4.333698445252126,4.33159849300825,27.77,27.932333333333332,28.074085334027853,4.335447769795253,4.318584723495466,4.381807373629716,28.192666666666664,27.975677419354835,28.122353245863465,4.466040226905298,4.368503810319705,4.440662329337224,28.3705,28.27188524590164,28.016126568929796,4.631816191100978,4.52242623832174,4.53643002836568,7.796109037419974
2023-02-14,sz001238,28.3,28.24,28.55,28.07,18770,53028295.19,1.7,-0.25,-0.07,6.83,4.2734642726213465,-0.07226224015282856,28.148000000000003,28.18,28.188455088369054,4.297127701405389,4.296218662845489,4.307085378874101,28.205000000000002,28.192,28.11309061749636,4.349876637534497,4.320694004702278,4.321028634756085,27.755000000000003,27.977095238095245,28.089886730787104,4.320119806667852,4.312681533288427,4.371488983057491,28.160999999999998,27.978731182795702,28.129943359033565,4.4431118139600105,4.356079555204612,4.4298753579362,28.332,28.26760655737705,28.023466681423898,4.618481555678741,4.510676995092901,4.527808200308488,7.724507665182357
2023-02-15,sz001238,28.26,28.26,28.39,27.9,17846,50286915.84,1.74,0.07,0.02,6.49,4.251540888649978,-0.021923383971368615,28.186,28.217333333333332,28.212303392246035,4.279335158503293,4.281023058593687,4.2885705487993935,28.197000000000003,28.202,28.1398014143152,4.318316321879928,4.302814777632365,4.308394499100429,27.790000000000003,28.025190476190478,28.106087994521666,4.299570291894068,4.306150207762917,4.36006535501868,28.105,27.98511827956989,28.13833411006366,4.4213304943806175,4.343720140668481,4.418369908304831,28.309166666666666,28.265245901639346,28.031221872196884,4.604366867215516,4.498646153550974,4.518750255663947,7.701455000609134
2023-02-16,sz001238,28.4,27.18,28.4,26.98,30246,83718429.74,5.02,-3.82,-1.08,11.0,4.480667947821794,0.22912705917181597,27.988,27.882,27.86820226149736,4.330412062048763,4.348133988366519,4.352603015140193,28.086000000000002,28.017090909090907,27.96529206625789,4.3243215395995325,4.332333255076342,4.339716944322495,27.797999999999995,27.96709523809524,28.017889137900553,4.303567294398302,4.323397603565556,4.371551316238024,28.016000000000002,27.92544086021506,28.07650610296278,4.408613455929367,4.347548363471137,4.4223891366607635,28.267333333333333,28.228224043715844,28.00331295835436,4.595757078182212,4.49459045127577,4.517501655406827,7.9228210739231155
2023-02-17,sz001238,27.17,27.27,27.66,27.08,17477,47767571.66,2.13,0.33,0.09,6.36,4.2424668862353405,-0.23820106158645338,27.851999999999997,27.642666666666667,27.66880150766491,4.318773301620527,4.318818929762045,4.315890972171909,28.005000000000003,27.868727272727273,27.838875326938272,4.3157037697286755,4.317450590828306,4.322035115579376,27.794999999999998,27.916809523809526,27.946661600957643,4.300462881204046,4.317578517073846,4.359257560999673,27.970000000000002,27.87731182795699,28.02447345115873,4.392784432713083,4.336829229942491,4.410781249536543,28.21966666666667,28.195524590163938,27.979269910539465,4.583895035856823,4.483007166293905,4.508484121991368,7.679133163798149
2023-02-20,sz001238,27.26,27.64,27.87,27.03,16586,45678752.02,3.08,1.36,0.37,6.03,4.219741661046302,-0.02272522518903841,27.718,27.572,27.659201005109942,4.293576331274951,4.28580838290397,4.283841201796706,27.969,27.802363636363637,27.802716176585854,4.326555046009889,4.300002934704238,4.303436305664271,27.807499999999997,27.90204761904762,27.917455734199773,4.297710908126066,4.309890781820727,4.345970332432685,27.929,27.856021505376347,27.999668712374294,4.377516479048913,4.325665180157537,4.398456114795237,28.2015,28.176519125683065,27.968146306915216,4.573201178731105,4.4710677113820845,4.499017156058743,7.65971423012765
2023-02-21,sz001238,27.72,27.46,27.72,27.24,14387,39479186.94,1.74,-0.65,-0.18,5.23,4.157970243604713,-0.061771417441589094,27.562,27.486,27.592800670073295,4.270477525471625,4.240606353680557,4.241884215732709,27.855,27.709818181818182,27.74040414447933,4.283802613438507,4.269351152448752,4.276987930744351,27.834999999999997,27.86895238095238,27.87388852141884,4.290790422617733,4.296582147104408,4.328065562068117,27.876,27.825763440860214,27.964851376092085,4.363997868946445,4.311500906903072,4.382940897299075,28.174833333333332,28.15220765027323,27.951485772262256,4.560316756525223,4.457453582361547,4.487835290076643,7.596368199947257
2023-02-22,sz001238,27.46,27.5,27.7,27.26,13863,38163613.78,1.6,0.15,0.04,5.04,4.141857223238367,-0.016113020366345765,27.410000000000004,27.465333333333334,27.5618671133822,4.248540792389304,4.197732919602804,4.208541884901262,27.798000000000002,27.645272727272726,27.696694300028543,4.263937975446298,4.24354289968509,4.252418711197809,27.859499999999997,27.837047619047624,27.838280090807526,4.293008271168067,4.282398032877801,4.3103314345605215,27.845000000000002,27.801505376344085,27.934860964731307,4.349779735756107,4.297169252341261,4.367387111875804,28.18,28.130081967213115,27.936682960056935,4.549712821235997,4.443733597663617,4.476491746901617,7.581649492090855
2023-02-23,sz001238,27.65,27.97,28.48,27.6,27405,76754876.31,3.2,1.71,0.47,9.97,4.437829806408219,0.29597258316985187,27.568,27.651999999999997,27.69791140892147,4.239973164106589,4.260829257609109,4.284971192070248,27.778,27.676545454545455,27.746386245477897,4.285192613077676,4.275159596223621,4.286129819417884,27.8975,27.847571428571428,27.85082484406395,4.305247707880816,4.296190560043529,4.3224741366412545,27.830666666666666,27.809569892473117,27.937127999264774,4.3490725454098955,4.3028499020607525,4.371931801845637,28.208833333333335,28.123196721311473,27.93777532202228,4.545995402004256,4.440065302095493,4.475224142295276,7.885105976165539
2023-02-24,sz001238,27.71,28.48,28.62,27.71,39786,112436413.51,3.25,1.82,0.51,14.47,4.599730278295652,0.16190047188743328,27.810000000000002,27.956000000000003,27.95860760594765,4.31142584251865,4.380748295672131,4.389890887478717,27.831,27.804181818181817,27.879770564481916,4.315099572069589,4.33234826262689,4.343148084668387,27.955000000000002,27.90304761904762,27.910746287486432,4.327770186278547,4.3242365191306575,4.348879483465483,27.80733333333333,27.851462365591395,27.97215199931221,4.340286720951908,4.319021368698542,4.386628477745638,28.245333333333335,28.132087431693993,27.95555318031663,4.547179698282497,4.441827101318162,4.479306310688731,8.050906984056907
2023-02-27,sz001238,28.24,28.95,29.21,28.1,60514,174467897.87,3.9,1.65,0.47,22.01,4.781855860923045,0.18212558262739265,28.071999999999996,28.336000000000002,28.289071737298432,4.4238486824939995,4.537558301806929,4.520545878626827,27.895,28.007636363636365,28.07435773457611,4.358712506884475,4.417213042418427,4.422913134896507,28.0205,27.997809523809522,28.009722831535342,4.351850601264995,4.367482773858704,4.390115328937632,27.811666666666667,27.925182795698927,28.035238967098522,4.343202682158327,4.347509700309583,4.412127018595793,28.278000000000002,28.1551912568306,27.98815799407674,4.54812885650051,4.449521401732607,4.4892259680734625,8.241715528369797
2023-02-28,sz001238,28.96,28.76,28.97,28.43,35335,101277212.76,1.87,-0.66,-0.19,12.85,4.548205095650741,-0.2336507652723041,28.332,28.565333333333335,28.446047824865623,4.501895652903205,4.5790104395258435,4.529765617634799,27.946999999999996,28.164909090909095,28.199019964653182,4.386186589187416,4.451666240375929,4.445693491397276,28.076,28.068238095238094,28.081177799960546,4.368031613360956,4.3861832018954425,4.405171497196023,27.819000000000003,27.98636559139785,28.081997743414746,4.342142067507706,4.360735662470384,4.420906249373532,28.322499999999998,28.170994535519124,28.01346428935291,4.548945740849521,4.449523901376876,4.4911597099612415,8.005511740662929
2023-03-01,sz001238,28.7,28.58,28.7,28.19,34134,96933973.6,1.77,-0.63,-0.18,12.41,4.533187184151415,-0.015017911499326075,28.548000000000002,28.648,28.49069854991042,4.5801616450858145,4.589440949941913,4.530906139807004,27.979000000000003,28.279999999999998,28.268289061988966,4.414351218737559,4.478393621278475,4.461601435534392,28.088,28.116238095238103,28.128684676154776,4.366333770308744,4.401912303875486,4.417363467382251,27.853,28.035462365591393,28.114126921258958,4.337830600841898,4.373061153866753,4.428150180649525,28.347666666666665,28.179437158469952,28.0320392306856,4.546705799109742,4.449007227386775,4.49253765993469,7.986476016071484
2023-03-02,sz001238,28.44,28.5,28.72,28.21,25616,72817594.74,1.78,-0.28,-0.08,9.31,4.408511314575224,-0.12467586957619048,28.654000000000003,28.632,28.493799033273614,4.5742979467192155,4.53222417310505,4.490107864729745,28.111,28.374727272727274,28.310418323445518,4.407135555412902,4.477331820521687,4.4519486862690885,28.0985,28.15547619047619,28.164048040330513,4.365728547506217,4.405929212853247,4.416520405210154,27.902333333333335,28.07720430107527,28.13902195859709,4.3380900480698354,4.3776211999140635,4.4268831570318286,28.3815,28.184431693989072,28.047382206728695,4.544321454791424,4.444476260680726,4.489782697791757,7.862236329522431
2023-03-03,sz001238,28.7,28.18,28.98,28.0,23111,65437282.7,3.44,-1.12,-0.32,8.4,4.363818737564178,-0.04469257701104645,28.594,28.474,28.389199355515743,4.527115638572921,4.462064436720037,4.4480114890078895,28.201999999999998,28.387272727272727,28.28670590100088,4.419270740545786,4.469456035458282,4.435925059231832,28.103499999999997,28.163238095238093,28.16556727458475,4.36748725513723,4.4057473261921,4.41150119876768,27.930666666666664,28.095118279569892,28.14166570320373,4.340065500984626,4.379281115365313,4.422814484808109,28.398,28.17782513661202,28.051730331098245,4.5385587055299785,4.438558138804423,4.485652731882656,7.815825256847596
2023-03-06,sz001238,28.1,27.86,28.14,27.47,23819,66006271.57,2.38,-1.14,-0.32,8.66,4.37692352441803,0.013104786853851635,28.375999999999998,28.229333333333333,28.21279957034383,4.4461291712719175,4.412000398668407,4.42431550081127,28.224,28.325090909090903,28.20912300990981,4.4349889268829585,4.4617565416168725,4.425197507447504,28.0965,28.140047619047618,28.1364656293862,4.380771986446424,4.406646018504557,4.408208086924856,27.94633333333333,28.09055913978494,28.123493722351878,4.343470247711697,4.381659052361015,4.419853777686169,28.406666666666663,28.160185792349726,28.045444090734364,4.53610559104536,4.4332586246696035,4.482087839834635,7.819585201887983
2023-03-07,sz001238,27.98,26.84,27.98,26.68,31541,85506227.23,4.67,-3.66,-1.02,11.47,4.4988754584157515,0.12195193399772197,27.992,27.717333333333332,27.755199713562554,4.43626324382492,4.429582494383018,4.449168820012764,28.162,28.073454545454545,27.96019155356257,4.469079448364062,4.473372274622835,4.43859349853264,28.008499999999998,28.02038095238095,28.012992712301802,4.376441030901284,4.417893968215921,4.416843074685893,27.944000000000003,28.019182795698924,28.040687675748533,4.35022009786651,4.391685194987083,4.424951950636465,28.392333333333333,28.108819672131148,28.005921333661103,4.532076199172097,4.432037964583388,4.482638253558606,7.931997744589512
2023-03-08,sz001238,26.69,26.93,26.95,26.66,10774,28918772.14,1.08,0.34,0.09,3.92,4.032376971209936,-0.46649848720581577,27.662,27.363333333333337,27.48013314237504,4.336101201236624,4.294953736844691,4.310238203745154,28.105,27.84945454545454,27.772883998369373,4.458131423161219,4.393971824231175,4.364735948110329,27.951500000000003,27.917666666666666,27.90985054922544,4.361034699303759,4.385125962531031,4.380227255307231,27.941333333333333,27.953763440860214,27.969030406345404,4.348049321832451,4.371179186815692,4.3996245326089465,28.385833333333334,28.06087431693989,27.970645224360737,4.5229066161341365,4.415654383338726,4.467875588563567,7.461179849336772
2023-03-09,sz001238,26.95,26.6,27.05,26.46,13614,36294299.0,2.19,-1.23,-0.33,4.95,4.133985746268579,0.10160877505864363,27.282,27.009333333333334,27.186755428250027,4.281196087575294,4.2275819185220085,4.251487384586296,27.968,27.575818181818182,27.559632362302214,4.427747017147255,4.335036246614331,4.322781365957284,27.872999999999998,27.78895238095238,27.785102877870635,4.356469815112465,4.363502252718157,4.356775683017836,27.921,27.867225806451614,27.88070586400054,4.346080810969629,4.357368633553507,4.382486546393439,28.380499999999998,28.002322404371586,27.92570603667678,4.516523301246394,4.402902879408708,4.456928380619469,7.5598384127141935
2023-03-10,sz001238,26.6,25.82,26.71,25.8,16966,44364887.0,3.42,-2.93,-0.78,6.17,4.229579462665645,0.09559371639706526,26.810000000000002,26.522000000000002,26.73117028550002,4.2543482325955875,4.210376376885459,4.244184743946079,27.701999999999998,27.18527272727273,27.243335569156354,4.390731935584254,4.29900578216313,4.305835565358804,27.7665,27.593428571428568,27.597950222835337,4.352915753826922,4.351417457247031,4.344661757270008,27.87066666666667,27.731677419354845,27.74775709858115,4.348757436047117,4.349852417533895,4.3726215732497105,28.317333333333334,27.91837158469945,27.856666494490653,4.504484210209799,4.393494884701142,4.449474317735737,7.647039379682551
2023-03-13,sz001238,25.77,26.15,26.26,25.26,17271,44327737.03,3.87,1.28,0.33,6.28,4.237317484174796,0.007738021509151594,26.468,26.302,26.537446857000013,4.2264270245469415,4.204699460745195,4.241895657355652,27.422000000000004,26.90309090909091,27.044547283855195,4.33627809790943,4.271112245543228,4.293377732416257,27.658499999999997,27.43947619047619,27.460050201612923,4.347495302396952,4.340408098232543,4.3344384931657025,27.821,27.62066666666667,27.644675995446885,4.346659766813141,4.342662743219551,4.363892277180361,28.2425,27.847311475409835,27.800710215982765,4.487715586004044,4.384735319913109,4.44251835597964,7.646675560749603
2023-03-14,sz001238,25.99,25.5,25.99,25.33,11276,28909254.88,2.52,-2.49,-0.65,4.1,4.052155067199565,-0.18516241697523128,26.2,25.979333333333333,26.19163123800001,4.137082946303704,4.146608808296069,4.178648793970289,27.095999999999997,26.55363636363636,26.76372050497243,4.286673095064312,4.219453512686889,4.249519066013222,27.521499999999996,27.233904761904764,27.273378753840262,4.336429842125863,4.312280456785174,4.307554357359404,27.749333333333333,27.470924731182798,27.50630980219225,4.340912107262074,4.323662440018675,4.343780199117084,28.165166666666668,27.757393442622945,27.725277094147263,4.472055028431951,4.370454647165421,4.429719559626195,7.461036898115672
2023-03-15,sz001238,25.51,25.65,25.93,25.51,8140,20969789.75,1.65,0.59,0.15,2.96,3.910624404889201,-0.14153066231036382,25.944,25.796,26.01108749200001,4.112732433039557,4.071122627824568,4.08930733094326,26.803000000000004,26.290727272727274,26.561225867704714,4.22441681713809,4.151081023564142,4.1879018548997635,27.391,27.055666666666664,27.118771253474524,4.319384017937825,4.271727558000729,4.269751504743194,27.65966666666667,27.335483870967746,27.38654787947017,4.319028119251859,4.295901943091393,4.315834664005608,28.074499999999997,27.674928961748627,27.657235222208005,4.451888380512643,4.352047085737791,4.41270004635613,7.3215940761080445
2023-03-16,sz001238,25.25,24.9,25.6,24.88,12649,31829718.94,2.81,-2.92,-0.75,4.6,4.102056192575189,0.19143178768598768,25.603999999999996,25.448,25.640724994666677,4.106346522300879,4.067563881003112,4.093556951487237,26.443,25.944727272727274,26.259184800849308,4.193771304938087,4.128833637279978,4.172293552658932,27.276999999999997,26.818428571428576,26.90745970552457,4.300453430175494,4.251029669870954,4.253780522631955,27.546666666666667,27.157440860215054,27.22612543563339,4.308409466650174,4.281903754273544,4.302042504558484,27.9745,27.57084699453552,27.56683406738151,4.438517307846498,4.340577177936562,4.40251500196987,7.502832803768788
2023-03-17,sz001238,25.5,25.32,25.5,25.05,10099,25518551.83,1.81,1.69,0.42,3.67,4.0042783722001625,-0.09777782037502636,25.503999999999998,25.35333333333333,25.533816663111118,4.0612863042077825,4.033541164302873,4.063797425058213,26.157,25.740545454545455,26.08842392796761,4.157817268401685,4.094380376782174,4.141745338030065,27.1795,26.63204761904762,26.756273066903184,4.288544004473736,4.2228225214923505,4.230018413067023,27.45466666666667,27.013784946236562,27.103149601076396,4.2975972595587155,4.262282393341285,4.282831915374076,27.906499999999998,27.483814207650273,27.49316737664769,4.424554909116156,4.326339835784224,4.389458063288895,7.406856024669604
2023-03-20,sz001238,25.06,24.67,25.2,24.4,13540,33486217.28,3.16,-2.57,-0.65,4.92,4.1316186643491255,0.12734029214896303,25.208,25.075333333333333,25.245877775407415,4.040146540242648,4.056985284349987,4.08640450482185,25.838,25.470181818181818,25.830528668337138,4.133286782394795,4.089616994227162,4.13990412463353,27.031,26.393047619047614,26.557580393864786,4.284137854638876,4.207877251004293,4.220647008427223,27.343666666666667,26.83412903225807,26.946172207458567,4.298276918429214,4.25157409687615,4.273076221759563,27.833333333333332,27.37769945355191,27.400604511839568,4.416366754773746,4.316735368742682,4.381004312503984,7.524866090889878
2023-03-21,sz001238,24.71,25.32,25.38,24.7,13383,33644470.64,2.76,2.63,0.65,4.87,4.126553477961279,-0.0050651863878465875,25.172,25.112666666666666,25.270585183604943,4.055026222394991,4.085787596922865,4.099787495868327,25.686,25.376,25.73770527409402,4.096054584349348,4.0883927570574325,4.137476734329484,26.924,26.230095238095238,26.439715594449094,4.282567016356705,4.192869215130235,4.211685719811419,27.234333333333332,26.703569892473123,26.8412578714935,4.28297888205064,4.240495165233058,4.263623141514513,27.764833333333332,27.29529508196721,27.332387970467778,4.405937996315431,4.307233294093092,4.372661662191108,7.526913699530147
2023-03-22,sz001238,25.33,25.88,26.2,25.32,19335,49816455.3,3.48,2.21,0.56,7.03,4.286344176409084,0.15979069844780547,25.218,25.348666666666666,25.47372345573663,4.130170176698968,4.162893581594229,4.16197305604858,25.581,25.411272727272728,25.76357704244056,4.121451304869263,4.122990864704658,4.16454354198032,26.843,26.13066666666667,26.386409347358704,4.289791364015241,4.193228944659033,4.218796049011196,27.16133333333333,26.616193548387095,26.77924123462295,4.2811735678255936,4.24071228099812,4.265089014733518,27.69633333333333,27.233497267759564,27.28476869274752,4.3981070266252775,4.303312185243704,4.369831580690057,7.697372821987753
2023-03-23,sz001238,26.21,25.67,26.21,25.56,12613,32499710.21,2.51,-0.81,-0.21,4.59,4.100818395731537,-0.18552578067754766,25.372,25.499333333333333,25.53914897049109,4.129922617330237,4.1531096546050845,4.141588169276233,25.488,25.427454545454548,25.746563034724094,4.118134569815558,4.119239426679616,4.152957151753268,26.727999999999998,26.018952380952378,26.318179885705494,4.272940793481407,4.175231519108204,4.207560082032181,27.078,26.519978494623654,26.707677284002116,4.27702473334683,4.229076463443664,4.254490910281778,27.636666666666663,27.167060109289615,27.23182545691973,4.3881707695867505,4.29356501701768,4.361011476265188,7.511879488524751
2023-03-24,sz001238,25.65,25.69,25.95,25.52,7561,19441272.4,1.68,0.08,0.02,2.75,3.878579238062219,-0.22223915766931768,25.446,25.605333333333338,25.589432646994062,4.104782790502648,4.069328528182412,4.053918525538228,25.475,25.464181818181817,25.73627884659244,4.083034547355217,4.075683911815373,4.1030702583548955,26.5885,25.92009523809524,26.258353229924015,4.2368832414697355,4.137673275734949,4.1762285730826605,27.002666666666663,26.43043010752688,26.64202068503424,4.262955351669686,4.203370302457559,4.230238544332129,27.617666666666665,27.103234972677594,27.18127380259449,4.372127770667531,4.276857097951301,4.345194025832303,7.28872468539556
2023-03-27,sz001238,25.65,25.72,25.9,25.54,10191,26180099.32,1.4,0.12,0.03,3.71,4.008216801589691,0.12963756352747158,25.656,25.69666666666667,25.632955097996046,4.080102417950762,4.037139865211426,4.038684617555383,25.432000000000002,25.508727272727274,25.733319056302904,4.0601244790967055,4.06208068531255,4.085824175306676,26.427,25.83738095238095,26.207081493740777,4.198201288503068,4.115895519555897,4.160227451988092,26.916333333333334,26.34767741935484,26.582535479548163,4.251705027963537,4.1869355572911084,4.2159145609293915,27.5545,27.041016393442625,27.133363186115982,4.358872627434417,4.264925590768422,4.334145592250577,7.417971289810081
2023-03-28,sz001238,25.75,25.82,26.0,25.35,11657,29918545.81,2.53,0.39,0.1,4.24,4.066586796470695,0.05836999488100414,25.756,25.75133333333333,25.69530339866403,4.068109081652645,4.032634658051403,4.047985343860487,25.464000000000002,25.57927272727273,25.74907922788419,4.061567652023818,4.063255652107821,4.08232647006377,26.28,25.779571428571426,26.17021658957499,4.174120373544065,4.103360806029004,4.151309294319769,26.83566666666667,26.276946236559137,26.53333964215796,4.244809112091848,4.174992445581893,4.206280511609476,27.49833333333333,26.984147540983606,27.090302098046603,4.343960463025929,4.255342448769611,4.32537317271681,7.475940480835454
2023-03-29,sz001238,25.82,25.51,26.0,25.5,6935,17749468.74,1.94,-1.2,-0.31,2.52,3.8410464654093035,-0.22554033106139126,25.682,25.669333333333334,25.633535599109358,3.9790495394526886,3.9569471193036225,3.979005717710093,25.45,25.587636363636367,25.70561027735979,4.054609858075828,4.0231608909051815,4.038457378308412,26.1265,25.706238095238092,26.10733881913928,4.139513337606959,4.071639481444741,4.121760453471153,26.744000000000003,26.19141935483871,26.467317729760673,4.231125964650492,4.148943242570115,4.182717024757852,27.4245,26.918956284153,27.038488914504093,4.326228229515555,4.238853465241196,4.309493608542793,7.249185358701574
2023-03-30,sz001238,25.5,25.19,25.62,24.95,9694,24439845.36,2.63,-1.25,-0.32,3.52,3.9865030153867402,0.14545654997743673,25.586000000000002,25.505333333333333,25.485690399406238,3.9561864633837294,3.9594316112816395,3.9815048169356424,25.479,25.540363636363637,25.61186295420346,4.043054540356984,4.010777828598075,4.029011130504472,25.961000000000002,25.61704761904762,26.01997321731649,4.1184129226475354,4.05706706980472,4.108878792701209,26.677666666666664,26.09116129032259,26.384910134292245,4.214653800235991,4.133161116811164,4.170058056411329,27.346833333333333,26.84569398907104,26.977882720585924,4.311633628082679,4.227714933630416,4.298903753029479,7.388098453636345
2023-03-31,sz001238,25.22,25.3,25.53,25.19,6994,17691345.15,1.35,0.44,0.11,2.54,3.844725627973226,-0.14177738741351442,25.508000000000003,25.41,25.42379359960416,3.949415741365931,3.9222779994781387,3.9359117539481705,25.477,25.507818181818184,25.55516059889374,4.02709926593429,3.974718026346482,3.9955046754987906,25.817,25.554095238095236,25.951404339476824,4.092458267167987,4.031001613169072,4.083721348441402,26.612000000000002,26.002279569892472,26.314915932079845,4.201395758293921,4.109294783116791,4.149068867479839,27.290999999999997,26.77858469945355,26.92287017236999,4.297090095503502,4.212406474610434,4.28401266696206,7.247760855465544
2023-04-03,sz001238,25.3,25.46,25.53,25.21,6724,17105577.97,1.26,0.63,0.16,2.44,3.8276277047674334,-0.017097923205792398,25.456,25.394000000000002,25.43586239973611,3.9132979220014796,3.8816819872786397,3.899817070887925,25.556,25.504727272727276,25.53785867182215,3.9967001699761204,3.9384504697706904,3.964981589911271,25.696999999999996,25.520095238095234,25.904603926193317,4.0649934761854585,4.00577965484521,4.059331477615309,26.53933333333333,25.927956989247313,26.25976006549405,4.188325293084625,4.085180715147342,4.128330727950006,27.234166666666667,26.718551912568305,26.87490721589884,4.282920886066768,4.197014265078104,4.269049225578629,7.233137752881857
2023-04-04,sz001238,25.52,24.79,25.7,24.68,11711,29278382.02,4.01,-2.63,-0.67,4.26,4.068593980976651,0.2409662762092175,25.25,25.172000000000004,25.22057493315741,3.913699358902671,3.933447340270363,3.9560760409175004,25.503,25.365454545454543,25.401884367854485,3.9909042202776575,3.951522071770787,3.9838202064686126,25.5945,25.433714285714284,25.798451171317762,4.043479402313503,4.006122560063418,4.06021362079258,26.450333333333333,25.81509677419355,26.164936835462175,4.185346084330356,4.077456114366181,4.124476744274306,27.163166666666665,26.63841530054645,26.806549602262812,4.274671976638401,4.189987153435806,4.262476922476925,7.466547073096696
2023-04-06,sz001238,24.84,24.46,24.97,24.4,9804,24008785.45,2.3,-1.33,-0.33,3.57,3.99140330258004,-0.07719067839661076,25.040000000000003,24.908666666666665,24.967049955438274,3.943770726336818,3.959348654829486,3.967851794805014,25.361,25.175818181818183,25.230632664608216,3.9614101328947533,3.9516128140075835,3.9851989512161445,25.471,25.325666666666667,25.67097963119226,4.041430718882008,4.001162931517373,4.0536602571532905,26.348999999999997,25.68668817204301,26.05494091059365,4.180330953641746,4.064943676833903,4.115891360939192,27.096999999999998,26.549786885245897,26.729613549729603,4.2650553446989266,4.180699655925696,4.253589262808174,7.380370190639927
2023-04-07,sz001238,24.5,24.51,24.67,24.3,6312,15489534.12,1.51,0.2,0.05,2.3,3.800166990201364,-0.19123631237867622,24.904,24.732000000000003,24.81469997029218,3.9065035212997428,3.9114807427843354,3.911956859937131,25.244999999999997,25.021090909090905,25.09960854377036,3.9313449923417365,3.9222958789724216,3.9515567764861843,25.3665,25.234142857142857,25.560410142507287,4.024739781078647,3.9781854335477886,4.029518041253107,26.23366666666667,25.568043010752685,25.95526730345858,4.15907552643485,4.040416969515169,4.095522046698042,27.032166666666665,26.464967213114754,26.65683933498437,4.254074035922373,4.165457414794628,4.238722958788279,7.190038355644556
2023-04-10,sz001238,24.51,23.84,24.6,23.75,14117,33959734.73,3.47,-2.73,-0.67,5.13,4.149742414713404,0.34957542451203993,24.612000000000002,24.377333333333333,24.48979998019479,3.967506878647778,3.992560373922222,3.991218711529222,25.06,24.765636363636364,24.870588808539384,3.9584613100068546,3.9620045012218155,3.987590528891133,25.267500000000002,25.088761904761906,25.396561557506594,4.020747928681035,3.9900904462749085,4.040967981582659,26.079,25.41361290322581,25.81879844517093,4.144075930982108,4.0398148332750745,4.099020134957097,26.94316666666667,26.360306010928966,26.564483946952095,4.242181325967008,4.16203670590253,4.235805563900579,7.530964289176533
2023-04-11,sz001238,23.84,23.62,24.26,23.55,10130,24037877.39,2.98,-0.92,-0.22,3.68,4.005609445360281,-0.14413296935312303,24.244,24.04666666666667,24.199866653463197,4.003103226766347,4.0052612294930565,3.996015622806242,24.85,24.503818181818183,24.643209025168588,3.9582005743839135,3.9705768894678934,3.990866695521887,25.141,24.93185714285714,25.22736521869644,4.00916252674031,3.9886486859586467,4.037600501942433,25.901333333333334,25.25496774193549,25.676940480966355,4.11820105046335,4.030881511622055,4.092993638854077,26.856499999999997,26.251349726775956,26.467943489674976,4.230701866310839,4.15428025080067,4.228258150177946,7.380896115638962
2023-04-12,sz001238,23.75,23.79,23.91,23.66,7440,17681483.25,1.06,0.72,0.17,2.71,3.8715729355458786,-0.1340365098144023,24.044,23.895333333333333,24.063244435642133,3.963699017680193,3.9614177990862336,3.9545347270527875,24.647,24.31109090909091,24.48808011150157,3.9386991882914315,3.95482640967916,3.9691769209807943,25.055500000000002,24.803190476190476,25.090473293106303,4.000133420157626,3.9755449153687015,4.021788352761809,25.735666666666667,25.118752688172044,25.55520238542014,4.0956466451265205,4.0149700203370555,4.078708432189032,26.77733333333333,26.150808743169403,26.380142063783993,4.218894356317113,4.142505531759195,4.216563552976894,7.247518693950291
2023-04-13,sz001238,23.73,23.53,23.75,23.44,9025,21275488.42,1.3,-1.09,-0.26,3.28,3.9554472105776957,0.0838742750318171,23.857999999999997,23.724,23.88549629042809,3.956507799279725,3.958667196718734,3.954838888227757,24.449,24.107999999999997,24.31388372759219,3.950139262808271,3.957871504640299,3.9666806099984124,24.9495,24.657904761904767,24.941856789000944,4.00237456044205,3.971289085884897,4.015470148744274,25.567333333333334,24.97645161290323,25.42454416700594,4.076388646007397,4.005924895527454,4.070756095310881,26.710166666666666,26.044338797814206,26.286694783004187,4.207109623424648,4.133867920423477,4.208002361422822,7.327879538941163
2023-04-14,sz001238,23.74,23.65,24.1,23.57,9070,21579631.86,2.25,0.51,0.12,3.3,3.957607287060095,0.0021600764823994645,23.686,23.654666666666667,23.80699752695206,3.9879958586514705,3.9590336926455243,3.9557616878385367,24.295,23.962727272727275,24.1931775953027,3.9472496899756067,3.9592293272315393,3.965030914918718,24.887,24.534142857142857,24.818822809096094,3.995152115166295,3.9670255360389977,4.009959400012447,25.405666666666665,24.852752688172046,25.310057446553948,4.061358511756892,3.998261582046983,4.063456172197927,26.654,25.944005464480874,26.20024577372536,4.199724279913364,4.125687515952508,4.199792686853552,7.334044031517683
2023-04-17,sz001238,23.82,23.68,23.82,23.58,6942,16433524.14,1.01,0.13,0.03,2.52,3.841484609335393,-0.11612267772470197,23.654,23.65266666666667,23.764665017968042,3.9263442975758687,3.910196609540165,3.9176693283374893,24.133000000000003,23.85090909090909,24.099872577974935,3.9469255881118235,3.939999312569682,3.9425679502672044,24.805,24.419190476190483,24.710363493944087,3.987012427023057,3.952390535483674,3.9939141818527277,25.255666666666666,24.741419354838715,25.20489245000208,4.043947374149266,3.9840761689875315,4.049135426206796,26.59316666666667,25.84649726775956,26.11761476475076,4.192006437566946,4.1139419529827395,4.188044881033284,7.215730707101262
2023-04-18,sz001238,23.68,22.97,23.71,22.97,15376,35750358.54,3.13,-3.0,-0.71,5.59,4.18684337032447,0.34535876098907714,23.523999999999997,23.424666666666667,23.49977667864536,3.9625910825687063,3.997029633789699,4.007394008999817,23.884,23.639454545454548,23.894441200161307,3.9828471546675273,3.9836207275174362,3.986981663004889,24.72,24.24442857142857,24.544614589758936,3.9897736623218245,3.9714220538933325,4.012288390278608,25.092666666666666,24.593956989247314,25.060705840324527,4.037611369012814,3.9932952655149645,4.0580198096982585,26.5195,25.727704918032785,26.014414280660567,4.190540808362256,4.113772672089543,4.188005487239552,7.553280401694098
2023-04-19,sz001238,23.02,22.63,23.04,22.56,12549,28565967.64,2.09,-1.48,-0.34,4.56,4.098609119300293,-0.08823425102417737,23.292,23.126666666666665,23.20985111909691,4.007998319319589,4.042368979366894,4.037799045766642,23.668,23.411454545454543,23.664542800131976,3.9858486684998917,4.004668357450666,4.007277564149508,24.5855,24.045380952380956,24.362270343115227,3.988376444388775,3.981787335510329,4.020509412090197,24.952333333333332,24.4350752688172,24.90388610869069,4.024269157708966,3.997230604243189,4.0606384748338735,26.448166666666665,25.600180327868863,25.90344987801596,4.187244627787738,4.110758518349805,4.185074458782527,7.45584893988247
2023-04-20,sz001238,22.63,22.48,22.77,22.0,14618,32605786.59,3.4,-0.66,-0.15,5.32,4.164887957547954,0.06627883824766112,23.082,22.856,22.966567412731276,4.049886468713641,4.094665525443015,4.080162016360413,23.47,23.195454545454545,23.449171381926163,4.003197133996683,4.037220955459405,4.035933999312862,24.4155,23.844857142857144,24.183006500913777,3.9823036334457185,3.998597955811203,4.034259749752841,24.804,24.275569892473122,24.747506359742903,4.0286861905869,4.0063027848779615,4.067364247912201,26.372666666666664,25.470076502732244,25.79120561972035,4.188367756209676,4.110025512768175,4.184412606283033,7.513294681696551
2023-04-21,sz001238,22.31,21.61,22.55,21.56,13328,29301024.7,4.4,-3.87,-0.87,4.85,4.124764984062712,-0.040122973485241964,22.674,22.365333333333336,22.514378275154186,4.083318008114165,4.119625030559373,4.095029672261179,23.18,22.857272727272726,23.114776585212315,4.035656933382818,4.059324200925956,4.052085087449198,24.2125,23.57766666666667,23.937958262731513,3.9835009628622773,4.0121657034890115,4.04287929587759,24.637666666666668,24.069505376344086,24.545086594598203,4.028378831846704,4.012501416715112,4.0710675212122345,26.279333333333334,25.313923497267762,25.65411691087706,4.187229821408166,4.107940175976471,4.182456946538104,7.466882808537522
2023-04-24,sz001238,21.6,21.53,21.82,21.34,8944,19263640.61,2.22,-0.37,-0.08,3.25,3.951531790542348,-0.17323319352036393,22.244,21.983999999999998,22.186252183436125,4.105327444355556,4.075696291368767,4.047197045021569,22.949,22.557272727272725,22.826635387900982,4.015835870965712,4.044028720409507,4.033802669829771,24.0045,23.322190476190475,23.70862890437613,3.987148590486284,4.009121020410923,4.03417953346471,24.494666666666667,23.869010752688173,24.350564878817675,4.019110576109261,4.007543543082573,4.063355538588371,26.182666666666666,25.158207650273223,25.51889996297945,4.183934006078188,4.100212371685788,4.174885629948079,7.284738367285901
2023-04-25,sz001238,21.48,20.98,21.53,20.73,12208,25644104.97,3.72,-2.55,-0.55,4.44,4.086644520610805,0.1351127300684567,21.846,21.56266666666667,21.78416812229075,4.085287674412823,4.069468650120516,4.060346203551315,22.685,22.199272727272728,22.490883499191714,4.023939378490764,4.056903020344978,4.043410279062686,23.767500000000002,23.034142857142857,23.448759484911736,3.991069976437339,4.018596823279926,4.039176198907195,24.322333333333333,23.642258064516128,24.133109080184276,4.014088143990461,4.0119005717600915,4.06485805355756,26.07166666666667,24.987628415300545,25.370083570750612,4.180373955401801,4.097022552490136,4.171992478822267,7.408987545929619
2023-04-26,sz001238,20.96,21.39,21.49,20.96,11595,24698591.53,2.53,1.95,0.41,4.22,4.064270752974006,-0.022373767636798547,21.598,21.410666666666668,21.652778748193835,4.078420001147565,4.062463009640912,4.061654386692213,22.445,21.96381818181818,22.290722862975038,4.043209160233577,4.064235997523749,4.047203092501107,23.546,22.807714285714287,23.25268715301538,3.990954174262505,4.025568325807227,4.0415661564373675,24.185333333333332,23.453075268817205,23.95613430081755,4.014492000182943,4.015138159436449,4.064820163197331,25.967333333333332,24.83413114754098,25.239589027447312,4.177702053722508,4.093215890115455,4.168460618958389,7.392672187745907
2023-04-27,sz001238,21.39,21.58,21.76,21.08,9674,20889769.03,3.18,0.89,0.19,3.52,3.9856060830524362,-0.07866466992157006,21.418,21.404666666666667,21.628519165462556,4.042563626248461,4.0315250369425355,4.0363049521456205,22.25,21.806545454545454,22.1615005242523,4.046225047481051,4.053762710763542,4.036003636237711,23.3495,22.620476190476193,23.093383614632963,3.9981821551446615,4.025058983787221,4.036236625638803,24.049666666666667,23.284989247311824,23.80283531366803,4.01699138945505,4.013274551879642,4.059709577381532,25.854666666666667,24.690284153005464,25.119602501957235,4.168009754353455,4.0869176615688945,4.162465388272947,7.319933638182749
2023-04-28,sz001238,21.59,22.11,22.34,21.59,10167,22452683.0,3.48,2.46,0.53,3.7,4.007192823557041,0.02158674050460485,21.518,21.63533333333333,21.78901277697504,4.0190491941473265,4.019734769378728,4.026600909282761,22.095999999999997,21.78109090909091,22.15213679257006,4.051183601130746,4.0466659427773575,4.030765306659408,23.1955,22.502428571428567,22.999728032286967,3.999216645553176,4.025917142683638,4.0334705492500635,23.956666666666667,23.159849462365592,23.69362013214106,4.0138292771544455,4.012642386337835,4.0563213997154355,25.75166666666667,24.567508196721317,25.020927010089785,4.161119371902309,4.081644975313274,4.15737448451177,7.351268244781357
2023-05-04,sz001238,22.48,22.36,22.48,21.94,10387,23052804.0,2.44,1.13,0.25,3.78,4.016490131620828,0.009297308063787035,21.684,21.916,21.979341851316693,4.032040862363023,4.018881748536562,4.023230650062118,21.964,21.829090909090908,22.189930103011868,4.068684153359289,4.0403580392301,4.028169820288757,23.0485,22.422857142857143,22.93880155302154,4.007804870735557,4.027562236594842,4.031853366618708,23.858,23.05683870967742,23.60758012361583,4.014236335801801,4.012814054367925,4.053751640483526,25.656333333333333,24.456306010928962,24.93368350156225,4.155916797680258,4.076903033008964,4.152755325400592,7.362723757823878
2023-05-05,sz001238,22.36,21.9,22.36,21.78,10603,23342924.0,2.59,-2.06,-0.46,3.86,4.025428761407241,0.00893862978641291,21.868000000000002,21.988,21.952894567544462,4.01979771052231,4.016677714884635,4.0239633538438255,21.857,21.817454545454545,22.13721553882789,4.052542692467567,4.032493422511545,4.0276714459466625,22.8705,22.31347619047619,22.839868071781396,4.017694923567547,4.029240702373099,4.031241499455711,23.765666666666668,22.930516129032263,23.497413664027714,4.010696672370405,4.013536146342468,4.051924357962475,25.554666666666666,24.3331475409836,24.834218468724142,4.1544867953998095,4.072624736737717,4.148580683958187,7.368155256059291
2023-05-08,sz001238,21.9,21.79,22.12,21.65,6939,15165328.28,2.15,-0.5,-0.11,2.52,3.841296887490282,-0.18413187391695907,21.948,21.961999999999996,21.898596378362974,3.9752029374255655,3.957177440540625,3.963074531725978,21.773,21.805272727272726,22.07408544085918,4.0268114692865655,3.994085094333858,3.9937851625909566,22.7205,22.21057142857143,22.739880636373645,4.006330068893228,4.012440889413359,4.013151536411384,23.648000000000003,22.80305376344086,23.387257943767864,4.001188119354705,4.002607127963107,4.038335488899754,25.441166666666668,24.209715846994534,24.734408027126626,4.142083500702672,4.062356215166912,4.138505805385468,7.180851815810508
2023-05-09,sz001238,21.68,21.11,21.78,21.08,10573,22559600.68,3.21,-3.12,-0.68,3.84,4.024198232206868,0.18290134471658615,21.854,21.682666666666663,21.63573091890865,3.982921367256452,3.973509205467726,3.983449098552942,21.636000000000003,21.684727272727276,21.898797178884784,4.012742496752457,3.9936099603193678,3.999314811612031,22.553,22.057190476190474,22.584653909099963,4.00796981537457,4.014142619252753,4.014203602677621,23.488999999999997,22.63931182795699,23.240338076428003,3.992449921214631,4.0040916513729226,4.037423407822794,25.325166666666668,24.067710382513656,24.6155749770569,4.136811744520112,4.058491124396559,4.134758016100924,7.3533314080769365
2023-05-10,sz001238,21.11,21.34,21.63,21.0,9513,20368195.86,2.98,1.09,0.23,3.46,3.978317496746751,-0.04588073546011717,21.7,21.511333333333333,21.537153945939103,3.977146301894394,3.9719745819644925,3.981738564617545,21.608999999999998,21.630909090909093,21.797197691814823,3.998097748020861,3.98735086940924,3.9954971180001615,22.3945,21.941666666666663,22.466115441566632,4.016877340701839,4.011318588907247,4.010785878303253,23.34466666666667,22.50066666666667,23.11773561988426,3.988366557915138,4.0031798820524145,4.033610123237243,25.211333333333336,23.937049180327868,24.50817907616979,4.132695645630984,4.053294591682679,4.129628818745049,7.308952562493214
2023-05-11,sz001238,21.6,22.1,22.56,21.35,17146,37684213.77,5.67,3.56,0.76,6.23,4.234162819390716,0.25584532264396476,21.648,21.64466666666667,21.724769297292738,4.020680839448372,4.057646754463266,4.065879982875269,21.666,21.720181818181818,21.8522526569394,4.026360850905697,4.030271791476485,4.038890881889353,22.307499999999997,21.913619047619047,22.43124730427457,4.021098360935705,4.032012444020474,4.0320598726925345,23.225,22.420365591397847,23.052075257311085,4.000219343959421,4.019037705373419,4.046549006860047,25.113833333333332,23.835038251366118,24.429222385147828,4.131587347814554,4.056621384264964,4.133056163028513,7.576159458737105
2023-05-12,sz001238,22.08,22.15,22.58,21.88,12291,27359649.0,3.17,0.23,0.05,4.47,4.089587218672805,-0.14457560071791065,21.698,21.811999999999998,21.866512864861825,4.0335125309014845,4.080615547538077,4.073782394807781,21.782999999999998,21.808181818181815,21.90638853749587,4.026655120711897,4.0417674947068685,4.048108397668162,22.234,21.898619047619043,22.404461846724608,4.025297249601332,4.038535192376387,4.037538667547798,23.106,22.351010752688175,22.993876853613596,4.002931691195525,4.024803374709767,4.049325665686677,25.011166666666668,23.737863387978138,24.354493782356094,4.12731835957953,4.05524433085048,4.131630951738162,7.437110521471289
2023-05-15,sz001238,22.06,22.34,22.36,21.92,9975,22143076.02,1.99,0.86,0.19,3.63,3.998912904358786,-0.09067431431401918,21.808,22.026,22.024341909907886,4.065035734275185,4.069082338690511,4.048825897991449,21.878,21.909454545454544,21.985226985223893,4.020119335850376,4.03672345536994,4.039163762521003,22.1615,21.908714285714286,22.398322623227024,4.0316642480419755,4.036022397591384,4.033860023434559,22.99,22.30159139784946,22.951691250154656,4.000675894791795,4.024544098139655,4.046073229471975,24.91283333333333,23.65028415300546,24.2884448058854,4.122742503441822,4.051034315925211,4.127279540348675,7.345237951037705
2023-05-16,sz001238,22.31,22.38,22.53,22.23,9099,20331892.0,1.34,0.18,0.04,3.31,3.958993665030326,-0.03991923932845998,22.062,22.216666666666665,22.14289460660526,4.051994820839877,4.033734982275558,4.018881820337741,21.958,22.00072727272727,22.057003897001366,4.017458094048164,4.025609697039021,4.024587381159061,22.104,21.929523809523808,22.396577611491118,4.031841570764608,4.029101389685512,4.026729894062727,22.885666666666665,22.26223655913979,22.914807943693067,4.0046074681124955,4.021854922026012,4.040455193056385,24.814833333333336,23.567240437158464,24.225872845036697,4.117866716381494,4.045665501551063,4.121761970666106,7.308177794128806
2023-05-17,sz001238,22.35,22.75,22.98,22.3,12968,29499573.02,3.04,1.65,0.37,4.72,4.112873001840459,0.153879336810133,22.344,22.446,22.345263071070175,4.0789059218586186,4.054027709275752,4.050212214171981,22.022,22.144727272727273,22.18300318845566,4.028026111876506,4.042957862092166,4.0406393121920425,22.059,21.99104761904762,22.430236886587203,4.039604856503626,4.036818668835593,4.034933999565369,22.804333333333332,22.253483870967745,22.904175173132227,4.008819800994286,4.028839795169751,4.045127309752131,24.741,23.499540983606558,24.177483571428933,4.111736800615138,4.045501773205455,4.121470529065265,7.469815729998506
2023-05-18,sz001238,22.88,23.08,23.14,22.55,16148,36991079.43,2.59,1.45,0.33,5.87,4.208118740738277,0.09524573889781784,22.54,22.691333333333333,22.59017538071345,4.073697106128131,4.097098648902305,4.102847723027413,22.094,22.337090909090907,22.346093517827356,4.047188972788251,4.07570197643067,4.0710901173822664,22.029,22.088285714285714,22.492119087864612,4.05793656307377,4.0528676101912735,4.051427784438979,22.73033333333333,22.271268817204295,22.915518710349502,4.0209329047531215,4.041697791282267,4.055642885944787,24.671166666666668,23.445081967213113,24.141500503513228,4.111164331523521,4.048661836816049,4.124311454038151,7.568097004569049
2023-05-19,sz001238,23.07,22.92,23.18,22.75,11335,25995413.04,1.86,-0.69,-0.16,4.12,4.054421524462536,-0.15369721627574062,22.694,22.817999999999998,22.700116920475637,4.066663967286077,4.090673455013774,4.08670565683912,22.195999999999998,22.487272727272728,22.450440150949653,4.050088249093781,4.077016985825994,4.068059464124134,22.026500000000002,22.173142857142857,22.532869650925125,4.051315470780674,4.052532844609251,4.051712902536461,22.645666666666667,22.283505376344085,22.915807825810827,4.028492698742958,4.043858347392552,4.0555640884298025,24.592500000000005,23.387666666666664,24.101451306676726,4.108408995913792,4.046801416912411,4.122019980937311,7.414896722310768
2023-05-22,sz001238,22.73,23.09,23.23,22.7,10335,23768646.0,2.31,0.74,0.17,3.76,4.0143104809633074,-0.04011104349922867,22.844,22.95,22.83007794698376,4.069743482606981,4.073222292906184,4.062573931547183,22.326,22.649818181818183,22.566723759867898,4.067389608441084,4.070511937075,4.0582869217312565,22.049500000000002,22.274428571428572,22.585929684170353,4.047100538863824,4.04900855986474,4.048150767148542,22.589,22.312172043010758,22.927046030597225,4.026683248742513,4.0429433656003155,4.052902565367448,24.51966666666667,23.338404371584698,24.0682889687529,4.106014666536435,4.0437162197009195,4.11848852192177,7.376004442499021
2023-05-23,sz001238,23.25,22.91,23.29,22.85,8875,20446079.92,1.91,-0.78,-0.18,3.23,3.9481683617271317,-0.06614211923617574,22.95,22.972,22.856718631322508,4.067578421946342,4.0326972526129,4.024438741607166,22.505999999999997,22.756,22.6291376217101,4.059786621393109,4.048835346763371,4.03826536536687,22.071,22.356380952380952,22.616793523773175,4.036264559072783,4.039586447756483,4.038628633298884,22.537333333333333,22.332881720430105,22.925946286687726,4.025242084047417,4.037877889018679,4.046145519971299,24.44316666666667,23.28562841530054,24.0303122812528,4.102786518844581,4.038540931018648,4.1129042543744045,7.3106100540398185
2023-05-24,sz001238,22.87,22.95,23.15,22.72,7463,17164243.62,1.88,0.17,0.04,2.71,3.8729134416203954,-0.07525492010673629,22.99,22.971999999999998,22.887812420881673,4.01958650990233,3.967808925837585,3.9739303082782422,22.667,22.836727272727273,22.687476235944626,4.0492462158804745,4.014858404986514,4.0082013792311475,22.137999999999998,22.44009523809524,22.648527473890017,4.023671981950668,4.024029198475304,4.022846234091409,22.485333333333333,22.359505376344085,22.927498139159486,4.027666965761385,4.028050234668548,4.034969256851886,24.3595,23.236672131147543,23.994892206457624,4.093371246098117,4.031004108814575,4.105035703136568,7.234624670045604
2023-05-25,sz001238,23.04,23.24,23.56,22.85,15332,35526023.74,3.09,1.26,0.29,5.58,4.185598810582315,0.31268536896191934,23.022,23.055333333333333,23.005208280587784,4.015082523871137,4.02314635939758,4.044486475712933,22.781,22.94090909090909,22.78793510213651,4.044389814999634,4.0396497858413944,4.0404554576586325,22.2235,22.54504761904762,22.704858190662392,4.035375332952666,4.039450801202128,4.038346479471495,22.465333333333334,22.408193548387096,22.947659549536294,4.028862178957015,4.038239385947318,4.04468729257643,24.272166666666667,23.199967213114757,23.97014164231147,4.0864690549695615,4.034027963387828,4.107677116495444,7.550546601679784
2023-05-26,sz001238,23.24,23.03,23.39,22.74,9689,22270654.5,2.8,-0.9,-0.21,3.52,3.9862789559059912,-0.19931985467632352,23.044,23.058,23.013472187058525,4.0014540101598275,4.013545170075864,4.02508396911062,22.869,22.98618181818182,22.831946901748054,4.034058988722952,4.029084175097096,4.030605184612697,22.326,22.621857142857145,22.735824077265974,4.030357054717425,4.0347749557691115,4.0333876677033516,22.445666666666668,22.44462365591398,22.952971836662986,4.028217829308538,4.035492081234348,4.0409190127912415,24.1735,23.159240437158473,23.939317326170112,4.073209439885944,4.030743042107055,4.103696848935134,7.347732980462938
2023-05-29,sz001238,23.03,22.63,23.15,22.5,7677,17488056.52,2.82,-1.74,-0.4,2.79,3.885191540606848,-0.10108741529914322,22.951999999999998,22.92,22.885648124705686,3.975630222088536,3.974791013558205,3.978453159609363,22.898000000000003,22.94272727272727,22.795229283248407,4.022686852347759,4.0020173663487135,4.0041663402479974,22.387999999999998,22.650809523809528,22.725745593716834,4.021403094099067,4.020949668710961,4.0192737508370175,22.406999999999996,22.456516129032256,22.932134943975054,4.02867178281057,4.026264578737465,4.030872079101926,24.07133333333333,23.108633879781422,23.896388889246502,4.062159213968545,4.024578520819216,4.096532740465354,7.242741548212927
2023-05-30,sz001238,22.43,22.8,23.08,22.43,6807,15542684.2,2.87,0.75,0.17,2.48,3.8329557506045986,-0.05223579000224943,22.93,22.86933333333333,22.85709874980379,3.95258769986403,3.927232856396892,3.9299540232744414,22.94,22.92490909090909,22.79609668629415,4.010083060905186,3.9675208023954114,3.9730371421310156,22.448999999999998,22.69004761904762,22.732817441934277,4.013770577476675,4.003002302663868,4.001529179386311,22.38266666666667,22.481870967741933,22.923610108879892,4.024588734144801,4.013637737949983,4.018103283715003,23.975,23.066950819672126,23.860441712549896,4.050488690076099,4.0170636531679405,4.087890871945329,7.191526022996573
2023-05-31,sz001238,22.88,22.63,23.2,22.6,7579,17281022.06,2.63,-0.75,-0.17,2.76,3.879611907065851,0.04665615646125243,22.865999999999996,22.769333333333332,22.781399166535863,3.9539273929531205,3.902907592130833,3.9131733178715784,22.928,22.868545454545455,22.76589728878612,3.986756951427725,3.9437987744246232,3.956050735755531,22.475,22.707285714285717,22.7230253046072,4.007391531652115,3.9902252864342667,3.989918010593886,22.348666666666666,22.497827956989248,22.904667521210225,4.021988888144993,4.00428439426747,4.009168356189251,23.877166666666668,23.022852459016395,23.820099361318753,4.041673699950943,4.011461135692193,4.081062053424691,7.237569424594944
2023-06-01,sz001238,22.63,22.34,22.77,22.26,10349,23219481.6,2.25,-1.28,-0.29,3.76,4.014898386946205,0.13528647988035436,22.686,22.593999999999998,22.63426611102391,3.9197873082258985,3.923231256795194,3.9470816742297874,22.854,22.761636363636367,22.688461418097734,3.967434916048518,3.948915399064347,3.96675030869929,22.474,22.69442857142857,22.68654670416842,4.007311944418384,3.990940225033703,3.9922970940560116,22.304,22.4972688172043,22.868237358551504,4.027769347398686,4.003826942577226,4.009538035592926,23.779833333333332,22.972453551912565,23.771571513406663,4.035858360773976,4.010583256577284,4.078892752884412,7.3658525194175155
2023-06-02,sz001238,22.28,23.26,23.47,22.28,19763,45648728.0,5.33,4.12,0.92,7.19,4.295852870643949,0.28095448369774356,22.732,22.785333333333334,22.842844074015943,3.98170209117349,4.048586444267878,4.063338739701175,22.887999999999998,22.835454545454542,22.792377523898146,3.9915780506666594,4.008627754445334,4.026587138143773,22.542,22.76928571428571,22.74116130377143,4.02083314988022,4.018420313245662,4.021207168016768,22.313666666666666,22.55894623655914,22.893512367677214,4.0314029974093355,4.02112265375434,4.028009960434928,23.703166666666668,22.95540983606557,23.754798676901526,4.034507183211074,4.019107666736955,4.086006199368331,7.659428680440361
2023-06-05,sz001238,23.26,23.05,23.26,22.82,10685,24553247.0,1.89,-0.9,-0.21,3.89,4.028774526500088,-0.26707834414386067,22.816,22.891333333333332,22.911896049343966,4.010418688352138,4.06427725604341,4.051817335300813,22.884,22.86490909090909,22.83921797409848,3.993024455220337,4.015390750051412,4.026984845117648,22.605,22.817666666666668,22.770574512936058,4.03020703183071,4.019176634828506,4.0219278688247035,22.32766666666667,22.606451612903225,22.903608343956105,4.029075177649329,4.020953074986001,4.028059287277842,23.639999999999997,22.933994535519123,23.73169052356049,4.0266721676791475,4.018919710779219,4.084129751077569,7.390108932749699
2023-06-06,sz001238,23.05,23.18,23.7,22.82,15601,36318421.0,3.82,0.56,0.13,5.67,4.193152436852078,0.16437791035198934,22.892000000000003,23.01266666666667,23.00126403289598,4.082458025601634,4.12518850554339,4.098929035817902,22.911,22.91872727272727,22.90117834244421,4.017522862732832,4.0517776558026375,4.057197134523908,22.708499999999997,22.87242857142857,22.809567416465956,4.03865474206297,4.034695244830541,4.0382349705415965,22.351,22.661440860215055,22.921440063700874,4.030017326959466,4.031538704611985,4.038710458218116,23.577499999999997,22.918912568306013,23.713602309673263,4.029351758773183,4.0243780802602975,4.087704265365257,7.560126958629506
2023-06-07,sz001238,22.99,22.82,23.4,22.64,10613,24309937.94,3.28,-1.55,-0.36,3.86,4.0258381642297,-0.1673142726223773,22.93,22.988666666666667,22.94084268859732,4.111703277034404,4.106315218419412,4.074565411955168,22.898,22.90218181818182,22.88641864381799,4.032815334993762,4.053289528802068,4.051495503561324,22.782500000000002,22.883047619047616,22.81056099585015,4.041030775437118,4.033474618370231,4.037054322321416,22.391333333333332,22.69169892473118,22.91489554346211,4.026719766298366,4.031269081210065,4.0378799876382185,23.514499999999998,22.89407650273224,23.68430387329053,4.027549299072535,4.0242628804392,4.085675868606715,7.385783850149385
2023-06-08,sz001238,22.82,22.81,23.15,22.67,7452,17083944.0,2.1,-0.04,-0.01,2.71,3.872272846224205,-0.15356531800549522,23.024,22.948666666666664,22.89722845906488,4.083178168890004,4.026505074816012,4.007134556711514,22.855,22.886181818181814,22.87252434494199,4.001482738557952,4.024099985389422,4.018909565863666,22.818,22.885666666666665,22.810507567673945,4.022936276778792,4.017402434635667,4.021360848407396,22.434,22.71870967741935,22.9081280890452,4.024077801487761,4.021304763785926,4.027195655934088,23.464333333333336,22.870978142076503,23.655638172526906,4.0215941887985105,4.019171849198271,4.078679048200731,7.232588139169511
2023-06-09,sz001238,22.82,22.73,23.0,22.52,7063,16037080.1,2.1,-0.35,-0.08,2.57,3.8489892062511672,-0.02328363997303784,22.918,22.850666666666665,22.841485639376586,3.993805436011447,3.9484420872697332,3.9544194398913985,22.825,22.863454545454545,22.846610827679807,3.987753763592469,3.99637388860637,3.9880149550250295,22.847,22.877285714285716,22.802840180276426,4.010906376157711,4.000836046966369,4.004944501535375,22.49233333333333,22.7378064516129,22.89663595426809,4.016155957675773,4.010008725383564,4.0156984656319645,23.407333333333334,22.846901639344264,23.625289379985038,4.015122050833117,4.013512669442621,4.071148233710581,7.20512529836878
2023-06-12,sz001238,22.89,23.57,23.97,22.67,20933,48981674.85,5.72,3.7,0.84,7.61,4.320831473445246,0.4718422671940785,23.022,23.067999999999998,23.084323759584393,4.05221682540048,4.057450766414332,4.076556784409348,22.919000000000004,22.99890909090909,22.978136131738022,4.031317756876309,4.056933472215966,4.04852704928325,22.908499999999997,22.946142857142856,22.8759030202501,4.027002304612035,4.030352722898515,4.035028975050601,22.565,22.807333333333336,22.940078795928212,4.02470798169148,4.029665210271918,4.035384466136048,23.375166666666665,22.852234972677593,23.623476613428153,4.019599990937212,4.023535929200395,4.0793345694395855,7.690033631047517
2023-06-13,sz001238,23.57,23.49,23.85,23.44,9741,22972822.2,1.74,-0.34,-0.08,3.54,3.988603543345664,-0.33222793009958185,23.083999999999996,23.224,23.21954917305626,4.011307046699196,4.0362463390627275,4.04723903738812,22.988,23.102727272727275,23.071202289603836,4.046882536150415,4.049167251574031,4.0376318663855075,22.964,23.001523809523807,22.934388446892946,4.028482798527801,4.026695698016003,4.030607505364416,22.628666666666668,22.867010752688177,22.975557583287685,4.024807897034589,4.027335891668962,4.032366342085055,23.339166666666667,22.855999999999998,23.61910033102067,4.020899643244819,4.022519652230181,4.076359781698801,7.361214351337713
2023-06-14,sz001238,23.7,23.2,23.77,23.19,9300,21687905.36,2.47,-1.23,-0.29,3.38,3.9684829485539352,-0.020120594791728674,23.16,23.262666666666668,23.21303278203751,3.999836003564044,4.021971639680974,4.020987007776725,23.045,23.141272727272728,23.09462005513041,4.055769640299224,4.034912781101943,4.025059335870676,22.9865,23.023999999999994,22.959684785284093,4.021263295863474,4.0209814265899215,4.024690880906275,22.665,22.903870967741934,22.99003773920461,4.023517567867819,4.023702024025048,4.028244832824983,23.310833333333335,22.85143715846995,23.605359336560976,4.0186734225111325,4.020801072076381,4.072822836349789,7.336217609435974
2023-06-15,sz001238,23.25,23.14,23.25,23.0,6287,14528078.34,1.08,-0.26,-0.06,2.29,3.7984434603501875,-0.1700394882037477,23.226,23.255999999999997,23.18868852135834,3.98507012638924,3.9548407919430217,3.9468058253012126,23.125,23.158545454545454,23.102870954197606,4.034124147639622,3.9881262029293914,3.983856449412405,22.9895,23.03861904761905,22.976857662876085,4.00077953184407,3.9997604898743706,4.00314350751998,22.690999999999995,22.934516129032254,22.999712723772056,4.01624934549213,4.0091811138626205,4.013418937826609,23.2745,22.845836065573774,23.590101653395042,4.015242840646965,4.013580417579301,4.063826791235048,7.162208173036728
2023-06-16,sz001238,23.14,22.97,23.21,22.83,10097,23200892.0,1.64,-0.73,-0.17,3.67,4.004192356259714,0.20574889590952639,23.273999999999997,23.170666666666662,23.115792347572228,4.016110756390949,3.961214868566513,3.9659346689540467,23.096,23.130363636363636,23.07871259888895,4.004958096201198,3.982684059042135,3.9875538870210065,22.991999999999997,23.036761904761907,22.97620455212598,3.998268073433929,4.000085520771099,4.003243397876146,22.726666666666667,22.952516129032258,22.99779577385128,4.015541465320546,4.008403243589562,4.012823674499713,23.246166666666667,22.83585245901639,23.56977045164438,4.013119068845476,4.013218106615784,4.061871563858808,7.365504682443952
2023-06-19,sz001238,23.36,22.43,23.36,22.22,15976,36105375.8,4.96,-2.35,-0.54,5.81,4.203468051862646,0.1992756956029318,23.046,22.889333333333337,22.887194898381487,3.992638072074429,4.023667300390413,4.045112463256913,23.034,23.009272727272723,22.960764853636412,4.022427448737455,4.018776778253307,4.026811007901304,22.959,22.983238095238097,22.924185070971124,4.007725951978896,4.019628375859548,4.022312412541527,22.747999999999998,22.933376344086017,22.96116378844152,4.0276138374662915,4.020527539495503,4.025123311748935,23.198,22.809092896174867,23.532400928639646,4.014400978410498,4.019459056878643,4.066514071662212,7.557571869674622
2023-06-20,sz001238,22.55,22.38,22.63,22.25,8864,19843482.42,1.69,-0.22,-0.05,3.22,3.9476297473843545,-0.25583830447829126,22.824,22.667333333333332,22.718129932254328,3.984443312882167,4.00866452549372,4.012618224632727,22.954,22.890363636363638,22.85517124388434,3.9978751797906815,4.005177196189107,4.01241441508004,22.932499999999997,22.928095238095242,22.872357921354826,4.0076990212617565,4.013904927802924,4.0151997777646535,22.790333333333333,22.909634408602148,22.923669350477553,4.025061554638874,4.0153672756192496,4.020123726951221,23.139666666666663,22.782273224043724,23.494617291635066,4.008755737926752,4.017269836189261,4.062616224964577,7.297617890755328
2023-06-21,sz001238,22.26,21.88,22.6,21.88,10214,22593086.2,3.22,-2.23,-0.5,3.71,4.009195853519521,0.06156610613516644,22.56,22.352666666666664,22.438753288169554,3.9925858938752845,4.016915372372838,4.011477434261659,22.86,22.695090909090908,22.67786738135991,3.996210948719664,4.007235500503442,4.011829222069037,22.878999999999998,22.827857142857145,22.777847643130556,4.014513141856713,4.0140474832560455,4.014627975455594,22.808333333333334,22.85090322580645,22.85633584399513,4.026090833197967,4.014343681998647,4.019418702858854,23.076500000000003,22.74097267759563,23.441679019778178,4.007228695556552,4.017284266208695,4.060864737376215,7.353975559299403
2023-06-26,sz001238,21.89,21.61,22.01,21.49,6370,13810280.0,2.38,-1.23,-0.27,2.32,3.8041394323353503,-0.20505642118417056,22.253999999999998,22.036,22.16250219211304,3.993725088272317,3.95409988519286,3.9423647669528896,22.740000000000002,22.467818181818178,22.48370967565811,3.9893976073307784,3.9723134066153842,3.974067442117457,22.7975,22.707,22.666624058070504,3.9954401729443654,3.9940118918730585,3.99458144753938,22.791999999999998,22.77359139784946,22.775927079866413,4.0117567202961215,4.0000242367817025,4.005529717663789,23.0085,22.692890710382514,23.381623969949388,4.005988032127771,4.010625601840787,4.052447514260121,7.140202483880746
2023-06-27,sz001238,21.6,22.57,22.59,21.48,13818,30852609.4,5.14,4.44,0.96,5.02,4.140445188347875,0.33630575601252444,22.174,22.141333333333332,22.298334794742026,4.020975654689949,4.0030065852180465,4.008391574084552,22.724,22.43690909090909,22.49939882553845,4.018543205540449,3.999776603163948,4.004317941432078,22.7745,22.685333333333332,22.657421766825696,4.003148484566459,4.007821893340059,4.008473232378284,22.805999999999997,22.759268817204305,22.762641461810517,4.013451985951956,4.008326718591493,4.014233941578891,22.956,22.67851366120218,23.35501334798383,4.008191838573741,4.015034033192267,4.055332683902342,7.489291900949382
2023-06-28,sz001238,22.59,22.49,22.62,22.11,8845,19800142.2,2.26,-0.35,-0.08,3.22,3.946697837245742,-0.19374735110213281,22.186,22.246666666666666,22.362223196494686,3.9696216117665686,3.9782473127366433,3.987826995138282,22.615999999999996,22.394363636363636,22.49768994816782,3.981129841920499,3.9867138089285468,3.9938415588527443,22.767500000000002,22.658238095238097,22.64147683665182,4.006223799398404,4.002445641214277,4.002589861413281,22.811,22.738881720430108,22.745051690080807,4.011711483714856,4.004019999320125,4.009876773557398,22.9005,22.663234972677593,23.32665225460731,4.006193689253325,4.013017836427414,4.0517708856513055,7.296668309274337
2023-06-29,sz001238,22.49,22.65,22.77,22.35,5661,12814852.1,1.87,0.71,0.16,2.06,3.752893154884594,-0.19380468236114812,22.24,22.401333333333334,22.458148797663124,3.930674293266616,3.9060044937759852,3.9095157150537196,22.532,22.400545454545455,22.525382684864578,3.9575588030743925,3.9452162294674724,3.950032758131262,22.759999999999998,22.647047619047616,22.642288566494503,4.002220669612404,3.9783189131653427,3.978809222696263,22.82,22.728494623655912,22.73891932297882,4.004841466709998,3.987322042621398,3.993297185255927,22.852833333333333,22.65502185792349,23.30446693478412,4.004724467411247,4.004712900874341,4.041971615790102,7.107713598228064
2023-06-30,sz001238,23.02,23.63,24.17,22.75,32620,76892200.72,6.27,4.33,0.98,11.86,4.513483956704257,0.7605908018196632,22.59,22.864666666666665,22.84876586510875,4.031531913903564,4.100274381588533,4.110838462270566,22.574999999999996,22.600181818181817,22.726222196707383,4.012058903889423,4.046293530127448,4.052478430599079,22.81,22.729904761904766,22.736356322066456,4.033914272094323,4.027010654793137,4.0297306259351195,22.849333333333334,22.78075268817204,22.79640839891567,4.018195165205458,4.020137687137157,4.026857622123562,22.826833333333337,22.680502732240438,23.3151401500371,4.013507483099872,4.021393539867555,4.05743103680368,7.885882290958201
2023-07-03,sz001238,23.7,23.42,23.85,23.37,15972,37449762.82,2.03,-0.89,-0.21,5.81,4.2033593015223,-0.31012465518195675,22.952,23.141333333333332,23.039177243405835,4.111375887740953,4.157550177461444,4.141678742021145,22.603,22.753818181818183,22.852363615487857,4.052550488006635,4.081075420606154,4.079911316221483,22.863999999999997,22.787999999999997,22.801465243774416,4.043337317823129,4.0431482766434215,4.046266690276756,22.860666666666663,22.81756989247312,22.836640115114662,4.018036517231592,4.032083760447922,4.038244827246062,22.7955,22.69995081967213,23.318578177904733,4.019484710992357,4.027618189651896,4.062215570073143,7.573449071533712
2023-07-04,sz001238,23.42,23.44,23.75,23.26,8912,20785411.63,2.09,0.09,0.02,3.24,3.9499751778296535,-0.25338412369264685,23.125999999999998,23.304,23.172784828937225,4.073281885637309,4.103749940824345,4.077777553957315,22.65,22.906000000000002,22.959206594490063,4.04712877016363,4.0624253642103385,4.056286563786604,22.872999999999998,22.84285714285715,22.862278077700665,4.026043433182414,4.03425664426309,4.037096070043699,22.878,22.854946236559137,22.875566559300815,4.014554972343829,4.0276927062929575,4.03255001115468,22.761833333333335,22.72108196721312,23.322559221252117,4.021523835543394,4.025339188564595,4.0585355572127,7.317758629605641
2023-07-05,sz001238,23.27,23.1,23.4,23.05,7925,18289235.92,1.49,-1.45,-0.34,2.88,3.898999270889789,-0.05097590693986431,23.248,23.295333333333335,23.148523219291484,4.063742172366119,4.045655735908505,4.0181847929348065,22.717,22.98781818181818,22.98480539549187,4.016681892066344,4.035492727978731,4.027688874169002,22.8755,22.86447619047619,22.884918260776793,4.019554670401899,4.02215720023522,4.023943993933803,22.878333333333334,22.869268817204304,22.89004613612012,4.010711265341379,4.020237499747535,4.0239338343633975,22.733666666666668,22.732169398907104,23.315262197604504,4.018697257041946,4.021321989723492,4.053304859300473,7.262195562083345
2023-07-06,sz001238,23.09,23.18,23.21,22.95,5127,11787639.98,1.13,0.35,0.08,1.86,3.709863317440399,-0.18913595344938994,23.354,23.27266666666667,23.159015479527657,4.05513620487728,3.927696117599931,3.915410967770004,22.797,23.072,23.020295323584254,3.9929052490719483,3.9797075325921956,3.9699024093092556,22.8755,22.893476190476193,22.913021283559956,3.9953902144313154,3.992662785667459,3.9940315485534787,22.887333333333334,22.888731182795695,22.908752837015598,4.002767763865154,4.000827954721665,4.003671220368365,22.712333333333333,22.746803278688525,23.310827371453538,4.014004923956285,4.011196286785737,4.042044480878832,7.071426863088385
2023-07-07,sz001238,23.12,23.17,23.32,22.93,6388,14709659.56,1.68,-0.04,-0.01,2.32,3.8053649074664455,0.0955015900260463,23.262,23.211333333333336,23.162676986351773,3.9135123950297173,3.8444390184629866,3.8787289476688183,22.926,23.13981818181818,23.047514355659843,3.9725221544666405,3.9456092886639222,3.9399864998832896,22.892999999999997,22.92152380952381,22.937495447030436,3.984366551593152,3.974565137385091,3.9760632970213803,22.89466666666667,22.90696774193548,22.925607492692013,4.000516146060022,3.9880922865669106,3.9908772646972737,22.69,22.761808743169404,23.306210080586208,4.014091555910704,4.004355630507382,4.034284494865311,7.167602621543007
2023-07-10,sz001238,23.16,23.33,23.6,23.1,7229,16786172.02,2.16,0.69,0.16,2.63,3.8590782247469693,0.053713317280523754,23.244,23.233999999999998,23.218451324234515,3.8446561796746517,3.8262942950354035,3.8721787066948687,23.098,23.213272727272727,23.098875381903508,3.978016033707803,3.9249831196239824,3.9252759044039585,22.919,22.96314285714286,22.974876833027537,3.98370682051929,3.962632915780692,3.9649218615666744,22.897666666666666,22.935053763440862,22.951697331873174,3.9896321265321775,3.978967259385423,3.9823741008295124,22.681499999999996,22.782792349726773,23.306990077944036,4.009247152744596,3.999273226206931,4.028540026992578,7.224951669328378
2023-07-11,sz001238,23.35,23.19,23.58,23.1,6001,13901549.75,2.06,-0.6,-0.14,2.18,3.7782236267660965,-0.0808545979808728,23.194,23.216,23.208967549489678,3.81030586946194,3.804150110732552,3.8408603467186118,23.16,23.23,23.11544349428469,3.9417938775496246,3.8886572274527627,3.89853912665162,22.942,22.988952380952377,22.995364753691582,3.980168541545037,3.9430630878041972,3.947141077299953,22.903000000000002,22.953913978494626,22.967071697558776,3.9826969488941812,3.9653280013359984,3.9692031025028403,22.674333333333333,22.79946448087432,23.303154337683576,4.00545738910136,3.9916986843715705,4.0203329319031855,7.143063218265326
2023-07-12,sz001238,23.1,22.95,23.34,22.9,6617,15221480.0,1.9,-1.03,-0.24,2.41,3.8206611346435957,0.042437507877499225,23.164,23.134666666666664,23.12264503299312,3.7946382422127014,3.807601865793104,3.83412727602694,23.206,23.19181818181818,23.0853628589602,3.9291902072894103,3.866633092378939,3.8843794917410697,22.911,22.989714285714285,22.991044300959054,3.9551600246049547,3.9278719061945377,3.9350953684755376,22.913666666666664,22.95694623655914,22.965970297716275,3.9805459353620725,3.9548740778359615,3.959619749737728,22.660333333333334,22.808502732240434,23.29157550693985,4.004608859086321,3.985639790782792,4.013786315599592,7.182456881382274
2023-07-13,sz001238,22.94,23.26,23.33,22.94,6642,15351584.01,1.7,1.35,0.31,2.42,3.8222988712623662,0.0016377366187705356,23.18,23.166666666666668,23.168430021995416,3.8171253529770945,3.816822075476326,3.8301844744387488,23.267000000000003,23.201636363636368,23.11711506642198,3.936130778927187,3.8471983040103863,3.8730921061994867,22.8995,23.02295238095238,23.016659129439144,3.9468447910007898,3.915218463019052,3.924352844931426,22.928999999999995,22.979290322580642,22.98493995592813,3.980190706050665,3.9446645898295283,3.9507603382231884,22.655833333333337,22.828163934426225,23.29054024441723,4.0023897200977325,3.979662414132825,4.007508038736077,7.18615319357934
2023-07-14,sz001238,23.28,23.19,23.35,23.04,5611,12926756.97,1.33,-0.3,-0.07,2.04,3.749040268703457,-0.07325860255890904,23.184,23.17,23.175620014663615,3.805860425224497,3.794127047385113,3.8031364058603185,23.223000000000003,23.187636363636365,23.130366872527077,3.8596864101271073,3.8131818476060713,3.8505372266547537,22.899,23.050619047619048,23.033167783778275,3.935872657008266,3.896379937085973,3.907656409100191,22.947666666666667,22.996129032258064,22.998169636190834,3.975838318105252,3.929751658387773,3.9377461401896574,22.648166666666665,22.845677595628416,23.287243842960926,3.9989136031251222,3.9713558747428497,3.9990336856202533,7.1114895839143895
2023-07-17,sz001238,23.11,23.24,23.3,22.88,5189,11921683.68,1.81,0.22,0.05,1.89,3.715083670694927,-0.033956598008530126,23.166,23.188666666666666,23.197080009775746,3.7770615144140884,3.76386812920859,3.773785494138522,23.205000000000002,23.19072727272727,23.150300168431244,3.81085884704437,3.7868904404365837,3.82590930738933,22.904,23.083095238095236,23.052866090085104,3.9317046675255027,3.8753524145799405,3.8893161482996894,22.977666666666668,23.01498924731183,23.013771595146267,3.9658444942302093,3.912928777909688,3.9233808195770945,22.64083333333333,22.865081967213115,23.285694864503192,3.9968069208144477,3.9620499753189087,3.9897238490653244,7.076337594439188
2023-07-18,sz001238,23.31,24.15,24.49,23.12,32478,77644415.39,5.9,3.92,0.91,11.81,4.511589277474705,0.7965056067797782,23.358,23.516666666666666,23.514720006517166,3.92373464455581,4.008710716895462,4.019720088583917,23.276,23.362545454545455,23.332063774171015,3.8670202570088748,3.914295973242099,3.9505783928593985,22.963,23.20176190476191,23.157355033886525,3.957074513586252,3.9305795202893883,3.948580255840167,23.007333333333335,23.090623655913973,23.08707665352393,3.9730357077912344,3.948138118764171,3.961329752344682,22.6605,22.914562841530053,23.31403273779817,4.002219352600285,3.9789280853733433,4.006834190980386,7.890110224359139
2023-07-19,sz001238,24.63,24.83,25.59,24.2,59748,147947667.82,5.76,2.82,0.68,21.73,4.776323372323084,0.26473409484837873,23.734,24.007333333333335,23.953146671011446,4.114867092091709,4.2929069594845535,4.27192118316364,23.449,23.645090909090904,23.60441581523083,3.954752667152204,4.079623812390138,4.100713843670977,23.083,23.379571428571435,23.316654554468762,3.985717279609274,4.008603221121468,4.027412933600445,23.066666666666666,23.20821505376344,23.199523321038516,3.997954002652001,3.9999631293791285,4.013909985891676,22.697166666666664,22.985693989071038,23.363736582460522,4.013514590150665,4.004308545036386,4.032063344467032,8.170108123529177
2023-07-20,sz001238,24.47,23.66,24.47,23.62,31396,74935348.56,3.42,-4.71,-1.17,11.42,4.496874320411263,-0.2794490519118211,23.814,23.982666666666667,23.855431114007633,4.249782181921487,4.420242702257738,4.346905562246182,23.497,23.683454545454545,23.614522030643403,4.0334537674492905,4.178191385709966,4.17274302126012,23.147,23.434523809523807,23.349354120709833,4.013179508260619,4.0572848440549905,4.072123541868142,23.082666666666668,23.246494623655913,23.229231493874742,4.008078065437307,4.032151536976501,4.0450689752155204,22.716833333333334,23.017262295081967,23.373450137133947,4.0190476961983865,4.020156405044931,4.04730304859635,7.8746867317599145
2023-07-21,sz001238,23.47,22.91,24.07,22.91,22816,53132606.4,4.9,-3.17,-0.75,8.3,4.3582395081717715,-0.13863481223949137,23.758,23.68133333333333,23.540287409338426,4.37162202981515,4.456395144341167,4.350683544221378,23.471,23.57672727272727,23.486427115980966,4.088741227519824,4.237243338568599,4.206469655244057,23.198500000000003,23.411952380952386,23.30751087111842,4.030631690993232,4.0901477011893865,4.0993726815161065,23.085666666666665,23.23535483870967,23.208635913624757,4.019158110235376,4.0547425977980796,4.065273525728827,22.738500000000002,23.0235956284153,23.358255050670536,4.022938938266871,4.031277448060451,4.057497686615217,7.725361120584565
2023-07-24,sz001238,22.77,22.54,23.09,22.38,12732,28665574.0,3.1,-1.62,-0.37,4.63,4.104896629948965,-0.25334287822280643,23.618000000000002,23.275333333333332,23.206858272892283,4.449584621665958,4.367486677719104,4.26875457279724,23.392,23.40745454545454,23.31434945852988,4.113323068040023,4.240180684464806,4.188001832463131,23.244999999999997,23.3492380952381,23.234414597678573,4.045669550873912,4.097220552518503,4.099898771843045,23.076666666666668,23.200150537634407,23.16549811274574,4.026912236359534,4.060274115198956,4.067829855033352,22.755333333333333,23.017087431693987,23.33142701622232,4.025495018923648,4.033964585492651,4.0590517503310775,7.457360642518744
2023-07-25,sz001238,22.71,23.54,23.88,22.71,20445,47810187.46,5.19,4.44,1.0,7.43,4.310587114890355,0.20569048494138986,23.496,23.249333333333333,23.317905515261522,4.409384189149088,4.32115417546057,4.282698753494945,23.427,23.434363636363635,23.355376829706266,4.166559416852449,4.276046874801231,4.210290065631717,23.2935,23.377333333333336,23.263517969328234,4.054176647201037,4.122450796710544,4.119964328323741,23.103666666666665,23.23004301075269,23.189659524826663,4.042298833314174,4.0785757202654604,4.083491613733804,22.798000000000002,23.042814207650277,23.338265474706834,4.029227395494973,4.043311867327625,4.067298811464168,7.679520446533773
2023-07-26,sz001238,23.7,23.65,23.95,23.5,14608,34540021.0,1.91,0.47,0.11,5.31,4.164590760190224,-0.14599635470013084,23.259999999999998,23.300666666666665,23.428603676841014,4.287037666722516,4.2395563658076165,4.243329422393372,23.496999999999996,23.47490909090909,23.40894467885058,4.200952379407111,4.27568893722628,4.201981101005991,23.351499999999998,23.411285714285714,23.300325781773164,4.065071293348261,4.132966426519039,4.124214464691978,23.106333333333332,23.265290322580647,23.21935891032172,4.0370908095390075,4.086465521999399,4.088723816730992,22.83566666666667,23.07074863387978,23.348486278814807,4.030899395615244,4.047750010432386,4.070488711422399,7.538322597278381
2023-07-27,sz001238,23.55,22.95,23.66,22.8,11363,26230385.7,3.64,-2.96,-0.7,4.13,4.055493006677845,-0.10909775351237894,23.118000000000002,23.197333333333336,23.26906911789401,4.198761403975832,4.162374812459393,4.18071728382153,23.466,23.37545454545454,23.325500191786837,4.22427179294866,4.249241778548233,4.175346902037237,23.3665,23.373047619047618,23.266961421604293,4.080201285937923,4.132054208740906,4.117669563928727,23.08833333333333,23.255204301075274,23.201980916107416,4.039320458316746,4.0876527605244855,4.0865798935017565,22.8585,23.07449726775956,23.33542115491924,4.032064177675667,4.048556358336079,4.069997048971758,7.418804676642589
2023-07-28,sz001238,23.15,23.52,23.8,22.61,14084,32817522.09,5.19,2.48,0.57,5.12,4.148726016398147,0.09323300972030157,23.240000000000002,23.331333333333337,23.352712745262675,4.156858705621107,4.145696349933497,4.170053528013736,23.499,23.385272727272728,23.36086379328014,4.264240367718129,4.235506182811775,4.170506741011948,23.361,23.38766666666666,23.291060333832455,4.061963388922618,4.13858037354664,4.120627321306767,23.099,23.28305376344086,23.22249827635855,4.045328560578221,4.0947111836265115,4.090589320785395,22.881999999999998,23.096185792349726,23.34147292033172,4.034423064223019,4.052381336654849,4.0725783265922955,7.516105786245835
2023-07-31,sz001238,23.52,23.81,23.89,23.42,11687,27641688.44,2.0,1.23,0.29,4.25,4.067703044040066,-0.08102297235808109,23.494,23.521333333333335,23.50514183017512,4.149419988439328,4.1159777960731505,4.135936700022513,23.555999999999997,23.44181818181818,23.442524921774655,4.299502305052643,4.1997721239612185,4.151815159744333,23.3805,23.430428571428568,23.340483159181744,4.055180576048506,4.139127007367349,4.115586913948033,23.121333333333332,23.328924731182795,23.260401613367677,4.054303880034549,4.096154698688566,4.0891127868018255,22.906166666666667,23.126612021857927,23.356834463927402,4.03527661276334,4.0534724835340965,4.072418481262714,7.4415645675653685
2023-08-01,sz001238,23.64,23.69,24.08,23.63,11038,26172118.05,1.89,-0.5,-0.12,4.01,4.042890389729244,-0.024812654310821358,23.524,23.586666666666666,23.566761220116746,4.095880643407105,4.0804679298364555,4.10492126325809,23.509999999999998,23.46618181818182,23.4875203905429,4.252632416278097,4.153115412084237,4.132010656105226,23.393,23.459904761904767,23.37377047735491,4.059826336643487,4.137956513432182,4.108663435451006,23.145333333333333,23.365612903225802,23.288117638311697,4.055593814483533,4.095418344475321,4.086130696668111,22.935999999999996,23.15231147540984,23.3677579241265,4.035567639902039,4.0537221155657654,4.071450347114076,7.417838870526981
2023-08-02,sz001238,23.68,23.39,23.68,23.1,7503,17493906.08,2.45,-1.27,-0.3,2.73,3.8752349464501648,-0.16765544327907955,23.472,23.541999999999998,23.507840813411164,4.038009480659094,4.006919364184143,4.028359157655449,23.366,23.444363636363637,23.469789410444193,4.162523573690804,4.08449769029734,4.08532416344067,23.4075,23.45961904761905,23.37531614617825,4.058638120421505,4.120376381032818,4.086432150784259,23.177333333333333,23.381397849462367,23.294690693904492,4.0446527109697845,4.0837822884731665,4.072524519234695,22.962666666666667,23.167196721311477,23.368487172515795,4.036133274218038,4.048465305944393,4.0650170552890295,7.242886790587249
2023-08-03,sz001238,23.44,23.49,23.68,23.32,5765,13462908.45,1.54,0.43,0.1,2.1,3.7607993116307177,-0.11443563481944707,23.58,23.548000000000002,23.501893875607443,3.979070741649668,3.9145159745080167,3.9391725423138717,23.349,23.466909090909088,23.473464063090702,4.08891607281275,4.011456915377324,4.026319644929769,23.423000000000002,23.46747619047619,23.386238417970798,4.06118492013102,4.0920107801956,4.055419499436303,23.214333333333336,23.40156989247312,23.30729129429775,4.038425029777996,4.065469165935163,4.0524132155183095,23.002333333333336,23.18448633879781,23.372471199646423,4.031743292208435,4.0394379629087425,4.055042703037937,7.129138892528154
2023-08-04,sz001238,23.64,23.34,23.64,23.23,7458,17351488.26,1.75,-0.64,-0.15,2.71,3.8726223790252883,0.1118230673945706,23.544,23.468,23.44792925040496,3.923850014175096,3.879033186966557,3.916989154551011,23.392,23.46527272727273,23.44919786980148,4.040354359898101,3.9721307892341495,3.998374687492591,23.4315,23.459571428571426,23.381834759116437,4.064547793708963,4.074052442947435,4.0380102498733494,23.262999999999998,23.409677419354836,23.309401533375315,4.033872580628189,4.054772220725311,4.0408138067123085,23.035666666666664,23.19555737704918,23.371406570149816,4.029981706913078,4.034220883787984,4.049061708808013,7.239336730734155
2023-08-07,sz001238,23.22,23.04,23.37,22.98,6887,15843367.0,1.67,-1.29,-0.3,2.5,3.8380300829853202,-0.03459229603996805,23.389999999999997,23.3,23.311952833603307,3.877915421964147,3.850426543236632,3.890669464029114,23.442,23.401272727272723,23.3747982571103,4.013667705201737,3.93534455706819,3.9692211230367236,23.416999999999998,23.422285714285717,23.349279067772017,4.063495386620881,4.052479327640421,4.018964519693537,23.31066666666667,23.39529032258065,23.29202078928659,4.035002268983187,4.042137220877384,4.027730985826697,23.051333333333332,23.195699453551914,23.360540780964577,4.023379494639654,4.027927387921499,4.042142639108908,7.199847482438468
2023-08-08,sz001238,23.0,23.08,23.14,22.8,4373,9995796.0,1.48,0.17,0.04,1.59,3.640779477344857,-0.19725060564046304,23.267999999999997,23.196666666666665,23.234635222402204,3.7974932394872694,3.7713812283635355,3.8073728018010287,23.395999999999997,23.335454545454546,23.321198573999332,3.9466869414471875,3.867546697457847,3.9095044601836566,23.411499999999997,23.39019047619048,23.32363344226992,4.056623179149819,4.012220669614134,3.9829468966127104,23.32766666666667,23.380408602150535,23.278342028687455,4.018346745283087,4.016703492384589,4.002766372376255,23.06683333333333,23.196639344262298,23.351342722572294,4.015899365617522,4.015383125059375,4.028983191182218,6.999817384211279
2023-08-09,sz001238,23.1,22.78,23.2,22.76,5407,12328482.0,1.91,-1.3,-0.3,1.97,3.7329563695756245,0.0921768922307673,23.145999999999997,23.034,23.083090148268138,3.769037524112362,3.749868938392987,3.782567324392561,23.309,23.223454545454544,23.22279883327218,3.9035235023857275,3.8286865934811996,3.8774048073458323,23.403,23.330047619047622,23.271858828720404,4.05223794089642,3.9813952591784956,3.959138274990131,23.337333333333333,23.345075268817208,23.246190930062458,4.011222029694083,3.9982912100808807,3.9853592754213762,23.074166666666667,23.187234972677594,23.332610174291236,4.011466756704469,4.006106305517018,4.0192773937524935,7.090909605419009
2023-08-10,sz001238,22.81,23.15,23.15,22.66,5108,11686316.0,2.15,1.62,0.37,1.86,3.708250888591378,-0.02470548098424663,23.078,23.03533333333333,23.105393432178758,3.758527839504494,3.7296067265526593,3.7577951791255,23.329,23.194545454545455,23.209562681768148,3.868799290577081,3.7931824818822273,3.846649549390477,23.3975,23.30595238095238,23.260253225985128,4.04653554176287,3.948634587530397,3.9352442381902497,23.354,23.33298924731183,23.239985063606817,4.009733954150976,3.9787446848484485,3.967481314980731,23.086999999999996,23.189721311475406,23.326622955462014,4.007287710430487,3.996164801644457,4.009079803419342,7.0676776255307106
2023-08-11,sz001238,23.05,22.78,23.3,22.73,8678,19815958.2,2.46,-1.6,-0.37,3.16,3.9384196457931933,0.2301687572018154,22.966,22.935999999999996,22.99692895478584,3.7716872928580747,3.789570661982226,3.8180033346813977,23.255000000000003,23.09472727272727,23.13146037599212,3.847768653516585,3.805840728285156,3.863335021463698,23.377,23.247142857142858,23.214514823510353,4.056004510617357,3.938337835533285,3.9355466579619587,23.325666666666667,23.29595698924731,23.210308607890248,3.990565143787274,3.974143761728591,3.9656063685815353,23.0875,23.179655737704916,23.308700891348508,4.004380154496365,3.993906832312087,4.006763076939795,7.297015077473194
2023-08-14,sz001238,22.8,22.88,22.96,22.23,8255,18515867.8,3.2,0.44,0.1,3.0,3.9167170775988125,-0.021702568194380767,22.934,22.90733333333333,22.957952636523896,3.7874246917807732,3.8379139235624717,3.8509079156538695,23.162,23.026545454545452,23.085740307629916,3.8326700568724603,3.818376805391016,3.8730408498519004,23.358999999999998,23.199809523809524,23.18265626889032,4.066086180962552,3.925072365721995,3.93375336459404,23.307666666666666,23.267204301075267,23.188998375123138,3.981010402989824,3.969379370361594,3.9624522207761985,23.084166666666665,23.17285245901639,23.29464512441905,3.999523460110708,3.991032633069544,4.00381074909255,7.267544071336553
2023-08-15,sz001238,22.73,23.81,24.18,22.69,37506,88439822.98,6.51,4.06,0.93,13.64,4.574100749286447,0.6573836716876342,23.080000000000002,23.199333333333335,23.241968424349267,3.974088946169091,4.100139276064363,4.0919721935313955,23.174,23.144363636363632,23.21742388806084,3.8857910928281805,3.9531823858299227,4.000506286112727,23.342,23.242761904761906,23.242403290900764,4.069211754553138,3.973454705562366,3.9947388298028406,23.32,23.299612903225807,23.229062996082934,4.0018145887050505,4.007643263671054,4.001913416163957,23.098999999999997,23.19665027322404,23.311542005585636,4.00818478052444,4.009871232714651,4.022508781885793,7.946647864629357
2023-08-16,sz001238,23.6,23.75,24.2,23.58,31503,75033564.18,2.6,-0.25,-0.06,11.46,4.498351913199365,-0.07574883608708216,23.274,23.422666666666668,23.411312282899512,4.127168054893839,4.274893598407787,4.227432100087386,23.21,23.24909090909091,23.314255908413415,3.9481027895031007,4.0645570804428655,4.091023672855751,23.288,23.28161904761905,23.290745834624502,4.0553131815969525,4.014325196862007,4.0427019806025095,23.341666666666665,23.327354838709677,23.262671835045325,4.02179301011537,4.039677929767461,4.033941706295273,23.11,23.217994535519125,23.325917677533646,4.016252137728374,4.025942286244976,4.038110196027222,7.875255576424073
2023-08-17,sz001238,23.75,24.28,24.29,23.5,25966,62190304.52,3.33,2.23,0.53,9.44,4.414405052758884,-0.08394686044048072,23.5,23.758,23.700874855266342,4.26839888772734,4.3706392643628025,4.289756417644552,23.289,23.44363636363636,23.489845743247336,4.013463363615917,4.149339310125735,4.149820287383593,23.319,23.37609523809524,23.384960517041215,4.051189718214333,4.048524422686953,4.078102273188831,23.378333333333334,23.387892473118278,23.328305910203692,4.045277734625986,4.065007738970269,4.058487728647765,23.13283333333333,23.256355191256837,23.35719906515549,4.02402274924557,4.038996480180402,4.050447732313506,7.7937226833777915
2023-08-18,sz001238,24.01,24.22,24.58,23.92,25350,61207821.78,2.72,-0.25,-0.06,9.22,4.403977963669354,-0.010427089089529495,23.788,23.998,23.873916570177563,4.3615105513025725,4.415832289676808,4.327830266319486,23.377000000000002,23.612909090909092,23.62260106265691,4.066598922080323,4.220341964680905,4.196030773981004,23.384499999999996,23.46190476190476,23.464488086846814,4.053476640989213,4.082123303206478,4.109138053234595,23.413333333333334,23.4421935483871,23.385834561158294,4.065231503166083,4.08814968923113,4.080777421229803,23.154,23.291999999999998,23.385487620396294,4.032873824613053,4.051454028194298,4.062038887439927,7.7868069244140905
2023-08-21,sz001238,24.23,24.02,24.31,23.75,13621,32572977.78,2.31,-0.83,-0.2,4.95,4.134208992932083,-0.269768970737271,24.016,24.075333333333333,23.922611046785043,4.405008934369226,4.340065103553311,4.263289841857018,23.475,23.729818181818185,23.694855414901106,4.096216813075,4.232634704835771,4.184790450153927,23.4585,23.52242857142857,23.51739398333759,4.054942259138369,4.089812098629608,4.111525761777213,23.436333333333334,23.481333333333332,23.426748460438407,4.074402528772254,4.0925998498611955,4.084224619404145,23.166999999999998,23.32039344262295,23.406291304973465,4.032017327652215,4.0547764927293475,4.0644051204068825,7.512857463026268
2023-08-22,sz001238,23.86,23.3,24.1,22.94,17552,40920296.46,4.83,-3.0,-0.72,6.38,4.244326610230636,0.11011761729855252,23.913999999999998,23.836666666666666,23.71507403119003,4.339054106558065,4.286504328840447,4.256968764648224,23.497,23.698,23.623063521282724,4.156571526363578,4.2595637588640685,4.19561520653151,23.4465,23.50733333333333,23.496689794448297,4.051629233905382,4.107848703495539,4.12417346162992,23.439999999999998,23.472537634408603,23.418571140410126,4.0899392948877376,4.103562693826252,4.094553780102628,23.171499999999998,23.324754098360653,23.402806344154662,4.03631812189096,4.061737452813886,4.0703041856470055,7.611938771434935
2023-08-23,sz001238,23.28,21.8,23.35,21.7,22435,49818062.29,7.08,-6.44,-1.5,8.16,4.350926073869093,0.10659946363845751,23.524,23.132,23.076716020793356,4.30956893869201,4.2904616512774565,4.288287867721848,23.399,23.389454545454548,23.291597426504048,4.218368496792925,4.294900949319617,4.223853546047434,23.354,23.35052380952381,23.335100290215127,4.060945999589326,4.136353164444464,4.145768948509842,23.401666666666667,23.3667311827957,23.314147195867537,4.107614792861922,4.120400550534727,4.111093928087562,23.157666666666668,23.2797868852459,23.35025531647746,4.044080364111997,4.072052467632841,4.079504903293631,7.697386831327216
2023-08-24,sz001238,21.95,21.28,21.95,20.86,18567,39115409.78,5.0,-2.39,-0.52,6.75,4.268741737412476,-0.08218433645661705,22.924,22.384,22.477810680528904,4.280436275622728,4.276852584184279,4.281772490952058,23.212,23.00418181818182,22.925852439866947,4.274417581675034,4.304059720341353,4.2320150353865325,23.270500000000002,23.153000000000006,23.13937645305178,4.071608436126057,4.156143234713336,4.157480642691045,23.33566666666667,23.229849462365593,23.182911892908344,4.122496221733591,4.130795837279924,4.121264754495621,23.132333333333335,23.218224043715846,23.2823780929864,4.0513434638921275,4.07941841429843,4.085709389658183,7.592347884352224
2023-08-25,sz001238,21.07,20.51,21.28,20.47,14314,29479616.62,3.81,-3.62,-0.77,5.21,4.155761012877924,-0.11298072453455266,22.182,21.579333333333338,21.82187378701927,4.230792885464443,4.2352941632693435,4.239768664927347,22.985,22.51290909090909,22.48660654170932,4.296151718383507,4.282485798741878,4.218150667657694,23.119999999999997,22.890095238095235,22.88895964799923,4.071960185950045,4.16415776583256,4.157316868423129,23.246333333333332,23.047548387096775,23.010465964333616,4.1360535798727405,4.132941952837623,4.123490319552544,23.096999999999998,23.13224590163934,23.191480450593403,4.055945948988996,4.082841940494687,4.088006164189977,7.469521831259567
2023-08-28,sz001238,21.54,20.91,21.7,20.84,20514,43548858.98,4.19,1.95,0.4,7.46,4.312050351180238,0.15628933830231428,21.560000000000002,21.155333333333335,21.51791585801285,4.266361157114074,4.262379985174609,4.263862560344977,22.788,22.135636363636365,22.199950806853078,4.33568504574165,4.285376459250376,4.2352233373890655,22.975,22.679619047619045,22.70048730057073,4.0841775513070555,4.187023495854484,4.172053390590472,23.168666666666663,22.896817204301076,22.8749520311508,4.155952469222251,4.144296583244559,4.135655482883363,23.07316666666667,23.06054098360655,23.11667781286903,4.06089848172623,4.0912388061403,4.095351875238838,7.638976780579469
2023-08-29,sz001238,21.0,22.31,22.39,21.0,16351,35583762.76,6.65,6.7,1.4,5.95,4.213544318537667,-0.09850603264257085,21.362000000000002,21.40533333333333,21.781943905341898,4.26020469877548,4.244774372315807,4.247089813075874,22.637999999999998,22.048727272727273,22.21995975106161,4.299629402666772,4.263169054304197,4.231281697597902,22.906,22.616285714285716,22.66329803384971,4.092710247747476,4.199344140352637,4.176004907537824,23.107333333333333,22.841419354838706,22.83850351301204,4.146017637257683,4.148012186426198,4.140680569054609,23.057333333333336,23.03551912568306,23.090229359988076,4.059526672524458,4.096243587675102,4.0992270373142095,7.551251870097016
2023-08-30,sz001238,22.03,22.21,22.57,21.92,15182,33688795.7,2.91,-0.45,-0.1,5.52,4.181328987089734,-0.03221533144793298,21.444,21.688,21.924629270227932,4.226285281419608,4.218482468420558,4.225169537747161,22.484,21.970909090909092,22.218148887232225,4.267927110055809,4.2416598878356435,4.222199386596417,22.847,22.55,22.62012679253069,4.108014949779454,4.207784020289995,4.176511962733244,23.019999999999996,22.783526881720427,22.797954899269328,4.126184491083238,4.150290338028266,4.143303047637521,23.043333333333337,23.007737704918032,23.061369380972074,4.062069246867619,4.100237106185438,4.101918904519964,7.527485486190593
2023-08-31,sz001238,22.21,22.0,22.21,21.9,8463,18567871.84,1.4,-0.95,-0.21,3.08,3.9275243408750287,-0.25380464621470544,21.588,21.873333333333335,21.949752846818622,4.158041802112118,4.118895488239032,4.125954472123118,22.256,21.88290909090909,22.17848545319,4.219239038867424,4.17976847525732,4.168622105556164,22.7725,22.46933333333333,22.561067098003956,4.11635120124167,4.1905944384895735,4.152798855889604,22.964666666666666,22.717720430107526,22.746473938026146,4.10720615843203,4.137473554143865,4.129381840749619,23.023666666666667,22.973530054644815,23.02657038487463,4.057642111934668,4.095825797792239,4.096201049974228,7.268762129851304
2023-09-01,sz001238,22.05,22.75,22.86,21.99,13258,29848226.43,3.95,3.41,0.75,4.82,4.122478014681511,0.19495367380648254,22.036,22.260666666666665,22.216501897879084,4.151385202472836,4.107040892428829,4.124795652975916,22.109,21.972727272727273,22.282397188973636,4.191089043968639,4.162175561768972,4.160232270851681,22.743000000000002,22.467190476190478,22.57906070771787,4.128843983024481,4.1911779445314625,4.149911156726929,22.959333333333333,22.703870967741935,22.746701425895427,4.0993474419823555,4.1384588351922185,4.128936432616193,23.0225,22.96455737704918,23.01750250340333,4.059252776108866,4.097951565095414,4.0970625898006965,7.474918530622914
2023-09-04,sz001238,22.92,23.56,23.64,22.88,18252,42377380.72,3.34,3.56,0.81,6.64,4.261310460100623,0.1388324454191121,22.566000000000003,22.768666666666668,22.664334598586056,4.141237224256914,4.143682644971425,4.170300588684151,22.063,22.236545454545453,22.514688609160245,4.203799190685492,4.1749430919747885,4.178610123442398,22.769,22.544999999999998,22.672483497459023,4.150008001880247,4.203793799491096,4.16052061419109,22.993333333333332,22.742623655913977,22.79917230164411,4.104561236320744,4.148908062167592,4.137476692453898,23.035,22.98218032786885,23.035289306570434,4.065736736340139,4.1045764071935045,4.102447765876104,7.627134110137764
2023-09-05,sz001238,23.5,22.9,23.53,22.71,13614,31387867.34,3.48,-2.8,-0.66,4.95,4.133985746268579,-0.1273247138320439,22.684,22.88,22.742889732390704,4.125325509803096,4.141265485641981,4.158195641212294,22.023000000000003,22.38872727272727,22.584745225676564,4.192765104289288,4.16224973844444,4.170496600319885,22.759999999999998,22.557476190476194,22.694151735796257,4.174668315326432,4.2022678703852225,4.1579934839127555,22.971999999999998,22.73660215053763,22.805677314441265,4.098674524033351,4.150806417648097,4.137251470119362,23.03783333333333,22.977754098360656,23.03085359160091,4.070486678673763,4.106814079650174,4.103481798020119,7.4967618084068075
2023-09-06,sz001238,23.05,22.73,23.27,22.59,8407,19091642.5,2.97,-0.74,-0.17,3.06,3.924641047417163,-0.2093446988514165,22.788,22.895333333333333,22.738593154927138,4.07398792186858,4.07437066484667,4.080344109947251,22.116,22.51727272727273,22.61115518464446,4.150136601644094,4.113499909922235,4.125795590701208,22.7575,22.55461904761905,22.69756585619661,4.18425254921851,4.178455749631959,4.135769442341746,22.941333333333333,22.720989247311827,22.80079490705796,4.090676200274249,4.139578451414795,4.123534668654704,23.023833333333332,22.96766120218579,23.020989539417272,4.063883504906628,4.1020322556745485,4.097618166852809,7.280843293401574
2023-09-07,sz001238,22.73,22.38,23.21,22.38,9174,20732014.0,3.65,-1.54,-0.35,3.34,3.9625587357959637,0.03791768837880083,22.863999999999997,22.759333333333334,22.61906210328476,4.0809948008527686,4.0372276028224645,4.041082318563489,22.226,22.565272727272724,22.569126969254558,4.119518301482443,4.079394843404393,4.096116162536617,22.719,22.518666666666668,22.66732148893979,4.196967941578739,4.157342053115526,4.119273184575481,22.92233333333333,22.684774193548392,22.773646848538093,4.087578391244853,4.131312808545227,4.1131491245993015,23.005333333333333,22.946551912568303,22.999973488944573,4.063449424780799,4.09871013209715,4.093189988785371,7.316641493439763
2023-09-08,sz001238,22.6,21.97,22.83,21.92,7007,15437545.0,4.07,-1.83,-0.41,2.55,3.8455321174935753,-0.11702661830238847,22.708,22.461333333333332,22.40270806885651,4.02560562141518,3.958740041702734,3.975898918206851,22.372,22.518727272727272,22.460194793026456,4.088495411944008,4.029579173588235,4.050555427074246,22.678500000000003,22.447333333333333,22.600909918564575,4.1923235651637585,4.123871974631224,4.093202606758156,22.87066666666667,22.623333333333335,22.721798664761444,4.077471927948034,4.115696919916113,4.095883511237642,22.98483333333333,22.912606557377046,22.966203866356224,4.061400244263127,4.091565302350028,4.085070058579082,7.188578236561519
2023-09-11,sz001238,21.97,21.89,22.01,21.64,8558,18608017.0,1.68,-0.36,-0.08,3.11,3.932372282147914,0.08684016465433864,22.374,22.188666666666666,22.231805379237674,3.959817985824639,3.9276622619469777,3.9613900395205386,22.47,22.43109090909091,22.356523012476192,4.0505276050407755,4.001193149988946,4.0290675825421856,22.629,22.372238095238096,22.533204212034615,4.193106325391213,4.099114709582096,4.077885432985752,22.80666666666667,22.560064516129028,22.668134234776836,4.072960902551629,4.106335652445137,4.085334399683466,22.964,22.876710382513664,22.930918493688807,4.063632391293089,4.087334877362644,4.080063574105929,7.269700094149357
2023-09-12,sz001238,21.85,21.78,21.94,21.55,10178,21975799.52,1.78,-0.5,-0.11,3.7,4.007662446537275,0.07529016438936154,22.15,21.990666666666666,22.081203586158452,3.9345533258783787,3.9436104155178566,3.9768141751927844,22.417,22.305636363636363,22.25170064657143,4.029939417840737,3.993399484806491,4.025175739632202,22.5275,22.291380952380955,22.461470477555128,4.164784410253755,4.081453387786484,4.071197529514469,22.743,22.493827956989247,22.61083525188801,4.071786637778563,4.102122848831309,4.080323305932099,22.944166666666668,22.83789071038252,22.893183461108844,4.063690226131048,4.085499797206715,4.077689766644661,7.341944684465159
2023-09-13,sz001238,21.77,21.89,22.0,21.55,8186,17698712.28,2.07,0.51,0.11,2.98,3.9130717403092508,-0.09459070622802468,21.982,21.904,22.01746905743897,3.9322394644567957,3.936449886994814,3.9555666968982734,22.384999999999998,22.209818181818182,22.18593689264935,4.003113693162688,3.972150816164402,4.004793194300756,22.434500000000003,22.230666666666668,22.407044717787972,4.1355204016092495,4.057480752553673,4.056137930542544,22.692999999999998,22.438795698924732,22.564329751766206,4.073047864240532,4.091883178026837,4.069532882343529,22.935166666666664,22.803327868852456,22.86029220008888,4.058850287605158,4.080561486196164,4.072292454305795,7.2479416691847085
2023-09-14,sz001238,21.89,21.19,21.9,21.03,11191,23692804.7,3.97,-3.2,-0.7,4.07,4.048868895739931,0.13579715543068005,21.744,21.64,21.741646038292647,3.9495014964455892,3.9753263640891925,3.9866674298454927,22.304,21.992545454545457,22.004857457622194,4.015248148649178,3.9804699439057187,4.012806958198788,22.28,22.112142857142857,22.29113569704626,4.117243593758301,4.049228228185166,4.055445641513724,22.616333333333333,22.34182795698925,22.475663316168387,4.08265018371084,4.090323244575184,4.06819972191749,22.915333333333333,22.74610928961749,22.80552852139744,4.060537606744417,4.080234227446486,4.071524468779045,7.374616474552846
2023-09-15,sz001238,21.4,21.3,21.4,21.01,6158,13018018.89,1.84,0.52,0.11,2.24,3.789439684567179,-0.25942921117275164,21.610000000000003,21.492,21.594430692195097,3.93828300986031,3.921972426796389,3.920924848086055,22.159,21.81,21.87670155623634,3.981944315637746,3.9394138595271744,3.9721947266294046,22.134,22.018809523809523,22.196741821137092,4.086516679803192,4.018008808262203,4.030111740852147,22.548333333333332,22.256903225806454,22.399814069963977,4.079877427228903,4.071406438178819,4.050215203378761,22.905666666666665,22.693147540983606,22.75616693053195,4.056875003928545,4.071345770981657,4.062275787329475,7.114544897396125
2023-09-18,sz001238,21.31,22.11,22.25,21.12,13026,28462081.35,5.31,3.8,0.81,4.74,4.114811073838064,0.32537138927088494,21.654000000000003,21.658666666666665,21.766287128130067,3.97477076819834,3.9808151147889737,3.9855535900033914,22.014,21.80109090909091,21.91911945510246,3.96729437701149,3.9635714519272325,3.9981249715764333,22.0385,22.01652380952381,22.18848069531451,4.085546783848491,4.020703512456,4.038178343993663,22.517333333333333,22.228623655913978,22.38111638803082,4.089103460257328,4.073660221831022,4.054382678892264,22.914,22.667060109289615,22.7349811295309,4.062052864620258,4.073245314257378,4.063998255739593,7.454266655613642
2023-09-19,sz001238,22.34,21.51,22.39,21.41,7028,15208387.86,4.43,-2.71,-0.6,2.2,3.8468317528232574,-0.2679793210148067,21.6,21.610666666666667,21.68085808542005,3.9426046294555364,3.938168776330613,3.9393129776100135,21.875000000000004,21.709454545454545,21.844734099629285,3.9385789776669577,3.941669156620281,3.9706171136213104,21.948999999999998,21.966190476190473,22.12386348623694,4.065672040978123,3.9979687475964543,4.019954859120291,22.464999999999996,22.16363440860215,22.32491533073851,4.095971869439941,4.058029789093341,4.040992296565231,22.896333333333338,22.621027322404373,22.694817813808577,4.0571593073615135,4.066188884362396,4.056878042529221,7.182083179824628
2023-09-20,sz001238,21.51,21.45,21.93,21.29,7501,16092932.24,2.98,-0.28,-0.06,2.35,3.8751191654625683,0.028287412639310894,21.512,21.56066666666667,21.603905390280033,3.9350141144862,3.9156736216662904,3.917915040227532,21.747,21.632181818181817,21.772964263333048,3.933626789471498,3.9301310089467556,3.9532538503197205,21.9315,21.918666666666667,22.05968601135723,4.041881695557796,3.979820854690212,4.0061609835338405,22.420666666666666,22.09815053763441,22.26846918036828,4.1007106293028395,4.043781227546414,4.030290804236027,22.879,22.573606557377047,22.654004114995182,4.055966329498461,4.0602203551198075,4.050918735084413,7.2066351826713415
2023-09-21,sz001238,21.7,21.39,21.78,21.21,5667,12070164.02,2.66,-0.28,-0.06,1.77,3.753353212641496,-0.12176595282107217,21.552,21.52,21.532603593520022,3.8759109778665133,3.855119987718055,3.8630610976988535,21.648000000000003,21.567272727272726,21.703334397272492,3.9127062371560513,3.8973539949776645,3.9169082798327706,21.937,21.867095238095235,21.99590639122797,4.0161122693192475,3.952341951555326,3.982084052972665,22.362000000000002,22.031655913978497,22.21179374937678,4.10221404010451,4.021371071632779,4.012423862842832,22.858,22.524786885245902,22.612561357126484,4.055973997127743,4.0502986135835135,4.041162488446941,7.0817131717126705
2023-09-22,sz001238,21.37,21.77,21.85,21.15,6114,13131389.0,3.27,1.78,0.38,1.91,3.78632543439007,0.03297222174857373,21.646,21.592666666666666,21.611735729013347,3.875288127831091,3.8252581398925742,3.8374825432625923,21.628,21.589454545454547,21.715455415950217,3.906785568845701,3.874375667202032,3.893165944297734,22.0,21.85119047619047,21.974391496825305,3.997640490394855,3.9304574910858796,3.963440375012418,22.328333333333333,21.993462365591395,22.183290926836346,4.097144233057739,4.000991161586686,3.997836867458783,22.826999999999998,22.489114754098363,22.584936394597744,4.043854688422506,4.041457677100311,4.032807175199174,7.118310666921926
2023-09-25,sz001238,21.77,21.77,21.89,21.42,4958,10688982.0,2.16,0.0,0.0,1.55,3.6953065224318027,-0.09101891195826717,21.578000000000003,21.634,21.6644904860089,3.791387217549839,3.7652642714261453,3.790090536318996,21.616,21.61527272727273,21.725372613050176,3.883078992874089,3.8359249314904136,3.8571915039584734,22.043,21.829285714285714,21.9549256399848,3.9668032989574327,3.901663779851303,3.9379038176237877,22.291333333333334,21.957440860215055,22.156626996072713,4.089763881218839,3.9750661479979157,3.978318780682849,22.799500000000002,22.454459016393443,22.558217168545358,4.035387142104331,4.030029868379303,4.0217415800264735,7.0289363457293685
2023-09-26,sz001238,21.72,21.73,21.9,21.49,5156,11170642.32,1.88,-0.18,-0.04,1.61,3.7123129086813655,0.017006386249562855,21.622,21.684666666666665,21.6863269906726,3.7644834487214602,3.738906168469987,3.7641646604397865,21.610999999999997,21.636,21.726213956131964,3.8535440390884985,3.804876552546282,3.8308499411808175,22.014,21.79947619047619,21.933504150462436,3.941741728464618,3.8774265998250113,3.916418969153081,22.221999999999998,21.92122580645161,22.129102673745443,4.061037619865336,3.950714472350337,3.961157111521463,22.771,22.419393442622955,22.531062507281575,4.031426104285193,4.0194372705621575,4.011596377687289,7.048078146079922
2023-09-27,sz001238,21.76,21.91,22.4,21.61,7198,15789658.8,3.64,0.83,0.18,2.25,3.8572118423168926,0.14489893363552708,21.714,21.78066666666667,21.760884660448404,3.7609019840923255,3.769815633001798,3.7951803877321555,21.613,21.69036363636363,21.759629600471605,3.847958049289263,3.805543425860536,3.835643014114649,21.999000000000002,21.78957142857143,21.931265659942206,3.925535871225976,3.869376134477609,3.910780195168682,22.160666666666664,21.901096774193544,22.11496701737477,4.039666284169254,3.937564422185921,3.9544509651211683,22.75116666666667,22.39116393442623,22.5106998021248,4.030729647142311,4.013725327546804,4.006534589642358,7.198372745405492
2023-09-28,sz001238,21.9,21.97,22.35,21.87,5791,12751497.36,2.19,0.27,0.06,1.81,3.762753564933374,-0.09445827738351875,21.830000000000002,21.866,21.83058977363227,3.7627820545507005,3.770432826615481,3.7843714467992284,21.691,21.755272727272725,21.797878764022222,3.8193465162086064,3.7900517014321915,3.8223903869907807,21.9975,21.78680952380952,21.934954644709617,3.9172973324288933,3.8538730576878377,3.8966824208605577,22.083666666666666,21.88879569892473,22.1056143065764,4.017944567908403,3.9196990854610254,3.9420833909155046,22.731,22.3655519125683,22.49297193976005,4.031611151267195,4.004939226490772,3.9985417691600964,7.105561185319235
2023-10-09,sz001238,21.96,21.65,22.01,21.45,8610,18593052.3,2.55,-1.46,-0.32,2.69,3.935003151453655,0.1722495865202811,21.806,21.806,21.770393182421515,3.7925175979634176,3.8278398589164655,3.834582015017371,21.726,21.747818181818182,21.77099171601818,3.8339028628972542,3.811080180567656,3.8428654350749394,21.942500000000003,21.753714285714288,21.907816107118222,3.9079235892675,3.8555593261663863,3.9003320142503766,21.997999999999998,21.860817204301068,22.076219835184375,4.00231207416788,3.914348026334914,3.9416266012728047,22.705666666666666,22.330109289617486,22.465333515505623,4.033771788666981,4.001771751087051,3.996458535792672,7.269350690914117
2023-10-10,sz001238,21.88,21.46,21.94,21.4,4433,9527322.9,2.49,-0.88,-0.19,1.39,3.6466977312993345,-0.2883054201543205,21.744,21.69066666666667,21.666928788281012,3.7827958397369246,3.779233236695105,3.7719539204446924,21.661,21.699454545454547,21.714447767651237,3.7870915286433813,3.777042883913488,3.807198579843011,21.8375,21.707761904761906,21.865166954059344,3.8771929528274356,3.830680673026561,3.8761763682550394,21.912666666666667,21.82610752688172,22.036463716785384,3.986061698780121,3.891405165504684,3.9225989322422588,22.674500000000002,22.289267759562843,22.43237176089888,4.030232113776187,3.989080798386472,3.9849909684322347,6.978970884574344
2023-10-11,sz001238,21.46,21.44,21.87,21.35,7806,16727362.3,2.42,-0.09,-0.02,2.44,3.8924285469452298,0.24573081564589527,21.686,21.589333333333332,21.591285858854008,3.818818967389697,3.8157774724312064,3.812112129278205,21.654,21.65927272727273,21.66454817353283,3.791651208055579,3.7961950690592787,3.8226949374979595,21.7645,21.66990476190476,21.82467486319655,3.865115092861268,3.8321316819901603,3.8777241947969623,21.850666666666665,21.795612903225813,21.9979821866702,3.9743317633372746,3.885364316999208,3.920652455771483,22.645333333333333,22.248792349726777,22.39983498185302,4.032135529112506,3.9845626486543093,3.9819561349408574,7.223427463444829
2023-10-12,sz001238,21.55,21.54,21.6,21.18,4996,10621330.46,1.96,0.47,0.1,1.56,3.6986224297020978,-0.19380611724313201,21.612000000000002,21.540666666666663,21.57419057256934,3.7871010848667384,3.775711959868673,3.774282229419503,21.663,21.638545454545454,21.641903051072315,3.774001534479532,3.779280745722282,3.8001362997168937,21.705000000000002,21.648523809523812,21.79756297146354,3.8538141619755146,3.8162752378797626,3.8606668838355467,21.842,21.775569892473122,21.968434948820512,3.952588308531708,3.867576618055002,3.906327937960555,22.62183333333333,22.212551912568312,22.371643670972592,4.0301015506968145,3.9736277929359356,3.972666505260898,7.026178921194195
2023-10-13,sz001238,21.55,21.05,21.55,21.01,6364,13381567.0,2.51,-2.27,-0.49,1.99,3.803730170974544,0.10510774127244638,21.428000000000004,21.35333333333333,21.399460381712895,3.7952964060749723,3.781254988571275,3.7840982099378504,21.629,21.52709090909091,21.534284314513712,3.7790392303128373,3.784685952357738,3.8007897308546483,21.6385,21.586142857142857,21.726366497990824,3.8458727337344434,3.811505333974909,3.8552443397535465,21.834333333333333,21.72447311827957,21.909181081154674,3.937087922983777,3.8579728672448628,3.899708727187264,22.584999999999997,22.161016393442623,22.32831109159644,4.029792072358684,3.9662057804860247,3.9671276090547876,7.126506972894101
2023-10-16,sz001238,21.05,21.1,21.25,20.83,6275,13137788.0,2.0,0.24,0.05,1.96,3.797613730153076,-0.0061164408214682275,21.318,21.244000000000003,21.299640254475264,3.7678185218148563,3.782027429930643,3.788603383342926,21.562,21.430909090909093,21.45532353005667,3.7801680598891374,3.788063134146874,3.800212276181635,21.595,21.534857142857142,21.66671254580122,3.8434768143674183,3.8069092383957304,3.8497557102677873,21.854,21.677096774193554,21.85697585011244,3.925149680226282,3.8489745322235276,3.8931219531850587,22.550166666666662,22.112327868852457,22.28803859679,4.030601630049511,3.9585933758235456,3.961569776959649,7.118522249526486
2023-10-17,sz001238,21.1,21.13,21.4,20.95,4814,10124846.0,2.13,0.14,0.03,1.51,3.682506085939011,-0.11510764421406483,21.252,21.18133333333333,21.243093502983513,3.7749801927427917,3.7535899513053606,3.753237617541621,21.497999999999998,21.352363636363638,21.396173797319094,3.7788880162398586,3.7703064116104867,3.778811150682976,21.557,21.49057142857143,21.615597065248725,3.8309835045569733,3.7915786928311204,3.8338271746174275,21.861333333333334,21.630387096774193,21.810074182363252,3.9041648713849075,3.8333201067856386,3.8795338327175717,22.515,22.065765027322406,22.250070118206718,4.030058670303579,3.947180407164185,3.9524201477458574,7.0053884262710175
2023-10-18,sz001238,21.15,20.68,21.16,20.68,5155,10670213.19,2.27,-2.13,-0.45,1.61,3.7122286696195355,0.029722583680524384,21.1,20.990666666666666,21.055395668655677,3.7389402172776527,3.732672776930942,3.739567968234259,21.393,21.20363636363636,21.265960379624712,3.778879592333675,3.7581865304067916,3.7667052450350775,21.502000000000002,21.40704761904762,21.526492582844085,3.8162118157110863,3.780268708551365,3.8222463646176283,21.807,21.554172043010748,21.737166170597884,3.887454349754303,3.8209371260265828,3.868739951227376,22.45716666666667,22.00560109289618,22.198592409413056,4.016735993505993,3.9367597514040535,3.944545017315486,7.02817309667992
2023-10-19,sz001238,20.67,20.66,21.12,20.49,6434,13356753.82,3.05,-0.1,-0.02,2.01,3.808481056565951,0.09625238694641558,20.924,20.844,20.923597112437122,3.7609119426504236,3.7558530566937085,3.7625389976781562,21.268,21.070363636363634,21.155785765147492,3.774006513758581,3.7635686148126606,3.7743008471315997,21.440499999999997,21.326857142857143,21.443969479716078,3.810982281523921,3.7795324457756374,3.820935382898421,21.755333333333336,21.48017204301075,21.667671578946408,3.8750260854035106,3.8158420748531405,3.8648522806040586,22.387666666666668,21.946677595628415,22.148146756645414,4.000605288243374,3.929931720684706,3.940083903848288,7.125700921510512
2023-10-20,sz001238,20.77,20.56,20.95,20.45,5014,10291051.1,2.42,-0.48,-0.1,1.57,3.7001843296221977,-0.10829672694375336,20.826,20.72266666666667,20.80239807495808,3.7402027743799544,3.735610519017633,3.7417541083261705,21.127000000000002,20.941636363636363,21.047461080575218,3.7677495902274636,3.7501463995151365,3.7608251166753446,21.409,21.243,21.35978191021931,3.793548053218035,3.768980259880235,3.8094352825863993,21.707333333333334,21.403053763440855,21.59620889643374,3.8674480850284163,3.8045619615769266,3.8542285418310356,22.336000000000002,21.886754098360658,22.096076371181628,3.9873271217302233,3.92008185318893,3.9322183440375964,7.012459734686336
2023-10-23,sz001238,20.71,19.99,20.71,19.85,5467,10927603.0,4.18,-2.77,-0.57,1.71,3.7377490738915573,0.03756474426935963,20.604,20.444,20.53159871663872,3.72822984312765,3.734792618854834,3.7404190968479663,20.961000000000002,20.73490909090909,20.85519542956154,3.7480241824712537,3.744691760181335,3.7566294725328375,21.3435,21.107857142857142,21.229326490198424,3.7909635226842537,3.7636660713729513,3.802608024615462,21.615333333333336,21.29225806451613,21.49258251601866,3.854623787002084,3.796194283439065,3.8467137374478435,22.287333333333333,21.809836065573773,22.02702468688059,3.9769856144922198,3.911898966374548,3.925842302393464,7.038524908698256
2023-10-24,sz001238,20.1,20.95,21.03,19.91,8452,17371192.0,5.6,4.8,0.96,2.64,3.926959488380276,0.18921041448871856,20.568,20.55933333333333,20.671065811092483,3.7771205236159036,3.801035833939042,3.802599227358736,20.91,20.73290909090909,20.872432624186715,3.776050358179348,3.7772254521647937,3.7875985663232807,21.2855,21.070380952380955,21.20272396732238,3.7815709434113645,3.7766180681059067,3.814451021164492,21.528333333333332,21.24933333333333,21.457577192404557,3.843478754611406,3.800861102882819,3.851890882669291,22.26083333333333,21.765989071038256,21.99171240206483,3.9740199954660747,3.9102587655184187,3.925878931442212,7.239829620477071
2023-10-25,sz001238,21.1,21.09,21.2,20.83,5279,11070333.74,1.77,0.67,0.14,1.65,3.7225516620009587,-0.2044078263793172,20.65,20.733333333333334,20.810710540728323,3.779185122092188,3.782846213400728,3.7759167055728105,20.875,20.765636363636364,20.91199032888004,3.7590626696849205,3.7674984164959957,3.775771856446495,21.2645,21.051761904761907,21.191988351386918,3.7753569388702495,3.770997184162058,3.8056987012441557,21.468,21.221053763440857,21.43386253483007,3.829764285135819,3.793059354972467,3.8435464168197213,22.220000000000002,21.727601092896176,21.962148061013526,3.964219404584585,3.90201390212612,3.9192124635916787,7.04416071385574
2023-10-26,sz001238,20.7,21.13,21.18,20.7,6006,12527626.0,2.28,0.19,0.04,1.88,3.778585327862962,0.056033665862003534,20.744,20.89333333333333,20.91714036048555,3.7732059763515906,3.7826462819909854,3.7768062463361947,20.834,20.811999999999998,20.95162845090185,3.767058959501007,3.771047990710185,3.776283396704034,21.2485,21.038952380952377,21.186084698873877,3.770530246990269,3.7713046497804115,3.8031164752078515,21.414666666666665,21.199247311827957,21.414258500324905,3.8248957611506786,3.789757486761316,3.839355378822511,22.177999999999997,21.69186338797814,21.934864518029475,3.957785980712464,3.8959275389549193,3.9146017378300813,7.097868779471153
2023-10-27,sz001238,21.13,23.23,23.23,21.13,50122,113973213.99,9.94,9.94,2.1,15.67,4.700028392163175,0.9214430643002132,21.278,21.722,21.688093573657035,3.9731747888597857,4.091587087261514,4.0845469616118555,21.052,21.247636363636367,21.365877823465148,3.8566887816198703,3.9406787966487618,3.944237032242059,21.3405,21.227666666666664,21.38074329898113,3.817864005966353,3.859828282654022,3.8885366577750253,21.442999999999998,21.31636559139785,21.531403113207173,3.849478083029586,3.846217656504057,3.89488267000578,22.182666666666666,21.726355191256832,21.97732797645474,3.9685282371372197,3.920263355723795,3.940353431414773,8.05680279534327
2023-10-30,sz001238,22.96,22.17,22.96,21.6,84315,183908485.35,5.85,-4.56,-1.06,26.37,4.925904844348619,0.22587645218544328,21.714,22.019333333333336,21.84872904910469,4.210805942951199,4.409163772424459,4.364999589190777,21.159,21.45090909090909,21.512081855562393,3.9695178930394244,4.135081717144897,4.122722088988706,21.3605,21.306666666666665,21.45591060384007,3.8748429764642807,3.9653559815475705,3.987333627924891,21.449666666666666,21.3632688172043,21.572602912355098,3.8854905072580874,3.915664544331091,3.961400229640802,22.16016666666667,21.72593989071038,21.98364509198081,3.9814812176030605,3.951652752681546,3.972666592494571,8.264601767604942
2023-10-31,sz001238,21.61,24.38,24.38,21.6,66749,155024122.3,12.54,9.97,2.21,20.87,4.824444763703503,-0.1014600806451158,22.4,22.908,22.69248603273646,4.3903029980158434,4.61371004600856,4.518147980695019,21.484,22.036545454545454,22.033521518187413,4.0837117608158735,4.290522966356548,4.250308029845941,21.491,21.594238095238094,21.734395308236255,3.931299888527865,4.055794246998925,4.067058497999045,21.532666666666668,21.55232258064516,21.753725305106386,3.9152262566432734,3.976242238295313,4.017080522160977,22.169666666666664,21.79872131147541,22.06221410535849,3.9940935795974517,3.9792909017340192,4.0005937456489615,8.190399281181087
2023-11-01,sz001238,24.76,26.81,26.81,23.8,164747,414442225.97,12.35,9.97,2.43,51.52,5.216817514948547,0.3923727512450439,23.544,24.377999999999997,24.064990688490973,4.689156168605361,4.889214884986128,4.751037825446195,22.097,23.00490909090909,22.901972151244248,4.234170645348774,4.4965421943806705,4.426037027137324,21.744999999999997,22.10080952380952,22.217786231261375,4.006525118841226,4.178224497134228,4.17655935675614,21.700333333333333,21.89279569892473,22.079936575744686,3.955531425590316,4.060215867863394,4.094482908792433,22.22166666666667,21.95086338797814,22.217879216658208,4.01365903168444,4.019380211089793,4.040469934806325,8.617463997633681
2023-11-02,sz001238,25.1,29.48,29.48,25.02,201375,548944771.58,16.64,9.96,2.67,62.97,5.304005553427275,0.08718803847872802,25.214,26.35666666666667,25.869993792327314,4.994240213718224,5.094164679926765,4.935360401439889,22.979,24.347272727272724,24.09797721465438,4.383723095034907,4.691057632213125,4.585667668280951,22.1235,22.837476190476195,22.909425637807914,4.078864804396744,4.3017940623329,4.2839351850105345,21.953333333333333,22.394709677419353,22.557360022470835,4.001895886027584,4.147214198691585,4.172516627801132,22.32316666666667,22.18884153005465,22.45598153742351,4.037471875134058,4.061686654425623,4.081897332138159,8.739528653002779
2023-11-03,sz001238,27.76,26.65,31.65,26.54,195793,549474359.89,17.33,-9.6,-2.83,61.23,5.291797160829137,-0.01220839259813733,25.898000000000003,26.835333333333335,26.129995861551546,5.112593967451415,5.193350328963736,5.054172654569639,23.588,25.01472727272727,24.561981357444495,4.542884378155601,4.856162007812076,4.714054848744258,22.357499999999998,23.26857142857143,23.26567081515954,4.155316984191532,4.417311429612175,4.379922039850402,22.13533333333333,22.697720430107527,22.821401311343685,4.043326828197224,4.230433635775556,4.244728275093261,22.375833333333333,22.330704918032787,22.5934903394752,4.062988505954032,4.102812073628741,4.121566178980486,8.739947431758438
2023-11-06,sz001238,25.3,26.05,26.94,24.45,132419,337271630.32,9.34,-2.25,-0.6,41.41,5.121950303858531,-0.1698468569706062,26.674,26.886,26.1033305743677,5.151803059353399,5.1964691077661085,5.076765204332603,24.194,25.462363636363634,24.832530201545495,4.681304501152299,4.961446721576245,4.788217658765035,22.5775,23.620238095238093,23.530845023239586,4.214664341811775,4.509371745770937,4.450591398327367,22.29366666666667,22.950279569892476,23.029698000934417,4.087743848840269,4.3000222471085445,4.301323244691021,22.421,22.4511693989071,22.706818525066176,4.083810638034586,4.137532132576428,4.154365658484684,8.527979811946254
2023-11-07,sz001238,25.93,28.65,28.65,25.6,118436,328712275.7,11.71,9.98,2.6,37.04,5.073483731313829,-0.04846657254470266,27.528,27.544666666666664,26.952220382911804,5.201610852875463,5.170362665086251,5.075671379993012,24.964,26.272545454545455,25.52661561944631,4.795956925445654,5.032752036151067,4.84008421741027,22.937,24.198571428571427,24.018383592454864,4.286003641812501,4.591164068580656,4.509914477659411,22.511666666666667,23.360365591397848,23.39229812990639,4.119699604089461,4.363618368558451,4.351140050279589,22.5145,22.655398907103823,22.9016769340804,4.104401532173394,4.169980430716732,4.184500677265968,8.516815923032713
2023-11-08,sz001238,28.7,27.96,29.65,27.2,180212,506331079.37,8.55,-2.41,-0.69,56.36,5.255783706511332,0.18229997519750363,27.758,27.688666666666666,27.288146921941205,5.209404091188022,5.188420282964874,5.135708822165785,25.651,26.817272727272723,25.96904914318334,4.949280129896691,5.116356905435737,4.915665942701373,23.262999999999998,24.67695238095238,24.393775631268685,4.354171399790806,4.683524074742449,4.580949642311975,22.726666666666667,23.711870967741934,23.686988573138237,4.1666646692123965,4.436914117101797,4.4095041571332505,22.595833333333335,22.833939890710383,23.067523591979402,4.131318269326169,4.207730665940927,4.2196247110117175,8.704434585859351
2023-11-09,sz001238,27.46,26.11,27.46,25.95,103935,274011224.7,5.4,-6.62,-1.85,32.5,5.016761820389091,-0.2390218861222415,27.084000000000003,27.139333333333333,26.89543128129414,5.151955344580385,5.124206192698565,5.096059821573554,26.149,26.900727272727273,25.994676571695457,5.073097779149303,5.128626303707083,4.934047011371867,23.4915,24.948095238095235,24.55722557114786,4.4200783693251555,4.746627924323239,4.622455564033604,22.881999999999998,23.93015053763441,23.843311891000287,4.204719424376615,4.491759094597068,4.448682070891691,22.651333333333334,22.94915846994535,23.167276916832538,4.152715026839727,4.2367616020413505,4.2457603539421225,8.437768353789084
2023-11-10,sz001238,25.6,27.08,27.61,24.88,115913,307579328.02,10.46,3.72,0.97,36.25,5.064132146159061,0.04737032576997002,27.169999999999998,27.137999999999995,26.956954187529426,5.106422341646369,5.09493179322479,5.085417263102057,26.534000000000002,27.069999999999997,26.192008104114464,5.109508154548893,5.126996188617948,4.957698854060447,23.793,25.289857142857137,24.797489802467112,4.483098468084381,4.807966379259801,4.664520000426505,23.071666666666665,24.200989247311828,24.05213047867769,4.2484120554938665,4.54720507664755,4.488388527360554,22.716833333333337,23.09436065573771,23.295562919559337,4.175313047799188,4.266644130543624,4.272592215982022,8.487957143780474
2023-11-13,sz001238,27.87,27.69,28.6,27.1,115574,320827678.72,5.54,2.25,0.61,36.14,5.062860144408534,-0.0012720017505269965,27.498,27.31133333333333,27.201302791686288,5.0946043097563685,5.080411060812179,5.07789822353755,27.086000000000002,27.28018181818182,26.464370267002742,5.123203684554884,5.118514732228792,4.97681908866919,24.1225,25.661,25.07296696413691,4.546360788797154,4.863181777004959,4.702457156996221,23.269000000000002,24.49894623655914,24.28683173811784,4.290963212494481,4.599750114642044,4.525451212331391,22.798666666666666,23.25741530054645,23.43964282383608,4.19405372277611,4.295744035350489,4.298502639864859,8.506271829053574
2023-11-14,sz001238,27.78,28.35,29.78,27.56,109376,308988683.62,8.02,2.38,0.66,34.2,5.038922036704624,-0.023938107703910028,27.438,27.595333333333333,27.584201861124193,5.087691970834529,5.061850303128264,5.064906161259908,27.482999999999997,27.509999999999998,26.807212036638607,5.144651411854996,5.103190796256016,4.988110533766542,24.4835,26.063619047619046,25.385065348504824,4.614181586335436,4.910092372043766,4.734501431254165,23.488333333333333,24.826752688172043,24.548971625981206,4.335750396303576,4.6480055226556,4.558578362290954,22.889833333333335,23.439426229508193,23.600638141087355,4.212757138761207,4.32344463580716,4.322778685662884,8.489942574145273
2023-11-15,sz001238,28.25,27.27,29.61,26.26,109287,299024222.66,11.82,-3.81,-1.08,34.18,5.038568504456152,-0.0003535322484715664,27.3,27.539333333333335,27.47946790741613,5.0442489304234925,5.045475814335472,5.056126942325323,27.528999999999996,27.47127272727273,26.891355302704312,5.126826510805756,5.083902994910773,4.9972847102555615,24.813,26.328999999999997,25.564582934361507,4.680498578077266,4.9505101737695485,4.763460200130544,23.673000000000002,25.070731182795697,24.724521843659836,4.379958916162735,4.6933486264073805,4.589545468237096,22.9475,23.583038251366116,23.72094508728121,4.220498268014036,4.350520418288962,4.346247204311843,8.47570637006852
2023-11-16,sz001238,26.4,29.07,29.99,26.4,176805,508067736.32,13.16,6.6,1.8,55.29,5.24749454258715,0.20892603813099786,27.892000000000003,28.12933333333334,28.009645271610758,5.0903954748631035,5.113224351723358,5.119916142412599,27.488,27.751454545454543,27.287472520394434,5.121175409721745,5.105842637052843,5.042777407043123,25.2335,26.73442857142857,25.898432178708028,4.752449252378326,5.004509789437155,4.809558708935936,23.91166666666667,25.41892473118279,25.00487527310114,4.42630167283841,4.749318666821858,4.63199379561452,23.036166666666666,23.783775956284156,23.896323936878545,4.232983978503833,4.384192427291359,4.37579629737005,8.70592161690778
2023-11-17,sz001238,27.7,27.8,27.98,26.8,131414,357821681.97,4.06,-4.37,-1.27,41.1,5.118641634621529,-0.1288529079656211,28.036,28.098666666666666,27.939763514407172,5.101297372555598,5.122639738309499,5.119491306482242,27.602999999999998,27.808181818181815,27.380659334868174,5.103859857100983,5.105381950670987,5.056570902966469,25.5955,26.97885714285714,26.07953387597393,4.823372117628292,5.039385254412699,4.838995178048849,24.105999999999998,25.66978494623656,25.185205900643002,4.471497941828016,4.793985761130447,4.663390430389166,23.094833333333334,23.93996721311475,24.02431331599728,4.244721254868209,4.413230383229644,4.400151882197967,8.553666652817807
2023-11-20,sz001238,27.11,27.37,27.56,26.66,74798,202770528.38,3.24,-1.55,-0.43,23.39,4.873889985557294,-0.2447516490642352,27.972,27.876666666666665,27.749842342938116,5.06350334078535,5.04683727597673,5.03762419950726,27.734999999999996,27.765818181818183,27.37872127398305,5.07905382527086,5.063569246753953,5.023356190710255,25.964499999999997,27.147857142857145,26.20243541159546,4.880179163211579,5.044196479929747,4.842318493049654,24.296666666666667,25.88036559139785,25.326160358666034,4.50279416963147,4.819946538145239,4.676971046851626,23.147333333333336,24.080136612021853,24.134007961374415,4.252553121899675,4.433858866203058,4.415684279029421,8.307004832850385
2023-11-21,sz001238,27.1,27.52,28.57,26.74,103671,284162533.5,6.69,0.55,0.15,32.42,5.015657287716398,0.1417673021591046,27.806,27.726,27.673228228625412,5.058850390987705,5.030888591620413,5.030301895576972,27.622000000000003,27.726727272727274,27.40440831507704,5.073271180911116,5.052042603562232,5.021956390165917,26.293,27.295999999999996,26.327917753348274,4.934614053178385,5.057099158454015,4.858826949684582,24.49866666666667,26.088322580645162,25.467698400042423,4.548426154845373,4.853034481247493,4.698821772068708,23.20566666666667,24.223502732240433,24.24502409378837,4.267243926812747,4.458878674918359,4.435355525215879,8.453566816143006
2023-11-22,sz001238,27.1,25.93,27.44,25.88,85855,224417383.08,5.67,-5.78,-1.59,26.85,4.933765592556662,-0.0818916951597366,27.538,27.100666666666665,27.092152152416944,5.037889808607806,4.989193658810066,4.998123127903536,27.419,27.419090909090908,27.136334075972123,5.0410693695156485,5.0266779511341495,5.005921699691506,26.535000000000004,27.261428571428574,26.29002082445796,4.9951747497061705,5.057018352680518,4.865963963291446,24.648333333333333,26.180666666666667,25.497524309717107,4.583137389699087,4.877895090132092,4.713979437906641,23.2495,24.312825136612023,24.30026920546744,4.27873457651818,4.480731844287012,4.451696838899183,8.351056493775445
2023-11-23,sz001238,25.57,25.28,25.81,24.98,59733,150727148.15,3.2,-2.51,-0.65,18.68,4.776214327081368,-0.15755126547529397,26.78,26.348000000000003,26.48810143494463,4.94363376550665,4.901968498301254,4.92415352762948,27.336000000000002,27.03018181818182,26.798818789431735,5.017014620184877,4.978522488873371,4.964156722853299,26.7425,27.14190476190476,26.193828364985773,5.045056199667091,5.036164979097204,4.857416378890487,24.773,26.221419354838705,25.48349048328375,4.619057119611729,4.890351666737399,4.717994592046946,23.3075,24.37939890710383,24.332391526599654,4.285822714071719,4.497042655780888,4.4623367565445005,8.178191482108087
2023-11-24,sz001238,25.28,24.49,25.35,24.44,43799,107866144.0,3.6,-3.13,-0.79,13.7,4.641464194991778,-0.13475013208958941,26.118000000000002,25.584666666666667,25.82206762329642,4.848198277580701,4.801245308129629,4.82992375008358,27.076999999999998,26.51272727272727,26.3790335549896,4.974747825068149,4.910240593383717,4.905485354151204,26.805500000000002,26.927380952380954,26.03155899689189,5.042127989808521,4.9977276453186015,4.8368495042334665,24.887666666666668,26.203161290322587,25.419394323071895,4.646981587078971,4.8917972845038555,4.713057147075644,23.361,24.418169398907104,24.33755901753081,4.292034755031373,4.508703032204496,4.468209787313263,8.032885153846662
2023-11-27,sz001238,24.41,23.94,24.6,23.8,37527,89731057.0,3.27,-2.25,-0.55,11.74,4.574343847239564,-0.06712034775221465,25.432,24.858666666666668,25.194711748864282,4.788289049917154,4.709960498015917,4.7447304491355755,26.701999999999998,25.942363636363638,25.935572908627854,4.9258961953512514,4.8374398701421555,4.845277807439996,26.894,26.65447619047619,25.832362901949804,5.024549939953068,4.9531767745977495,4.811848965472143,24.982333333333333,26.142021505376345,25.323949528034998,4.672872590981854,4.8871109787077645,4.704107901924929,23.418166666666664,24.43715300546448,24.32452429564455,4.299011135604067,4.5179590680146005,4.471689592556748,7.952942783615949
2023-11-28,sz001238,23.94,24.29,24.46,23.9,32045,77280114.74,2.34,1.46,0.35,10.02,4.505760275920085,-0.06858357131947823,24.785999999999998,24.478,24.893141165909526,4.686309647557891,4.615784240016894,4.665073724730412,26.296000000000003,25.503818181818183,25.63637783433188,4.872580019272798,4.761051521154672,4.7835473471636485,26.889500000000005,26.406476190476187,25.6854711970022,5.008615715563897,4.903768235166037,4.78269766170528,25.087666666666667,26.097354838709673,25.25724310687145,4.700314397314556,4.876329539026359,4.691311280892359,23.4745,24.46573770491803,24.323392351525055,4.302239634349732,4.52473772835283,4.472806664142431,7.888067758217373
2023-11-29,sz001238,24.29,24.38,24.45,24.09,23694,57303645.9,1.48,0.37,0.09,7.41,4.374638384120188,-0.1311218917998973,24.476,24.342666666666666,24.722094110606353,4.574484205870596,4.511893818870993,4.568261944527004,26.006999999999998,25.155454545454546,25.407945500816993,4.806187007239201,4.670516678399651,4.709200262973928,26.768,26.167476190476194,25.561140606811517,4.9665067590224785,4.843389441695207,4.743834873363842,25.211000000000002,26.05169892473118,25.200646777395875,4.722394721131244,4.855318183336401,4.670880771423187,23.509,24.4954262295082,24.325248339999643,4.304924535442774,4.527111457853501,4.469588032010554,7.758182254495826
2023-11-30,sz001238,24.34,23.97,24.35,23.62,28506,67888815.0,2.99,-1.68,-0.41,8.91,4.454936280802849,0.0802978966826613,24.214,24.174,24.47139607373757,4.510228596614893,4.472044510515078,4.53048672328562,25.497,24.78509090909091,25.146500864304812,4.726931181060771,4.606652909956678,4.6629704480337315,26.4925,25.901,25.4096034061628,4.924053295391258,4.794668443769528,4.716320721691367,25.32133333333333,25.97163440860215,25.121250211112272,4.743943228605807,4.838062800089407,4.6569488688025205,23.538333333333334,24.510540983606553,24.313600853442278,4.309484657004659,4.532029875734159,4.469107646725056,7.831798228125672
2023-12-01,sz001238,23.91,24.52,24.55,23.88,28925,70101229.16,2.8,2.29,0.55,9.05,4.461273367623787,0.006337086820937365,24.22,24.276,24.487597382491714,4.474190431141294,4.4557261008513755,4.507415604731675,25.169,24.607454545454548,25.032591616249388,4.6611943543609975,4.558351489331771,4.62629825159556,26.386000000000003,25.71314285714286,25.324879272242534,4.882527105730991,4.7505941649345305,4.692030497494454,25.453333333333333,25.919935483870965,25.082459874911482,4.769312863205861,4.819826034864761,4.644324642920021,23.580333333333332,24.542726775956286,24.320368038575314,4.318380474117138,4.537006554770851,4.468850785115178,7.845725632984139
2023-12-04,sz001238,24.65,24.66,24.7,24.22,21995,53772154.2,1.96,0.57,0.14,6.88,4.342323966312882,-0.11894940131090515,24.363999999999997,24.422666666666665,24.545064921661144,4.4277864549559585,4.411770612575237,4.452385058592078,24.898,24.51490909090909,24.964847686022225,4.608037752436556,4.5003750551412045,4.574666563362345,26.3165,25.548761904761903,25.261557436790863,4.843545788853708,4.699146246894711,4.6587251135724,25.608999999999998,25.868752688172044,25.055204399110742,4.789465359619905,4.792278364097472,4.624840728300207,23.612166666666667,24.578125683060115,24.331503512720385,4.322044573310994,4.537791587301859,4.464702364826579,7.7305574353693025
2023-12-05,sz001238,24.35,23.95,24.6,23.9,20580,49760388.0,2.84,-2.88,-0.71,6.44,4.313445370426414,-0.028878595886467906,24.296,24.284666666666666,24.346709947774094,4.389323473857225,4.373656917732057,4.406071829203524,24.541,24.34254545454546,24.780329924927273,4.537816560707558,4.446812803866634,4.527171801010358,26.0815,25.32338095238095,25.136647204715544,4.805543870809337,4.648660492758778,4.6258413285108775,25.709,25.761720430107523,24.983900889490698,4.802348222354777,4.76156739705273,4.6047507052115755,23.618666666666666,24.589202185792352,24.318995200827914,4.322913488483091,4.537509646223676,4.45974311910854,7.6968837580493625
2023-12-06,sz001238,23.97,24.11,24.48,23.92,16601,39992347.52,2.34,0.67,0.16,5.19,4.220134249570252,-0.09331112085616144,24.241999999999997,24.22266666666667,24.267806631849396,4.358422646947237,4.317260509636399,4.344092635992434,24.359,24.264181818181815,24.658451756758677,4.466453426408917,4.38905238365985,4.471346791657611,25.889,25.13561904761905,25.03887128045692,4.7537613979622835,4.592907195497912,4.58720255908796,25.80966666666667,25.658559139784938,24.92752018694291,4.818934308607085,4.72400520526018,4.57993674033149,23.63883333333333,24.605311475409838,24.312142899161422,4.324349296871452,4.534139835111781,4.451887090599088,7.601976897633377
2023-12-07,sz001238,24.02,23.43,24.18,23.34,24804,58281967.0,3.48,-2.82,-0.68,7.76,4.394521722674913,0.17438747310466063,24.134,23.951999999999998,23.988537754566266,4.346339735321649,4.329293534878958,4.360902331553261,24.174,24.09527272727273,24.43509689189346,4.428284165968272,4.375973892071849,4.4573785972971205,25.755000000000003,24.90142857142857,24.88564544422293,4.7226493930765745,4.5586938930895915,4.5688520032390985,25.886333333333333,25.50503225806452,24.830905981333693,4.839465521767483,4.696623748103266,4.567974481127841,23.650500000000005,24.598464480874313,24.28322018115613,4.3321806414590815,4.536440570384026,4.450006258863869,7.765534200661959
2023-12-08,sz001238,23.35,22.65,23.66,22.58,28453,64894102.33,4.61,-3.33,-0.78,8.9,4.454128063868426,0.059606341193513046,23.759999999999998,23.457333333333334,23.542358503044177,4.344910674570578,4.365222977727883,4.391977575658316,23.99,23.818181818181817,24.1105338206401,4.4095505528559364,4.3806727825991505,4.456787591219176,25.5335,24.60571428571429,24.672726830487417,4.692149188962043,4.5331204331650055,4.557925913775224,25.867,25.296236559139782,24.690202369634747,4.831268844157659,4.6717632669484885,4.560629550982073,23.654999999999998,24.56566120218579,24.229671978495272,4.340373463593623,4.540438846528595,4.450141400011559,7.81220522928231
2023-12-11,sz001238,22.51,22.97,23.15,22.49,23370,53300162.0,2.91,1.41,0.32,7.31,4.368658712392227,-0.08546935147619905,23.422,23.194,23.351572335362786,4.350177623786446,4.373138990335099,4.384204621236287,23.892999999999997,23.632727272727273,23.90316403506917,4.388982039371202,4.37323790251484,4.440764158705186,25.2975,24.36157142857143,24.510562370440997,4.657439117361227,4.502311816348834,4.539900466024463,25.893666666666665,25.109333333333332,24.579221571593795,4.812693973092447,4.641917451995878,4.54824433558918,23.671666666666667,24.54320218579235,24.188371257888868,4.349092240175267,4.541366231735106,4.447469836483056,7.726728529019051
2023-12-12,sz001238,23.02,23.12,23.33,23.02,11662,26874090.0,1.35,0.65,0.15,3.65,4.066773037085025,-0.3018856753072017,23.256,23.09333333333333,23.274381556908526,4.300843157118168,4.278670794767959,4.278394093185867,23.776,23.492181818181816,23.7607705741475,4.345083315487697,4.314654447553717,4.372765772956066,25.035999999999998,24.154190476190475,24.378127858970426,4.6088316673802465,4.446057903941576,4.494840710887374,25.851666666666667,24.930387096774197,24.4850782443942,4.787438248871831,4.593793520640563,4.517181671169557,23.69216666666667,24.52511475409836,24.153342692056444,4.351332252757552,4.532109864420671,4.4349879742077105,7.429333767261536
2023-12-13,sz001238,23.1,22.73,23.23,22.73,9315,21198574.68,2.16,-1.69,-0.39,2.91,3.9691828592322613,-0.09759017785276392,22.979999999999997,22.918,23.09292103793902,4.250652879050571,4.168117362139324,4.175323681867999,23.611,23.302,23.573357742484315,4.304537762998903,4.246308910052729,4.299387061369919,24.809,23.93457142857143,24.221163300973245,4.555362385119052,4.385138969832243,4.444778058348791,25.715666666666667,24.728989247311823,24.371847389917153,4.745850427014621,4.541002850341235,4.4818269091090865,23.707999999999995,24.493568306010935,24.106675718546395,4.350690926302468,4.519580376108367,4.4197156753560565,7.326306661427784
2023-12-14,sz001238,22.8,22.77,23.08,22.7,12112,27596981.0,1.67,0.18,0.04,3.79,4.083215862155997,0.11403300292373597,22.848000000000003,22.848000000000003,22.98528069195935,4.188391706946787,4.112305023174466,4.144621075297332,23.491,23.14909090909091,23.427292698396258,4.267365721134219,4.206068564444928,4.260083206967388,24.494,23.74038095238095,24.082957272309127,4.497148451097495,4.340172634311953,4.410343563473287,25.492,24.53894623655914,24.268502397019272,4.705157437305577,4.498252233253582,4.456110067370178,23.72266666666667,24.462814207650272,24.062850285151427,4.353526661666581,4.510810701874056,4.408682894595398,7.440861574574105
2023-12-15,sz001238,22.75,22.95,23.07,22.58,16965,38530959.66,2.15,0.79,0.18,5.31,4.2295538639811365,0.14633800182513923,22.907999999999998,22.882,22.973520461306233,4.14347686696933,4.126025742185916,4.1729320048586,23.334,23.050727272727272,23.340512207778755,4.244193770769954,4.199193681326185,4.2545324173335235,24.2515,23.59333333333333,23.97505657970826,4.452694062565476,4.314687435538967,4.393125496854987,25.36866666666667,24.37494623655914,24.183437726243838,4.669749327410645,4.46756813174878,4.441493538119272,23.752,24.437480874316943,24.026363390556295,4.356538077803934,4.506746019982731,4.402809811624438,7.585809825775324
2023-12-18,sz001238,22.9,22.47,22.95,22.4,16690,37673357.9,2.4,-2.09,-0.48,5.22,4.2224563366792465,-0.007097527301890061,22.808,22.735999999999997,22.80568030753749,4.114236391826734,4.152352232089221,4.189440115465483,23.115000000000002,22.89363636363636,23.18223726090989,4.23220700780659,4.195241420582421,4.248700402669109,24.0065,23.423666666666662,23.831717857831283,4.4201223801215725,4.292760033073611,4.3768712911239644,25.24933333333333,24.187935483870966,24.072893356808752,4.639766195171335,4.438710519443528,4.427362105768303,23.7715,24.395448087431692,23.975335082669204,4.363755022005802,4.502349897322905,4.3968965829377105,7.576034331444242
2023-12-19,sz001238,22.47,22.57,22.62,22.24,11994,26829132.0,1.69,0.45,0.1,3.75,4.0789640445017605,-0.14349229217748594,22.698,22.65666666666667,22.727120205024995,4.116674593310081,4.140594782980897,4.152614758477576,22.977,22.794545454545457,23.070921395289908,4.208758875214125,4.167379063617907,4.2178392466386825,23.759,23.28685714285714,23.71155425232354,4.3732877179608405,4.260268763014581,4.34849917239804,25.046666666666667,24.015075268817206,23.975932495079157,4.606615538944267,4.402529735529361,4.404884811493042,23.77916666666666,24.356054644808744,23.929258522581687,4.363157571516864,4.493012488224412,4.386472565284072,7.428606622216917
2023-12-20,sz001238,22.3,22.46,22.82,22.3,9015,20290338.0,2.3,-0.49,-0.11,2.82,3.954965731058421,-0.12399831344333956,22.644,22.577333333333332,22.63808013668333,4.113831167675313,4.086691828897011,4.086731749337858,22.812,22.700545454545455,22.95984477796447,4.182242023362941,4.121234855589597,4.170044061987726,23.5855,23.16314285714286,23.59235860924511,4.324347724885929,4.22042857378578,4.311019797032362,24.863333333333337,23.848193548387098,23.87813039862244,4.563254939762503,4.360487812439953,4.375857774045647,23.794999999999998,24.31280327868852,23.88108611200524,4.36495980448745,4.479629149192987,4.372324800227494,7.307289281647059
2023-12-21,sz001238,22.37,23.41,23.6,22.1,36727,84200931.0,6.68,4.23,0.95,11.49,4.5649854549813815,0.6100197239229606,22.772,22.832666666666668,22.89538675778889,4.210185086240389,4.237076591332367,4.246149651219032,22.81,22.809272727272727,23.04169118197093,4.199288396593589,4.190824570429313,4.241851587986572,23.491999999999997,23.146428571428572,23.57499112265034,4.31378628128093,4.2433464528424905,4.335207002551316,24.773333333333333,23.754430107526886,23.847928437420993,4.548195727582246,4.360599458583106,4.3880595599124685,23.82766666666667,24.300180327868848,23.865640665709986,4.37645757597943,4.4861873672419685,4.378641543006309,7.925316893470283
2023-12-22,sz001238,23.39,23.55,24.54,23.08,72732,172032715.0,6.24,0.6,0.14,22.75,4.861725530057635,0.29674007507625344,22.892000000000003,23.092,23.113591171859262,4.336619419455689,4.4542567392714485,4.4513416108319,22.9,22.943818181818184,23.134110967067123,4.240048143212509,4.311267685604594,4.354555941090402,23.445,23.151952380952384,23.57261101573126,4.324799348034222,4.295531143202175,4.385351624218584,24.655666666666665,23.67550537634408,23.828707247909964,4.541448840378865,4.380827187775066,4.418618654760545,23.863666666666667,24.29107650273224,23.85529179142441,4.394930447936366,4.502097791965844,4.394480362253893,8.235611043378169
2023-12-25,sz001238,23.46,22.57,23.46,22.22,43549,97951550.22,5.27,-4.16,-0.98,13.62,4.63897818691043,-0.2227473431472049,22.912,22.984666666666666,22.932394114572844,4.419923789501925,4.555042995089695,4.513887136191411,22.860000000000003,22.883818181818185,23.03154533669128,4.267080090664329,4.383800420822398,4.406269076694043,23.3765,23.06861904761905,23.47712425232828,4.3280310650177665,4.325452937380862,4.409506534951141,24.485,23.540946236559137,23.74750032868997,4.527319441795594,4.3871194036803285,4.432835398770215,23.877,24.24866120218579,23.813151076951478,4.409141327145038,4.510099357178109,4.40249668437378,7.991011313701497
2023-12-26,sz001238,22.22,23.16,24.36,22.22,55771,129570435.02,9.48,2.61,0.59,17.44,4.746408431663666,0.10743024475323626,23.03,23.067333333333334,23.008262743048565,4.553412666934307,4.663871209143609,4.591394234682163,22.864,22.938363636363636,23.054900730020137,4.335043630122193,4.470951028276823,4.468112595779429,23.32,23.048,23.44692194258273,4.340063472804945,4.365298400870948,4.4415924298761436,24.312,23.4554623655914,23.709597081677714,4.517568988294229,4.4012541772202045,4.453065917021405,23.900166666666667,24.22515300546448,23.79173628754323,4.4266596922989025,4.521157295031177,4.413772479366891,8.112505916870644
2023-12-27,sz001238,23.04,23.79,23.9,22.78,52881,123706005.51,4.84,2.72,0.63,16.54,4.723299659230525,-0.023108772433141134,23.296,23.320666666666668,23.268841828699045,4.707079452568728,4.720500206575682,4.635362709531617,22.97,23.10672727272727,23.188555142743745,4.410455310122019,4.541543033569247,4.514510243679628,23.2905,23.092761904761904,23.479596043289135,4.357496536560462,4.401797085292432,4.468421689814656,24.195999999999994,23.42178494623656,23.714784366730765,4.507060026786708,4.414527123732223,4.470500352002639,23.9345,24.221540983606555,23.791679360082796,4.443509471474722,4.530883195586313,4.423920911493568,8.092390783675558
2023-12-28,sz001238,23.7,23.58,23.7,23.22,42169,98527793.39,2.02,-0.88,-0.21,13.19,4.624993302232997,-0.09830635699752843,23.33,23.415333333333333,23.3725612191327,4.71908102201905,4.693138156463772,4.631906240432078,23.051,23.21763636363636,23.25972693497215,4.4646330541297194,4.580549941225788,4.534598072507513,23.270999999999997,23.120333333333335,23.489158324880645,4.365999387631969,4.427272967737435,4.4833332719497365,24.012999999999998,23.38204301075268,23.70608860113523,4.48630998544157,4.422135722148113,4.480467639114275,23.962333333333333,24.209918032786884,23.784739053194837,4.456305829139991,4.536833485119372,4.43051344889486,7.993558756520796
2023-12-29,sz001238,23.56,24.47,24.7,23.37,59474,143240526.87,5.64,3.77,0.89,18.6,4.774327148512868,0.14933384627987145,23.514,23.79533333333333,23.738374146088468,4.701601345710097,4.711553531961711,4.6793798764590075,23.202999999999996,23.475636363636365,23.47977658315903,4.519110382582893,4.6368579583863605,4.578185177235759,23.2685,23.23452380952381,23.582571817749155,4.381652076676422,4.466161325916569,4.511046974479559,23.902,23.41152688172043,23.755373207513603,4.474832835904615,4.440717474604326,4.499426317139991,24.003999999999998,24.226562841530054,23.807206625221234,4.473165388866316,4.5472604136234,4.441786029210205,8.156065909772934
2024-01-02,sz001238,24.28,23.93,24.3,23.62,46078,109480106.82,2.78,-2.21,-0.54,14.41,4.663493620419193,-0.11083352809367497,23.786,23.934,23.802249430725645,4.706504432411849,4.698850956864743,4.6740844577790694,23.348999999999997,23.607818181818182,23.561635386221024,4.563214110956888,4.663109456174778,4.59369580326911,23.232000000000003,23.297523809523813,23.615660216058757,4.397710559381738,4.493003377701594,4.525565702664286,23.787333333333333,23.41333333333333,23.766639452190145,4.4678196237333445,4.452889138121395,4.510011304448327,24.041999999999998,24.224136612021862,23.81123263750906,4.485306896682408,4.5535006835103795,4.4490551305613195,8.039335212480449
2024-01-03,sz001238,23.8,23.42,23.8,23.02,26586,61875536.0,3.26,-2.13,-0.51,8.31,4.4246530004152556,-0.2388406200039377,23.838,23.812,23.6748329538171,4.642153346162168,4.604900479532545,4.5909406386577984,23.434,23.620727272727276,23.5358834978172,4.597783006548237,4.637916526985391,4.562960748204772,23.205499999999997,23.31542857142857,23.597025909767446,4.403270940881181,4.495569324466691,4.51595496911676,23.650666666666666,23.389634408602152,23.744275616564977,4.448119480823307,4.4501041946815185,4.504504317091355,24.074666666666666,24.2037431693989,23.7984053379186,4.498272817834339,4.551512031173752,4.448255060720465,7.791518974056115
2024-01-04,sz001238,23.41,24.04,24.45,22.78,44444,104962302.0,7.13,2.65,0.62,13.9,4.647813138922103,0.2231601385068478,23.887999999999998,23.87933333333333,23.796555302544732,4.627056042100483,4.606787077119191,4.6098981387459,23.592,23.730909090909087,23.627541043668618,4.667067747334605,4.64701291468973,4.578388455607923,23.202,23.39490476190476,23.639213918361023,4.424654885348773,4.5188590576134455,4.528512890050602,23.587666666666667,23.414752688172044,23.763354609044658,4.438587732368821,4.462987656494343,4.5137500475320484,24.118,24.202606557377052,23.806326474380285,4.510862561033955,4.556414992520891,4.454797948530355,8.021033346945211
2024-01-05,sz001238,23.99,24.06,24.31,23.69,41923,100296076.0,2.58,0.08,0.02,13.11,4.622452353098466,-0.025360785823637322,23.984,23.936666666666667,23.88437020169649,4.6265478522735775,4.605252514118518,4.6140828768634226,23.657,23.815999999999995,23.706169944819777,4.672814437146314,4.638901024828614,4.586400073333476,23.2335,23.476619047619042,23.67928878327902,4.436051416869951,4.537696911684844,4.53745950557897,23.547,23.44522580645161,23.782493021364356,4.433462333236057,4.474849890089804,4.520763099504076,24.16,24.20070491803279,23.8146436391547,4.526259726423893,4.560073674227925,4.460294814253899,8.001283941944807
2024-01-08,sz001238,23.85,22.82,24.1,22.78,34601,80798791.0,5.49,-5.15,-1.24,10.82,4.539088650475033,-0.08336370262343262,23.654,23.54866666666667,23.52958013446433,4.57950015266601,4.576099446852337,4.5890848014006265,23.584,23.663818181818183,23.545048136670726,4.640550749188054,4.614587245433836,4.577797996450123,23.241999999999997,23.437238095238094,23.597451756300064,4.440299446200282,4.547509981551995,4.537614662235738,23.491333333333333,23.398322580645164,23.720396697405366,4.430049815085499,4.481664491201996,4.5219453931151055,24.189500000000002,24.15677049180328,23.782032372297166,4.538515701082235,4.560494294688619,4.462878218720166,7.907404862433536
2024-01-09,sz001238,22.82,23.45,23.69,22.7,32395,74733755.2,4.34,2.76,0.63,10.13,4.510477984281345,-0.02861066619368824,23.558,23.480666666666668,23.503053422976222,4.548897025438441,4.553092057390781,4.562882529027533,23.671999999999997,23.639454545454548,23.527766657276047,4.627700728925146,4.590937651814435,4.565557994237618,23.266,23.457047619047618,23.583408731890536,4.447390409794737,4.55419365184543,4.5350302167162715,23.475,23.395655913978498,23.702951749185665,4.427920952986892,4.486853405343664,4.521205560287121,24.228666666666662,24.132524590163932,23.771146065008733,4.5503967719843725,4.5595750252853104,4.464438866771352,7.873516805107289
2024-01-10,sz001238,23.24,22.66,23.51,22.62,26959,61681931.52,3.8,-3.37,-0.79,8.43,4.430703778718752,-0.07977420556259318,23.406,23.181333333333335,23.22203561531748,4.550107181099141,4.513694308484218,4.518822945591273,23.622,23.455454545454543,23.369990901407675,4.596130263630654,4.5551200245041805,4.54103904596146,23.243000000000002,23.39933333333333,23.495465043139056,4.4655869468764235,4.552604448885813,4.525094365478412,23.420666666666666,23.343075268817202,23.635664539560786,4.425419069746848,4.487032942487655,4.515366735669806,24.254166666666666,24.081092896174866,23.734715046483856,4.562866733530702,4.555650664850372,4.463332798310611,7.790157964837706
2024-01-11,sz001238,22.47,23.04,23.2,22.3,24318,55325106.9,3.97,1.68,0.38,7.6,4.385927854125336,-0.04477592459341562,23.206,23.05933333333333,23.16135707687832,4.497730124139787,4.458967866159616,4.474524581769295,23.547,23.349636363636364,23.309992555697185,4.562393083120135,4.516901404594123,4.512837011082165,23.258499999999998,23.380000000000003,23.452087419982952,4.486424196621078,4.545017868623804,4.511840412016214,23.375999999999998,23.318516129032254,23.59723456926654,4.425795385413687,4.484485122124977,4.507015840086292,24.293499999999998,24.041284153005464,23.711937503976188,4.5740950532724645,4.54984939011577,4.4607949312881425,7.742922261750407
2024-01-12,sz001238,23.0,22.34,23.07,22.31,19340,43564365.0,3.3,-3.04,-0.7,6.05,4.286456469746983,-0.09947138437835346,22.862000000000002,22.770666666666667,22.88757138458555,4.4305309474694905,4.38854331469535,4.411835211095191,23.423,23.13018181818182,23.133630272843153,4.5285393998715335,4.466731111253551,4.4716769126575855,23.237000000000002,23.29252380952381,23.34617433236553,4.496586227000627,4.525973323207224,4.49037527465724,23.321666666666665,23.251677419354838,23.516122661571927,4.420179391711824,4.47549551466261,4.492786203290208,24.3215,23.977234972677593,23.66695594646877,4.582061310158816,4.540418616885425,4.455078916155646,7.639131388081884
2024-01-15,sz001238,22.17,22.28,22.46,22.15,10759,23878163.0,1.39,-0.27,-0.06,3.36,4.031771907514002,-0.2546845622329812,22.754,22.576666666666664,22.685047589723702,4.329067598877283,4.255623634710187,4.285147443234795,23.204,22.922363636363638,22.97842476868985,4.454283875771647,4.376409749006726,4.391694184449661,23.2035,23.20138095238095,23.244633919759288,4.48669712917727,4.481705292779926,4.446698763500741,23.247,23.18447311827957,23.436372812438258,4.405862676374832,4.450436967295008,4.463043345498195,24.350166666666667,23.91030054644809,23.621481981010778,4.587587769790346,4.522376341388876,4.441199997839527,7.37800091250546
2024-01-16,sz001238,22.21,22.05,22.38,21.61,16834,36649086.0,3.46,-1.03,-0.23,5.26,4.22618732283988,0.19441541532587792,22.474,22.342,22.473365059815805,4.272209466588991,4.221330209364385,4.265494069769823,23.016,22.712545454545456,22.8096202652917,4.410553246013715,4.3349376484736775,4.361602027793337,23.182499999999997,23.09152380952381,23.130859260734596,4.486883678485302,4.456894835033508,4.425697673913993,23.160000000000004,23.107247311827958,23.346929405184177,4.4019914549257315,4.4388450090024305,4.447762311778304,24.3845,23.83488524590164,23.569957981633376,4.5957284072728175,4.510527146406893,4.434150401937898,7.564063148142053
2024-01-17,sz001238,21.96,21.86,22.61,21.85,17714,39213843.0,3.45,-0.86,-0.19,5.54,4.24831664034178,0.022129317501899948,22.314,22.137333333333334,22.268910039877206,4.2357320389135955,4.213365933948648,4.259768259960476,22.86,22.50236363636364,22.63696203523866,4.392919610006368,4.305440083806053,4.3410046846203265,23.147,22.965571428571426,23.009825045426542,4.495351308277302,4.434174164734125,4.4088042421452105,23.09033333333333,23.02337634408602,23.250998475817457,4.399820497256243,4.428930504835725,4.43489484910498,24.39966666666667,23.752114754098354,23.51389378551425,4.601084359805509,4.499136596671448,4.428057491721631,7.5934394057256
2024-01-18,sz001238,21.7,21.52,21.87,20.99,16001,33979086.2,4.03,-1.56,-0.34,5.0,4.204147125212848,-0.044169515128931636,22.009999999999998,21.872666666666667,22.019273359918138,4.199375893131099,4.202837629381732,4.241227881711266,22.607999999999997,22.258727272727274,22.433878028831632,4.3485530086354425,4.271117813843595,4.316121492000785,23.1,22.810619047619046,22.86793694586211,4.507810377985025,4.4064404330137,4.389313088151652,23.004,22.922064516129034,23.139321154796978,4.399287593110996,4.416306416316796,4.420007899176456,24.40683333333333,23.65769945355191,23.448520218776075,4.6091109508590415,4.486122261111032,4.42071616822954,7.531211695203013
2024-01-19,sz001238,21.58,23.66,23.66,21.4,36703,84955145.0,10.5,9.94,2.14,11.48,4.564701563712505,0.3605544384996566,22.274,22.422666666666665,22.566182239945427,4.2550249119242025,4.324612852908867,4.349052442378346,22.568,22.45,22.656809296316787,4.3427779296968465,4.3104175511303335,4.361317868675643,23.1125,22.863952380952377,22.94337152244667,4.507796183421581,4.411858641178222,4.40601675249078,23.011666666666667,22.96438709677419,23.172913338358466,4.404960254478916,4.426978285387859,4.429342974307814,24.449,23.633213114754092,23.45545398209489,4.6222128881232,4.484666215630819,4.4254370008683255,7.929189685470485
2024-01-22,sz001238,24.08,24.22,25.28,23.0,129197,309088666.18,9.64,2.37,0.56,40.4,5.11125242930479,0.5465508655922857,22.662,23.071333333333328,23.117454826630286,4.470921016282361,4.610022025369063,4.603119104687162,22.708000000000002,22.750363636363637,22.94102578789555,4.399994307579822,4.4501401874226865,4.497669606971852,23.145999999999997,22.969428571428573,23.06495518697556,4.520272528383938,4.469330664595671,4.473182055044496,23.064000000000004,23.0423440860215,23.24046731652889,4.426864399993462,4.472545522473401,4.473337132694716,24.465500000000002,23.62570491803279,23.480521064649157,4.629066622075561,4.500700298948248,4.44792275262034,8.490083080424906
2024-01-23,sz001238,23.85,24.4,24.4,22.14,86147,200638363.42,9.33,0.74,0.18,26.94,4.935240158091286,-0.17601227121350416,23.131999999999998,23.650666666666666,23.54496988442019,4.612731583332642,4.764795072638705,4.713826122488537,22.802999999999997,23.057999999999996,23.206293826459998,4.442470524960816,4.547457614788407,4.5772278889935665,23.2375,23.088857142857147,23.192102312025504,4.535085626942981,4.508851391234466,4.5171875886679995,23.111666666666668,23.128537634408598,23.315275876752832,4.44575044818343,4.5053439584797115,4.503137327881591,24.502666666666663,23.62355737704918,23.510667914988527,4.629222210637938,4.510738775538928,4.463900372471847,8.302413976683706
2024-01-24,sz001238,23.95,25.2,25.4,23.82,111251,273239866.64,6.48,3.28,0.8,34.79,5.0463039234060485,0.11106376531476236,23.8,24.34,24.09664658961346,4.772329039945495,4.909319185996508,4.824652056127707,23.057,23.493818181818177,23.568785858012724,4.504030539429546,4.657245505414814,4.662514440704927,23.3395,23.275761904761907,23.38333066326117,4.550080401530099,4.557538848040473,4.567579620547813,23.180999999999997,23.263268817204303,23.436870981478457,4.478401477727464,4.544089343977944,4.538180334044459,24.516333333333332,23.646420765027326,23.566055852202016,4.632919863299647,4.52441358579362,4.482995570863132,8.436544064697001
2024-01-25,sz001238,24.91,24.67,24.91,23.89,74670,181674640.0,4.05,-2.1,-0.53,23.35,4.873146151328256,-0.1731577720777926,24.43,24.63,24.28776439307564,4.906128845168577,4.942924889790762,4.840816754527891,23.22,23.78709090909091,23.769006611101318,4.552752369149838,4.724357434850943,4.700811115363713,23.3835,23.40247619047619,23.505870600093438,4.557572726134986,4.588307014687915,4.596681194907856,23.24566666666667,23.359333333333332,23.516427692350817,4.508533587463997,4.569556742274771,4.559791031933736,24.480666666666664,23.651459016393442,23.60225074229375,4.62719200723931,4.5322898575322625,4.4957873931734635,8.259294308283664
2024-01-26,sz001238,24.37,24.12,25.28,24.02,53570,130660690.0,5.11,-2.23,-0.55,16.75,4.728921646372859,-0.14422450495539696,24.522,24.526666666666667,24.231842928717096,4.938972861700648,4.883855823525522,4.803518385142881,23.398,23.95072727272727,23.83282359090108,4.596998886812425,4.756388212527856,4.7059221210017395,23.410500000000003,23.472619047619048,23.564359114370255,4.5627691433419795,4.604625959472475,4.609275523618809,23.290666666666667,23.415741935483876,23.55536784123141,4.53005711360456,4.583775326720503,4.570702684478196,24.39133333333333,23.63963387978142,23.619226127792317,4.617607275455069,4.535625255536641,4.503431139180001,8.11614494730551
2024-01-29,sz001238,24.36,22.78,24.93,22.74,50023,119604146.6,9.08,-5.56,-1.34,15.64,4.699169733863424,-0.029751912509435208,24.234,23.946000000000005,23.7478952858114,4.8565563226123745,4.803921447579781,4.768735501383063,23.448,23.838363636363635,23.641401119828153,4.663738669447367,4.774964730173491,4.704694414249318,23.326,23.41257142857143,23.489658246334994,4.559011272609507,4.617616491903089,4.6178368769754385,23.285,23.382795698924728,23.50534410953906,4.545710975933969,4.594685818350107,4.578990881212727,24.326833333333337,23.58680327868853,23.59171051704503,4.607730151672308,4.538299434500849,4.50984879802208,8.077746236627988
2024-01-30,sz001238,22.08,20.51,22.1,20.51,40923,84451063.88,6.98,-9.96,-2.27,12.8,4.611967463644433,-0.08720227021899074,23.456,22.70466666666667,22.6685968572076,4.791901783723004,4.7223918279238,4.71647948880352,23.294,23.304181818181817,23.07205546167758,4.702316683527823,4.765551783663867,4.687834968684793,23.154999999999998,23.144380952380946,23.205881270493567,4.556434964770769,4.6226599386683205,4.617277885229629,23.21966666666667,23.203763440860214,23.312096102472026,4.558694680166142,4.598960430460459,4.581118402659935,24.234500000000004,23.46166120218579,23.490670827961587,4.599230437668738,4.53843836276223,4.513196950993305,7.926605125005939
2024-01-31,sz001238,19.0,18.47,19.4,18.47,39564,73674618.8,4.53,-9.95,-2.04,12.37,4.597300193190778,-0.014667270453655235,22.110000000000003,21.042666666666666,21.269064571471734,4.702101037679951,4.657524631079724,4.676753056932606,22.955000000000002,22.42709090909091,22.23531810500893,4.737215038812723,4.746457876329859,4.6713741004131535,22.907500000000002,22.698190476190476,22.754844959017987,4.565067324409545,4.626551865184512,4.615375247892596,23.083000000000002,22.89733333333334,22.999702805538348,4.575972551789109,4.601451108720114,4.582162389145796,24.064833333333333,23.272661202185795,23.326058669667763,4.591294045366687,4.538375076058035,4.515954434344042,7.867317897443784
2024-02-01,sz001238,16.7,17.24,17.96,16.7,38697,66343079.0,6.82,-6.66,-1.23,12.1,4.587677297475044,-0.009622895715733826,20.624,19.41933333333333,19.926043047647823,4.645007266909308,4.619383384344756,4.647061137113419,22.527,21.388,21.327078449552758,4.775568056038942,4.719269196086644,4.656156499878952,22.567500000000003,22.15842857142857,22.2296216295877,4.562060532337193,4.628705195952654,4.612737347852828,22.909,22.52036559139785,22.628109076148778,4.59706293733633,4.602206253603078,4.582518189683167,23.886166666666664,23.04889617486339,23.12651576246554,4.580158938549417,4.538256494159949,4.518306003627026,7.8217956233739905
2024-02-02,sz001238,17.06,16.99,18.49,16.1,46570,80755673.5,13.86,-1.45,-0.25,14.56,4.668106237932731,0.08042894045768723,19.198,18.208000000000002,18.947362031765216,4.632844185221282,4.627083041352563,4.654076170719857,21.86,20.381272727272727,20.538518731452257,4.785908523460965,4.699730683703698,4.658329179525094,22.214,21.627238095238095,21.730610045817443,4.564343226578906,4.638804786961753,4.618010575479485,22.695,22.138494623655912,22.26436010349402,4.6005002967680415,4.606789692351232,4.5880399992476555,23.734166666666667,22.822792349726782,22.925318524351916,4.574348012175144,4.541140012172517,4.523217486719016,7.907173043488438
2024-02-05,sz001238,16.7,15.3,16.7,15.3,34086,52473400.0,8.24,-9.95,-1.69,10.66,4.532576039660902,-0.13553019827182933,17.702,16.908666666666665,17.731574687843477,4.5995254463807775,4.593660326165771,4.6135761270335385,20.967999999999996,19.18854545454545,19.586060780279116,4.7280408844965764,4.653670232103686,4.635464972277059,21.838,20.96876190476191,21.118170993834827,4.564017596038199,4.63577934058861,4.609873953020573,22.42,21.661397849462364,21.815046548429894,4.58952864708815,4.602407482215288,4.584461679274317,23.53783333333333,22.546262295081963,22.675308080930538,4.565488743733508,4.539770439303197,4.523524324520388,7.719939205105513
2024-02-06,sz001238,14.4,15.1,15.57,13.78,35590,51220773.44,11.7,-1.31,-0.2,11.13,4.5513279880038455,0.01875194834294369,16.619999999999997,16.041333333333334,16.854383125228985,4.58739755125266,4.5775945067067925,4.592826747356975,20.038000000000004,18.121636363636366,18.770413365682913,4.689649667487832,4.621540614559553,4.620167338772838,21.4205,20.32704761904762,20.54501185156484,4.566060096224325,4.6345708064901,4.604298146828503,22.171,21.18913978494624,21.381817738853773,4.586606973791264,4.599942923564687,4.582324021772997,23.328,22.26961202185792,22.426937324178716,4.556963207793429,4.539306152230093,4.524435920044436,7.7094461320821965
2024-02-07,sz001238,14.8,13.6,15.1,13.6,32819,46687007.76,9.93,-9.93,-1.5,10.26,4.516125343898722,-0.03520264410512386,15.645999999999997,15.034666666666668,15.769588750152657,4.571162581394249,4.55383710425548,4.567259612870891,18.878,16.951090909090908,17.83033820828602,4.636631809537099,4.589990737543351,4.601250612432089,20.967499999999998,19.582238095238097,19.88358215141581,4.570331174483323,4.629815115792423,4.595900737025667,21.852333333333334,20.63617204301075,20.87976498150837,4.578930870865766,4.595395721636136,4.578053139329495,23.082166666666662,21.950661202185792,22.137529543058104,4.548249929579998,4.5379672058728895,4.524163442138019,7.66919604024129
2024-02-08,sz001238,13.81,14.8,14.85,13.8,26646,38002793.34,7.72,8.82,1.2,8.33,4.42563202355732,-0.09049332034140178,15.158000000000001,14.752666666666666,15.446392500101773,4.538753526610703,4.505326918309837,4.520050416433034,17.891,16.209636363636363,17.279367624961285,4.591880396760006,4.551627140092482,4.569319959909404,20.555500000000002,18.994857142857143,19.399431470328587,4.572316382954922,4.616034244275661,4.5796846690763005,21.552666666666664,20.181182795698923,20.48752207947557,4.569008616343327,4.585505473422688,4.568219518957097,22.874333333333333,21.67911475409836,21.896954803941444,4.538034321565017,4.5339469466590305,4.520932903823898,7.579815519973711
2024-02-19,sz001238,15.17,15.8,15.94,15.03,28449,43931763.0,6.15,6.76,1.0,8.9,4.454067005278905,0.028434981721584762,14.919999999999998,14.966666666666667,15.564261666734517,4.495945680079939,4.477098077865904,4.498055946048325,17.059,15.829454545454546,17.01039169315014,4.56439493265061,4.52657015982319,4.548364877249313,20.2285,18.541952380952377,19.056628473154433,4.580696909731518,4.604772398782708,4.567721082047977,21.293333333333333,19.81004301075269,20.185101300154567,4.563311073111523,4.578089885612081,4.560854840655279,22.653166666666667,21.447169398907103,21.697054646435166,4.5248105292765475,4.531193919895553,4.518740579281439,7.642778632034004
2024-02-20,sz001238,15.94,15.99,16.1,15.41,22907,36088069.78,4.37,1.2,0.19,7.16,4.359968215825905,-0.09409878945299965,15.058000000000002,15.323333333333334,15.70617444448968,4.46142411531294,4.431772256447892,4.452026702640852,16.380000000000003,15.635090909090911,16.824865930759206,4.530474780846858,4.489401665855062,4.514110938808693,19.914,18.138285714285715,18.764568618568294,4.597106725147113,4.583750618410744,4.547935094788732,21.010666666666665,19.467892473118283,19.914449603370404,4.549499108688624,4.564970991593653,4.547894413246933,22.456333333333337,21.228704918032786,21.509938100650405,4.512165972296619,4.5257892538807765,4.513534928020602,7.557363653843579
2024-02-21,sz001238,16.03,16.35,16.86,15.7,26743,43802864.14,7.25,2.25,0.36,8.36,4.427210124330789,0.06724190850488387,15.308000000000002,15.754,15.920782962993123,4.4366005425783275,4.4203675927871755,4.443754509870831,15.964000000000002,15.629636363636363,16.73852667062117,4.511999046915493,4.470626273761232,4.498310790721801,19.629,17.79885714285714,18.53460970251417,4.607157865221658,4.56756998976157,4.536437478554642,20.758,19.16720430107527,19.68448511283038,4.5416229921523446,4.557081379699599,4.540108330091052,22.272666666666666,21.02849726775957,21.340759802268426,4.5047213079428445,4.523003816242553,4.510704606588149,7.6415025086668775
2024-02-22,sz001238,16.34,16.82,16.82,16.24,21236,35022134.44,3.55,2.87,0.47,6.64,4.327072716669119,-0.1001374076616699,15.952000000000002,16.258,16.22052197532875,4.3987900171324075,4.383858317484107,4.404860578803594,15.799000000000001,15.785272727272728,16.7533400032355,4.484976299263328,4.437003304625527,4.467176595439495,19.377000000000002,17.531333333333336,18.371313540369965,4.611095669038026,4.540895213708948,4.516497977422688,20.538,18.91313978494624,19.499679621680034,4.538370316027472,4.543239426442618,4.526364096967057,22.09433333333333,20.84972131147541,21.192538169407165,4.49324489842539,4.517179272266365,4.504683888885886,7.544342610829835
2024-02-23,sz001238,17.08,17.5,17.86,16.73,31016,53272348.04,6.72,4.04,0.68,9.7,4.491585787999154,0.16451307133003468,16.492,16.774,16.64701465021917,4.411980770020774,4.414790241106355,4.433768981868781,15.825,16.094545454545454,16.889096366283592,4.475367148315739,4.438205029850223,4.471614630450342,19.176000000000002,17.35257142857143,18.28833129842997,4.62546760217734,4.529513320276673,4.51412538795378,20.32,18.717139784946234,19.37066803318455,4.533162737663375,4.540221069795629,4.52412033509816,21.95383333333333,20.69908743169399,21.0714713441807,4.485875235016097,4.517124875203209,4.5042544429551725,7.726501839235399
2024-02-26,sz001238,17.5,18.0,18.28,17.3,30209,53547617.08,5.6,2.86,0.5,9.45,4.480136349183575,-0.011449438815578361,16.932,17.276666666666664,17.09800976681278,4.417194638801708,4.437508767493956,4.4492247709737125,15.925999999999998,16.490000000000002,17.09107884514112,4.456570159440824,4.439072157280739,4.473164033856385,18.893,17.24057142857143,18.260871174769974,4.621239341450893,4.515672248562982,4.510888336642331,20.118000000000002,18.567462365591396,19.282237837495224,4.528418870866212,4.536800012474352,4.521282658587542,21.832499999999996,20.569453551912563,20.97076736568297,4.480940602051135,4.51693671501198,4.503463685782333,7.728740149079485
2024-02-27,sz001238,18.0,18.88,18.9,17.84,28782,52709088.32,5.89,4.89,0.88,9.0,4.459120968849541,-0.021015380334034717,17.509999999999998,17.926,17.69200651120852,4.437025189406436,4.451484210843233,4.452523503598989,16.284,17.02709090909091,17.416337236933643,4.449224652359687,4.439535940809596,4.470610749309686,18.626,17.23933333333333,18.319835824791884,4.588632768428132,4.500232403553329,4.5059581111382565,19.986666666666668,18.487591397849464,19.256287009269727,4.525753281478695,4.53232918008618,4.517272226991542,21.738999999999997,20.472650273224048,20.902217615988448,4.477901548282097,4.516221317202092,4.502009826210766,7.72188550452804
2024-02-28,sz001238,18.87,17.0,19.09,17.0,49586,89536848.06,11.07,-9.96,-1.88,15.51,4.695359076067012,0.23623810721747152,17.639999999999997,17.755999999999997,17.461337674139013,4.49065497975368,4.537595506396758,4.533468694421664,16.473999999999997,17.157272727272726,17.340639557491162,4.463627761166004,4.484287654210927,4.511474081447382,18.256,17.08447619047619,18.194137174811708,4.576638714326918,4.510396813804652,4.523996298274329,19.771666666666665,18.29490322580645,19.110720105445875,4.531915984538218,4.543271489414458,4.528761701125444,21.623333333333335,20.317273224043717,20.7742760548085,4.479918468762555,4.523351072211432,4.508349145878184,7.952001801972343
2024-02-29,sz001238,16.4,18.0,18.13,16.39,32298,56103843.35,10.24,5.88,1.0,10.1,4.509175630199332,-0.18618344586768032,17.875999999999998,17.875999999999998,17.640891782759343,4.527075562459723,4.543769056545309,4.525371006347553,16.913999999999998,17.434727272727272,17.46052327431095,4.462932789796065,4.492569084944259,4.5110561812204635,17.896,17.06009523809524,18.175647920067735,4.549782299666583,4.503971758173453,4.5225848060767095,19.616333333333333,18.180602150537634,19.039060743804207,4.534531712920903,4.541804369779691,4.52749808364634,21.5185,20.198475409836064,20.68331618415904,4.479975391333876,4.524310323406081,4.508376243724778,7.7489926132797615
2024-03-01,sz001238,17.95,17.82,18.35,17.44,19834,34992522.84,5.06,-1.0,-0.18,6.2,4.297410308897391,-0.21176532130194037,17.94,17.857333333333333,17.700594521839562,4.48824046663937,4.467213972024532,4.449384107197499,17.216,17.599454545454545,17.525882678981688,4.450110618330072,4.4624740884172285,4.472211477161723,17.5535,17.052857142857146,18.141776689585093,4.52099550754504,4.479936330481149,4.501139615869156,19.442333333333334,18.064709677419355,18.960411663558773,4.5315811280799725,4.526506214681401,4.512653711081892,21.409166666666668,20.077213114754098,20.589436965006282,4.478688256746829,4.5183245829983285,4.501459327828798,7.54397525474336
2024-03-04,sz001238,17.82,17.62,17.95,17.0,23179,40237247.13,5.33,-1.12,-0.2,7.25,4.365094695482191,0.06768438658479958,17.863999999999997,17.750666666666667,17.673729681226376,4.465232135899093,4.426165381638805,4.421287636625729,17.398000000000003,17.67290909090909,17.542994919166834,4.441213387350401,4.4470166478994315,4.452735698674535,17.2285,17.059190476190476,18.09208367152937,4.5028041600005055,4.465088634094211,4.488182956784683,19.285,17.947139784946238,18.873933491716272,4.534202402271146,4.515765154513801,4.503133774591589,21.303333333333335,19.9529781420765,20.49207837598968,4.477190896991485,4.514600203940471,4.49698835627645,7.6046282603891475
2024-03-05,sz001238,17.46,17.12,17.5,16.97,15004,25637308.57,3.01,-2.84,-0.5,4.69,4.176207055478685,-0.18888764000350555,17.512,17.502666666666666,17.489153120817583,4.408649353224922,4.329823688165336,4.339594109576715,17.511,17.622363636363637,17.46608675204559,4.422837271315679,4.39883367846821,4.402457763548017,16.945500000000003,17.048857142857145,17.99950427424086,4.476656026081269,4.4339841479492765,4.4584709661841115,19.113,17.8074623655914,18.76077649225071,4.539016907203302,4.49266868052719,4.482041728197209,21.18,19.815819672131145,20.38151842923592,4.472439791789067,4.50473188126792,4.486470936578162,7.408872430575719
2024-03-06,sz001238,16.93,17.36,17.63,16.93,11966,20570055.26,4.09,1.4,0.24,3.74,4.077948998506027,-0.0982580569726581,17.584,17.452,17.446102080545057,4.285167337712726,4.219590236592371,4.252379072553152,17.612000000000002,17.59490909090909,17.446798251673663,4.387911158733203,4.336126719775547,4.343456169904019,16.788,17.088333333333335,17.93859910526554,4.449955102824349,4.396012050084967,4.422230778786199,18.956666666666663,17.694365591397847,18.670403815331312,4.534075629725506,4.462922363837044,4.455971229507456,21.058333333333334,19.6905737704918,20.282452251228186,4.468033542325619,4.491797756897984,4.473076774674158,7.31323545839773
2024-03-07,sz001238,17.26,17.59,17.81,17.25,19155,33499691.81,3.23,1.32,0.23,5.99,4.282282156319097,0.20433315781306938,17.502000000000002,17.454,17.494068053696708,4.239788642936678,4.218628509461162,4.262346767141801,17.689,17.59090909090909,17.472834933187542,4.3834321026982,4.316921446609345,4.332333621979487,16.744,17.164714285714286,17.905399190478345,4.434204200980765,4.380043198036848,4.408902338551237,18.814333333333334,17.606193548387093,18.600700343374456,4.535207813591416,4.446677623617275,4.444765482850142,20.952333333333335,19.57685792349727,20.1941751282371,4.46751415542383,4.485707547520721,4.466821213416615,7.525040811638873
2024-03-08,sz001238,17.57,17.72,17.99,17.44,15234,26846826.9,3.13,0.74,0.13,4.76,4.182813951257366,-0.09946820506173104,17.482,17.526666666666664,17.569378702464473,4.216869371408673,4.199636945568057,4.235835828513656,17.711000000000002,17.596545454545453,17.51777403624435,4.352554919024021,4.280445419074648,4.3051482273027375,16.767999999999997,17.25766666666667,17.887742124718503,4.41396103366988,4.356101269491763,4.387370111189917,18.687666666666665,17.535591397849462,18.543880966382556,4.534496707792901,4.4239425357247555,4.427865384037705,20.845833333333335,19.47087978142076,20.113054632229325,4.466892150451949,4.476373114597231,4.457509499903197,7.4288929626145075
2024-03-11,sz001238,17.73,17.85,17.9,17.54,13306,23459220.25,2.03,0.73,0.13,4.16,4.1240475191100305,-0.058766432147335124,17.528,17.649333333333335,17.662919134976317,4.168659936134241,4.168696328135176,4.198573058712448,17.696,17.62181818181818,17.578178756927194,4.316946036016667,4.238898619090286,4.272220825813154,16.811,17.360714285714284,17.884147636650074,4.3867580977287455,4.3284904585813,4.36229176908707,18.493999999999996,17.481548387096776,18.499114452422393,4.519808239639485,4.3974619429065065,4.408264231461726,20.75283333333333,19.37265573770492,20.038856119697215,4.462384247059201,4.46513230701225,4.44657632020506,7.370313572709171
2024-03-12,sz001238,17.84,18.5,18.55,17.84,20699,37558366.4,3.98,3.64,0.65,6.47,4.315949364540375,0.19190184543034405,17.804000000000002,17.973333333333336,17.941946089984214,4.196608397946579,4.217792804270554,4.2376984939884235,17.658,17.767999999999997,17.745782619304066,4.302628875585751,4.2387174060945965,4.280171469218103,16.971,17.52157142857143,17.9428002426834,4.3759267639727195,4.321746769706217,4.35787820674929,18.30333333333333,17.48193548387097,18.499171584524177,4.493298137480671,4.384309757416243,4.402308433595834,20.683666666666667,19.298792349726778,19.98840182069075,4.460081268737067,4.460331163323108,4.44229346919966,7.574706694379631
2024-03-13,sz001238,18.5,19.25,19.63,18.5,35006,66700648.7,6.11,4.05,0.75,10.95,4.544142488452147,0.2281931239117725,18.182,18.455333333333336,18.377964059989477,4.289847095935803,4.333637501105743,4.339846492142998,17.883000000000003,18.057454545454547,18.019276688521508,4.287507216824264,4.282628972070305,4.328166199987929,17.1785,17.73861904761905,18.06729545766593,4.3755674889951335,4.337767314894735,4.375617662149562,18.131666666666668,17.543010752688172,18.547612127458102,4.480261548492701,4.3875900381240776,4.411459017780112,20.621666666666666,19.251786885245902,19.964191924930397,4.4630059983380646,4.463087268887536,4.445632781306299,7.82413005768657
2024-03-14,sz001238,19.1,19.37,19.99,18.93,41369,79867612.65,5.51,0.62,0.12,12.94,4.616675022956646,0.07253253450449915,18.538,18.851333333333336,18.708642706659653,4.356725669263313,4.442580143446024,4.432122669080881,18.020000000000003,18.327818181818184,18.26486274515396,4.298257156099996,4.342477664094375,4.380622349618605,17.467000000000002,17.947333333333333,18.191362556935843,4.38059497294803,4.3607299371767825,4.398575506035951,17.937333333333335,17.62290322580645,18.60066940955758,4.465940585144386,4.396390907444333,4.424698760049567,20.559166666666666,19.21074863387978,19.944710222473663,4.472171031435925,4.468125597563556,4.4512407236554905,7.902370702982276
2024-03-15,sz001238,19.31,19.58,19.68,19.2,16901,32761906.0,2.48,1.08,0.21,5.29,4.227912401751748,-0.388762621204898,18.91,19.198666666666664,18.999095137773104,4.365745359362188,4.399642387608837,4.364052579971171,18.195999999999998,18.611454545454546,18.50397860967142,4.291307365385431,4.32968770875833,4.352856904551904,17.706,18.14857142857143,18.323613741989572,4.370708991857752,4.346188739919993,4.382321877056503,17.767666666666667,17.72888172043011,18.6638520282958,4.444432793491837,4.381034250451259,4.412002865965836,20.506666666666668,19.178644808743172,19.932752510261412,4.476483190477918,4.460117117901779,4.443918483593072,7.515369159913883
2024-03-18,sz001238,19.59,19.59,19.79,19.3,13596,26364543.0,2.5,0.05,0.01,4.25,4.1334111559110225,-0.09450124584072572,19.258,19.425333333333334,19.196063425182068,4.367618086722388,4.322197653125115,4.287172105284455,18.392999999999997,18.864909090909094,18.701437044276616,4.268139011428315,4.3009793070357105,4.312957677526288,17.895500000000002,18.328,18.444221957038184,4.354676199389358,4.323588946020305,4.358616094090267,17.616666666666667,17.846451612903223,18.723603510341235,4.424582443809775,4.360968338349272,4.394029207252622,20.453666666666663,19.148590163934426,19.921514723039724,4.477319778707168,4.448868854473356,4.433737915472349,7.421020247721404
2024-03-19,sz001238,19.69,19.6,19.77,19.3,16888,32889759.0,2.4,0.05,0.01,5.28,4.2275782202996,0.09416706438857769,19.477999999999998,19.53933333333333,19.33070895012138,4.349943857874233,4.2755176976508515,4.26730747695617,18.641000000000002,19.084363636363637,18.864812127135412,4.273276127910406,4.29360461773958,4.297434139848709,18.076,18.490333333333332,18.554296056367882,4.348056699613042,4.311484376583186,4.346136296586394,17.51066666666667,17.974408602150536,18.78014521935148,4.408862726690981,4.348258388445389,4.3832904339008145,20.397833333333335,19.120601092896173,19.91097325671055,4.477286851312475,4.440680606656715,4.4269785812043905,7.517060691197656
2024-03-20,sz001238,19.51,20.82,21.55,19.38,36989,76069407.2,11.07,6.22,1.22,11.57,4.568072590294782,0.3404943699951817,19.791999999999998,19.986666666666665,19.827139300080923,4.354729878242759,4.348227275124368,4.367562514735708,18.987000000000002,19.480545454545457,19.220300831292608,4.322288487089282,4.34720397453674,4.346641130838903,18.2995,18.75166666666667,18.770077384332843,4.355099822911242,4.332438270933829,4.367273086463383,17.521,18.18791397849462,18.911748753586867,4.407399564245993,4.35852999254886,4.395211863345587,20.370333333333335,19.134442622950818,19.940777412228236,4.483047122206068,4.443657188262693,4.431604614289322,7.881210031862065
2024-03-21,sz001238,20.65,20.42,20.76,20.16,22425,45546832.0,2.88,-1.92,-0.4,7.01,4.35073245171613,-0.21734013857865175,20.002000000000002,20.196,20.024759533387282,4.301541363994657,4.346894799615492,4.3619524937291825,19.27,19.741090909090907,19.43842795287577,4.329133516628985,4.352375604468894,4.3473850073620355,18.479499999999998,18.95361904761905,18.92721287153924,4.356282809663592,4.332022330820007,4.365697787916026,17.586000000000002,18.37494623655914,19.00905528561352,4.399180639530171,4.354874049804998,4.392342223885622,20.334500000000002,19.136071038251362,19.95648962822075,4.4875765956596405,4.43931900234499,4.4289530679754465,7.658458175101204
2024-03-22,sz001238,20.25,20.11,20.57,19.72,15901,31588855.24,4.16,-1.52,-0.31,4.97,4.201424437579911,-0.14930801413621886,20.108,20.232000000000003,20.05317302225819,4.29624377116029,4.313522490810576,4.308443141679426,19.509,19.893818181818183,19.56053196144381,4.330994565261239,4.329155771914516,4.320846721947103,18.61,19.108904761904764,19.03985926472598,4.341774742142631,4.317273914431085,4.350052706931634,17.681666666666665,18.53778494623656,19.080083976864262,4.386305544200334,4.342115585163046,4.38002494734977,20.295333333333335,19.128710382513663,19.96152275516433,4.491684240768333,4.4299369643751625,4.421493112880511,7.499533887634828
2024-03-25,sz001238,20.11,19.64,20.49,19.63,11425,22862379.0,4.28,-2.34,-0.47,3.57,4.057856208741888,-0.14356822883802334,20.118000000000002,20.076,19.91544868150546,4.281132781726463,4.234059970004442,4.2249141640335806,19.688,19.91763636363637,19.57498069572675,4.324375434224425,4.279494252547362,4.2730302650007,18.692,19.207,19.097015525228265,4.320660735120546,4.290234054107206,4.322224469008801,17.77,18.664129032258067,19.116207591260117,4.365963876560639,4.32092530545605,4.359239867439585,20.2325,19.10722404371585,19.95098102548681,4.483232086664341,4.415713094472656,4.409570591433344,7.35912141997069
2024-03-26,sz001238,19.6,20.06,20.06,19.14,11306,22075438.75,4.68,2.14,0.42,3.54,4.0533089811241,-0.004547227617788252,20.21,20.05666666666667,19.963632454336974,4.246278933891363,4.158118703136989,4.167712436397087,19.844,19.98527272727273,19.663166023776434,4.298111395882797,4.2302094428927575,4.2330809406595,18.750999999999998,19.337285714285713,19.18872833234938,4.3003701357342745,4.26477198229802,4.296613470162639,17.92866666666667,18.811870967741935,19.177097424082046,4.349988307942746,4.300754021879499,4.339502390903102,20.174333333333333,19.10156830601093,19.9545554180938,4.469758477515447,4.401617254946746,4.397889882898614,7.343909343951095
2024-03-27,sz001238,19.98,19.18,20.02,19.12,6950,13494655.65,4.49,-4.39,-0.88,2.17,3.8419848045901137,-0.21132417653398594,19.881999999999998,19.713333333333335,19.70242163622465,4.101061376750429,4.023353993369906,4.059136559128096,19.837,19.864545454545453,19.57531765581708,4.227895627496594,4.147277335384996,4.161972552283247,18.86,19.378142857142855,19.187897062601824,4.257701422160429,4.221116236474766,4.253315502012875,18.064666666666664,18.892602150537634,19.177284687044498,4.3263435351622865,4.267979602308361,4.307404482108716,20.117833333333337,19.068967213114753,19.929160158484166,4.456475254476775,4.381034511572145,4.379663486888499,7.13016180692048
2024-03-28,sz001238,19.34,20.05,20.95,19.18,15494,30963626.2,9.23,4.54,0.87,4.85,4.190163551630705,0.34817874704059104,19.808,19.769333333333332,19.818281090816434,4.068947596733343,4.053054718329998,4.102812223295633,19.905,19.90327272727273,19.661623536577608,4.185244480364,4.140416957954835,4.167098188528239,18.9625,19.49147619047619,19.27000210425879,4.241750818231997,4.214684058329079,4.247301030547906,18.279666666666667,19.02068817204301,19.233588900783563,4.315478142086687,4.259193796919227,4.299840551110135,20.066,19.066743169398908,19.93312212050108,4.4472045064762264,4.372302980331291,4.373450374257096,7.490851815913657
2024-03-29,sz001238,19.9,19.7,20.09,19.4,12872,25156468.75,3.44,-1.75,-0.35,4.03,4.109646031090973,-0.08051752053973171,19.726,19.733333333333334,19.77885406054429,4.050591915435556,4.066620863115874,4.105090159227413,19.917,19.866000000000003,19.668601075381677,4.173417843297923,4.12667178535974,4.156652341721464,19.0565,19.561714285714285,19.31095428480557,4.232362604341677,4.202102650029933,4.234191030599626,18.442999999999998,19.11232258064516,19.26367993944269,4.304945275671142,4.245914305887245,4.28756993691535,19.997833333333336,19.054743169398908,19.925478772287928,4.436976946007234,4.361235489335053,4.364801051530337,7.400649678505299
2024-04-01,sz001238,19.7,20.15,20.18,19.52,11091,22098154.0,3.35,2.28,0.45,3.47,4.044970705292769,-0.06467532579820379,19.828,19.874666666666666,19.902569373696195,4.0480148147457315,4.064747126401612,4.0850503412491985,19.973000000000003,19.90836363636364,19.756128152585006,4.164573798236097,4.103317760267893,4.136346589643519,19.183,19.665857142857142,19.39086340053837,4.216356404832206,4.184255802501466,4.2161700472370685,18.588000000000005,19.222451612903228,19.320861878833483,4.29130873233827,4.229141752959609,4.271918373584862,19.940666666666665,19.059732240437157,19.93284012401619,4.427309902724897,4.3483828257050705,4.354314810670089,7.344355995807349
2024-04-02,sz001238,20.22,21.32,21.55,20.15,34845,72468281.56,6.95,5.81,1.17,10.9,4.542140468855917,0.49716976356314735,20.08,20.372,20.375046249130797,4.145781112292096,4.229455677771673,4.2374137171181046,20.145,20.153272727272725,20.040468488478638,4.196030023091728,4.171966245835133,4.210127294954864,19.392999999999997,19.86938095238095,19.574590695725192,4.234653075501067,4.2152828562180105,4.2472148492960065,18.765666666666668,19.398709677419358,19.44983853181197,4.297381140772604,4.245324445638166,4.289352057150737,19.88816666666667,19.104956284153,19.97832077568779,4.4234401247306145,4.352147762299531,4.360473028971263,7.860147963017491
2024-04-03,sz001238,20.99,21.06,21.8,20.61,25780,54677165.12,5.58,-1.22,-0.26,8.06,4.411282913017384,-0.1308575558385323,20.456,20.698666666666668,20.6033641660872,4.25964073397755,4.317956278013437,4.295370115751198,20.169,20.319636363636366,20.225837854209793,4.180351055363989,4.211103134912525,4.246701043693504,19.578,20.028142857142857,19.71605824851327,4.251319771226635,4.2321047455052785,4.262840379174233,18.922666666666668,19.546731182795696,19.553719916856362,4.296850233728824,4.252672947073314,4.297218563980843,19.840333333333334,19.14337704918033,20.013785668288193,4.419236612940583,4.351749165194179,4.362138926808841,7.737805989351217
2024-04-08,sz001238,20.9,20.39,21.16,20.22,12587,25719247.0,4.46,-3.18,-0.67,3.94,4.099922232196922,-0.31136068082046187,20.523999999999997,20.676666666666666,20.532242777391467,4.241592470090793,4.264716777419895,4.2302208212331065,20.166,20.35981818181818,20.25568551708074,4.1552700334120685,4.196479712518513,4.2200139870577615,19.718,20.10547619047619,19.780243177226293,4.2422017750205265,4.217685932264353,4.247324365176394,19.041666666666668,19.64139784946237,19.607673470607565,4.289278550913084,4.2399679147164155,4.284489768381881,19.78983333333333,19.161398907103827,20.02612056440989,4.413824433470279,4.34127984123537,4.35354165813304,7.4102582493014815
2024-04-09,sz001238,20.38,20.55,20.74,20.02,9286,18885722.0,3.53,0.78,0.16,2.9,3.967828679330155,-0.13209355286676727,20.694,20.685333333333332,20.53816185159431,4.2132289997386305,4.173462180499682,4.142756773932122,20.21,20.429636363636366,20.309197241247876,4.131910457587093,4.162399466321801,4.174162112925469,19.8595,20.184714285714286,19.853553350823788,4.231452511424166,4.191555161246222,4.220705728429133,19.14333333333333,19.738709677419354,19.668468730568367,4.271819980624118,4.219229213323969,4.264060020701124,19.73166666666667,19.186322404371584,20.043296939347268,4.402491359143746,4.326657029624219,4.340895330959175,7.276133592532469
2024-04-10,sz001238,20.6,19.76,20.67,19.74,9307,18516448.0,4.53,-3.84,-0.79,2.91,3.9688097139128584,0.0009810345827032663,20.616,20.374000000000002,20.278774567729542,4.197996801462647,4.091989085224425,4.0847744205923675,20.222,20.347818181818184,20.209343197384626,4.12300580810419,4.132744785653759,4.136825313104994,19.955000000000002,20.175238095238097,19.844643507888186,4.223690621164307,4.166541561483241,4.1967156318085355,19.201999999999998,19.77849462365591,19.674373973757504,4.254775759448427,4.1996801638587264,4.245011613811559,19.660000000000004,19.18725136612022,20.034008515106372,4.391597315157319,4.312437959288779,4.328695802531427,7.267557679864833
2024-04-11,sz001238,19.78,20.11,20.54,19.41,6947,13965219.4,5.72,1.77,0.35,2.17,3.841797298874355,-0.12701241503850325,20.374000000000002,20.205333333333336,20.22251637848636,4.057928167466335,3.9732559176949933,4.003782046686363,20.227,20.327454545454547,20.19128079786015,4.101854639879216,4.081615965793788,4.08318385597215,20.0355,20.19,19.869915554755977,4.1999830178810065,4.130170768884199,4.162913885814804,19.243,19.8370752688172,19.702478878676377,4.234198303782588,4.173036392208787,4.218997787041417,19.61483333333333,19.202005464480873,20.036500039201243,4.379975792630641,4.294411729246715,4.312731917165621,7.145047763056061
2024-04-12,sz001238,20.28,20.44,20.78,20.11,10461,21352957.33,3.33,1.64,0.33,3.27,4.019573202095639,0.177775903221284,20.25,20.227333333333334,20.295010918990908,3.979586225281986,3.960470929238095,4.009045765156122,20.353,20.36618181818182,20.236502470976482,4.119613479629768,4.066655704378593,4.071618282540057,20.095,20.228523809523807,19.924209311445882,4.173754553563181,4.112988881666544,4.149262392127265,19.357666666666667,19.91430107526882,19.75006088650371,4.211672107983542,4.1591896114547895,4.20613168478685,19.564666666666668,19.229060109289616,20.04972954611268,4.371794046260879,4.2825952508685186,4.303120156015786,7.329458032202088
2024-04-15,sz001238,20.21,19.55,20.44,18.73,12764,24824813.28,8.37,-4.35,-0.89,3.99,4.105986795521472,0.08641359342583321,20.082,19.994000000000003,20.04667394599394,3.980799137946896,4.002604452651258,4.041359441944572,20.303000000000004,20.22018181818182,20.11168383988985,4.111195804018845,4.064178125449812,4.0778671030821325,20.104,20.17661904761905,19.888570329403414,4.1482201421914215,4.106534809472096,4.145140906736237,19.409333333333333,19.926709677419353,19.73715373253573,4.1982324801609465,4.152371204199172,4.199670724189084,19.512833333333333,19.228579234972674,20.033344970830296,4.366382096540925,4.273880259040997,4.29665676714712,7.394885990630837
2024-04-16,sz001238,19.36,21.5,21.5,18.32,23735,48080992.74,16.27,9.97,1.95,7.42,4.375389236054379,0.2694024405329065,20.272000000000002,20.466666666666665,20.531115963995962,4.06231124929174,4.134134485353751,4.152702706647842,20.482999999999997,20.43781818181818,20.364104959909877,4.1377701245151846,4.112213294910818,4.1319620363498135,20.2,20.30957142857143,20.042039821841186,4.155593983906554,4.128169961268568,4.16706931905225,19.532,20.06159139784946,19.85088574979149,4.200831777732846,4.16380067232133,4.211007402373942,19.487166666666667,19.29373224043716,20.081432020967007,4.366206452906409,4.274175575090617,4.299238159570308,7.681973426071492
2024-04-17,sz001238,23.0,22.59,23.0,21.6,40279,90048210.11,6.51,5.07,1.09,12.6,4.605078679858916,0.2296894438045367,20.838,21.239333333333335,21.217410642663978,4.189565042480952,4.315056962209476,4.3034946977182,20.726999999999997,20.820909090909094,20.76881314901717,4.1937809219718,4.197178486791497,4.21798324426056,20.35,20.537190476190478,20.284702695951548,4.179177360103948,4.170978027549745,4.2087844962719325,19.69766666666667,20.25888172043011,20.027602798192042,4.208831243878737,4.189881117619785,4.236431355760069,19.491333333333333,19.39546448087432,20.163680151427105,4.371516823074941,4.2820074513841435,4.309265717612557,7.9544750847615955
2024-04-18,sz001238,21.94,22.14,23.12,21.69,37429,83100978.78,6.33,-1.99,-0.45,11.7,4.573208224114597,-0.03187045574431835,21.244,21.673333333333336,21.524940428442655,4.335847227529,4.442938022754024,4.3933992065169996,20.809,21.07781818181818,21.018119849195863,4.196887697497668,4.266165268999278,4.282569604234021,20.477,20.707666666666665,20.461397677289497,4.196458860294699,4.20850477650314,4.243491517971234,19.865000000000002,20.416451612903227,20.163886488631267,4.222064616166601,4.213389309893067,4.25815889565391,19.488999999999997,19.48230601092896,20.22847752351146,4.380540761684951,4.288620284205115,4.317919570284754,7.919606139021773
2024-04-19,sz001238,21.56,20.64,21.67,20.23,35171,72715581.6,6.5,-6.78,-1.5,11.0,4.546184716577045,-0.027023507537552227,21.284,21.471999999999998,21.229960285628437,4.441169530425282,4.5130505191033725,4.444327709870349,20.767,21.04709090909091,20.949370785705707,4.210377877853634,4.329673817922801,4.330499624660025,20.468,20.723190476190474,20.478407422309544,4.195364466608812,4.241812000910982,4.272319441647977,19.974333333333334,20.466451612903224,20.194603489364734,4.237672473435635,4.234300284113095,4.276741206681209,19.465500000000002,19.520043715847,20.241970063724203,4.385874051580571,4.294051233545839,4.325403673441878,7.861627482080851
2024-04-22,sz001238,20.34,20.47,20.58,19.02,25077,49546118.57,7.56,-0.82,-0.17,7.84,4.3992755799507215,-0.14690913662632354,21.468,21.200666666666667,20.97664019041896,4.499827287311132,4.499085868945186,4.4293103332304735,20.775,20.99309090909091,20.86221246103194,4.2403132126290135,4.3640188546677265,4.343004343803788,20.4705,20.723380952380953,20.477606715422922,4.1977916230205405,4.261232106943545,4.284410502438715,20.070333333333334,20.498430107526882,20.212371006179914,4.241572254223355,4.244726290985037,4.284646650117953,19.442333333333334,19.5529781420765,20.249446455077507,4.3883900339073865,4.294490627918631,4.327825703163479,7.695009637637496
2024-04-23,sz001238,20.26,19.98,20.45,19.69,14628,29273514.22,3.71,-2.39,-0.49,4.57,4.165184951666006,-0.23409062828471505,21.164,20.70466666666667,20.64442679361264,4.457786430433457,4.3875384237301445,4.341268539375651,20.718,20.848545454545455,20.70181019538977,4.260048839862599,4.35035917085627,4.310673545233282,20.464,20.67666666666667,20.430215599668358,4.195979648724846,4.258126709671685,4.273055688079409,20.145666666666667,20.49260215053763,20.19737932836186,4.240984620903643,4.239798077916821,4.2769394437662145,19.416666666666668,19.57060655737705,20.240612145074966,4.387740664348272,4.287172428500881,4.322493219507824,7.466474861646012
2024-04-24,sz001238,20.0,20.24,20.35,19.59,11616,23172575.52,3.8,1.3,0.26,3.63,4.065056603356019,-0.10012834830998774,20.694,20.396666666666665,20.50961786240843,4.349782015132878,4.256628481370998,4.249197894035774,20.766,20.761636363636363,20.6178447053189,4.269673528806915,4.314906036945983,4.266015919437416,20.494,20.65533333333333,20.41209982827137,4.196339668455552,4.245657848207987,4.253246251439085,20.22533333333333,20.498688172043014,20.200129049112707,4.239018257045177,4.228447883236328,4.263269583094589,19.359666666666666,19.597601092896173,20.24059207474464,4.379413248342331,4.276592623222446,4.3140526747159615,7.364974306209565
2024-04-25,sz001238,20.0,20.78,21.32,20.0,21403,44311469.2,6.52,2.67,0.54,6.69,4.330474651486137,0.26541804813011804,20.422,20.425333333333334,20.59974524160562,4.3012353006071855,4.250192693488751,4.276290146519228,20.833,20.76418181818182,20.647327486170006,4.318541264068093,4.325960786524024,4.27773568890082,20.53,20.68257142857143,20.44713793986457,4.210197951973654,4.258432608496614,4.260601337157852,20.301333333333332,20.534473118279568,20.237540078202212,4.2395024332767015,4.234348295780905,4.26760539395856,19.30233333333333,19.644169398907106,20.258277580490716,4.3664002853786865,4.2749880790632275,4.314591100183836,7.646516149825672
2024-04-26,sz001238,20.6,20.68,21.19,20.51,15878,32967930.46,3.27,-0.48,-0.1,4.97,4.200795797608367,-0.12967885387776956,20.43,20.511333333333333,20.626496827737082,4.23215751681345,4.216712859155812,4.251125363548941,20.857,20.736363636363638,20.653267943230006,4.336663523619366,4.304552519894982,4.263746617756738,20.605,20.696857142857144,20.46931527892509,4.228138501624567,4.25753716522373,4.254905571486472,20.348999999999997,20.55890322580645,20.266085879608525,4.22805754358191,4.231851093479723,4.263295097419838,19.240333333333336,19.689338797814205,20.272104545064792,4.354159546037305,4.269558423726495,4.310860106656771,7.518091685450343
2024-04-29,sz001238,20.9,20.91,20.99,20.68,14103,29290736.38,1.5,1.11,0.23,4.41,4.149311505907915,-0.051484291700452545,20.518,20.671333333333333,20.720997885158056,4.182164702004888,4.1890975221873,4.217187411001933,20.993,20.746,20.699946499006366,4.340995994658011,4.270488516674718,4.242940233784224,20.648,20.72590476190476,20.511285252360796,4.226095899338427,4.250029832298334,4.244848993812324,20.400333333333336,20.595096774193546,20.307628726085394,4.212478759680285,4.226770703952369,4.255941317322295,19.168833333333335,19.744081967213113,20.293019150144634,4.339209672412336,4.262842094541925,4.3055634312223825,7.466730290143549
2024-04-30,sz001238,21.08,21.75,22.57,21.08,32329,70223287.96,7.13,4.02,0.84,10.11,4.509592271230837,0.36028076532292275,20.872,21.082,21.06399859010537,4.251046165917854,4.298240045262616,4.314655697744901,21.018,20.883636363636366,20.890865317368842,4.354416298175656,4.301142385142505,4.29142242241088,20.7505,20.83085714285714,20.62925808546929,4.24609321134542,4.277029486764278,4.270062639280754,20.47266666666667,20.682172043010752,20.40068493730569,4.221868088662921,4.245939317600792,4.2723058949938135,19.120166666666666,19.828710382513663,20.340789014074318,4.333150441077379,4.268428409257285,4.312252901386594,7.846481159926469
2024-05-06,sz001238,21.85,22.48,22.68,21.76,23081,51243923.2,4.23,3.36,0.73,7.22,4.363254620994686,-0.14633765023615108,21.32,21.618,21.53599906007025,4.3106857694455885,4.33564286362156,4.330855338828163,21.007,21.149454545454546,21.179798896029055,4.330233892289233,4.302749352927783,4.30448282215339,20.867,20.995571428571427,20.8055192201865,4.2620074071305165,4.288187716254684,4.278938066110652,20.569,20.811677419354837,20.534834296189196,4.229529537499043,4.255061029364132,4.2781735547358055,19.092833333333335,19.93886885245902,20.410927079186635,4.32705599065441,4.269415431549656,4.313925088914728,7.709642371636425
2024-05-07,sz001238,22.45,22.71,22.73,22.23,17498,39120483.0,2.22,1.02,0.23,5.47,4.242988412194795,-0.12026620879989114,21.706,22.081333333333337,21.9273327067135,4.29318852158732,4.313077077871295,4.301566363283707,21.064,21.45909090909091,21.458017278569226,4.297211911097253,4.286886538365158,4.293302020342736,20.936500000000002,21.17109523809524,20.9868983420735,4.24704980429746,4.286376383403663,4.275514289547237,20.672666666666665,20.949806451612904,20.6751675674028,4.230043210562217,4.255929343860632,4.275903545539611,19.091666666666665,20.05746448087432,20.4863065192133,4.3194529686265986,4.266659117501799,4.311599296235387,7.592404208153903
2024-05-08,sz001238,22.9,23.1,23.6,22.71,20938,48106733.44,3.92,1.72,0.39,6.55,4.3209351954685955,0.07794678327380034,22.19,22.546,22.31822180447567,4.3172164011593654,4.322325969165053,4.30802264067867,21.310000000000002,21.82927272727273,21.756559591556638,4.2746869589864085,4.2911998627963115,4.298326234001983,21.038500000000003,21.377142857142857,21.188146119018878,4.242532418420021,4.2934130873247245,4.279840090111176,20.74866666666667,21.106408602150537,20.831608369505847,4.221805297401343,4.2617933428868495,4.2788088132769655,19.134833333333333,20.18888524590164,20.572001387435815,4.314602430823668,4.266707715103177,4.311905391292213,7.682205868290082
2024-05-09,sz001238,22.93,23.0,23.1,22.77,13555,30948503.0,1.43,-0.43,-0.1,4.24,4.132099521916504,-0.18883567355209152,22.608,22.816,22.54548120298378,4.3137740043610835,4.260620342750767,4.249381601091282,21.563000000000002,22.136545454545455,21.982639665819065,4.247969353182986,4.2652748742381466,4.268103195440987,21.169,21.563952380952383,21.36070363149327,4.244141282906,4.282895668610102,4.265769559806922,20.834666666666667,21.251655913978496,20.97150460373128,4.214517533074689,4.256005873500731,4.269343697705323,19.210333333333335,20.315612021857923,20.651607899323167,4.306849086302431,4.260724013171795,4.306010116886452,7.49063964674667
2024-05-10,sz001238,23.2,22.64,23.2,22.62,8514,19336593.26,2.52,-1.57,-0.36,2.66,3.9301336458411176,-0.2019658760753864,22.786,22.826666666666668,22.576987468655854,4.1978822792831405,4.132740223244111,4.142965616007894,21.829,22.332363636363635,22.102159726579234,4.224464222600497,4.2074865638123535,4.206654186422829,21.273500000000002,21.70404761904762,21.482541380874864,4.242256531231549,4.252990179365829,4.233804234667322,20.919,21.368129032258064,21.079149468006683,4.205474506683396,4.237658525937275,4.247459178230213,19.300333333333338,20.42806010928962,20.716801082951918,4.295890025441865,4.2483726872550305,4.293686298163654,7.286379962057841
2024-05-13,sz001238,22.65,22.27,22.76,21.45,11315,25148153.8,5.79,-1.63,-0.37,3.54,4.053654558290748,0.12352091244963015,22.744,22.654666666666667,22.47465831243724,4.135962266742352,4.084664316246648,4.113195263435513,22.032000000000004,22.412545454545455,22.132676139928463,4.223324018093971,4.17643026121058,4.1788360722169955,21.398999999999997,21.79895238095238,21.557537439839162,4.246498773450442,4.2350280867048005,4.216647122631458,21.006666666666664,21.455290322580645,21.1559785345869,4.205334451668358,4.227863690557104,4.234955654363151,19.388333333333335,20.525426229508195,20.76772563760923,4.285649164114499,4.24043054079106,4.285816405053067,7.40050610772583
2024-05-14,sz001238,22.28,23.76,23.9,22.28,18195,42425711.84,7.27,6.69,1.49,5.69,4.259952059922254,0.20629750163150629,22.954,22.993333333333332,22.903105541624825,4.139354996287844,4.125994247306615,4.16211419559776,22.330000000000002,22.726727272727278,22.428553205396014,4.216271758937582,4.183089905179359,4.193584433617952,21.581500000000002,22.023809523809526,21.7672957789021,4.267406511502838,4.236309352083067,4.220771402373439,21.13,21.632924731182793,21.32397991945226,4.212222554294963,4.231387407218644,4.236568325689545,19.529333333333334,20.66875956284153,20.86583299375319,4.2811054311188546,4.239588012784757,4.284968393737302,7.627629137862795
2024-05-15,sz001238,23.7,23.25,23.7,23.13,12678,29545118.98,2.4,-2.15,-0.51,3.96,4.103050747435957,-0.1569013124862968,22.984,23.092,23.018737027749886,4.095778106681316,4.113892831022652,4.142426379543826,22.587,22.894,22.577907168051283,4.206497253920341,4.162504266724518,4.177123763403044,21.722,22.18271428571429,21.908505704720948,4.271580388769854,4.2206564221719365,4.209559911427012,21.265666666666668,21.769698924731188,21.4482392794876,4.220924752389825,4.224344064840645,4.227954288382862,19.665166666666668,20.790748633879787,20.94400240379407,4.273634143776056,4.23375015430335,4.279003880743815,7.470485743249631
2024-05-16,sz001238,23.4,23.4,23.7,22.89,13551,31369231.0,3.48,0.65,0.15,4.24,4.131971345281056,0.02892059784509904,23.064,23.230666666666668,23.14582468516659,4.095752471354226,4.125957243889232,4.138941368122904,22.836000000000002,23.041818181818186,22.72737859204196,4.204763237857655,4.148954101517376,4.16891423283541,21.9145,22.34252380952381,22.05055278046181,4.272879616257833,4.20736032279205,4.202170524175016,21.377333333333333,21.907397849462367,21.574159325972268,4.21898501217817,4.2186051353497565,4.22176184044081,19.828500000000002,20.91320218579235,21.024526915145085,4.267231577132429,4.2291054723854815,4.274183141876183,7.496503872330193
2024-05-17,sz001238,23.33,23.07,23.33,22.8,9593,21957980.84,2.26,-1.41,-0.33,3.0,3.9819544444699737,-0.15001690081108254,23.15,23.232666666666667,23.120549790111063,4.106116631079997,4.088024568261148,4.086612393571928,22.968,23.084363636363637,22.789673393488876,4.151999455181569,4.108443411810525,4.134921544041694,21.993000000000002,22.452571428571428,22.1476429918464,4.253207876678612,4.179653163574159,4.181197564203107,21.48966666666667,22.016602150537636,21.67066517590954,4.21472862595747,4.203312840658905,4.206290395539466,19.966333333333335,21.019480874316937,21.091591606451804,4.259836950814306,4.219752123773597,4.264601873108766,7.341592401790656
2024-05-20,sz001238,23.06,23.01,23.11,22.65,6086,13896725.04,1.99,-0.26,-0.06,1.9,3.7843319480221482,-0.19762249644782548,23.298000000000002,23.185999999999996,23.08369986007404,4.052252109026279,3.9807630072418645,3.9858522450553346,23.020999999999997,23.092,22.829732776490896,4.0941071878843145,4.0415947741451745,4.071177981129049,22.014,22.54942857142857,22.229772230718172,4.212170540086775,4.134998313225925,4.14340083885254,21.584999999999997,22.114688172043014,21.75707387423796,4.2060406673817825,4.175545313050175,4.179067269893188,20.0865,21.11927322404371,21.154490242305844,4.248674699860027,4.2041617958131985,4.248855318187893,7.1429124646688065
2024-05-21,sz001238,22.8,22.94,23.3,22.67,7996,18310831.44,2.74,-0.3,-0.07,2.5,3.902872785446079,0.11854083742393096,23.134,23.066666666666666,23.03579990671603,3.980836254131043,3.930969899381799,3.958192425185583,23.044000000000004,23.07727272727273,22.84978136258346,4.060095625209444,4.006824882792769,4.040577036459418,22.054,22.63761904761905,22.297412970649777,4.178653768153348,4.1055413842125255,4.120493405194782,21.639000000000003,22.202107526881726,21.833391688803253,4.1847317446014545,4.155986094860774,4.1612482708966,20.202333333333332,21.212830601092897,21.2130315458368,4.24105644268703,4.192824028127495,4.2375116285898,7.262708064760785
2024-05-22,sz001238,22.9,22.74,23.11,22.56,6267,14186863.3,2.4,-0.87,-0.2,1.96,3.797059694699971,-0.10581309074610834,23.032,22.935333333333332,22.937199937810686,3.919638043583846,3.869711046238108,3.904481515023712,23.008,23.022000000000002,22.82982111484101,4.007708075132581,3.9590001681546823,3.996301156139518,22.159,22.70295238095238,22.339564116302178,4.141197517059494,4.06919909150268,4.089690194671467,21.695,22.273139784946242,21.891882547590143,4.164257637324208,4.130974994867131,4.137752233722624,20.308833333333332,21.296032786885245,21.263096085317557,4.230553935526516,4.17826675770169,4.223070581577019,7.151886384034891
2024-05-23,sz001238,22.68,22.43,22.8,22.32,5260,11792864.0,2.11,-1.36,-0.31,1.64,3.7209857441537393,-0.07607395054623156,22.838,22.734666666666666,22.76813329187379,3.8374409233583817,3.803493613094739,3.8433162580670546,22.951,22.91690909090909,22.757126366688098,3.9665966973563043,3.9068688352494383,3.9462438085057396,22.256999999999998,22.72876190476191,22.34817705760673,4.107283025269646,4.029178922654513,4.054575485098351,21.762999999999998,22.32055913978494,21.926599802584327,4.151626421056101,4.1023768082109715,4.110864073105277,20.402333333333335,21.36557923497268,21.301355230061244,4.220452485984593,4.1615596038861895,4.206608783628715,7.071619290111861
2024-05-24,sz001238,22.23,22.38,22.83,22.23,5313,11902080.0,2.67,-0.22,-0.05,1.66,3.725339815909737,0.004354071755997779,22.7,22.582,22.638755527915862,3.786117997646335,3.7661265772785244,3.803990777347949,22.925,22.81309090909091,22.68855793638117,3.9461173143631663,3.863003947713699,3.906079446215557,22.377000000000002,22.740476190476194,22.351207814025138,4.085290768481832,3.99280337890595,4.023219707080387,21.824,22.360365591397844,21.95585142822405,4.143543458942087,4.074874446588626,4.085991540382984,20.48366666666667,21.430420765027325,21.336720632354314,4.2076817197831025,4.145326401588654,4.190829473211699,7.075622865055123
2024-05-27,sz001238,23.48,22.6,23.9,22.25,13320,30241589.4,7.37,0.98,0.22,4.17,4.124504224834283,0.39916440892454563,22.618000000000002,22.548666666666666,22.625837018610575,3.854152453008762,3.8789219863411737,3.910828593176727,22.958,22.754,22.672456493402773,3.953202281017519,3.895437931435721,3.9457930423280523,22.495,22.761714285714287,22.374902307927506,4.088263149555745,3.9965379937966596,4.032865851628378,21.91866666666667,22.410430107526885,21.997409400596695,4.148733275972801,4.07364610890425,4.088476229702422,20.560333333333336,21.4998087431694,21.37813962801483,4.201754517710615,4.142599270606725,4.188654874904243,7.480604612540482
2024-05-28,sz001238,22.28,22.03,22.83,22.0,8222,18238350.0,3.67,-2.52,-0.57,2.57,3.914977472444331,-0.20952675238995155,22.436,22.352666666666668,22.427224679073717,3.856573390408412,3.8991969928196966,3.912211552932595,22.785,22.585272727272727,22.555646221874994,3.918704822269728,3.888487966240595,3.9401902114401026,22.557499999999997,22.717428571428574,22.342054469077265,4.067488290603655,3.9800345959765253,4.021638386944183,21.982666666666667,22.417612903225805,21.999512019913038,4.1511726150918005,4.058565089321769,4.077282761492223,20.612833333333334,21.547994535519127,21.399512099227458,4.192685459437195,4.13319674453242,4.179681845315393,7.260985545707942
2024-05-29,sz001238,22.03,22.34,22.75,22.03,5637,12550691.0,3.27,1.41,0.31,1.76,3.751048034820188,-0.16392943762414314,22.356,22.320666666666668,22.398149786049146,3.8473710584324556,3.8640218742902883,3.8584903802284596,22.694,22.504363636363635,22.51643781789772,3.8835045510081505,3.858004913977043,3.905800724781936,22.6405,22.696714285714286,22.34185880535562,4.0450009024642455,3.9498974287590527,3.995867877218088,22.046,22.44066666666667,22.021478986370262,4.142221776182619,4.032750600271988,4.056235359771447,20.701833333333333,21.604622950819675,21.430347768105243,4.176946942083081,4.118716828971207,4.165628277758173,7.09866763730914
2024-05-30,sz001238,22.34,22.15,22.59,21.89,5398,11924807.0,3.13,-0.85,-0.19,1.69,3.732232880220498,-0.018815154599689965,22.3,22.252000000000002,22.31543319069943,3.849620485645807,3.8256424815529693,3.8164045468924725,22.569,22.40545454545455,22.449812760098133,3.8435307045020948,3.830500973833833,3.874242934861674,22.7025,22.65,22.323586538178894,4.024146971179875,3.920109998069171,3.9707597822659366,22.13266666666667,22.447376344086024,22.029770664668956,4.129763312339254,4.006299703758302,4.035331973993967,20.771,21.652103825136606,21.453942923249333,4.1639978962501,4.104136040057679,4.151418592593003,7.076451358822148
2024-05-31,sz001238,22.34,22.28,22.52,22.06,4934,10927883.0,2.08,0.59,0.13,1.54,3.6931991451537174,-0.03903373506678065,22.28,22.245333333333335,22.303622127132954,3.8431923514946034,3.7735020347222723,3.7753360796462214,22.490000000000002,22.352909090909094,22.418937712807562,3.8146551745704693,3.8031679630432182,3.8413258821875,22.729000000000003,22.60976190476191,22.319435439304716,3.983327314876019,3.8885911574952514,3.9443254358742967,22.158666666666665,22.456881720430108,22.045914492754832,4.107023642642565,3.9781342736172993,4.013258888262338,20.845333333333333,21.70157923497268,21.48102676183132,4.1539277101877055,4.088700015431568,4.13639500415237,7.038536036563812
2024-06-03,sz001238,22.47,21.85,22.47,21.6,3667,7988339.8,3.9,-1.93,-0.43,1.15,3.5643109099606027,-0.12888823519311465,22.130000000000003,22.101999999999997,22.152414751421972,3.731153688519867,3.6805415542109388,3.704994356417682,22.374,22.236545454545453,22.315494492297095,3.7926530707643145,3.7576508240232434,3.790959523600791,22.697499999999998,22.526047619047617,22.27472730222808,3.943380129324315,3.8486848332175922,3.908133576263469,22.134,22.436967741935486,22.033274848060973,4.072331383645954,3.9431205489281407,3.9842945025654517,20.915833333333335,21.734519125683054,21.493124245049966,4.140581313762346,4.069368317063467,4.117638148605099,6.902456530175411
2024-06-04,sz001238,22.0,21.44,22.27,21.2,4954,10571801.0,4.9,-1.88,-0.41,1.55,3.694956002249818,0.13064509228921528,22.012,21.872000000000003,21.914943167614652,3.687149394480964,3.6684756587875893,3.7016482383617277,22.223999999999997,22.066727272727274,22.156313675515804,3.7718613924446887,3.7398877206569714,3.773504337900614,22.634,22.406285714285712,22.195229463920647,3.9159785088270658,3.8250253925438313,3.8878309501669306,22.110666666666667,22.392193548387098,21.994999051411877,4.043056309583795,3.91877375012839,3.9656275025450882,20.987833333333334,21.75170491803279,21.49138246652374,4.132560462875198,4.054757651112237,4.103779717577058,7.024148979524438
2024-06-05,sz001238,21.12,21.14,21.79,21.12,4440,9390533.66,3.13,-1.4,-0.3,1.39,3.6473829701146196,-0.04757303213519837,21.772,21.581333333333337,21.656628778409768,3.666416381539851,3.655220183998807,3.683559815612692,22.064,21.869636363636364,21.971529370876567,3.756893719986153,3.717255280233322,3.7505731801213424,22.535999999999998,22.264000000000003,22.094731419737727,3.882300897559367,3.7994448650474077,3.8649311425429014,22.127333333333336,22.329569892473117,21.93983782228853,4.01309625136838,3.8932464379045717,3.9450955972269934,21.050833333333333,21.756693989071042,21.4798617299164,4.1253843624020075,4.038850192333202,4.0888158897914035,6.972690273736561
2024-06-06,sz001238,21.08,20.6,21.37,20.5,7396,15325743.0,4.12,-2.55,-0.54,2.31,3.8689969024871353,0.2216139323725157,21.462000000000003,21.19066666666667,21.304419185606513,3.6937691859931787,3.722747024314569,3.7453721779041733,21.881,21.603454545454547,21.722160394353555,3.771694835819493,3.737637677051682,3.7721047660060316,22.416,22.079619047619047,21.95237604642937,3.8691457665878985,3.798177817897671,3.8653183577756858,22.131666666666668,22.231032258064513,21.853396672463465,3.995420295452928,3.8839497057186856,3.9401860040179706,21.101,21.74191256830601,21.45101380434537,4.118496274838142,4.030444046106484,4.081608709879788,7.185421538523442
2024-06-07,sz001238,20.6,20.62,21.05,20.32,5248,10773696.15,3.54,0.1,0.02,1.64,3.719993826367604,-0.14900307611953156,21.130000000000003,20.910000000000004,21.07627945707101,3.699128122235956,3.731488571106044,3.7369127273919838,21.705000000000002,21.374181818181818,21.52176759538018,3.77116023686528,3.728237493514976,3.762630049708135,22.315,21.908571428571424,21.825483089626573,3.858638775614223,3.783972871210024,3.851477926213011,22.153,22.133505376344086,21.773822693594855,3.980580591276315,3.866180256100278,3.9259800570727856,21.149333333333335,21.726142076502736,21.423767450104535,4.1107826060899795,4.01737839205827,4.069752484190864,7.032364722997652
2024-06-11,sz001238,20.62,21.27,21.36,20.32,5533,11512843.2,5.04,3.15,0.65,1.73,3.7429606702141522,0.022966843846548457,21.014000000000003,20.956666666666667,21.140852971380674,3.7348580742866657,3.746099420432109,3.7389287083327067,21.572000000000003,21.29509090909091,21.47599166894742,3.7330058814032667,3.7231102995784062,3.759053798891047,22.265,21.809047619047618,21.772579938233566,3.843104081210393,3.77295590879097,3.841142949451215,22.187333333333335,22.076537634408602,21.74131800368551,3.9698440601715856,3.8508499386123956,3.9141723546948097,21.206333333333337,21.730098360655738,21.4187258943634,4.1044311586083815,4.005318656455785,4.059037998486709,7.061182589797267
2024-06-12,sz001238,21.27,21.53,21.68,21.16,2852,6087762.0,2.44,1.22,0.26,0.89,3.4551495211798278,-0.2878111490343245,21.032000000000004,21.128666666666668,21.27056864758712,3.6868967780726676,3.652863236063163,3.6443356459484137,21.522000000000002,21.287454545454544,21.485811365502432,3.687023086276816,3.6725909613559637,3.703798475670825,22.1535,21.73904761904762,21.749477086973226,3.802863954273272,3.736007855454725,3.8043816705682256,22.212333333333333,22.034129032258065,21.7276845840929,3.9406665558280425,3.8176438393226055,3.8845579783390045,21.256833333333336,21.74071038251366,21.422374225695748,4.090084494552372,3.984030733917143,4.039238376279926,6.784457665426917
2024-06-13,sz001238,21.6,21.52,21.61,21.24,3687,7857296.0,1.72,-0.05,-0.01,1.15,3.5666731376061165,0.11152361642628872,21.108,21.291333333333334,21.353712431724748,3.670754811570967,3.6127886892409795,3.6184481431676483,21.44,21.28709090909091,21.492027480865627,3.668585596555409,3.6507091525067454,3.678866596022696,22.067,21.678714285714285,21.727622126309107,3.7760450737817797,3.713513491962616,3.7817427626670725,22.240333333333336,21.9894623655914,21.71428557866755,3.9195291338279667,3.7935152316953844,3.864049278936883,21.294666666666668,21.749338797814207,21.425575070754903,4.073793338704938,3.9668697058205433,4.023744434028326,6.8952731141917605
2024-06-14,sz001238,21.51,21.82,21.88,21.24,2600,5602813.0,2.97,1.39,0.3,0.81,3.4149733479708178,-0.15169978963529873,21.351999999999997,21.528666666666663,21.509141621149833,3.5799501006677032,3.527528201374263,3.5506232114353717,21.407,21.35618181818182,21.551658847980967,3.636859643330441,3.6045978345822745,3.6308860054678087,21.988,21.655190476190477,21.73642001904157,3.7401951739162684,3.679125708552048,3.74681234221981,22.270666666666667,21.962344086021506,21.721105863914804,3.895051195230064,3.760963245511052,3.835076638229395,21.3355,21.766562841530053,21.438507035648186,4.053764977455175,3.9452690503866386,4.003784726288735,6.748406127657041
2024-06-17,sz001238,22.1,21.17,22.1,21.07,4955,10503461.0,4.72,-2.98,-0.65,1.55,3.695043658821294,0.2800703108504763,21.462,21.468,21.396094414099892,3.574960067158442,3.5658927207587934,3.598763360564013,21.296,21.31309090909091,21.482266330166247,3.637044094697199,3.6151767464897016,3.6425510333502604,21.893,21.577285714285715,21.68247525532333,3.725849634633834,3.6748255642572882,3.7418819914199513,22.25133333333333,21.891333333333336,21.685550646888046,3.8678995748164122,3.74805953348468,3.826042252461131,21.362000000000002,21.761136612021858,21.42970352628267,4.044883831739667,3.933507695677331,3.993662068338983,7.021332427215864
2024-06-18,sz001238,21.17,20.77,21.29,20.58,6795,14063878.59,3.35,-1.89,-0.4,2.12,3.832189461068513,0.13714580224721917,21.362000000000002,21.237333333333332,21.187396276066597,3.5928058253293136,3.6516358520621504,3.67657206073218,21.188000000000002,21.217454545454547,21.35276336104511,3.66383194980799,3.650657722193578,3.6770307474808517,21.781,21.470333333333336,21.59557285005444,3.728242510286152,3.6849531667748767,3.7504827028150522,22.194333333333336,21.795763440860217,21.626482863217852,3.850197402818873,3.7457556551783644,3.8264388465648334,21.381666666666668,21.74172677595628,21.40807390247012,4.039863470158958,3.9265341097536854,3.9883678844940493,7.148105108588582
2024-06-19,sz001238,20.6,20.73,21.15,20.4,7700,15918484.62,3.61,-0.19,-0.04,2.41,3.886490725172482,0.05430126410396863,21.201999999999998,21.026666666666664,21.034930850711067,3.679074066127845,3.7495308186765395,3.746544948878947,21.117,21.134181818181816,21.23953365903691,3.6829854221002565,3.6911411358962116,3.7151143797884205,21.6705,21.370238095238093,21.513137340525446,3.7274234072724726,3.700024425335479,3.763435847801474,22.128333333333334,21.701290322580647,21.56864525913928,3.838314146584796,3.7480971598463384,3.8303131613137142,21.4005,21.720360655737707,21.385841971241593,4.0341786785735065,3.9215054951639656,3.9850276497621944,7.201901722164444
2024-06-20,sz001238,20.76,20.21,20.93,20.2,6160,12515776.0,3.52,-2.51,-0.52,1.93,3.7895807121644256,-0.09691001300805624,20.94,20.696,20.759953900474045,3.7236555810395067,3.7863663673554,3.76089020330744,21.024,20.969272727272728,21.052345721030196,3.6972051963052373,3.710522097726061,3.728653712947694,21.544,21.231142857142856,21.389029022380164,3.727049458145695,3.7059441686585224,3.76592583488366,22.032,21.577526881720427,21.480990726291587,3.820602330474657,3.744953067303089,3.8276852613685994,21.390333333333334,21.681327868852463,21.347289775463178,4.021203813938,3.91348588970793,3.9786195534475133,7.097457781796424
2024-06-21,sz001238,20.22,20.2,20.37,19.88,5354,10706967.0,2.42,-0.05,-0.01,1.67,3.728678366850914,-0.060902345313511574,20.616,20.449333333333335,20.573302600316033,3.786396584815526,3.788040629292536,3.750152924488598,20.984,20.819454545454548,20.897373771751976,3.6831733427416156,3.7162444923707296,3.7286581954755524,21.4325,21.103142857142856,21.27578816310586,3.727434089280554,3.7060993028209244,3.7623784569757794,21.938666666666666,21.459333333333337,21.398346163305035,3.8071549586391376,3.7390224890047827,3.821297719786813,21.386666666666667,21.642300546448084,21.30967371725127,4.010836245856913,3.90389489144278,3.970424760444346,7.02966646413605
2024-06-24,sz001238,20.26,19.31,20.57,19.31,6401,12477815.0,6.24,-4.41,-0.89,2.0,3.8062478271957905,0.07756946034487644,20.244,20.014000000000003,20.152201733544025,3.808637418490425,3.794657710085958,3.7688512253909954,20.853,20.515090909090908,20.60876035870616,3.691798742824434,3.738621671362398,3.742765401242868,21.279000000000003,20.901,21.088570242810064,3.731479489844857,3.713605373098566,3.766556492234828,21.82766666666667,21.28974193548387,21.26361415276923,3.8030254313509597,3.7389639643955346,3.8203267589744896,21.373333333333335,21.5742131147541,21.244110644554507,4.004249969017178,3.8971870744374977,3.9650419101739014,7.096138542355832
2024-06-25,sz001238,19.27,19.58,19.92,19.2,7266,14230587.0,3.73,1.4,0.27,2.27,3.861295393526696,0.05504756633090535,20.006,19.792666666666666,19.961467822362685,3.814458604982062,3.812210368431381,3.799665948102896,20.683999999999997,20.28363636363636,20.421713020759583,3.703632215155688,3.769439244217355,3.7643163089308365,21.128,20.73919047619048,20.944896886351966,3.718319048279477,3.725968792496836,3.7755792447388155,21.738,21.1447311827957,21.154993884848633,3.796613459192158,3.7427233167939686,3.8229698966875354,21.372333333333334,21.51541530054645,21.189549639815013,4.000973955430259,3.892500039175514,3.9616403850379274,7.153222814743663
2024-06-26,sz001238,19.7,20.1,20.25,19.48,7618,15121510.0,3.93,2.66,0.52,2.38,3.8818409683249273,0.020545574798231492,19.880000000000003,19.824,20.007645214908457,3.8135286536125506,3.834671156212336,3.82705762151024,20.541,20.177454545454545,20.36321974425784,3.7463013598701975,3.8018408357026705,3.785684428820671,21.0315,20.641285714285715,20.86443051622321,3.716662223073507,3.7415423086916415,3.7856994088898737,21.616,21.03905376344086,21.086929763245497,3.784009756138914,3.7482218657702777,3.8267680303415608,21.373,21.47369945355192,21.153826700804686,3.998116155216939,3.8885940395982903,3.9590240107194683,7.179595161001431
2024-06-27,sz001238,19.92,19.68,20.36,19.62,9177,18192958.0,3.68,-2.09,-0.42,2.87,3.962700731704341,0.0808597633794137,19.774,19.757333333333335,19.898430143272307,3.848152657520534,3.8843951822429332,3.872271991574941,20.357,20.02090909090909,20.238997972574595,3.7859041192800205,3.841186176036152,3.817869211163156,20.8985,20.51257142857143,20.751627609916238,3.7272448579177144,3.7649745476088636,3.802556677729347,21.497000000000003,20.91415053763441,20.996160101100628,3.779331422281193,3.759750315806756,3.8355378820423853,21.38133333333333,21.418191256830607,21.105504513893056,4.000128087335509,3.887432878171648,3.9591445589484806,7.25990331691046
2024-06-28,sz001238,19.71,19.99,20.49,19.42,7293,14504873.0,5.44,1.58,0.31,2.28,3.862906213562998,-0.09979451814134288,19.732,19.829333333333334,19.928953428848203,3.874998226862951,3.889313034257088,3.86915006557096,20.174,19.95418181818182,20.193725613924666,3.8306974058392376,3.8551865568148753,3.826057757054036,20.7905,20.42604761904762,20.67909164706707,3.73377852458484,3.7778946767179384,3.8083042525706468,21.383333333333336,20.816924731182795,20.93124654619091,3.7703625845572586,3.7651422378249375,3.837303580850167,21.380333333333333,21.372573770491805,21.06893059540476,3.994673798367714,3.882933800343041,3.9559892033620714,7.161513930612612
2024-07-01,sz001238,19.82,20.38,20.52,19.78,5974,11970207.0,3.7,1.95,0.39,1.87,3.7762652182681093,-0.08664099529488878,19.945999999999998,20.04533333333333,20.079302285898805,3.8690017050774146,3.856402031392141,3.8381884498033436,20.095,19.991636363636363,20.227593684120183,3.8388195617839194,3.8452897954383056,3.817004568183867,20.6955,20.386952380952376,20.65060672829878,3.7379318282405594,3.781941028497297,3.805252915970405,21.29366666666667,20.752193548387094,20.89568225288827,3.763506277017196,3.765523052903057,3.8333656219739054,21.391666666666666,21.339775956284157,21.04634270703083,3.9891174514873327,3.8757728632905946,3.9500966136868594,7.0781016606971745
2024-07-02,sz001238,20.48,20.32,20.56,20.07,2963,5974532.0,2.4,-0.29,-0.06,0.93,3.471731651480051,-0.30453356678805843,20.094,20.169999999999998,20.15953485726587,3.791088956668085,3.7239786801930195,3.7160361836955795,20.05,20.032545454545453,20.244394832461968,3.8027737808250732,3.7785465390194206,3.7542276742377183,20.619,20.351190476190474,20.619120373222703,3.7333028653165314,3.756588630710583,3.773488986018943,21.204,20.689376344086025,20.858541462379353,3.753086267132459,3.7466988835135635,3.810034398071076,21.3945,21.304639344262295,21.022528192046213,3.979563467257121,3.8588093944378974,3.9344125165653243,6.776303891582041
2024-07-03,sz001238,20.21,20.38,20.43,20.04,2228,4486753.85,1.92,0.3,0.06,0.7,3.3479151865016914,-0.12381646497835952,20.15,20.26533333333333,20.23302323817725,3.684303800303438,3.576254090137555,3.5933291846309503,20.015,20.09254545454545,20.26905031746888,3.748916226957994,3.6958449764151697,3.6803526764675314,20.566,20.328428571428574,20.596347004344352,3.715950824529125,3.7198850422520255,3.732958147969681,21.118666666666666,20.63621505376344,20.827667819645203,3.7345876805009794,3.7205588137954493,3.7802202553891804,21.378833333333333,21.27137704918033,21.001461693946336,3.9596597125512174,3.8380996147409974,3.9151830959075005,6.651932244144383
2024-07-04,sz001238,20.38,19.37,20.38,19.28,9637,18770194.0,5.4,-4.96,-1.01,3.01,3.983941858983888,0.6360266724821968,20.088,20.005333333333336,19.945348825451504,3.6885520257593476,3.6761334430310386,3.7235334094152632,19.931,19.975272727272724,20.10558662338363,3.7683523416399405,3.738576909510787,3.735550709652323,20.4775,20.21452380952381,20.479552051549653,3.732778768972589,3.7454079979143846,3.7568613585424626,21.00633333333333,20.523397849462366,20.733624734506805,3.7408170859771106,3.7366461801491857,3.7933635846533553,21.350666666666665,21.205513661202183,20.94797114660383,3.9525373616506587,3.8388957506896095,3.917437481582136,7.273468761310429
2024-07-05,sz001238,19.38,20.3,20.38,19.26,9950,19795345.0,5.78,4.8,0.93,3.11,3.9978230807457256,0.01388122176183737,20.15,20.076,20.063565883634336,3.7155353991958933,3.7792237946931646,3.814963299858751,19.941,20.042363636363635,20.140934510041152,3.7952668130294223,3.7802988620754756,3.7832365953056684,20.4625,20.197619047619046,20.462451856163973,3.7392200778855185,3.770650313321349,3.7798100939903923,20.935333333333336,20.477827956989245,20.705648945183786,3.7500449971968433,3.753227212069741,3.8065545198851214,21.34916666666667,21.171065573770495,20.926726190977476,3.9508357091264723,3.8403805283648587,3.920073074997336,7.296563075186005
2024-07-08,sz001238,19.82,19.51,20.17,19.38,7076,13769804.0,3.89,-3.89,-0.79,2.21,3.8497878242376857,-0.14803525650803984,19.976,19.862666666666666,19.879043922422895,3.7302399203898085,3.8239746030404285,3.8265714746517294,19.961000000000002,19.964,20.026219144579123,3.799620812733611,3.7902117732042497,3.7953368187478533,20.407,20.10690476190476,20.37174215557693,3.745709777779022,3.7811805748786993,3.7864746397282296,20.83966666666667,20.385870967741937,20.628510303559025,3.754193264141108,3.7596622331691503,3.809343765327222,21.331833333333332,21.1107650273224,20.880276151929035,3.948868361541598,3.8370674829586684,3.9177686405461998,7.138927758534029
2024-07-09,sz001238,19.51,19.92,19.93,19.38,6966,13594946.8,2.82,2.1,0.41,2.18,3.8429834701222174,-0.006804354115468314,19.896000000000004,19.844,19.892695948281933,3.804490284118242,3.8615557862845646,3.832042139808559,19.995,19.956545454545456,20.00690657283746,3.7977896203931634,3.7980958927294513,3.803999846270465,20.3395,20.06052380952381,20.32871909314103,3.7507109177744256,3.790444736054241,3.7918564330990856,20.750333333333334,20.326537634408606,20.582799961393928,3.7448092389840393,3.7653906335550276,3.811514068862383,21.3345,21.064475409836067,20.84879168793136,3.9467712574784204,3.833595847174426,3.9153166677454134,7.133377512437558
2024-07-10,sz001238,19.58,19.64,20.05,19.56,2625,5138931.0,2.46,-1.41,-0.28,0.82,3.4191293077419758,-0.42385416238024165,19.748,19.758666666666667,19.80846396552129,3.818733108366298,3.7331021274924767,3.6944045291196983,19.949,19.892000000000003,19.940196286867014,3.7515184543348683,3.729248563156508,3.7340233847198303,20.244999999999997,19.99390476190476,20.26312679855617,3.748909907102533,3.75886553509877,3.7563586116365038,20.670666666666666,20.25490322580645,20.52197415743303,3.728280966827294,3.7443790250877984,3.7861989229836475,21.326666666666668,21.008918032786884,20.80915917357295,3.9397267909595475,3.8162961111174933,3.8990482297125135,6.710872786488359
2024-07-11,sz001238,19.91,20.12,20.17,19.74,2955,5848809.0,2.19,2.44,0.48,0.92,3.4705574852172743,0.05142817747529849,19.898,19.88266666666667,19.91230931034753,3.7160562336129757,3.617043586442802,3.6197888478188904,19.993,19.923090909090913,19.972887871073013,3.702304129686161,3.6781647505896724,3.6861204939011833,20.175,19.982000000000003,20.24949567488415,3.7441041244830906,3.732355780633507,3.7291394567394343,20.596666666666668,20.219376344086022,20.496040340824447,3.7189312818405305,3.7277517036936034,3.7658349592567846,21.32133333333333,20.96935519125683,20.786563790832854,3.930576529011575,3.800913510929223,3.884999352843817,6.767067439178256
2024-07-12,sz001238,20.05,19.92,20.34,19.84,3575,7104396.0,2.49,-0.99,-0.2,1.12,3.5532760461370994,0.0827185609198251,19.822,19.89,19.914872873565024,3.6271468266912508,3.5627835239508423,3.59761791392496,19.986,19.90981818181818,19.963271894514282,3.671341112943572,3.6510687353989346,3.661966957944077,20.080000000000002,19.957714285714285,20.218115134418994,3.7510192593914047,3.714181677933889,3.7123905604915928,20.522333333333332,20.17572043010753,20.458876447868032,3.7129660540377505,3.7170642691320928,3.7521214809909984,21.3275,20.923409836065577,20.758151863264565,3.921364683188502,3.7885430032939933,3.8741231788534325,6.85152716107877
2024-07-15,sz001238,19.78,19.72,20.14,19.45,3966,7743663.0,3.46,-1.0,-0.2,1.24,3.598352709869284,0.04507666373218466,19.863999999999997,19.856,19.84991524904335,3.5768598038175705,3.5531854850101876,3.597862845906402,19.92,19.861454545454546,19.91904064096623,3.6535498621036893,3.6377981166581543,3.650400731021387,20.0075,19.923428571428573,20.170675597807662,3.7461847119438048,3.6996420065508295,3.701529812813278,20.437,20.12395698924731,20.411206999618486,3.709804506194936,3.7096698598309006,3.7422009151121784,21.297833333333337,20.870704918032786,20.724114097255892,3.9084140744187503,3.777952446791724,3.8650815241326404,6.888946444452062
2024-07-16,sz001238,19.72,20.32,20.67,19.4,9216,18326759.0,6.44,3.04,0.6,2.88,3.964542466079137,0.36618975620985283,19.944000000000003,20.008,20.0066101660289,3.601171603008954,3.682413039097376,3.7200893859639805,19.919999999999998,19.93418181818182,19.991942342608734,3.7028309435635975,3.694342226471872,3.707517410122796,19.985000000000003,19.953190476190475,20.184896969445028,3.7528023621943363,3.7204379831351475,3.726578636933836,20.386000000000003,20.11640860215054,20.405322677062458,3.723145558065554,3.726104566920204,3.7565455313035954,21.26,20.838644808743165,20.710864454722913,3.8977384708557543,3.7797927219281306,3.8683425386226897,7.26308566884287
2024-07-17,sz001238,20.16,20.33,20.44,19.52,9536,18848960.0,4.53,0.05,0.01,2.98,3.979366242396161,0.014823776317024251,20.082,20.136666666666667,20.1144067773526,3.7132189899397914,3.808477918893112,3.806515004774708,19.915,20.008727272727274,20.053407371225326,3.765976049153045,3.7446213717141568,3.756944470536135,19.965,19.986047619047618,20.198716305688357,3.7574461380555193,3.742015495535321,3.750653646977867,20.348999999999997,20.112795698924728,20.400463149510042,3.732625899403765,3.7426349336512104,3.7709210610515034,21.229833333333332,20.808153005464483,20.69837709555167,3.88784110449378,3.782469042306504,3.8719826600578853,7.275287392805929
2024-07-18,sz001238,20.08,19.93,20.09,19.66,5659,11118048.0,2.12,-1.97,-0.4,1.77,3.752739693935328,-0.2266265484608332,20.044,20.086,20.0529378515684,3.7696554316834017,3.821651486891624,3.788589901161582,19.971,20.011454545454544,20.030969667366175,3.742855832648189,3.7422147616745716,3.7561799656996246,19.951,19.982714285714284,20.17312427657518,3.7556040871440644,3.74156726276197,3.7508523181166726,20.308666666666667,20.085763440860212,20.37011068825133,3.7361377901977884,3.743932597814538,3.7697480696246535,21.218,20.765535519125685,20.673184403894236,3.874617020783085,3.7780394878619648,3.868073054611244,7.046028544688162
2024-07-19,sz001238,19.64,20.42,20.83,19.58,8641,17318563.0,6.27,2.46,0.49,2.7,3.936564005135266,0.18382431119993825,20.144,20.211333333333336,20.175291901045604,3.8463130234830354,3.877287678042246,3.8379146024861432,19.983,20.093090909090908,20.10170245511778,3.7367299250871424,3.777434429399495,3.788977063778832,19.961999999999996,20.027380952380952,20.196636250234686,3.765998369058282,3.758801540665894,3.768539145451777,20.302666666666664,20.09294623655914,20.37332935352544,3.7383900269527266,3.7568633213588907,3.7805103880446933,21.21716666666667,20.739371584699455,20.6648832758977,3.8669051612028276,3.7800705365292497,3.8703186595464576,7.238511853786339
2024-07-22,sz001238,20.34,20.97,21.04,20.12,7601,15618812.0,4.51,2.69,0.55,2.38,3.8808707325324234,-0.055693272602842736,20.394,20.486666666666665,20.44019460069707,3.902816628015663,3.8888069143920414,3.8522333125015704,20.128999999999998,20.272545454545455,20.259574736005455,3.739838215916617,3.8036418489350003,3.805685003552212,20.044999999999998,20.123380952380955,20.270289940688528,3.769729514325114,3.7697417657586683,3.77923739184041,20.314333333333334,20.136,20.41182423394315,3.7437525904915536,3.766055624944678,3.7869852489793856,21.233666666666668,20.731267759562837,20.674887102917445,3.8621665908839335,3.7805284241138266,3.8706646291525546,7.193647997437195
2024-07-23,sz001238,21.02,20.83,21.23,20.72,5054,10543780.0,2.43,-0.67,-0.14,1.58,3.703635237583896,-0.17723549494852753,20.496,20.631999999999998,20.570129733798048,3.8506351823166147,3.8224131175814526,3.8027006208623457,20.22,20.4,20.3632884203681,3.725903392662785,3.7970594892381415,3.787130500648882,20.107499999999998,20.198142857142855,20.323595660622953,3.7618465065279745,3.7634470727356963,3.772037186673123,20.299666666666667,20.169268817204298,20.438803315624238,3.742441742737212,3.7634674086280553,3.781607828889354,21.2435,20.71803278688525,20.67997277167425,3.856142901454399,3.775330674825301,3.8651882556585,7.0229963356241
2024-07-24,sz001238,20.83,20.27,20.94,20.06,6248,12641040.9,4.22,-2.69,-0.56,1.95,3.7957410208692437,0.0921057832853478,20.483999999999998,20.55666666666667,20.4700864891987,3.8139101380112317,3.8041150637656624,3.800380754197979,20.283,20.40909090909091,20.34632688939208,3.7635645639755113,3.809757239821135,3.7886960497798565,20.116000000000003,20.213619047619048,20.318491311992197,3.75754150915519,3.7666751217205783,3.774294694691801,20.25766666666667,20.167354838709677,20.427912779132352,3.753794792726859,3.7669060717333473,3.7825196477267666,21.235000000000003,20.686114754098362,20.666531041455425,3.84723067427745,3.7733502852979193,3.862911297140819,7.101782836487019
2024-07-25,sz001238,20.1,20.3,20.51,19.86,3751,7521786.6,3.21,0.15,0.03,1.17,3.574147064150723,-0.22159395671852078,20.558,20.495333333333335,20.413390992799133,3.77819161205431,3.7241940391454924,3.724969524182227,20.301000000000002,20.412181818181814,20.33790381859352,3.7739235218688565,3.7753176943984452,3.749687143301832,20.147,20.23114285714286,20.31673023465961,3.7381138257775093,3.749208984101106,3.7552330155926503,20.217,20.170086021505377,20.419660341768974,3.7540439236116794,3.7553158956961763,3.76907625523799,21.228666666666665,20.65545901639344,20.654513630260166,3.836786528719823,3.764396724310157,3.853443617370652,6.876321007927498
2024-07-26,sz001238,20.35,20.13,20.53,20.08,4651,9365664.0,2.22,-0.84,-0.17,1.45,3.6675463395115164,0.09339927536079351,20.5,20.352666666666664,20.31892732853276,3.72438807892956,3.6873122816312285,3.7058284626253237,20.322,20.38109090909091,20.30010312430379,3.785350551206298,3.755976388515293,3.7347524517035926,20.154,20.229523809523812,20.298946402787266,3.7283458320749348,3.742488271123391,3.7468819035849235,20.160666666666664,20.16447311827957,20.40097257778388,3.7624630233297025,3.749735406399392,3.7625259380943468,21.215666666666667,20.619437158469946,20.637316462054912,3.8287571092798833,3.7588478656475894,3.8473486246539585,6.971538573095492
2024-07-29,sz001238,20.21,19.82,20.31,19.73,4419,8722614.0,2.88,-1.54,-0.31,1.38,3.6453240015622934,-0.022222337949223014,20.27,20.125999999999998,20.15261821902184,3.6772787327355347,3.660957589175472,3.6856603089376474,20.332,20.28981818181818,20.212811647157647,3.7900476803755994,3.7305170158527465,3.7184927334960833,20.125999999999998,20.197714285714284,20.25333245966467,3.7217987712396434,3.734581430122188,3.737209722439911,20.115666666666666,20.142494623655914,20.36349047599137,3.760805701421069,3.742178050156333,3.7549645228342143,21.1835,20.57367759562841,20.610519201003928,3.814352638118741,3.7528336653945535,3.8407248665198055,6.94064665415883
2024-07-30,sz001238,19.77,20.03,20.13,19.64,3830,7531816.42,2.47,1.06,0.21,1.2,3.583198773968623,-0.06212522759367056,20.110000000000003,20.046000000000003,20.111745479347896,3.65319144001248,3.6295976029198354,3.651506463947973,20.303,20.234909090909092,20.179573165856254,3.7519133111645475,3.692908123778751,3.6938938317638175,20.1115,20.18857142857143,20.232062701601368,3.727372127364073,3.72138143038209,3.7225420130616933,20.091,20.136967741935486,20.34197496141128,3.7525060118510734,3.7307195387077887,3.7438828616170796,21.142666666666667,20.535857923497268,20.591485784577568,3.8013517073349727,3.7452548501765173,3.8322813880755042,6.8768997260083795
2024-07-31,sz001238,20.03,20.67,20.69,20.03,4631,9411095.0,3.3,3.2,0.64,1.45,3.665674780993893,0.08247600702527036,20.189999999999998,20.232666666666667,20.297830319565264,3.6271781920374098,3.633758716580307,3.656229236296613,20.337,20.301636363636362,20.268741681155117,3.7205441650243207,3.67722839102045,3.688763095260195,20.126,20.24176190476191,20.27377101573457,3.7432601070886826,3.7155054926325506,3.717126086198093,20.089,20.174322580645164,20.36313786712668,3.745145480378453,3.7251175238137773,3.738837178996229,21.108666666666668,20.520360655737697,20.594060021148795,3.7917298134816244,3.7408064263620555,3.8268188763679105,6.973640157411408
2024-08-01,sz001238,20.67,20.45,20.96,20.39,4257,8696753.0,2.76,-1.06,-0.22,1.33,3.6291036501771363,-0.03657113081675689,20.22,20.319333333333336,20.348553546376845,3.6381695092426924,3.6344005359602156,3.6471873742567875,20.389000000000003,20.322181818181818,20.30169773912691,3.7081805606485014,3.660602842866417,3.6779159234269114,20.18,20.27261904761905,20.29055472852175,3.725518196648345,3.7046334491171646,3.70874299705324,20.096999999999998,20.19761290322581,20.368741875699154,3.739796244978877,3.717630954123369,3.7317575964917715,21.0645,20.498765027322403,20.589336741766868,3.780199287726767,3.7354744210078104,3.8203364099354262,6.939357135676553
2024-08-02,sz001238,20.2,20.4,20.73,20.17,3750,7632342.0,2.74,-0.24,-0.05,1.17,3.574031267727719,-0.05507238244941748,20.274,20.37933333333333,20.36570236425123,3.6194664948859328,3.6130211221218906,3.6228020054137646,20.387,20.324181818181817,20.31957087746747,3.671927286907747,3.6362120623353653,3.6590278042088764,20.185,20.293571428571425,20.300978087710156,3.704328605997445,3.690206122553295,3.6959133085460474,20.103666666666665,20.21716129032258,20.370758528879854,3.7346413416747706,3.7069364394620044,3.721581704313446,21.021166666666666,20.476978142076504,20.583128979741723,3.770898150156954,3.728714813794727,3.8122608315023863,6.882657822569339
2024-08-05,sz001238,20.57,19.96,20.88,19.91,5629,11412160.0,4.75,-2.16,-0.44,1.76,3.750431248660202,0.1763999809324832,20.302,20.27466666666667,20.230468242834156,3.6404879443055145,3.656676040046647,3.6653450864959107,20.285999999999998,20.246545454545455,20.254194354291563,3.658883338520524,3.650485509926721,3.6756466122909353,20.207500000000003,20.272142857142857,20.268503984118716,3.6993607772185713,3.694596850425939,3.701105493318824,20.125333333333334,20.207892473118275,20.344257978629543,3.7327807890569176,3.7079551431384847,3.7234429652390433,20.976499999999998,20.442185792349726,20.562698521389535,3.7679031102039384,3.7280437678440133,3.8102336320649375,7.057367851894082
2024-08-06,sz001238,20.19,20.16,20.7,19.82,4218,8387140.4,4.41,1.0,0.2,1.32,3.6251065754034677,-0.12532467325673435,20.327999999999996,20.227333333333334,20.206978828556107,3.6488695045924837,3.651548917079298,3.651932249465097,20.219,20.223636363636363,20.237068108056732,3.6510304723024816,3.644344280269074,3.666457514675032,20.2195,20.267619047619046,20.258170271345506,3.6884669324826334,3.6875250216816435,3.6938675011364093,20.14466666666667,20.210129032258063,20.332370367105057,3.72490782845281,3.701008419676971,3.717098682023845,20.941333333333333,20.415415300546442,20.54949529118004,3.760760643822484,3.7233619142439984,3.8041638925022663,6.923613913130121
2024-08-07,sz001238,20.16,20.1,20.5,19.94,2319,4632619.0,2.78,-0.3,-0.06,0.73,3.3653007486379876,-0.25980582676548014,20.214000000000002,20.151333333333334,20.171319219037407,3.5887946981213026,3.557025998427799,3.556388415856061,20.202,20.201999999999998,20.2121466338646,3.607986445079356,3.5923934214209847,3.6117017390319326,20.2425,20.256238095238093,20.243106435979268,3.6857755045274336,3.656747289886915,3.662575429469893,20.14466666666667,20.207247311827956,20.317378730517635,3.707689821129912,3.677807962914724,3.6944020411602416,20.880333333333333,20.387830601092897,20.534757740649546,3.745849788634413,3.710396016041228,3.7897749369657325,6.665826584036173
2024-08-08,sz001238,20.0,20.0,20.16,19.82,3159,6264008.7,1.69,-0.5,-0.1,0.99,3.499549625905149,0.1342488772671615,20.124000000000002,20.080000000000002,20.114212812691605,3.5628838932669056,3.527277641022415,3.5374421525390902,20.172,20.16527272727273,20.17357451861649,3.600526701254799,3.572677636116583,3.5913104457361538,20.2365,20.23314285714286,20.21995344207648,3.6872251115618275,3.6390114919228873,3.647049162463727,20.15533333333333,20.197913978494622,20.296902683387465,3.6922514509366056,3.664379563222804,3.681830917595397,20.826166666666666,20.358967213114752,20.51722469997251,3.7357914366088996,3.7023206008697764,3.780259352996533,6.7968523522362485
2024-08-09,sz001238,20.04,19.96,20.17,19.92,2235,4440444.0,1.25,-0.2,-0.04,0.7,3.3492775274679554,-0.1502720984371937,20.036,20.025333333333332,20.062808541794404,3.5179331452149527,3.4560755190894317,3.474720610848712,20.155,20.126727272727276,20.134742787958945,3.5686998200504427,3.5269959681553384,3.547304460596481,20.2385,20.206809523809525,20.195195971402534,3.67702518562837,3.606826007723471,3.6186899591307964,20.154333333333334,20.185311827956987,20.275167026394726,3.675130494733437,3.642252213321601,3.6603758601678207,20.768833333333337,20.33056830601093,20.49895503767833,3.722746539645348,3.6896480136848275,3.766128801339858,6.647426397391483
2024-08-12,sz001238,19.96,20.24,20.49,19.82,5788,11583292.0,3.36,1.4,0.28,1.81,3.762528522447,0.4132509949790446,20.092000000000002,20.09333333333333,20.12187236119627,3.5203525999723118,3.537607311500113,3.570656581381475,20.197,20.142181818181818,20.1538804628755,3.5804202721389133,3.5622375504092583,3.5864361082056657,20.2645,20.20695238095238,20.19946302174515,3.6852339762572557,3.6149691826585792,3.6323888699228157,20.14966666666667,20.190838709677422,20.272898185982164,3.6746726048727334,3.647890795754735,3.6669663545084132,20.721666666666668,20.31322950819672,20.490464708574123,3.7190894409449644,3.690952340989799,3.7660107594089447,7.063832004491021
2024-08-13,sz001238,20.25,20.38,20.38,19.97,2912,5835543.0,2.03,0.69,0.14,0.91,3.4641913706409997,-0.2983371518060003,20.136000000000003,20.18933333333333,20.207914907464183,3.4881695590198185,3.5188869017230098,3.5351681778013164,20.232,20.175454545454546,20.194993105989045,3.568519531806151,3.5411050228641834,3.5642097922848173,20.2675,20.217952380952383,20.216657019674184,3.660216421485349,3.5939175059332213,3.6163700604674047,20.151666666666667,20.205698924731177,20.27980798043493,3.674421262178099,3.63431136128817,3.6538840974847093,20.677833333333332,20.302027322404374,20.48684291485038,3.713753764655279,3.6825950272093406,3.7561150417444216,6.7660812735659075
2024-08-14,sz001238,20.38,20.63,20.66,20.38,3598,7330126.0,1.37,1.23,0.25,1.13,3.5560611590095323,0.09186978836853266,20.241999999999997,20.354,20.348609938309455,3.526321641094127,3.541517435052915,3.5421325048707217,20.227999999999998,20.24781818181818,20.27408526853649,3.557558169607715,3.538839864173889,3.5627282225984014,20.2825,20.25247619047619,20.25602301780045,3.6390511673160177,3.5839979571260008,3.610626355566655,20.160000000000004,20.236559139784948,20.30240101395526,3.6813594612616933,3.626675225599877,3.6475729401637302,20.639333333333337,20.30045901639344,20.49153658977332,3.707973570881337,3.6774247778439073,3.749555898048196,6.865111439939137
2024-08-15,sz001238,21.14,21.16,21.17,20.47,8306,17195910.0,3.39,2.57,0.53,2.6,3.9193919267738595,0.36333076776432716,20.474,20.66,20.619073292206302,3.610290101267869,3.6725408636128254,3.667885645505101,20.299,20.417272727272728,20.435160674257126,3.586586997267387,3.6046278200222788,3.627576168812121,20.344,20.33604761904762,20.34211606372422,3.647383778957945,3.610697077074366,3.6400326004435315,20.21966666666667,20.301075268817204,20.35772998079686,3.6792077968546923,3.6420321588587257,3.665109648977287,20.613,20.317530054644806,20.513453422895505,3.710012441415901,3.684356527217432,3.7551242924326433,7.23542516343929
2024-08-16,sz001238,21.07,21.35,21.53,20.96,6206,13135683.0,2.69,0.9,0.19,1.94,3.792811771248147,-0.12658015552571245,20.752,20.951999999999998,20.862715528137535,3.6989969500239077,3.7333814202729183,3.70952768741945,20.394,20.608363636363638,20.601495097119468,3.60846504761943,3.6421232334733262,3.6576190056186713,20.3905,20.431857142857144,20.438105010036196,3.6401961672635883,3.624547362054386,3.654582997663019,20.254666666666665,20.374,20.421747401390615,3.6723740865381065,3.649361447529271,3.673348495575407,20.595000000000002,20.34169398907104,20.540881179521882,3.711209541867475,3.68707125934308,3.7563599474757745,7.118452659186758
2024-08-19,sz001238,21.13,21.09,21.47,20.78,5067,10596067.0,3.23,-1.22,-0.26,1.58,3.704750904290671,-0.08806086695747606,20.922,21.064666666666668,20.938477018758356,3.687441426392642,3.7352994050285058,3.707935426376524,20.507,20.73490909090909,20.690314170370474,3.603897013182477,3.6596297528680974,3.666188441740853,20.3965,20.498476190476193,20.500190247175606,3.631390175851501,3.630695432247441,3.6593608935323187,20.30733333333333,20.42789247311828,20.46486047226864,3.6675395225398733,3.6514502744810495,3.675374457428005,20.5735,20.35792349726776,20.558885075275263,3.71086639334049,3.6868595007340046,3.754667847699214,7.025144695721672
2024-08-20,sz001238,21.07,20.82,21.22,20.57,4556,9406441.0,3.08,-1.28,-0.27,1.42,3.6585837154070626,-0.04616718888360838,21.009999999999998,21.03066666666667,20.898984679172237,3.726319895345854,3.7256801680333127,3.6914848560533704,20.573,20.79181818181818,20.713893412121294,3.6072447271828367,3.669572789636203,3.664805764225618,20.396,20.538809523809523,20.530648318873165,3.629137599742659,3.6332852931574955,3.659286876568008,20.337333333333333,20.460967741935484,20.487772699864212,3.661392864049368,3.6508724804724806,3.6742911837492347,20.543833333333332,20.366005464480875,20.567446220348202,3.703101051516703,3.6851453145722526,3.7515175482797987,6.973425335815214
2024-08-21,sz001238,20.76,20.93,20.93,20.52,3411,7016093.0,1.97,0.53,0.11,1.07,3.5328817194073974,-0.12570199599966525,21.07,21.004,20.90932311944816,3.721684007425428,3.6612007760538265,3.6386171438380464,20.656,20.856727272727277,20.75318551900833,3.6240028242597773,3.6560522427679416,3.6408195742586686,20.429,20.589666666666666,20.568681812313816,3.615994634669567,3.6241180664588986,3.6472482901717598,20.380333333333333,20.499204301075267,20.51630349342136,3.665184611104882,3.6425814388826763,3.6651679925013747,20.5255,20.378666666666668,20.57933322951711,3.696732788966088,3.6795643528637503,3.7443491604479164,6.846095337073938
2024-08-22,sz001238,20.83,20.93,21.35,20.83,5157,10771344.0,2.48,0.0,0.0,1.61,3.712397131406715,0.17951541199931764,21.023999999999997,20.957333333333334,20.916215412965443,3.680285048351999,3.658105150714256,3.6632104730276027,20.749,20.90654545454546,20.785333606461357,3.6452875748099336,3.672123934976476,3.653833675558313,20.460500000000003,20.637380952380955,20.60309306828393,3.622907138032366,3.6332992566243414,3.653452941717946,20.407333333333334,20.534666666666663,20.542993590619986,3.6732459326445293,3.6456274079344073,3.6682150337210744,20.502000000000002,20.391928961748633,20.590830500680482,3.6960886072425296,3.680077937861804,3.7433015529383686,7.032269895996862
2024-08-23,sz001238,20.79,20.65,21.13,20.57,2574,5288439.0,2.68,-1.34,-0.28,0.8,3.410608542568368,-0.30178858883834714,20.884,20.832666666666668,20.82747694197696,3.6038444026160428,3.568212982119713,3.5790098295411914,20.817999999999998,20.888545454545454,20.760727496195653,3.651420676319975,3.6294550200234648,3.609610924105595,20.4865,20.655428571428573,20.607560395114028,3.6100602481852087,3.613080342770626,3.6303249037037,20.43166666666667,20.55032258064516,20.549897229934828,3.6684903491922385,3.628683060187558,3.6515952600983193,20.477,20.39678142076503,20.59277048426473,3.6907282016149945,3.6707179357413398,3.732393585385254,6.7233274993074
2024-08-26,sz001238,20.54,20.92,21.52,20.49,7527,15704524.0,4.99,1.31,0.27,2.35,3.876621916034273,0.4660133734659051,20.85,20.84466666666667,20.858317961317976,3.638218604964764,3.659138819925789,3.678213858372219,20.886000000000003,20.907090909090908,20.78968613325099,3.662830015678703,3.6704006999715184,3.6581583771835366,20.5415,20.696714285714286,20.63731654796031,3.6216251439088083,3.638467168280062,3.653781762020898,20.471666666666668,20.581827956989247,20.57377482800355,3.6777659893977384,3.642110903209625,3.666113108868381,20.454333333333334,20.41130601092896,20.603499320846215,3.693785247796337,3.6768128116239396,3.7371223831114517,7.196024777582264
2024-08-27,sz001238,20.87,21.03,21.29,20.72,4547,9489030.0,2.72,0.53,0.11,1.42,3.6577249542051082,-0.21889696182916474,20.892000000000003,20.90466666666667,20.91554530754532,3.638046852724372,3.6656409363392375,3.671384223649849,20.951,20.933272727272726,20.83337956356899,3.6821833740351138,3.669472506976319,3.65807957300564,20.5915,20.743238095238095,20.67471497196409,3.625351452920632,3.6419052454511385,3.6541573041336797,20.495333333333335,20.61784946236559,20.603208710067836,3.667538739001937,3.6408179331971975,3.665571937599783,20.440666666666665,20.43018032786885,20.61748294967093,3.6953421485337454,3.6756305069160295,3.7345191887210794,6.9772218196793165
2024-08-28,sz001238,21.02,21.27,21.28,20.74,8799,18407767.0,2.57,1.14,0.24,2.75,3.9444333177002147,0.2867083634951064,20.96,21.03066666666667,21.033696871696883,3.7203571723829354,3.767769757997852,3.7624005883333047,21.015,20.991272727272726,20.912765097465535,3.7210205899041817,3.717154314915429,3.7101438902228354,20.6215,20.80785714285714,20.73140878415799,3.6392893797559487,3.6722939944777653,3.6818026387590637,20.526666666666667,20.66782795698925,20.646227502966685,3.666374308178739,3.6586820995648277,3.6835629943804564,20.437833333333334,20.45737158469945,20.638876951321063,3.699500103791252,3.6837974304952588,3.7414016191794115,7.265001108525934
2024-08-29,sz001238,21.02,21.12,21.33,20.82,6078,12753140.99,2.4,-0.71,-0.15,1.9,3.7837606957439243,-0.1606726219562904,20.998,21.084000000000003,21.062464581131255,3.734629885250378,3.788904265784848,3.769520624136845,21.011000000000003,21.01036363636364,20.95044417065362,3.7074574668011886,3.7285616068862915,3.7235287639539423,20.655,20.855333333333334,20.768417471381035,3.6470222320342875,3.686053167429,3.6915129299004787,20.566333333333333,20.70610752688172,20.67679347051722,3.6674083415723593,3.666255414891614,3.690027362210358,20.4375,20.479737704918033,20.654651477507258,3.7017730658850736,3.6865600728543626,3.7427904413618545,7.105617160975936
2024-08-30,sz001238,20.95,20.97,21.32,20.95,9949,20777032.05,1.75,-0.71,-0.15,3.11,3.997779430865604,0.2140187351216798,21.062,21.074666666666666,21.031643054087503,3.8520640629098244,3.8766207809899234,3.8456068930464316,20.973,21.002909090909093,20.953999775989324,3.727954232762934,3.7813474185343674,3.773392521574244,20.683500000000002,20.885333333333335,20.787615807439984,3.668209640191182,3.719458614936745,3.7206811680876335,20.58466666666667,20.73215053763441,20.695710020806434,3.6694488557633704,3.687569678716985,3.709882334381664,20.44366666666667,20.497196721311475,20.66499077332669,3.7039194413580483,3.6962651995750355,3.751150736099682,7.317583509709805
2024-09-02,sz001238,21.02,21.34,21.47,20.97,11827,24983924.5,2.38,1.76,0.37,3.7,4.072874596810989,0.07509516594538468,21.145999999999997,21.167333333333332,21.134428702725003,3.8913145990651685,3.950224292290312,3.921362794301284,20.997999999999998,21.069636363636366,21.024181634900355,3.7647666020149657,3.844060211997649,3.827843807980925,20.752499999999998,20.94785714285714,20.84022382577903,3.6843318075987215,3.7579981346148217,3.7542233993946197,20.596999999999998,20.78088172043011,20.737277116238275,3.6758489845726556,3.713597145881347,3.733301190022266,20.455666666666666,20.526584699453554,20.68712222338155,3.7098007875321044,3.708362089917755,3.761699059401692,7.3976606588108815
2024-09-03,sz001238,21.38,21.18,21.51,21.02,6814,14340081.46,2.3,-0.75,-0.16,2.13,3.8334021292318585,-0.2394724675791302,21.176,21.17866666666667,21.149619135150004,3.9264500340705184,3.9309201356792083,3.8920425726114756,21.034,21.10272727272727,21.052512246736654,3.782248443397445,3.8565393987643564,3.828854411844731,20.8035,20.98857142857143,20.872583461419126,3.694746585290141,3.7721953081036923,3.76176423080769,20.608666666666668,20.818494623655916,20.765839882932582,3.6801745476275878,3.7237618648916184,3.739759315132562,20.454166666666666,20.550333333333338,20.703282150483794,3.7113081451823997,3.7124145929243038,3.7640499797239926,7.156551618383944
2024-09-04,sz001238,21.18,21.42,21.54,20.91,6238,13214589.28,2.97,1.13,0.24,1.95,3.795045370421125,-0.03835675881073364,21.206,21.26,21.239746090100006,3.8965724446147,3.88711858112941,3.8597101718813587,21.083,21.17290909090909,21.119328201875444,3.808464808498818,3.858866112768662,3.8227073134040754,20.8695,21.04728571428571,20.9247183698554,3.7162338163792974,3.7817475733542625,3.764933863151827,20.647,20.87083870967742,20.808043761453064,3.680151359279317,3.731172885717008,3.7433261574092436,20.452333333333335,20.581999999999997,20.72678109636957,3.716973076003088,3.715160075719017,3.765066222041931,7.121053669457773
2024-09-05,sz001238,21.23,21.74,22.03,21.23,9340,20126189.0,3.73,1.49,0.32,2.92,3.9703468762300935,0.17530150580896864,21.33,21.438,21.406497393400006,3.933889680711934,3.9117100583345414,3.8965890733309374,21.164,21.292363636363635,21.23217761971627,3.8342597829811558,3.88829921599253,3.849550870281533,20.9565,21.13019047619047,21.00236423939298,3.7397736788955447,3.8059488171495763,3.7844970072545188,20.695,20.94135483870968,20.868169970391577,3.693358019681963,3.7498951771331863,3.757972655397686,20.456,20.624218579234974,20.76000138829188,3.723700971646821,3.7234674134313774,3.771796735294002,7.303761546723664
2024-09-06,sz001238,21.58,21.35,21.77,21.18,5895,12580694.0,2.71,-1.79,-0.39,1.84,3.770483809431108,-0.19986306679898558,21.406,21.444666666666667,21.38766492893334,3.8884305564250345,3.857241434574267,3.8545539853643276,21.234,21.32618181818182,21.25359987067695,3.8702473096674295,3.876703584437977,3.835175041036001,21.026000000000003,21.167666666666666,21.03547240706984,3.760833992993703,3.808873591486296,3.7831624169856224,20.735666666666667,20.983612903225804,20.899255778753414,3.6967892686792823,3.754871034536357,3.758779826625649,20.44816666666667,20.653530054644804,20.779345605069192,3.7296261460044926,3.7250012769652883,3.7717536885443983,7.099704599142404
2024-09-09,sz001238,21.15,21.33,21.57,21.15,3103,6580784.0,1.97,-0.09,-0.02,0.97,3.491781775584166,-0.27870203384694214,21.404,21.419333333333334,21.36844328595556,3.7722119921796704,3.725025174293976,3.733629915437607,21.275,21.343636363636364,21.26749080328114,3.8317632956224186,3.8078916691501106,3.7727399018629395,21.0805,21.19661904761905,21.063522654015568,3.747296655650561,3.7832495707806255,3.755411879709293,20.785999999999998,21.02195698924731,20.92704572851126,3.6916711944800116,3.741644744659254,3.7415541459132955,20.450833333333332,20.68244262295082,20.797399847525938,3.7262384479505406,3.7172031008859334,3.7625742815620953,6.81827763625698
2024-09-10,sz001238,21.42,21.53,21.55,21.2,3712,7895113.0,1.64,0.94,0.2,1.16,3.5696079675468244,0.07782619196265861,21.474,21.461333333333336,21.422295523970377,3.7194531598426637,3.6574904994163613,3.6789559328073462,21.325,21.39,21.315219748139114,3.82295159695659,3.760227064045457,3.735806822896373,21.137999999999998,21.23942857142857,21.107949067918845,3.7525674854958524,3.76632683858027,3.737716269027153,20.836000000000002,21.06995698924731,20.96594600409118,3.6912181675992852,3.7337696977603385,3.7304608440832006,20.4635,20.717825136612028,20.821419524656235,3.721862089725179,3.712067675298927,3.756247517168152,6.897358350294313
2024-09-11,sz001238,21.53,21.54,21.65,21.36,2943,6274519.16,1.35,0.05,0.01,0.92,3.468790262099611,-0.10081770544721325,21.497999999999998,21.483333333333334,21.461530349313584,3.6542021381783605,3.573936200168677,3.6089007092381014,21.352,21.429090909090906,21.356088884841093,3.775387291396531,3.69583409407146,3.6872583572969617,21.183500000000002,21.27771428571429,21.149096775736098,3.748203940650356,3.7393004363520563,3.712104268367387,20.865000000000002,21.115376344086023,21.002981745762717,3.684655350302809,3.7194195103087457,3.7135788710520017,20.476999999999997,20.753120218579234,20.844979540241276,3.7149004153406313,3.7037702383275968,3.7468226891331176,6.797580449808846
2024-09-12,sz001238,21.46,21.91,22.02,21.45,8484,18385224.2,2.65,1.72,0.37,2.65,3.9286006598445242,0.45981039774491306,21.532,21.62066666666667,21.611020232875724,3.645852894901247,3.6654023740573987,3.7154673594402423,21.431,21.530545454545457,21.456799996688165,3.78987128780659,3.7236910701529133,3.7311387759419725,21.220999999999997,21.34690476190476,21.221563749475518,3.7486643773038892,3.756481076275311,3.7327229723175908,20.913666666666664,21.182795698924732,21.061499052487704,3.6946385839583886,3.735157917375954,3.7274512445224874,20.505333333333333,20.800103825136606,20.87989824383992,3.717217414468633,3.7107768037211666,3.752782622599065,7.264468930273913
2024-09-13,sz001238,21.74,21.3,22.12,21.28,5043,10847557.0,3.83,-2.78,-0.61,1.58,3.7026889681591335,-0.22591169168539071,21.522,21.543333333333333,21.507346821917153,3.6322939266468515,3.684347731810028,3.711207895679873,21.464000000000002,21.506727272727275,21.42829090638123,3.760362241535944,3.7078397393079223,3.7259660836178194,21.2185,21.354428571428574,21.229033868573087,3.7441582371494384,3.7521024658805726,3.7298625909691663,20.94366666666667,21.20772043010753,21.076886210391727,3.698927173972769,3.7356772970018075,3.725853678305497,20.523666666666664,20.826158469945355,20.893672071910743,3.71678425782377,3.7103004612192163,3.751140207699395,7.035331940868125
2024-09-18,sz001238,21.17,21.26,21.5,20.77,6230,13070109.0,3.43,-0.19,-0.04,1.95,3.7944880466591697,0.09179907850003621,21.508,21.456000000000003,21.424897881278103,3.692835180861853,3.7384124384808004,3.7389679460063054,21.456,21.46963636363636,21.39769255976646,3.7325235865207618,3.7140444311485092,3.73842462235261,21.226999999999997,21.358380952380948,21.23198302394708,3.748645094267863,3.756895781071976,3.736017396272976,20.987000000000002,21.228129032258064,21.088700003269683,3.700395733906068,3.7418425145944796,3.73028170207025,20.556166666666666,20.850300546448086,20.905682823651375,3.7165882614814927,3.7128481264269335,3.7525614483210266,7.116279209455153
2024-09-19,sz001238,21.22,21.45,21.65,21.18,5156,10997009.0,2.21,0.89,0.19,1.61,3.7123129086813655,-0.08217513797780418,21.491999999999997,21.436666666666667,21.433265254185404,3.721376169088761,3.744905014420638,3.730082933564659,21.482999999999997,21.468545454545453,21.407203003445282,3.720414664465712,3.710369762450436,3.7336770380487474,21.2585,21.379619047619048,21.25274654547593,3.7513315539315784,3.7534355729208806,3.733759826026156,21.029999999999998,21.258000000000003,21.112009680478092,3.703302611681998,3.7426113645799823,3.729122425077419,20.587333333333333,20.879606557377052,20.92352928844969,3.714105220067404,3.71270795092529,3.751241824070546,7.0412745804828685
2024-09-20,sz001238,21.56,21.6,21.64,21.24,4514,9611231.3,1.86,0.7,0.15,1.41,3.6545615547417434,-0.05775135393962216,21.504,21.47266666666667,21.48884350279027,3.7585304276171874,3.7226334763049653,3.704909140623687,21.501,21.489818181818183,21.442257002818863,3.706366282897774,3.6983964697733516,3.7192924047202007,21.291999999999998,21.412142857142854,21.285818303049652,3.757415545698296,3.744219382521848,3.7262171335228786,21.08,21.294774193548385,21.143492926898862,3.712944638552123,3.739466780261256,3.724312046346085,20.612333333333332,20.912808743169403,20.945708656041504,3.710317229841017,3.710755699603138,3.7480719791745196,6.982779028931891
2024-09-23,sz001238,21.6,21.39,21.74,21.3,3198,6829294.09,2.04,-0.97,-0.21,1.0,3.504878459410216,-0.14968309533152757,21.400000000000002,21.43466666666667,21.45589566852685,3.6737859875303256,3.6380828202359745,3.6382322468858637,21.466,21.46963636363636,21.43275572957907,3.659819441215786,3.661762320048341,3.680308051027476,21.315,21.42147619047619,21.295740369425875,3.7470396120984715,3.7201682314467925,3.705137259797863,21.12633333333333,21.314774193548388,21.15939660903442,3.7131222663356254,3.726043155800488,3.710155040737319,20.640833333333333,20.938306010928965,20.960275585351617,3.7026868586361155,3.704020002211964,3.7400984211494603,6.83437581515128
2024-09-24,sz001238,21.47,21.75,21.75,21.27,4710,10060285.0,2.24,1.68,0.36,1.47,3.673020907128896,0.16814244771868037,21.490000000000002,21.551333333333332,21.553930445684568,3.6678523753242787,3.637827793435499,3.6498284669668744,21.506,21.521272727272727,21.490436506019236,3.650073150985565,3.664162586577997,3.678983115773189,21.37,21.462904761904763,21.339003191385316,3.7601602303264974,3.713118830973501,3.7020785595436756,21.185999999999996,21.355010752688173,21.197500053612846,3.7239137123243236,3.7234559713355377,3.707759290181937,20.670166666666667,20.974672131147546,20.98616818911058,3.69952210352888,3.703047348064186,3.7378991583946877,7.002610284116938
2024-09-25,sz001238,21.97,21.68,22.31,21.57,7497,16323275.0,3.4,-0.32,-0.07,2.34,3.8748875108461123,0.2018666037172161,21.573999999999998,21.61466666666667,21.59595363045638,3.6839322681616666,3.7068395052761094,3.724848148259954,21.541,21.552909090909093,21.524902595833918,3.68838372451176,3.705037924734461,3.714602096695538,21.407999999999998,21.492428571428572,21.37147907792005,3.760073510067089,3.724045238642035,3.7185365549058127,21.233999999999998,21.386881720430107,21.228629082412017,3.727659011937627,3.7331962164014594,3.718541756031239,20.69183333333333,21.007781420765028,21.008916773074166,3.7011658084051806,3.708797033549997,3.7423905797865378,7.212807297293856
2024-09-26,sz001238,21.46,22.16,22.17,21.37,5266,11445152.84,3.69,2.21,0.48,1.65,3.7214808547700495,-0.15340665607606274,21.716,21.81,21.78396908697092,3.6857658573794034,3.7193557008122373,3.7237257170966527,21.604,21.665454545454548,21.64037485113684,3.7035710132340824,3.711055584781422,3.7158527799818124,21.4645,21.564047619047624,21.44657630859433,3.763261305095336,3.7203697476613646,3.7188169644166926,21.293333333333333,21.446623655913974,21.288717528708016,3.736235328075262,3.732797625616455,3.718731375304711,20.7225,21.05591803278689,21.046657206743863,3.7053282951266806,3.709463100643927,3.741705015031899,7.058621596672022
2024-09-27,sz001238,22.27,22.96,23.27,22.12,11831,26639264.19,5.19,3.61,0.8,3.7,4.073021454359739,0.3515405995896894,21.988,22.224666666666668,22.17597939131395,3.7694578373030025,3.8484408998056825,3.8401576295176816,21.746000000000002,21.912,21.880306696384686,3.7639941324600947,3.7782283922588142,3.7807925389596173,21.549,21.706476190476188,21.590711898252014,3.7696907119283125,3.749870714257974,3.7525507253636494,21.371,21.55415053763441,21.396542204275242,3.753467337920269,3.754525762796099,3.741588799759874,20.765499999999996,21.129278688524597,21.109389757342424,3.717413399590981,3.721518614061405,3.7525678491082215,7.425522224903819
2024-09-30,sz001238,23.65,25.0,25.24,23.37,21912,53492460.06,8.14,8.89,2.04,6.85,4.340682019245905,0.26766056488616563,22.71,23.228666666666665,23.1173195942093,3.9366185492701407,4.038848960453317,4.006999092760423,22.055,22.50363636363636,22.447523660678378,3.805202268400233,3.88308073531078,3.8825906262843968,21.743,22.03514285714286,21.915406003180394,3.7975367781034115,3.8042508387644114,3.8085632295429117,21.499000000000002,21.78827956989247,21.62902335238652,3.7675103410026702,3.79241058094614,3.780239975210586,20.859333333333332,21.268114754098363,21.236950748904967,3.7233590689286813,3.7419536507714013,3.771850280916014,7.728292571084692
2024-10-08,sz001238,27.48,26.5,27.48,25.19,23674,61916007.6,9.16,6.0,1.5,7.4,4.374271643275979,0.033589624030074816,23.66,24.492,24.244879729472867,4.076868696499557,4.18473332512193,4.129423276265609,22.575,23.311818181818182,23.184337540555035,3.8723605359119175,3.9865478943790973,3.9719871748283206,22.0195,22.48819047619048,22.352034002877502,3.81636138872393,3.8591779687808465,3.8624402213270135,21.670666666666666,22.110924731182795,21.94327991029707,3.7868923367369316,3.831556471415385,3.818564598956741,20.962666666666667,21.45305464480874,21.40950974074415,3.7296332116375193,3.763295046651641,3.79160180099339,7.791802944877851
2024-10-09,sz001238,26.25,24.76,26.58,24.47,15843,40210239.8,7.96,-6.57,-1.74,4.95,4.199837422208157,-0.17443422106782247,24.276000000000003,24.858666666666668,24.416586486315246,4.141858678771966,4.22572290035813,4.152894658246458,22.925,23.70909090909091,23.470821624090483,3.912895473466816,4.046089146432959,4.013414492533745,22.1905,22.74919047619048,22.58136409784155,3.8227095299937885,3.8956994957793443,3.8945732880775985,21.793000000000003,22.31023655913978,22.125003787052098,3.803395220667514,3.858198089832883,3.843162845618123,21.050166666666666,21.57755737704918,21.51936188039188,3.735467371603693,3.7787115781457605,3.8049865754594476,7.604336663093118
2024-10-10,sz001238,24.81,25.62,26.27,24.81,13423,34353069.95,5.9,3.47,0.86,4.2,4.127849590187638,-0.07198783202051917,24.968,25.30666666666667,24.817724324210165,4.223132425855484,4.221053204163353,4.144546302226852,23.342000000000002,24.19909090909091,23.8615813288013,3.954449141617444,4.085171713109472,4.034220873925362,22.4125,23.075809523809525,22.870757993285213,3.8374319030415776,3.924760453893045,3.916790078754745,21.953,22.55713978494624,22.350487413693898,3.8190374164935337,3.8791306298019235,3.8615297323645437,21.145166666666668,21.727387978142072,21.65380903185444,3.7402151402714505,3.791576568919005,3.8155722480734866,7.535965553703274
2024-10-11,sz001238,25.61,25.57,26.15,25.24,9111,23134030.56,3.55,-0.2,-0.05,2.85,3.9595660466379274,-0.1682835435497103,25.490000000000002,25.507333333333335,25.06848288280678,4.2004413443111215,4.1331977444241685,4.082886217030543,23.738999999999997,24.604181818181818,24.17220290538288,3.9849495908070613,4.086102059476833,4.02064726896401,22.62,23.376523809523807,23.127828660591383,3.845657936852418,3.9363922770926973,3.9208639804579057,22.107666666666667,22.790494623655917,22.558197903133003,3.833260227401218,3.888196993037046,3.8678546558660525,21.243999999999996,21.872464480874317,21.782208735728066,3.7492224192530497,3.7987684019146273,3.8202933562231403,7.364251304948344
2024-10-14,sz001238,25.55,26.19,26.26,25.49,12473,32208326.0,3.01,2.42,0.62,3.9,4.095970922343715,0.1364048757057872,25.728,25.740666666666666,25.44232192187119,4.151499124930683,4.098374270435032,4.087247785468267,24.219,25.049818181818186,24.539075104404173,4.044058837100412,4.10628775611986,4.03434247866941,22.8425,23.71652380952381,23.419464026249347,3.851939139158099,3.960231609044248,3.937540832066078,22.283,23.053870967741936,22.792507715834102,3.8460460204324516,3.9051460701301104,3.8825718343484823,21.345166666666668,22.034628415300546,21.926726482097635,3.7596459765384904,3.810137205294648,3.829331964948405,7.5079681533246525
2024-10-15,sz001238,26.18,26.04,26.66,25.84,9677,25241863.21,3.13,-0.57,-0.15,3.03,3.9857407410500745,-0.11023018129364015,25.636000000000003,25.84466666666667,25.64154794791413,4.073792944485502,4.043121475808163,4.053412103995536,24.648000000000003,25.38090909090909,24.81197053996705,4.07533082049253,4.09568446592889,4.025505799102258,23.076999999999998,24.021047619047618,23.669038880892266,3.862701985739048,3.9729746187482466,3.9421312995883637,22.462666666666667,23.29625806451613,23.00202334707061,3.865217093715175,3.914158632750602,3.8892278928453594,21.447166666666664,22.18855737704918,22.061587908914106,3.766853721453707,3.8175501483933885,3.8344601215419023,7.402121408890492
2024-10-16,sz001238,25.59,26.16,26.52,25.47,7993,20794188.48,4.03,0.46,0.12,2.5,3.902709812969877,-0.08303092808019752,25.915999999999997,26.019333333333336,25.81436529860942,4.0143674226378465,3.9860937653029547,4.003178006986984,25.096,25.655818181818177,25.057066805427585,4.078113050704906,4.064298828197499,4.003179256169098,23.3185,24.314666666666668,23.90627327318824,3.883248387608333,3.976784888008326,3.938376872291365,22.637333333333334,23.53479569892473,23.205763776291864,3.866086690279695,3.9165775178638076,3.8900976941437158,21.5545,22.343076502732238,22.195962075834956,3.7719263398387164,3.822004446475887,3.836697816342819,7.317941976129899
2024-10-17,sz001238,26.16,26.54,27.05,26.16,12735,33734575.4,3.4,1.45,0.38,3.98,4.104998949299634,0.20228913632975676,26.1,26.22733333333333,26.056243532406285,4.009797294460245,4.016304274190217,4.0371183210912,25.534,25.918363636363633,25.326691022622565,4.116464860157865,4.06918717339654,4.021691927647376,23.569,24.62147619047619,24.157104390027456,3.910017936695973,3.9979039891217836,3.954245641530248,22.821,23.78658064516129,23.420875790724647,3.880995823449512,3.9319912119941276,3.9039622912505494,21.658166666666666,22.506535519125688,22.3383895487584,3.774267281225725,3.8329248599008348,3.8454945748004192,7.52807524828122
2024-10-18,sz001238,26.54,26.99,27.17,26.31,12957,34483034.18,3.24,1.7,0.45,4.05,4.112504458767161,0.007505509467526927,26.383999999999997,26.523999999999997,26.367495688270857,4.040384976886092,4.050539995625856,4.062247033649854,25.937,26.183090909090904,25.629110836691186,4.1204131605986065,4.068467100416411,4.038203296941883,23.8415,24.947285714285716,24.4269039719296,3.942203646529351,4.017188419795229,3.969317909838525,23.011666666666667,24.055548387096774,23.651141868742414,3.8865981948184105,3.946927252982362,3.917416624638718,21.769166666666667,22.68134972677596,22.490901366831896,3.7764862514985746,3.844014603426783,3.8542489972255582,7.537605472629926
2024-10-21,sz001238,27.01,27.52,27.8,26.68,13150,35665623.42,4.15,1.96,0.53,4.11,4.118925752825777,0.006421294058616134,26.65,26.902666666666665,26.751663792180572,4.0449759429825045,4.076720254272417,4.081139940041829,26.189,26.470909090909092,25.972908866383698,4.098237533956594,4.068196662639534,4.052880107102591,24.122,25.297619047619047,24.721484546031544,3.951719901178413,4.034019096585364,3.983566275837311,23.225,24.346408602150543,23.90074561914613,3.8977703633878056,3.9619161276925157,3.9304172135540125,21.895666666666667,22.86990163934426,22.6557898466079,3.782589352480082,3.855242128060461,3.86292692363868,7.552249819706755
2024-10-22,sz001238,27.53,28.45,28.74,27.53,15968,44857765.0,4.4,3.38,0.93,4.99,4.203250523943296,0.0843247711175188,27.131999999999998,27.502666666666663,27.31777586145372,4.088477899561148,4.129478447926014,4.121843468008985,26.383999999999997,26.882,26.42328907249575,4.081135422023325,4.087289933546207,4.08022018289181,24.4795,25.709809523809525,25.076581255933302,3.9767479789676217,4.057974393991545,4.004488585180738,23.47433333333333,24.683505376344087,24.194245901781866,3.9046193998237286,3.981624525147708,3.9480193626113858,22.0295,23.08479781420765,22.845763949997806,3.7870341277935493,3.8690342976166328,3.8740850744683395,7.651837631432693
2024-10-23,sz001238,28.45,27.87,29.02,27.65,17203,48199549.26,4.82,-2.04,-0.58,5.38,4.2356041893398375,0.03235366539654194,27.474,27.74866666666667,27.50185057430248,4.155056774835141,4.17852054451891,4.159763708452603,26.695,27.15218181818182,26.686327422951063,4.084712098736493,4.115375163967391,4.108471820427814,24.810000000000002,26.032714285714285,25.342621136320606,3.998803786101655,4.082627366407945,4.026499595100653,23.692,24.96709677419355,24.43139132747336,3.91004371957469,4.0029783825358445,3.966573222400318,22.1445,23.27628961748634,23.01049300081755,3.792946352073673,3.883741512749298,3.885938160201831,7.683042976935736
2024-10-24,sz001238,28.35,27.89,28.36,27.32,13477,37208075.16,3.73,0.07,0.02,4.21,4.129593228367933,-0.10601096097190421,27.744,27.887333333333334,27.631233716201656,4.1599756306488,4.170032695696508,4.149706881757713,26.922000000000004,27.36945454545454,26.905176982414503,4.084886462554524,4.123535369354925,4.112312076416926,25.131999999999998,26.32604761904762,25.58522864714721,4.0196678020859835,4.095083503766639,4.036318036364204,23.915666666666667,25.23793548387097,24.65452737086218,3.9199167562125594,4.017142866974117,3.9770906421401646,22.262166666666666,23.464666666666666,23.17047683685632,3.8000456519200734,3.894779115250749,3.893926850961375,7.57063720377556
2024-10-25,sz001238,27.88,27.34,28.15,27.17,13097,35847544.9,3.51,-1.97,-0.55,4.1,4.117171827514267,-0.012421400853666498,27.814,27.752666666666666,27.534155810801106,4.160909104398222,4.15576476131833,4.138861863676564,27.099,27.445454545454545,26.98423571288459,4.100647040642157,4.1294054357112415,4.113195667525534,25.419,26.536333333333335,25.752349728371286,4.0427983157246095,4.104369601426475,4.044018397426115,24.113,25.458860215053765,24.827783669516236,3.930654304782331,4.029869000606486,3.986128137970752,22.38,23.631153005464483,23.30718251433644,3.805402832030824,3.905176694778428,3.9012463583893386,7.554459417384754
2024-10-28,sz001238,27.34,27.74,27.75,27.17,10636,29109143.49,2.12,1.46,0.4,3.33,4.026778328659529,-0.09039349885473769,27.857999999999997,27.728,27.602770540534074,4.1424796195649725,4.1110545027387655,4.101500685337553,27.254,27.561999999999998,27.121647401451025,4.0937277812737385,4.11597476080531,4.09748342409535,25.7365,26.757380952380952,25.941649754240686,4.068893309187075,4.102843888372658,4.042376486115011,24.313,25.692860215053766,25.015668594063577,3.9325353531966454,4.036070550534047,3.988750730918415,22.504,23.806890710382515,23.452520792554918,3.8129466864393042,3.9124349077826475,3.9053621606932793,7.464029426907749
2024-10-29,sz001238,27.67,27.72,28.17,27.48,10502,29062104.55,2.49,-0.07,-0.02,3.28,4.021272013951038,-0.005506314708490834,27.712,27.682000000000002,27.641847027022717,4.1060839175665205,4.070651967534121,4.0747577948753815,27.421999999999997,27.646727272727276,27.230438783005383,4.097280908563835,4.102800984928455,4.0836268040691115,26.034999999999997,26.94628571428571,26.111016444313,4.086305864528183,4.098308526921607,4.040366536385109,24.525333333333332,25.91266666666667,25.19014158799496,3.9408949600139764,4.041795496389169,3.9908488782108424,22.630499999999998,23.97790710382514,23.59243814361869,3.8188421143466296,3.91926524638959,3.9091624837509107,7.463327060800178
2024-10-30,sz001238,28.22,27.47,28.22,26.68,8581,23307858.0,5.56,-0.9,-0.25,2.68,3.9335379019717047,-0.08773411197933356,27.631999999999998,27.601333333333333,27.584564684681812,4.0456706600928936,4.013136629002515,4.027684497240823,27.552999999999997,27.655454545454546,27.273995367913493,4.100363717464018,4.073029529184432,4.056337912778673,26.3245,27.082952380952378,26.240443449616524,4.089238384084462,4.083759197154324,4.03019238072669,24.730000000000004,26.10264516129032,25.33722922747916,3.9556201642268944,4.041320847483217,3.9871513958728335,22.758,24.136579234972675,23.71957131923775,3.823645679353453,3.9230257640166406,3.9099616777909367,7.367502363545267
2024-10-31,sz001238,27.25,26.97,27.55,26.79,10507,28275163.56,2.77,-1.82,-0.5,3.29,4.021478732257528,0.08794083028582289,27.448,27.38066666666667,27.379709789787874,4.024047760870813,4.005072653057393,4.025615908913058,27.595999999999997,27.549454545454545,27.21872348283831,4.092011695759807,4.058686804601433,4.049999879956647,26.564999999999998,27.14442857142857,26.309925025843523,4.104238277958836,4.07730589698033,4.029362509443913,24.91133333333333,26.24716129032258,25.442569277319215,3.9706825230505842,4.04556978735616,3.9893660627363627,22.87366666666667,24.274677595628418,23.82614275139389,3.830950345324935,3.9295120936200534,3.9136179746586937,7.451405125816768
2024-11-01,sz001238,26.68,26.87,27.45,26.66,9905,26615020.54,2.93,-0.37,-0.1,3.1,3.995854479874566,-0.025624252382961732,27.354000000000003,27.187999999999995,27.209806526525252,3.9997842913428725,3.995674892725311,4.015695432566894,27.583999999999996,27.417454545454547,27.155319213231344,4.080346697870548,4.041203674440481,4.040155261759905,26.7605,27.17347619047619,26.36326549957271,4.100379929234577,4.0669836304961136,4.026171268532546,25.089,26.37352688172043,25.5346615820083,3.9882513303097498,4.047193784570611,3.989784670293666,22.976999999999997,24.40570491803279,23.92594134970884,3.8364533403062793,3.934918786556107,3.9163142535182303,7.425126805673351
2024-11-04,sz001238,26.7,27.53,28.06,26.57,8505,23249834.0,5.55,2.46,0.66,2.66,3.929674317948588,-0.06618016192597809,27.312,27.24666666666667,27.31653768435017,3.980363489200685,3.972304901593882,3.9870217276941258,27.585,27.40763636363636,27.223442992643825,4.061421554382829,4.013808696272852,4.020067817430574,26.887,27.246761904761904,26.474383071041974,4.079829544169711,4.050725953230781,4.016981082762645,25.276333333333337,26.531010752688168,25.663393092846476,3.9882871189132185,4.0434146224827945,3.985906583045597,23.095000000000002,24.554983606557382,24.044107207095436,3.841462851435803,3.9379752120525757,3.916752288417586,7.366419856445699
2024-11-05,sz001238,27.32,27.72,27.82,27.22,8360,22896956.0,2.18,0.69,0.19,2.61,3.9222062774390163,-0.007468040509571505,27.312,27.38266666666667,27.451025122900113,3.960550341898281,3.9529191643399932,3.9654165776090897,27.512,27.432181818181817,27.3137260848904,4.033317129732401,3.988496827737613,4.002274810159381,26.948,27.326095238095235,26.59301325475226,4.057226275877864,4.035714213542143,4.007954910827062,25.490333333333332,26.68866666666667,25.79607740943703,3.9956043625558815,4.039151342387684,3.981796885909689,23.217,24.70662295081967,24.164628282272634,3.8472657682643248,3.940622537495304,3.9169311077297637,7.359777749576826
2024-11-06,sz001238,27.78,27.26,27.99,27.12,7455,20392956.8,3.14,-1.66,-0.46,2.33,3.8724476477890133,-0.049758629650002995,27.27,27.365333333333336,27.38735008193341,3.9483322910617424,3.9235515996369035,3.934426934335731,27.451,27.386363636363637,27.303957705819418,3.9970014755773184,3.9592478310206336,3.978669871546587,27.073,27.355809523809526,26.65653580191871,4.0408567871569065,4.0181162489622535,3.99504945720439,25.69033333333333,26.802838709677413,25.890524028183027,3.9982030159268764,4.031205747886596,3.9747420963535163,23.338666666666665,24.839180327868846,24.266115879575167,3.849299374916472,3.9414481728895563,3.9154726336333456,7.309480199237011
2024-11-07,sz001238,27.12,27.14,27.73,26.74,13707,37137068.0,3.63,-0.44,-0.12,4.29,4.136942412775367,0.2644947649863538,27.303999999999995,27.322,27.304900054622276,3.97142502716531,3.9864216402081123,4.0019320938156095,27.375999999999998,27.32981818181818,27.27414721385225,3.9977363940180615,3.984691637783915,4.007446697224546,27.149,27.362190476190477,26.702580011259787,4.041311428286292,4.027267260925916,4.0085630720206735,25.880000000000003,26.896365591397853,25.971135381203478,4.0123573327300095,4.04015667671553,3.985206632896862,23.455,24.963814207650277,24.360341588441557,3.857829972206004,3.950879092163619,3.9227339378675103,7.5698076128748
2024-11-08,sz001238,27.52,26.92,27.55,26.87,8419,22650518.1,2.51,-0.81,-0.22,2.63,3.9252605095194353,-0.21168190325593184,27.314,27.194000000000003,27.176600036414854,3.957306233094284,3.971033467659487,3.976374899050218,27.333999999999996,27.24690909090909,27.209756811333655,3.978545262218579,3.9715142042387104,3.992503754005435,27.216499999999996,27.34038095238095,26.723286676854094,4.039596151430368,4.0162147924719305,4.000629494639603,26.057333333333336,26.9634623655914,26.0323524533839,4.021380631222599,4.034537526830977,3.9813391410660603,23.568666666666665,25.077420765027323,24.44426481505003,3.8671626348873613,3.953089929452584,3.9228167762823274,7.355078140361993
2024-11-11,sz001238,27.05,27.13,27.49,26.83,7414,19909998.92,2.45,0.78,0.21,2.32,3.8700525816935447,-0.05520792782589057,27.234,27.13266666666667,27.161066690943237,3.9453818858432754,3.9419489171925743,3.940934126597994,27.272999999999996,27.209818181818182,27.195255572909353,3.9628726875219797,3.951788262325068,3.970239904494182,27.2635,27.332142857142856,26.762021279058466,4.028300234397859,4.0000677858303275,3.98819359816855,26.24866666666667,27.032666666666668,26.103168424133326,4.033553101965377,4.024774426861362,3.9741593630420273,23.6875,25.194185792349728,24.532321706359866,3.873337684150501,3.953184681806885,3.9210868026892527,7.299071236469496
2024-11-12,sz001238,27.13,27.2,27.74,26.96,9876,26836854.0,2.88,0.26,0.07,3.09,3.9945810812598945,0.12452849956634982,27.130000000000003,27.121333333333332,27.174044460628828,3.959856846607451,3.958348648998113,3.958816444818628,27.221000000000004,27.196545454545454,27.19611819601674,3.960203594252865,3.9575534248228705,3.9746655729970386,27.321499999999997,27.32609523809524,26.803733538195758,4.02874225140835,3.9968564379124256,3.9888019298915354,26.430333333333337,27.094043010752692,26.173931751608595,4.04427177443641,4.022260102944878,3.975476893249632,23.80816666666667,25.309349726775956,24.619786568446425,3.8840927433803665,3.9571598751547334,3.9234964511669785,7.42873160350441
2024-11-13,sz001238,27.2,27.44,27.64,26.96,9005,24437996.5,2.5,0.88,0.24,2.82,3.954483717155552,-0.0400973641043425,27.166000000000004,27.224666666666668,27.26269630708589,3.9762640604807586,3.9565576058474807,3.9573722022642697,27.218,27.236363636363638,27.24046034219551,3.96229817577125,3.9565134471688133,3.9709961446622226,27.3855,27.337380952380954,26.864330344081875,4.031330946617635,3.9897841965550165,3.9855335286785847,26.622333333333334,27.159182795698925,26.255613574085462,4.046924981313392,4.016467325055792,3.9741224947919496,23.928166666666666,25.428426229508197,24.71225258259572,3.887291996625509,3.959467775934248,3.92451242710103,7.388065598270165
2024-11-14,sz001238,27.45,27.0,27.52,26.92,6780,18308489.0,2.19,-1.6,-0.44,2.12,3.8312296938670634,-0.12325402328848867,27.137999999999998,27.169333333333334,27.175130871390596,3.915121516699098,3.9082128169762496,3.915324699465201,27.221000000000004,27.196727272727273,27.196740279978144,3.943273271932204,3.932682814095325,3.9455840626994663,27.408500000000004,27.300666666666668,26.877251263693125,4.017642483846005,3.970726934388295,3.970837925363202,26.783666666666665,27.183548387096774,26.303638504789628,4.0505832759499585,4.002551500059254,3.964903604409699,24.038500000000003,25.529142076502733,24.787260694641763,3.89340930201261,3.957629667647086,3.921453976831064,7.2626525034475025
2024-11-15,sz001238,27.01,26.62,27.31,26.42,6806,18156831.0,3.3,-1.41,-0.38,2.13,3.8328919447597904,0.0016622508927270907,27.077999999999996,26.99666666666667,26.990087247593735,3.896647803747169,3.880802959663147,3.8878471145633977,27.196000000000005,27.087454545454545,27.09187841089121,3.926977018420726,3.912613481882159,3.9250945867104345,27.390000000000004,27.225571428571424,26.8527511433414,4.003661858145637,3.953131644951513,3.957700212924782,26.905666666666665,27.172989247311826,26.324048923835463,4.0425789589632934,3.988506898046985,3.956386723141963,24.138333333333332,25.61378142076503,24.847350507932195,3.898023148441781,3.9556454919994524,3.918550303648399,7.259040051271492
2024-11-18,sz001238,26.66,26.08,26.99,25.92,7037,18400592.0,4.02,-2.03,-0.54,2.2,3.8473875510273956,0.014495606267605154,26.868000000000002,26.663999999999998,26.68672483172916,3.8921147976139396,3.864382875423222,3.8743605933847305,27.051,26.884545454545457,26.907900518001895,3.9187483417286066,3.898142669628826,3.9109660347680637,27.318,27.100809523809524,26.779155796356505,3.9900849480557183,3.9382483776069193,3.9471942451250306,26.941666666666666,27.119720430107524,26.308303831975113,4.0261358100226765,3.975913903986604,3.9493545184894105,24.220333333333333,25.677442622950824,24.88776524537704,3.8968230755126734,3.953985308477669,3.916217098644432,7.264831795737655
2024-11-19,sz001238,26.25,26.62,26.67,26.05,5286,13829088.06,2.38,2.07,0.54,1.65,3.7231271587956916,-0.12426039223170404,26.752,26.581333333333337,26.66448322115277,3.8378240131210988,3.808053662483806,3.8239494485217174,26.941000000000003,26.80618181818182,26.855554969274277,3.8988404298642747,3.862575181822841,3.876813511863996,27.226499999999998,27.03433333333333,26.76399810146541,3.9660787797983383,3.9128238262488213,3.9258545226174744,26.945666666666668,27.09896774193549,26.32841326217027,4.004430993873334,3.956364958746153,3.9347592049607836,24.30816666666667,25.75612021857923,24.944559827495823,3.895661665305133,3.9482903603885884,3.9098862809444728,7.140793542107283
2024-11-20,sz001238,26.55,26.67,26.74,26.37,5410,14279918.0,1.39,0.19,0.05,1.69,3.7331972651065692,0.01007010631087768,26.598000000000003,26.554000000000006,26.666322147435185,3.793566722711302,3.773178079812296,3.793698720716668,26.881999999999998,26.756909090909094,26.8218177021335,3.88491539159603,3.8324582427759855,3.850701466999009,27.166500000000003,26.981333333333332,26.755045901325847,3.9409584335866747,3.890644634373415,3.907506212378341,27.009333333333334,27.081182795698926,26.3504511162238,3.9888763219699475,3.938866008503136,3.921755208841157,24.40116666666667,25.833557377049182,25.001131636430383,3.896135771318731,3.9429636587427335,3.904093198457984,7.15472571358513
2024-11-21,sz001238,26.8,26.72,26.86,26.42,4279,11336129.0,1.65,0.19,0.05,1.34,3.6313422864839326,-0.1018549786226366,26.542,26.594666666666665,26.684214764956792,3.753589241234676,3.7191032677365063,3.7395799093057565,26.840000000000003,26.727454545454545,26.803305392654682,3.8343553789668867,3.786354041846513,3.8108179796326316,27.107999999999997,26.93880952380952,26.751708196437672,3.916045886492474,3.861157382268392,3.8812048861026827,27.046,27.06251612903226,26.374292979693234,3.972326078513157,3.915799296536296,3.9030188912697237,24.4995,25.90958469945355,25.05748797621955,3.8956817475033456,3.934281905141592,3.8951505456063757,7.054464779341504
2024-11-22,sz001238,26.73,25.83,26.8,25.75,8674,22562795.7,3.93,-3.33,-0.89,2.71,3.938219417812743,0.30687713132881056,26.383999999999997,26.35733333333333,26.399476509971198,3.7746547358452665,3.7806466599291957,3.805793078808086,26.731,26.543818181818178,26.626340775808373,3.835651269796218,3.80523841254576,3.833981877483561,27.0325,26.817095238095238,26.66392646344361,3.907098266007398,3.863269147156037,3.886634841503641,27.054666666666666,26.984064516129028,26.339177303583995,3.9716145242189844,3.913598866813689,3.905289892982177,24.581166666666668,25.953207650273225,25.08281623929432,3.902437375810101,3.9356765828566544,3.896562639777076,7.353392910996515
2024-11-25,sz001238,25.83,26.38,26.4,25.77,4854,12593856.0,2.44,2.13,0.55,1.52,3.686099771995916,-0.2521196458168271,26.444,26.356,26.3929843399808,3.742397180038971,3.7511283386460783,3.765895309870696,26.656,26.479999999999997,26.58155154384321,3.8172559888264552,3.778047231127523,3.8070942219403525,26.964499999999997,26.754952380952385,26.63688584787755,3.8900643381742173,3.8422216715358952,3.867536263455286,27.060999999999996,26.940537634408603,26.341811025933417,3.9579521525407246,3.8951785602186524,3.891148594854031,24.672,26.012185792349733,25.125346854399425,3.901999086486588,3.928583546666025,3.889662217882612,7.100158723207514
2024-11-26,sz001238,26.38,26.29,26.93,26.13,6427,16927250.0,3.03,-0.34,-0.09,2.01,3.8080082999104,0.12190852791448403,26.377999999999997,26.304666666666666,26.358656226653867,3.7593734082619124,3.772998711936556,3.7799329732172646,26.564999999999998,26.41345454545454,26.528542172235355,3.7985987106915053,3.7763658331427865,3.807260417934906,26.893,26.690714285714286,26.60384910046064,3.879401152472185,3.834406810748865,3.861866933593868,27.069333333333336,26.890795698924734,26.338468379099005,3.9520277378360684,3.8855047632747604,3.885784704857668,24.766,26.065234972677594,25.163532203435505,3.9086224157756218,3.92550188153238,3.886985040244179,7.228586408384556
2024-11-27,sz001238,26.55,26.64,26.73,25.83,7669,20064976.0,3.42,1.33,0.35,2.4,3.8847387377696316,0.0767304378592315,26.371999999999996,26.391999999999996,26.45243748443591,3.7896817027945247,3.8147871551057952,3.814868228068054,26.485000000000003,26.427090909090904,26.548807231828924,3.791624212752913,3.7920276562479,3.8213473851775834,26.851499999999998,26.66661904761905,26.60729204327391,3.876961194262082,3.834915152205764,3.8640452006582264,27.085333333333335,26.863096774193544,26.35792203206036,3.9514287019960603,3.881163537464023,3.8857172231100527,24.861333333333334,26.126677595628415,25.21194098365073,3.9087576961378776,3.924718810122347,3.8869113909827178,7.30243864460443
2024-11-28,sz001238,26.64,26.41,26.94,26.38,5043,13352135.0,2.1,-0.86,-0.23,1.58,3.7026889681591335,-0.18204976961049812,26.309999999999995,26.404666666666667,26.43829165629061,3.803951039129565,3.785789576893998,3.777475141431747,26.426,26.41345454545454,26.523569553314573,3.7787701401821203,3.7758576117763036,3.799773127537865,26.823500000000003,26.62457142857143,26.588502324866873,3.861021706057163,3.8183177973388167,3.8486779404202176,27.081,26.81952688172043,26.361281900959693,3.938018369291377,3.86511581270035,3.8739089485970903,24.951000000000004,26.177453551912567,25.25122160713759,3.909507096370445,3.9179624583853396,3.880871311545879,7.125550714733103
2024-11-29,sz001238,26.41,26.95,26.95,26.29,6206,16471755.0,2.5,2.04,0.54,1.94,3.792811771248147,0.09012280308901355,26.534,26.618,26.608861104193743,3.7748695098166456,3.782076487600192,3.7825873513705472,26.459000000000003,26.508727272727274,26.60110236180283,3.774762122830956,3.7784106356064906,3.7985074263942797,26.827499999999997,26.636619047619046,26.62293067487955,3.8508695706258416,3.811821613071292,3.8433573528800204,27.079666666666665,26.811075268817202,26.399263713801005,3.9273619463740768,3.855747645084658,3.868676872639094,25.045666666666666,26.242994535519127,25.306919259362587,3.906980070596244,3.9141363821518214,3.87798411350333,7.216739873985195
2024-12-02,sz001238,26.95,28.32,28.72,26.77,14439,39867989.3,7.24,5.08,1.37,4.52,4.159537116397021,0.3667253451488741,26.922000000000004,27.213333333333335,27.179240736129167,3.869556978696867,3.9102990231269836,3.908237273046039,26.683,26.84709090909091,26.913629205111405,3.8059770793679193,3.848369725345775,3.86414918821296,26.867,26.778761904761904,26.784556324891025,3.8623627105482625,3.8412185221923565,3.873469711310211,27.106333333333332,26.89109677419355,26.52318218387836,3.928715658493118,3.8707266883119447,3.8874420496557347,25.165666666666667,26.35034972677596,25.405708791842503,3.9132430109404623,3.9224169410305354,3.8872153594998444,7.6006243330304715
2024-12-03,sz001238,28.32,28.15,28.82,28.07,9156,25855580.72,2.65,-0.6,-0.17,2.86,3.9617057840025054,-0.19783133239451578,27.294,27.622666666666667,27.502827157419446,3.9002964755152876,3.9410152915621963,3.926060110031528,26.836000000000002,27.113818181818182,27.138423895091147,3.8298349418886004,3.876684035279336,3.8818867510837864,26.8885,26.900952380952383,26.91459857966331,3.864337685876437,3.8506797672832374,3.881873146804715,27.096333333333337,26.958430107526887,26.628138172015245,3.9206641671617586,3.872855083506099,3.8922332583232686,25.28533333333333,26.448196721311472,25.4956855527657,3.912641783492744,3.9240058844096186,3.8896576684999316,7.412554296533123
2024-12-04,sz001238,28.18,27.68,28.2,27.44,6654,18426608.75,2.7,-1.67,-0.47,2.08,3.8230827965328036,-0.1386229874697018,27.502,27.75133333333333,27.561884771612966,3.8879652872679222,3.915277398568035,3.8917343388652865,26.937,27.267272727272722,27.23689227780185,3.8388234950312237,3.875456372487373,3.8711951229836075,26.909499999999998,26.976333333333336,26.987493953028707,3.8618694433136262,3.8467507302028907,3.876274065826438,27.09,26.996086021505377,26.696000225433618,3.9069134540681905,3.8665595112074564,3.887771938207755,25.391000000000002,26.52671038251366,25.567302419888136,3.9084785868214404,3.9210695241814237,3.887474885812485,7.265445414617811
2024-12-05,sz001238,27.38,27.55,27.69,27.17,5419,14785044.0,1.88,-0.47,-0.13,1.69,3.733919151012391,-0.08916364552041278,27.73,27.767333333333333,27.557923181075314,3.8942113238385736,3.863928686482858,3.8391292762476548,27.02,27.37872727272727,27.29382095456515,3.8490811814840695,3.85638285539304,3.846235855352477,26.93,27.037333333333333,27.041065957502163,3.8417182802254786,3.8345649880789634,3.862716454891767,27.078666666666663,27.025763440860214,26.751096985083063,3.8937243181563392,3.8553985884296638,3.8778459519370863,25.497166666666665,26.59749726775956,25.63230889792459,3.9068205371844495,3.9153462639909637,3.8824402715567436,7.169822621315892
2024-12-06,sz001238,27.55,27.46,27.66,27.37,4644,12682846.0,1.05,-0.33,-0.09,1.45,3.666892211066536,-0.06702693994585474,27.832,27.677333333333333,27.525282120716877,3.8690274118022514,3.7881556488921793,3.781716921187282,27.183,27.458727272727273,27.324035326462393,3.8219484608094483,3.8232575880443975,3.81362792002776,26.957,27.087809523809522,27.08096443774005,3.828799865302833,3.817914886254303,3.8440665269084118,27.082666666666668,27.050365591397846,26.796832663464805,3.8787149976080815,3.8407642589399975,3.8642360331712444,25.59783333333333,26.66185245901639,25.692233196353293,3.9046846511952062,3.9074797614952943,3.8753731220324745,7.103216719114103
2024-12-09,sz001238,27.41,27.57,27.65,27.2,4106,11205350.0,1.64,0.4,0.11,1.28,3.613418945034573,-0.05347326603196301,27.682,27.59,27.540188080477918,3.759803777529762,3.7029528266362863,3.7256175958030457,27.302,27.52909090909091,27.368756176196502,3.8146803781133145,3.7853431306307836,3.7772262882108167,26.979000000000003,27.146190476190473,27.127539253193376,3.8159681834698844,3.797402417657325,3.822100090539475,27.077,27.081806451612906,26.846714427112236,3.8649363514872497,3.8236483845804172,3.848054285549524,25.695,26.726513661202187,25.75379932106302,3.898735852341948,3.897930066211339,3.8667844604915595,7.0494254263056835
2024-12-10,sz001238,27.93,27.77,28.76,26.98,20454,56298514.0,6.46,0.73,0.2,6.4,4.310778251612534,0.6973593065779613,27.606,27.61933333333333,27.61679205365195,3.8296182710517677,3.8866109846638768,3.920671147739542,27.45,27.614181818181816,27.441709598706225,3.864957373283528,3.8755427439942784,3.8742357361020376,27.0075,27.221523809523806,27.188725990984484,3.8317780419875165,3.8445271860518626,3.8686408677845283,27.078666666666667,27.12651612903226,26.90628123826629,3.8745865594092996,3.8524123781368864,3.877907444650363,25.802,26.794546448087427,25.819904261356037,3.907740759711638,3.91143965307267,3.8813416339709357,7.750496931794203
2024-12-11,sz001238,27.68,27.39,27.86,27.35,6971,19096662.5,1.84,-1.37,-0.38,2.18,3.8432950827365073,-0.46748316887602703,27.548000000000002,27.54733333333333,27.541194702434634,3.833660728292508,3.8911699218921236,3.894879126071864,27.525,27.603272727272724,27.43230785348691,3.860813007780215,3.8716041457130017,3.86861016276285,27.005000000000003,27.257952380952382,27.20789494422406,3.826218610266564,3.8456240470755763,3.866226983494241,27.076,27.146602150537635,26.937488900313625,3.871578465434793,3.8503935731902557,3.875674389043018,25.903000000000002,26.846612021857926,25.871382810164032,3.913599314830844,3.909326680057092,3.8800942060616097,7.280957472772023
2024-12-12,sz001238,27.88,27.74,28.04,27.48,7551,20800611.53,2.04,1.28,0.35,2.36,3.878004470268025,0.034709387531517866,27.586000000000002,27.611333333333334,27.607463134956426,3.8624777921436353,3.9059511692172957,3.8892542408039183,27.657999999999998,27.642363636363633,27.488251880125652,3.8783445579911047,3.874729866165331,3.8703182186728817,27.042,27.32795238095238,27.25857161620272,3.828557349086612,3.8505560337423823,3.867348648901268,27.10166666666667,27.189440860215054,26.98926380997081,3.866795990035143,3.8508081541472374,3.875824716863986,26.006500000000003,26.906841530054653,25.932648947535704,3.918739256542864,3.9081596359730653,3.880025690133951,7.318076103241629
2024-12-13,sz001238,28.72,27.6,28.72,27.48,8251,22738131.44,4.47,-0.5,-0.14,2.58,3.9165065871151556,0.03850211684713045,27.613999999999997,27.616,27.604975423304285,3.912400667353359,3.9239607675411365,3.898338356240998,27.723000000000003,27.631818181818183,27.508569720102805,3.890714039577805,3.8816684169151587,3.8787161038442037,27.091,27.38109523809523,27.291088605135794,3.8327380812043805,3.8589321516498627,3.8720303573025907,27.126,27.221591397849462,27.028666144811407,3.8641510602764964,3.8540152894427226,3.8784493536543847,26.1075,26.95908743169399,25.987316195157483,3.926201195293123,3.908086433696747,3.8812217851169413,7.356754772636681
2024-12-16,sz001238,27.47,27.56,27.91,27.3,4118,11274975.0,2.21,-0.14,-0.04,1.29,3.6146863422820124,-0.3018202448331433,27.612000000000002,27.597999999999995,27.58998361553619,3.912654146802847,3.8247226591840207,3.8037876849213363,27.647000000000002,27.602181818181815,27.517920680084114,3.8362289621663037,3.8314815628613776,3.830710692651078,27.165,27.4257619047619,27.31669921417048,3.8211030207671115,3.8381653193715417,3.847521403491107,27.127,27.24959139784946,27.062945748371963,3.85365146108761,3.837920791507595,3.861432385178748,26.201666666666668,27.006710382513663,26.038879598594942,3.9209692900004143,3.8978728319586775,3.872482918138747,7.052115587589991
2024-12-17,sz001238,27.56,27.0,27.63,26.87,6279,17002401.88,2.76,-2.03,-0.56,1.96,3.797890483058349,0.18320414077633673,27.458,27.394000000000002,27.393322410357463,3.8100765930920106,3.786468104602521,3.8018219509670073,27.532,27.484545454545458,27.42375328370518,3.8198474320718887,3.8245109302962947,3.8247433818160363,27.183999999999997,27.41004761904762,27.286537384249485,3.824841186980244,3.8359546014945165,3.842794649164178,27.103,27.241397849462363,27.058884732347966,3.849507601274921,3.8343233090540942,3.857332907622594,26.29666666666667,27.032885245901642,26.070391742903304,3.922555981915401,3.8938374612392654,3.8700372645295533,7.230510277233993
2024-12-18,sz001238,27.01,27.54,27.79,26.79,4774,12919292.98,3.7,2.0,0.54,1.49,3.6788824146707357,-0.11900806838761335,27.488,27.421333333333333,27.442214940238312,3.7771940594788553,3.74273671179543,3.760842105534917,27.518,27.486,27.444889050304237,3.8054273938856817,3.7988809271324495,3.798223205971436,27.2275,27.44395238095238,27.31067668098763,3.8221254444584525,3.822053766036469,3.8271839601648026,27.112333333333332,27.269591397849467,27.089924427035196,3.843055426837645,3.823315232498985,3.8458199725934423,26.401333333333337,27.073650273224043,26.11857562018516,3.920629221382261,3.8858481639525544,3.8637698924030346,7.111238747150832
2024-12-19,sz001238,27.29,27.34,27.77,27.01,4890,13316644.92,2.76,-0.73,-0.2,1.53,3.6893088591236203,0.010426444452884542,27.407999999999998,27.372,27.40814329349221,3.739454937249975,3.7134416450103513,3.7369976900644852,27.497000000000003,27.45363636363636,27.42581831388528,3.800966364696804,3.777768466266619,3.778420597453651,27.258499999999998,27.454666666666668,27.313469378036427,3.8250237730904373,3.809404567433151,3.814052998160881,27.118999999999996,27.28427956989248,27.106058334968413,3.8281343083825874,3.81339609909808,3.835722481401841,26.4995,27.104426229508196,26.158622321162696,3.920245820556298,3.878263889780141,3.8580498585250207,7.124394819708943
2024-12-20,sz001238,27.55,27.57,27.92,27.23,6322,17358727.0,2.52,0.84,0.23,1.98,3.800854491503561,0.11154563237994086,27.401999999999997,27.426,27.46209552899481,3.7163245181276556,3.7339081630948807,3.7582832905441776,27.508,27.46690909090909,27.452033165906137,3.8143625927405074,3.77774812568603,3.7824994872809072,27.345500000000005,27.48433333333333,27.33790086584248,3.818155526774978,3.8071027310915437,3.8127959975268504,27.140666666666668,27.313376344086024,27.135990055293032,3.823987441115391,3.811636110912337,3.8334729336664686,26.598999999999997,27.13952459016393,26.20489699915736,3.922684036168995,3.8743494199751325,3.856174600589891,7.23951787307856
2024-12-23,sz001238,27.67,26.99,27.77,26.87,7393,19934866.85,3.26,-2.1,-0.58,2.31,3.8688207061975173,0.06796621469395614,27.288,27.288666666666664,27.304730352663206,3.767151390910757,3.784740225784834,3.7951290957619577,27.45,27.37272727272727,27.368027135741382,3.8399027688568017,3.7876496008600316,3.798194254356654,27.376000000000005,27.45047619047619,27.304767450047958,3.827291573485058,3.8119279862746436,3.818131684066914,27.136000000000003,27.303655913978496,27.126571342048322,3.8239463785988566,3.814528579627312,3.835753435120085,26.692333333333334,27.15234426229508,26.2306380811522,3.9287497402821168,3.8725834091563964,3.856589227003256,7.2996133392457985
2024-12-24,sz001238,27.32,26.84,27.32,26.36,5778,15311458.6,3.56,-0.56,-0.15,1.81,3.7617775375081783,-0.10704316868933894,27.256,27.139333333333333,27.149820235108805,3.759928801800723,3.7829489413173083,3.784011909677365,27.357,27.26181818181818,27.27202220197022,3.785002697446366,3.7734450133421,3.7915730331114763,27.403499999999998,27.399428571428572,27.260503883376725,3.824980035364947,3.805688554276845,3.8127646224898917,27.124,27.284559139784946,27.108082868367784,3.8161862604737995,3.8105176866537205,3.830980796564478,26.77716666666667,27.15718579234972,26.250617160458685,3.930229017455105,3.8671089107047916,3.8534806470198104,7.185016564425101
2024-12-25,sz001238,26.99,26.71,26.99,26.42,5332,14107750.0,2.12,-0.48,-0.13,1.67,3.726890140741822,-0.03488739676635655,27.090000000000003,26.957333333333334,27.00321349007254,3.76953034701494,3.7719360542976745,3.764971320032184,27.288999999999998,27.144181818181814,27.169836347066543,3.773362203246897,3.7628790939412737,3.7798125072260844,27.407,27.33338095238095,27.20807494210275,3.8170876055135565,3.7963466595508333,3.804586100418647,27.099666666666668,27.257849462365588,27.08240010266664,3.8085998079266754,3.804756646671012,3.824265270382371,26.860999999999997,27.15498360655737,26.265678892902663,3.927762394620033,3.8604420622879627,3.849330138617253,7.149457755036956
2024-12-26,sz001238,25.91,26.47,26.86,25.91,4684,12393938.52,3.56,-0.9,-0.24,1.46,3.6706168864003255,-0.056273254341496326,26.916000000000004,26.750666666666667,26.82547566004836,3.7657919524702805,3.73896490075947,3.733519842154898,27.162,26.995272727272727,27.042593374872624,3.752623444860127,3.744198127241897,3.759958757985037,27.410000000000004,27.24414285714285,27.137782090473916,3.8154840014256166,3.7823970672543354,3.7918271276549973,27.082,27.217225806451612,27.04289041862363,3.803246047677784,3.7958545227015703,3.8143524714157877,26.932833333333335,27.14216393442623,26.27237794559438,3.926914661813871,3.8520110620184647,3.8434706877248943,7.0932093375058525
2024-12-27,sz001238,26.71,26.47,26.71,26.29,3482,9145314.38,1.59,0.0,0.0,1.09,3.5418287667813124,-0.12878811961901304,26.695999999999998,26.601999999999997,26.70698377336558,3.7139868075258313,3.664310505529814,3.6696228170303695,27.049,26.869454545454545,26.938485488532145,3.7151556628267435,3.705871822136658,3.7202987595843595,27.385999999999996,27.154619047619043,27.074183796143068,3.8029348512022745,3.7563346639548767,3.7680177599527416,27.076999999999998,27.177741935483866,27.005929746454367,3.793543941745168,3.7789888916759913,3.796770296923241,26.991333333333333,27.126989071038246,26.278857357214232,3.918061450354231,3.839385294968216,3.8335807886775637,6.961198639408111
2024-12-30,sz001238,26.62,27.65,27.93,26.17,13529,36659910.98,6.65,4.46,1.18,4.23,4.131265696780032,0.5894369299987194,26.827999999999996,26.92,27.021322515577054,3.766475805642334,3.8034034686145475,3.823503776946924,27.058,26.978727272727273,27.067851763344482,3.7668135982765456,3.781528191946346,3.7950200208926637,27.352500000000003,27.179761904761904,27.12902343460563,3.801521280221425,3.7876042682956164,3.8026128015553406,27.12933333333333,27.21470967741935,27.047482666037958,3.8030065466035894,3.800777392000822,3.8183506453010985,27.035500000000003,27.148584699453554,26.32381285369901,3.914571178313133,3.8463755981297174,3.843340949598956,7.564191406045136
2024-12-31,sz001238,27.57,27.2,27.95,27.11,5894,16077017.0,3.04,-1.63,-0.45,1.84,3.7704101315139065,-0.3608555652661254,26.9,27.043999999999997,27.080881677051373,3.7682023244434797,3.804714910571738,3.8058058951359186,27.077999999999996,27.004545454545454,27.091878715463665,3.764065563122101,3.7821821070804127,3.790545495551071,27.305,27.1652380952381,27.13578310750033,3.7919564975969955,3.7846413017520426,3.7995458805990134,27.148666666666664,27.219268817204306,27.05732249403551,3.8045826456941967,3.798674397478906,3.8152577089277315,27.04716666666667,27.153978142076507,26.352540301118715,3.904506819783765,3.8416490064313824,3.8409497752355115,7.206205470990884
2025-01-02,sz001238,27.2,27.21,27.82,27.07,6627,18071728.0,2.76,0.04,0.01,2.07,3.821316970591097,0.050906839077190735,27.0,27.147333333333332,27.12392111803425,3.7870876904133346,3.822419792620944,3.8109762536209786,27.044999999999998,27.02854545454546,27.11335531265209,3.7783090187141375,3.7925914538929573,3.796140309194712,27.2815,27.156190476190478,27.14285138297649,3.7918682062999096,3.78743753727529,3.8016193177411166,27.166666666666668,27.223225806451612,27.06717265571064,3.807519969210347,3.7997540313432228,3.8156486290350458,27.088,27.159316939890708,26.380653733868918,3.8981981455901478,3.838921470392278,3.84030607672258,7.256999681337049
2025-01-03,sz001238,27.22,26.75,27.75,26.73,8042,21701734.0,3.75,-1.69,-0.46,2.51,3.9053640687668922,0.08404709817579503,27.056,27.064000000000004,26.999280745356167,3.834037126886648,3.86184525207213,3.8424388586696168,26.986,26.974909090909094,27.047290710351707,3.799914539678465,3.8156923720843667,3.8159991745714716,27.241500000000002,27.10557142857143,27.105436965550158,3.8004404521876345,3.798246667034051,3.8114997702197617,27.167666666666666,27.196344086021504,27.046709903729308,3.8166540286197796,3.806066553895259,3.8214367219209713,27.10683333333333,27.1482349726776,26.39276344751256,3.8944900535664684,3.839156418693156,3.8424391256420654,7.3364944359934725
2025-01-06,sz001238,26.35,26.61,27.05,26.06,4434,11710001.8,3.7,-0.52,-0.14,1.39,3.6467956887784694,-0.25856837998842286,27.084000000000003,26.915333333333333,26.869520496904116,3.85503051128608,3.7994314393694038,3.777224468705901,26.889999999999997,26.90654545454546,26.967783308469578,3.7845086594059554,3.7878525810116406,3.785234904427289,27.199,27.045428571428566,27.05825249264062,3.799435626073231,3.783613832423654,3.7958136672253526,27.19366666666667,27.160365591397845,27.018535071230644,3.806939904318637,3.7951079513248502,3.8101695584924227,27.124166666666667,27.131945355191256,26.39988595743018,3.889277214268811,3.8310352919787953,3.836024586728505,7.068556961829836
2025-01-07,sz001238,26.45,27.35,27.35,26.22,4853,12911960.12,4.25,2.78,0.74,1.52,3.6860102913152857,0.0392146025368163,27.024,27.004,27.029680331269414,3.7659794301931298,3.7430913660458054,3.7468197429090297,26.926,26.990181818181817,27.037277252384197,3.766227617917732,3.769943786813337,3.767194065679652,27.188,27.05980952380952,27.08603796953199,3.803065193387267,3.772811419589564,3.7853562028529653,27.226000000000003,27.17045161290323,27.0399199053448,3.8069369216292825,3.787306040808505,3.802159283190672,27.1435,27.139349726775958,26.431037237514435,3.882444537085004,3.82437080270163,3.8311060852395467,7.110992176014094
2025-01-08,sz001238,27.22,27.85,28.05,27.13,12220,33627075.0,3.36,1.83,0.5,3.82,4.087071205906535,0.4010609145912496,27.154000000000003,27.279333333333337,27.30312022084628,3.8293116450716562,3.850121957950274,3.8602368972415317,27.026999999999997,27.15818181818182,27.185045024677976,3.7987569847575684,3.8282789846294834,3.8253535457209034,27.191999999999997,27.12285714285714,27.15879625814799,3.7918798411019674,3.799859611258066,3.814090965048543,27.278,27.210709677419352,27.09218313725804,3.816239018495821,3.805379220439296,3.8205406975594376,27.17366666666667,27.162513661202187,26.477560606776255,3.884133378165944,3.8310798738105323,3.8394983842778085,7.526689092512197
2025-01-09,sz001238,27.63,27.36,28.12,27.2,7079,19363816.86,3.3,-1.76,-0.49,2.21,3.8499719123288503,-0.237099293577685,27.184000000000005,27.348000000000003,27.322080147230857,3.8350426334192065,3.857008713702672,3.856815235603971,27.092000000000002,27.218727272727275,27.21685502019107,3.8110651619162708,3.837590789642444,3.8298296123768933,27.190499999999997,27.13885714285714,27.177958519276753,3.792213682581584,3.80539218947015,3.8175081981228582,27.302,27.215999999999994,27.109461644531716,3.815080124314461,3.80755553617046,3.8224394856090775,27.193666666666665,27.168622950819675,26.506493045898345,3.883254413155261,3.8299598257503003,3.8398417786401375,7.286990966497899
2025-01-10,sz001238,27.19,26.96,27.76,26.73,6121,16556627.85,3.76,-1.46,-0.4,1.91,3.7868223794991875,-0.06314953282966274,27.226,27.273333333333333,27.201386764820576,3.8113342955656657,3.840935295729332,3.8334842835690432,27.141,27.194727272727274,27.170154107429056,3.822685711226157,3.833183011021156,3.8220101154900377,27.1515,27.11690476190476,27.15720056505992,3.787654578043143,3.8048787320337314,3.814585739206318,27.320333333333334,27.19393548387097,27.099818957787736,3.81788457135913,3.805732455859797,3.8201416077955366,27.200666666666667,27.160961748633877,26.521362126360692,3.877951470325253,3.8267981197287892,3.8381034376846963,7.218971887082453
2025-01-13,sz001238,26.43,26.78,27.12,26.14,2963,7885243.9,3.64,-0.67,-0.18,0.93,3.471731651480051,-0.3150907280191366,27.26,27.124666666666666,27.060924509880387,3.7763214881059817,3.7277344143674602,3.7129000728727126,27.172000000000004,27.129090909090912,27.09921699698741,3.815675999696031,3.769373181976409,3.7583231220336764,27.110499999999995,27.081523809523812,27.12127670172088,3.765415831261387,3.7747908342658185,3.7819329689466734,27.314666666666664,27.159075268817208,27.07918547664014,3.807181900700193,3.7834000094159843,3.7976635460977635,27.197166666666664,27.147169398907103,26.529842056643947,3.867271923537135,3.813479437143701,3.826091247973068,6.896815131119067
2025-01-14,sz001238,26.8,27.25,27.26,26.59,4440,11919154.0,2.5,1.76,0.47,1.39,3.6473829701146196,0.17565131863456873,27.240000000000002,27.121333333333332,27.12394967325359,3.768596023865849,3.6847549083703397,3.691061038620015,27.131999999999998,27.143272727272723,27.12663208844424,3.7672877270294896,3.738774449325244,3.7381521853211206,27.095,27.09480952380952,27.133536063461747,3.767050662653017,3.763549609394697,3.769118683343621,27.279,27.15490322580645,27.09020576846981,3.790110095824113,3.773090400991109,3.787968025066593,27.192666666666664,27.14890163934426,26.553453792491684,3.859412877158616,3.806269963260996,3.8202319601744303,7.076245431061051
2025-01-15,sz001238,26.97,27.57,28.06,26.97,7354,20136707.7,4.0,1.17,0.32,2.3,3.8665236255328437,0.21914065541822403,27.184000000000005,27.231333333333335,27.272633115502394,3.7244865077911102,3.7173974422593385,3.749548567590958,27.169,27.22290909090909,27.20724443599983,3.7768990764313832,3.756817339962217,3.7614924471777975,27.1235,27.140047619047614,27.17510405741777,3.7704823197767423,3.7730232249070608,3.7783953445044993,27.259666666666668,27.173677419354842,27.121160235020145,3.786937357208458,3.778020306133608,3.7930361283224805,27.177999999999997,27.161273224043715,26.586783176344415,3.853800762185108,3.806503102551954,3.8217497196943784,7.30398846598905
2025-01-16,sz001238,27.52,28.2,28.62,27.44,14753,41152177.25,4.28,2.29,0.63,4.61,4.168880342413643,0.30235671688079924,27.351999999999997,27.57,27.58175541033493,3.7882681938080687,3.8655287204668496,3.8893258258651864,27.268,27.410363636363638,27.38774544763622,3.811655413613638,3.828086661049901,3.835562973584315,27.1565,27.24257142857143,27.272713194806556,3.7949822161638878,3.810965893729624,3.8155843919244177,27.276999999999997,27.23434408602151,27.190762800502718,3.7984639420711526,3.8026617890500716,3.817284142134814,27.1835,27.194781420765025,26.639675531218366,3.8526886980696715,3.8168335805922338,3.8331310515868133,7.614392817498388
2025-01-17,sz001238,28.19,28.48,28.96,27.83,13864,39166567.8,4.01,0.99,0.28,4.34,4.14188854970586,-0.026991792707782736,27.656,27.946000000000005,27.881170273556624,3.859281427849403,3.9834021724327795,3.973513400478745,27.440999999999995,27.63072727272727,27.586337184429635,3.835307861707534,3.888129049430305,3.8912585328791414,27.2135,27.368619047619053,27.387692890539263,3.817611200692999,3.844004592162192,3.846660978379793,27.308,27.31195698924731,27.273939394018672,3.812062922027601,3.824818215349085,3.8382263619781076,27.19333333333333,27.23728961748634,26.700014038391533,3.8528936200919706,3.826315542940961,3.8432542482464545,7.592915515616553
2025-01-20,sz001238,28.93,29.08,29.2,28.38,12278,35194169.8,2.88,2.11,0.6,3.84,4.089127629044278,-0.05276092066158178,28.115999999999996,28.420666666666666,28.280780182371082,3.982760623362249,4.060017572831072,4.012051476667256,27.688,27.928727272727272,27.857912241806062,3.8795410557341157,3.934278098036986,3.9272347321818932,27.288999999999998,27.54638095238095,27.54886499620219,3.8320248575700355,3.869863299624219,3.869753040347839,27.362000000000002,27.426279569892472,27.39045943311424,3.8261374359601925,3.842693357737257,3.854413540498506,27.22233333333333,27.299147540983604,26.778046365001646,3.852426216784137,3.8340609202836595,3.8513156705676943,7.546470725029212
2025-01-21,sz001238,29.22,31.17,31.37,29.17,25777,78188740.18,7.57,7.19,2.09,8.06,4.411232371541069,0.32210474249679066,28.9,29.43866666666667,29.243853454914056,4.135530503647539,4.202841488890678,4.145111774958528,28.07,28.561818181818182,28.46011001602314,3.952063263756694,4.030949246365523,4.01523430297447,27.497999999999998,27.916000000000004,27.89373499656389,3.859145440837213,3.9250259200024127,3.9213225004614802,27.481999999999996,27.671956989247313,27.6343007600101,3.8527312168437424,3.880441418097315,3.8903373360496394,27.2795,27.428579234972677,26.922044844837657,3.8588337841654963,3.8523824335543786,3.869673595189772,7.893144215594606
2025-01-22,sz001238,31.17,30.58,31.32,30.2,21750,66705255.88,3.59,-1.89,-0.59,6.8,4.337459261290656,-0.07377311025041333,29.502,29.998666666666665,29.68923563660937,4.229717630799101,4.270151074771717,4.209227603735904,28.343,29.01818181818182,28.845544558564384,3.977102069295106,4.101021245917152,4.0738206590319574,27.685000000000002,28.20952380952381,28.149569758795902,3.887929527026337,3.9705796171884558,3.960954572921402,27.575666666666667,27.87182795698925,27.824345872267514,3.8536205838330133,3.9117141951584045,3.9191839118716403,27.327166666666663,27.536792349726777,27.04197780074462,3.8641035716211567,3.8680750721486463,3.8850108301438993,7.824160054452579
2025-01-23,sz001238,31.09,29.96,31.27,29.58,13669,41221653.3,5.53,-2.03,-0.62,4.27,4.135736743509474,-0.20172251778118166,29.853999999999996,30.151333333333337,29.779490424406248,4.223088911018268,4.238824112341842,4.1847306503270945,28.602999999999998,29.31218181818182,29.048172820643586,4.005678552413168,4.129863913956128,4.08507812893696,27.847500000000004,28.42619047619047,28.321991686529625,3.908371857164719,3.994180304472563,3.9776004939297898,27.661333333333335,28.02565591397849,27.96213000954058,3.863368639192112,3.9299152377181765,3.9331550622998876,27.368666666666666,27.62311475409836,27.137650659736597,3.8674735523134527,3.8769810777843294,3.89323135189359,7.615125406285206
2025-01-24,sz001238,29.92,29.91,30.5,29.62,10044,29948315.0,2.94,-0.17,-0.05,3.14,4.001906704040885,-0.13383003946858896,30.140000000000004,30.17,29.822993616270832,4.195092541885272,4.165096710016047,4.123789334898358,28.898000000000003,29.54981818181818,29.20486867143566,4.027186984867338,4.129178123342985,4.0699560516831275,28.0195,28.622619047619047,28.473230573526802,3.924936348046747,4.003088385127437,3.9799153710832273,27.733666666666668,28.1707311827957,28.087799041183125,3.867498713651208,3.9388531773858397,3.93759065208963,27.417666666666666,27.706437158469946,27.228547359417362,3.867147351843175,3.881388722103261,3.8967944781935016,7.476372392441922
2025-01-27,sz001238,29.91,30.16,31.05,29.69,8043,24276004.0,4.55,0.84,0.25,2.52,3.905418068702542,-0.09648863533834318,30.356,30.176666666666666,29.93532907751389,4.158350629816924,4.06853855228847,4.050998912833086,29.236,29.77927272727273,29.37852891299281,4.070555626589586,4.107038320403931,4.040040054777566,28.204,28.82647619047619,28.633875280809963,3.9431158131428092,4.001229501380369,3.9728203899041143,27.819,28.327268817204295,28.221489425622924,3.867129096370787,3.9412995873891514,3.9355150015485276,27.472500000000004,27.796349726775958,27.32466056074794,3.8656400783236418,3.8826434997052077,3.897077218865929,7.385177200377903
2025-02-05,sz001238,30.16,30.48,30.65,29.68,7405,22345378.62,3.22,1.06,0.32,2.32,3.8695250628572273,-0.03589300584531463,30.218,30.218,30.11688605167593,4.050009168080157,3.972263363301904,3.9905076295078006,29.559000000000005,30.005454545454544,29.57879638335775,4.092769835863847,4.07048730881623,4.009037328973868,28.345499999999998,29.043238095238095,28.809696682637586,3.9300287814466683,3.994220858496028,3.962982739709173,27.916333333333334,28.49894623655914,28.367199785260155,3.8756237203899606,3.9414541658721474,3.931257586149089,27.521666666666665,27.894956284153007,27.428114312854564,3.864637590738786,3.882770876247293,3.896173869488594,7.34918771774257
2025-02-06,sz001238,30.67,30.51,30.96,30.25,6741,20452997.3,2.33,0.1,0.03,2.11,3.8287243271387914,-0.0408007357184359,30.203999999999997,30.315333333333335,30.24792403445062,3.948262181249784,3.898501749654783,3.9365798620514645,29.852999999999998,30.178363636363635,29.748106131838156,4.088989906024443,4.022479034502584,3.9762531468220352,28.511000000000003,29.249380952380953,28.971630331910198,3.932944491227913,3.9845728152286117,3.9501962242262794,28.033333333333335,28.666279569892467,28.505444960404663,3.8766515151926426,3.9384283985656214,3.924642537180683,27.56816666666667,27.992934426229507,27.52915974521999,3.8630795582337822,3.8815933921948336,3.8939624090836826,7.310756961021397
2025-02-07,sz001238,30.19,31.39,33.5,30.18,12269,38102006.3,10.88,2.88,0.88,3.84,4.088809166461293,0.2600848393225017,30.49,30.71066666666667,30.62861602296708,3.938876665840148,3.945350744725286,3.9873229635214074,30.171999999999997,30.457818181818187,30.04663228968576,4.080982788429208,4.0224461727638285,3.996717877665536,28.72,29.52357142857143,29.201951252680654,3.946319101021423,3.9994170700127425,3.9633974568200903,28.16166666666667,28.882838709677426,28.691545285539846,3.8903157402523276,3.95211598897005,3.935233932618142,27.637,28.11824043715847,27.655744671606218,3.8666855835449865,3.888994362956391,3.9003508273583583,7.580947844496574
2025-02-10,sz001238,31.39,31.16,31.64,30.77,7429,22979841.0,2.77,-0.73,-0.23,2.32,3.8709303583486956,-0.21787880811259752,30.740000000000002,30.934000000000005,30.80574401531139,3.91268139670171,3.922701975561468,3.948525428463837,30.440000000000005,30.637454545454545,30.24906278247017,4.053886969293492,3.9842548218400995,3.9738474196079285,28.940499999999997,29.75595238095238,29.388432085758687,3.9445974155005126,3.992237189758197,3.954591066489481,28.288999999999998,29.076279569892467,28.850800428408245,3.896369790226496,3.9508653191698153,3.9310853149233393,27.704,28.23374863387978,27.770638288930602,3.862252049304542,3.889133535900775,3.899386221817058,7.36134701943227
2025-02-11,sz001238,31.2,30.84,31.45,30.79,4596,14207284.0,2.12,-1.03,-0.32,1.44,3.6623800200162475,-0.20855033833244807,30.875999999999998,30.967333333333332,30.81716267687426,3.8640737869644513,3.839268183332981,3.853143625647974,30.615999999999996,30.710181818181816,30.35650591293014,4.011212208390687,3.9130717401533284,3.9172169833185317,29.151999999999997,29.936857142857143,29.526676649019763,3.945376632062402,3.965359342569219,3.92676144301584,28.398,29.240860215053765,28.979135884639973,3.891753974510253,3.935769204962702,3.9137494894454625,27.769333333333336,28.336568306010932,27.8712730991296,3.8578707078128223,3.8825803546126347,3.8916155266760475,7.152511061984325
2025-02-12,sz001238,31.07,30.79,31.07,30.38,4693,14298990.0,2.24,-0.16,-0.05,1.47,3.6714505542124947,0.009070534196247149,30.938,30.938666666666666,30.80810845124951,3.8244588852355044,3.775060439082329,3.7925792685028146,30.578000000000003,30.741818181818186,30.43532301967011,3.9372340266578307,3.8512968939391112,3.8725321780265247,29.324,30.09285714285714,29.646993158636928,3.9446486452072618,3.9392711446787514,3.902446120272664,28.52466666666667,29.39518279569893,29.09596582756643,3.8851749694440856,3.921556081072524,3.8981173000755938,27.830333333333332,28.43560655737705,27.966969063092563,3.8545606740214713,3.8764682184290176,3.8843970029887176,7.155305362435845
2025-02-13,sz001238,31.09,30.75,31.09,30.47,3866,11830783.08,2.01,-0.13,-0.04,1.21,3.5872618496925344,-0.0841887045199603,30.986,30.875999999999998,30.788738967499675,3.7761663897462534,3.6959947605680052,3.7241401288993883,30.595,30.773090909090907,30.492537016093724,3.8622142854980184,3.78766558903633,3.8206648456021624,29.469000000000005,30.228666666666665,29.752041429242933,3.919658177396562,3.9052343070106823,3.872428570693604,28.655000000000005,29.53875268817204,29.20267770965892,3.879357779850231,3.902335879798231,3.8780621097283,27.889499999999998,28.531333333333336,28.05821597905674,3.8477720201620156,3.86770432254938,3.8746548668150718,7.073013491548255
2025-02-14,sz001238,31.14,30.84,31.14,30.19,5693,17348336.0,3.09,0.29,0.09,1.78,3.7553411838115474,0.168079334119013,30.875999999999998,30.827333333333335,30.805825978333118,3.709472793216304,3.689053025256437,3.734540480536775,30.683,30.81763636363636,30.555712104076683,3.824174729528226,3.7682341160024255,3.8087878161856867,29.643,30.359238095238098,29.855656531219797,3.9149266409706973,3.889585069526396,3.8612773909905513,28.792666666666666,29.67972043010753,29.30831140580996,3.8803061479525547,3.8943348090860574,3.8701446306368967,27.946166666666667,28.628071038251367,28.14942201253029,3.8444529779396155,3.864673803324775,3.870742942782169,7.239257824909328
2025-02-17,sz001238,30.67,31.93,31.93,30.47,10168,31810550.48,4.73,3.53,1.09,3.18,4.007235537545951,0.25189435373440405,31.03,31.178666666666672,31.18055065222208,3.7367338290557557,3.788307273366319,3.825438832873167,30.884999999999998,31.044363636363634,30.805582630608193,3.8247076128787327,3.8015178992783762,3.844869220069371,29.8915,30.57704761904762,30.053213052056005,3.925947298873035,3.898376393009753,3.8751781668529706,28.974666666666668,29.882129032258067,29.477452605435126,3.891526769657409,3.9025238019630515,3.878989205276191,28.02833333333333,28.75868852459016,28.27337538916864,3.8473864086675964,3.8700109364266218,3.8752181098236047,7.502571184616883
2025-02-18,sz001238,32.3,31.37,32.7,31.25,8264,26068350.64,4.54,-1.75,-0.56,2.58,3.917190308511564,-0.09004522903438739,31.136000000000003,31.291999999999998,31.243700434814723,3.7876958867548183,3.8484594331849222,3.8560226580859664,31.006,31.132545454545458,30.90820397049761,3.8258848368596348,3.818332934847982,3.8580185088770422,30.121000000000002,30.71785714285714,30.17862133281258,3.948220231724611,3.897542393927708,3.879179323201408,29.138,30.036666666666665,29.59955243734254,3.9040388210484176,3.90417951414719,3.881453792581699,28.1075,28.86825136612022,28.374904064933602,3.848791381396793,3.872299588880521,3.876594247485505,7.416113553968221
2025-02-19,sz001238,31.37,31.77,31.99,31.22,3994,12570324.2,2.45,1.28,0.4,1.25,3.6014080605346837,-0.31578224797688037,31.332,31.50333333333333,31.419133623209817,3.773687388019256,3.7863634911115436,3.7711511255688723,31.135,31.271454545454546,31.064894157679863,3.7990731366273804,3.7775189755161724,3.811362063723886,30.347,30.874904761904755,30.33018120587805,3.9459214862456142,3.864512663338192,3.852724917233149,29.275333333333332,30.206473118279572,29.7395813123527,3.886376899840239,3.884654948952756,3.863386325998021,28.202333333333335,28.988333333333333,28.486218685755453,3.8446917232219144,3.864188660327666,3.867571749552691,7.099346478676837
2025-02-20,sz001238,31.77,32.8,32.96,31.61,7417,23966394.63,4.25,3.24,1.03,2.32,3.8702282790117946,0.2688202184771109,31.742,31.992666666666665,31.879422415473215,3.830280673883108,3.8185437881090567,3.80417684338318,31.363999999999997,31.57418181818182,31.38036794719261,3.8032235318146803,3.7904562741315204,3.822065011958051,30.6085,31.10852380952381,30.56540204341347,3.9461067189195616,3.857303786458781,3.8543919040692103,29.462,30.43387096774194,29.937027679297692,3.889704171423502,3.8836131024476943,3.86382774232149,28.305333333333333,29.13907650273224,28.627654138681503,3.8471434085588494,3.865025924451924,3.8676588488792185,7.379602706121062
2025-02-21,sz001238,32.8,32.77,33.06,32.38,5256,17097038.89,2.07,-0.09,-0.03,1.64,3.7206553565517244,-0.14957292246007015,32.128,32.33533333333334,32.17628161031548,3.823343508431144,3.782002015665262,3.7763363477726952,31.502000000000002,31.829818181818183,31.633028320430313,3.766408150823723,3.7754438786291655,3.8036268927932637,30.837,31.314380952380954,30.77536375356457,3.923695469626465,3.8358322281380333,3.841655090019926,29.647333333333332,30.647290322580645,30.11980008708494,3.8863487842888564,3.872706727294677,3.854590814207312,28.406999999999996,29.285459016393435,28.763468757085388,3.8469343767496023,3.8608787752057894,3.8628390622455298,7.23292089956816
2025-02-24,sz001238,32.67,33.42,33.76,32.67,6878,22773692.77,3.33,1.98,0.65,2.15,3.8374621714859947,0.11680681493427025,32.426,32.766,32.590854406876986,3.7893888352191523,3.786708236683546,3.7967116223437953,31.727999999999998,32.17854545454546,31.957932262170257,3.763061332137453,3.7883627914768505,3.809778761646487,31.084000000000003,31.560380952380953,31.027233872272703,3.9084741507154726,3.8276195330770357,3.841255764445266,29.869666666666667,30.89068817204301,30.332716210498816,3.8840853877128265,3.869552752275137,3.8534857404833565,28.518666666666668,29.449819672131145,28.916141912590785,3.850369708166303,3.8605682110987853,3.8620070330402987,7.35743345747515
2025-02-25,sz001238,33.43,33.37,34.02,33.04,6365,21237782.74,2.93,-0.15,-0.05,1.99,3.803798407989674,-0.03366376349632061,32.826,33.080666666666666,32.850569604584656,3.7667104551147745,3.791511427607053,3.7990738842257548,31.981,32.47709090909091,32.21467185086657,3.777203170934796,3.7957695325408904,3.808691424617975,31.2985,31.778095238095236,31.25035445586578,3.894207689662742,3.8176504147221975,3.837688397163781,30.095000000000002,31.116516129032263,30.52867000336986,3.8893188116865334,3.8643729471317076,3.850280106128926,28.644333333333332,29.60887978142076,29.0621700466042,3.8481293580025855,3.859041283224142,3.8600985535304417,7.3271091737066225
2025-02-26,sz001238,33.38,32.38,33.72,32.05,12119,39355606.84,5.0,-2.97,-0.99,3.79,4.083466785473887,0.27966837748421325,32.948,32.932,32.6937130697231,3.8631222001026146,3.8970968710600906,3.893871517975133,32.14,32.54963636363636,32.244731514345375,3.8184047940609354,3.8514538260934525,3.8586505811372316,31.359,31.88109523809524,31.357939745783323,3.8778194103593835,3.8356750905137362,3.861095862717124,30.262666666666668,31.263935483870966,30.648110648313743,3.90256736149182,3.8768986228599243,3.865324408022149,28.744333333333334,29.731360655737706,29.170951356551605,3.8547521415605517,3.8667572644527097,3.867422102118751,7.595006613345929
2025-02-27,sz001238,32.38,33.0,33.0,32.08,5797,18736542.0,2.84,1.91,0.62,1.81,3.7632033003707717,-0.32026348510311564,32.988,32.949333333333335,32.79580871314874,3.8417172043744103,3.8637905711494764,3.850315445440346,32.364999999999995,32.705999999999996,32.38205305719167,3.8359989391287597,3.841417190877059,3.8412965300887842,31.48,32.03738095238096,31.5143264366611,3.8491066123133892,3.824759270514821,3.8517727615412807,30.434333333333335,31.440537634408606,30.79984544519673,3.891771764640628,3.8679073931101797,3.8587359494639957,28.85616666666667,29.870890710382515,29.29649393502532,3.854005391568224,3.863755663102225,3.8640050922253746,7.272689440933059
2025-02-28,sz001238,33.0,32.85,33.37,32.69,5072,16678871.5,2.06,-0.45,-0.15,1.59,3.7051792448736762,-0.05802405549709544,33.004,32.903333333333336,32.81387247543249,3.838621982038801,3.8182779179825643,3.801936711918123,32.566,32.79418181818182,32.467134319520454,3.830982745234972,3.8176317919215896,3.8165479327769463,31.6245,32.167857142857144,31.64153344269338,3.8275787373815993,3.8110519021872293,3.837811474239604,30.61733333333333,31.596387096774194,30.932113480990495,3.8869453423921225,3.8558691660284405,3.8488290652968784,28.959666666666667,30.001836065573766,29.41300233059826,3.8510127333532918,3.8588761173089607,3.8587976873941714,7.222166662734412
2025-03-03,sz001238,33.17,32.42,33.17,32.17,4084,13266000.0,3.04,-1.31,-0.43,1.28,3.6110857334148725,-0.09409351145880374,32.804,32.708666666666666,32.68258165028833,3.7933466944245766,3.742432501774589,3.7383197190837065,32.615,32.76763636363636,32.45856444324401,3.7913677648218638,3.7776505170452084,3.779191169256569,31.75,32.24361904761905,31.715673114817818,3.8080376888502983,3.7904335208570648,3.8162185465420104,30.799333333333333,31.71268817204301,31.028106159636273,3.8810874541893114,3.8380717719008755,3.83349078582062,29.059833333333334,30.11528961748634,29.51159241811963,3.8494860127742205,3.8510096582945867,3.8506759839850138,7.122739992962358
2025-03-04,sz001238,32.52,33.05,33.14,32.25,3392,11090222.62,2.75,1.94,0.63,1.06,3.5304558435846762,-0.08062988983019626,32.739999999999995,32.79066666666667,32.805054433525555,3.738678181543577,3.6548022181612887,3.66903176058403,32.783,32.84672727272727,32.56609818083601,3.7526943183291754,3.7302119859111733,3.733966564588952,31.8945,32.36742857142857,31.842751865787548,3.789289577594405,3.763997154641291,3.7890030510222643,31.008333333333333,31.857892473118284,31.158550923530708,3.883044927259466,3.815450377668319,3.8139401443860432,29.1615,30.24611475409836,29.62760578145997,3.8451134139798295,3.840549652747389,3.840176962988281,7.044940264063243
2025-03-05,sz001238,33.15,33.12,33.36,32.67,4849,15960707.2,2.09,0.21,0.07,1.52,3.6856521841155243,0.15519634053084808,32.888,32.91733333333333,32.91003628901704,3.6591152612719045,3.637126885685271,3.674571901761195,32.91799999999999,32.908,32.66680760250219,3.7611187306872593,3.7180225069632376,3.7251821317756013,32.0265,32.48414285714286,31.964394545236352,3.78009593365732,3.754126926690921,3.7791601113168602,31.204,31.994129032258066,31.285096025238406,3.8843205677261627,3.8027153619816128,3.8056635017879454,29.2415,30.375901639344256,29.74211050993669,3.837215331775138,3.835321415702657,3.835110576795732,7.203052130514282
2025-03-06,sz001238,33.06,33.34,33.83,32.53,8951,29508328.06,3.93,0.66,0.22,2.8,3.9518715571283645,0.26621937301284015,32.956,33.068,33.05335752601137,3.6968489126234223,3.7347123176374244,3.7670051202169184,32.972,32.98472727272728,32.78920622022906,3.7692830584989165,3.7527048390434374,3.766398390930649,32.168,32.60923809523809,32.095404588547176,3.7862532951567993,3.7704865098786398,3.7956088204417657,31.396333333333335,32.131935483870976,31.41767047522303,3.8871654987793467,3.8070734903301418,3.8150962795518435,29.328,30.510278688524597,29.86007409977483,3.837051427993902,3.8390806362060417,3.8389388056590965,7.469944603099198
2025-03-07,sz001238,33.17,32.91,33.77,32.67,5928,19548622.0,3.3,-1.29,-0.43,1.85,3.7729081949712717,-0.17896336215709274,32.968,33.05266666666667,33.00557168400758,3.7103947026429416,3.7600654117533736,3.768972811801703,32.986,32.973454545454544,32.811168725641956,3.7745083423408707,3.7533639547656845,3.767581991665307,32.244,32.679904761904766,32.17298510392364,3.7704582465822973,3.7692155479562084,3.7934468561112427,31.553333333333335,32.22959139784947,31.51394979940219,3.873966427197934,3.799702051374783,3.8123744676434197,29.415166666666668,30.627721311475405,29.960071670274015,3.836215184634544,3.836977579385627,3.8367738676037577,7.291116149001017
2025-03-10,sz001238,32.86,32.89,33.15,32.68,4306,14086908.0,1.43,-0.06,-0.02,1.35,3.6340740254874686,-0.13883416948380312,33.062,33.026666666666664,32.96704778933839,3.714992361057461,3.7346251860348834,3.7240065496969583,32.93300000000001,32.955999999999996,32.82550168461614,3.754169527741019,3.7278304426105198,3.743307815996609,32.3305,32.74142857142857,32.24127223688329,3.758615429939236,3.756226574518606,3.7782684912899307,31.700333333333333,32.315827956989246,31.602727231698825,3.8570392763906542,3.7842251222321726,3.800871213310778,29.504166666666666,30.741650273224046,30.056134894199456,3.834551099209128,3.8303500003971984,3.830127971140928,7.148815678283228
2025-03-11,sz001238,33.7,32.71,33.7,32.29,4727,15383794.0,4.29,-0.55,-0.18,1.48,3.6745856023029138,0.04051157681544515,32.99399999999999,32.909333333333336,32.88136519289226,3.743818312801109,3.7211562664500337,3.7075329005656106,32.867000000000004,32.915454545454544,32.8045013783223,3.7412482471723427,3.7133606379854105,3.730812868052301,32.424,32.77757142857143,32.28591297622774,3.7592257090535695,3.748223733791337,3.768393930434024,31.82133333333333,32.380967741935486,31.67416418449245,3.843221208832609,3.7724539174523177,3.792723754536077,29.591666666666665,30.84675956284153,30.143146864881437,3.834679322396401,3.8251052300068307,3.8250282213429605,7.187063455755757
2025-03-12,sz001238,32.71,32.46,32.84,32.22,4706,15236660.04,1.9,-0.76,-0.25,1.47,3.6726519228400023,-0.0019336794629114529,32.862,32.73133333333333,32.74091012859485,3.741218260546004,3.697434136462999,3.695905907990408,32.875,32.84145454545454,32.74186476408188,3.7001667609089544,3.7008885790158934,3.7202381507409736,32.50750000000001,32.781,32.30249269277748,3.759285777484945,3.739978611294807,3.759275643996498,31.864333333333335,32.422172043010754,31.724863269363908,3.8186018605425733,3.7614494473882787,3.7849771847492337,29.673166666666667,30.940803278688527,30.219109262754177,3.8356665386931583,3.819792856250883,3.8200322771297484,7.182889777688107
2025-03-13,sz001238,32.42,32.72,33.05,32.07,5493,17773353.0,3.02,0.8,0.26,1.72,3.739809599021359,0.0671576761813566,32.738,32.684,32.7339400857299,3.698805868924603,3.69696458262145,3.7105404716673918,32.847,32.813272727272725,32.73788935243063,3.6978273907740125,3.7080963677636043,3.723796595882862,32.606,32.80123809523809,32.342255293465335,3.7669131649513865,3.738123737155417,3.757421734951247,31.935666666666666,32.477376344086025,31.789065639082366,3.7986802051335973,3.7563660756772324,3.7820631469603385,29.75566666666667,31.040699453551916,30.301105680368792,3.8261503944833053,3.816650005769841,3.8174020253884895,7.249769366580304
2025-03-14,sz001238,32.68,32.53,33.03,32.38,3749,12165082.2,1.99,-0.58,-0.19,1.17,3.5739154404215507,-0.16589415859980816,32.662,32.61466666666667,32.66596005715327,3.659007318014659,3.655334439787099,3.664998794585445,32.815,32.75563636363636,32.70009128835233,3.6847010103288,3.6855669222449743,3.696545476708078,32.6905,32.794000000000004,32.360135741706735,3.7578418777818863,3.71974300148591,3.739944944996038,32.02133333333333,32.51572043010752,31.836867855915763,3.779952828364,3.741865123115165,3.7686342626675136,29.841333333333335,31.131661202185793,30.37418418265178,3.8216607337780557,3.808380007276013,3.8094188586682622,7.0851150478238285
2025-03-17,sz001238,33.15,32.62,33.15,32.08,2994,9699937.0,3.29,0.28,0.09,0.94,3.4762517960070336,-0.09766364441451714,32.608,32.60066666666667,32.65064003810218,3.6274428721185723,3.5944159324512244,3.6020831283926418,32.834999999999994,32.72018181818182,32.68552923592463,3.6712176165880166,3.647667065095562,3.656492080216979,32.725,32.78728571428571,32.38488471868705,3.73129269070494,3.6929248984597334,3.71483131175899,32.111666666666665,32.55434408602151,31.887392510372813,3.7624309980962045,3.722271508124393,3.7497708777216765,29.922666666666665,31.222765027322406,30.447817488138607,3.814964855873706,3.7970551240704054,3.7984953484170743,6.986768913581584
2025-03-18,sz001238,32.75,33.09,33.13,32.37,4151,13547968.0,2.33,1.44,0.47,1.3,3.6181527333785195,0.1419009373714859,32.684,32.76133333333334,32.79709335873479,3.616156298333693,3.5913192195378736,3.6074396633879346,32.839,32.76654545454545,32.75906937484743,3.6799873055674013,3.638018904512017,3.6495212898827134,32.81099999999999,32.822047619047616,32.45203855500257,3.716340811948288,3.6821496644286458,3.705623828103707,32.20933333333333,32.6174623655914,31.964980090348764,3.752855486918737,3.712963232981317,3.741279384538247,30.014166666666668,31.326612021857926,30.53444642295373,3.809992291644762,3.7906022675951534,3.7925824757928592,7.1318741621798685
2025-03-19,sz001238,33.36,32.78,33.36,32.6,3491,11388053.0,2.3,-0.94,-0.31,1.09,3.5429498488141786,-0.07520288456434088,32.748000000000005,32.79333333333333,32.79139557248986,3.590215883528528,3.5669170696980355,3.5859430585300163,32.805,32.75581818181818,32.762874943056985,3.6657170720372663,3.6131030032841585,3.630144664233889,32.8615,32.819095238095244,32.483272978335656,3.713417901362263,3.6656362393682542,3.690131068171371,32.286,32.65427956989247,32.01756202000369,3.7419696464506353,3.699420933748764,3.7284839306205653,30.101166666666664,31.417295081967215,30.60807113039787,3.808796683420298,3.7818467776662823,3.784397799498476,7.056449479686191
2025-03-20,sz001238,32.79,33.06,33.42,32.53,5465,17940626.11,2.72,0.85,0.28,1.71,3.7375901662857216,0.19464031747154298,32.816,32.897333333333336,32.88093038165991,3.5897719969814004,3.6160418306171,3.636492094448585,32.777,32.802181818181815,32.816897680682985,3.644288932953002,3.626170838602059,3.649680210061495,32.8745,32.837999999999994,32.5381993613513,3.7067859957259595,3.667938359837155,3.6946509822774996,32.371,32.70421505376344,32.084816083229256,3.738931841088866,3.6991383866413505,3.7290714296957366,30.202166666666663,31.51430601092896,30.68846224087663,3.807791678140754,3.77951213776023,3.782863122999697,7.253837595417839
2025-03-21,sz001238,33.19,32.66,33.19,32.49,3486,11337304.0,2.12,-1.21,-0.4,1.09,3.5423273827739745,-0.19526278351174708,32.842,32.84533333333333,32.80728692110661,3.5834543854518857,3.6002269592146248,3.6051038572237153,32.752,32.780909090909084,32.78837082964971,3.621230851733272,3.6076323749331456,3.6301615141910366,32.869,32.817571428571426,32.549799422174985,3.697869597037072,3.6522756347941088,3.6801439728009737,32.413333333333334,32.722860215053764,32.12192472302092,3.7207157816326224,3.6864542280403905,3.7170234266685265,30.2875,31.59489071038251,30.753102823142967,3.805515760942475,3.770808390371156,3.7749767052873784,7.054509792023676
2025-03-24,sz001238,32.76,32.39,33.12,31.87,5584,17999250.0,3.83,-0.83,-0.27,1.75,3.7469454096151047,0.20461802684113017,32.79600000000001,32.69466666666667,32.668191280737744,3.6375931081735,3.6547239672690304,3.6523843746875118,32.702,32.71509090909091,32.715939769713394,3.632517990146036,3.6304895672752977,3.651394949722685,32.817499999999995,32.771952380952385,32.534580429586896,3.693343758943527,3.656949521706302,3.68650601440232,32.45433333333334,32.72135483870968,32.13921990218086,3.7165829500081693,3.688146462103776,3.7189538771812094,30.371666666666666,31.663825136612022,30.806771583039918,3.8064763701173328,3.768888050983372,3.7740576464128774,7.255254409122891
2025-03-25,sz001238,32.67,32.06,32.67,31.82,4516,14439857.36,2.62,-1.02,-0.33,1.41,3.6547539332529304,-0.09219147636217428,32.589999999999996,32.449333333333335,32.465460853825164,3.644913348148382,3.6604442422955077,3.6531742275426513,32.637,32.598363636363636,32.59667799340187,3.6305348232410375,3.634532466022005,3.652005674000911,32.751999999999995,32.69980952380952,32.48938229343576,3.6858915352066903,3.6532743002119603,3.6834820066738065,32.495,32.69591397849462,32.13410894074984,3.7163287471160587,3.684157493280857,3.7148119453148687,30.4465,31.719180327868852,30.84786103933369,3.8040413608131565,3.763913544856671,3.770146049260092,7.159562903201012
2025-03-26,sz001238,28.87,31.87,32.23,28.87,6730,21252172.52,10.48,-0.59,-0.19,2.1,3.828015064223977,0.17326113097104656,32.408,32.20933333333333,32.26697390255011,3.7019263912303417,3.7214781476540395,3.711454506436427,32.578,32.45890909090909,32.46455472187426,3.6460711373794346,3.670437964382539,3.6840073813141956,32.7265,32.615809523809524,32.43039350358473,3.6731189491441945,3.666809874404083,3.6972470597738227,32.531,32.655591397849456,32.11706965424985,3.7215475641164417,3.691363062126529,3.722115372341263,30.527833333333334,31.765852459016394,30.88137379214242,3.8033612667802634,3.764699567919321,3.7720433940130063,7.327403332749647
2025-03-27,sz001238,31.87,31.81,32.09,31.39,4431,14007161.0,2.2,-0.19,-0.06,1.39,3.646501750031612,-0.18151331419236483,32.158,32.01,32.11464926836675,3.6837087079795197,3.7030032672544633,3.689803587634822,32.487,32.319272727272725,32.34554477244257,3.63674035248046,3.6705162575920265,3.677188175626453,32.666999999999994,32.528523809523804,32.371308408005234,3.6672838716272365,3.664274903060027,3.6924141731317075,32.56633333333333,32.6090752688172,32.09725870881438,3.7235222274610775,3.6865213967017016,3.7172370741277376,30.610666666666663,31.807890710382516,30.911820553055783,3.801440003655654,3.7595566329439554,3.767927274538206,7.146350120512376
2025-03-28,sz001238,31.82,31.45,32.06,31.21,5307,16652011.0,2.67,-1.13,-0.36,1.66,3.7248490876293854,0.07834733759777324,31.916000000000004,31.774,31.893099512244497,3.720213048950602,3.7167167271377517,3.7014854209663435,32.379000000000005,32.13072727272727,32.18271845018028,3.6518337172012436,3.6865360276191037,3.6858537959906226,32.597,32.41261904761905,32.28356475009998,3.668267363765022,3.6697573045840404,3.695503212607677,32.586666666666666,32.537053763440866,32.05550008243926,3.722505824255005,3.686607000583528,3.7177281717730057,30.689666666666668,31.835409836065576,30.929465780824444,3.8014059861037803,3.7570454553693233,3.766514874967425,7.221466689101463
2025-03-31,sz001238,31.7,31.41,31.7,30.99,7171,22336964.5,2.26,-0.13,-0.04,2.24,3.8555797225017177,0.13073063487233227,31.72,31.605333333333338,31.73206634149633,3.7419399115279246,3.7618389516547897,3.7528501881448015,32.258,31.954545454545453,32.042224186511135,3.689766509850712,3.723580755855553,3.7167130553562764,32.546499999999995,32.299571428571426,32.20036810723332,3.680492063219364,3.687596576844679,3.7107485945023475,32.56933333333333,32.46113978494624,32.01385491583027,3.7174506304201973,3.695192413373639,3.726621820207116,30.772000000000002,31.859027322404373,30.945221001125283,3.8044887000388035,3.7588216434479444,3.7694350339029756,7.349024153986773
