date,stock_code,open,close,high,low,volume,amount,amplitude,pct_change,change,turnover,volume_log,volume_log_diff,p_SMA:5,p_WMA:5,p_EMA:5,v_log_SMA:5,v_log_WMA:5,v_log_EMA:5,p_SMA:10,p_WMA:10,p_EMA:10,v_log_SMA:10,v_log_WMA:10,v_log_EMA:10,p_SMA:20,p_WMA:20,p_EMA:20,v_log_SMA:20,v_log_WMA:20,v_log_EMA:20,p_SMA:30,p_WMA:30,p_EMA:30,v_log_SMA:30,v_log_WMA:30,v_log_EMA:30,p_SMA:60,p_WMA:60,p_EMA:60,v_log_SMA:60,v_log_WMA:60,v_log_EMA:60,amount_log
2022-02-16,sz001313,6.46,7.75,7.75,6.46,19002,14668166.0,23.98,44.05,2.37,1.9,4.278799313755556,0.0,7.75,7.75,7.75,4.278799313755556,4.278799313755556,4.278799313755556,7.75,7.75,7.75,4.278799313755556,4.278799313755556,4.278799313755556,7.75,7.75,7.75,4.278799313755556,4.278799313755556,4.278799313755556,7.75,7.75,7.75,4.278799313755556,4.278799313755556,4.278799313755556,7.75,7.75,7.75,4.278799313755556,4.278799313755556,4.278799313755556,7.166375816237847
2022-02-17,sz001313,8.53,8.53,8.53,8.53,3054,2605258.0,0.0,10.06,0.78,0.31,3.484869032720402,-0.7939302810351538,8.14,8.27,8.01,3.881834173237979,3.74951245973212,4.014155886743838,8.14,8.27,7.891818181818182,3.881834173237979,3.74951245973212,4.134448353567346,8.14,8.27,7.824285714285714,3.881834173237979,3.74951245973212,4.2031869060379226,8.14,8.27,7.800322580645162,3.881834173237979,3.74951245973212,4.227578005301675,8.14,8.27,7.775573770491803,3.881834173237979,3.74951245973212,4.25276881273801,6.415850738164551
2022-02-18,sz001313,9.38,9.38,9.38,9.38,9067,8505052.0,0.0,9.96,0.85,0.91,3.957463615729931,0.47259458300952906,8.553333333333333,8.825000000000001,8.466666666666669,3.907043987401963,3.853488037731026,3.9952584630725356,8.553333333333333,8.825000000000001,8.162396694214875,3.907043987401963,3.853488037731026,4.102269310324179,8.553333333333333,8.825000000000001,7.972448979591837,3.907043987401963,3.853488037731026,4.179784687913352,8.553333333333333,8.825000000000001,7.902237252861604,3.907043987401963,3.853488037731026,4.210151270490595,8.553333333333333,8.825000000000001,7.828177909164203,3.907043987401963,3.853488037731026,4.243086675131187,6.92967697323889
2022-02-21,sz001313,10.32,10.32,10.32,10.32,6323,6525088.0,0.0,10.02,0.94,0.63,3.8009231818132183,-0.1565404339167129,8.995000000000001,9.423,9.084444444444447,3.880513786004777,3.8324620953639026,3.930480035986097,8.995000000000001,9.423,8.554688204357625,3.880513786004777,3.8324620953639026,4.0474791051403685,8.995000000000001,9.423,8.196025267249757,3.880513786004777,3.8324620953639026,4.143702639713339,8.995000000000001,9.423,8.058221946225371,3.880513786004777,3.8324620953639026,4.183749458317861,8.995000000000001,9.423,7.909876994109639,3.880513786004777,3.8324620953639026,4.228589511415844,6.814586373122456
2022-02-22,sz001313,11.35,11.35,11.35,11.35,42822,48603265.0,0.0,9.98,1.03,4.28,4.631666947140572,0.830743765327354,9.466,10.065333333333335,9.83962962962963,4.030744418231936,4.0988637126227925,4.164209006370922,9.466,10.065333333333335,9.062926712656239,4.030744418231936,4.0988637126227925,4.153695076413133,9.466,10.065333333333335,8.496403813225971,4.030744418231936,4.0988637126227925,4.190175430896885,9.466,10.065333333333335,8.270594723888252,4.030744418231936,4.0988637126227925,4.212647360822552,9.466,10.065333333333335,8.022667912335551,4.030744418231936,4.0988637126227925,4.241805165046163,7.686665444650259
2022-02-23,sz001313,12.49,12.49,12.49,12.49,8570,10704329.0,0.0,10.04,1.14,0.86,3.932980821923198,-0.6986861252173742,10.414,11.073333333333334,10.723086419753088,3.9615807198654642,4.066275847186547,4.0871329448883476,9.97,10.758095238095239,9.686030946718741,4.014450485513813,4.051468600994337,4.113565211960417,9.97,10.758095238095239,8.87674630720445,4.014450485513813,4.051468600994337,4.165680706232725,9.97,10.758095238095239,8.54281441912127,4.014450485513813,4.051468600994337,4.194604358312916,9.97,10.758095238095239,8.169137816849139,4.014450485513813,4.051468600994337,4.2316797767470495,7.02955944876911
2022-02-24,sz001313,13.74,13.74,13.74,13.74,179698,246904997.0,0.0,10.01,1.25,17.97,5.2545432435319155,1.3215624216087174,11.456,12.182,11.728724279835394,4.315515562027768,4.497263355075364,4.476269711102871,10.508571428571429,11.50357142857143,10.423116229133516,4.191606593802113,4.352237261628732,4.321015763155234,10.508571428571429,11.50357142857143,9.339913325565929,4.191606593802113,4.352237261628732,4.269381900261219,10.508571428571429,11.50357142857143,8.878116714661832,4.191606593802113,4.352237261628732,4.262987512198013,10.508571428571429,11.50357142857143,8.351789035968839,4.191606593802113,4.352237261628732,4.265216283854749,8.392529879512999
2022-02-25,sz001313,14.6,15.11,15.11,14.51,245554,365903072.0,4.37,9.97,1.37,24.56,5.390147013050308,0.1356037695183927,12.602,13.4,12.855816186556929,4.602052241491843,4.8554738387495435,4.7808954784186835,11.08375,12.305,11.275276914745604,4.341424146208138,4.582883873055748,4.5154032631361565,11.08375,12.305,9.889445389797745,4.341424146208138,4.582883873055748,4.376121434812561,11.08375,12.305,9.280173700812682,4.341424146208138,4.582883873055748,4.3357074799949356,11.08375,12.305,8.573369723314123,4.341424146208138,4.582883873055748,4.302099258582473,8.563366055693352
2022-02-28,sz001313,15.03,13.6,15.03,13.6,486558,673552976.0,9.46,-9.99,-1.51,48.66,5.6871346176332755,0.29698760458296736,13.258,13.732666666666667,13.10387745770462,4.9792945286558545,5.217167964130022,5.082975191490214,11.363333333333333,12.564,11.69795383933731,4.490947531922043,4.803734021971254,4.728445327590178,11.363333333333333,12.564,10.242831543150341,4.490947531922043,4.803734021971254,4.500979833176439,11.363333333333333,12.564,9.558872171727993,4.490947531922043,4.803734021971254,4.422896327584506,11.363333333333333,12.564,8.738177273369397,4.490947531922043,4.803734021971254,4.347510253961188,8.828371759345826
2022-03-01,sz001313,13.01,12.85,13.52,12.29,528515,677596912.0,9.04,-5.51,-0.75,52.85,5.723057317707369,0.03592270007409315,13.558000000000002,13.596666666666666,13.019251638469747,5.197572602769213,5.46508889381386,5.296335900229266,11.512,12.616,11.907416777639616,4.614158510500575,4.970883712105093,4.909283871247848,11.512,12.616,10.491133300945545,4.614158510500575,4.970883712105093,4.6173681650365275,11.512,12.616,9.771202999358444,4.614158510500575,4.970883712105093,4.506777681785981,11.512,12.616,8.872991133258923,4.614158510500575,4.970883712105093,4.39261015769057,8.83097141812487
2022-03-02,sz001313,13.45,14.14,14.14,12.96,598732,826470352.0,9.18,10.04,1.29,59.87,5.777232470191837,0.05417515248446847,13.888,13.790666666666668,13.392834425646498,5.566422932422941,5.658308849621402,5.456634756883457,12.151,13.09381818181818,12.313340999886957,4.764001826144203,5.182351704776232,5.067092707419483,11.75090909090909,12.870000000000001,10.838644415141207,4.719892506836144,5.105275171786217,4.727831432194176,11.75090909090909,12.870000000000001,10.053060870367577,4.719892506836144,5.105275171786217,4.588742506844423,11.75090909090909,12.870000000000001,9.04567994856191,4.719892506836144,5.105275171786217,4.438007610559464,8.91722727872568
2022-03-03,sz001313,13.6,15.55,15.55,13.2,583947,857020816.0,16.62,9.97,1.41,58.39,5.766373431612284,-0.010859038579552838,14.25,14.344666666666667,14.111889617097667,5.668788970039015,5.724959016017849,5.559880981793066,12.853,13.711818181818181,12.901824454452965,4.992152266033391,5.36460108758861,5.194234657272719,12.0675,13.282307692307691,11.287344947032521,4.8070992505674885,5.206982596374843,4.82674019404352,12.0675,13.282307692307691,10.407702104537412,4.8070992505674885,5.206982596374843,4.664718695539125,12.0675,13.282307692307691,9.258936343691026,4.8070992505674885,5.206982596374843,4.4815605882989,8.93299137053947
2022-03-04,sz001313,15.0,17.11,17.11,14.0,699562,1052258400.0,20.0,10.03,1.56,69.96,5.844826210700109,0.07845277908782489,14.65,15.298000000000002,15.111259744731779,5.759724809568975,5.783638096238213,5.654862724762081,13.626,14.485818181818182,13.666947280916062,5.180888525530409,5.5196327138916494,5.312524030623154,12.455384615384617,13.829120879120879,11.841883523505613,4.8869244013469215,5.2981031127070235,4.923700767058433,12.455384615384617,13.829120879120879,10.840108420373708,4.8869244013469215,5.2981031127070235,4.740854664259189,12.455384615384617,13.829120879120879,9.516348266848697,4.8869244013469215,5.2981031127070235,4.526257821820251,9.022122401332949
2022-03-07,sz001313,18.36,18.82,18.82,17.33,341208,624825648.0,8.71,9.99,1.71,34.12,5.533019205130669,-0.31180700556943997,15.693999999999999,16.688,16.347506496487853,5.728901727068454,5.708069561425445,5.614248218218277,14.475999999999999,15.43018181818182,14.603865957113142,5.354098127862154,5.58365647381897,5.352614062351792,12.91,14.49457142857143,12.506466045076507,4.933074030188618,5.32942525836351,4.981731094493884,12.91,14.49457142857143,11.35494013518831,4.933074030188618,5.32942525836351,4.791962053992833,12.91,14.49457142857143,9.821386028591363,4.933074030188618,5.32942525836351,4.559266391764855,8.795758848264018
2022-03-08,sz001313,16.94,17.11,20.5,16.94,659520,1191399472.0,18.92,-9.09,-1.71,65.95,5.819227970099119,0.2862087649684497,16.546,17.16,16.60167099765857,5.748135857546804,5.738178309102334,5.682574802178558,15.052000000000001,15.909090909090908,15.059526692183479,5.472854230158008,5.668225536043873,5.437452954669488,13.19,14.821499999999999,12.944897850307315,4.9921509595159845,5.390650597330461,5.061492701694382,13.19,14.821499999999999,11.726234320014871,4.9921509595159845,5.390650597330461,4.858237274386787,13.19,14.821499999999999,10.060356978473612,4.9921509595159845,5.390650597330461,4.600576607447946,9.07605740329385
2022-03-09,sz001313,16.4,17.25,18.16,15.41,502367,825197312.0,16.07,0.82,0.14,50.24,5.701021103283656,-0.11820686681546277,17.168,17.394666666666662,16.817780665105715,5.732893584165168,5.722473391014618,5.688723569213591,15.528,16.308727272727275,15.457794566331936,5.649658258294054,5.709710422066717,5.4853744362357,13.44375,15.107205882352941,13.354907578849476,5.036455343501464,5.427164774501426,5.122400168512408,13.44375,15.107205882352941,12.082606299368752,5.036455343501464,5.427164774501426,4.912610424638198,13.44375,15.107205882352941,10.296082979179396,5.036455343501464,5.427164774501426,4.636656754852396,8.916557804631374
2022-03-10,sz001313,16.7,16.84,17.72,16.51,415478,710084240.0,7.01,-2.38,-0.41,41.55,5.618548032376309,-0.0824730709073469,17.426,17.28533333333333,16.82518711007048,5.703328504317973,5.6843582070849985,5.665331723601164,15.838000000000003,16.547272727272727,15.709104645180675,5.686058737178493,5.704054017354401,5.509587817352174,13.643529411764705,15.299738562091502,13.686821142768574,5.070696089905867,5.448429580931968,5.169652346023256,13.643529411764705,15.299738562091502,12.38953492521593,5.070696089905867,5.448429580931968,4.958154786427754,13.643529411764705,15.299738562091502,10.510637635599743,5.070696089905867,5.448429580931968,4.668849911492524,8.85130987378522
2022-03-11,sz001313,16.1,16.32,17.26,15.22,372514,614931216.0,12.11,-3.09,-0.52,37.25,5.5711425992547605,-0.04740543312154877,17.268,16.916666666666664,16.656791406713655,5.648591782028903,5.640296238730594,5.63393534881903,15.959,16.634909090909094,15.820176527875097,5.704158295798939,5.68316017409554,5.520779595879917,13.792222222222222,15.407134502923975,13.937600081552521,5.0984986737585825,5.46134674075542,5.207889512997686,13.792222222222222,15.407134502923975,12.643113317137484,5.0984986737585825,5.46134674075542,4.997702387255304,13.792222222222222,15.407134502923975,10.701108532793194,5.0984986737585825,5.46134674075542,4.6984332783044005,8.788826539869243
2022-03-14,sz001313,16.03,16.52,17.5,15.6,353654,593153680.0,11.64,1.23,0.2,35.37,5.548578574529603,-0.02256402472515795,16.808,16.667333333333332,16.611194271142438,5.6517036559086895,5.606958502897494,5.605483090722554,16.250999999999998,16.73690909090909,15.947417159170532,5.690302691488571,5.654872952046571,5.525833955634405,13.93578947368421,15.51842105263158,14.183542930928471,5.122187089588636,5.470069924132838,5.24033609028644,13.93578947368421,15.51842105263158,12.893235038612486,5.122187089588636,5.470069924132838,5.033242786434291,13.93578947368421,15.51842105263158,10.89189185958686,5.122187089588636,5.470069924132838,4.726306894574079,8.773167229163759
2022-03-15,sz001313,16.52,14.87,16.83,14.87,343546,532963008.0,11.86,-9.99,-1.65,34.35,5.535984896296981,-0.012593678232621919,16.360000000000003,16.021333333333335,16.030796180761627,5.595055041148262,5.568385583026925,5.58231702591403,16.453,16.485818181818182,15.751523130230435,5.671595449347533,5.626815171102643,5.527679581209418,13.982499999999998,15.456666666666667,14.248919794649568,5.142876979924053,5.476347540529423,5.268493119430301,13.982499999999998,15.456666666666667,13.02076826192781,5.142876979924053,5.476347540529423,5.0656777612641415,13.982499999999998,15.456666666666667,11.022321634682372,5.142876979924053,5.476347540529423,4.752853714302698,8.726697066476858
2022-03-16,sz001313,14.8,14.5,15.27,13.58,324555,470905312.0,11.37,-2.49,-0.37,32.46,5.511288304133243,-0.024696592163737208,15.810000000000002,15.401333333333334,15.520530787174419,5.5571084813181795,5.540463337355252,5.558640785320435,16.488999999999997,16.130727272727274,15.523973470188537,5.645001032741673,5.597668417427319,5.52469934901375,14.319999999999999,15.505952380952381,14.272832195159134,5.204501429442938,5.511434333311251,5.29161647035439,14.007142857142856,15.369696969696971,13.116202567609887,5.160420376314967,5.479523973584316,5.09442682854602,14.007142857142856,15.369696969696971,11.136343876168196,5.160420376314967,5.479523973584316,4.777720422165994,8.672933589485568
2022-03-17,sz001313,14.49,15.25,15.8,14.08,391165,590107344.0,11.86,5.17,0.75,39.12,5.5923599887871385,0.08107168465389503,15.492,15.214666666666666,15.43035385811628,5.551870872600345,5.552213839844906,5.569880519809336,16.459,15.905454545454544,15.47416011197244,5.627599688459159,5.5880973185264935,5.537001283518003,14.656,15.594523809523809,14.365895795620169,5.309875977246275,5.548373243724984,5.320258710205128,14.063636363636363,15.359288537549407,13.25386691808667,5.180053995063703,5.489335800993256,5.126551548561576,14.063636363636363,15.359288537549407,11.271217847441369,5.180053995063703,5.489335800993256,4.804429916153572,8.770931019551435
2022-03-18,sz001313,15.24,15.51,15.99,15.17,345699,539586240.0,5.38,1.7,0.26,34.57,5.53869812326497,-0.05366186552216856,15.329999999999998,15.220666666666666,15.45690257207752,5.545381977402387,5.54782292339978,5.5594863876278815,16.299,15.73290909090909,15.480676455250178,5.5969868797156455,5.571933397582097,5.537309799835633,14.9625,15.675857142857142,14.4748581007992,5.388937702623027,5.570165829060098,5.341062463829876,14.126521739130435,15.371847826086958,13.399423891113337,5.1956472180289754,5.493449327849232,5.1531416501553435,14.126521739130435,15.371847826086958,11.410194311459685,5.1956472180289754,5.493449327849232,4.828504283599848,8.732060866188403
2022-03-21,sz001313,15.38,17.06,17.06,15.18,350132,572576736.0,12.12,9.99,1.55,35.01,5.544231804533471,0.005533681268500956,15.437999999999999,15.797333333333333,15.991268381385014,5.54451262340316,5.547439532443475,5.554401526596411,16.123,15.871272727272729,15.767826190659235,5.598108139655925,5.562341565730793,5.53856834614433,15.2995,15.875619047619047,14.721062091199276,5.47610313375904,5.584955743527759,5.3604119248492665,14.248750000000001,15.5069,13.63559009168667,5.210171575799996,5.497511925983972,5.178373273018449,14.248750000000001,15.5069,11.595433842231497,5.210171575799996,5.497511925983972,4.851970759696032,8.75783369850207
2022-03-22,sz001313,17.2,18.77,18.77,16.06,554747,971996240.0,15.89,10.02,1.71,55.47,5.74409496230203,0.19986315776855879,16.218,16.907999999999998,16.91751225425668,5.58613463660417,5.613966978743097,5.617632671831617,16.288999999999998,16.352545454545453,16.313675974175737,5.590594838876216,5.58888462439372,5.575936821809366,15.6705,16.206142857142854,15.106675225370774,5.531724534517112,5.610478774817568,5.396953166511434,14.4296,15.757907692307692,13.966842343835918,5.231528511260077,5.5164798518545926,5.2148714465206165,14.4296,15.757907692307692,11.830665519535382,5.231528511260077,5.5164798518545926,4.881220733551967,8.987664584936141
2022-03-23,sz001313,18.18,18.89,20.42,17.68,557309,1072032032.0,14.6,0.64,0.12,55.73,5.746096056547635,0.0020010942456050174,17.096,17.798666666666666,17.575008169504454,5.633096187087049,5.667287452057585,5.66045380007029,16.453,16.825454545454544,16.7820985243256,5.595102334202614,5.617157573061251,5.6068748644890505,15.9905,16.512761904761906,15.466991870573557,5.622380296248335,5.630895110249047,5.430204870324405,14.601153846153846,15.98991452991453,14.28446541842715,5.251319570694213,5.533488459609632,5.249144002006231,14.601153846153846,15.98991452991453,12.062119109058811,5.251319570694213,5.533488459609632,4.909577301519038,9.030207762141275
2022-03-24,sz001313,18.38,17.57,19.93,17.37,456660,845545808.0,13.55,-6.99,-1.32,45.67,5.659592972325036,-0.08650308422259823,17.56,17.956666666666667,17.573338779669637,5.646542783794628,5.6761197138035815,5.660166857488539,16.526,17.028545454545455,16.92535333808458,5.599206828197486,5.628883143628963,5.616459975004684,16.182,16.663190476190476,15.66727835909036,5.642632782687991,5.634439174637302,5.4520513562292265,14.71111111111111,16.102777777777778,14.49643539143185,5.266440807791652,5.54249592480359,5.275624580736477,14.71111111111111,16.102777777777778,12.242705367778195,5.266440807791652,5.54249592480359,4.9341679792503825,8.927137140760168
2022-03-25,sz001313,17.77,16.88,18.28,16.86,347633,608341424.0,8.08,-3.93,-0.69,34.76,5.541120996308398,-0.11847197601663861,17.833999999999996,17.73,17.342225853113092,5.647027358403314,5.6409791179748385,5.620484903761826,16.582,17.09290909090909,16.917107276614654,5.596204667902851,5.618322083285492,5.602761978878086,16.2705,16.729666666666663,15.782775658224612,5.650181481850895,5.624771385458294,5.4605341790939095,14.788571428571428,16.15637931034483,14.650213753274958,5.276250814524393,5.542401102148749,5.292753381741118,14.788571428571428,16.15637931034483,12.394747814736286,5.276250814524393,5.542401102148749,4.954068078170317,8.784147390032047
2022-03-28,sz001313,16.7,15.68,17.3,15.58,377269,613535776.0,10.19,-7.11,-1.2,37.73,5.57665112091249,0.035530124604091995,17.558,17.011999999999997,16.78815056874206,5.653511221679118,5.617520372144564,5.605873642812048,16.498,16.92890909090909,16.692178680866533,5.599011922541139,5.614766892923609,5.5980145501570675,16.3745,16.673428571428573,15.77298750029846,5.644657307014856,5.617768493940351,5.471592935457584,14.819310344827587,16.124620689655174,14.716651575644317,5.286609445779154,5.544684436732998,5.311069364913465,14.819310344827587,16.124620689655174,12.502461001138373,5.286609445779154,5.544684436732998,4.974480636948749,8.787839892028591
2022-03-29,sz001313,15.79,16.13,16.27,15.4,283563,452762064.0,5.55,2.87,0.45,28.36,5.452649562392061,-0.12400155852042882,17.029999999999998,16.535999999999998,16.568767045828043,5.595222141697124,5.550566485715545,5.5547989493387195,16.624000000000002,16.862,16.589964375254436,5.590678389150647,5.588155554714686,5.571584552381611,16.5385,16.650142857142857,15.806988690746225,5.63113691924909,5.599482042071514,5.469788804689438,14.863,16.124967741935485,14.807835344957589,5.292144116332918,5.53874670290455,5.3202035712024065,14.863,16.124967741935485,12.621396706019082,5.292144116332918,5.53874670290455,4.990158306635414,8.655870031065229
2022-03-30,sz001313,15.5,15.75,15.96,15.11,235681,367854640.0,5.27,-2.36,-0.38,23.57,5.372324572224118,-0.08032499016794326,16.401999999999997,16.109333333333332,16.295844697218698,5.52046784483242,5.476267295891208,5.493974156967186,16.749000000000002,16.703090909090907,16.43724357975363,5.5767820159597346,5.548454860728044,5.535355465080249,16.619,16.575047619047616,15.801561196389441,5.610891524350704,5.574833247116754,5.460506496835598,15.129666666666667,16.182193548387094,14.868620161411938,5.328594958281871,5.543919635542693,5.323566216429614,14.891612903225806,16.101532258064516,12.723973863198784,5.294730582651989,5.528345319737023,5.002688348130126,8.565676238463842
2022-03-31,sz001313,15.6,15.15,16.19,15.0,252771,392067472.0,7.56,-3.81,-0.6,25.28,5.402727246578611,0.03040267435449362,15.918000000000001,15.692,15.913896464812467,5.4690946996831356,5.437020429806606,5.463558520170994,16.739,16.412363636363636,16.203199292525696,5.557818741738882,5.516808539022386,5.511241243534497,16.599,16.435142857142857,15.739507749114257,5.59270921509902,5.555008077805127,5.455003711096838,15.350333333333335,16.183505376344087,14.886773699385362,5.392523565410477,5.548702363819902,5.328673379665034,14.8996875,16.043863636363636,12.803515703749644,5.298105478399696,5.5207321031819685,5.015804377587453,8.593360812417766
2022-04-01,sz001313,14.8,14.68,15.45,14.5,192704,285366704.0,6.27,-3.1,-0.47,19.27,5.284890729496646,-0.1178365170819653,15.478,15.279333333333334,15.502597643208311,5.4178486463207856,5.37561910641111,5.404002589946212,16.656,16.038000000000004,15.926253966611931,5.53243800236205,5.4671852640692515,5.4700866046185235,16.4775,16.252380952380953,15.638602249198613,5.564712441038847,5.5256920315572815,5.438802474753962,15.526999999999997,16.14025806451613,14.87343346071534,5.436771135869367,5.541758309889978,5.325848692557396,14.893030303030303,15.963636363636365,12.86503977903654,5.29770503146324,5.506859081200479,5.0246268809287375,8.455403299147816
2022-04-06,sz001313,14.59,14.96,15.15,14.59,152075,227161512.0,3.81,1.91,0.28,15.21,5.182057825134961,-0.10283290436168535,15.334,15.106666666666667,15.321731762138874,5.33892998716528,5.297022166015835,5.330021001675795,16.446,15.729636363636363,15.750571427227943,5.496220604422199,5.4034797773006895,5.417717735621512,16.2845,16.107857142857142,15.57397346356065,5.547164372039061,5.48924873480453,5.414350603361676,15.681666666666667,16.103677419354838,14.879018398733706,5.482808957313425,5.525325193068403,5.31657186240111,14.895,15.906285714285714,12.933726999395997,5.29430364304182,5.488299009425306,5.02978855123058,8.356334750709921
2022-04-07,sz001313,14.85,14.32,15.07,14.23,147885,214882618.0,5.61,-4.28,-0.64,14.79,5.1699241256696675,-0.01213369946529319,14.972,14.768666666666666,14.987821174759251,5.2823848998208005,5.24068687885063,5.27665537634042,16.000999999999998,15.343090909090908,15.490467531368315,5.438803520758962,5.34415314480023,5.372664351993904,16.145,15.920761904761905,15.454547419412016,5.514699179817589,5.45332109229316,5.391071891200532,15.780666666666667,16.01582795698925,14.842952695589597,5.500750863264396,5.505139074897836,5.307110718095856,14.878571428571428,15.81815873015873,12.979178573186292,5.290749942545474,5.470611515883326,5.034383160228583,8.332201286538469
2022-04-08,sz001313,14.25,13.62,14.32,13.61,151831,209311045.0,4.96,-4.89,-0.7,15.18,5.1813604524187005,0.011436326749032943,14.546000000000001,14.318000000000001,14.531880783172834,5.244192075859718,5.20701206304993,5.244890401699847,15.473999999999998,14.910181818181817,15.150382525664984,5.382329960346069,5.297345314192909,5.337881824798412,15.9635,15.680285714285715,15.279828617563252,5.488716147274341,5.421574546826599,5.37109937322131,15.818333333333333,15.87643010752688,14.764052521680592,5.542363517614246,5.48453324194005,5.298997797729589,14.84361111111111,15.699339339339339,13.000189111770347,5.287711345597507,5.454976323263617,5.039202087841375,8.32079214594973
2022-04-11,sz001313,13.49,13.13,13.88,13.1,148349,201387378.0,5.73,-3.6,-0.49,14.83,5.171284623143959,-0.010075829274741821,14.142,13.846,14.064587188781891,5.197903551172787,5.182709578811345,5.2203551421812175,15.029999999999998,14.484000000000002,14.783040248271352,5.333499125427961,5.258973434701616,5.307591424497603,15.778,15.410428571428572,15.07508303493818,5.466352976812724,5.391342973099896,5.352069397023467,15.798,15.702989247311827,14.658629778346361,5.53958823026798,5.460592668103258,5.2907582380789036,14.797297297297296,15.564110953058321,13.0044452064664,5.284564677423086,5.4400451811520565,5.043532662769327,8.304032247564525
2022-04-12,sz001313,13.15,13.29,13.33,12.67,143010,186359188.0,5.03,1.22,0.16,14.3,5.155366406646705,-0.015918216497254,13.863999999999999,13.562000000000001,13.806391459187928,5.171998686602798,5.168530530635983,5.1986922303363805,14.671000000000001,14.167636363636362,14.511578384949287,5.294923666461791,5.226585667650479,5.279914148524712,15.626500000000002,15.173476190476192,14.905075126848828,5.445564167182321,5.3617252045126556,5.333335778892346,15.737333333333334,15.541182795698926,14.570331082969178,5.531762210054527,5.435804163353498,5.28202328121231,14.757631578947368,15.44748987854251,13.013807658713404,5.281164722928971,5.425446269638962,5.0471993428964534,8.270350809482302
2022-04-13,sz001313,13.3,12.54,13.35,12.5,173356,222139896.0,6.4,-5.64,-0.75,17.34,5.23893887755744,0.0835724709107355,13.379999999999999,13.120666666666667,13.384260972791953,5.183374897087294,5.190843927620864,5.212107779410068,14.357,13.78018181818182,14.153109587685778,5.261152442126287,5.216406615122415,5.2724640992579355,15.427499999999998,14.879523809523809,14.679829876672748,5.430082182333713,5.342046605500762,5.324345597812831,15.702,15.334903225806451,14.439341980842135,5.5168223520519994,5.416912335450461,5.2792436422668345,14.700769230769232,15.302115384615384,12.998272981378538,5.280082008945087,5.416120900034885,5.053485885016486,8.346626564206465
2022-04-14,sz001313,12.42,13.0,13.38,12.35,172428,222533360.0,8.21,3.67,0.46,17.24,5.236607790828075,-0.002331086729364884,13.116,12.994,13.256173981861302,5.196711630118976,5.2085882255344575,5.220274449882737,14.044,13.533454545454546,13.943453299015635,5.239548264969889,5.211943951250014,5.265944770452506,15.334,14.648333333333332,14.519846078894393,5.415113327060268,5.323620472976416,5.315989616195235,15.706999999999999,15.160580645161291,14.346481207884578,5.500607367822689,5.39883397666182,5.276492942174011,14.65825,15.189817073170733,12.998329604939897,5.27899515349216,5.407364163000407,5.059489881928341,8.347395125330022
2022-04-15,sz001313,12.75,12.68,12.96,12.62,107660,137272836.0,2.62,-2.46,-0.32,10.77,5.032054375479669,-0.2045534153484061,12.928,12.848666666666666,13.064115987907536,5.16685041473117,5.153702473988022,5.157534425081715,13.737,13.285454545454543,13.713734517376427,5.205521245295444,5.174217789524519,5.223419244093808,15.243,14.395571428571426,14.344622642809213,5.391151630627589,5.287138668063978,5.288948164698515,15.658333333333333,14.965290322580644,14.238966291246864,5.475768097998951,5.368604751349367,5.260722712064699,14.61,15.070301974448316,12.98789256871236,5.272972207686978,5.3894922683565625,5.058590357126746,8.137584606119047
2022-04-18,sz001313,12.56,13.95,13.95,12.52,151014,203590836.0,11.28,10.02,1.27,15.1,5.179017211140216,0.14696283566054724,13.091999999999999,13.189333333333334,13.359410658605025,5.168396932330421,5.157758072791038,5.164695353767883,13.617,13.324181818181817,13.756691877853438,5.183150241751603,5.169398874223568,5.215346147193155,15.178,14.272428571428572,14.307039533970242,5.370484491745243,5.266935390017561,5.278478550073915,15.604999999999999,14.855075268817206,14.22032330471481,5.456189557316548,5.349459532842351,5.25545138942441,14.594285714285714,15.018194905869326,13.019437074656217,5.270735183959674,5.379702730811616,5.0625387785698095,8.308758225706953
2022-04-19,sz001313,14.2,15.35,15.35,13.73,476406,710450240.0,11.61,10.04,1.4,47.64,5.677977222480099,0.4989600113398822,13.504,13.942,14.022940439070016,5.2729190954971,5.3276181695075975,5.335789310005288,13.684000000000001,13.639272727272727,14.046384263698267,5.222458891049949,5.259367416174203,5.299460888154417,15.169999999999998,14.288809523809526,14.406369102163552,5.3774484467059995,5.2962204119923095,5.316526042684028,15.546333333333333,14.83862365591398,14.293205672152565,5.4506279243758815,5.363768414465809,5.282711120589293,14.611860465116278,15.033276955602537,13.095848973847817,5.280205929041545,5.393260662251092,5.082717088206213,8.851533665303316
2022-04-20,sz001313,15.75,16.2,16.89,15.51,608356,990260240.0,8.99,5.54,0.85,60.84,5.784157795702748,0.10618057322264907,14.235999999999999,14.840666666666666,14.748626959380012,5.381962879126162,5.498031069576146,5.485245471904442,13.808000000000002,14.096727272727271,14.437950761207672,5.282668888106728,5.36149448974744,5.38758759861775,15.127,14.386904761904763,14.57719109243369,5.389444746264464,5.334954635706285,5.361062400114382,15.459,14.88079569892473,14.416224661045948,5.458999210728284,5.385286470680443,5.31506251898371,14.647954545454546,15.085131313131312,13.197624417328216,5.291659380556572,5.410633868182277,5.1057151441897055,8.995749342015488
2022-04-21,sz001313,15.49,14.58,15.74,14.58,312690,465464480.0,7.16,-10.0,-1.62,31.27,5.495113992486095,-0.2890438032166527,14.551999999999998,14.955333333333334,14.692417972920008,5.433664119457765,5.5357481073627905,5.488534978764993,13.834,14.237090909090908,14.463777895533548,5.3151878747883705,5.40012087236187,5.407137852048358,14.917499999999999,14.334809523809525,14.577458607440004,5.376995697773666,5.345018373441679,5.373829218435498,15.374666666666664,14.824086021505376,14.426790811946212,5.448195411474517,5.387616456600302,5.326678743080639,14.646444444444445,15.063169082125603,13.24294820692401,5.296180594155006,5.414306917065051,5.118482319543686,8.667886545191532
2022-04-22,sz001313,13.13,13.24,13.74,13.13,300794,403574992.0,4.18,-9.19,-1.34,30.08,5.478269169044339,-0.016844823441756418,14.663999999999998,14.517999999999999,14.20827864861334,5.522907078170699,5.550616457224981,5.485113042191442,13.795999999999998,14.129090909090909,14.241272823618356,5.344878746450934,5.429772016772046,5.420070818774899,14.635,14.175047619047618,14.450081597207623,5.363604353398501,5.3546634659436485,5.383775880398245,15.240999999999998,14.686365591397847,14.350223662788393,5.440770346999872,5.389556699024163,5.336458770562169,14.615869565217393,14.985587419056428,13.24285154440191,5.300139041435209,5.417028715021617,5.130278609691248,8.605924246829247
2022-04-25,sz001313,13.52,12.9,13.95,12.8,272971,368601248.0,8.69,-2.57,-0.34,27.3,5.436116510744187,-0.04215265830015191,14.453999999999999,13.930000000000001,13.772185765742229,5.5743269380914935,5.521686268082812,5.468780865042357,13.773,13.966181818181818,13.997405037505928,5.371361935210958,5.446360701189001,5.422988217314769,14.401500000000002,14.009809523809524,14.302454778425943,5.3524305303194595,5.361569385690855,5.388760702335953,15.109666666666667,14.535333333333332,14.256660845834304,5.434689296278802,5.389256451523795,5.342888302186815,14.57936170212766,14.89868794326241,13.231610510159225,5.3030321790800805,5.41782403984339,5.140306081856918,8.566556801307895
2022-04-26,sz001313,12.64,12.24,13.2,12.18,220987,277833632.0,7.91,-5.12,-0.66,22.1,5.344366726199477,-0.09174978454470928,13.831999999999999,13.192,13.261457177161487,5.507604838835369,5.445032864118805,5.427309485428064,13.668000000000001,13.687454545454544,13.677876848868486,5.390261967166235,5.441452481368733,5.408693400748352,14.1695,13.803952380952381,14.106030513813948,5.3425928168140135,5.360801404346095,5.38453270460867,14.973666666666666,14.350193548387095,14.126553694490156,5.4271301005102925,5.383429188938032,5.342983684381181,14.530625,14.790170068027209,13.199098690154004,5.303893315478401,5.414825782143639,5.146996594786182,8.443784816304166
2022-04-27,sz001313,11.84,12.44,12.44,11.3,189567,225949755.0,9.31,1.63,0.2,18.96,5.277762737193663,-0.06660398900581477,13.079999999999998,12.728,12.98763811810766,5.406325827133552,5.368418830238237,5.377460569349931,13.657999999999998,13.464181818181817,13.452808330892397,5.394144353129857,5.420998075919172,5.38488782555659,14.007499999999999,13.639238095238097,13.947360941069762,5.327648397628073,5.354627111048919,5.374364136283432,14.837666666666665,14.186731182795697,14.017743778716598,5.418102905932427,5.373792584853088,5.338775881336826,14.48795918367347,14.696163265306122,13.17421020850961,5.303360038370549,5.40934326034564,5.151284009291345,8.354011874756816
2022-04-28,sz001313,12.43,11.7,12.43,11.51,159896,188156165.0,7.4,-5.95,-0.74,15.99,5.203837599458203,-0.0739251377354595,12.504,12.267999999999999,12.558425412071774,5.348070548527973,5.300922754346454,5.319586246052689,13.528,13.10818181818182,13.13411590709378,5.39086733399287,5.386396847978873,5.351969602629611,13.786000000000001,13.419476190476193,13.733326565729785,5.315207799481379,5.342835606461314,5.358123513728647,14.732000000000001,13.984301075268819,13.868211922025205,5.407031329371135,5.359969016693462,5.330070185731754,14.4322,14.578666666666667,13.125875447574868,5.301369589592302,5.401284214820643,5.153007077821406,8.27451845269371
2022-04-29,sz001313,11.35,12.2,12.55,11.35,168011,200721445.0,10.26,4.27,0.5,16.8,5.2253377167431845,0.021500117284981357,12.296000000000001,12.166666666666666,12.438950274714516,5.297484258067742,5.260011810418191,5.2881700696161875,13.48,12.866727272727273,12.964276651258546,5.410195668119221,5.356300553933476,5.328945623377533,13.608500000000001,13.26842857142857,13.58729546423171,5.307858456707332,5.334276550962437,5.34547724734908,14.655333333333335,13.820946236559138,13.760585346410677,5.3974996431247995,5.348246848136819,5.323313252248621,14.388431372549018,14.487179487179487,13.095518875523233,5.299878768556045,5.394517041817664,5.155378574179497,8.302593774817453
2022-05-05,sz001313,12.11,12.46,12.7,11.85,160578,199028572.0,6.97,2.13,0.26,16.06,5.205686044472687,-0.019651672270497578,12.208,12.221333333333332,12.445966849809679,5.251398164813443,5.229412405886505,5.260675394568354,13.331,12.681272727272727,12.872589987393354,5.412862551452468,5.319116985997742,5.306534790849379,13.473999999999998,13.159047619047618,13.479933991447739,5.298006396602036,5.324545845035329,5.33216379945609,14.562333333333333,13.67931182795699,13.676676614384183,5.384610511647651,5.335871777256036,5.3157244001340445,14.351346153846153,14.410682148040637,13.074682191079848,5.298067370015981,5.387391343804646,5.1570279994350114,8.298915427018839
2022-05-06,sz001313,12.05,12.65,12.84,11.9,180901,225571199.0,7.54,1.52,0.19,18.09,5.257440967596583,0.05175492312389629,12.29,12.368666666666666,12.51397789987312,5.234013013092865,5.231426673480885,5.259597252244431,13.061000000000002,12.557454545454547,12.832119080594563,5.370808925964116,5.2908585162057635,5.297608641167052,13.372499999999999,13.080571428571428,13.400892658928907,5.296633908507033,5.320682470844333,5.325047339278995,14.467,13.555935483870968,13.610439413456172,5.375235273125371,5.327667290543065,5.311964178680015,14.319245283018867,14.345471698113206,13.060758184814933,5.297300834121275,5.38257836690805,5.160320227899325,8.353283647998099
2022-05-09,sz001313,12.4,13.75,13.8,12.32,226169,295146624.0,11.7,8.7,1.1,22.62,5.354433077815064,0.09699211021848075,12.552,12.855333333333332,12.925985266582082,5.249347081217144,5.271566695054952,5.2912091941013095,12.815999999999999,12.682727272727272,12.999006520486459,5.3278364541753485,5.287881089269572,5.307940356921236,13.312000000000001,13.11652380952381,13.434140977126155,5.305252671141038,5.3261871536355745,5.327845981044335,14.356666666666667,13.509677419354839,13.619443322265452,5.368908648901424,5.326325213426271,5.31470410765647,14.308703703703703,14.323818181818181,13.083356277116083,5.298358838634123,5.381554901850124,5.166684583634266,8.470037819959192
2022-05-10,sz001313,13.2,13.25,13.53,12.89,219270,288393728.0,4.65,-3.64,-0.5,21.93,5.340979216603635,-0.013453861211428553,12.862,13.088,13.033990177721389,5.276775404646231,5.302110740183783,5.307799201602085,12.683000000000002,12.761636363636363,13.04464169857983,5.3124229765871025,5.290270682438352,5.313947422318035,13.258500000000002,13.110619047619048,13.416603741209379,5.313805425687737,5.329589681774869,5.329096765383316,14.172666666666666,13.438279569892472,13.59560826921607,5.355471457378145,5.324523314568349,5.316399275975642,14.289454545454545,14.285467532467532,13.088820005735228,5.299133754597205,5.380105770234178,5.172399161764409,8.45998581109382
2022-05-11,sz001313,13.2,12.94,13.51,12.92,201012,265579895.0,4.45,-2.34,-0.31,20.1,5.303221984675319,-0.03775723192831659,13.01,13.113999999999999,13.002660118480927,5.292352258232658,5.310926266860146,5.306273462626496,12.653,12.808363636363636,13.025615935201678,5.2949182581502,5.288597774818028,5.311997342746632,13.2245,13.080285714285717,13.371212908713247,5.319898502300568,5.328581735011781,5.326632500553982,13.974333333333334,13.358752688172043,13.55331096152471,5.340708988315735,5.321152380845587,5.315549128149815,14.265357142857143,14.238258145363407,13.083940661284892,5.2992067587057425,5.377408093547902,5.176688434646735,8.424195194863724
2022-05-12,sz001313,12.68,12.68,13.08,12.38,155216,196672481.0,5.41,-2.01,-0.26,15.52,5.190936487241461,-0.11228549743385763,13.053999999999998,13.004,12.895106745653953,5.289402346786412,5.27712100986308,5.267827804164819,12.631,12.813272727272727,12.962776674255917,5.270400255799927,5.269691998289165,5.289986278109328,13.202000000000002,13.028428571428572,13.305383107883413,5.320881095505443,5.316299638339485,5.313709070714695,13.811333333333334,13.275247311827954,13.496968318845697,5.325087105479615,5.311489638840794,5.307509602929922,14.237543859649122,14.184525105868117,13.070696705177191,5.297307280259001,5.370978038158025,5.177155583912136,8.293743596391412
2022-05-13,sz001313,12.9,12.37,13.07,12.29,134213,168557437.0,6.15,-2.44,-0.31,13.42,5.127794584050751,-0.06314190319071056,12.998,12.776,12.720071163769303,5.263473070077246,5.223251755617858,5.221150064126796,12.644,12.76581818181818,12.854999097118476,5.248743041585055,5.24376369433477,5.260496879189587,13.156,12.949190476190479,13.216299002370707,5.319502504375644,5.297910446772371,5.296002929127653,13.661,13.18225806451613,13.424260685371783,5.311309558404361,5.29876108907119,5.2959150855828785,14.205344827586206,14.123015780245469,13.047723042712365,5.294384647565756,5.362734531239134,5.175537190474058,8.226747918985783
2022-05-16,sz001313,12.49,13.61,13.61,12.41,165087,219452498.0,9.7,10.02,1.24,16.51,5.217712875500509,0.08991829144975849,12.969999999999999,12.979999999999999,13.016714109179535,5.236129029614335,5.2079983574256135,5.220004334584701,12.761,12.941454545454546,12.99227198855148,5.24273805541574,5.238121845955761,5.252717969427936,13.2095,12.99242857142857,13.25379433547826,5.318441204272799,5.288216196403311,5.288546733544115,13.592,13.178967741935484,13.436243866960702,5.2993449502239605,5.292722593399976,5.290869781706597,14.195254237288136,14.105915254237287,13.066158352787369,5.2930851260053275,5.357900476047846,5.176919999819187,8.34134052872823
2022-05-17,sz001313,13.89,13.33,14.03,13.14,362922,492579904.0,6.54,-2.06,-0.28,36.29,5.559813295533166,0.34210042003265695,12.985999999999999,13.1,13.121142739453024,5.279895845400241,5.3158931127318905,5.33327398823419,12.923999999999998,13.04490909090909,13.05367708154212,5.278335625023237,5.295771889613476,5.30855348326525,13.225999999999999,13.00390476190476,13.261052017813663,5.334601479508053,5.311204014618584,5.314381644209739,13.498666666666667,13.162064516129028,13.42938942393098,5.302917074661997,5.309527002774763,5.308220976147021,14.180833333333334,14.080475409836064,13.074808898597619,5.2975305954974585,5.364520568489988,5.1894738783671865,8.692476689760621
2022-05-18,sz001313,13.0,13.11,13.36,12.98,157833,207780860.0,2.85,-1.65,-0.22,15.78,5.198197811418066,-0.36161548411510047,13.02,13.141333333333334,13.117428492968683,5.2588910107487905,5.2886604347378325,5.288248595962148,13.015,13.078727272727274,13.063917612170822,5.275621634490724,5.281201378048898,5.288488815656671,13.247499999999999,12.99285714285714,13.24666611135522,5.342908651304972,5.298213189086205,5.303316517277199,13.410666666666666,13.136989247311828,13.408783654645111,5.297112849301796,5.302770921275152,5.301122707454831,14.270166666666666,14.045366120218578,13.075962705200975,5.312853903791834,5.361263755897221,5.189759908959019,8.317605539471277
2022-05-19,sz001313,12.82,12.89,13.08,12.7,138394,177691368.0,2.9,-1.68,-0.22,13.84,5.141117261917152,-0.057080549500913236,13.062000000000001,13.097999999999997,13.041618995312456,5.248927165683929,5.249402518460618,5.23920481794715,13.057999999999998,13.056,13.032296228139764,5.26916475623517,5.256746037580976,5.261693987704032,13.1945,12.958809523809526,13.21269791027377,5.341013653843819,5.278994961525461,5.287868969147671,13.335333333333331,13.103397849462363,13.375313741442202,5.288392516479747,5.292706689830982,5.2907997754846585,14.342833333333335,14.000114754098362,13.069865567325534,5.340458040945112,5.35563304632756,5.1881650680724,8.24966633089465
2022-05-20,sz001313,12.9,13.2,13.43,12.81,197354,259504744.0,4.81,2.4,0.31,19.74,5.295245933165397,0.1541286712482446,13.228,13.144,13.09441266354164,5.282417435506858,5.264842107621109,5.257885189686566,13.113,13.081818181818182,13.062787823023443,5.272945252792052,5.261488069750108,5.267794341424279,13.087,12.959333333333332,13.21148858548579,5.321877089378084,5.274636130984657,5.288571537149359,13.286000000000001,13.094666666666665,13.364003177478189,5.288737689935372,5.2931488457461855,5.291086624367287,14.4065,13.962644808743171,13.074132270036172,5.362754412902371,5.3541506821380604,5.1916759161082355,8.414145301584053
2022-05-23,sz001313,13.03,14.01,14.44,12.92,331430,453206000.0,11.52,6.14,0.81,33.14,5.520391816831582,0.22514588366618504,13.307999999999998,13.404666666666666,13.399608442361094,5.342953223773073,5.344166901396017,5.345387398734905,13.139,13.24490909090909,13.235008218837361,5.289541126693704,5.306478354120933,5.313721155134697,12.977500000000001,13.047238095238093,13.28753729163,5.308688790434525,5.2935422955040385,5.3106496590238566,13.254333333333333,13.141376344086023,13.405680391834435,5.300015489658594,5.3080942732878755,5.3058805077520805,14.467999999999998,13.949644808743166,13.104816457903837,5.391412223486009,5.35931912161115,5.202453486623755,8.65629565085959
2022-05-24,sz001313,13.92,13.1,14.1,13.0,269024,361687360.0,7.85,-6.5,-0.91,26.9,5.429791025737069,-0.0906007910945128,13.262,13.335333333333333,13.299738961574064,5.316948769813854,5.373112835384016,5.37352194106896,13.123999999999999,13.237818181818183,13.21046126995784,5.298422307607047,5.33197833576518,5.334824767971492,12.9035,13.058904761904762,13.269676597189047,5.305422642097075,5.305075841723328,5.321996455853687,13.213666666666665,13.131419354838709,13.385959076232215,5.308677719660841,5.316466888518748,5.313874734718855,14.497166666666665,13.904792349726774,13.104658541251252,5.404714291462617,5.36057744299643,5.2099071764307485,8.55833333160328
2022-05-25,sz001313,12.75,13.18,13.22,12.56,162483,210625409.0,5.04,0.61,0.08,16.25,5.210807929053925,-0.21898309668314386,13.276,13.308,13.25982597438271,5.319470793341026,5.337732555130706,5.319283937063949,13.148,13.248000000000001,13.204922857238232,5.289180902044908,5.316048448755522,5.312276251804661,12.9005,13.085238095238093,13.261135968885329,5.292049580097554,5.2960649166716,5.311407072348947,13.199,13.129247311827953,13.372671393894652,5.309659302215348,5.31015270847959,5.307225263385633,14.508666666666667,13.86160655737705,13.107128753013507,5.426011409914796,5.354219857343687,5.209936709303639,8.323510761544888
2022-05-26,sz001313,13.0,12.87,13.05,12.6,123205,158407732.0,3.41,-2.35,-0.31,12.32,5.090628333058493,-0.12017959599543193,13.272,13.172666666666666,13.129883982921807,5.3093730075692935,5.261451735036529,5.243065402395464,13.166999999999998,13.197454545454544,13.144027792285826,5.27915008662661,5.279947981667084,5.271976630214448,12.899000000000001,13.082333333333334,13.223884924229584,5.274775171213269,5.276881940763118,5.290380525749856,13.190333333333333,13.108021505376348,13.340240981385321,5.3069707592125,5.296021678211406,5.293251267880656,14.494166666666668,13.807879781420766,13.09935403979995,5.42327949474024,5.343223690889381,5.206024959262814,8.199776376009664
2022-05-27,sz001313,12.9,12.97,13.11,12.6,144032,185318068.0,3.96,0.78,0.1,14.4,5.158458991258385,0.06783065819989176,13.225999999999999,13.072,13.076589321947871,5.282015619187891,5.211147062932893,5.214863265349772,13.226999999999999,13.161636363636365,13.112386375506585,5.282216527347375,5.258004146145588,5.251337059495164,12.9355,13.08909523809524,13.19970540763629,5.265479784466215,5.265804209338843,5.277816570084002,13.179666666666666,13.093806451612902,13.316354466457236,5.307073845366221,5.286440273827269,5.284554991969542,14.458499999999999,13.75790710382514,13.095112923740935,5.419418027710374,5.334541051430961,5.204465419328242,8.267917763896147
2022-05-30,sz001313,13.03,13.05,13.37,13.0,154860,204090451.0,2.85,0.62,0.08,15.49,5.189939254927513,0.031480263669127595,13.034,13.013333333333332,13.067726214631914,5.215925106807077,5.1804549415127665,5.206555261875685,13.171000000000001,13.129454545454543,13.101043398141751,5.279439165290075,5.241226460251067,5.2401738223010454,12.966,13.099999999999998,13.185447749766169,5.261088610352907,5.2586098731923,5.26944730197386,13.196666666666667,13.085440860215055,13.299170307330963,5.305440524611891,5.2788832034763855,5.278450750870056,14.449333333333334,13.711726775956281,13.093633811487134,5.411131438331945,5.327017157241356,5.203989151642972,8.309822685387196
2022-05-31,sz001313,12.88,13.3,13.8,12.72,219849,293161680.0,8.28,1.92,0.25,21.98,5.342124494538533,0.15218523961102015,13.074000000000002,13.102000000000002,13.145150809754611,5.19839180056737,5.222521404089918,5.251745006096635,13.168000000000001,13.152909090909091,13.13721732575234,5.257670285190612,5.252623792841696,5.2587103081624065,13.046000000000001,13.131809523809522,13.196357487883677,5.268002955106924,5.266327576448075,5.276368939360971,13.206666666666667,13.092107526881719,13.299223835890256,5.308957748068906,5.281249911213587,5.282558734332539,14.456833333333332,13.674043715846995,13.10039991602854,5.404782557945797,5.324754634494031,5.208518179278892,8.467107201807522
2022-06-01,sz001313,13.15,13.3,13.63,13.01,177306,235946844.0,4.66,0.0,0.0,17.73,5.248723432289026,-0.09340106224950695,13.098000000000003,13.177333333333335,13.196767206503075,5.20597490121439,5.239298614663805,5.250737814827432,13.187000000000001,13.176909090909092,13.166814175615551,5.262722847277708,5.250997092314134,5.2568945125490645,13.100999999999999,13.155999999999999,13.206228203323327,5.269172240884216,5.264491431417798,5.273736033925547,13.227333333333332,13.098129032258061,13.299273910994112,5.316180049962551,5.277363826324562,5.280375811620054,14.442833333333335,13.636114754098363,13.106944181076784,5.395974073980751,5.319637941849547,5.209836384295618,8.372814172640817
2022-06-02,sz001313,13.37,13.01,13.44,12.84,121059,156733763.0,4.51,-2.18,-0.29,12.11,5.082997082130014,-0.16572635015901227,13.126,13.148000000000001,13.134511471002051,5.204448651028694,5.198306008302345,5.194824237261626,13.199000000000002,13.144727272727273,13.138302507321814,5.2569108292989934,5.2183196804691,5.225276797927418,13.128499999999999,13.147333333333332,13.187539803006821,5.263037792767082,5.246760463917397,5.25557041946883,13.196,13.08410752688172,13.28061107802675,5.312979378995545,5.262319763883754,5.267641700040052,14.400500000000001,13.589136612021859,13.103765683336562,5.384584468156047,5.30937640113313,5.205677718650843,8.195162560636719
2022-06-06,sz001313,12.86,12.98,13.05,12.86,97653,125728446.0,1.46,-0.23,-0.03,9.77,4.989685589799322,-0.09331149233069169,13.128,13.099333333333334,13.083007647334702,5.170693970736882,5.126718321225889,5.126444688107525,13.176999999999998,13.104909090909091,13.109520233263304,5.226354794962386,5.169733273287342,5.182442032813219,13.145,13.133190476190475,13.167774107482362,5.249650023877218,5.220726920777611,5.230248054738401,13.116999999999999,13.070172043010752,13.26121681492825,5.290036324572852,5.241462100064643,5.249709047766457,14.331666666666669,13.542562841530055,13.099707792079625,5.370332124474367,5.296428896924713,5.1985960095081705,8.099433547719293
2022-06-07,sz001313,13.01,12.68,13.14,12.61,134860,171286348.0,4.08,-2.31,-0.3,13.49,5.129883155340622,0.1401975655412997,13.054000000000002,12.950000000000001,12.948671764889802,5.158682750819503,5.1131147160938015,5.127590843851891,13.044,13.014545454545456,13.031425645397249,5.18730392881329,5.152192975174293,5.172885873272746,13.0915,13.088904761904761,13.12131943057928,5.238422527753497,5.209320552345555,5.220689492890994,12.999666666666666,13.041978494623654,13.223718955900623,5.268227169894114,5.231129637533532,5.241978345029306,14.229333333333333,13.488409836065573,13.0859468808639,5.363613190311199,5.28854532416623,5.19634312904366,8.233722749862538
2022-06-08,sz001313,12.64,12.59,12.81,12.43,89676,112398360.0,3.0,-0.71,-0.09,8.97,4.952676228303794,-0.17720692703682772,12.912,12.795333333333334,12.829114509926537,5.080793097572555,5.0444458752552315,5.069285972002525,12.993,12.932000000000002,12.951166437143202,5.139592449069963,5.109533393263475,5.132847756005663,13.0585,13.041142857142859,13.070717580047921,5.219007378338505,5.182106619064631,5.195164420073166,12.933333333333334,13.015548387096775,13.18283386197155,5.250145911088038,5.210771512269639,5.223313692337338,14.154,13.43466120218579,13.069686327392953,5.349170661281277,5.275071981149593,5.188354050330878,8.05075997450576
2022-06-09,sz001313,12.63,12.97,13.2,12.44,179274,229711898.0,6.04,3.02,0.38,17.93,5.253517308662568,0.300841080358774,12.846,12.814666666666666,12.876076339951027,5.0817518728472635,5.102020612285235,5.130696417555873,12.972,12.927818181818184,12.954590721298985,5.143863387030827,5.130247004098495,5.154787674670555,13.059999999999999,13.032714285714288,13.061125429567166,5.216522144537867,5.185393279095494,5.200721838034061,12.924333333333333,13.017913978494624,13.16910264507016,5.2426541824086454,5.210989021790579,5.225262312745417,14.082666666666665,13.395841530054646,13.066417923216134,5.341712264704259,5.271935805653897,5.190490550604047,8.361183490196872
2022-06-10,sz001313,12.78,12.71,12.79,12.56,101852,128356533.0,1.77,-2.0,-0.26,10.19,5.007969561371881,-0.2455477472906873,12.786,12.769333333333334,12.820717559967353,5.066746368695638,5.077426508460108,5.089787465494543,12.956,12.880181818181818,12.910119681062804,5.135597509862166,5.105539035796868,5.128093472252614,13.0615,12.99938095238095,13.027684912465531,5.207373798244388,5.165531128317781,5.182364478351949,12.918,13.004086021505376,13.139483119581763,5.228382617429569,5.195848078497883,5.211243425560028,14.013833333333332,13.35083606557377,13.054732089668065,5.331535956854185,5.260993421938084,5.184506255875124,8.10841797798327
2022-06-13,sz001313,12.64,12.72,12.91,12.57,78222,99204098.0,2.68,0.08,0.01,7.82,4.893328915909893,-0.11464064546198749,12.734,12.747333333333334,12.787145039978236,5.047475033917752,5.01962069086486,5.02430128229966,12.931000000000001,12.837272727272728,12.87555246632411,5.109084502327317,5.061490200532818,5.085409007463028,13.078999999999999,12.966857142857144,12.998381587468815,5.195650514837345,5.135622091904971,5.154837281928897,12.934000000000001,12.991311827956991,13.112419692511972,5.213348023753249,5.174231710657904,5.190732812034213,13.953833333333334,13.308415300546447,13.043757267055996,5.320239062131771,5.246625977972696,5.174959457843476,7.996529612698805
2022-06-14,sz001313,12.5,12.93,13.4,12.46,176130,227134459.0,7.39,1.65,0.21,17.61,5.245833335097326,0.3525044191874329,12.784,12.812666666666667,12.834763359985491,5.070665069869092,5.085740124591386,5.098145299898883,12.919,12.837090909090909,12.885452017901544,5.1146739103442975,5.08635362467282,5.1145770670329,13.045000000000002,12.952666666666666,12.991869055328928,5.197056537817186,5.140401408120208,5.163503572706842,12.950333333333335,12.991053763440858,13.100650680091846,5.212283710350038,5.176327537196231,5.194287684489898,13.894,13.274846994535519,13.040027520595142,5.315193308141233,5.24418644593878,5.17728319152393,8.356283026858588
2022-06-15,sz001313,12.81,13.02,13.32,12.72,164595,212838660.0,4.64,0.7,0.09,16.46,5.216416638255405,-0.029416696841921386,12.87,12.891333333333334,12.896508906656996,5.123413151859415,5.134323980720156,5.137569079351057,12.891,12.855454545454545,12.90991528737399,5.102103124715985,5.10485230247484,5.133093352709718,13.029499999999999,12.950285714285714,12.99454819291665,5.179886704953299,5.142245227209562,5.168542912282896,12.994333333333334,12.995548387096777,13.095447410408502,5.212703011643277,5.1765941777062565,5.195715358926383,13.863166666666666,13.2461912568306,13.039370880575628,5.309867170507206,5.240947866598261,5.178566255351191,8.328050516008945
2022-06-16,sz001313,12.84,13.26,13.81,12.83,236718,313514528.0,7.53,1.84,0.24,23.67,5.37423128286974,0.15781464461433536,12.928,13.021333333333333,13.017672604437998,5.147555946700849,5.217930024390265,5.216456480523952,12.887,12.922545454545455,12.973567053305992,5.114653909774057,5.154330149411886,5.176936612738812,13.037,12.972238095238096,13.019829317400779,5.188688378525882,5.160754234630176,5.188132280910215,13.029666666666666,13.01268817204301,13.10606370651118,5.2176661305141625,5.187015356495059,5.207232515309825,13.842500000000001,13.226415300546448,13.0466046221961,5.307582886819481,5.2430581653642445,5.184981502155077,8.49625767047469
2022-06-17,sz001313,12.93,12.83,13.26,12.69,174151,223349307.0,4.3,-3.24,-0.43,17.42,5.24092597258257,-0.1333053102871702,12.951999999999998,12.988666666666667,12.955115069625332,5.194147228942986,5.249053366350838,5.224612977876825,12.869,12.91218181818182,12.9474639527049,5.130446798819312,5.177288706286161,5.188571041801313,13.034,12.95252380952381,13.001750334791181,5.193678814059153,5.165729243587955,5.1931602515456765,13.042,12.999806451612903,13.088253144800781,5.218840794784493,5.188515991467215,5.209406286746777,13.802166666666666,13.193218579234971,13.039502831304423,5.301725653216072,5.240872692766314,5.186815747087126,8.348984609297032
2022-06-20,sz001313,12.71,12.92,13.03,12.71,101355,129394793.0,2.49,0.7,0.09,10.14,5.005845177980656,-0.235080794601914,12.991999999999999,12.978,12.94341004641689,5.2166504813571395,5.186286016030062,5.151690377911436,12.863,12.921454545454546,12.942470506758555,5.132062757637446,5.154633866133678,5.155348157470284,13.020000000000001,12.941666666666666,12.993964588620592,5.179208776299916,5.147840325866193,5.17532072072996,13.050999999999998,12.991935483870968,13.077398103200732,5.210454268463962,5.174774338770193,5.196273311987673,13.759000000000002,13.164295081967214,13.035584705687883,5.292844770794667,5.2311716935782675,5.180882285804946,8.111916800159058
2022-06-21,sz001313,12.86,12.68,12.89,12.57,96091,121589787.0,2.48,-1.86,-0.24,9.61,4.982682713023635,-0.023162464957020568,12.941999999999998,12.874,12.855606697611261,5.164020356942402,5.108296759918892,5.095354489615502,12.863,12.888181818181819,12.894748596438816,5.117342713405747,5.127473858022078,5.123954440298166,12.9535,12.909285714285714,12.964063199228155,5.1523233211095185,5.129123557935119,5.156974243805548,13.015333333333333,12.968000000000002,13.05175951589746,5.198062589637581,5.160079399709526,5.182493273344832,13.686,13.128918032786883,13.023926190747297,5.283485619269502,5.221002445782497,5.174383939156379,8.084897097668481
2022-06-22,sz001313,12.65,12.65,12.84,12.48,81461,102211932.0,2.84,-0.24,-0.03,8.15,4.910949737100534,-0.07173297592310135,12.868,12.776666666666667,12.787071131740841,5.102926976711427,5.023939886638271,5.03388623877718,12.869,12.849454545454545,12.85024885163176,5.113170064285421,5.089947862330219,5.0852263124440515,12.931000000000001,12.880380952380953,12.934152418349283,5.126381256677692,5.106135597553312,5.133543338405071,12.995333333333331,12.944430107526884,13.025839547129884,5.183728273654143,5.1415559898684275,5.164974335522619,13.584,13.094950819672132,13.011666315640827,5.269599865516144,5.208788154563842,5.165746752203728,8.009501597357191
2022-06-23,sz001313,12.56,12.52,12.65,12.28,80668,100089987.0,2.92,-1.03,-0.13,8.07,4.9067012896226325,-0.004248447477901429,12.719999999999999,12.660666666666666,12.698047421160563,5.009420978062005,4.958531324275339,4.9914912557256645,12.824000000000002,12.786,12.790203605880528,5.0784884623814275,5.052408085118803,5.052767217385611,12.898,12.841238095238095,12.894709330887448,5.111175924706127,5.085213695929019,5.111939333759124,12.981333333333334,12.913763440860217,12.993204737637635,5.170510917152387,5.123683281221233,5.148311558367782,13.477833333333333,13.060065573770489,12.995546108570636,5.25560995273406,5.19688984060012,5.1572534583486105,8.000390632842391
2022-06-24,sz001313,12.52,12.56,12.64,12.41,58522,73063730.0,1.84,0.32,0.04,5.85,4.767319159799848,-0.13938212982278486,12.666,12.607333333333335,12.652031614107042,4.9146996155054605,4.877830718187953,4.9167672237503925,12.809000000000001,12.738000000000001,12.74834840481134,5.0544234222242235,4.995831848285789,5.0008675705518355,12.882500000000002,12.80904761904762,12.86283225175531,5.0950104660431945,5.052465432604612,5.079118364810622,12.977333333333332,12.886580645161288,12.965256044886821,5.156390339571001,5.097670909779134,5.123731403621464,13.394333333333332,13.029972677595628,12.981265908289632,5.2407387225253075,5.180880306405556,5.1444687272486505,7.863701839749253
2022-06-27,sz001313,12.6,12.61,12.7,12.48,69626,87134343.0,1.75,0.4,0.05,6.96,4.842771445759712,0.07545228595986408,12.604,12.588666666666665,12.638021076071363,4.882084869061273,4.853854661606037,4.892101964420165,12.798,12.701818181818183,12.723194149391096,5.049367675209206,4.957349670746787,4.9721228205896315,12.864500000000001,12.783095238095235,12.838752989683375,5.0792260887682605,5.02844266876809,5.0566091344248205,12.985333333333333,12.862881720430108,12.942336300055413,5.146889568294632,5.077437432759051,5.105604954727157,13.323166666666667,13.004256830601092,12.969093255558825,5.2290995633494965,5.167832198970619,5.134577013101472,7.940189360928704
2022-06-28,sz001313,12.56,12.52,12.63,12.46,67648,84267323.0,1.35,-0.71,-0.09,6.76,4.830254961291313,-0.012516484468398481,12.572,12.560666666666666,12.598680717380908,4.851599318714808,4.836578025682717,4.871486296710549,12.757000000000001,12.651272727272726,12.686249758592716,5.007809837828605,4.917510995488987,4.946328664353573,12.838,12.750285714285717,12.808395562094482,5.061241874086451,5.004731132817905,5.035051594126391,12.949000000000002,12.832860215053763,12.915088796826034,5.13397430448766,5.057009393597546,5.087840439021619,13.2705,12.97792349726776,12.954368886524108,5.21665962735581,5.154755326771989,5.1245992409109755,7.92565919749553
2022-06-29,sz001313,12.53,12.27,12.59,12.26,78139,96331196.0,2.64,-2.0,-0.25,7.81,4.89286784895095,0.06261288765963702,12.495999999999999,12.459999999999999,12.48912047825394,4.847982941084891,4.850334202428098,4.878613480790683,12.681999999999999,12.562727272727274,12.61056798430313,4.975454958898159,4.8966124520566865,4.93660851609855,12.7865,12.696190476190477,12.75711979427596,5.038779041807072,4.988695511376428,5.021510285062063,12.913666666666668,12.789053763440862,12.87347016477274,5.111742789601585,5.0414541384016305,5.075261562242867,13.206166666666666,12.945120218579234,12.931930562375777,5.207329932131791,5.144139202889861,5.117001490354909,7.98376695230294
2022-06-30,sz001313,12.28,12.32,12.39,12.28,44787,54928389.0,0.9,0.41,0.05,4.48,4.651151972757688,-0.24171587619326207,12.456,12.401333333333334,12.432746985502629,4.796873077711902,4.784723879652364,4.802792978113018,12.588000000000001,12.496909090909092,12.55773744170256,4.903147027886954,4.837648272758421,4.884707326400211,12.7375,12.651761904761907,12.71548933767825,5.008900468830506,4.951778647657439,4.986238064842599,12.887333333333334,12.750752688172046,12.837762412206757,5.093507928312905,5.0117386018310555,5.047899653243824,13.149000000000001,12.91606557377049,12.911867265248702,5.195310388807351,5.125903859959564,5.1017277356795905,7.739796861743546
2022-07-01,sz001313,12.59,12.4,12.74,12.37,71339,89024227.0,3.0,0.65,0.08,7.13,4.853327017288209,0.20217504453052104,12.424000000000001,12.382666666666667,12.42183132366842,4.814074649209575,4.8035418595111326,4.819637657838082,12.545,12.462727272727273,12.529057906847548,4.8643871323575185,4.828590089013194,4.8790018156525745,12.706999999999999,12.619619047619045,12.685442734089845,4.997416965588415,4.936962128462936,4.973579869837419,12.871000000000002,12.719311827956988,12.809519675935356,5.083914920158608,4.996243059184301,5.035346579956364,13.103166666666668,12.891508196721311,12.895084731961859,5.1861537183191775,5.11469129040156,5.0935834498306924,7.949508211370812
2022-07-04,sz001313,12.26,12.84,13.2,12.22,186511,237201911.0,7.9,3.55,0.44,18.65,5.2707044506134615,0.41737743332525223,12.47,12.521333333333333,12.561220882445614,4.8996612501803245,4.955751793312428,4.969993255429875,12.537,12.516363636363636,12.585592832875266,4.890873059620798,4.902465965059729,4.950220476554554,12.7,12.632285714285713,12.700162473700336,5.011467908629122,4.96298950798913,5.001877448958947,12.859,12.717311827956989,12.811486148455655,5.08309687074021,5.008293996633001,5.0505309587084355,13.072499999999998,12.882879781420765,12.893278675176223,5.185917280337791,5.117463445558748,5.099390695757997,8.375118183568329
2022-07-05,sz001313,12.66,12.53,12.74,12.38,110415,137570963.0,2.8,-2.41,-0.31,11.04,5.043028076787321,-0.22767637382614048,12.472,12.541333333333334,12.550813921630409,4.942215873279526,5.00354073551476,4.994338195882357,12.522,12.515090909090908,12.575485045079763,4.896907595997167,4.9301305136354605,4.967094585687784,12.692499999999999,12.61609523809524,12.683956523824113,5.007125154701456,4.965995238289911,5.005796556371172,12.809666666666665,12.696086021505375,12.793325751781097,5.067184746072068,5.005708913152169,5.050046901810299,13.032000000000002,12.865092896174865,12.881367898940937,5.18360011786533,5.112778553639061,5.097542741037646,8.13852677736146
2022-07-06,sz001313,12.37,12.23,12.47,12.16,63070,77219133.0,2.47,-2.39,-0.3,6.31,4.79982283099332,-0.24320524579400082,12.464,12.460666666666667,12.443875947753607,4.923606869687999,4.956076388086026,4.929499740919345,12.48,12.462000000000002,12.512669582337988,4.885794905386446,4.912478738180217,4.936681539379699,12.674499999999998,12.57204761904762,12.640722569174198,4.999482484835933,4.946252159841516,4.986180011097091,12.780666666666667,12.65868817204301,12.756982154891995,5.046185806247276,4.988459757340635,5.033903413370495,12.997166666666667,12.83879781420765,12.860011574385496,5.177431762954058,5.100195691774405,5.087781432511602,7.88772492114934
2022-07-07,sz001313,12.22,12.24,12.38,12.16,42328,51723779.0,1.8,0.08,0.01,4.23,4.626627748524,-0.17319508246932003,12.448,12.386,12.375917298502406,4.918702024841262,4.857083347698025,4.828542410120897,12.452,12.418363636363637,12.46309329464017,4.857787551276583,4.865357436932498,4.88030812286048,12.638,12.530666666666667,12.60255851496713,4.968138006829005,4.910742184954667,4.951936938471083,12.749333333333334,12.623806451612905,12.723628467479609,5.026713133562946,4.961391495552039,5.00762756402556,12.974166666666667,12.813972677595629,12.839683326044987,5.168186217889146,5.0821365437603045,5.072661639593975,7.713690247432094
2022-07-08,sz001313,12.33,12.18,12.33,12.17,37689,45840848.0,1.31,-0.49,-0.06,3.77,4.576214614492762,-0.05041313403123837,12.404,12.296666666666669,12.310611532334939,4.8632795442821735,4.742920877581858,4.744433144911519,12.413999999999998,12.36890909090909,12.411621786523776,4.838677096745873,4.814162357517259,4.825018394066349,12.611500000000001,12.487047619047617,12.562314846875022,4.946550259485049,4.873416147589309,4.916153859996958,12.726333333333335,12.587075268817204,12.688555663126085,5.0095660096107535,4.9323270749668655,4.979794470507315,12.958333333333334,12.787934426229507,12.818054364535316,5.158268384411627,5.062727638730916,5.056384687951312,7.661252642953973
2022-07-11,sz001313,12.21,12.27,12.5,12.17,47177,57778514.0,2.71,0.74,0.09,4.72,4.673730320507393,0.09751570601463122,12.290000000000001,12.252,12.29707435488996,4.74388471826096,4.679737802990265,4.720865536776811,12.379999999999999,12.342727272727272,12.38587237079218,4.821772984220642,4.784172034564807,4.7975114716010845,12.588999999999999,12.454523809523812,12.53447533764883,4.935570329714924,4.847433296258104,4.893065903855094,12.703,12.557634408602153,12.66155207195666,4.993408387252388,4.910660256315036,4.960048396313772,12.941333333333334,12.765366120218577,12.80008536897678,5.150241116309305,5.046841144832415,5.043838643117085,7.7617663680741344
2022-07-12,sz001313,12.25,12.0,12.32,11.97,56415,67974453.3,2.85,-2.2,-0.27,5.64,4.75139459247808,0.07766427197068726,12.184000000000001,12.155333333333333,12.19804956992664,4.685558021399111,4.682241094395971,4.731041888677234,12.328,12.273636363636363,12.315713757920873,4.813886947339318,4.771375963338887,4.789126584487811,12.5425,12.398428571428571,12.483572924539418,4.910848392583961,4.829892749854595,4.879573398009664,12.668,12.512279569892474,12.618871293120746,4.978790231837407,4.895046463103791,4.946586860582437,12.932333333333332,12.734502732240436,12.773853061797213,5.1421153782246485,5.0337642096248345,5.034250313587937,7.832345723361442
2022-07-13,sz001313,11.96,12.04,12.11,11.96,30582,36608254.93,1.25,0.33,0.04,3.06,4.485465883972352,-0.2659287085057285,12.146,12.107333333333333,12.145366379951096,4.6226866319949185,4.615543715253719,4.649183220442273,12.305,12.221272727272726,12.26558398375344,4.773146750841458,4.711663042726711,4.7339155480304544,12.493500000000001,12.350571428571428,12.441327884107093,4.874300854869809,4.789380129986823,4.842039349053729,12.626000000000001,12.471763440860215,12.581524758080699,4.9502349448185345,4.863219085822173,4.91683712015598,12.916333333333332,12.705245901639344,12.749792305672713,5.129596346443719,5.0122347180100055,5.016257381469393,7.563579027096917
2022-07-14,sz001313,12.13,12.05,12.29,11.92,45359,54427350.74,3.07,0.08,0.01,4.54,4.656663471385971,0.17119758741361935,12.108,12.075333333333333,12.113577586634065,4.628693776567312,4.62686932838407,4.651676637423506,12.278,12.17490909090909,12.226386895798269,4.773697900704287,4.690484264643894,4.719869715913275,12.433,12.308333333333334,12.404058561811178,4.83842246429562,4.76865276013122,4.824384503561561,12.584333333333335,12.434602150537634,12.547232838204526,4.9304996127884335,4.8442789907620085,4.900051723461141,12.905833333333334,12.676841530054647,12.726848295650656,5.123339831375491,4.9967287221064725,5.004467417204363,7.735817195478189
2022-07-15,sz001313,11.71,11.18,11.71,11.13,99844,112787255.53,4.81,-7.22,-0.87,9.98,4.999321971608474,0.34265850022250266,11.908,11.765999999999998,11.802385057756045,4.713315247990454,4.750412060064457,4.767558415485162,12.156,11.975272727272728,12.036134732925856,4.788297396136313,4.73150682299011,4.770679216948766,12.3505,12.188999999999998,12.2874815559244,4.826342264246916,4.783976522732443,4.841045214804124,12.523333333333335,12.343999999999998,12.459024267997782,4.927710442437714,4.848719142943946,4.906456255599679,12.859666666666666,12.620256830601093,12.67613195808834,5.120344910716629,4.9926625627698495,5.004298714070071,8.052260029029494
2022-07-18,sz001313,11.26,11.26,11.28,11.12,40070,44671045.29,1.43,0.72,0.08,4.01,4.6028193424327,-0.3965026291757736,11.706,11.55,11.621590038504031,4.699133052375515,4.713580091545206,4.712645391134341,11.998000000000001,11.812363636363635,11.895019326939336,4.721508885318237,4.697783540498545,4.740159239764027,12.2675,12.085142857142856,12.189626169645885,4.806190972469517,4.7626886254168035,4.818357036483037,12.466000000000001,12.262494623655913,12.38166786361083,4.914814900858827,4.82775842681459,4.886866777330841,12.791500000000001,12.567808743169397,12.629701402085441,5.102425612715839,4.975694511350704,4.991135455983599,7.650026114960481
2022-07-19,sz001313,11.27,11.36,11.37,11.19,39527,44393035.48,1.6,0.89,0.1,3.95,4.596893853733629,-0.0059254886990709466,11.578,11.434666666666665,11.534393359002689,4.668232904626625,4.679500358664578,4.674061545334104,11.881,11.696363636363637,11.797743085677638,4.676895463012868,4.675126262028615,4.7141109877585,12.2015,11.998714285714286,12.110614153489134,4.786901529505018,4.742755566489575,4.797265304792617,12.421999999999999,12.191139784946238,12.315753807894001,4.89704859080526,4.80724739151619,4.868158846776183,12.710833333333333,12.520874316939889,12.588071847918705,5.082637880349687,4.959119699580796,4.978209501811469,7.647314841964817
2022-07-20,sz001313,11.42,11.32,11.42,11.29,32905,37108523.72,1.14,-0.35,-0.04,3.29,4.517261895136015,-0.07963195859761463,11.434,11.348666666666666,11.462928906001792,4.674592106859357,4.629176688834374,4.621794995268075,11.79,11.594363636363637,11.710880706463522,4.648639369427137,4.6461019769600975,4.67832024364532,12.135,11.914761904761905,12.03531756744255,4.767217137406791,4.717075601311576,4.770598313396751,12.379666666666669,12.120043010752688,12.25151162673955,4.882534779699667,4.782745024053658,4.84552033376714,12.6565,12.475273224043718,12.546495721757436,5.0663403453938525,4.9405827820328065,4.963096465527028,7.569473677253371
2022-07-21,sz001313,11.34,11.34,11.36,11.22,37892,42552739.77,1.24,0.18,0.02,3.79,4.578547528633153,0.061285633497138114,11.292,11.317333333333332,11.421952604001195,4.658968918308794,4.597161829425639,4.607379173056434,11.7,11.512545454545453,11.64344785074288,4.643831347438053,4.633358005906645,4.660179750006744,12.076,11.839047619047621,11.969096846733736,4.750809449357318,4.699107067142658,4.752307762466884,12.325333333333333,12.052967741935483,12.19270442501442,4.86003578703202,4.7631329433396905,4.828296281823012,12.624833333333331,12.432109289617488,12.506938484978503,5.051344984720333,4.924589574925898,4.950488303661655,7.628927527491979
2022-07-22,sz001313,11.35,11.45,11.61,11.27,56505,64184538.93,3.0,0.97,0.11,5.65,4.752086879258949,0.17353935062579584,11.346,11.370000000000001,11.431301736000798,4.60952189983889,4.628201149742357,4.655615075123939,11.626999999999999,11.467090909090908,11.608275514244175,4.661418573914672,4.65304082987408,4.676890137143508,12.0205,11.779428571428571,11.919659051806713,4.750047835330273,4.69922872713329,4.752286725970891,12.283333333333333,11.996494623655913,12.14478801049736,4.851506364294923,4.756168497676912,4.823379546173718,12.600666666666665,12.393590163934428,12.472284764159536,5.039944490862245,4.914777833763229,4.94398333892714,7.8074304257939415
2022-07-25,sz001313,11.31,11.26,11.34,11.18,42230,47184922.96,1.4,-1.66,-0.19,4.22,4.6256210814249075,-0.1264657978340411,11.346,11.341333333333333,11.374201157333864,4.614082247637331,4.633567543604363,4.645617077224262,11.526,11.400363636363636,11.544952693472506,4.656607650006423,4.646532194875942,4.667568490649217,11.953,11.706999999999999,11.856834380206074,4.739190317113533,4.687378560094683,4.740223331252226,12.234666666666666,11.93047311827957,12.087704913045918,4.842582769812091,4.7415952536207815,4.810620935544763,12.584333333333332,12.349633879781422,12.43253772271168,5.02796539678267,4.901193459683316,4.933545232123787,7.67380325030171
2022-07-26,sz001313,11.26,11.26,11.32,11.18,31293,34893332.06,1.24,0.0,0.0,3.13,4.495447200122583,-0.13017388130232455,11.326,11.312666666666667,11.336134104889243,4.593792916915122,4.594022527766114,4.595560451523703,11.452,11.352,11.49314311284114,4.631012910770873,4.6172302948970625,4.636273710553465,11.89,11.640999999999998,11.799993010662638,4.722449929055096,4.664164929905069,4.716911318763689,12.178999999999998,11.867591397849463,12.034304596075215,4.817569898646266,4.7191994104150075,4.790287146162687,12.564666666666666,12.306213114754097,12.39409386295064,5.014926804498152,4.883733846678067,4.919181362222108,7.542742443399834
2022-07-27,sz001313,11.28,11.22,11.29,11.21,23215,25930639.68,0.71,-0.36,-0.04,2.32,4.365768688002193,-0.12967851212038983,11.306000000000001,11.277333333333333,11.29742273659283,4.563494275488357,4.518014451461805,4.518963197016533,11.370000000000001,11.309818181818184,11.443480728688204,4.619043191173858,4.569004072575484,4.587090979180506,11.8375,11.577190476190477,11.744755581075719,4.696094971007658,4.63019528790003,4.68346916345307,12.119,11.805720430107527,11.981768815683267,4.789214966971159,4.690050945212163,4.762898858539429,12.556666666666667,12.26212568306011,12.35559898219816,5.000958989307218,4.862449974006069,4.901036684378832,7.413813230462662
2022-07-28,sz001313,11.26,11.2,11.29,11.19,27794,31067035.07,0.89,-0.18,-0.02,2.78,4.443951053179596,0.07818236517740296,11.278,11.241999999999999,11.264948491061887,4.536574980397646,4.478166710692218,4.4939591490708874,11.285,11.278909090909089,11.39921150529035,4.59777194935322,4.537169138394709,4.561065538089432,11.7815,11.51647619047619,11.692874097163745,4.685734925028753,4.606181581440215,4.660657914855596,12.050333333333333,11.746430107526882,11.93133211789725,4.758205625981487,4.667775853999803,4.742321580774279,12.540000000000001,12.21764480874317,12.317710490978548,4.987935878247825,4.844187418723196,4.886050270241152,7.492299807674645
2022-07-29,sz001313,11.25,11.35,11.7,11.17,79501,90342152.0,4.73,1.34,0.15,7.95,4.900372591445785,0.4564215382661887,11.258,11.266,11.293298994041258,4.566232122835013,4.599432581041597,4.629430296529186,11.302,11.290727272727272,11.39026395887392,4.587877011336951,4.592187436956993,4.622757729608769,11.729000000000001,11.475380952380954,11.660219421243388,4.688087203736632,4.626623263956123,4.683487884054662,12.001000000000001,11.70124731182796,11.893826819968396,4.746853846610261,4.676947916287824,4.752518420172441,12.5215,12.178628415300546,12.28598227815958,4.982847320697376,4.841316491287065,4.886519854542944,7.955890431483219
2022-08-01,sz001313,11.24,11.17,11.3,11.13,41829,46495413.98,1.5,-1.59,-0.18,4.18,4.621477482087846,-0.27889510935793904,11.24,11.236666666666666,11.25219932936084,4.5654034029676005,4.617847700792542,4.626779358382073,11.293,11.266727272727271,11.350215966351389,4.589742825302466,4.598296613457157,4.622524957332237,11.6455,11.422142857142857,11.613531857315447,4.655625855310351,4.620279480941953,4.6775821314863935,11.942666666666666,11.64763440860215,11.847128315454306,4.7340415900804995,4.6688591185767,4.744064166102468,12.496833333333335,12.13431693989071,12.249392695269101,4.972247929272231,4.829468299857244,4.8778299406919565,7.667410118881345
2022-08-02,sz001313,11.07,10.4,11.08,10.26,65979,68924382.77,7.34,-6.89,-0.77,6.6,4.819405728945411,0.1979282468575656,11.068,10.956666666666667,10.96813288624056,4.630195108732166,4.7025151427851455,4.690988148569852,11.197,11.104363636363637,11.177449427014771,4.611994012823644,4.640053505028601,4.658321461261905,11.539,11.303523809523808,11.497957394713977,4.644444737918256,4.635877564145292,4.691089140768205,11.866666666666667,11.54810752688172,11.753765198328223,4.728599023944559,4.674366482374435,4.748924912092335,12.441,12.065568306010928,12.188756869194703,4.9633308067910695,4.824457080174397,4.87591439276584,7.838372885611568
2022-08-03,sz001313,10.26,10.14,10.51,10.06,47320,48494105.32,4.33,-2.5,-0.26,4.73,4.675044735955892,-0.14436099298951888,10.852,10.647333333333332,10.69208859082704,4.692050318322906,4.717465018526387,4.685673677698533,11.079,10.91218181818182,10.98882225846663,4.627772296905631,4.651517272870828,4.661362056660812,11.4345,11.170285714285715,11.368628119026932,4.638205833166385,4.638791849672685,4.689561102214651,11.783,11.436709677419355,11.649651314565112,4.720735523906405,4.670911367020329,4.74415844911579,12.389166666666666,11.990125683060109,12.121584512827663,4.952231898780274,4.815005077851933,4.869328502378629,7.685688951332536
2022-08-04,sz001313,10.11,10.34,10.43,10.11,37742,38611854.56,3.16,1.97,0.2,3.77,4.5768249102949845,-0.09821982566090792,10.680000000000001,10.476666666666667,10.574725727218027,4.718625089745984,4.679056549183747,4.649390755230684,10.979,10.777818181818182,10.87085457510906,4.627600035071814,4.642254111668891,4.645991666412479,11.3395,11.066047619047621,11.270663536262463,4.635715691254934,4.632946047494457,4.678824322031826,11.710333333333333,11.343612903225806,11.565157681367365,4.7097396445954836,4.661626811303463,4.733362736933803,12.345833333333333,11.922939890710381,12.063171905849707,4.940125280873935,4.8026966519999545,4.859738220670969,7.586720661655943
2022-08-05,sz001313,10.46,10.45,10.61,10.33,37479,38895117.12,2.71,1.06,0.11,3.75,4.573787994695045,-0.0030369155999396824,10.5,10.4,10.533150484812019,4.653308170395835,4.630777517500101,4.624189835052137,10.879,10.681636363636363,10.794335561452867,4.609770146615424,4.632470104327661,4.632863726100219,11.253,10.98133333333333,11.192505104237467,4.635594360265047,4.6270481716316105,4.668820862285466,11.639999999999999,11.262301075268818,11.493212024504954,4.703288605758656,4.6528557371163375,4.723067592273238,12.308666666666666,11.860781420765028,12.0102810236907,4.9298394726648285,4.790685593436712,4.850362803425856,7.58989508356364
2022-08-08,sz001313,10.47,10.58,10.75,10.47,32163,33796524.59,2.68,1.24,0.13,3.22,4.507356550731907,-0.06643144396313794,10.382,10.426666666666668,10.548766989874679,4.6304839841246475,4.582126977612124,4.585245406945393,10.811,10.627272727272727,10.755365459370527,4.597943693546124,4.613849450530658,4.610044239669616,11.1685,10.917238095238094,11.13417128478628,4.627275671776274,4.61483504691417,4.653443308804175,11.572333333333335,11.193913978494622,11.434295119698184,4.69210810925773,4.640214959372677,4.709150750883476,12.278833333333333,11.804103825136611,11.963386563897561,4.919498838776181,4.776833694356946,4.839116696780152,7.528872042615272
2022-08-09,sz001313,10.57,10.46,10.57,10.4,27599,28696221.18,1.61,-1.13,-0.12,2.76,4.440893346472835,-0.0664632042590716,10.394,10.452666666666667,10.519177993249787,4.554781507630133,4.518930098394853,4.537128053454541,10.731,10.563454545454546,10.701662648575885,4.59248830818115,4.585294841971878,4.579289531815656,11.0915,10.849761904761904,11.069964495759015,4.611750609476012,4.597084349266223,4.63320045524881,11.503666666666666,11.12215053763441,11.371437370040239,4.67912938876378,4.624007555322038,4.6918438215666605,12.226333333333335,11.744469945355192,11.914095201146822,4.906551846625719,4.761141711002737,4.826060193491388,7.457824711064179
2022-08-10,sz001313,10.51,10.4,10.54,10.32,22344,23062550.0,2.1,-0.57,-0.06,2.23,4.349160922692949,-0.09173242377988622,10.446000000000002,10.454666666666666,10.47945199549986,4.4896047449775445,4.450389903415792,4.474472343200677,10.649,10.503272727272726,10.64681489428936,4.590827531650225,4.541053499155842,4.5374479665206175,11.0095,10.783904761904761,11.006158353305775,4.604935361412041,4.572075807667836,4.606149071195871,11.441333333333334,11.050946236559138,11.308763991327966,4.66100582455518,4.602719267188436,4.669735247445776,12.1775,11.684590163934423,11.86445273553545,4.886374307078383,4.742866598742646,4.810424151825866,7.362907325061967
2022-08-11,sz001313,10.51,10.54,10.65,10.39,39349,41132043.66,2.5,1.35,0.14,3.93,4.5949336998462815,0.24577277715333246,10.486,10.485999999999999,10.499634663666573,4.493226502887803,4.485499555038704,4.514626128749212,10.583,10.483454545454546,10.627394004418566,4.605925796316893,4.541800075191488,4.547899918034375,10.934000000000001,10.739190476190476,10.961762319657606,4.601848872835057,4.571123268471096,4.605080940591148,11.382,10.99279569892473,11.259166314468098,4.6591318821248,4.598456549465281,4.664909341149034,12.134666666666666,11.630901639344264,11.821028055681827,4.876319905218852,4.733311168997331,4.803358891105224,7.61418028811874
2022-08-12,sz001313,10.54,10.58,10.72,10.47,35138,37073337.39,2.37,0.38,0.04,3.51,4.5457770385001215,-0.049156661346160035,10.512,10.517333333333333,10.52642310911105,4.487624311648819,4.50301640024281,4.5250097653328485,10.506,10.48290909090909,10.6187769127061,4.570466241022328,4.53086393740662,4.547513939937238,10.904,10.70547619047619,10.92540400349974,4.5791716261796385,4.565783093772531,4.599432949915813,11.321333333333333,10.94105376344086,11.21534913288951,4.648880216165197,4.59114333374756,4.657223386139427,12.096166666666667,11.579928961748633,11.780338611233242,4.8663975681619025,4.722473697957374,4.794913584462433,7.56906168354292
2022-08-15,sz001313,10.58,10.55,10.64,10.44,28923,30226240.72,1.89,-0.28,-0.03,2.89,4.461243337580773,-0.08453370091934875,10.506,10.53,10.534282072740702,4.4784016690185915,4.494222742220129,4.50375428941549,10.443999999999999,10.49090909090909,10.606272019486807,4.55444282657162,4.511005227689974,4.531828375872426,10.868500000000001,10.671761904761903,10.889651241261669,4.572092825937043,4.554551828191687,4.586272034455333,11.245000000000001,10.891290322580645,11.172423382380511,4.621898179064107,4.579037728677598,4.644579512038869,12.052,11.529234972677598,11.739999640373135,4.852497524902159,4.709189952692417,4.783973576367952,7.480384136721904
2022-08-16,sz001313,10.56,10.65,10.76,10.53,32737,34582971.05,2.18,0.95,0.1,3.27,4.5150388784008575,0.05379554082008475,10.544,10.578000000000001,10.572854715160467,4.4932307754041965,4.506435145347551,4.507515819077279,10.469,10.528363636363636,10.614222561398297,4.524006141517164,4.503840873477109,4.528775739968504,10.833,10.650952380952381,10.866827313522462,4.568000077170405,4.549118118902525,4.579487924354907,11.182333333333334,10.85290322580645,11.138718648033382,4.604298539117892,4.57214358024771,4.636222051804159,11.996,11.483267759562843,11.704261947246147,4.83574164259498,4.698125734774343,4.775156045287064,7.538862301118154
2022-08-17,sz001313,10.7,10.61,10.73,10.54,26141,27554243.2,1.78,-0.38,-0.04,2.61,4.417322197099729,-0.09771668130112854,10.586,10.6,10.585236476773645,4.506863030285553,4.481132285912728,4.477451278418096,10.516,10.554,10.613454822962243,4.498233887631548,4.484443792673939,4.5085114594469085,10.7975,10.629714285714284,10.842367569377465,4.563003092268589,4.534767844610081,4.5640435693782235,11.128333333333334,10.815978494623655,11.1046077675151,4.591548517988105,4.560080590440086,4.622099480532906,11.9545,11.437825136612023,11.668384506352831,4.818867162117692,4.684407064430236,4.7634237879694465,7.440188487269401
2022-08-18,sz001313,10.62,10.4,10.62,10.38,34666,35962180.94,2.26,-1.98,-0.21,3.47,4.539903732681851,0.12258153558212204,10.558,10.538,10.523490984515764,4.495857036852667,4.492145853378161,4.498268763172681,10.522,10.532909090909092,10.574644855150925,4.494541769870235,4.4920201281376295,4.5142191454896246,10.750499999999999,10.591857142857142,10.80023732467485,4.561070902471025,4.53256790560182,4.5617445373119025,11.067,10.768989247311827,11.059149201868966,4.588657717460035,4.556748668807425,4.616796529058645,11.908166666666666,11.38685792349727,11.626798129095361,4.80768542551149,4.67526072248152,4.756095261566575,7.555846021812193
2022-08-19,sz001313,10.33,10.46,10.81,10.33,52055,54752347.1,4.62,0.58,0.06,5.21,4.716462450813294,0.1765587181314432,10.534,10.505333333333335,10.50232732301051,4.529994119315301,4.565680991365037,4.570999992386219,10.523,10.521636363636365,10.553800336032575,4.50880921548206,4.53236934285455,4.550990655548473,10.701,10.564190476190475,10.76783376994391,4.559289681048742,4.547367100682036,4.5764795766929875,11.009666666666666,10.729827956989249,11.020494414651614,4.5933326453373855,4.564994135475377,4.623226588526687,11.867999999999999,11.339377049180326,11.588542452731579,4.80144932747407,4.6722698052783,4.754795825148434,7.738402741059736
2022-08-22,sz001313,10.46,10.48,10.71,10.38,40513,42360163.49,3.15,0.19,0.02,4.05,4.607594404013138,-0.10886804680015594,10.520000000000001,10.487333333333334,10.494884882007007,4.559264332601774,4.591547752930983,4.583198129595193,10.513000000000002,10.513818181818182,10.540382093117561,4.518833000810183,4.550330286223837,4.561282246178412,10.661999999999999,10.543142857142858,10.740421029949253,4.558388347178154,4.551967550488169,4.57944289358062,10.95,10.695655913978493,10.985623807254736,4.591128114787576,4.565914248938329,4.622218060493555,11.826500000000001,11.293868852459017,11.552196798543658,4.7922682510199826,4.665913906148433,4.7499695490456375,7.626957627607965
2022-08-23,sz001313,10.41,10.61,10.65,10.27,49764,51972330.57,3.63,1.24,0.13,4.98,4.696915281411643,0.0893208773985048,10.512,10.517333333333333,10.533256588004672,4.5956396132039306,4.637431402534272,4.621103846867343,10.528,10.531454545454544,10.553039894368913,4.544435194304064,4.58270888269683,4.5859427980389995,10.6295,10.538190476190474,10.727999979477895,4.568461751242607,4.565160591843739,4.590630740040718,10.903666666666668,10.673720430107528,10.9613900132383,4.589312137752029,4.572739227430205,4.627037236036658,11.785833333333333,11.253983606557375,11.521305100230752,4.784051184794718,4.66278757927603,4.748230064860916,7.7157721921162326
2022-08-24,sz001313,10.69,10.88,11.26,10.61,135986,147760475.34,6.13,2.54,0.27,13.6,5.1334941992840735,0.4365789178724304,10.565999999999999,10.640000000000002,10.648837725336449,4.7388740136408005,4.816716264560986,4.7919006310062535,10.576,10.595454545454546,10.612487186301838,4.622868521963176,4.689810519965922,4.685497598265377,10.6125,10.562047619047618,10.742476171908573,4.6068480268067,4.618973205942927,4.642332021873418,10.865,10.672193548387096,10.956139044642281,4.610913081595752,4.607847747529047,4.659711878826815,11.7455,11.224284153005465,11.500278703501873,4.7805740132071435,4.6742447272920735,4.76086167582561,8.169558279543764
2022-08-25,sz001313,10.68,11.52,11.81,10.6,227638,256081729.98,11.12,5.88,0.64,22.76,5.357244761294136,0.22375056201006238,10.790000000000001,10.958,10.9392251502243,4.902342219363257,5.022839847112098,4.980348674435548,10.674,10.76709090909091,10.777489516065138,4.699099628107962,4.823333472571551,4.807633446088787,10.6285,10.648476190476192,10.816526060298234,4.6525127122124275,4.690439561608397,4.7104189494372966,10.847333333333331,10.714451612903229,10.992517170794393,4.634265791259358,4.655998178477328,4.7047140002763195,11.715833333333332,11.216890710382513,11.500925303387058,4.782382702023895,4.69315196493427,4.780415219611463,8.408378595056062
2022-08-26,sz001313,11.34,10.99,11.34,10.9,120039,131830826.35,3.82,-4.6,-0.53,12.0,5.079322368823035,-0.2779223924711012,10.896,11.024666666666667,10.956150100149532,4.974914202965205,5.0818332302653575,5.013339905898043,10.715,10.824545454545454,10.816127785871476,4.752454161140253,4.892464879974291,4.857031432040468,10.610499999999998,10.68290476190476,10.833047387888879,4.66146020108129,4.731088100333216,4.745552608426415,10.841000000000001,10.723655913978495,10.992354772678626,4.636932471166511,4.684711506062082,4.728882282118043,11.682166666666665,11.193092896174866,11.484173654095677,4.782321456802112,4.702887691714569,4.790215454011842,8.120016974357672
2022-08-29,sz001313,10.81,10.94,11.02,10.74,63952,69178305.24,2.55,-0.45,-0.05,6.4,4.80585413091603,-0.2734682379070046,10.988,11.039333333333333,10.950766733433023,5.014566148345783,5.025479872915633,4.944177980904039,10.754000000000001,10.865454545454543,10.838650006622116,4.786915240473779,4.902173965388069,4.847726468199661,10.599,10.714285714285714,10.84323335094708,4.670679033522699,4.74483990317462,4.751295610568283,10.830333333333332,10.730043010752688,10.988977045409037,4.643700297449287,4.695609677658825,4.733848207846946,11.648166666666668,11.168759562841531,11.466331894944998,4.779257599154058,4.7036592548002725,4.790728197516898,7.8399699182748765
2022-08-30,sz001313,10.84,11.21,11.43,10.84,84691,93583563.19,5.39,2.47,0.27,8.47,4.9278372608854495,0.1219831299694194,11.108,11.113333333333335,11.037177822288683,5.060750544240545,4.9965702437621875,4.938731074231176,10.809999999999999,10.948363636363636,10.906168187236277,4.828195078722238,4.927796150917465,4.862292066869804,10.6395,10.772476190476189,10.878163507999739,4.676100610119701,4.7693311629234545,4.768109101074679,10.825333333333335,10.754537634408603,11.003236590866518,4.65473174435435,4.7139410946547065,4.746363630623623,11.623666666666667,11.154393442622947,11.457927570520573,4.775890167579805,4.708530719119334,4.795223576643735,7.971199576914022
2022-08-31,sz001313,11.06,10.69,11.16,10.64,71425,77131383.57,4.64,-4.64,-0.52,7.14,4.853850249054781,-0.07398701183066869,11.07,10.973999999999998,10.921451881525789,5.004821754194685,4.9276034787002665,4.910437465839044,10.818000000000001,10.926545454545455,10.866864880466045,4.871847883917743,4.932460727341562,4.860757190903436,10.667,10.777285714285716,10.860243173904527,4.6850408857746455,4.78625969996489,4.7762749246918315,10.804333333333334,10.745806451612902,10.983027778552549,4.665951356151641,4.72678744979667,4.753298251167569,11.592,11.123781420765027,11.43274961738875,4.774243067925654,4.711086787364415,4.797145762624425,7.887231121734973
2022-09-01,sz001313,10.68,10.54,10.85,10.51,55150,58696420.44,3.18,-1.4,-0.15,5.51,4.74154551677621,-0.11230473227857107,10.873999999999999,10.797333333333333,10.794301254350525,4.881681905291101,4.839844732894107,4.854140149484766,10.831999999999999,10.876,10.80743490219949,4.892012062327179,4.908769387861284,4.839082341062122,10.677000000000001,10.765190476190476,10.829743824008858,4.693276916098706,4.79164109339361,4.7729673620332,10.777666666666667,10.728752688172044,10.954445341226577,4.671384622423076,4.73166449241761,4.752540010239095,11.5515,11.08928961748634,11.403479138130102,4.765710204727549,4.7100147365070555,4.795322803744155,7.768611616911034
2022-09-02,sz001313,10.51,10.68,10.72,10.38,55972,58808158.61,3.23,1.33,0.14,5.6,4.747970825460336,0.006425308684126385,10.812,10.732666666666667,10.756200836233685,4.815411596618562,4.795274372950519,4.818750374809956,10.854,10.848363636363636,10.7842649199814,4.895162899791883,4.882580072067312,4.822516610952706,10.6885,10.76547619047619,10.815482507436586,4.701986057636971,4.796850037142337,4.770586739502452,10.752,10.722451612903225,10.936739190179702,4.671247420629788,4.736605537774853,4.752245224124336,11.517666666666667,11.060715846994535,11.379758510650426,4.761376892462356,4.709433117514689,4.793770279865997,7.769437581067809
2022-09-05,sz001313,10.71,10.53,10.93,10.4,56542,59309227.12,4.96,-1.4,-0.15,5.65,4.752371166261774,0.004400340801438141,10.73,10.638666666666667,10.680800557489125,4.8047150036877095,4.7742608961649236,4.796623971960562,10.858999999999998,10.789454545454545,10.738034934530235,4.909640576016747,4.856617938698202,4.809762893736172,10.686,10.750380952380954,10.78829369720453,4.714236788413464,4.801648618916128,4.768851923003339,10.727666666666668,10.708129032258064,10.910497952103594,4.675472423457685,4.741839327815626,4.752253349423526,11.481166666666667,11.028333333333332,11.351897575875002,4.759027596634888,4.709137847803194,4.792412931878974,7.773122264621664
2022-09-06,sz001313,10.46,10.53,10.59,10.46,33640,35163407.87,1.23,0.0,0.0,3.36,4.526855987125875,-0.22551517913589958,10.594,10.572,10.63053370499275,4.724518748935795,4.681641223977645,4.706701310349,10.850999999999999,10.729636363636361,10.700210400979282,4.892634646588169,4.787020740718043,4.758325274352481,10.689499999999999,10.73552380952381,10.763694297470764,4.718534920446117,4.783802828317309,4.7458046910150085,10.703333333333335,10.69537634408602,10.885949697129169,4.676519383024461,4.732251170632928,4.737711584114001,11.441166666666668,10.997147540983606,11.324950114370903,4.747044640835363,4.7015256638848655,4.783706146805101,7.546090958193985
2022-09-07,sz001313,10.71,10.54,10.76,10.47,39350,41265791.58,2.75,0.09,0.01,3.94,4.5949447366950835,0.06808874956920885,10.563999999999998,10.553999999999998,10.600355803328501,4.6727376464638555,4.638449886564075,4.669449119131028,10.817,10.67309090909091,10.671081237164866,4.838779700329271,4.732895302555663,4.7286197220511355,10.696499999999999,10.721285714285713,10.742390078664025,4.730824111146224,4.772032334626735,4.731437076317873,10.680666666666667,10.684838709677418,10.863630361830513,4.684158584647558,4.726988290224582,4.728500819764394,11.399833333333333,10.967601092896176,11.299214045047266,4.736686775809358,4.696538781781905,4.777517248112969,7.615590180368149
2022-09-08,sz001313,10.49,10.27,10.55,10.27,45561,46937630.74,2.66,-2.56,-0.27,4.56,4.658593247665969,0.06364851097088575,10.51,10.455999999999998,10.490237202219001,4.656147192641808,4.633735086964779,4.665830495309342,10.692,10.573636363636362,10.598157375862163,4.768914548966454,4.700134129344154,4.7158876357992865,10.683,10.680666666666667,10.697400547362689,4.734007088537208,4.765153204771472,4.724499568827215,10.649666666666667,10.658344086021506,10.82533162880919,4.69131332446377,4.725338913645124,4.72399065382256,11.35,10.93055737704918,11.26546932225883,4.724759475222628,4.693978338236222,4.7736181005573295,7.671521164033069
2022-09-09,sz001313,10.28,10.31,10.35,10.18,30585,31167273.7,1.66,0.39,0.04,3.06,4.485508484833821,-0.1730847628321479,10.436,10.389333333333333,10.430158134812668,4.603654724516504,4.57685551769545,4.605723158484168,10.623999999999999,10.504181818181817,10.545765125705406,4.709533160567533,4.648605754047312,4.674000517441929,10.6695,10.645142857142858,10.66050525713767,4.730993660853893,4.741486671085435,4.701738513208797,10.615,10.636430107526882,10.792084426950534,4.677484520910038,4.712061182056097,4.708604707436191,11.308,10.896459016393441,11.23414245923395,4.71216918376015,4.686134043469376,4.764171883648362,7.493698814826427
2022-09-13,sz001313,10.31,10.41,10.52,10.31,35222,36522701.8,2.04,0.97,0.1,3.52,4.546814012741506,0.06130552790768462,10.411999999999999,10.380666666666665,10.42343875654178,4.562543293812451,4.557908613770451,4.586086776569948,10.571,10.465272727272728,10.521080557395331,4.6836291487500805,4.61902045444258,4.650875698405488,10.6625,10.62042857142857,10.636647613600749,4.735272194611929,4.723945752217589,4.686983798878579,10.589666666666666,10.623204301075269,10.767433818760178,4.674995738598493,4.703630826690382,4.69816659810105,11.266166666666665,10.867016393442622,11.207121394996772,4.704518664339497,4.68071256245237,4.757045396077645,7.562562897378946
2022-09-14,sz001313,10.22,10.58,10.74,10.19,73835,77171018.55,5.28,1.63,0.17,7.38,4.868262279215955,0.3214482664744489,10.422,10.436666666666667,10.475625837694519,4.630824552230467,4.6598149422382855,4.680145277451951,10.508,10.46690909090909,10.531793183323453,4.677671650583131,4.6525901145272845,4.690400531280118,10.659,10.612571428571428,10.63125260278163,4.752933364652685,4.7366114745608305,4.704248416053567,10.595666666666666,10.62258064516129,10.755341314324038,4.676624290274178,4.716099635762477,4.70914051301169,11.231166666666667,10.844519125683059,11.186560037783762,4.702611657109369,4.686081205563074,4.760691851262508,7.887454232370277
2022-09-15,sz001313,10.47,10.23,10.57,10.14,54245,55602026.66,4.06,-3.31,-0.35,5.42,4.734359713534696,-0.13390256568125913,10.36,10.372666666666667,10.393750558463013,4.6587075475983895,4.694326662673029,4.698216756146199,10.462,10.416363636363638,10.47692169544646,4.665722597031123,4.662897035063932,4.698393109871859,10.64,10.571714285714286,10.59303806918338,4.768785240474433,4.734842555406735,4.707116158670818,10.598666666666668,10.598989247311826,10.721448326303133,4.678601456193472,4.719824501779287,4.710767558206722,11.190833333333334,10.811693989071037,11.15519741359413,4.699668490049938,4.687122125445872,4.759828502484546,7.745090621639858
2022-09-16,sz001313,10.16,10.09,10.26,10.07,31097,31330167.42,1.86,-1.37,-0.14,3.11,4.492718493647745,-0.24164121988695086,10.324000000000002,10.282666666666668,10.292500372308677,4.625532596794744,4.6389969780228135,4.629717335313382,10.417,10.348727272727272,10.406572296274376,4.640839894718276,4.631441743539681,4.660997725103838,10.624500000000001,10.519333333333336,10.545129681642107,4.766425978522728,4.7085504842803845,4.6866973334305255,10.590333333333332,10.566172043010752,10.680709724606157,4.675797908971897,4.707832052582787,4.696699876622272,11.150333333333332,10.775601092896174,11.120272908230389,4.692768776783691,4.680336879662193,4.751070797276782,7.495962715640974
2022-09-19,sz001313,10.07,9.66,10.11,9.64,36301,35380345.0,4.66,-4.26,-0.43,3.63,4.559918588906636,0.06720009525889115,10.193999999999999,10.061333333333334,10.081666914872452,4.6404146176093075,4.6171256420601114,4.606451086511134,10.315000000000001,10.21109090909091,10.270831878769943,4.622034671062906,4.616728778846657,4.642619700340711,10.5845,10.42747619047619,10.460831616723812,4.758598785427394,4.688883113840757,4.674623167285394,10.563999999999998,10.506150537634406,10.614857484308986,4.675335595445617,4.700355967417286,4.687875277414812,11.102,10.726737704918035,11.07239510796054,4.6893121006021365,4.675981135797372,4.74480351175645,7.548762063476636
2022-09-20,sz001313,9.69,9.8,9.96,9.69,27074,26376511.35,2.8,1.45,0.14,2.71,4.432552424577051,-0.12736616432958492,10.072,9.93,9.987777943248302,4.617562299976417,4.5478382443826915,4.54848486586644,10.242,10.117454545454546,10.185226082629953,4.590052796894434,4.582277461303773,4.604425650201863,10.550500000000001,10.352761904761907,10.397895272273926,4.74984668645559,4.657831079474057,4.651568810836981,10.538,10.456860215053762,10.562286033708407,4.672842124573788,4.68469253703867,4.671402835296247,11.055166666666667,10.68404918032787,11.03067723556839,4.682475116915758,4.667562785763762,4.73456577119319,7.421217353695707
2022-09-21,sz001313,9.71,9.8,9.84,9.52,25332,24371753.31,3.27,0.0,0.0,2.53,4.4036694793552815,-0.028882945221769596,9.916,9.839333333333334,9.925185295498869,4.524643740004282,4.47654063750898,4.500213070362721,10.169,10.037090909090908,10.115184976697233,4.577734146117374,4.548389585387564,4.5679245282297565,10.51,10.281285714285714,10.340952865390696,4.735184396352773,4.624861821654981,4.627959350695867,10.516,10.409247311827958,10.513106289598188,4.671601329003203,4.6673265599277975,4.6541297155581205,11.009833333333335,10.642896174863388,10.990327162271065,4.675365358883492,4.658421617319155,4.723716712444405,7.38688677356174
2022-09-22,sz001313,9.7,9.81,9.9,9.67,27004,26346517.29,2.35,0.1,0.01,2.7,4.431428099316783,0.027758619961501196,9.832,9.804,9.886790196999247,4.464057417160699,4.445468757279814,4.477284746680741,10.096,9.971818181818183,10.059696799115917,4.561382482379544,4.521788485969275,4.543106995700125,10.4565,10.214619047619049,10.290385925829677,4.7000810913544075,4.595932650508695,4.609242088659763,10.496333333333332,10.363698924731182,10.467744593495079,4.674343568223998,4.651831512851255,4.639761869349003,10.968833333333333,10.603557377049182,10.951627911049062,4.6676746963895885,4.650423674382543,4.714133479227106,7.420723214550472
2022-09-23,sz001313,9.77,9.45,9.81,9.43,33091,31448884.15,3.87,-3.67,-0.36,3.31,4.519709891605901,0.08828179228911814,9.704,9.676666666666668,9.741193464666164,4.46945569675233,4.46401958209488,4.491426461655795,10.014,9.854363636363637,9.948842835640296,4.547494146773538,4.514211651283158,4.538852976773902,10.353,10.118761904761907,10.210349170988755,4.6582043478699955,4.578754441008837,4.600715212749872,10.46,10.296193548387096,10.402083651979268,4.671836107949318,4.6418551466178295,4.632016580462351,10.921,10.553759562841531,10.902394209047454,4.66548399503706,4.645572369307668,4.7077589353706735,7.497605240684473
2022-09-26,sz001313,9.45,9.09,9.45,9.08,33282,30397261.87,3.92,-3.81,-0.36,3.33,4.522209416262479,0.0024995246565779894,9.59,9.472,9.52412897644411,4.461913862223499,4.481604155264931,4.50168744652469,9.892,9.686363636363636,9.792689592796604,4.551164239916403,4.509614427553874,4.5358268748627335,10.258,9.99847619047619,10.103649249942208,4.630348700241969,4.565802542760503,4.593238470227263,10.410333333333334,10.207806451612903,10.317433093787058,4.671050520541397,4.632201811670292,4.624932247288165,10.865833333333333,10.493726775956283,10.842971448095078,4.659965368353297,4.640874842134731,4.7016753445802415,7.4828344649144585
2022-09-27,sz001313,9.1,9.37,9.4,9.1,36043,33174543.27,3.3,3.08,0.28,3.6,4.556820931841491,0.03461151557901232,9.504000000000001,9.398666666666665,9.47275265096274,4.486767563676388,4.513239845137595,4.520065274963624,9.788,9.591454545454544,9.715836939560857,4.552164931826402,4.5106429169948,4.5396439761315985,10.1795,9.913904761904762,10.033777892804855,4.617897040288241,4.558799898150934,4.589770133238141,10.371,10.140688172043012,10.256308378058861,4.674236440350087,4.624832160786426,4.6205379688722505,10.807999999999998,10.444683060109291,10.794677302255895,4.648067309707098,4.637493057331066,4.696926019572413,7.520804952435218
2022-09-28,sz001313,9.43,9.06,9.45,9.04,34607,31775024.38,4.38,-3.31,-0.31,3.46,4.539163952951567,-0.017656978889924346,9.356,9.250666666666667,9.335168433975161,4.513866458395644,4.530705308229321,4.526431500959605,9.636,9.459090909090909,9.596593859640702,4.519255099199963,4.508279102653921,4.539556699189774,10.072,9.807285714285713,9.941037141109154,4.598463374891547,4.5513015088807744,4.584950497020372,10.318000000000001,10.05610752688172,10.179127192377644,4.675040609501777,4.616117806760715,4.615288032361239,10.750166666666667,10.387371584699453,10.73780263660816,4.639669574309835,4.633922455470228,4.691753492797959,7.502085892446987
2022-09-29,sz001313,9.21,8.96,9.29,8.88,32667,29455448.0,4.53,-1.1,-0.1,3.27,4.514109252526568,-0.0250547004249988,9.186,9.118666666666666,9.210112289316776,4.530402689037601,4.530786239606297,4.52232408481526,9.509,9.336181818181819,9.48084952152421,4.49723005309915,4.5073434941678485,4.534929890705554,9.9855,9.701380952380953,9.847605032432092,4.581476325065136,4.543267782941252,4.5782037118304855,10.263,9.968494623655912,10.100473825127473,4.678266844682672,4.6057351385687655,4.608760369146099,10.695666666666664,10.328677595628415,10.679514025571827,4.634907681335389,4.629805723608483,4.685929091477586,7.469165632485296
2022-09-30,sz001313,8.99,8.87,9.05,8.79,24253,21477023.26,2.9,-1.0,-0.09,2.43,4.384765466767628,-0.12934378575894012,9.07,9.013333333333332,9.096741526211183,4.503413804069947,4.482240498849638,4.476471212132716,9.387,9.219999999999999,9.369785972156171,4.486434750411139,4.486895387562117,4.507627268171385,9.902000000000001,9.595142857142857,9.754499791248083,4.563637322564707,4.524533415484347,4.559781021824499,10.212,9.878623655913977,10.021088417054733,4.673095569152197,4.586799565800053,4.594309085121681,10.6395,10.268819672131146,10.620185696864553,4.630876643306116,4.621604339524294,4.676054874273981,7.3319740874864365
2022-10-10,sz001313,8.93,8.93,9.16,8.87,34634,31041131.62,3.27,0.68,0.06,3.46,4.539502652612337,0.1547371858447093,9.038,8.966666666666667,9.041161017474122,4.506872451339918,4.494270115030434,4.49748169229259,9.314,9.136909090909091,9.289824886309594,4.484393156781708,4.496544097053245,4.513422792615194,9.8145,9.502571428571429,9.675976001605408,4.553213913922308,4.522234875488882,4.5578497485661975,10.161,9.795913978494623,9.950695615954428,4.667196909212166,4.578180667958772,4.590773186250111,10.585333333333333,10.212770491803278,10.56476977237719,4.630264777274776,4.618608470976956,4.671577752252287,7.491937545297599
2022-10-11,sz001313,9.06,8.86,9.14,8.74,28083,24706412.17,4.48,-0.78,-0.07,2.81,4.448443499962475,-0.09105915264986209,8.936,8.907333333333334,8.980774011649416,4.485196964964116,4.474793797904621,4.481135628182551,9.22,9.054363636363636,9.211674906980576,4.485982264320251,4.4900077958133835,4.501608375769245,9.731,9.411666666666669,9.598264001452511,4.538017530607343,4.512256740826042,4.547430105842033,10.107000000000001,9.711978494623658,9.880328156860596,4.661891879077144,4.5640675447813726,4.581590625844457,10.528500000000001,10.156202185792349,10.508875681479577,4.62650999693236,4.612647117622454,4.664261875128031,7.392809682354589
2022-10-12,sz001313,8.92,9.23,9.24,8.82,56061,50457579.08,4.74,4.18,0.37,5.61,4.748660840313466,0.3002173403509909,8.969999999999999,9.005333333333333,9.063849341099612,4.527096342436495,4.562615089687737,4.570310698892857,9.163,9.056181818181818,9.215006742075017,4.520481400416069,4.5377675369030595,4.546527005686376,9.666,9.36395238095238,9.563191239409415,4.549107773266721,4.532318008417101,4.566594937696455,10.061,9.655397849462364,9.838371501579267,4.663616731040538,4.56966554228049,4.592369349358588,10.482333333333335,10.113628415300546,10.46694533126713,4.626464434396283,4.61665206330708,4.667029054314439,7.702926409530361
2022-10-13,sz001313,9.11,9.37,9.52,9.06,48084,44434889.7,4.98,1.52,0.14,4.81,4.682000588480324,-0.06666025183314161,9.052,9.138666666666666,9.165899560733074,4.560674609627247,4.614249838369014,4.607540662088679,9.119,9.09381818181818,9.243187334425013,4.545538649332423,4.5671346620056505,4.571158566194367,9.6075,9.335761904761906,9.544792073751376,4.553460565855984,4.544974467008873,4.577585952056824,10.010666666666667,9.610817204301075,9.808153985348348,4.648566944013747,4.5708515975991855,4.598152009947087,10.437833333333336,10.077158469945356,10.430979910569848,4.629740012804749,4.618472920818032,4.66751992428709,7.647724106463537
2022-10-14,sz001313,9.37,9.38,9.47,9.31,36114,33723550.0,1.71,0.11,0.01,3.61,4.557675593708433,-0.12432499477189118,9.154,9.248,9.237266373822049,4.595256635015407,4.613250166396076,4.5909189726285975,9.112,9.141272727272726,9.268062364529555,4.5493352195426775,4.569341379164926,4.56870711665147,9.562999999999999,9.314095238095238,9.529097590536958,4.548414683158107,4.5453758982329155,4.575689727452215,9.939333333333334,9.570129032258064,9.78053114758394,4.6219146384275565,4.564987639514972,4.5955406282542715,10.393333333333334,10.042475409836065,10.396521552846245,4.628090214843457,4.61611015297881,4.663918470825495,7.527933285533367
2022-10-17,sz001313,9.38,9.45,9.49,9.32,24527,22968319.52,1.81,0.75,0.07,2.45,4.389644431079479,-0.1680311626289539,9.258,9.346666666666666,9.308177582548034,4.565284990708835,4.544712765084101,4.523827458778892,9.148,9.202727272727273,9.30114193461509,4.536078721024377,4.540306690353435,4.536150264729289,9.52,9.303333333333333,9.521564486676295,4.5436214804703905,4.530254921844475,4.557971127797669,9.888,9.538559139784947,9.759206557417235,4.598925373836105,4.5500024648473545,4.582257002630092,10.3645,10.01154644808743,10.365488059310303,4.617928922501307,4.608292258429171,4.654925879358412,7.361129221146741
2022-10-18,sz001313,9.46,9.92,10.39,9.41,163441,164179841.66,10.37,4.97,0.47,16.34,5.213361010826748,0.823716579747269,9.47,9.567333333333332,9.512118388365355,4.718268492881689,4.760738105123405,4.753671976128178,9.203,9.34309090909091,9.413661582866892,4.601732728922903,4.663448924862958,4.659279491292463,9.4955,9.341428571428573,9.559510726040457,4.576948830374652,4.594039639021271,4.620389211895676,9.854000000000001,9.54062365591398,9.769580327906446,4.612508936499795,4.589643473685461,4.622973390255683,10.342166666666667,9.996972677595627,10.350881893431275,4.628104616974541,4.627814621980824,4.673235227931144,8.215319832483411
2022-10-19,sz001313,9.93,9.51,10.03,9.45,106372,101401689.68,5.85,-4.13,-0.41,10.64,5.0268273248969395,-0.1865336859298088,9.526,9.580666666666666,9.511412258910237,4.773901789798385,4.863591049128488,4.8447237590510985,9.248000000000001,9.398909090909092,9.431177658709274,4.6504990661174395,4.740738851403692,4.72610637012964,9.441999999999998,9.342809523809525,9.55479541879851,4.584877082658702,4.636885209928156,4.659097603610082,9.797333333333333,9.51843010752688,9.752833209976998,4.6158086053001774,4.616373692291728,4.649028482813184,10.311333333333334,9.969688524590161,10.323311995285986,4.635270174827264,4.640887497650411,4.684828411438219,8.006045191807832
2022-10-20,sz001313,9.31,9.28,9.43,9.23,57312,53075322.71,2.1,-2.42,-0.23,5.73,4.758245564168938,-0.26858176072800166,9.508,9.498666666666667,9.434274839273492,4.7891507849361075,4.858372307252006,4.815897694090379,9.28,9.404727272727273,9.403690811671224,4.674912697281677,4.760329123776691,4.731949859954967,9.394499999999999,9.327380952380953,9.528624426531984,4.586071375190413,4.653396493881511,4.668540266520449,9.750333333333334,9.485053763440858,9.722327841591387,4.61262178247065,4.625563173509069,4.656074746126459,10.277333333333333,9.935874316939891,10.289105044620872,4.639286569311145,4.644919477628827,4.687235531199882,7.724892643455016
2022-10-21,sz001313,9.34,9.12,9.34,9.1,41849,38157770.86,2.59,-1.72,-0.16,4.18,4.621685084798319,-0.136560479370619,9.456,9.369333333333334,9.329516559515662,4.801952683154085,4.802550407206075,4.751160157659692,9.305000000000001,9.37563636363636,9.352110664094637,4.6986046590847454,4.750651376052444,4.711901719017394,9.346,9.301238095238096,9.489707814481319,4.592519704747942,4.656788275748931,4.664077868261199,9.703000000000001,9.444387096774195,9.683467980843556,4.608626434738054,4.626147902691499,4.653856058298837,10.240333333333334,9.897928961748635,10.250773731682482,4.640005528580565,4.6443423797759475,4.685086336235896,7.581582995710289
2022-10-24,sz001313,9.21,8.94,9.23,8.89,32657,29430068.3,3.73,-1.97,-0.18,3.27,4.513976286239967,-0.10770879855835158,9.354,9.197333333333331,9.199677706343774,4.826819054186183,4.70655827490137,4.672098867186451,9.306000000000001,9.309272727272727,9.277181452441067,4.696052022447509,4.717082580989756,4.675915276694226,9.309999999999999,9.262571428571428,9.43735468929262,4.590222589614609,4.649307950176742,4.649782479497272,9.645000000000001,9.39516129032258,9.6355023046601,4.600826616764041,4.620041441498073,4.644831556875684,10.1985,9.855295081967215,10.207797543758465,4.636037018696915,4.640210273469698,4.679476170662259,7.4687912699921934
2022-10-25,sz001313,8.99,9.06,9.06,8.76,33906,30067143.0,3.36,1.34,0.12,3.39,4.530276557681542,0.01630027144157431,9.181999999999999,9.099333333333334,9.15311847089585,4.6902021635571405,4.607710776066491,4.624824764018149,9.325999999999999,9.264545454545456,9.2376939156336,4.704235328219416,4.686941587395944,4.649435509601011,9.273,9.238761904761905,9.401416147455228,4.595108796269833,4.643598804278356,4.638400963133869,9.596,9.357419354838711,9.598373123714287,4.593423463144701,4.615489824783072,4.637440911766385,10.161833333333334,9.817967213114752,10.170164837405729,4.6344479433011925,4.636742717370834,4.6745843800727265,7.478092163109404
2022-10-26,sz001313,9.17,9.12,9.26,9.07,32651,29729315.94,2.1,0.66,0.06,3.27,4.513896486922924,-0.01638007075861747,9.104,9.078666666666667,9.142078980597233,4.587615995962338,4.548942217188418,4.587848671653074,9.315,9.22709090909091,9.216295021882035,4.680758892880361,4.652334525342036,4.6247920509322675,9.239,9.224190476190476,9.374614609602348,4.6006201466482155,4.635864298626269,4.626543393970922,9.549000000000001,9.326709677419355,9.567510341539172,4.592991479804601,4.610359052123604,4.629470303711969,10.126166666666668,9.7838087431694,10.135733203392425,4.634755431414531,4.632790210604333,4.669315924559617,7.473184916372743
2022-10-27,sz001313,9.11,9.16,9.18,9.06,34570,31345182.58,1.32,0.44,0.04,3.46,4.538699379542407,0.02480289261948254,9.08,9.097333333333331,9.14805265373149,4.543706759037032,4.532636678381774,4.571465574282851,9.294,9.19890909090909,9.206059563358028,4.66642877198657,4.626505522916955,4.609138837952293,9.2065,9.216666666666667,9.354175122973553,4.605983710659497,4.62996708271143,4.618177297358683,9.502999999999998,9.301612903225806,9.541219351762454,4.591116634566179,4.606856335977655,4.623614115055868,10.091833333333334,9.752131147540984,10.103741950822181,4.637637609606869,4.629640831854426,4.6650334148869215,7.496170803868886
2022-10-28,sz001313,9.16,8.85,9.16,8.79,32901,29112175.17,4.04,-3.38,-0.31,3.29,4.517209098189543,-0.021490281352863683,9.026,9.020666666666667,9.048701769154327,4.522811561715277,4.523804124765944,4.553380082251749,9.241,9.118181818181819,9.141321460929296,4.66238212243468,4.599374673135677,4.592424339813611,9.176499999999999,9.182714285714287,9.30615844459512,4.605858670988679,4.621512357714292,4.6085612783901935,9.455666666666668,9.259483870967742,9.496624554874554,4.586403829583631,4.602088107824324,4.61674927525804,10.052666666666665,9.711415300546447,10.062635657352603,4.638858577023701,4.625692356070252,4.66018671597881,7.464074655766401
2022-10-31,sz001313,8.9,8.98,9.05,8.86,21986,19608283.6,2.15,1.47,0.13,2.2,4.342146223633466,-0.17506287455607694,9.034,9.005333333333335,9.025801179436218,4.488445549193976,4.4635823454053405,4.482968796045655,9.193999999999999,9.070727272727272,9.111990286214878,4.65763230169008,4.541149964262728,4.546919227780857,9.171000000000001,9.164,9.27509573558606,4.596855511357228,4.596396886537604,4.583188416032409,9.411333333333333,9.22879569892473,9.463293938431036,4.581625087543619,4.5863295526017325,4.599032949346777,10.013166666666669,9.676245901639344,10.027139406291862,4.629554804226829,4.615964082188605,4.649759158852733,7.292439579610013
2022-11-01,sz001313,8.98,9.24,9.32,8.98,47846,43733096.86,3.79,2.9,0.26,4.78,4.6798456359364575,0.3376994123029915,9.07,9.074000000000002,9.097200786290813,4.51835936484496,4.527382374319501,4.54859440934259,9.126000000000001,9.07909090909091,9.135264779630354,4.60428076420105,4.545188752307524,4.57108766562733,9.1645,9.170571428571428,9.271753284577864,4.603006746561976,4.604300707926103,4.592393865547081,9.372333333333332,9.217741935483874,9.448887877887099,4.586059474983452,4.592666362175464,4.604246671062241,9.981,9.650896174863389,10.001331556905244,4.630527606790972,4.61761296191679,4.65074560072433,7.640810232011867
2022-11-02,sz001313,9.29,9.34,9.39,9.22,45706,42298475.63,1.84,1.08,0.1,4.57,4.659973215296316,-0.01987242064014172,9.114,9.163999999999998,9.17813385752721,4.547574710519638,4.574586991136621,4.585720677993832,9.109,9.118,9.172489365152106,4.567595353240987,4.555314652506664,4.587248674658054,9.1785,9.187285714285714,9.278252971760926,4.609047209679214,4.609726085900801,4.598829994094627,9.331,9.215655913978495,9.441862853507288,4.579116506186129,4.597434990582746,4.607841931980569,9.963333333333333,9.629879781420765,9.979648555039498,4.627870398230154,4.61857839170385,4.6510481454643955,7.62632471637248
2022-11-03,sz001313,9.26,9.5,9.7,9.22,70604,66469193.12,5.14,1.71,0.16,7.06,4.848829306274433,0.18885609097811695,9.181999999999999,9.292666666666666,9.285422571684807,4.6096006958660425,4.675005189721551,4.673423554087366,9.131,9.18909090909091,9.232036753306268,4.5766537274515375,4.606448098512745,4.634808789497395,9.205499999999999,9.217904761904762,9.299371736355123,4.625783212366607,4.632562476052727,4.622639452397466,9.306666666666668,9.226559139784946,9.44561363715198,4.582932159277454,4.614835816394892,4.623389504515657,9.952666666666666,9.614688524590164,9.963922372907055,4.630766807735464,4.6258229460659575,4.6575327736876755,7.822620406837049
2022-11-04,sz001313,9.45,9.56,9.67,9.39,59119,55827901.9,2.95,0.63,0.06,5.91,4.7717270793422,-0.07710222693223301,9.324000000000002,9.418666666666667,9.376948381123205,4.660504292096574,4.729047317546938,4.706191395838977,9.175,9.26709090909091,9.29166643452331,4.591657926905926,4.641915980674683,4.6597030240146315,9.239999999999998,9.251666666666665,9.324193475749874,4.645131292995336,4.646461891955165,4.63683827401125,9.289,9.242903225806451,9.452993402497015,4.59223244546727,4.627016133818426,4.632959670633499,9.939666666666666,9.601814207650273,9.950679016418299,4.634015177219584,4.630444594315359,4.661276849282905,7.746851306690224
2022-11-07,sz001313,9.51,9.79,9.92,9.42,69126,66870437.4,5.23,2.41,0.23,6.91,4.839641427008459,0.06791434766625937,9.486,9.574,9.514632254082137,4.760003332771573,4.788759695850899,4.750674739562138,9.26,9.378909090909092,9.382272537337254,4.624224440982775,4.687003889784235,4.692419097286236,9.283000000000001,9.30404761904762,9.368556001868935,4.660138231715141,4.664986666623081,4.656152860010985,9.293333333333331,9.275225806451612,9.474735763626239,4.601556540070663,4.642978003595276,4.646293977496399,9.928666666666667,9.596907103825139,9.945410851945567,4.6384460677581405,4.637186438570732,4.667124868224726,7.825234163932443
2022-11-08,sz001313,9.73,10.06,10.76,9.73,143071,145040426.17,10.52,2.76,0.27,14.31,5.155551612681342,0.315910185672883,9.65,9.765333333333333,9.696421502721424,4.855144528120549,4.920609122487488,4.885633697268539,9.36,9.524363636363637,9.505495712366844,4.686751946482755,4.7836088300930655,4.776625009176255,9.343,9.378047619047619,9.43440781121475,4.695493637351086,4.712168893381767,4.7037146459795895,9.302,9.32468817204301,9.512494746618094,4.625656513007473,4.678719621183062,4.679149308798654,9.92,9.601213114754097,9.949167873193254,4.649249318790631,4.6541407187321475,4.683138859846254,8.161489067169963
2022-11-09,sz001313,9.84,9.87,10.05,9.82,82594,81319296.69,2.29,-1.89,-0.19,8.26,4.916948499359893,-0.23860311332144946,9.756,9.838666666666665,9.754281001814283,4.906539584933265,4.941210446233936,4.896071964632323,9.434999999999999,9.61709090909091,9.571769219209235,4.727057147726452,4.825462748798,4.802138371027826,9.375,9.428238095238097,9.47589278157525,4.703908020303407,4.733259832620702,4.724022632015809,9.304333333333334,9.361333333333334,9.535559601674992,4.642765813674294,4.697512652560637,4.69449119206067,9.910166666666667,9.599573770491803,9.946572205219704,4.657183571338749,4.662917741045896,4.690804749666373,7.910193613879271
2022-11-10,sz001313,9.87,10.29,10.72,9.74,155690,158672976.65,9.93,4.26,0.42,15.57,5.192260718642044,0.2753122192821511,9.914,10.016666666666667,9.932854001209522,4.975225867406787,5.036450824136862,4.99480154930223,9.548,9.772545454545455,9.702356633898464,4.792413281636415,4.910045216237197,4.873069706957683,9.421000000000001,9.515380952380951,9.553426802377608,4.729421026811492,4.779769613414857,4.768616735504022,9.320333333333334,9.424924731182797,9.584233175760478,4.668126900985137,4.732963936752106,4.72660535506592,9.908333333333333,9.612027322404373,9.957832132917417,4.671235234604567,4.680461254072232,4.707245928977051,8.200502969028896
2022-11-11,sz001313,10.22,10.2,10.46,10.14,104831,106859613.54,3.11,-0.87,-0.09,10.48,5.020489728622179,-0.17177099001986473,10.041999999999998,10.112,10.021902667473015,5.0249783972627835,5.051538777875326,5.003364275742213,9.683,9.89109090909091,9.792837245916925,4.842741344679679,4.9515136611437,4.899873347260318,9.462,9.589571428571428,9.615005202151169,4.75256173355718,4.807490442158732,4.792604639610514,9.345333333333334,9.48167741935484,9.623960067646898,4.684819562219013,4.755697022406109,4.74556563723084,9.902666666666667,9.621590163934428,9.965772062985698,4.678327835084165,4.691912221089203,4.717516217490006,8.028813599214761
2022-11-14,sz001313,10.13,9.95,10.26,9.9,72997,72665895.4,3.53,-2.45,-0.25,7.3,4.863305012035277,-0.1571847165869018,10.074,10.081333333333333,9.997935111648676,5.029711114268148,4.997647649466158,4.956677854506568,9.779999999999998,9.939636363636366,9.821412292113846,4.8948572235198595,4.95525250975381,4.893224559037583,9.486999999999998,9.636047619047618,9.646909468612963,4.7762447626049696,4.818037421061407,4.799338008412873,9.373999999999999,9.520688172043009,9.644994901992261,4.696189415411439,4.767212212716835,4.7531617259279,9.892166666666666,9.623142076502731,9.965254946166494,4.6836199679764166,4.69797704656301,4.7222961779669,7.861330629362443
2022-11-15,sz001313,9.97,10.06,10.08,9.89,52195,51867310.0,1.91,1.11,0.11,5.22,4.717628901921537,-0.14567611011374026,10.074,10.076666666666666,10.018623407765784,4.942126572116186,4.893620245350621,4.876994870311558,9.861999999999998,9.990545454545455,9.864791875365874,4.898635550118368,4.923029178554114,4.861298075925574,9.494,9.690619047619048,9.686251423983157,4.751458157159709,4.812454958139176,4.791556188747031,9.396999999999998,9.56494623655914,9.671769424444372,4.701549681080774,4.768595405394906,4.750869285669426,9.884000000000002,9.628644808743168,9.96836134137415,4.68789306071543,4.699092093577605,4.722143152522789,7.714893724715189
2022-11-16,sz001313,10.07,10.27,10.45,9.95,96391,97714027.46,4.97,2.09,0.21,9.64,4.984036485844675,0.26640758392313835,10.154,10.142,10.102415605177189,4.955544169413143,4.907590216593451,4.912675408822597,9.955,10.064727272727271,9.938466079844806,4.931041877173203,4.9385566214134435,4.883614150456319,9.532,9.764523809523808,9.74184652646095,4.749318615207096,4.834605275156791,4.809887645613474,9.437333333333331,9.621268817204301,9.710364945447962,4.7163787655105445,4.786820360540964,4.765912330842022,9.877666666666668,9.641300546448088,9.978251133460244,4.695709687506161,4.708801714073645,4.73072981918908,7.9899569138843445
2022-11-17,sz001313,10.06,10.06,10.17,10.02,60401,60499947.47,1.46,-2.04,-0.21,6.04,4.7810441288676016,-0.20299235697707374,10.108,10.110666666666667,10.088277070118128,4.8733008514582545,4.849423536411604,4.868798315504265,10.011,10.083818181818183,9.96056315623666,4.924263359432521,4.911284303539698,4.864965055622006,9.571000000000002,9.814809523809522,9.772146857274192,4.750458543442029,4.837626752648268,4.807140644018629,9.473999999999998,9.661440860215054,9.732922045741642,4.725276594721911,4.790992319467225,4.766888575875931,9.868500000000001,9.647278688524588,9.980931424166466,4.7017717197022915,4.7115995646100854,4.732379468686736,7.78175499756984
2022-11-18,sz001313,10.07,9.8,10.08,9.79,55089,54290264.33,2.88,-2.58,-0.26,5.51,4.741064888938513,-0.039979239929088806,10.028,10.008000000000001,9.992184713412087,4.817415883521521,4.805344882238357,4.8262205066490145,10.035,10.045454545454545,9.931369855102721,4.9211971403921515,4.877975490722604,4.842437752588643,9.605,9.836619047619047,9.774799537533793,4.756427533649039,4.836732118886029,4.800847714963379,9.504999999999999,9.68247311827957,9.737249655693795,4.737153242127608,4.792010919094104,4.765222531557388,9.8585,9.645032786885245,9.974999246324941,4.705124405639903,4.712887865240782,4.732664236563844,7.734721956166289
2022-11-21,sz001313,9.84,10.06,10.12,9.66,45081,44548294.35,4.69,2.65,0.26,4.51,4.653993541128839,-0.0870713478096734,10.05,10.018666666666666,10.01478980894139,4.775553589340233,4.750870768107463,4.768811518142289,10.062000000000001,10.05,9.954757154174954,4.90263235180419,4.8293930181292755,4.80817516868686,9.661,9.87995238095238,9.8019614863401,4.763428396393482,4.826976500550772,4.786861603169613,9.542666666666666,9.718279569892474,9.758072258552259,4.740969605078158,4.786645777094185,4.758046467658772,9.851833333333333,9.651639344262293,9.9777861562815,4.704083257145162,4.711211443453534,4.7300848695004,7.648831080571238
2022-11-22,sz001313,10.08,9.87,10.17,9.84,43802,43571090.13,3.28,-1.89,-0.19,4.38,4.641493940849616,-0.0124996002792237,10.012,9.958666666666666,9.96652653929426,4.760326597125849,4.7061842186105896,4.726372325711399,10.043,10.01509090909091,9.93934676250678,4.851226584621017,4.781913307046625,4.77786949089827,9.7015,9.899857142857144,9.8084413447839,4.768989265551886,4.81536369526088,4.773017063901042,9.576333333333332,9.739397849462366,9.765293403161792,4.747404619774397,4.780227992305244,4.7505269498001175,9.841666666666667,9.652234972677597,9.974252183944401,4.7046482494257695,4.709159334722533,4.727180248888899,7.63919842593348
2022-11-23,sz001313,9.85,9.91,9.94,9.74,27908,27308904.78,2.03,0.41,0.04,2.79,4.445728714307106,-0.19576522654250983,9.940000000000001,9.924666666666667,9.947684359529507,4.652665042818335,4.601318257671009,4.632824455243301,10.047,9.99090909090909,9.934010987505548,4.804104606115739,4.708186421535005,4.717480258790785,9.741,9.919714285714285,9.818113597661624,4.765580876921095,4.78457697609471,4.741846744892096,9.599,9.760924731182795,9.774629312635225,4.7373068822408495,4.760765030662195,4.730862547510246,9.83,9.654475409836067,9.972145554962616,4.700461806640694,4.700670169636673,4.717952329722283,7.4363042831664545
2022-11-24,sz001313,9.93,9.84,9.98,9.82,25925,25416643.01,1.61,-0.71,-0.07,2.59,4.413718765061079,-0.03200994924602707,9.896,9.891333333333334,9.911789573019671,4.57919997005703,4.521669498418591,4.559789225182561,10.001999999999999,9.95327272727273,9.916918080686356,4.7262504107576415,4.637207177706885,4.662250896294475,9.775,9.929142857142857,9.820198016931945,4.759331846197028,4.751066298774708,4.710596461098667,9.614666666666666,9.77647311827957,9.778846776336179,4.728364154793542,4.739888377940917,4.710401658319977,9.812666666666667,9.654803278688526,9.967812913816301,4.688465549403644,4.691268758437343,4.707977458749784,7.405118189077604
2022-11-25,sz001313,9.84,9.69,9.84,9.69,26471,25620693.0,1.52,-1.52,-0.15,2.65,4.422770348036467,0.009051582975388328,9.874,9.822666666666667,9.837859715346447,4.515541061876622,4.4695262910784015,4.514116266133863,9.950999999999999,9.896545454545455,9.87566024783429,4.666478472699071,4.582028984484853,4.618708978429383,9.817,9.92104761904762,9.80779820579557,4.754609908689375,4.719012822759417,4.683184450330838,9.625,9.781333333333333,9.773114726249974,4.7238673132711435,4.720172648472719,4.691844799592009,9.782166666666667,9.65078142076503,9.958704293691175,4.67289097584935,4.682557440359731,4.69862640593951,7.408590872559549
2022-11-28,sz001313,9.56,9.63,9.68,9.44,26440,25087805.34,2.48,-0.62,-0.06,2.64,4.422261450813602,-0.0005088972228648458,9.788,9.741333333333333,9.768573143564298,4.469194643813574,4.438433087390729,4.483497994360443,9.919,9.838181818181818,9.830994748228056,4.622374116576904,4.537625889596586,4.582991246135604,9.849499999999999,9.903238095238097,9.790865043338849,4.758615670048382,4.68736058867601,4.658334640853006,9.631,9.781655913978494,9.763881518104814,4.724954547262281,4.700714205733523,4.674452325477273,9.759500000000001,9.645792349726776,9.947927103734088,4.6619399605491925,4.674340078883149,4.689565259869808,7.399462671262164
2022-11-29,sz001313,9.63,9.97,10.12,9.62,51420,50807730.28,5.19,3.53,0.34,5.14,4.7111320723068415,0.2888706214932393,9.808,9.802,9.835715429042866,4.483122270105019,4.519078896888486,4.559376020342576,9.91,9.847454545454546,9.85626843036841,4.621724433615434,4.553763699729302,4.606289578166738,9.886,9.914714285714286,9.807925515401815,4.7601799918669006,4.682838341272053,4.663362967658133,9.632666666666667,9.803526881720432,9.777179484678697,4.708213582644951,4.699822433155753,4.676818760756601,9.743333333333332,9.652693989071036,9.948650805251003,4.6603612595723725,4.675952935006349,4.690272368474301,7.705929794223645
2022-11-30,sz001313,10.02,9.89,10.07,9.87,27389,27081326.0,2.01,-0.8,-0.08,2.74,4.43757617601409,-0.2735558962927511,9.804,9.829333333333333,9.853810286028578,4.4814917624464154,4.503896865524842,4.518776072233081,9.872,9.84381818181818,9.862401443028698,4.567078402632376,4.52028219834724,4.575614414138983,9.9135,9.915095238095239,9.815742132982594,4.74906013990279,4.65211416833369,4.641859463692033,9.645333333333333,9.820129032258064,9.784458227602654,4.68857187768219,4.682361955308601,4.661383755289342,9.721333333333332,9.657502732240438,9.946727828029658,4.6521902414911835,4.6686485060372265,4.6819872474100315,7.432669925167624
2022-12-01,sz001313,9.94,10.26,10.27,9.93,111307,112336666.0,3.44,3.74,0.37,11.13,5.046522477594168,0.6089463015800778,9.888000000000002,9.981333333333335,9.989206857352386,4.608052504953034,4.69224043724076,4.694691540686777,9.892,9.914363636363635,9.934692089750753,4.593626237505032,4.607453848340293,4.6612340620399255,9.9515,9.94809523809524,9.85805240603187,4.758944798468777,4.680443914780488,4.68039879834938,9.677999999999999,9.859784946236559,9.81513834195087,4.698181108129697,4.705455542399696,4.686231414792879,9.714166666666667,9.675163934426227,9.956999046782784,4.655401445300174,4.681577431811094,4.693939222170167,8.050521530459752
2022-12-02,sz001313,10.2,10.16,10.51,10.09,80367,81731077.5,4.09,-0.97,-0.1,8.04,4.905077756958419,-0.1414447206357492,9.982,10.072,10.046137904901592,4.704513986737424,4.791248854575888,4.764820279443991,9.928,9.96309090909091,9.975657164341525,4.610027524307023,4.664081397331818,4.705569279297833,9.9815,9.967952380952381,9.88680931974312,4.765612332349588,4.69436133939855,4.701796794407383,9.712666666666667,9.89088172043011,9.837387481179848,4.707627530535034,4.718803713291872,4.700350533642269,9.707833333333333,9.689781420765026,9.963654815740725,4.658126982636544,4.689763540390053,4.700861797081257,7.912387224469022
2022-12-05,sz001313,10.16,10.42,11.03,10.11,118572,123693290.47,9.06,2.56,0.26,11.86,5.073982145342229,0.16890438838380994,10.14,10.218,10.170758603267728,4.83485812564315,4.914404907444156,4.867874234743404,9.964,10.052545454545454,10.056446770824884,4.652026384728361,4.748436782974582,4.77255343676045,10.013,10.009714285714285,9.93758938452949,4.777329368266276,4.7237298930168965,4.73724301830594,9.761999999999999,9.936516129032261,9.874975385619857,4.7262943925051095,4.742439494892337,4.724455798913235,9.703499999999998,9.713131147540983,9.978616952929555,4.6635605046345745,4.7033981358886,4.7130952511226,8.092346142710092
2022-12-06,sz001313,10.23,10.28,10.52,10.14,83554,85889870.72,3.65,-1.34,-0.14,8.36,4.921967245807445,-0.15201489953478386,10.202,10.264666666666667,10.207172402178486,4.877025160343271,4.943441280832255,4.885905238431418,10.005,10.11,10.097092812493086,4.680073715224145,4.7975169395344155,4.799719583859904,10.024000000000001,10.035142857142858,9.970199919336206,4.765650149922581,4.737504928973198,4.754835801877512,9.802666666666665,9.969935483870966,9.901106005902449,4.739350748775972,4.755063549944101,4.73719847290641,9.699333333333332,9.732032786885243,9.988498364308914,4.666387105960337,4.711870488058203,4.719943513243415,7.933941949048947
2022-12-07,sz001313,10.17,10.34,10.44,10.12,62250,63949405.7,3.11,0.58,0.06,6.22,4.794139355767774,-0.1278278900396712,10.291999999999998,10.310666666666666,10.251448268118992,4.948337796294007,4.9158126793070895,4.85531661087687,10.048,10.17090909090909,10.141257755676161,4.714914779370211,4.818256146905985,4.798704996934061,10.047500000000001,10.065238095238097,10.00541897463752,4.759509692742975,4.740218186672742,4.758578997486108,9.843333333333332,10.004602150537632,9.92942174745713,4.7486921777374675,4.758598298782283,4.740872078252305,9.696166666666667,9.753038251366121,10.000023008102064,4.670841828771034,4.716059086412543,4.722376163817984,7.805836512811391
2022-12-08,sz001313,10.28,10.16,10.36,10.15,46383,47123605.9,2.03,-1.74,-0.18,4.64,4.666358834886494,-0.1277805208812799,10.272,10.266666666666667,10.220965512079328,4.872305067752473,4.8218196921712515,4.792330685546745,10.080000000000002,10.191272727272727,10.144665436462313,4.740178786352753,4.809427793363491,4.774642058379958,10.041,10.07595238095238,10.020140977052995,4.733214598555198,4.731346676400695,4.749796124857574,9.876666666666667,10.025032258064517,9.94429776375022,4.752947492915604,4.75328647021125,4.736064772228704,9.689833333333333,9.768245901639345,10.005268155377406,4.672032063740891,4.715912103006494,4.720539530082525,7.673238515279782
2022-12-09,sz001313,10.18,10.1,10.2,10.01,32767,32917964.24,1.87,-0.59,-0.06,3.28,4.515436681141699,-0.15092215374479512,10.260000000000002,10.209333333333332,10.180643674719551,4.794376852589129,4.702863563300994,4.700032684078397,10.121,10.194909090909091,10.136544448014618,4.749445419663276,4.768565592416026,4.7275138079730015,10.036,10.08157142857143,10.027746598286043,4.7079619461811735,4.710605922361314,4.727476177837015,9.918333333333331,10.039440860215054,9.954343069314723,4.7528884123473425,4.737963192032288,4.721830701835994,9.687,9.781693989071039,10.008374117496178,4.669646120965487,4.710777828167177,4.713814846510695,7.517432969107899
2022-12-12,sz001313,10.06,10.1,10.17,10.04,25402,25532891.36,1.29,0.0,0.0,2.54,4.404867911689591,-0.11056876945210803,10.196000000000002,10.156,10.153762449813033,4.660554005858601,4.573027249667815,4.6016444266154615,10.168,10.191090909090908,10.12990000292105,4.747706065750874,4.705915136420811,4.668850917739654,10.0435,10.087666666666665,10.034627874639753,4.68504009116389,4.6817398238383054,4.696751581061069,9.955666666666668,10.051161290322579,9.963740290649257,4.754979135282546,4.715510256505983,4.701381489568485,9.6835,9.795234972677594,10.011378244791384,4.668302111413083,4.702096575404033,4.703685438811642,7.407099997357807
2022-12-13,sz001313,10.09,10.26,10.35,10.01,57150,58115734.32,3.37,1.58,0.16,5.71,4.7570162347313,0.3521483230417095,10.192,10.177333333333332,10.189174966542023,4.627563803643371,4.605181325958714,4.653435029320741,10.197,10.207818181818181,10.153554547844495,4.752294481993321,4.707607894417251,4.684880975374498,10.0535,10.108285714285714,10.056091886578823,4.687009457804377,4.688594694654251,4.702491071886806,9.989666666666666,10.070795698924734,9.98285382028479,4.757551488575708,4.715641682276869,4.704970827966086,9.681000000000001,9.814136612021858,10.019529777749044,4.67180548177958,4.705005235184958,4.705433989497533,7.764293729692181
2022-12-14,sz001313,10.23,10.15,10.24,10.05,46014,46335621.41,1.85,-1.07,-0.11,4.6,4.6628899881532755,-0.09412624657802482,10.154,10.163333333333332,10.176116644361349,4.6013139301204715,4.61695672079535,4.656586682264919,10.222999999999999,10.199272727272726,10.152908266418223,4.774825863207239,4.69135253190088,4.680882614061548,10.0475,10.117476190476191,10.065035516428459,4.670952132919807,4.686297602306525,4.69871954010266,10.016666666666667,10.081139784946236,9.993637444782545,4.7576487143376065,4.709534488701228,4.7022559350749376,9.673833333333333,9.829513661202187,10.023807489953994,4.668382610261869,4.704712923918521,4.704039104207557,7.665914991747427
2022-12-15,sz001313,10.25,10.05,10.3,10.02,39771,39966946.45,2.76,-0.99,-0.1,3.98,4.599566511001618,-0.06332347715165731,10.132,10.128666666666668,10.134077762907566,4.587955465343496,4.616374247755731,4.637579958510486,10.202000000000002,10.167818181818182,10.134197672524001,4.7301302665479845,4.659487195136221,4.6660978680506515,10.047,10.117714285714287,10.063603562482891,4.661878252026509,4.679498971647651,4.689276394473989,10.034999999999998,10.083290322580645,9.997273738667543,4.74933995449518,4.6993356368731,4.695630810941175,9.670833333333333,9.841846994535521,10.024666260775174,4.666136056886317,4.702456658369005,4.700613773282773,7.601700968611025
2022-12-16,sz001313,9.95,9.93,10.04,9.83,39325,38826518.0,2.09,-1.19,-0.12,3.93,4.594668731295324,-0.004897779706293903,10.097999999999999,10.061333333333334,10.066051841938378,4.603801875374222,4.618612003073008,4.623276216105432,10.178999999999998,10.118363636363636,10.097070822974182,4.699089363981675,4.634857825090283,4.653110752276955,10.053500000000001,10.10657142857143,10.050879413674997,4.654558444144349,4.673098064911349,4.680266140837926,10.047333333333333,10.076516129032257,9.992933497463186,4.743438009560283,4.689356848279562,4.689117128383378,9.668166666666668,9.850344262295083,10.02156244894648,4.667835227513777,4.7001134673660205,4.697140165348758,7.589128444339703
2022-12-19,sz001313,9.99,9.72,10.03,9.7,38620,37614836.64,3.32,-2.11,-0.21,3.86,4.586812269443376,-0.007856461851948104,10.022000000000002,9.935333333333334,9.95070122795892,4.640190746924979,4.612948801096058,4.61112156721808,10.108999999999998,10.034909090909093,10.02851249152433,4.65037237639179,4.614443807901502,4.64105648267085,10.0365,10.074809523809524,10.019367088563092,4.651199380560076,4.666646048273161,4.671365772133683,10.045,10.055397849462366,9.975324884723626,4.735010370974781,4.679251961820405,4.682516814903378,9.669166666666666,9.852043715846994,10.011675155538397,4.668283455522722,4.697456976937483,4.693522857286286,7.575359180032632
2022-12-20,sz001313,9.67,9.52,9.76,9.48,27334,26008824.0,2.88,-2.06,-0.2,2.73,4.436703190083218,-0.15010907936015805,9.873999999999999,9.767999999999999,9.807134151972614,4.576128137995363,4.545119615482139,4.5529821081731265,10.033000000000001,9.927818181818182,9.93605567488354,4.601845970819367,4.575594864936307,4.6039013385640075,10.019,10.025619047619049,9.971808318223749,4.640959843021756,4.646217839656316,4.6490169547955436,10.027,10.02152688172043,9.945949085709199,4.711048756888177,4.660006337246757,4.666657871366594,9.6645,9.847153005464481,9.995554658635497,4.668352634947825,4.689864181349304,4.685102540328808,7.415120715830745
2022-12-21,sz001313,9.58,9.61,9.86,9.51,40531,39073040.0,3.68,0.95,0.09,4.05,4.607787318992725,0.17108412890950664,9.766,9.68,9.741422767981742,4.565107604163253,4.555672675814592,4.57125051177966,9.96,9.85090909090909,9.876772824904716,4.583210767141862,4.576675110058735,4.604607880460137,10.004000000000001,9.986666666666666,9.93735038315482,4.649062773256037,4.643058551653551,4.6450903228143225,10.018333333333334,9.99462365591398,9.924274951147314,4.700743384209271,4.653344308995437,4.662859771213442,9.661333333333333,9.845366120218577,9.982913522286792,4.671754598941782,4.687878433285201,4.6825676150391,7.591877201955876
2022-12-22,sz001313,9.64,9.65,9.94,9.56,62144,60253118.43,3.95,0.42,0.04,6.21,4.793399203891892,0.18561188489916702,9.686000000000002,9.641333333333334,9.71094851198783,4.603874142741307,4.63176987572414,4.645300075817071,9.908999999999999,9.794545454545455,9.835541402194766,4.595914804042402,4.614891189467832,4.6389335756295464,9.9945,9.95295238095238,9.909983679997218,4.6680467951975775,4.656804878380776,4.659214978155044,9.996999999999998,9.970860215053763,9.90657979300878,4.687448000384266,4.659322103813671,4.671281670095922,9.658666666666667,9.844994535519128,9.971998324834766,4.6777874506847015,4.691866780988484,4.686201437624438,7.779979528954689
2022-12-23,sz001313,9.66,9.32,9.71,9.25,42461,39837556.0,4.77,-3.42,-0.33,4.25,4.627990218029882,-0.16540898586201003,9.563999999999998,9.519333333333332,9.58063234132522,4.610538440088218,4.639808567486997,4.639530123221341,9.831,9.687454545454546,9.741806601795718,4.60717015773122,4.620723082920101,4.636943874247789,9.976,9.888714285714284,9.853794758092722,4.678307788697248,4.652989966269566,4.6562411914764565,9.967666666666666,9.927182795698927,9.86873593539531,4.674364683364522,4.6554861178553235,4.6684886731884365,9.6565,9.833890710382512,9.950621330577889,4.6795921227917665,4.690234084835867,4.684292873047567,7.60029268697376
2022-12-26,sz001313,9.36,9.68,9.98,9.36,47535,45688476.51,6.65,3.86,0.36,4.75,4.677013498245982,0.04902328021610014,9.556000000000001,9.558,9.613754894216815,4.628578685848739,4.661966920206252,4.6520245815628885,9.789,9.659999999999998,9.73056903783286,4.634384716386859,4.633421872104603,4.644229260429278,9.9785,9.86052380952381,9.837242876369604,4.691045391068867,4.652866700512303,4.658219506406887,9.958666666666666,9.908623655913978,9.856559423434323,4.668154966238212,4.6556570091379985,4.669038661901826,9.666333333333334,9.834661202185792,9.941748500067138,4.682172190824826,4.690149539768792,4.684054205021286,7.659806676673972
2022-12-27,sz001313,9.59,9.85,10.04,9.51,67834,65783955.03,5.48,1.76,0.17,6.78,4.831447427071039,0.1544339288250569,9.622,9.656,9.692503262811211,4.707527533246304,4.729589833947019,4.7118321967322725,9.748000000000001,9.67109090909091,9.752283758226884,4.641827835620833,4.669251455865363,4.678268927091416,9.9725,9.848285714285714,9.83845784052488,4.6970611588070765,4.666238322988701,4.674717403612997,9.951666666666666,9.901612903225807,9.856136234825657,4.67194891707653,4.666192006611084,4.679516646751453,9.674333333333333,9.840683060109289,9.938740352523954,4.6867492990786515,4.6950438098096505,4.688886769678655,7.818119980366915
2022-12-28,sz001313,9.79,9.74,9.96,9.68,45110,44007764.04,2.84,-1.12,-0.11,4.51,4.65427282709771,-0.17717459997332874,9.648,9.695333333333334,9.708335508540808,4.716824634867301,4.711838265230821,4.692645740187419,9.707,9.669636363636362,9.750050347640178,4.6409661195152765,4.671514181588432,4.673905999819833,9.965,9.826142857142859,9.829080903332034,4.707895991361258,4.662163243778284,4.672770301087731,9.934000000000001,9.88795698924731,9.848643574514325,4.660956795118297,4.665051613709225,4.677888013225405,9.685666666666666,9.84283606557377,9.932224275392022,4.688667780314421,4.69397900744962,4.687751886315345,7.643529303355982
2022-12-29,sz001313,9.67,9.5,9.74,9.49,31524,29934630.12,2.57,-2.46,-0.24,3.15,4.498641318833695,-0.1556315082640154,9.618,9.645999999999999,9.638890339027206,4.657873057855662,4.6391104932196185,4.627977599736178,9.652,9.632,9.704586648069236,4.630873600298484,4.645636945100871,4.642039694185989,9.927000000000001,9.781857142857142,9.79773986491946,4.680501933423234,4.642234227347088,4.656186588492108,9.915333333333335,9.859956989247312,9.826150440674692,4.651543368117166,4.6545796474973145,4.666323710361424,9.694666666666668,9.83674863387978,9.91805298767425,4.6884099814195395,4.687748631663368,4.681551539840537,7.476173896260377
2022-12-30,sz001313,9.52,9.46,9.6,9.35,27468,25765559.31,2.63,-0.42,-0.04,2.75,4.4388270387221676,-0.05981428011152712,9.645999999999999,9.593333333333334,9.579260226018139,4.620040421994118,4.566095153508454,4.564927412731508,9.605,9.597090909090909,9.660116348420283,4.615289431041168,4.610719388450631,4.605091938647112,9.892,9.737380952380953,9.76557416349856,4.657189397511422,4.619217570708892,4.635485678990209,9.904,9.830580645161291,9.802527831598905,4.641468773109954,4.640856013342798,4.651646505739537,9.704500000000001,9.829054644808743,9.903034856930832,4.689311007618782,4.679565584361814,4.673593359476,7.411039574416352
2023-01-03,sz001313,9.46,9.53,9.56,9.4,22527,21217746.19,1.69,0.74,0.07,2.28,4.352703359047548,-0.08612367967461942,9.616,9.554666666666666,9.56284015067876,4.555178394154432,4.476982799192929,4.494186061503521,9.586,9.583454545454543,9.636458830525687,4.591878540001586,4.562976466269973,4.559203105992646,9.8475,9.702904761904762,9.743138528879648,4.621125458196688,4.590218900378999,4.60855402947186,9.886333333333335,9.806451612903226,9.78494539085059,4.631425767040579,4.622225986629095,4.632359851114247,9.7145,9.823333333333332,9.89080420588392,4.686197686059369,4.668529268015217,4.663072375855395,7.326699250006849
2023-01-04,sz001313,9.55,9.6,9.72,9.47,28824,27513617.99,2.62,0.73,0.07,2.91,4.459754249114512,0.10705089006696422,9.565999999999999,9.549333333333333,9.575226767119174,4.4808397585631266,4.44517475084629,4.482708790707186,9.594,9.586,9.629829952248288,4.594183645904716,4.538953867926869,4.541121495651167,9.8135,9.679333333333332,9.729506288033967,4.5980148083620405,4.574850213799744,4.594382621818779,9.877333333333333,9.787978494623655,9.773013430150552,4.625367777316075,4.611150404827414,4.621224005823942,9.726833333333333,9.819579234972679,9.881269641756578,4.686386198545236,4.661104893033418,4.656406207765531,7.4395477030679205
2023-01-05,sz001313,9.7,9.57,9.75,9.5,28795,27457322.0,2.6,-0.31,-0.03,2.91,4.459317082865925,-0.0004371662485871397,9.532,9.550666666666666,9.573484511412783,4.44184860971677,4.43800052561389,4.474911554760099,9.59,9.581636363636363,9.618951779112235,4.579336622292035,4.5144326746470895,4.52624796605385,9.775,9.656142857142859,9.714315212983113,4.581273694716948,4.561640906609637,4.581519237156603,9.865999999999998,9.76815053763441,9.759915789495679,4.625820722934703,4.600437456798372,4.610778397891167,9.732499999999998,9.814437158469946,9.871064079731772,4.681563802587777,4.6536600039947515,4.649944269244232,7.438658176843263
2023-01-06,sz001313,9.54,9.42,9.54,9.39,33429,31408667.6,1.57,-1.57,-0.15,3.38,4.524123385238168,0.06480630237224272,9.516,9.513333333333332,9.522323007608522,4.446945022997665,4.4654254507876905,4.4913154982527885,9.567,9.550727272727272,9.582778728364556,4.552409040426663,4.504393904273659,4.5258616786328165,9.738,9.622333333333334,9.686285192699007,4.574161922234532,4.556198019992611,4.5760529655453235,9.852,9.739376344086022,9.737985738560473,4.629500876940606,4.593876338237305,4.6051877519135545,9.733333333333333,9.804191256830602,9.856275093511057,4.678932515867075,4.6484980230980435,4.645818994358787,7.497049513404517
2023-01-09,sz001313,9.37,9.46,9.48,9.36,16149,15147369.12,1.27,0.42,0.04,1.63,4.2081456345353505,-0.3159777507028174,9.516,9.494666666666667,9.501548671739016,4.400808742160301,4.385825654633584,4.396925543680309,9.581,9.531272727272727,9.560455323207364,4.51042458207721,4.441800557747966,4.468095125160549,9.706,9.595857142857144,9.664734221965768,4.558797369904215,4.521339325926022,4.541014172115802,9.844333333333333,9.714086021505377,9.72005117478238,4.622346719823901,4.566692129049869,4.5795721314375415,9.734666666666666,9.795229508196721,9.843282467494301,4.673107016547523,4.633062387644544,4.6314690481350675,7.180337208687474
2023-01-10,sz001313,9.44,9.34,9.46,9.32,24987,23252295.0,1.48,-1.27,-0.12,2.53,4.397714116804471,0.18956848226912015,9.478,9.436000000000002,9.447699114492679,4.409810893711684,4.384794112848308,4.397188401388363,9.547,9.487454545454547,9.52037253716966,4.482494643933059,4.421307745880195,4.455298578186717,9.668000000000001,9.561,9.633807153207124,4.5584396801599585,4.505998063726047,4.527366547800437,9.834666666666667,9.681548387096774,9.69553174415126,4.621528475356931,4.552199703048615,4.567839356299925,9.732833333333334,9.782289617486338,9.826781402986292,4.673241511309606,4.624033112243133,4.623804952025867,7.36646582417853
2023-01-11,sz001313,9.34,9.27,9.35,9.27,18323,16933725.0,0.86,-0.75,-0.07,1.85,4.262996581601494,-0.13471753520297636,9.412,9.366666666666667,9.388466076328452,4.3704593602090815,4.335856008811578,4.35245779479274,9.489,9.437090909090909,9.474850257684267,4.425649559386104,4.381399007274456,4.420334578807585,9.618500000000001,9.523095238095237,9.599158852901684,4.533738697503468,4.477860625768097,4.502188455781489,9.811333333333332,9.645118279569893,9.668078083238276,4.606590625666754,4.529068613128909,4.54817208051293,9.722,9.767114754098362,9.808526275019528,4.657402104155851,4.61058245881008,4.611975169389002,7.228752502645256
2023-01-12,sz001313,9.28,9.19,9.32,9.17,17815,16324533.0,1.62,-0.86,-0.08,1.8,4.250785826687034,-0.012210754914460331,9.335999999999999,9.292666666666666,9.322310717552302,4.328753108973304,4.295964830970896,4.318567138757505,9.434000000000001,9.382727272727275,9.423059301741672,4.385300859345037,4.34960560132917,4.389507532967485,9.5705,9.482285714285714,9.560191343101526,4.513133489430157,4.45091273330939,4.478245348248684,9.788,9.605032258064517,9.637234335932582,4.600364280689184,4.506113464807638,4.528985870588679,9.716666666666667,9.749672131147541,9.788246725018887,4.644468079185686,4.597250777581594,4.60013289585779,7.21284076615391
2023-01-13,sz001313,9.18,9.23,9.31,9.18,14410,13220255.96,1.41,0.44,0.04,1.46,4.158663980813989,-0.09212184587304506,9.298,9.257333333333333,9.291540478368201,4.255661228088467,4.239268454917791,4.2652660861096665,9.407,9.345636363636363,9.387957610515913,4.351303125543066,4.308398896141708,4.347535978030486,9.5295,9.449857142857143,9.528744548520427,4.491088362920775,4.417153732488802,4.447809027540618,9.753666666666668,9.569032258064516,9.61096115296919,4.570768997463178,4.4776166712673025,4.505094135764505,9.715833333333332,9.733715846994533,9.76994355370679,4.634475052796438,4.581322774356292,4.585658505200616,7.121239863692698
2023-01-16,sz001313,9.3,9.32,9.34,9.2,16689,15411129.66,1.52,0.98,0.09,1.69,4.222430314660491,0.06376633384650177,9.27,9.264666666666667,9.301026985578801,4.258518164113496,4.228191483775132,4.2509874956266085,9.392999999999999,9.329818181818181,9.3756016813312,4.329663453136898,4.284967475981238,4.324789493781395,9.498999999999999,9.429904761904762,9.508864115328006,4.472476442089034,4.391567251702108,4.426344388218702,9.725666666666665,9.54105376344086,9.592189465680857,4.548014082719914,4.455143207860678,4.486857760209407,9.719166666666666,9.720737704918033,9.75519130604427,4.627820806627473,4.567813110810851,4.5737493841993,7.187834474352613
2023-01-17,sz001313,9.32,9.19,9.33,9.18,17243,15808599.0,1.61,-1.39,-0.13,1.74,4.236612828199769,0.014182513539278574,9.239999999999998,9.238,9.264017990385868,4.226297906392555,4.220889705137222,4.246195939817662,9.359,9.292909090909092,9.341855921089163,4.318054400052121,4.2680491805381235,4.3087573727665545,9.4725,9.40047619047619,9.478496104344387,4.454966470026853,4.369104050379321,4.4082747158359465,9.684666666666667,9.506494623655913,9.566241758217577,4.5201017721484975,4.435052804343249,4.470712925886205,9.723333333333334,9.703387978142077,9.736660443551015,4.623198082326804,4.554986619714861,4.562695726625545,7.198893383307957
2023-01-18,sz001313,9.25,9.19,9.25,9.18,9556,8735694.0,0.76,0.0,0.0,0.97,3.9802761410778404,-0.2563366871219288,9.224,9.221333333333332,9.239345326923912,4.169753818287825,4.138882450032317,4.157556006904388,9.318,9.26218181818182,9.314245753618405,4.270106589248453,4.20663495163371,4.2490335124595155,9.456,9.373571428571429,9.451020284883018,4.432145117576584,4.323895447622272,4.367512946811365,9.648333333333333,9.474580645161291,9.54196809639709,4.488712068657512,4.400225344274174,4.439071842995343,9.7255,9.685901639344262,9.718737150319834,4.614031408716742,4.53390721180506,4.543600002509227,6.941297412856199
2023-01-19,sz001313,9.2,9.2,9.24,9.16,10810,9869228.0,0.87,0.11,0.01,1.09,4.03382569395331,0.0535495528754697,9.226,9.213333333333333,9.226230217949276,4.12636179174108,4.093573075254146,4.1163125692540286,9.281,9.240727272727272,9.293473798415057,4.2275574503571915,4.1636747888527745,4.2099048181856595,9.4355,9.349190476190477,9.427113591084636,4.4034470363246125,4.285960264420056,4.335733208443932,9.610333333333333,9.445655913978495,9.519905638565021,4.463368279930363,4.370877836228742,4.412926930153922,9.726833333333333,9.66867213114754,9.70172937489951,4.606030228833915,4.514884073616094,4.526886090753296,6.994283182208361
2023-01-20,sz001313,9.21,9.32,9.34,9.17,20915,19259688.0,1.85,1.3,0.12,2.11,4.320457868916649,0.2866321749633389,9.244,9.244666666666665,9.257486811966185,4.158720569361612,4.158271767646002,4.184361002474903,9.271,9.247818181818182,9.298296744157774,4.20719089872504,4.180565774045403,4.230005372864021,9.419,9.338190476190476,9.416912296695623,4.379799969575852,4.278056534190726,4.334278414203238,9.582333333333333,9.426924731182798,9.507008500593084,4.451838247731368,4.361657809711728,4.4069611842676455,9.7295,9.655333333333333,9.68921365768969,4.602392870323485,4.5055210454220855,4.520117952332422,7.284649247431513
2023-01-30,sz001313,9.45,9.5,9.52,9.35,35159,32986964.06,1.82,1.93,0.18,3.55,4.546036514278356,0.2255786453617068,9.28,9.33,9.33832454131079,4.223441809285185,4.28737708261825,4.304919506409387,9.275,9.289454545454547,9.334970063401814,4.24097998669934,4.24217406778237,4.2874655803939,9.428,9.34590476190476,9.42482541129604,4.375702284388275,4.293888586067155,4.354445852305631,9.562333333333333,9.421612903225807,9.506556339264499,4.452858242169257,4.367735117230888,4.415933786203821,9.740333333333332,9.6478087431694,9.68300993120806,4.6028733272582985,4.503673296043557,4.520967741248682,7.518342347292512
2023-01-31,sz001313,9.48,9.5,9.56,9.43,20642,19525251.0,1.37,0.0,0.0,2.09,4.314751773715044,-0.2312847405633116,9.342,9.403333333333334,9.39221636087386,4.23906959838824,4.317813737428204,4.308196928844607,9.291,9.330363636363636,9.364975506419665,4.232683752390398,4.255587119967043,4.292426706452289,9.419,9.352761904761905,9.431984895934512,4.357589198161728,4.2880837755268475,4.350665463868432,9.542333333333334,9.417591397849463,9.506133349634533,4.449854370903439,4.3588250224919065,4.409405914430352,9.748999999999999,9.639928961748634,9.67700960559468,4.602416753092992,4.494226687730663,4.514206561985284,7.290596625505256
2023-02-01,sz001313,9.5,9.6,9.61,9.48,26445,25151016.72,1.37,1.05,0.1,2.67,4.422343571355003,0.10759179763995874,9.424,9.489333333333333,9.461477573915907,4.3274830844436725,4.378905061750458,4.346245809681406,9.324,9.386545454545454,9.40770723252518,4.248618451365749,4.2900707234151545,4.316047954616419,9.4065,9.370000000000001,9.44798633441694,4.337134005375927,4.294250858688111,4.357491950295724,9.520333333333333,9.42131182795699,9.512189262561337,4.438698615457562,4.357050132198459,4.410240601973879,9.754999999999999,9.635043715846994,9.674484700493215,4.598125052016636,4.4883226489851555,4.5111946606531435,7.400555545931137
2023-02-02,sz001313,9.61,9.76,9.88,9.57,46310,44749054.76,3.23,1.67,0.16,4.68,4.665674780993894,0.24333120963889066,9.536,9.601333333333333,9.56098504927727,4.453852901851789,4.491635627267198,4.4527221334522356,9.381,9.465818181818182,9.471760462975148,4.290107346796434,4.3658991469839075,4.379616468503232,9.407499999999999,9.403666666666668,9.477701921615328,4.337704103070736,4.325540456366013,4.386842696076503,9.507333333333332,9.436774193548388,9.52817705207351,4.4387914418855825,4.371693755781449,4.4267202264267835,9.762,9.635207650273225,9.677288480804913,4.598220078111594,4.490537394197524,4.516259582631529,7.650783866090999
2023-02-03,sz001313,9.76,9.71,9.8,9.64,26612,25666769.0,1.64,-0.51,-0.05,2.69,4.425077514774012,-0.24059726621988187,9.614,9.659333333333334,9.61065669951818,4.474776831023261,4.482043831574606,4.443507260559494,9.429,9.525636363636366,9.51507674243421,4.316748700192436,4.390439177525285,4.387882113279737,9.418,9.43247619047619,9.499825548128154,4.334025912867752,4.333861733671086,4.3904841073810275,9.496,9.449849462365592,9.539907564842961,4.432975142011329,4.370808986290379,4.426614245029831,9.765500000000001,9.633502732240435,9.678360989630981,4.591157548253254,4.484860588842194,4.5132700066361995,7.409371201987107
2023-02-06,sz001313,9.65,9.68,9.77,9.59,26531,25471018.0,1.85,-0.31,-0.03,2.68,4.423753619612828,-0.0013238951611835859,9.65,9.681333333333333,9.633771133012122,4.450320252090156,4.465036094437794,4.436922713577273,9.465,9.571272727272726,9.545062789264353,4.336881030687671,4.409894617419901,4.394404205340298,9.429,9.45742857142857,9.516985019734996,4.333272241912285,4.342407229551571,4.393652632355485,9.487666666666666,9.461720430107526,9.548945786465996,4.427277971621913,4.370214049361444,4.426429688551315,9.7675,9.630699453551912,9.678414727675866,4.585357990591097,4.479371935444147,4.510335043127236,7.406046302755037
2023-02-07,sz001313,9.68,9.64,9.73,9.56,22148,21159019.92,1.76,-0.41,-0.04,2.24,4.345334514839895,-0.07841910477293279,9.678,9.678,9.635847422008082,4.456436800315126,4.430040848687708,4.406393313998147,9.51,9.60309090909091,9.562324100307197,4.347753199351683,4.411431614538488,4.385482443431134,9.4345,9.477523809523811,9.528700732141187,4.332903799701902,4.343556017449439,4.389050906877809,9.485000000000001,9.471548387096773,9.554820251855286,4.419228713135129,4.364927374730346,4.421197741860256,9.764999999999999,9.626519125683059,9.677155228407806,4.577119542054955,4.4715023132883704,4.504925189740766,7.325495547427727
2023-02-08,sz001313,9.68,9.51,9.68,9.5,19228,18284513.85,1.87,-1.35,-0.13,1.94,4.283934113456609,-0.06140040138328651,9.66,9.621999999999998,9.59389828133872,4.428754908735447,4.372539953068202,4.365573580484301,9.542,9.60309090909091,9.55281062752407,4.37811899658956,4.399828144375747,4.367019110708493,9.430000000000001,9.484714285714286,9.526919710032503,4.324112792919007,4.338892237807029,4.379039783694838,9.484666666666667,9.473161290322581,9.551928622703333,4.414136410580909,4.3561986908801185,4.412342023898731,9.755833333333332,9.618158469945353,9.671674729115745,4.562592583734543,4.461889676285145,4.497679580682269,7.262083417773918
2023-02-09,sz001313,9.52,9.55,9.57,9.48,18485,17502688.0,0.95,0.42,0.04,1.87,4.266819454909125,-0.017114658547483508,9.618,9.585333333333333,9.57926552089248,4.348983843518494,4.318561468459428,4.332655538625909,9.577,9.604545454545455,9.552299604337875,4.401418372685141,4.379591864070213,4.348800991472244,9.428999999999998,9.496142857142857,9.52911783288655,4.314487911521167,4.333435729425135,4.368352133334294,9.482666666666667,9.477376344086023,9.551804195432151,4.402770815111456,4.346694371159359,4.402953471060692,9.750499999999999,9.611409836065574,9.667685393734901,4.551757099660364,4.4521921966515245,4.4901103962306905,7.2431047511960935
2023-02-10,sz001313,9.56,9.59,9.65,9.53,18504,17653340.85,1.26,0.42,0.04,1.87,4.267265619762563,0.00044616485343773604,9.594,9.575999999999999,9.582843680594987,4.317421464516205,4.291322060540784,4.310858899004794,9.604,9.60690909090909,9.559154221730989,4.396099147769734,4.355200454447926,4.333976378434119,9.4375,9.511476190476191,9.534916134516404,4.301645023247387,4.328938368305269,4.358724846327462,9.480666666666668,9.484301075268817,9.554268440888142,4.385233028973812,4.337952100491688,4.394199416138232,9.738833333333334,9.606147540983608,9.665138331645231,4.536340514679039,4.442864607146679,4.482804010116982,7.246826906631514
2023-02-13,sz001313,9.6,9.73,9.74,9.6,29547,28446866.62,1.46,1.46,0.14,2.99,4.470513392168665,0.20324777240610192,9.604000000000001,9.621333333333332,9.631895787063325,4.326773419027372,4.342352703091605,4.364077063392751,9.626999999999999,9.629818181818184,9.590217090507172,4.388546835558764,4.368730317065915,4.358801290022218,9.450999999999999,9.539333333333335,9.553495550276747,4.314763411129052,4.345021070107295,4.369371374502815,9.494333333333335,9.500387096774192,9.565605960830842,4.379983801445104,4.343454059407485,4.399122898462776,9.731,9.605857923497268,9.667264943722436,4.527174242404813,4.440706340834863,4.482401039036709,7.454034436474973
2023-02-14,sz001313,9.75,9.64,9.79,9.62,27501,26390324.8,1.75,-0.92,-0.09,2.78,4.439348486069748,-0.0311649060989172,9.604000000000001,9.633333333333333,9.634597191375551,4.3455762132733415,4.379877725439063,4.389167537618416,9.641000000000002,9.632181818181818,9.599268528596777,4.401006506794234,4.377966980795184,4.373446234758132,9.466,9.557333333333332,9.56173406929801,4.316845129592316,4.356886315339742,4.376035861318713,9.493,9.509784946236557,9.57040557626111,4.372061634372563,4.347284039060687,4.401718097663227,9.725833333333332,9.602874316939891,9.666371011141374,4.520108300305389,4.437826807840271,4.480989479923038,7.421444735350011
2023-02-15,sz001313,9.66,9.55,9.68,9.53,23655,22492545.23,1.56,-0.93,-0.09,2.39,4.373922952384584,-0.0654255336851639,9.612,9.615333333333334,9.606398127583702,4.363573981058937,4.389326638476144,4.384086009207139,9.636,9.615636363636364,9.590310614306453,4.396164444897193,4.373042698175247,4.373532910690215,9.48,9.565333333333335,9.560616538888677,4.322391448131471,4.362322298462816,4.375834631896415,9.483,9.513462365591398,9.569089087470072,4.356810818549682,4.347404124093721,4.399924862483959,9.717333333333332,9.597109289617485,9.662555568153133,4.514379867813106,4.43303384561336,4.477479101970958,7.352038602469874
2023-02-16,sz001313,9.53,9.37,9.66,9.27,40948,38790673.45,4.08,-1.88,-0.18,1.88,4.612232694614741,0.23830974223015744,9.575999999999999,9.534666666666665,9.527598751722469,4.432656629000061,4.472212876328078,4.460134904343007,9.597,9.567272727272728,9.550254138978007,4.390820236259278,4.412327834487528,4.416932871403764,9.489,9.554857142857143,9.542462582804042,4.340463791527855,4.389926226699319,4.398348733107684,9.470666666666666,9.506172043010755,9.55624463021394,4.355409480800249,4.363882954807596,4.413622141976268,9.702333333333334,9.585721311475412,9.652963582312047,4.508183137959273,4.436242135016691,4.481897252549443,7.588727319509311
2023-02-17,sz001313,9.38,9.46,9.58,9.36,22814,21468072.63,2.35,0.96,0.09,1.05,4.358201437211247,-0.2540312574034944,9.55,9.496,9.505065834481647,4.450843792489797,4.4473944790651405,4.426157081965753,9.572,9.542363636363635,9.53384429552746,4.384132628503001,4.406397143751524,4.406254428823306,9.500499999999999,9.552095238095239,9.534609003489372,4.350440664347719,4.391615526288212,4.394525181117547,9.469333333333333,9.505483870967742,9.550035299232395,4.350728151412835,4.364063081027661,4.41004661263659,9.692333333333334,9.577775956284153,9.646636907482144,4.501135759765002,4.4313247022052815,4.477841652046551,7.331793055906728
2023-02-20,sz001313,9.64,9.69,9.79,9.58,51184,49230693.0,2.22,2.43,0.23,2.35,4.7091342227400315,0.3509327855287845,9.542,9.542666666666666,9.566710556321098,4.49856795860407,4.533491289148553,4.52048279555718,9.572999999999999,9.563818181818181,9.562236241795194,4.412670688815721,4.465488342703711,4.461323482262711,9.519,9.570142857142859,9.549408146014194,4.374775859751695,4.425776817563671,4.424487946986355,9.477,9.519720430107524,9.55906527992708,4.359738390880096,4.387186053371351,4.429342587481973,9.690499999999998,9.577699453551913,9.648058648220433,4.500603581995026,4.438144323942167,4.485425015020107,7.692235949198668
2023-02-21,sz001313,9.69,9.67,9.74,9.61,27840,26710248.42,1.34,-0.21,-0.02,1.28,4.4446692309385245,-0.26446499180150695,9.547999999999998,9.585333333333333,9.601140370880733,4.499632107577826,4.51552504659337,4.495211607350962,9.576,9.581454545454546,9.581829652377886,4.422604160425584,4.4713062594533115,4.458295436567404,9.543000000000001,9.584523809523809,9.560893084489033,4.385178679888634,4.432433329105273,4.4264099740294185,9.481666666666666,9.532172043010755,9.566222358641461,4.362803919943129,4.392665462407378,4.430331403188848,9.684,9.577027322404371,9.64877803680337,4.497114843491855,4.436310410792774,4.484088759804318,7.426677927217685
2023-02-22,sz001313,9.66,9.7,9.71,9.59,21620,20774948.9,1.24,0.31,0.03,0.99,4.334855689617291,-0.10981354132123311,9.578,9.636,9.634093580587155,4.4918186550243675,4.460599573939859,4.441759634773072,9.595,9.604000000000001,9.60331517012736,4.427696318041653,4.455351992033622,4.435851846212838,9.5685,9.59947619047619,9.574141362156745,4.402907657315606,4.427640663365145,4.417690518371121,9.485000000000001,9.54625806451613,9.57485317421298,4.358640634626555,4.390862350773454,4.424171679732619,9.681166666666666,9.577551912568305,9.650457445432766,4.492004205971315,4.430990438534592,4.479195872257202,7.31753996422629
2023-02-23,sz001313,9.69,9.74,9.77,9.67,33158,32085601.18,1.03,0.41,0.04,1.52,4.520588327211205,0.18573263759391345,9.652,9.69,9.669395720391437,4.47348978154366,4.470189464668804,4.468035865585783,9.614,9.630363636363638,9.62816695737693,4.453073205271861,4.472241448246268,4.451258479121632,9.595500000000001,9.615809523809522,9.589937422903722,4.427245788978501,4.438848346212345,4.427490309689224,9.490666666666668,9.562709677419356,9.585507808134723,4.360683009438064,4.401310589004721,4.430392108602206,9.678333333333335,9.579480874316943,9.653393266893987,4.493251866186384,4.431927622837539,4.4805530019278255,7.506310180972094
2023-02-24,sz001313,9.74,9.93,10.26,9.69,77053,76257960.17,5.85,1.95,0.19,3.54,4.886789552309233,0.36620122509802844,9.745999999999999,9.782666666666668,9.756263813594291,4.579207404563258,4.607956054923997,4.607620427826934,9.648,9.68781818181818,9.683045692399306,4.515025598526527,4.551098965889427,4.5304459469739236,9.626,9.647666666666666,9.622324335008129,4.45556237314813,4.482614418910511,4.471233094700653,9.507666666666667,9.591053763440858,9.60773311083571,4.372771881673767,4.435252946609312,4.4598371049704015,9.679833333333333,9.58773224043716,9.662462340110578,4.5011363793071855,4.4448304977923865,4.493872233087872,7.88228518411676
2023-02-27,sz001313,9.97,10.06,10.25,9.97,105126,105886424.47,2.82,1.31,0.13,4.83,5.021710140006124,0.13492058769689041,9.819999999999999,9.887333333333334,9.857509209062862,4.641722588016475,4.755456966738285,4.745650331886663,9.681000000000001,9.762727272727274,9.751582839235796,4.570145273310272,4.643223427976626,4.6197667093434145,9.654,9.689,9.66400773167402,4.479346054434518,4.536533253849367,4.523659479967842,9.527666666666669,9.626688172043012,9.636911619814052,4.399890698522793,4.477119931017851,4.496086978198513,9.686,9.600196721311473,9.675496361746296,4.511118709173347,4.461898489946449,4.511178393970438,8.024840283472018
2023-02-28,sz001313,9.99,9.91,10.03,9.81,55939,54955218.66,2.19,-1.49,-0.15,2.57,4.747714698389392,-0.27399544161673184,9.867999999999999,9.917333333333334,9.875006139375241,4.702331681506649,4.7907876701959236,4.74633845405424,9.708,9.804363636363636,9.780385959374742,4.600981894542238,4.675508777991012,4.643029980079047,9.6745,9.713380952380954,9.687435566752685,4.500994200668235,4.56209217232126,4.5449980721984655,9.546666666666665,9.651354838709677,9.654530224987338,4.411557384575624,4.499560189073761,4.512321024662441,9.690666666666665,9.607540983606556,9.683185005623466,4.516542929966277,4.469655735494517,4.518933682639911,7.740008940210371
2023-03-01,sz001313,9.96,9.9,9.96,9.78,31352,30636367.12,1.82,-0.1,-0.01,1.44,4.496265250470046,-0.2514494479193461,9.908,9.928,9.883337426250161,4.7346135936772,4.722098859850389,4.662980719526176,9.743,9.839272727272729,9.802133966761152,4.613216124350783,4.656469388159704,4.616345483786501,9.689499999999999,9.734857142857141,9.707679798490524,4.504690284623988,4.561641796111908,4.540356851081473,9.567666666666668,9.674150537634409,9.670366984665575,4.419333006871241,4.505025212679853,4.511285168262932,9.6895,9.6144043715847,9.69029369396368,4.512961816268997,4.468990893543821,4.518190455355653,7.486237265096388
2023-03-02,sz001313,9.9,9.8,9.92,9.78,27088,26391248.93,1.41,-1.01,-0.1,1.24,4.43277694076486,-0.06348830970518549,9.92,9.892,9.855558284166776,4.7170513163879315,4.621486642212943,4.5862461266057375,9.786,9.849636363636364,9.801745972804579,4.595270548965795,4.6236622638713545,4.582969385055293,9.691500000000001,9.745380952380952,9.716472198634284,4.493045392612536,4.554792906220562,4.530111145337034,9.588,9.689139784946237,9.678730405009732,4.425399377340502,4.505892563253635,4.506220121327573,9.688,9.618027322404371,9.693890622030443,4.512881829014843,4.46636188123221,4.515390012254315,7.421459943102688
2023-03-03,sz001313,9.84,9.76,9.84,9.71,25644,24829343.0,1.33,-0.41,-0.04,1.18,4.408985768211695,-0.02379117255316565,9.886,9.838666666666665,9.82370552277785,4.621490559568423,4.518798126154197,4.52715934047439,9.815999999999999,9.84490909090909,9.794155795931019,4.6003489820658405,4.589792303734245,4.551336000174638,9.693999999999999,9.751904761904763,9.720617703526257,4.49224080528442,4.546787227706196,4.51857539513462,9.605666666666668,9.700236559139784,9.683973604686523,4.433743436920426,4.504833620729195,4.499946937255581,9.679666666666666,9.620387978142075,9.69605814261961,4.5022562171918015,4.4629554530091555,4.511901348515212,7.394965228002023
2023-03-06,sz001313,9.76,9.79,9.81,9.72,22918,22262803.9,0.92,0.31,0.03,1.05,4.360176715090179,-0.04880905312151551,9.832,9.806666666666667,9.812470348518566,4.489183874585235,4.431693511328116,4.47149846534632,9.826,9.840181818181817,9.793400196670833,4.565453231300855,4.546124618829579,4.516579766522918,9.6995,9.76104761904762,9.727225541285662,4.489061960058288,4.534209695306745,4.503489806558959,9.621333333333332,9.712129032258066,9.690814017287392,4.4383349836014165,4.500087380611114,4.490929503567491,9.673499999999999,9.624005464480874,9.699138203517327,4.493174533160665,4.458297108677955,4.5069267703701295,7.34757986087971
2023-03-07,sz001313,9.74,9.57,9.81,9.56,28983,27894998.0,2.55,-2.25,-0.22,1.33,4.462143336829198,0.10196662173901849,9.764,9.719333333333333,9.731646899012379,4.432069602273195,4.42267999874277,4.468380089173946,9.815999999999999,9.793636363636365,9.752781979094317,4.567200641889922,4.527341001652914,4.506682233851333,9.696000000000002,9.748714285714286,9.712251680210837,4.494902401157753,4.5316460169039745,4.499552047537077,9.633999999999999,9.708817204301075,9.683019564559174,4.445852667222397,4.501623403400004,4.48907233151986,9.659333333333334,9.620612021857927,9.694904164057743,4.4829772196854485,4.457279692404792,4.505458461073705,7.445526334608585
2023-03-08,sz001313,9.51,9.59,9.62,9.51,15239,14470563.38,1.15,0.21,0.02,0.7,4.182956469055351,-0.2791868677738467,9.702000000000002,9.661333333333335,9.684431266008254,4.369407845990256,4.339642287670156,4.373238882467748,9.805,9.752545454545455,9.723185255622623,4.552010719833729,4.457478424773901,4.447823003888427,9.7,9.738619047619046,9.700608663047902,4.48985351893769,4.501936880513269,4.469400087681675,9.647333333333334,9.705978494623656,9.677018302329552,4.45260867815498,4.484662358356969,4.4693229210382786,9.647833333333333,9.618338797814209,9.691464683268963,4.470660373406246,4.447442946482494,4.494884625269824,7.160485439761902
2023-03-09,sz001313,9.63,9.5,9.63,9.46,13659,12934523.04,1.77,-0.94,-0.09,0.63,4.135418905027852,-0.04753756402749865,9.642,9.594,9.622954177338837,4.309936238842854,4.261645974016021,4.29396555665445,9.781,9.697090909090907,9.68260611823669,4.513493777615393,4.38173445844556,4.3910222586410494,9.697500000000002,9.71957142857143,9.681503076090959,4.483283491443626,4.468181202998047,4.437592356000358,9.657333333333334,9.696473118279568,9.665597766695388,4.4559951185241315,4.4641985020261865,4.447780726456961,9.633833333333333,9.61349180327869,9.68518715266998,4.459681699227247,4.436451422929103,4.483098863950415,7.111750418756837
2023-03-10,sz001313,9.46,9.42,9.53,9.4,14181,13304248.64,1.37,-0.84,-0.08,0.65,4.151706857022576,0.016287951994724104,9.574,9.520000000000001,9.555302784892557,4.258480456605032,4.208902846742594,4.2465459901104925,9.73,9.631454545454545,9.634859551284563,4.4399855080867265,4.3159550183377755,4.347510367437691,9.689,9.69314285714286,9.656598021225152,4.477505553306627,4.436602475910328,4.4103651656215215,9.660666666666668,9.68116129032258,9.649752749489235,4.450370084794329,4.444567001284152,4.4286791864934525,9.621500000000001,9.60648087431694,9.676492491926702,4.45110416626285,4.426353887119115,4.472233552247863,7.123990352715593
2023-03-13,sz001313,9.41,9.44,9.46,9.22,21760,20163109.37,2.55,0.21,0.02,1.0,4.337658891026142,0.18595203400356564,9.504,9.475333333333333,9.516868523261707,4.253976891792224,4.235295658216298,4.276916957082376,9.668,9.57872727272727,9.599430541960096,4.371580383188729,4.297350178872215,4.345719189908317,9.6745,9.669428571428572,9.635969638251328,4.470862828249501,4.4232837461693295,4.403440758517199,9.658666666666669,9.666924731182796,9.636220314038317,4.443424164019256,4.4372953113636235,4.422806909366529,9.6105,9.600530054644809,9.668738639732384,4.448141203094256,4.422634369898239,4.46782126827338,7.304557505854145
2023-03-14,sz001313,9.43,9.61,9.63,9.37,38373,36485736.55,2.75,1.8,0.17,1.76,4.584025753655306,0.24636686262916374,9.512,9.510666666666664,9.547912348841137,4.278353375157446,4.345311945503992,4.37928655594002,9.638,9.568181818181818,9.601352261603715,4.35521148871532,4.335976609866138,4.389047656044133,9.673,9.663285714285713,9.63349633937025,4.478096691628779,4.434061167636548,4.420639329482733,9.662333333333333,9.66378494623656,9.634528680874554,4.452399963350598,4.446366381662723,4.433208125127096,9.602333333333332,9.600513661202186,9.666812782691977,4.451127167127018,4.427089601064175,4.471631251400656,7.562123117927918
2023-03-15,sz001313,9.61,9.5,9.61,9.47,21248,20092637.39,1.46,-1.14,-0.11,0.98,4.327318057687924,-0.25670769596738197,9.494,9.506666666666666,9.531941565894092,4.30722569288396,4.361633506347485,4.361963723189321,9.597999999999999,9.543090909090909,9.582924577675765,4.3383167694371085,4.330905076952066,4.37782409270664,9.6705,9.646809523809525,9.62078240228737,4.475766446893945,4.41970129773742,4.411751589311799,9.658999999999999,9.653311827956989,9.625849411140713,4.449232446228361,4.43829658129739,4.426376507872956,9.589666666666666,9.597158469945358,9.661343511128305,4.443965530842962,4.423030286000597,4.466899671278927,7.303036946641062
2023-03-16,sz001313,9.47,9.33,9.5,9.31,18599,17362512.23,2.0,-1.79,-0.17,0.85,4.269489594424535,-0.057828463263389196,9.459999999999999,9.452,9.464627710596062,4.334039830763297,4.349054806861009,4.331139013601059,9.550999999999998,9.494363636363635,9.536938290825626,4.321988034803075,4.318391045131597,4.358126911200802,9.6685,9.614380952380952,9.593088840164762,4.458629291884436,4.400055883216523,4.398202827893964,9.644666666666668,9.632086021505376,9.60676235235744,4.436026273342716,4.426700268277788,4.416254771521445,9.576,9.588644808743169,9.650479789451966,4.437408857614148,4.417309763495076,4.460427209742718,7.23961256465897
2023-03-17,sz001313,9.41,9.36,9.44,9.29,17141,15919645.0,1.61,0.32,0.03,0.79,4.234036154915847,-0.03545343950868762,9.448,9.418666666666665,9.429751807064042,4.35050569034195,4.315720248245193,4.298771394039322,9.511,9.459636363636363,9.504767692493694,4.304493073473491,4.30239979424301,4.335564955512629,9.6635,9.585,9.570889903006213,4.452421027769665,4.3786660606480865,4.382567906657953,9.633,9.613720430107527,9.590842200592444,4.42965822801411,4.413668647734117,4.404498731740439,9.5645,9.581562841530054,9.640955861928951,4.43131668501272,4.410641806029558,4.45300455220741,7.201933378963203
2023-03-20,sz001313,9.31,9.39,9.47,9.31,16690,15585348.55,1.71,0.32,0.03,0.77,4.2224563366792465,-0.011579818236600481,9.437999999999999,9.399333333333335,9.416501204709363,4.327465179472571,4.273037130357625,4.273333041585964,9.471,9.437636363636363,9.483900839313021,4.290721035632397,4.287484023916784,4.314999752088378,9.6485,9.55895238095238,9.553662293196098,4.428087133466627,4.356764661496618,4.3673191857076,9.623333333333335,9.598043010752686,9.5778846392639,4.422948318582991,4.40030078377703,4.39275406109133,9.5555,9.575841530054648,9.6327278008821,4.4251131451024515,4.40379392575633,4.4454455943212405,7.192716519262778
2023-03-21,sz001313,9.38,9.48,9.48,9.38,14737,13843158.8,1.06,0.96,0.09,0.68,4.168409083519626,-0.05404725315962011,9.411999999999999,9.413333333333332,9.437667469806243,4.244341845445436,4.220018431706643,4.2383583888971845,9.462,9.439272727272728,9.483191595801562,4.26134761030144,4.2652454871690075,4.288346903257695,9.639,9.542904761904763,9.54664683670123,4.414274126095681,4.332033418644523,4.348375366451602,9.617999999999999,9.58879569892473,9.571569501246874,4.417050804205648,4.38387889764391,4.378280191570576,9.5515,9.573366120218576,9.627720332000719,4.41813975867039,4.395377399147057,4.436362430032663,7.141235200877954
2023-03-22,sz001313,9.48,9.47,9.53,9.45,13781,12992579.37,0.84,-0.11,-0.01,0.63,4.139280732718524,-0.029128350801101988,9.406,9.432666666666668,9.44844497987083,4.206734380451556,4.184998060797673,4.205332503504298,9.45,9.440727272727273,9.480793123837643,4.256980036667757,4.243051509426659,4.261243963159664,9.627500000000001,9.526809523809524,9.539347137967779,4.4044953782507426,4.305843571656222,4.328461591810357,9.616666666666667,9.579247311827956,9.56501663019869,4.412229024847713,4.365958247870547,4.362860871644637,9.550666666666666,9.570693989071037,9.622549173574466,4.413182717714311,4.386234480263389,4.426622046514166,7.113695378552256
2023-03-23,sz001313,9.48,9.51,9.54,9.42,12808,12061987.55,1.27,0.42,0.04,0.59,4.107481318911243,-0.03179941380728124,9.442,9.467333333333332,9.468963319913886,4.174332725348897,4.151913706950903,4.1727154419732795,9.451,9.451636363636364,9.48610346495807,4.254186278056097,4.21586992438002,4.2332871187508605,9.616,9.51561904761905,9.536552172447038,4.3838400278357454,4.2775565183857935,4.307415851534251,9.615333333333332,9.572365591397851,9.561467170185871,4.406917753647783,4.346297105552066,4.346384771468289,9.549,9.569360655737706,9.618859036735959,4.40484428437962,4.376211483581321,4.416158416100955,7.081418875870211
2023-03-24,sz001313,9.49,9.42,9.54,9.42,12310,11574993.64,1.26,-0.95,-0.09,0.57,4.090258052931317,-0.017223265979926516,9.453999999999999,9.46,9.452642213275924,4.145577104951991,4.123888816145042,4.1452296456259585,9.451,9.446000000000002,9.47408465314751,4.248041397646971,4.186064792539152,4.207281834056397,9.5905,9.496952380952383,9.52545196554732,4.344013452866849,4.249596330299657,4.286734156429209,9.609666666666667,9.559763440860214,9.552340255980331,4.401017501420075,4.325867447441326,4.329860467046549,9.545166666666667,9.565131147540983,9.612339068318386,4.393125265196943,4.365897180910884,4.405473158292113,7.063520761062461
2023-03-27,sz001313,9.47,9.51,9.51,9.43,14720,13858965.59,0.85,0.96,0.09,0.68,4.16790781000148,0.07764975707016308,9.478,9.478666666666667,9.471761475517283,4.134667399616438,4.131332384494871,4.152789033751133,9.458,9.456727272727273,9.4806147162116,4.231066289544505,4.17149504933088,4.200122920591867,9.563,9.489285714285716,9.52398034978091,4.301323336366616,4.23282436431248,4.27541736153133,9.602333333333332,9.553333333333335,9.549608626562245,4.390930648681168,4.310828112511094,4.3194119085275124,9.548333333333334,9.563978142076504,9.608983689029257,4.385457225063137,4.358513002052017,4.3976841304793055,7.14173081647205
2023-03-28,sz001313,9.54,9.51,9.57,9.47,14138,13370594.22,1.05,0.0,0.0,0.65,4.1503879773252805,-0.017519832676199165,9.484,9.489333333333331,9.484507650344856,4.131063178377569,4.136572577064485,4.151988681609183,9.448,9.46618181818182,9.485957495082218,4.187702511911502,4.156826265291021,4.191080203634305,9.543000000000001,9.484238095238096,9.522648887897013,4.271457000313411,4.2184495682133045,4.263509801130754,9.598,9.547376344086022,9.547053231300165,4.381298631723021,4.295309230488132,4.30850713877253,9.5455,9.562721311475409,9.605738322175839,4.376680133047793,4.350805813601596,4.389576059884091,7.126150708737857
2023-03-29,sz001313,9.56,9.37,9.57,9.36,18673,17470520.72,2.21,-1.47,-0.14,0.86,4.2712140972088335,0.12082611988355296,9.464,9.451333333333332,9.446338433563238,4.157449851275631,4.183289550008241,4.191730486809067,9.435,9.451999999999998,9.464874314158177,4.182092115863593,4.1720101898905355,4.2056500024660375,9.5165,9.467761904761906,9.508110898573488,4.260204442650351,4.2184264345842974,4.264243543614381,9.592,9.532666666666668,9.535630442184026,4.377875003217161,4.28820700245496,4.3061011360910015,9.5375,9.556967213114755,9.598009196858598,4.367342910883422,4.347347910787204,4.385695339796378,7.2423058495995525
2023-03-30,sz001313,9.36,9.43,9.48,9.36,10534,9875505.65,1.28,0.64,0.06,0.48,4.022593314021462,-0.24862078318737169,9.447999999999999,9.44,9.440892289042159,4.140472250297675,4.138337370923518,4.135351429213198,9.445,9.451090909090908,9.45853352976578,4.157402487823286,4.14301040773742,4.172366968203387,9.498000000000001,9.459523809523809,9.500671765376012,4.239695261313181,4.195796803286307,4.241229236034103,9.594,9.52221505376344,9.528815574946346,4.358220357197386,4.2652856031520106,4.287810308860709,9.532333333333332,9.553442622950818,9.592500698600938,4.3568149189988175,4.33604464531632,4.373790355344741,6.994559341805599
2023-03-31,sz001313,9.46,9.61,9.74,9.44,29789,28490367.84,3.18,1.91,0.18,1.37,4.474055924437892,0.45146261041643054,9.485999999999999,9.494,9.497261526028106,4.21723182459899,4.2495319289702564,4.24825292762143,9.47,9.48109090909091,9.486072887990185,4.181404464775491,4.2005837598491675,4.22721950570057,9.4905,9.470190476190478,9.511083978197345,4.2429487691244905,4.218116866441042,4.263403206358274,9.599,9.523247311827959,9.534053279788518,4.3620821734382735,4.272758865554625,4.299826155026979,9.534166666666666,9.55598907103825,9.593074446187792,4.356405162425554,4.339888612707765,4.377077751052713,7.454698056464852
2023-04-03,sz001313,9.6,9.83,9.83,9.55,50884,49300787.93,2.91,2.29,0.22,2.34,4.706581243946291,0.23252531950839828,9.55,9.608666666666666,9.608174350685404,4.324966511387951,4.412648402086023,4.40102903306305,9.514,9.546545454545454,9.548605090173787,4.229816955502195,4.296070446971131,4.31437618538161,9.4925,9.502523809523808,9.54145693265474,4.260268995567296,4.2622723402335945,4.305610638509513,9.603666666666667,9.538150537634406,9.553146616576356,4.361997074145149,4.294984612039013,4.326068418828226,9.540333333333333,9.565688524590163,9.600842497132454,4.360867732512622,4.351369795708444,4.387881144262338,7.692853860269453
2023-04-04,sz001313,9.83,9.88,10.01,9.65,58586,57088978.73,3.66,0.51,0.05,2.69,4.767793847261148,0.061212603314857006,9.623999999999999,9.718666666666667,9.698782900456937,4.4484476853751245,4.560257514043756,4.523283971129083,9.554,9.613090909090909,9.608858710142188,4.289755431876347,4.39388442729094,4.396815760268798,9.508,9.53942857142857,9.573699129544764,4.275551521088894,4.3106080403949125,4.34962808696205,9.610666666666667,9.555978494623655,9.574233931635947,4.372767894689236,4.321165049014239,4.354566833565834,9.546166666666666,9.576825136612023,9.609995202144505,4.367785907316182,4.364711635536264,4.4003372984590206,7.756552273942176
2023-04-06,sz001313,9.86,9.56,9.86,9.51,44147,42223051.6,3.54,-3.24,-0.32,2.03,4.644901196527103,-0.12289265073404465,9.662,9.697333333333335,9.652521933637958,4.523185105238779,4.625742017761081,4.563823046261756,9.562999999999999,9.614181818181818,9.599975308298154,4.340317478257205,4.4584563845001695,4.441922203224853,9.506499999999999,9.544380952380953,9.5723944505405,4.298648757462481,4.345784199960457,4.377749335492055,9.606,9.552709677419355,9.573315613465887,4.383102744919564,4.338722036229584,4.373298082789143,9.545499999999999,9.57727868852459,9.608356015188948,4.370871689773059,4.373797382723508,4.40835578692027,7.6255496180087805
2023-04-07,sz001313,9.56,9.58,9.62,9.52,18103,17242721.46,1.05,0.21,0.02,0.83,4.2577505514152545,-0.3871506451118485,9.692,9.67,9.628347955758638,4.570216552717538,4.537263833153239,4.461798881312923,9.57,9.617272727272729,9.596343434062126,4.355344401507606,4.44344421598345,4.40843644835038,9.510499999999999,9.551380952380953,9.573118788584262,4.304765339781851,4.341889132717864,4.366320879865693,9.600666666666665,9.551032258064515,9.573746864210023,4.374341485726365,4.330634797938984,4.365843403345666,9.545666666666667,9.578409836065573,9.607426309772917,4.367512247582215,4.370088492941284,4.4034179103463345,7.236605812636233
2023-04-10,sz001313,9.56,9.49,9.61,9.47,18129,17195206.09,1.46,-0.94,-0.09,0.83,4.258373848968119,0.000623297552864166,9.668000000000001,9.602666666666668,9.58223197050576,4.527080137623583,4.433316265236767,4.393990537197988,9.577,9.602727272727272,9.57700826423265,4.372155981111286,4.425813206430817,4.381152339371787,9.514,9.549428571428571,9.565202713481,4.310098689379129,4.337470895497509,4.3560402102564,9.586,9.543892473118278,9.568343840712604,4.3533942956149945,4.3231530149223225,4.358909883708405,9.546833333333332,9.576584699453553,9.603576266829542,4.363083088644381,4.366510184790003,4.398662367350327,7.235407385346367
2023-04-11,sz001313,9.49,9.65,9.65,9.4,24595,23267179.69,2.63,1.69,0.16,1.13,4.39084682689535,0.13247297792723156,9.632000000000001,9.596666666666666,9.604821313670506,4.463933254213395,4.387905161660689,4.392942633763775,9.591000000000001,9.616,9.590279488917622,4.394449882800673,4.42921154202792,4.38291497346698,9.5245,9.562380952380954,9.57327864553043,4.31275808617259,4.345161194308577,4.3593551261267764,9.572333333333331,9.548021505376344,9.57361198002147,4.332365518511302,4.325569307262992,4.36097033165595,9.55,9.579967213114754,9.605098356441689,4.366128108517048,4.367420471290035,4.398406120122295,7.366743743866811
2023-04-12,sz001313,9.77,9.69,9.82,9.65,33162,32028634.85,1.76,0.41,0.04,1.52,4.520640714965419,0.12979388807006842,9.594,9.615999999999998,9.633214209113671,4.414502627754248,4.40680764857803,4.43550866083099,9.609,9.634,9.608410490932599,4.431475156564687,4.452155329694237,4.407956017375787,9.5285,9.578142857142856,9.584394965003723,4.309588834238094,4.364959539907894,4.374715658397124,9.565,9.555612903225805,9.581120884536213,4.324796385730504,4.337716094130999,4.371271646708174,9.555833333333334,9.58455737704918,9.607882016886222,4.368176885153064,4.372486458386703,4.402413811756495,7.505538428212781
2023-04-13,sz001313,9.68,9.68,9.73,9.63,19092,18378845.48,1.03,-0.1,-0.01,0.88,4.280851425694206,-0.23978928927121235,9.618,9.644666666666668,9.648809472742448,4.34169267358767,4.36225724789135,4.383956249118729,9.639999999999999,9.646909090909089,9.62142676530849,4.432438889413224,4.424769196808694,4.384846091615499,9.5375,9.592571428571429,9.593500206431939,4.307265502638408,4.362222643856096,4.3657762076635125,9.557666666666666,9.563032258064515,9.587500182308071,4.317615924904643,4.33488093541898,4.365438084062112,9.562666666666667,9.588628415300546,9.61024654092274,4.368474465887942,4.369623328568379,4.398428159754453,7.264318226450886
2023-04-14,sz001313,9.68,9.52,9.71,9.5,19947,18982794.0,2.17,-1.65,-0.16,0.92,4.2998775876710535,0.019026161976847256,9.606,9.612,9.605872981828298,4.350118080838829,4.348318885919144,4.355930028636171,9.649000000000001,9.62509090909091,9.602985535252401,4.4601673167781835,4.4006671419464825,4.369397272716508,9.547,9.590904761904763,9.586500186771755,4.308784902300735,4.361519032906823,4.359500148616611,9.548333333333336,9.560602150537635,9.583145331836583,4.313185946468182,4.3337365265652,4.361208374617528,9.568166666666665,9.58722950819672,9.607287637941665,4.369292661904342,4.367374250594056,4.395196993456636,7.278360134828838
2023-04-17,sz001313,9.56,9.46,9.56,9.43,14384,13529811.0,1.37,-0.63,-0.06,0.66,4.157879674389154,-0.1419979132818998,9.6,9.563333333333334,9.5572486545522,4.330019245923037,4.284239417102586,4.289913243887165,9.634,9.590727272727273,9.57698816520651,4.42854969177331,4.345705752421204,4.33093952756608,9.552,9.582619047619048,9.57445254993635,4.3049770782744,4.3471471064390546,4.340298198690187,9.538333333333332,9.554903225806454,9.575200471718095,4.304815743340764,4.32371676707623,4.348090393957633,9.572000000000001,9.583683060109289,9.602458535058332,4.369279590130594,4.360442677232902,4.387416097749505,7.1312917299139285
2023-04-18,sz001313,9.48,9.44,9.48,9.42,10016,9394523.92,0.63,-0.21,-0.02,0.46,4.000694315866355,-0.15718535852279913,9.558,9.51,9.518165769701469,4.251988743717237,4.174464440417025,4.193506934546895,9.595,9.555454545454545,9.552081226078053,4.357960998965316,4.267913865892667,4.270894943620675,9.5545,9.571952380952379,9.561647545180508,4.293888977233755,4.318167795733526,4.307954971754584,9.526666666666667,9.548559139784945,9.566477860639509,4.292832996699969,4.304096029819817,4.325677743758196,9.574000000000002,9.57935519125683,9.597132025712158,4.365583990150693,4.34835791414227,4.374736695064811,6.972874776543437
2023-04-19,sz001313,9.45,9.34,9.47,9.32,15935,14836166.16,1.59,-1.06,-0.1,0.73,4.202352067809752,0.2016577519433973,9.488,9.437333333333333,9.458777179800979,4.1883310142861045,4.157918881781197,4.196455312301181,9.541,9.50909090909091,9.513521003154771,4.301416821020177,4.239621332955291,4.2584326025641435,9.5475,9.551523809523808,9.540538255163318,4.295586126448262,4.309449994836002,4.297897552331267,9.519,9.536516129032258,9.551866385759542,4.284173287732655,4.298258550536577,4.317721248535716,9.5765,9.57168306010929,9.588701467492088,4.365012977477525,4.343006047836011,4.369084740072842,7.171321688633858
2023-04-20,sz001313,9.34,9.26,9.34,9.22,10969,10085176.0,1.28,-0.86,-0.08,0.5,4.040167036482847,-0.16218503132690465,9.404,9.361333333333334,9.39251811986732,4.140194136443833,4.108530889180112,4.1443592203617365,9.511,9.457999999999998,9.467426275308448,4.24094340501575,4.192121372130322,4.218747954185726,9.536999999999999,9.524142857142857,9.513820326100145,4.290630441636479,4.285124367220249,4.2733517889171315,9.508000000000001,9.519806451612903,9.533036296355702,4.279413639980238,4.282516211746266,4.299814525177466,9.577666666666666,9.561306010928961,9.577924370197266,4.366011159067609,4.332355361246022,4.358300553069891,7.003683481642672
2023-04-21,sz001313,9.3,9.06,9.33,9.04,17452,15845988.8,3.13,-2.16,-0.2,0.8,4.2418452043147825,0.20167816783193526,9.312000000000001,9.246666666666668,9.281678746578214,4.128587659772578,4.142414578470428,4.1768545483460855,9.459,9.376000000000001,9.393348770706911,4.239352870305703,4.192285335639236,4.222947454209191,9.5145,9.478714285714286,9.470599342662036,4.297348635906655,4.280478154141992,4.270351161812146,9.493333333333334,9.490903225806452,9.502517825623077,4.282961183289802,4.280092441703334,4.296074568992777,9.575333333333333,9.544333333333332,9.560943243305553,4.369478150906968,4.328284346336092,4.354482344913985,7.1999193446298255
2023-04-24,sz001313,9.07,9.01,9.07,8.86,11446,10182792.95,2.32,-0.55,-0.05,0.53,4.05865374157237,-0.18319146274241227,9.222,9.145999999999999,9.191119164385476,4.1087424732092215,4.1191032724036925,4.1374542794215134,9.411,9.294363636363636,9.323648994214745,4.219380859566129,4.159430948596813,4.193075870093405,9.494,9.430666666666667,9.426732738598984,4.2957684203387085,4.257745307062535,4.250189502741691,9.479666666666667,9.459720430107526,9.470742482034492,4.279859412774796,4.265620993850597,4.280757096255977,9.570166666666667,9.52579781420765,9.54287953041029,4.3651147487845625,4.318093382095614,4.3447830464437684,7.007866913208156
2023-04-25,sz001313,9.04,8.83,9.05,8.78,13183,11612967.28,3.0,-2.0,-0.18,0.61,4.120014252078067,0.06136051050569691,9.1,9.015333333333333,9.070746109590317,4.132606460451564,4.122860532026641,4.131640936973699,9.328999999999999,9.188727272727274,9.233894631630246,4.192297602084401,4.141364292689892,4.1797919395451615,9.459999999999999,9.36742857142857,9.369901049208604,4.2933737424425376,4.241006814847236,4.237791859821345,9.459333333333332,9.417806451612902,9.429404257387107,4.272604591476526,4.255308402837905,4.270386590179983,9.559000000000001,9.501530054644808,9.519506431052573,4.3580143777478915,4.310057300236385,4.33741357777604,7.06494320239826
2023-04-26,sz001313,8.83,8.96,8.99,8.79,8910,7899637.83,2.27,1.47,0.13,0.41,3.949877704036875,-0.17013654804119227,9.024,8.968666666666667,9.033830739726879,4.082111587696988,4.061950946555077,4.071053192661424,9.256,9.121636363636364,9.184095607697474,4.135221300991546,4.097287947590342,4.137989351270927,9.432500000000001,9.319809523809525,9.33086285404588,4.283348228778117,4.20829290642765,4.210371464032348,9.437666666666667,9.385591397849463,9.39912011174923,4.2514663231559116,4.234487313325669,4.249708597525589,9.55,9.481890710382514,9.501161957903308,4.351933143253254,4.296675769950777,4.324707483555083,6.897607180905883
2023-04-27,sz001313,8.87,8.91,9.01,8.87,6285,5586992.0,1.56,-0.56,-0.05,0.29,3.7983052820219765,-0.1515724220148984,8.954,8.930666666666665,8.992553826484587,4.033739236804815,3.967348844663407,3.980137222448275,9.179,9.058727272727273,9.13426004266157,4.086966686624324,4.036030489595875,4.0762286114074815,9.4095,9.270047619047618,9.290780677470082,4.259702788018774,4.162098340069922,4.171127065745646,9.418000000000001,9.351548387096775,9.367563975507345,4.233832563967047,4.205251117123479,4.220585802976969,9.538499999999999,9.460907103825136,9.481779598627789,4.341532505097704,4.278524036795654,4.307448394980227,6.747178049495417
2023-04-28,sz001313,8.84,8.92,8.95,8.79,12602,11113880.54,1.8,0.11,0.01,0.58,4.100439475279108,0.30213419325713176,8.925999999999998,8.919333333333332,8.968369217656392,4.00545809099768,3.989582257488172,4.020237973391886,9.119000000000002,9.011636363636363,9.095303671268557,4.067022875385129,4.038480087533109,4.080630586656868,9.383999999999999,9.22342857142857,9.25546823199674,4.263595096081656,4.146930405523287,4.164394914272642,9.404333333333334,9.31941935483871,9.338688880313324,4.228197559995532,4.196645111401677,4.212834426996462,9.5245,9.440628415300548,9.46336059539409,4.332111916669124,4.270619347293405,4.300661217285108,7.045865724364275
2023-05-04,sz001313,8.91,9.06,9.1,8.79,17901,15986657.0,3.48,1.57,0.14,0.82,4.252877292563761,0.15243781728465233,8.936,8.964,8.998912811770928,4.044302801195958,4.072055324676866,4.0977844131158445,9.079,9.000909090909092,9.088884821947001,4.07652263720259,4.072271799747406,4.111948169549031,9.3565,9.192571428571428,9.236852209901812,4.25253616448795,4.145909662331107,4.172821807443225,9.394333333333334,9.297204301075269,9.320708952551174,4.2288255979171305,4.19823735221253,4.215417837678223,9.513666666666666,9.425398907103824,9.450135657840185,4.32924191296562,4.26802149076536,4.29909453122867,7.203757657101982
2023-05-05,sz001313,9.02,9.13,9.19,8.96,15458,13947601.36,2.54,0.77,0.07,0.71,4.1891533029618895,-0.06372398960187109,8.996,9.028666666666668,9.04260854118062,4.058130611372722,4.1203388252655095,4.128240709731193,9.048,9.010181818181819,9.096360308865728,4.095368535912142,4.092750102612733,4.125985466533186,9.3215,9.171,9.226675808958783,4.226664767438729,4.139873199328625,4.174377187968812,9.385666666666667,9.280150537634407,9.308405149160777,4.227715496793218,4.195677849312192,4.213723351567492,9.5045,9.412819672131148,9.439639406763456,4.325331907688105,4.263428421584909,4.295489900793694,7.144499526198466
2023-05-08,sz001313,9.1,9.07,9.15,9.0,9242,8317245.04,1.64,-0.66,-0.06,0.42,3.9657659641826863,-0.22338733877920314,9.018,9.053333333333335,9.051739027453747,4.061308263401884,4.089550609535498,4.074082461215024,9.021,9.014181818181818,9.091567525435595,4.0717099255494364,4.069185998661922,4.096854647924005,9.281,9.147047619047619,9.21175430334366,4.186563373284807,4.115025694256621,4.154509452370133,9.372000000000002,9.25978494623656,9.293024171795567,4.220960726148653,4.1787778794663515,4.197726100768473,9.495000000000001,9.398573770491803,9.42752008195154,4.319005765177152,4.251639374256864,4.2846792799212015,6.919979496716305
2023-05-09,sz001313,9.02,9.04,9.14,9.02,11129,10048278.0,1.32,-0.33,-0.03,0.51,4.046456142412592,0.08069017822990565,9.044,9.060666666666666,9.047826018302498,4.110938435480007,4.0845999025390665,4.06487368828088,8.999,9.017636363636363,9.082191611720031,4.072338836142411,4.064594401727951,4.087691283285566,9.254999999999999,9.124095238095238,9.195396750644264,4.156641120579081,4.101682148459267,4.144218660945606,9.357666666666667,9.23836559139785,9.276700031679725,4.217866573138456,4.167519519225315,4.187966748616481,9.487166666666667,9.383655737704919,9.414814505494112,4.315047798993084,4.242703321051467,4.276868685248788,7.002091641938087
2023-05-10,sz001313,9.04,9.03,9.1,8.98,8170,7329288.1,1.33,-0.11,-0.01,0.38,3.9122220565324155,-0.1342340858801765,9.065999999999999,9.056000000000001,9.041884012201667,4.073294951730668,4.018361109556536,4.013989811031392,8.996,9.023272727272728,9.072702227770934,4.039376521364174,4.035482259980679,4.055787787512266,9.227500000000001,9.102666666666666,9.179644679154334,4.1393646958349395,4.0784041423595845,4.122123746239588,9.341666666666667,9.217225806451614,9.260783900603615,4.211357931059161,4.147800518153957,4.170176768482025,9.478499999999999,9.368666666666664,9.402197636461517,4.309137842353473,4.229495919659315,4.2649130580777594,6.8650617932964675
2023-05-11,sz001313,9.03,9.1,9.15,8.99,9772,8832206.78,1.77,0.78,0.07,0.45,3.989983458301399,0.0777614017689836,9.074000000000002,9.067333333333332,9.061256008134446,4.0207161848781965,3.9905906117467795,4.005987693454728,9.004999999999999,9.042181818181819,9.07766545908531,4.032509493037077,4.026501703060174,4.043823364019381,9.208,9.090523809523809,9.172059471615826,4.125945176301603,4.06417735783258,4.109538956912141,9.331,9.201634408602152,9.250410745725963,4.2080154445714975,4.13351829410507,4.1585513936316625,9.470333333333333,9.356256830601092,9.392289517233271,4.304516472995786,4.219031841493672,4.25589897283919,6.946069228224992
2023-05-12,sz001313,9.08,9.08,9.13,9.06,6943,6270515.0,0.77,-0.22,-0.02,0.32,3.841547165256553,-0.14843629304484596,9.064,9.069333333333333,9.067504005422965,3.9511949573371297,3.930867605206232,3.9511741840553363,9.03,9.055818181818182,9.078089921069799,4.004662784354926,3.991781279827352,4.00704587333523,9.1795,9.078333333333333,9.163291902890508,4.098480193219663,4.037091832971147,4.084015929135418,9.316666666666666,9.185440860215053,9.239416504066224,4.197136756413333,4.109875179310556,4.138099507930042,9.4595,9.343459016393444,9.382050516668246,4.294033702547251,4.203852519928452,4.242313667672546,6.797303211081628
2023-05-15,sz001313,9.06,8.98,9.08,8.92,9027,8052317.65,1.76,-1.1,-0.1,0.41,3.955543442459743,0.11399627720318994,9.046,9.041333333333334,9.03833600361531,3.9491504529925407,3.9323171002471033,3.952630603523472,9.032,9.046727272727273,9.060255389966198,4.005229358197212,3.982850490391864,3.997681794994232,9.144,9.059333333333333,9.14583553118665,4.07022532959438,4.023478809089251,4.0717804542139255,9.299000000000001,9.163720430107528,9.22267995541679,4.190641938584482,4.094288513894196,4.126321697254539,9.448500000000001,9.327737704918032,9.368868532515188,4.285970285153751,4.192754478614108,4.232911365206552,6.905920898720482
2023-05-16,sz001313,9.06,8.94,9.06,8.93,6533,5819123.69,1.45,-0.45,-0.04,0.3,3.8151126581898125,-0.1404307842699306,9.026,9.006,9.00555733574354,3.902881756147985,3.8876378353128604,3.9067912884122524,9.035,9.03,9.038390773608707,4.006910095813995,3.948283817663246,3.964487406484337,9.107,9.039904761904761,9.126232147264112,4.046938391219159,3.9991823641935773,4.047335902211629,9.284666666666668,9.140559139784946,9.204442538938288,4.175438557283848,4.070060818384863,4.106243694734235,9.438333333333333,9.311065573770492,9.354807269154033,4.276656780250505,4.177316523631683,4.2192130469437075,6.764857588558518
2023-05-17,sz001313,8.96,9.01,9.01,8.89,6146,5472209.69,1.34,0.78,0.07,0.28,3.7885925559203595,-0.026520102269453005,9.022,9.000666666666666,9.007038223829026,3.878155856025573,3.8495414352369854,3.867391710914955,9.044,9.025454545454545,9.03322881477076,3.9757254038781213,3.9085897195007666,3.9325065245636135,9.0815,9.030666666666669,9.115162418953245,4.021374139631625,3.974577998927025,4.022693678755318,9.270666666666667,9.122838709677419,9.191897859006787,4.167638532013811,4.045103011845284,4.085750072875276,9.432333333333332,9.297021857923497,9.343502112788327,4.262929444605598,4.161314417915941,4.205094342319991,6.738162730792667
2023-05-18,sz001313,9.02,9.0,9.03,8.96,5780,5166501.0,0.78,-0.11,-0.01,0.27,3.761927838420529,-0.02666471749983046,9.002,8.993333333333334,9.004692149219352,3.8325447320493993,3.8107987627019706,3.8322370867501467,9.038,9.017454545454546,9.027187212085167,3.926630458463798,3.8697174348721135,3.901492217992143,9.058499999999999,9.022904761904762,9.104194569529128,4.001576547833194,3.9498688273831117,3.997858836818671,9.250333333333334,9.105376344086022,9.179517351974091,4.143900929146565,4.018928128387653,4.064858315813679,9.424666666666665,9.28284699453552,9.332239748434612,4.2529915512924195,4.144888135745939,4.190564293011811,6.713196517784948
2023-05-19,sz001313,9.0,9.01,9.02,8.93,5441,4855803.28,1.0,0.11,0.01,0.25,3.7356787259059048,-0.02624911251462425,8.988,8.996,9.006461432812902,3.81137104417927,3.7785100939874723,3.800050966468733,9.026,9.012363636363636,9.024062264433319,3.8812830007582,3.8349989380434057,3.8713443103400995,9.037,9.018285714285716,9.095223658145402,3.9883257683351707,3.924545225294798,3.972889302446027,9.223,9.089870967741936,9.168580748620926,4.111537511878553,3.992591212049544,4.0436209229164035,9.413333333333332,9.269251366120216,9.321674510781017,4.236767293011851,4.127927059503758,4.175650012123093,6.686261084133711
2023-05-22,sz001313,9.0,9.13,9.15,8.98,12876,11623456.92,1.89,1.33,0.12,0.59,4.109780968013576,0.37410224210767096,9.018,9.043333333333333,9.047640955208601,3.842218549290036,3.8779800685989074,3.9032943003170146,9.032,9.031272727272729,9.043323670899987,3.8956845011412886,3.8765440229989285,3.914696429917095,9.0265,9.027142857142856,9.098535690702983,3.983697213345363,3.9361123871689316,3.9859266039286507,9.198,9.083870967741936,9.166091668064738,4.089603749236967,3.9924778866389015,4.047889312922672,9.404333333333334,9.259961748633879,9.315390100591475,4.231185821963102,4.123763573438241,4.173490371332617,7.0653353103266925
2023-05-23,sz001313,9.18,9.1,9.27,9.09,12803,11668139.16,1.97,-0.33,-0.03,0.59,4.107311745490674,-0.002469222522901937,9.05,9.070666666666666,9.065093970139067,3.9006583667502084,3.9663444673324535,3.971300115374901,9.038,9.043636363636363,9.05362845800908,3.9017700614490964,3.915021703789726,3.949717396385018,9.0185,9.034142857142857,9.098675148731271,3.987054448795754,3.947885199754199,3.997487093601224,9.182666666666668,9.077548387096774,9.161827689479917,4.071684100869087,3.993620338010108,4.05172301824964,9.394333333333332,9.249983606557377,9.308328130080278,4.227393422894325,4.119702128307997,4.171320580321406,7.067001600091425
2023-05-24,sz001313,9.04,9.07,9.19,9.04,10429,9432587.62,1.65,-0.33,-0.03,0.48,4.018242667457909,-0.08906907803276454,9.062000000000001,9.077333333333334,9.066729313426045,3.9465883890577182,4.0055392342350205,3.986947632735904,9.042,9.049454545454545,9.056605102007428,3.912372122541646,3.9361985412458735,3.962176536580089,9.019,9.03904761904762,9.095944182185436,3.9758743219529102,3.950855506293452,3.999463814920908,9.165666666666668,9.070279569892474,9.155903322416698,4.063700504737175,3.990172503596483,4.049562995617916,9.383166666666666,9.239349726775956,9.300514093028466,4.21902099523177,4.11284472649041,4.1663016323586675,6.974630848085147
2023-05-25,sz001313,9.12,9.02,9.13,8.95,8324,7443480.14,1.98,-0.55,-0.05,0.38,3.9203320715395895,-0.09791059591831974,9.065999999999999,9.063333333333333,9.051152875617364,3.9782692356815303,3.996787128395644,3.964742445670466,9.034,9.045454545454545,9.049949628915167,3.905406983865465,3.937645804700045,3.954568452027271,9.0195,9.039142857142856,9.08871140292968,3.9689582384512705,3.94556576815885,3.9919274584084015,9.15,9.060881720430109,9.147135366131751,4.052432445489557,3.980922927261156,4.041225516645121,9.368,9.227442622950818,9.291316909650483,4.202913370552276,4.103051647025093,4.158237056594108,6.871776033962591
2023-05-26,sz001313,8.96,9.1,9.17,8.96,10934,9866783.32,2.33,0.89,0.08,0.5,4.038779069555538,0.1184469980159486,9.084,9.074666666666667,9.067435250411577,4.038889304411457,4.016957073020313,3.989421320298824,9.036,9.057454545454545,9.059049696385136,3.9251301742953637,3.9618952748255136,3.9698794733960465,9.033,9.046809523809523,9.089786507412569,3.9648964793251444,3.9522153711211616,3.9963895166128904,9.131666666666668,9.057655913978493,9.144094374768414,4.04069685357823,3.9800420642976713,4.041067681349019,9.352,9.218655737704918,9.285044224088171,4.186531186044766,4.0976701945333955,4.1543204012813675,6.994175590960845
2023-05-29,sz001313,9.11,9.04,9.17,9.01,10376,9352186.57,1.76,-0.66,-0.06,0.48,4.016029963076024,-0.022749106479514225,9.065999999999999,9.059999999999999,9.058290166941052,4.020139103423947,4.009337292575169,3.9982908678912246,9.042,9.058181818181817,9.055586115224202,3.931178826356992,3.97842250914927,3.9782704715196786,9.036999999999999,9.04747619047619,9.085044935278038,3.9682040922771025,3.9570852267164836,3.998260035323665,9.110000000000001,9.05174193548387,9.137378608654325,4.023876495181917,3.9784506520072056,4.039452344686246,9.3375,9.208426229508198,9.27700998723282,4.17433644045621,4.092079990501634,4.149786288553323,6.970913162130823
2023-05-30,sz001313,9.1,9.1,9.2,9.02,11516,10422323.62,1.99,0.66,0.06,0.53,4.061301656206044,0.04527169313002055,9.065999999999999,9.071333333333333,9.07219344462737,4.01093708556702,4.023058143502535,4.0192944639961645,9.058,9.068727272727273,9.06366136700162,3.9557977261586155,4.00208120548546,3.9933670505535632,9.0465,9.05347619047619,9.086469227156321,3.981353910986305,3.9659516613763826,4.004263999217225,9.090666666666667,9.05109677419355,9.134967085515338,4.016558169532312,3.980865178524892,4.040861977687523,9.324166666666667,9.200639344262294,9.271206381094037,4.167087047218477,4.088373932001629,4.146885153066527,7.017964554169274
2023-05-31,sz001313,9.1,8.95,9.14,8.93,12112,10852793.05,2.31,-1.65,-0.15,0.56,4.083215862155997,0.02191420594995286,9.041999999999998,9.032666666666668,9.031462296418248,4.023931724506639,4.047151069032194,4.040601596716109,9.052,9.049090909090907,9.042995663910416,3.9852600567821788,4.025248139303167,4.009703198117641,9.048,9.044285714285715,9.073472157903339,3.9804927303301496,3.975652799583021,4.011783224259013,9.071666666666665,9.042021505376344,9.12303372515951,4.009336112015143,3.985165674823194,4.043594486362909,9.309999999999999,9.188371584699453,9.260675024336857,4.161261029241662,4.085624057081548,4.144797635331755,7.0355415216039985
2023-06-01,sz001313,8.92,8.95,9.03,8.88,10182,9053841.01,1.68,0.0,0.0,0.47,4.007833092701319,-0.07538276945467803,9.028,9.002,9.004308197612165,4.041431928738985,4.04178485843042,4.0296787620445125,9.047,9.030545454545456,9.026087361381249,4.009850582210257,4.029352327652101,4.009363178951037,9.0425,9.034952380952381,9.061712904769688,3.968240520337028,3.9782566436183697,4.011407021253518,9.054666666666666,9.034172043010752,9.111870259020188,4.004334559292215,3.9850687058352046,4.041287299675065,9.2965,9.176568306010928,9.250488957965157,4.1545751513164895,4.0805936329326835,4.140306994589773,6.956832863796748
2023-06-02,sz001313,8.94,8.97,8.99,8.92,8284,7374627.05,0.78,0.22,0.02,0.38,3.918240090221415,-0.0895930024799041,9.001999999999999,8.982666666666665,8.992872131741443,4.01732413287216,4.000720912257897,3.99253253810348,9.043000000000001,9.016545454545454,9.01588965931193,4.0281067186418085,4.012695874563222,3.99279534463656,9.034499999999998,9.02804761904762,9.05297834241067,3.954694859700004,3.973494697893073,4.002533980202842,9.039,9.028709677419355,9.102717339083402,4.00158608510405,3.97951422395967,4.0333487700328945,9.282833333333334,9.165863387978142,9.241292598687611,4.1472095409020096,4.072844942404976,4.133026112479335,6.8677400620437545
2023-06-05,sz001313,8.55,8.12,8.58,8.08,78724,63920750.62,5.57,-9.48,-0.85,3.61,4.896107152671678,0.9778670624502626,8.818,8.688666666666666,8.701914754494295,4.193339570791291,4.293648585524403,4.29372407629288,8.941999999999998,8.848727272727272,8.853000630346125,4.106739337107618,4.1705141352959245,4.157033855188399,8.986999999999998,8.94095238095238,8.964123262181083,4.0012119191244535,4.063153011509423,4.0876361871046365,8.998333333333335,8.96941935483871,9.039316220432859,4.024711254599448,4.037225260576935,4.089010601170881,9.258666666666667,9.127737704918031,9.204528906927361,4.154442271166051,4.097398962462998,4.158045162977444,7.805641866246641
2023-06-06,sz001313,8.12,8.0,8.16,7.97,31636,25204528.02,2.34,-1.48,-0.12,1.45,4.50018156686907,-0.3959255858026074,8.597999999999999,8.416,8.467943169662863,4.281115552923896,4.395929250883664,4.362543239818277,8.831999999999999,8.677454545454545,8.69790960664683,4.146026319245459,4.242049086161643,4.219424348221248,8.934999999999999,8.84695238095238,8.872301999116218,4.0238981903472775,4.1106739303422435,4.126926223272678,8.956333333333333,8.905010752688172,8.972263561050093,4.040045072278988,4.067900764594331,4.115537760248184,9.232166666666668,9.08646994535519,9.165036155880562,4.159729356129613,4.108734677076212,4.169262749990285,7.401478569251703
2023-06-07,sz001313,7.99,7.96,8.01,7.93,16052,12681712.03,1.0,-0.5,-0.04,0.74,4.205529151061801,-0.29465241580726964,8.4,8.203333333333333,8.298628779775242,4.305578210705057,4.370733783596298,4.310205210232785,8.721,8.51890909090909,8.563744223620134,4.164754967605847,4.252867782855524,4.216897948737713,8.881499999999999,8.754095238095239,8.785416094438483,4.038563545073747,4.12797211707696,4.134412216395451,8.919666666666666,8.840731182795698,8.906956234530734,4.038834537170556,4.078577156773867,4.121343656429708,9.2065,9.04475956284153,9.125526773720543,4.160897860230179,4.11023630969694,4.170451812320498,7.103177887220136
2023-06-08,sz001313,8.0,8.03,8.24,7.96,27797,22309622.2,3.52,0.88,0.07,1.27,4.44399792707814,0.2384687760163393,8.216,8.08,8.209085853183495,4.3928111775804215,4.416873689053992,4.35480278251457,8.622,8.393272727272729,8.466699819325562,4.217121553159703,4.303639230032305,4.258188853890517,8.828,8.672999999999998,8.713471704491962,4.061264268512583,4.166584915363092,4.163896569793803,8.886999999999999,8.783333333333335,8.850378412948105,4.051679343354081,4.104716730316292,4.142160060987672,9.183333333333334,9.006185792349727,9.089607863106753,4.1657693780644385,4.11951827910179,4.1794205373945195,7.348492215830923
2023-06-09,sz001313,8.03,7.9,8.09,7.88,23171,18203325.83,2.62,-1.62,-0.13,1.06,4.364944777212948,-0.0790531498651923,8.001999999999999,7.974666666666667,8.106057235455664,4.482152114978727,4.407584888931501,4.35818344741403,8.501999999999999,8.261999999999999,8.363663488539096,4.249738123925444,4.330516179860166,4.2775990217673225,8.769,8.584619047619048,8.635998208826061,4.087434149110403,4.195506868572651,4.1830440181194355,8.856,8.719655913978494,8.789063676628873,4.059843694191911,4.124927403468477,4.156533268486077,9.157666666666668,8.964109289617486,9.05060432661145,4.166224142834219,4.12604862005748,4.185503299355779,7.260150742801583
2023-06-12,sz001313,7.9,8.08,8.24,7.88,23597,18860430.58,4.56,2.28,0.18,1.08,4.372856792535229,0.007912015322281363,7.994,8.000666666666666,8.097371490303775,4.377502042951438,4.371153114783668,4.36307456245443,8.406,8.185272727272729,8.312088308804714,4.285420806871365,4.352901392334673,4.294918616452396,8.724,8.518999999999998,8.583045998461674,4.108299816614178,4.222689977470253,4.201121425206654,8.826666666666666,8.669591397849462,8.743317632975398,4.073942997141856,4.145121796909981,4.170489624876345,9.132166666666668,8.928775956284152,9.018781233935666,4.162704660148884,4.1328234610312835,4.1916460368370725,7.27555160337392
2023-06-13,sz001313,8.08,8.05,8.09,7.97,10353,8255426.9,1.49,-0.37,-0.03,0.47,4.015066214011149,-0.3577905785240798,8.004,8.019333333333332,8.081580993535852,4.2804789723798535,4.250341171803573,4.247071779640003,8.301,8.120545454545454,8.264435889022039,4.280797262651875,4.303746011814634,4.244036361463078,8.6795,8.454809523809523,8.532279712893896,4.118297494405245,4.213810586746155,4.183401881283273,8.798,8.619483870967741,8.698587463106017,4.081168361541495,4.1413232947725165,4.160462308046333,9.108,8.893295081967212,8.987017914790233,4.157500462754271,4.127982856239882,4.185856534449337,6.916739536171869
2023-06-14,sz001313,8.07,8.18,8.27,8.04,33068,26797619.91,2.86,1.61,0.13,1.52,4.519407928955734,0.5043417149445846,8.047999999999998,8.078000000000001,8.114387329023902,4.34325472795864,4.329984157328866,4.33785049607858,8.224,8.098545454545453,8.24908390919985,4.324416469331848,4.347129769324426,4.294103919189015,8.638000000000002,8.407238095238094,8.498729264046858,4.154838263057014,4.252011580512869,4.215402457252079,8.773333333333333,8.579612903225806,8.665130207421758,4.09513397666405,4.169596815250855,4.183620090040488,9.088833333333332,8.862868852459016,8.960558311026618,4.161665768329791,4.139848674803864,4.196792645744628,7.428096222914778
2023-06-15,sz001313,8.11,8.12,8.27,8.06,17051,13651747.84,2.57,-0.73,-0.06,0.78,4.231749854398692,-0.28765807455704184,8.065999999999999,8.102,8.116258219349268,4.30080511342275,4.292815866142217,4.302483615518618,8.141,8.079636363636364,8.22561410752715,4.346808145501585,4.3302812938820345,4.282766816499866,8.594,8.357904761904763,8.462659810328109,4.178329363855921,4.259336493973981,4.216959352218423,8.741999999999999,8.537462365591397,8.629960516620354,4.094429728725213,4.178410742846639,4.186725236128114,9.068166666666665,8.831103825136612,8.9329990221405,4.1616276633211715,4.142146513691369,4.197938783733286,7.13518825787294
2023-06-16,sz001313,8.05,8.1,8.16,8.04,13669,10939119.96,1.48,-0.25,-0.02,0.63,4.135736743509474,-0.09601311088921793,8.106,8.113333333333333,8.110838812899512,4.2549635066820555,4.237793076171125,4.246901324848904,8.053999999999998,8.072181818181818,8.20277517888585,4.368557810830391,4.291904675338015,4.2560340759561575,8.5485,8.310857142857142,8.428120780773051,4.1983322647361,4.255280053940986,4.209223865674714,8.707666666666666,8.496043010752688,8.595769515548074,4.092649176743467,4.181075711542397,4.18343565595917,9.046666666666665,8.799360655737704,8.90568757879163,4.160182336768342,4.141297631074592,4.195899372578407,7.038982384896033
2023-06-19,sz001313,8.08,8.02,8.11,8.02,11267,8957057.5,1.11,-0.99,-0.08,0.52,4.051808294317092,-0.08392844919238218,8.094,8.084666666666665,8.080559208599675,4.190753807038428,4.17007467204947,4.181870314671633,8.044,8.066,8.169543328179332,4.284127924994933,4.234313854153778,4.218902115658145,8.492999999999999,8.260523809523809,8.389252134985142,4.195433631051276,4.241325390091557,4.194231906497797,8.672666666666666,8.45167741935484,8.558623095190134,4.095517254414613,4.178440815901985,4.174943568111294,9.022333333333332,8.765699453551912,8.876648641782069,4.1582389902816335,4.137744383781109,4.191175074930495,6.952165362185051
2023-06-20,sz001313,8.02,7.98,8.05,7.93,10092,7953110.05,1.5,-0.5,-0.04,0.46,4.003977241845537,-0.047831052471554614,8.080000000000002,8.046666666666667,8.047039472399785,4.188536012605306,4.107815816985173,4.122572623729601,8.041999999999998,8.054363636363636,8.135080904873998,4.23450749249258,4.183377366308433,4.179824865874035,8.437000000000001,8.211666666666666,8.350275741177034,4.190266905869018,4.223091448262439,4.176112414626154,8.637333333333334,8.406989247311827,8.521292572919803,4.094101291062378,4.172535008639465,4.1639134825457615,8.9975,8.731524590163934,8.847250325658067,4.155983932100417,4.132686621537302,4.185037441058857,6.900536991980866
2023-06-21,sz001313,7.97,7.92,7.98,7.9,10078,7887354.18,1.0,-0.75,-0.06,0.46,4.0033743540197495,-0.0006028878257877679,8.027999999999999,7.993333333333334,8.004692981599856,4.085329297618109,4.046095264123321,4.082839867159651,8.038,8.032181818181817,8.095975285805999,4.214292012788375,4.141353159313373,4.147742954627801,8.3795,8.162428571428572,8.309297099160174,4.189523490197111,4.205292157610128,4.159661170758877,8.600333333333333,8.360709677419354,8.482499503699172,4.097139700978622,4.1666816578625205,4.153556119415051,8.971000000000002,8.696196721311475,8.816848675636491,4.1542488160188915,4.127683028813346,4.17908127427069,6.896931343167341
2023-06-26,sz001313,7.92,7.87,7.94,7.79,13800,10687137.68,1.89,-0.63,-0.05,0.63,4.139879086401237,0.13650473238148741,7.978,7.940666666666666,7.959795321066571,4.0669551440186185,4.06427852705103,4.10185294024018,8.022,8.001636363636363,8.054888870204907,4.183880128720684,4.127823536333894,4.146313160404789,8.322,8.113904761904763,8.267459280192538,4.200500840940194,4.200564119153378,4.157777162724816,8.559333333333333,8.313591397849462,8.442983406686322,4.102136221915284,4.169439037567205,4.152673730188354,8.945166666666665,8.660098360655738,8.785804456763165,4.155075833243391,4.127211890137357,4.177795956635626,7.028861404344979
2023-06-27,sz001313,7.87,7.99,7.99,7.86,10407,8171464.24,1.65,1.52,0.12,0.48,4.017325554561722,-0.12255353183951456,7.956,7.9446666666666665,7.969863547377715,4.043272906229068,4.0477353305653985,4.0736771450140274,8.031,7.995818181818182,8.043090893804015,4.149118206455562,4.09754088648681,4.122860868433322,8.2665,8.082285714285714,8.241034586840868,4.199428165190502,4.183118853783999,4.144400819090236,8.523,8.276860215053762,8.413758670771076,4.107995501558789,4.163967381608911,4.143941589825346,8.919833333333333,8.628781420765028,8.759712507361094,4.152566128986061,4.122695487557631,4.172534631977465,6.912299884485229
2023-06-28,sz001313,7.99,7.98,8.03,7.89,8114,6384093.0,1.75,-0.13,-0.01,0.37,3.909235003368307,-0.10809055119341515,7.948,7.952666666666667,7.973242364918478,4.0147582480393105,4.003056029611812,4.018863097798787,8.020999999999999,7.986545454545455,8.031619822203284,4.102756027538869,4.053925758652763,4.084019802057864,8.2135,8.055000000000001,8.216174149998881,4.194088417205117,4.155481409800934,4.1220040747357665,8.489666666666666,8.241827956989248,8.38577424039875,4.106451886922408,4.151144123661138,4.128799229408763,8.894333333333332,8.597967213114753,8.734148162857451,4.148546912753445,4.114717417865245,4.163901857268968,6.805099204954927
2023-06-29,sz001313,7.99,7.95,8.02,7.94,8052,6340035.3,1.0,-0.38,-0.03,0.37,3.9059037662166167,-0.0033312371516904804,7.942,7.953333333333333,7.965494909945653,3.9951435529135266,3.96677120233758,3.9812099872713973,8.011,7.973636363636364,8.01677985452996,4.091839782759417,4.018134438412354,4.0516350682685465,8.155999999999999,8.029904761904763,8.19082423095137,4.186318522705646,4.128035252563935,4.101423092972038,8.456666666666667,8.207010752688172,8.35765977327625,4.109478257189968,4.138205535228506,4.114418876944754,8.870666666666667,8.567005464480875,8.708438387026058,4.142458407236909,4.106761904864038,4.155442903463972,6.8020916759499555
2023-06-30,sz001313,7.97,8.0,8.03,7.95,10471,8279038.24,1.01,0.63,0.05,0.48,4.019988159591286,0.11408439337466891,7.958,7.972666666666667,7.976996606630436,3.9984663140278336,3.9750527378968328,3.99413604471136,7.993,7.971636363636364,8.013728971888147,4.0418978058229715,4.005070506927239,4.045881084872681,8.1085,8.015047619047618,8.172650494670286,4.18315713757741,4.112194265600661,4.093667385031013,8.423,8.177548387096776,8.334584949193912,4.117191443978999,4.1324319805447205,4.108326572599369,8.846833333333334,8.538459016393443,8.685210898926844,4.142414987996405,4.102746486908443,4.151001764320605,6.917979888557715
2023-07-03,sz001313,8.03,8.07,8.09,8.01,17006,13526148.74,1.0,0.88,0.07,0.78,4.230602174740532,0.21061401514924594,7.998,8.01,8.007997737753625,4.016610931695693,4.052431358134399,4.072958088054418,7.9879999999999995,7.985636363636363,8.023960067908483,4.041783037857155,4.039380392184977,4.079466737575927,8.0645,8.011380952380954,8.16287425708264,4.19429559167937,4.116712840568577,4.106708793574777,8.392000000000001,8.154774193548388,8.317514952471726,4.132813921856333,4.139748801884174,4.1162153211246055,8.821166666666667,8.512989071038252,8.665040049781702,4.138357425501449,4.105637870080382,4.153611613842569,7.1311741588253925
2023-07-04,sz001313,8.07,8.1,8.14,7.97,16947,13485912.2,2.11,0.37,0.03,0.78,4.22909282945599,-0.0015093452845418298,8.02,8.044,8.038665158502416,4.058964386674546,4.123258657387832,4.125003001854942,7.988000000000001,8.006,8.03778551010694,4.0511186464518065,4.07343671793022,4.10667148155412,8.021,8.014761904761905,8.156886232598579,4.209838228641099,4.120026863213969,4.118364416039654,8.361666666666666,8.135935483870968,8.303481729731615,4.149261058641335,4.145960344309958,4.123497741016953,8.792333333333334,8.489344262295083,8.646514146510171,4.130399285259944,4.10861280135758,4.156086407797107,7.129880327876611
2023-07-05,sz001313,8.17,8.05,8.18,8.05,9821,7852341.05,1.6,-0.62,-0.05,0.45,3.9921557110426167,-0.23693711841337306,8.034,8.054,8.042443439001612,4.075548528209408,4.100989098843855,4.080720571584167,7.991000000000001,8.017272727272728,8.040006326451131,4.045153388124359,4.062716184219458,4.08585043237021,8.0175,8.01752380952381,8.146706591398715,4.164640656559646,4.099295194871257,4.10634453937327,8.325666666666667,8.115827956989248,8.287128069748931,4.145340216742303,4.135824515432621,4.115024061663771,8.761833333333334,8.465005464480873,8.626956305640984,4.117471982989636,4.104080225153733,4.150711630854337,6.8949991540095334
2023-07-06,sz001313,8.03,8.09,8.13,8.02,12249,9763811.61,1.37,0.5,0.04,0.56,4.088100634642659,0.09594492360004248,8.062000000000001,8.072666666666667,8.058295626001076,4.111987901894617,4.105173134321605,4.083180592603664,8.002,8.035272727272726,8.049096085278197,4.053565727404072,4.070524774495513,4.086259560056109,8.022,8.02442857142857,8.141305963646456,4.1440366099483255,4.0920056689744015,4.104607024637021,8.292,8.100623655913978,8.27441012976513,4.1446998463807025,4.132131639168128,4.113287066372086,8.737333333333334,8.442978142076502,8.60935118086587,4.108191973624895,4.103117230125964,4.148658811306413,6.989619391236061
2023-07-07,sz001313,8.09,8.89,8.89,8.03,123361,106805864.83,10.63,9.89,0.8,5.66,5.091177881238023,1.003077246595364,8.24,8.348666666666666,8.335530417334052,4.326225846223965,4.431569794102741,4.419179688815118,8.099,8.196727272727273,8.201987706136707,4.162346080125898,4.25918152973805,4.268971982089184,8.0685,8.107095238095239,8.212610157584889,4.188319046457137,4.18220959957342,4.198566153837116,8.286,8.139204301075269,8.314125605264154,4.180464353506706,4.193194738191181,4.176376796363437,8.725833333333332,8.447983606557377,8.618552781493218,4.122082429121941,4.135346276277214,4.179561075894335,8.028595100945102
2023-07-10,sz001313,8.81,8.69,9.03,8.68,137927,120056876.02,3.94,-2.25,-0.2,6.32,5.139649290129624,0.04847140889160073,8.364,8.498666666666667,8.45368694488937,4.508035269301782,4.702710942071294,4.65933622258662,8.181000000000001,8.304181818181817,8.29071721411185,4.262323100498738,4.436873022466,4.427276947187446,8.1015,8.166285714285715,8.258075856862519,4.223101614609711,4.27281247992318,4.288193119198307,8.275,8.1652688172043,8.338375566214854,4.2211082607930415,4.255077637328144,4.238523408864482,8.7125,8.446808743169399,8.620895313247539,4.1367703531413,4.168709124179105,4.21103937800041,8.079387038462409
2023-07-11,sz001313,8.77,8.72,8.84,8.64,71054,61468917.81,2.3,0.35,0.03,3.26,4.851588531651656,-0.2880607584779682,8.488,8.617333333333333,8.542457963259581,4.632534409740916,4.817228696187919,4.7234203256082985,8.254000000000001,8.402181818181818,8.368768629727878,4.345749398207731,4.54401219176653,4.50442450799912,8.1425,8.225190476190477,8.302068632399422,4.2474338023316465,4.332668376784318,4.3418498251462445,8.262333333333334,8.193978494623657,8.3629964974268,4.248201909529579,4.29575378383515,4.278075997431396,8.697000000000001,8.447054644808743,8.624144647239422,4.144449381553904,4.1921457857696085,4.232040989595533,7.788655567223956
2023-07-12,sz001313,8.71,8.61,8.79,8.59,43486,37303422.78,2.29,-1.26,-0.11,1.99,4.638349461520909,-0.21323907013074628,8.6,8.658,8.564971975506388,4.761773159836574,4.819167046781249,4.695063370912503,8.317,8.466909090909093,8.412628878868263,4.418660844022991,4.5972122032780165,4.528774499548536,8.169,8.269714285714286,8.331395429313762,4.26070843578093,4.369898439564247,4.370087885753355,8.248,8.21640860215054,8.378932207270232,4.268945892811075,4.320924593641044,4.301319446727494,8.679,8.44420218579235,8.623680888313539,4.146411193996496,4.208339231014428,4.245362578838988,7.571748682378874
2023-07-13,sz001313,8.63,8.66,8.72,8.57,28925,24699338.64,1.74,0.58,0.05,1.33,4.461273367623787,-0.17707609389712253,8.714,8.678,8.596647983670927,4.8364077064328,4.7190004493769875,4.617133369816265,8.388,8.529272727272728,8.457605446346761,4.474197804163707,4.604959934841798,4.516501566471309,8.1995,8.316476190476191,8.362691102712452,4.2830187934615624,4.388999861644519,4.378772217360063,8.233333333333333,8.242989247311828,8.3970656132528,4.282278283191667,4.333332817822509,4.311639054527254,8.662,8.443579234972677,8.624871678860636,4.149418226361989,4.218662580969422,4.252441621094228,7.39268532456153
2023-07-14,sz001313,8.66,8.59,8.67,8.57,24214,20606186.05,1.15,-0.81,-0.07,1.11,4.384066538075945,-0.07720682954784142,8.654,8.636666666666667,8.594431989113952,4.6949854378003835,4.568220059924702,4.5394444259028255,8.447,8.566,8.481677183374623,4.510605642012174,4.58857243191675,4.492422470399425,8.219999999999999,8.353666666666667,8.38433956912079,4.276251723917572,4.398623456369699,4.379276438380623,8.221333333333332,8.266,8.409512993042942,4.292306639055664,4.339899802008591,4.316311795401364,8.6465,8.441218579234974,8.6237283451275,4.150821375535403,4.226355968238732,4.256757192142809,7.313997616683761
2023-07-17,sz001313,8.57,8.58,8.66,8.51,16948,14402600.94,1.75,-0.12,-0.01,0.78,4.229118455328952,-0.15494808274699334,8.632,8.612,8.589621326075969,4.51287927084025,4.412931065767558,4.436002435711535,8.498000000000001,8.590181818181819,8.49955405912469,4.510457270071017,4.537392943428892,4.444549013113884,8.243,8.38795238095238,8.402973895871192,4.276120153964086,4.394134573646974,4.364975678089988,8.209,8.289139784946236,8.420512154782108,4.299682817809919,4.335823144993964,4.310686418622499,8.631833333333333,8.43903825136612,8.622294628893812,4.152008688551067,4.228923085609011,4.255851004050551,7.1584409276431495
2023-07-18,sz001313,8.58,8.69,8.73,8.58,32202,27567327.44,1.75,1.28,0.11,1.48,4.507882845670679,0.27876439034172673,8.626000000000001,8.631333333333334,8.623080884050648,4.444138133644055,4.411265590711035,4.459962572364583,8.556999999999999,8.62509090909091,8.53418059382929,4.538336271692485,4.536924866265194,4.456064255396937,8.272499999999999,8.43052380952381,8.43030971531203,4.2947274590721465,4.416207210952363,4.378585884526244,8.199666666666667,8.320172043010754,8.437898467376812,4.3193375763248945,4.349255404855949,4.323408768754639,8.619333333333334,8.440945355191257,8.624514477126802,4.160461830714472,4.240591090760474,4.264114343120063,7.440394664752104
2023-07-19,sz001313,8.65,8.68,8.73,8.62,19249,16497039.0,1.27,-0.12,-0.01,0.88,4.284408172506199,-0.2234746731644801,8.64,8.649333333333335,8.642053922700432,4.373349875841113,4.358022270331749,4.401444439078455,8.620000000000001,8.647454545454545,8.560693213133057,4.567561517838843,4.490756120958596,4.424854058507711,8.3055,8.469333333333333,8.45408974242517,4.306357452981602,4.415224421755606,4.369616578619573,8.218333333333334,8.351161290322581,8.453517921094438,4.298947610319378,4.347001894932163,4.32089260125474,8.608333333333333,8.442934426229506,8.626333674598055,4.161829432459413,4.244654905245449,4.264779714575346,7.217406001101231
2023-07-20,sz001313,8.69,8.59,8.75,8.56,17541,14957815.0,2.19,-1.04,-0.09,0.8,4.244054348556946,-0.040353823949252465,8.626,8.632666666666667,8.624702615133621,4.329906072027745,4.3149237612370275,4.348981075571285,8.669999999999998,8.642,8.566021719836137,4.583156889230271,4.431936635634615,4.391981383971208,8.336,8.496428571428572,8.467033576479915,4.318361308317172,4.409290792762782,4.357658270994561,8.238000000000001,8.375139784946235,8.4623232165077,4.290410036375642,4.343460394173295,4.315935294629076,8.597166666666665,8.442333333333334,8.625142406578446,4.1652275543273145,4.247350804133893,4.264100194378021,7.174868157515843
2023-07-21,sz001313,8.55,8.67,8.69,8.53,20658,17666896.0,1.86,0.93,0.08,0.95,4.3150882730883175,0.07103392453137136,8.642,8.647333333333334,8.639801743422414,4.316110419030219,4.309984494923885,4.3376834747436295,8.648,8.642,8.584926861684112,4.505547928415302,4.38319688724517,4.378000818356137,8.3735,8.528238095238097,8.486363712053256,4.3339470042706,4.408979075121938,4.353603985479681,8.261666666666667,8.403010752688171,8.475721718668494,4.294062007109858,4.345052538477339,4.31588064807806,8.590666666666666,8.44472131147541,8.626613147346365,4.166448272140207,4.252264270322778,4.265771934663604,7.247160252478564
2023-07-24,sz001313,8.66,8.53,8.68,8.52,19754,16734878.0,1.85,-1.61,-0.14,0.91,4.295655049432586,-0.019433223655731524,8.632,8.610000000000001,8.603201162281609,4.329417737850945,4.303166038391341,4.323673999639949,8.632,8.620545454545454,8.574940159559727,4.421148504345598,4.345034545611948,4.3630288603700365,8.4065,8.543142857142858,8.490519549000565,4.341735802422168,4.405332222280224,4.348085039189481,8.278333333333332,8.420322580645163,8.479223543270527,4.289117244521673,4.345155315401387,4.314575770746094,8.582666666666666,8.442732240437158,8.623445503171073,4.170398293937877,4.256500558102855,4.266751708918324,7.223622550627472
2023-07-25,sz001313,8.51,8.58,8.63,8.51,20826,17599768.2,1.41,0.59,0.05,0.95,4.318605864055056,0.02295081462246973,8.61,8.592666666666666,8.595467441521073,4.29156234152782,4.299562080459378,4.3219846211116515,8.617999999999999,8.61109090909091,8.575860130548866,4.367850237585937,4.326390429195485,4.354951951949131,8.436,8.559666666666665,8.499041496714797,4.356799817896834,4.403129371007165,4.345277498700488,8.301,8.439784946236559,8.4857252501563,4.287572614083077,4.347057806984185,4.314835776766028,8.5785,8.442644808743168,8.622021060444153,4.173708154137494,4.261359822696861,4.268451845152315,7.24550694792075
2023-07-26,sz001313,8.6,8.65,8.65,8.53,17362,14771100.71,1.4,0.82,0.07,0.8,4.239599751885042,-0.07900611217001341,8.604,8.606,8.61364496101405,4.28260065740359,4.282241217245119,4.294522998036116,8.622,8.616909090909092,8.589340106812708,4.327975266622351,4.3030721590680505,4.333978824664751,8.4695,8.580047619047619,8.513418497027674,4.373318055322671,4.391967459958423,4.335212951384731,8.32,8.462301075268819,8.496323621113959,4.28313071272807,4.34396278361657,4.309981839676932,8.573333333333332,8.44498907103825,8.622938402724671,4.178536854934963,4.263520202950879,4.267505874881256,7.169412859189253
2023-07-27,sz001313,8.67,8.62,8.75,8.6,19929,17100805.1,1.73,-0.35,-0.03,0.91,4.299485507161212,0.059885755276170016,8.61,8.611333333333333,8.6157633073427,4.293686889124443,4.28786950049766,4.2961771677444816,8.618,8.616545454545456,8.594914632846761,4.311796480576094,4.297892202802388,4.3277073123913805,8.503,8.594380952380954,8.52356911635837,4.392997142369901,4.384935788704951,4.331810337649158,8.339,8.481655913978495,8.504302742332413,4.292611355833073,4.345017931644514,4.309304656933982,8.5685,8.446519125683059,8.62284206165173,4.186889858687284,4.2674857325320685,4.268554387415025,7.2330165573077405
2023-07-28,sz001313,8.65,8.69,8.7,8.56,18654,15960150.54,1.62,0.81,0.07,0.86,4.270771972426836,-0.028713534734376545,8.614,8.638,8.6405088715618,4.284823628992147,4.28023119493179,4.287708769305267,8.628,8.629636363636363,8.612202881420076,4.300467024011182,4.290433201320706,4.317355432397827,8.5375,8.612190476190477,8.539419676705192,4.405536333011678,4.37329529632942,4.325997160008937,8.356,8.504301075268817,8.516283210569032,4.284323490615443,4.3436089391666926,4.306818677288359,8.564666666666666,8.450502732240437,8.625043961269705,4.189728733639746,4.270235965769431,4.268627095120331,7.203036983404621
2023-07-31,sz001313,8.69,8.85,8.88,8.69,37978,33061804.18,2.19,1.84,0.16,1.74,4.579532090157864,0.30876011773102796,8.678,8.716666666666667,8.710339247707866,4.341599037137202,4.378467348653696,4.384983209589466,8.655,8.67,8.65543872116188,4.335508387494074,4.341172304256466,4.365023915626924,8.5765,8.641952380952379,8.56899875511422,4.422982828782545,4.389866320819533,4.350143343832644,8.380333333333335,8.536172043010753,8.537813326016192,4.295916231807415,4.362654655266204,4.324413091021876,8.561166666666667,8.459857923497266,8.632419569096928,4.195172980266315,4.283016403688057,4.278820701515004,7.519326549297103
2023-08-01,sz001313,8.88,8.81,8.96,8.75,19529,17032738.0,2.37,-0.45,-0.04,0.9,4.290680005417863,-0.2888520847400011,8.724,8.760666666666667,8.74355949847191,4.336013865409764,4.3614943380805835,4.353548808198932,8.667,8.698181818181817,8.68354077185972,4.313788103468792,4.333021689333518,4.3515068410434585,8.611999999999998,8.664190476190477,8.591951254627151,4.426062187580639,4.377266051927659,4.344480168745522,8.404,8.563892473118282,8.555373756595792,4.3010810072043615,4.362316834208813,4.322236762918392,8.555833333333334,8.468016393442623,8.638241878306864,4.196865091973914,4.286147781561879,4.279209531151163,7.231284466090199
2023-08-02,sz001313,8.81,8.77,8.86,8.74,13929,12071701.0,1.36,-0.45,-0.04,0.64,4.143919938385837,-0.1467600670320257,8.748000000000001,8.776,8.752372998981274,4.316877902709922,4.297463029072607,4.283672518261234,8.675999999999998,8.716909090909091,8.699260631521588,4.299739280056756,4.302136568409345,4.313763767832982,8.648,8.679238095238096,8.608908277995994,4.433650398947799,4.350395361528154,4.325379194425552,8.429,8.587505376344087,8.569220611008967,4.304151395339987,4.35217741041407,4.310732451658227,8.550833333333333,8.47503825136612,8.642561816723033,4.1998343248773,4.284411874886859,4.274773806798201,7.081768470003266
2023-08-03,sz001313,8.84,8.88,9.0,8.75,40361,35327865.34,2.85,1.25,0.11,1.85,4.605961917948959,0.4620419795631223,8.8,8.82,8.794915332654183,4.378173184867472,4.39382436748562,4.3911023181571425,8.705000000000002,8.754000000000001,8.732122334881298,4.335930036995957,4.357813411662472,4.366890704217705,8.6875,8.701333333333332,8.63472653723447,4.459543463113115,4.366805982385406,4.352101358570638,8.459,8.616602150537634,8.58927089416968,4.3242175512101,4.371649057034003,4.329779513999565,8.548166666666667,8.485830601092896,8.65034667519113,4.209159421136239,4.2977275336760945,4.2856324333933085,7.548117396306429
2023-08-04,sz001313,8.8,8.73,8.87,8.71,28634,24846259.0,1.8,-1.69,-0.15,1.31,4.456882020623248,-0.14907989732571103,8.808,8.796666666666669,8.773276888436122,4.415395194506754,4.420060646070879,4.413028885645844,8.711,8.758545454545455,8.731736455811971,4.35010941174945,4.379804681412889,4.383252761745986,8.6795,8.70538095238095,8.643800200354997,4.427828670082375,4.366552511672087,4.362080469242315,8.486,8.634086021505377,8.598350191320023,4.339334473430217,4.380208055060659,4.337979675717222,8.543166666666668,8.491792349726776,8.652958259611092,4.21823708720442,4.305849586118291,4.291247173958224,7.395261008040676
2023-08-07,sz001313,8.8,8.81,8.87,8.73,25224,21958522.31,1.6,0.92,0.08,1.16,4.401813957739848,-0.05506806288340016,8.8,8.797333333333334,8.785517925624081,4.379851568023151,4.415533567148576,4.409290576343846,8.739,8.776545454545456,8.745966191118885,4.360725302580176,4.389205507956597,4.386627524653961,8.685500000000001,8.717809523809525,8.65962875270214,4.390936903462888,4.364074920020418,4.3658646110039845,8.517333333333333,8.654989247311828,8.612005017686473,4.348065635808171,4.384238989532248,4.3420980164928755,8.538333333333332,8.500540983606557,8.65810716913204,4.225100928861727,4.311868499906337,4.294872314410081,7.341603111087448
2023-08-08,sz001313,8.81,8.95,9.06,8.77,37244,32765537.3,3.29,1.59,0.14,1.71,4.571056317976274,0.16924236023642614,8.828,8.847333333333333,8.840345283749388,4.435926830534833,4.4792684837996175,4.463212490221323,8.776,8.814909090909092,8.783063247279088,4.3859703479722985,4.427447510755888,4.420160032530745,8.697,8.743,8.687283157206698,4.376910292779118,4.3812291499740725,4.385406678334679,8.549333333333331,8.682903225806452,8.633811145577669,4.366523327921988,4.398625485155995,4.356869519814386,8.536166666666666,8.51403825136612,8.66767742588181,4.2372594147403895,4.323211299549438,4.3039275276417595,7.515417294053545
2023-08-09,sz001313,8.9,8.83,8.95,8.78,21294,18575627.01,1.9,-1.34,-0.12,0.98,4.328257249731236,-0.24279906824503783,8.84,8.848,8.836896855832926,4.472794292803913,4.4433786235317525,4.418227410057961,8.794,8.824727272727273,8.791597202319252,4.394836097756917,4.416954220166604,4.403450435658107,8.708000000000002,8.755666666666666,8.700875237472728,4.361405682189635,4.376595526826656,4.3799638756105415,8.577666666666666,8.701010752688171,8.646468491024272,4.380490736134087,4.396156705917883,4.355023566905795,8.533666666666667,8.52367213114754,8.67299947749224,4.243471311528248,4.326194835122909,4.304725223447972,7.268943482049693
2023-08-10,sz001313,8.86,8.8,9.05,8.75,39971,35115474.16,3.4,-0.34,-0.03,1.83,4.601745013635368,0.2734877639041313,8.824000000000002,8.834666666666667,8.824597903888618,4.471950911941194,4.486362197142237,4.479399944583763,8.812,8.825818181818182,8.793124983715751,4.4250620484043335,4.454574023053595,4.439503995290336,8.715,8.76442857142857,8.710315691046754,4.368429264490214,4.399484986964344,4.401085888755763,8.606,8.715354838709677,8.65637374966787,4.403685444381378,4.410431175434096,4.370941079598026,8.531333333333333,8.5324043715847,8.677163429049871,4.256581850785674,4.337941513880519,4.314463577224608,7.545498537017755
2023-08-11,sz001313,8.8,8.6,8.8,8.58,30293,26005909.0,2.5,-2.27,-0.2,1.39,4.481342284852483,-0.12040272878288505,8.798,8.76,8.749731935925745,4.476842964787042,4.489492654779332,4.480047391340003,8.803,8.787272727272727,8.758011350312888,4.446119079646898,4.464806793316895,4.447110957028908,8.7155,8.753476190476192,8.699809434756586,4.37329305182904,4.410238607951228,4.4087293550506885,8.626000000000001,8.714967741935482,8.652736733560266,4.419063915223418,4.415441294174166,4.37806373800154,8.5245,8.534655737704918,8.674633480556432,4.268127679601209,4.345310708440087,4.319935010261586,7.415072038529408
2023-08-14,sz001313,8.58,8.54,8.6,8.48,13643,11493782.21,1.4,-0.7,-0.06,0.63,4.134909879131878,-0.34643240572060474,8.744,8.674,8.679821290617163,4.423462149065448,4.375514959560945,4.365001553937295,8.772,8.739454545454544,8.71837292298327,4.401656858544299,4.408223302314164,4.390347124683993,8.7135,8.736761904761904,8.684589488589292,4.368582623019186,4.3875354486467355,4.382651309725087,8.641666666666667,8.709419354838708,8.645463395911216,4.415874172036463,4.397108775716648,4.362376392268013,8.516833333333333,8.53516393442623,8.67021926807917,4.274344046946398,4.340942911703387,4.313868612519628,7.060462963644092
2023-08-15,sz001313,8.55,8.58,8.65,8.53,12569,10656977.91,1.41,0.47,0.04,0.58,4.099300726233463,-0.03560915289841482,8.67,8.619333333333334,8.64654752707811,4.329111030716886,4.267461151950283,4.276434611369351,8.748999999999999,8.704545454545455,8.693214209713584,4.382518930625859,4.353249460075831,4.337429597692988,8.708,8.724047619047617,8.674628584914123,4.348153517047326,4.361889553714763,4.355665539868742,8.657666666666668,8.705440860215054,8.641239951013718,4.411547768595712,4.376684682439034,4.345403768652881,8.509666666666666,8.537234972677595,8.66726125928969,4.280404413618524,4.335203786434111,4.306833599854508,7.027634065564065
2023-08-16,sz001313,8.61,8.51,8.63,8.5,10468,8850683.4,1.52,-0.82,-0.07,0.48,4.019863713967843,-0.07943701226562006,8.605999999999998,8.566,8.60103168471874,4.267432323564206,4.164378713033936,4.190910978902181,8.723,8.661090909090909,8.659902535220205,4.37011330818406,4.287312147956191,4.279690346106597,8.699499999999999,8.705190476190477,8.658949672065159,4.334926294120407,4.330623858183383,4.323684413592466,8.673,8.695913978494623,8.63277285739993,4.412471368693219,4.351414743430785,4.324401184479653,8.499333333333333,8.537245901639345,8.662105152427733,4.278905792717762,4.3266614684127775,4.297424751136912,6.946976805770158
2023-08-17,sz001313,8.51,8.51,8.52,8.36,14176,11821537.12,1.88,0.0,0.0,0.65,4.151553704542976,0.13168999057513275,8.547999999999998,8.533999999999999,8.570687789812494,4.177394061745728,4.125752506693526,4.1777918874491125,8.685999999999998,8.622363636363637,8.63264752881653,4.324672486843462,4.2475740382032665,4.256392774913211,8.6955,8.687142857142858,8.644763989011334,4.330301261919709,4.313159802033151,4.30729101273061,8.687000000000001,8.685397849462365,8.624852027890258,4.41458647102323,4.334581345743671,4.3132497341611575,8.4895,8.537595628415302,8.657118098249773,4.279643158701967,4.322485990111964,4.292642093871537,7.072673950261947
2023-08-18,sz001313,8.52,8.45,8.57,8.45,12407,10444200.0,1.41,-0.71,-0.06,0.57,4.093666782227903,-0.057886922315073086,8.517999999999999,8.501333333333333,8.530458526541663,4.0998589612208125,4.097843413520916,4.14975018570871,8.658,8.579454545454546,8.599438887213525,4.288350963003927,4.205573001000437,4.226806230788609,8.6845,8.663761904761905,8.626215037676921,4.3192301873766885,4.290623184919646,4.286945847920828,8.672333333333334,8.67010752688172,8.613571251897339,4.381336101056226,4.313876849692361,4.299083092100948,8.479166666666666,8.536300546448087,8.650327340930108,4.2809002272814665,4.316388403998061,4.286118313161909,7.01887517970249
2023-08-21,sz001313,8.45,8.35,8.54,8.35,10931,9104966.21,2.25,-1.18,-0.1,0.5,4.038659894302496,-0.055006887925406645,8.48,8.445333333333334,8.470305684361108,4.080608964254937,4.077443724548145,4.1127200885733055,8.612,8.523454545454547,8.554086362265611,4.252035556660192,4.160174624872904,4.1925978059729525,8.6755,8.631904761904762,8.599908843612454,4.306380429620184,4.2639022046268655,4.263299566623844,8.661,8.64931182795699,8.596566655000737,4.344636454528655,4.291768707321152,4.28228159546879,8.468,8.532065573770492,8.640480542866825,4.282872357660849,4.30844609799875,4.278004922379633,6.959278338396971
2023-08-22,sz001313,8.38,8.48,8.6,8.3,23852,19867749.6,3.59,1.56,0.13,1.09,4.377524800673702,0.3388649063712057,8.459999999999999,8.445333333333334,8.473537122907405,4.136253779142984,4.176415670021067,4.200988325940105,8.565,8.499454545454546,8.540616114580954,4.2326824049299345,4.182990851057179,4.2262208959185426,8.6705,8.613285714285714,8.588488953744601,4.309326376451116,4.270677859012915,4.274178160342878,8.652999999999999,8.63763440860215,8.589046225645852,4.3288343301627235,4.293890536104703,4.288426318385237,8.457666666666666,8.53245901639344,8.635218885723651,4.288518119846151,4.311549456786057,4.281267869208947,7.298148677796734
2023-08-23,sz001313,8.46,9.06,9.26,8.44,133755,118107656.14,9.67,6.84,0.58,6.13,5.126310025697545,0.7487852250238429,8.57,8.645333333333333,8.669024748604938,4.357543041488925,4.506434418872586,4.509428892525919,8.588,8.589454545454545,8.635049548293509,4.312487682526566,4.345468600287653,4.38987346496927,8.691,8.650380952380953,8.633394767673687,4.353661890141741,4.348485825607813,4.355333576090941,8.668000000000001,8.663892473118281,8.619430340120314,4.345099682301945,4.3453405809779175,4.342483331760224,8.458,8.552207650273223,8.649146135372057,4.30702278755651,4.339018043863152,4.308974169421688,8.07227805097154
2023-08-24,sz001313,8.83,9.78,9.86,8.43,245632,224343005.67,15.78,7.95,0.72,11.26,5.39028494438334,0.26397491868579515,8.824000000000002,9.048666666666668,9.039349832403293,4.605289289456997,4.850681719837392,4.803047576478393,8.686,8.806181818181818,8.843222357694689,4.391341675601362,4.541431738807066,4.571766461226373,8.749,8.754095238095239,8.742595265990479,4.408201862002848,4.447211830773679,4.4539003730711695,8.705333333333332,8.73563440860215,8.694305802048035,4.376066734860597,4.412771888208975,4.410083435800425,8.469333333333333,8.595551912568306,8.686223311261497,4.329172509026132,4.374534835890261,4.344426981715513,8.350912534104108
2023-08-25,sz001313,9.31,9.18,10.2,9.17,238055,228220580.86,10.53,-6.13,-0.6,10.92,5.376677307632017,-0.013607636751323149,8.97,9.167333333333334,9.086233221602196,4.861891394537819,5.107811059229065,4.994257486862935,8.744,8.895999999999999,8.904454656295654,4.480875177879316,4.72058367190355,4.718113887845581,8.7735,8.795142857142856,8.78425285970567,4.463497128763107,4.539447587500267,4.541783890648393,8.725,8.766258064516128,8.725640911593324,4.409153760512466,4.477327409032938,4.472444330757303,8.473166666666666,8.618852459016393,8.702412710892267,4.350730199784065,4.408879255516683,4.378271254696381,8.358354806387624
2023-08-28,sz001313,9.28,9.42,9.61,8.93,231411,214606521.69,7.41,2.61,0.24,10.61,5.364383999065849,-0.012293308566167838,9.184000000000001,9.317333333333332,9.197488814401463,5.12703621549049,5.275308594071742,5.1176329909305736,8.831999999999999,9.01890909090909,8.998190173332807,4.603822589872713,4.8812216393920105,4.835617544431083,8.802000000000001,8.856714285714286,8.844800206400368,4.5027397242085065,4.625246337052909,4.620126758116722,8.752999999999998,8.811096774193548,8.77043827213569,4.446995945303696,4.538955166358964,4.529988825486886,8.481,8.64989617486339,8.725940162994158,4.373339381556807,4.442113806312807,4.410602820085544,8.3316429156306
2023-08-29,sz001313,9.18,9.25,9.33,8.9,161924,146198385.22,4.56,-1.8,-0.17,7.42,5.2093112236458134,-0.1550727754200354,9.338,9.339333333333334,9.21499254293431,5.293393500084912,5.3027335967901825,5.1481924018356535,8.899000000000001,9.09490909090909,9.043973778181387,4.7148236396139485,4.9913104818962095,4.903561849742852,8.824000000000002,8.899380952380952,8.883390662933667,4.548671285119903,4.692538860808843,4.676239564357588,8.771666666666667,8.84316129032258,8.801377738449519,4.4703768912362,4.588136797219744,4.573816076981011,8.485666666666667,8.675109289617486,8.743122452732054,4.394857233780547,4.469522719168184,4.436789980858012,8.164942575809828
2023-08-30,sz001313,9.1,8.9,9.2,8.8,117163,103668594.16,4.32,-3.78,-0.35,5.37,5.068790483415546,-0.14052074023026773,9.306000000000001,9.193333333333333,9.109995028622873,5.281889591628513,5.22786592456706,5.121725095695618,8.937999999999999,9.09509090909091,9.017796727602953,4.8197163165587185,5.055668089860137,4.933603419501523,8.8305,8.906619047619047,8.884972504559032,4.594914812371389,4.742074022551285,4.713625366172632,8.779,8.851440860215051,8.807740465001164,4.496522968266512,4.626744125747445,4.6057499096542065,8.498666666666667,8.688693989071037,8.748265978871986,4.397735289292945,4.491618891287364,4.457511308810718,8.015647209149007
2023-08-31,sz001313,8.81,8.56,8.81,8.5,93817,79690408.48,3.48,-3.82,-0.34,4.3,4.972281541334687,-0.0965089420808587,9.062000000000001,8.944666666666668,8.92666335241525,5.198288911018783,5.124663241135784,5.071910577575308,8.943000000000001,9.026363636363637,8.93456095894787,4.90178910023789,5.083407221637585,4.9406358052893715,8.8145,8.880857142857142,8.854022742220078,4.613230793540676,4.778013711023981,4.738259287616637,8.777999999999999,8.837311827956988,8.791757209194637,4.52079720802577,4.657438227235714,4.6293971116981085,8.508,8.690704918032788,8.742093323827003,4.405603622200705,4.51045647332152,4.474389021352486,7.90140605295344
2023-09-01,sz001313,8.5,8.74,8.98,8.46,90083,77847395.89,6.07,2.1,0.18,4.13,4.954642840892603,-0.01763870044208371,8.974,8.837333333333333,8.8644422349435,5.113882017670901,5.043447884427058,5.032821332014407,8.972,8.989454545454544,8.899186239139166,4.98788670610436,5.093016992665715,4.943182539035414,8.815,8.873761904761905,8.843163433437212,4.6381188345541435,4.810529144105116,4.7588672450714915,8.780333333333335,8.834860215053764,8.788418034407888,4.542115693619246,4.685428268065832,4.650380707130012,8.520999999999999,8.698311475409836,8.742024690258903,4.418088850364552,4.528457759180271,4.490135048222654,7.891244089357331
2023-09-04,sz001313,8.72,8.8,8.92,8.65,66904,58055131.32,3.09,0.69,0.06,3.07,4.825452083776733,-0.12919075711586991,8.850000000000001,8.779333333333334,8.842961489962335,5.006095634613077,4.947304573129003,4.963698249268516,9.017,8.958181818181817,8.881152377477498,5.066565925051783,5.0634834249697835,4.921777001715654,8.814499999999999,8.872333333333332,8.839052630252716,4.659300740855987,4.828370405935838,4.765208658281515,8.789333333333333,8.836129032258064,8.789165257994478,4.559775594764051,4.703708035172768,4.661675634655607,8.533833333333332,8.707459016393441,8.74392552008648,4.424446419642862,4.541813930767555,4.501129049388362,7.763840611765765
2023-09-05,sz001313,8.8,8.7,8.93,8.68,56886,49295341.04,2.84,-1.14,-0.1,2.61,4.755005396959863,-0.0704466868168705,8.739999999999998,8.729333333333333,8.79530765997489,4.9152344692758865,4.863607827244598,4.894133965165632,9.039,8.900545454545455,8.848215581572498,5.1043139846804,5.006836056225798,4.8914548917600555,8.802,8.861428571428572,8.825809522609601,4.668498194805167,4.837485135088589,4.764236919108024,8.793333333333333,8.830365591397848,8.783412660704512,4.574322245860878,4.716303506282173,4.667696909642978,8.547166666666667,8.712907103825136,8.742485339100037,4.430947429971978,4.552651930023851,4.509452864062837,7.692805875540283
2023-09-06,sz001313,8.64,8.37,8.7,8.34,85852,71843184.0,4.14,-3.79,-0.33,3.94,4.933750416897593,0.17874501993772984,8.634,8.605999999999998,8.65353843998326,4.888226455972296,4.869779809785168,4.907339449076286,8.97,8.77890909090909,8.761267294013862,5.085058023800404,4.975824498447106,4.899144987239608,8.779,8.820285714285713,8.782399091884876,4.698772853163485,4.862747251478344,4.78038106175465,8.783999999999999,8.803053763440861,8.75674087614293,4.597460601361296,4.739492420542607,4.684861652046502,8.552,8.707098360655738,8.730272705031183,4.440295657044683,4.569137273857477,4.523364259237747,7.85638557147367
2023-09-07,sz001313,8.38,8.45,8.52,8.38,49259,41150679.0,1.67,0.96,0.08,2.26,4.6924855910416525,-0.24126482585594022,8.611999999999998,8.544666666666666,8.585692293322174,4.832267265913688,4.804532854808286,4.835721496398075,8.837,8.684363636363637,8.704673240556795,5.015278088466236,4.904447692490969,4.861570551567253,8.7615,8.788952380952379,8.750742035514888,4.703309882033799,4.862148464609597,4.772010064543888,8.778333333333334,8.781505376344086,8.736951142198224,4.610560604157311,4.745623065038114,4.685353519078447,8.558666666666666,8.703754098360656,8.721083436013766,4.451585979995191,4.5774057962836086,4.528909220936235,7.614377005611966
2023-09-08,sz001313,8.44,8.49,8.53,8.35,33985,28360518.0,2.13,0.47,0.04,1.56,4.531287274258281,-0.1611983167833717,8.562000000000001,8.504,8.553794862214783,4.747596152586825,4.70420619092315,4.7342434223514775,8.767999999999999,8.621272727272729,8.66564174227374,4.930739085128862,4.816449362634977,4.801519046601984,8.756,8.763095238095238,8.725909460703946,4.7058071315040895,4.845765359107166,4.749084084516688,8.771666666666668,8.762903225806454,8.7210188104435,4.619244447551692,4.740508656657532,4.675413761348114,8.563833333333333,8.701502732240437,8.713506929914953,4.451783969083568,4.58001895347256,4.528987189897613,7.452714158897741
2023-09-11,sz001313,8.96,9.33,9.33,8.9,147841,135855084.49,5.06,9.89,0.84,6.78,5.169794891464053,0.6385076172057724,8.668,8.76,8.812529908143189,4.8164647141242884,4.8449391038822265,4.879427245389003,8.758999999999999,8.723454545454546,8.786434152769424,4.911280174368683,4.859914054695921,4.8684782911223605,8.7955,8.817761904761904,8.783441893017855,4.757551382120698,4.889954669579544,4.789151780416437,8.787666666666667,8.798924731182796,8.760307919447145,4.638919874261898,4.776028040135748,4.707309318129788,8.584,8.726622950819673,8.733719817458724,4.467418053034657,4.603560295189954,4.549997278473562,8.133075896891771
2023-09-12,sz001313,9.6,10.25,10.25,9.53,388038,390203410.11,7.72,9.86,0.92,17.79,5.588874257507143,0.41907936604309004,8.978,9.287333333333333,9.291686605428794,4.983238486233745,5.102408951676511,5.1159095827617165,8.859,8.994545454545456,9.052537034084073,4.949236477754815,4.983112978902914,4.999459375919593,8.879000000000001,8.956285714285714,8.923114093682821,4.832030058684382,4.969128276759207,4.865315825853647,8.835666666666667,8.893268817204302,8.856417085934428,4.682193015998208,4.837315419699958,4.764184475508972,8.619833333333334,8.781245901639343,8.78343392180434,4.491637011601285,4.640329351074298,4.584058818769745,8.591291060510791
2023-09-13,sz001313,9.79,9.6,10.29,9.5,361072,351379863.49,7.71,-6.34,-0.65,16.56,5.5575938115589905,-0.031280445948152824,9.224,9.494666666666667,9.39445773695253,5.108007165166024,5.293860726784927,5.263137659027475,8.929,9.129272727272728,9.152075755159697,4.99811681056916,5.093723403230946,5.100938364217665,8.9335,9.024952380952382,8.987579418093981,4.90891656356394,5.038229586556787,4.931247062587489,8.863333333333333,8.942580645161291,8.904390177164466,4.729315478437313,4.893792890381299,4.8153721746089735,8.646166666666666,8.813382513661201,8.810206580105836,4.516733436888648,4.6752787543515995,4.6159779988611955,8.545776869778079
2023-09-14,sz001313,9.64,9.3,9.79,9.18,223818,206504556.45,6.35,-3.13,-0.3,10.26,5.349895010638813,-0.2076988009201779,9.394,9.520000000000001,9.362971824635022,5.239489049085456,5.374490008609189,5.292056776231254,9.003,9.196727272727273,9.178971072403387,5.035878157499573,5.1576830759708825,5.14620320902151,8.972999999999999,9.059857142857144,9.017333759227888,4.968833628868731,5.0802275338972525,4.971118295735234,8.877333333333333,8.970752688172043,8.929913391540952,4.754113248193642,4.933830279555589,4.849857518868964,8.668166666666668,8.834819672131147,8.826265380758104,4.53916539970187,4.702595527261441,4.640040851706363,8.314929638652277
2023-09-15,sz001313,9.29,9.17,9.57,9.1,155366,142374136.98,5.05,-1.4,-0.13,7.12,5.191355984684008,-0.15853902595480474,9.53,9.445333333333334,9.298647883090016,5.3715027911706015,5.358445653808706,5.258489845715506,9.046000000000001,9.22709090909091,9.177339968330044,5.059549471878713,5.185951771822597,5.154412804596509,9.009,9.078619047619048,9.031873401206184,5.023718088991536,5.101420139212993,4.992093313730355,8.892,8.989634408602152,8.945402850151213,4.778595713662333,4.96203948836142,4.8718896779538055,8.688999999999998,8.851273224043716,8.837535368274231,4.558965093546275,4.723978825129708,4.65811675770563,8.153431104560662
2023-09-18,sz001313,9.24,9.15,9.33,8.88,125809,113267740.68,4.91,-0.22,-0.02,5.77,5.099711710350325,-0.0916442743336825,9.494,9.318666666666667,9.249098588726678,5.357486154947856,5.267848626868615,5.205563800593779,9.081,9.245999999999999,9.172369064997309,5.086975434536072,5.193253996999255,5.144467151097203,9.049000000000001,9.09204761904762,9.043123553472261,5.0767706797939285,5.10865762696145,5.002342684837019,8.903333333333334,9.006279569892474,8.95860266627049,4.801858972082682,4.9827566494380635,4.886587873592291,8.710333333333333,8.866387978142077,8.847780110298027,4.574962303945427,4.741708222401972,4.672595280743161,8.054106237846202
2023-09-19,sz001313,9.01,9.08,9.25,9.0,84694,76106906.44,2.73,-0.77,-0.07,3.88,4.927852644578762,-0.17185906577156373,9.26,9.180666666666667,9.192732392484452,5.22528183236218,5.124637456745584,5.11299341525544,9.119,9.245818181818182,9.155574689543252,5.104260159297962,5.16432258064338,5.105082695366577,9.078999999999999,9.094999999999999,9.046635595998712,5.104287071989181,5.094474956940957,4.9952483952886135,8.907666666666668,9.01767741935484,8.966434752317555,4.8137521829694325,4.990885273470068,4.889250116881741,8.7285,8.878508196721311,8.855393877173501,4.590137755445711,4.753278397504704,4.6809643746394105,7.881424069289411
2023-09-20,sz001313,9.0,9.2,9.33,9.0,109003,99471655.66,3.63,1.32,0.12,5.0,5.03743845083527,0.10958580625650871,9.18,9.160666666666666,9.195154928322967,5.1212507602174355,5.062022996236613,5.087808427115384,9.202,9.260545454545456,9.163652018717206,5.1146289626917305,5.152173179104708,5.092783741815429,9.086,9.10652380952381,9.061241729713121,5.099843493246068,5.088108421592966,4.999266495816867,8.919999999999998,9.036537634408601,8.981503477974488,4.837391556339567,5.005316645590446,4.898810654556163,8.748833333333334,8.893967213114754,8.866692438577648,4.608941146236827,4.767943994074854,4.692652049268783,7.997699346633974
2023-09-21,sz001313,9.18,9.0,9.28,8.98,68775,61973304.91,3.26,-2.17,-0.2,3.15,4.8374305990617215,-0.20000785177354885,9.120000000000001,9.100666666666665,9.130103285548646,5.018757877902017,4.967416275851376,5.004349151097497,9.257,9.223818181818181,9.133897106223168,5.129123463493737,5.101773476626526,5.046355897678391,9.047,9.098333333333333,9.055409184026157,5.0722007759799865,5.063116717384934,4.983853553268759,8.926666666666666,9.041698924731184,8.982696801976134,4.845247742520445,5.005319164475746,4.894850650975877,8.766333333333334,8.90220218579235,8.871063178296414,4.624466593450912,4.7754354515445225,4.697398886966911,7.792204656806522
2023-09-22,sz001313,8.91,9.03,9.08,8.91,68290,60678717.27,1.89,0.33,0.03,3.13,4.834357112718405,-0.0030734863433163895,9.092,9.070666666666666,9.096735523699099,4.947358103508896,4.905949354123504,4.947685138304466,9.311,9.182545454545455,9.1150067232735,5.15943044733975,5.048179594667374,5.007810664049303,9.0395,9.096714285714285,9.05298926173795,5.0450847662343055,5.040464939931448,4.969615797025868,8.941,9.048365591397848,8.98574862120348,4.8570149034493095,5.004616543198195,4.89094784205604,8.7835,8.910846994535518,8.876274221630956,4.638039409336363,4.782317107913948,4.701889320598108,7.78303639135581
2023-09-25,sz001313,8.95,9.16,9.19,8.95,70359,63328004.06,2.66,1.44,0.13,3.23,4.84731965827877,0.012962545560364802,9.094,9.093333333333332,9.117823682466067,4.8968796930945855,4.872603205713462,4.914229978295902,9.294,9.155090909090909,9.123187319041955,5.127182924021222,4.9914321784744695,4.978630481181932,9.0265,9.108190476190478,9.063180760620051,5.019231549194951,5.021630167745208,4.95796854571662,8.961666666666666,9.062494623655914,8.996990645641967,4.880761896087538,5.003991043509774,4.888133120522022,8.801666666666668,8.923191256830602,8.885576706167646,4.648318034062001,4.789178755420258,4.706657528390916,7.801595800369208
2023-09-26,sz001313,9.11,9.08,9.23,9.03,48479,43730333.0,2.18,-0.87,-0.08,2.22,4.685553652846327,-0.16176600543244302,9.094,9.088666666666665,9.105215788310712,4.8484198947480985,4.802161192297376,4.838004536479377,9.177000000000001,9.116181818181818,9.115335079216145,5.03685086355514,4.911135947351761,4.925343785120912,9.017999999999999,9.113285714285714,9.06478259294195,4.993043670654977,4.9898513204739094,4.932024270205163,8.978333333333333,9.070129032258064,9.002346087858614,4.9003036603079675,4.991396963300662,4.875063477446171,8.818000000000001,8.93231693989071,8.891951240391657,4.655925714451841,4.790399595380398,4.705965598045191,7.640782784445516
2023-09-27,sz001313,9.11,9.07,9.19,9.01,39417,35512916.82,1.98,-0.11,-0.01,1.81,4.595683567355265,-0.08987008549106168,9.068000000000001,9.080666666666668,9.093477192207143,4.760068918052098,4.717915749833098,4.757230880104673,9.123999999999999,9.096727272727273,9.10709233754048,4.940659839134766,4.830923711679056,4.865405563708976,9.026499999999999,9.118238095238095,9.06527948885224,4.9693883248519635,4.952007501112033,4.899991822314696,8.997000000000002,9.07604301075269,9.006710856383865,4.919497655420882,4.971744054077908,4.857038967117726,8.834999999999999,8.940579234972677,8.89778890464111,4.665984512057051,4.788424443016576,4.702349793760275,7.550386344135107
2023-09-28,sz001313,9.11,9.2,9.23,9.05,51833,46878587.0,1.98,1.43,0.13,2.38,4.714606345743655,0.11892277838838972,9.108,9.124666666666666,9.128984794804762,4.735504067388485,4.702761559063617,4.743022701984334,9.114,9.110545454545454,9.123984639805848,4.877130972645251,4.7898230765170355,4.837987524078918,9.058499999999999,9.134761904761904,9.078110013723457,4.956504565072412,4.927742550720765,4.882336062641263,9.020000000000001,9.089139784946239,9.019181123713938,4.938266076794237,4.9585252599051834,4.847849765738754,8.8535,8.952546448087432,8.90769746514468,4.676426273908733,4.790018601498105,4.702751647923664,7.670974512836161
2023-10-09,sz001313,9.22,9.04,9.23,9.01,48474,43587039.0,2.39,-1.74,-0.16,2.22,4.685508858514816,-0.02909748722883876,9.11,9.102,9.099323196536508,4.705734416547767,4.686096489439062,4.723851420827828,9.100999999999999,9.097090909090909,9.108714705295693,4.826546260028332,4.754982692129685,4.8102641303399905,9.0735,9.133000000000001,9.074480488606936,4.943047865953522,4.901933435810518,4.863590614629221,9.039666666666667,9.090430107526883,9.020524277022718,4.957994146003801,4.942218342596835,4.8373761588210815,8.856,8.958661202185791,8.912035253172723,4.669665123530013,4.7903163911573206,4.702186310565997,7.639357367075976
2023-10-10,sz001313,9.08,9.16,9.2,9.04,42307,38262460.0,1.77,1.33,0.12,1.94,4.626412230492285,-0.05909662802253113,9.11,9.118666666666664,9.119548797691007,4.661552930990469,4.6596557607539015,4.691371690715981,9.102,9.107818181818184,9.11803930433284,4.779216312042528,4.718594686759495,4.776836512185862,9.0915,9.141238095238094,9.082625203977704,4.9330958732893,4.871777661004686,4.84100219709237,9.066666666666666,9.098193548387096,9.029522710763189,4.977585890543462,4.920825960950929,4.823765582799869,8.863833333333334,8.968628415300547,8.920165244871978,4.6611111725360574,4.78889826351674,4.699701914498006,7.582772888589361
2023-10-11,sz001313,9.16,9.2,9.22,9.08,38482,34888169.0,1.53,0.44,0.04,1.76,4.585257635257462,-0.0411545952348229,9.134,9.148666666666665,9.146365865127338,4.641493727472697,4.634223995509566,4.656000338896475,9.113999999999999,9.125636363636364,9.132941248999595,4.744956811110398,4.683329472798573,4.742003989107971,9.1165,9.15157142857143,9.093803755979827,4.92460848520418,4.838650209763558,4.816645572155712,9.090666666666666,9.106795698924731,9.040521245552661,4.98451031836292,4.895514460609897,4.808377973281004,8.871833333333333,8.979650273224042,8.929340154876174,4.656672324262822,4.786411262294489,4.695949643047497,7.542678177414214
2023-10-12,sz001313,9.2,9.15,9.22,9.03,33717,30345238.0,2.07,-0.54,-0.05,1.55,4.527848925934715,-0.05740870932274689,9.149999999999999,9.154,9.147577243418226,4.627926799188587,4.596342394996905,4.613283201242556,9.109,9.132181818181818,9.136042840090576,4.6939978586203415,4.64385531185754,4.703066704894652,9.1555,9.154761904761903,9.099155779219844,4.9043134106560355,4.8008635850712285,4.789141129658475,9.093666666666667,9.110623655913978,9.047584391000877,4.964561615037492,4.866052435291949,4.790279325065115,8.880833333333332,8.98877049180328,8.936574903896627,4.654830648669718,4.78218754431652,4.690438144125766,7.482090548044359
2023-10-13,sz001313,9.11,9.06,9.15,9.0,33273,29894133.0,1.64,-0.98,-0.09,1.53,4.522091960012432,-0.005756965922283364,9.122,9.124,9.118384828945485,4.589423922042342,4.5610641152715194,4.582886120832515,9.115,9.123272727272727,9.122216869165015,4.662463994715413,4.6125996939288285,4.670162205825157,9.186,9.145666666666667,9.095426657389384,4.895793729104575,4.764461542152789,4.763707875406471,9.069666666666668,9.108451612903224,9.048385398033078,4.935621848891795,4.837506005935492,4.772976914416555,8.8875,8.99464480874317,8.940621628359033,4.655844291876196,4.777835456163822,4.684918597105656,7.475585962379821
2023-10-16,sz001313,9.09,8.99,9.16,8.95,29154,26070272.0,2.32,-0.77,-0.07,1.34,4.46469814944665,-0.057393810565781855,9.112,9.08,9.075589885963657,4.545261780228709,4.519488857739622,4.543490130370561,9.111,9.100545454545454,9.098177438407738,4.6254980983882374,4.576642267516327,4.632805104665429,9.211,9.127,9.0853860233523,4.892464272863994,4.7234048202806065,4.7352307586483935,9.063333333333334,9.10331182795699,9.044618598159976,4.905222543618949,4.807123831777742,4.753087961837851,8.894166666666667,8.998005464480876,8.942240591363655,4.657188152065708,4.771568369526787,4.677698254559459,7.416145562333762
2023-10-17,sz001313,8.98,9.01,9.06,8.91,22889,20345392.0,1.67,0.22,0.02,1.05,4.3596268191503516,-0.10507133029629845,9.082,9.046,9.053726590642437,4.491904697960322,4.45761053738017,4.482202359963825,9.096,9.082181818181818,9.082145176879058,4.576728814475397,4.52830203492762,4.583136325480869,9.194999999999999,9.107857142857142,9.078206402080651,4.851955869248308,4.672658396117402,4.699458954886675,9.049666666666667,9.099870967741934,9.042385140214172,4.871730637621766,4.771924107618478,4.727703371987045,8.901333333333334,9.001803278688524,8.944462211318944,4.659363291462731,4.761812260250874,4.667269682906701,7.3084660619355235
2023-10-18,sz001313,8.98,8.93,9.07,8.9,23675,21036068.0,1.89,-0.89,-0.08,1.09,4.374289987675311,0.014663168524959858,9.028,8.995333333333333,9.012484393761625,4.449711168443892,4.418405633951833,4.446231569200988,9.081,9.052000000000001,9.0544824174465,4.545602447958294,4.491494975509424,4.545164264061676,9.129,9.082619047619048,9.064091506644399,4.7912266557567165,4.627166407396164,4.668490481818926,9.039,9.092150537634408,9.035134486006807,4.84389659642275,4.73983116246064,4.7049025084830625,8.905333333333333,9.002743169398908,8.943988040456027,4.657136743829475,4.752465594552926,4.65766379125977,7.322964566019393
2023-10-19,sz001313,8.93,8.9,9.07,8.8,28366,25137680.1,3.02,-0.34,-0.03,1.3,4.4527980985591595,0.07850811088384813,8.978,8.952666666666666,8.974989595841084,4.434701002968781,4.419434610656922,4.448420412320378,9.064,9.01909090909091,9.0263947051835,4.531313901078684,4.474621457436853,4.528370415788491,9.094,9.060809523809525,9.048463744106838,4.735986870106725,4.594935116234493,4.6479483500799015,9.039,9.083182795698926,9.026416132070885,4.823363516927538,4.714599001308152,4.688637707842811,8.908999999999999,9.002568306010929,8.942545809621404,4.6599432425970235,4.745765966839145,4.650946883302373,7.400325195137608
2023-10-20,sz001313,8.78,8.72,8.88,8.65,32095,27818692.74,2.58,-2.02,-0.18,1.47,4.506437380020297,0.0536392814611375,8.91,8.866666666666667,8.889993063894057,4.431570086970353,4.44334673634076,4.4677594015536854,9.016,8.956545454545454,8.970686576968319,4.510497004506348,4.470098453608056,4.524382591103365,9.065000000000001,9.025190476190478,9.01718148276333,4.6938139885757995,4.573073260035785,4.6344711148361295,9.044333333333334,9.062602150537636,9.006647349356635,4.8078353782170575,4.694152153765749,4.676882847983294,8.911166666666666,8.996371584699453,8.93524922569939,4.664316293121414,4.7407329877382685,4.646208866801321,7.444336717706935
2023-10-23,sz001313,8.67,8.48,8.69,8.44,29565,24948803.0,2.87,-2.75,-0.24,1.36,4.470777883335124,-0.035659496685172876,8.808,8.723333333333334,8.753328709262705,4.432786033748049,4.4564160017956835,4.468765562147499,8.96,8.85909090909091,8.881470835701352,4.489023906988379,4.462876795213288,4.5146362806000475,9.0305,8.969476190476191,8.966021341547775,4.657785083508355,4.55183172620334,4.618881283264605,9.035666666666666,9.026193548387097,8.972670101011046,4.7917065462984745,4.672406508934657,4.663585753489864,8.908,8.982234972677597,8.920323021578099,4.6669111199588595,4.734387466105931,4.6404570312778395,7.397049713768411
2023-10-24,sz001313,8.48,8.92,8.95,8.48,43789,38061072.0,5.54,5.19,0.44,2.01,4.641365027415445,0.17058714408032127,8.790000000000001,8.760666666666667,8.808885806175137,4.489133675401067,4.52594233301815,4.5262987172368145,8.936,8.851818181818182,8.888476138301105,4.490519186680695,4.490575180745482,4.5376778709301195,9.019,8.95895238095238,8.961638356638463,4.634867749361611,4.5502679113373485,4.621022592231352,9.039666666666667,9.0187311827957,8.969272029978075,4.785570311086432,4.662707056103494,4.662152158259256,8.914499999999999,8.982628415300546,8.920312430706685,4.67267295292524,4.733549889301229,4.640486801643006,7.580481016140392
2023-10-25,sz001313,8.91,8.93,9.01,8.83,30505,26876850.5,2.02,0.11,0.01,1.4,4.484371029328407,-0.15699399808703873,8.790000000000001,8.807333333333334,8.849257204116759,4.511149883731687,4.5243547843272625,4.512322821267345,8.909,8.850727272727273,8.896025931337267,4.4804305260877895,4.489457333954157,4.527985717911626,9.011500000000002,8.95047619047619,8.958625179815753,4.612693668599094,4.535934890381806,4.6080081576691665,9.047333333333334,9.011655913978494,8.966738350624652,4.776549165498717,4.643274844377169,4.650682408005653,8.920333333333334,8.983136612021859,8.920630055929417,4.6754357056797975,4.7273760557406765,4.635368251731052,7.429378375594234
2023-10-26,sz001313,8.93,8.91,9.03,8.83,24210,21318493.0,2.24,-0.22,-0.02,1.11,4.383994789441733,-0.10037623988667388,8.792,8.847333333333331,8.869504802744506,4.497389221908201,4.481969752897277,4.469546810658808,8.885,8.850909090909092,8.898566671094127,4.466045112438492,4.471923563654873,4.501805549098918,8.997,8.940809523809525,8.95399421030949,4.580021485529416,4.51415404474777,4.586673551171316,9.065333333333333,9.002795698924732,8.963077811874674,4.758223977916854,4.617948755599299,4.633476755195078,8.924666666666667,8.98279781420765,8.9202815295055,4.677842289639075,4.717820615864019,4.6271264988691065,7.328756501249644
2023-10-27,sz001313,8.91,9.18,9.2,8.86,44948,40435325.7,3.82,3.03,0.27,2.06,4.652710372191876,0.2687155827501435,8.883999999999999,8.976666666666667,8.973003201829671,4.5266438203425166,4.5337434696585035,4.530601331169831,8.897,8.904545454545454,8.949736367258831,4.479106953656435,4.505862701791853,4.529242789661274,9.005999999999998,8.958238095238094,8.975518571232396,4.570785474185924,4.52107679585848,4.592962772220893,9.089666666666666,9.010193548387097,8.977072791753727,4.756898137288528,4.611141426197688,4.634717633711001,8.934000000000001,8.991169398907106,8.928796889193844,4.6837293707229195,4.716996618570668,4.627965314387886,7.606760945632441
2023-10-30,sz001313,9.12,9.35,9.4,9.08,55818,51207667.0,3.49,1.85,0.17,2.56,4.746774271340633,0.09406389914875657,9.058,9.132000000000001,9.09866880121978,4.581843097943619,4.607120286657875,4.602658977893432,8.933,8.98690909090909,9.02251157321177,4.507314565845833,4.554529486825343,4.56879396814843,9.022,8.991000000000001,9.011183469210263,4.566406332117035,4.537837633682739,4.6076114864227735,9.118333333333334,9.026989247311828,9.001132611640584,4.764081037191274,4.610488273555888,4.6419470942032355,8.944999999999999,9.0048087431694,8.942606827253062,4.6916627423714825,4.719063664492561,4.631860690025681,7.709334990009233
2023-10-31,sz001313,9.17,9.3,9.4,9.17,36385,33508241.0,2.46,-0.53,-0.05,1.67,4.5609223792574705,-0.18585189208316244,9.134,9.212666666666667,9.165779200813187,4.565754568312024,4.600146713762493,4.588746778348112,8.962,9.053636363636363,9.072964014445992,4.527444121856545,4.564276361991095,4.5673627701682555,9.029,9.017476190476192,9.038689805475952,4.552086468165971,4.537315352458018,4.603164904787983,9.117333333333335,9.038709677419355,9.020414378631514,4.743785286784388,4.597381263366611,4.636719693238993,8.952499999999999,9.016448087431694,8.954324636195585,4.691352580523143,4.714777095210134,4.629534843770985,7.525151630340666
2023-11-01,sz001313,9.29,9.37,9.41,9.24,37419,34516188.0,1.83,0.75,0.07,1.72,4.573092177063377,0.012169797805906768,9.222,9.291333333333334,9.233852800542124,4.583498797859018,4.6025925833462775,4.583528577919867,9.006,9.127818181818181,9.126970557273992,4.5473243407953525,4.572576008392337,4.5684044805128226,9.0435,9.049952380952382,9.070243157335385,4.546463394376823,4.539315896162533,4.600300835480877,9.088000000000001,9.055010752688174,9.042968289687547,4.709925884102929,4.586368804674932,4.632614692195404,8.961833333333335,9.030136612021856,8.967953336648188,4.696059450050568,4.710899704932764,4.62768426453467,7.538022825803867
2023-11-02,sz001313,9.37,9.31,9.43,9.31,23741,21987875.0,1.28,-0.64,-0.06,1.09,4.375499008019384,-0.19759316904399338,9.302000000000001,9.320666666666666,9.259235200361417,4.581799641574548,4.533259320066398,4.51418538795304,9.047,9.18309090909091,9.16024863776963,4.539594431741375,4.541335038796706,4.533330758241288,9.0555,9.075333333333333,9.093077142351063,4.535454166410029,4.5230335736523015,4.5788911376274015,9.078333333333335,9.069333333333333,9.060196141965772,4.670522723984941,4.564792877185671,4.616026583538887,8.970833333333333,9.041551912568304,8.979167981348247,4.699919101211127,4.700389526505513,4.619415895468595,7.342183259357703
2023-11-03,sz001313,9.3,9.44,9.48,9.25,39343,36614763.6,2.47,1.4,0.13,1.8,4.594867472862688,0.21936846484330452,9.354000000000001,9.366666666666667,9.319490133574277,4.570231061708711,4.537615263829112,4.541079416256256,9.119,9.254545454545454,9.211112521811515,4.548437441025614,4.551384682636946,4.544519251808815,9.067499999999999,9.111952380952381,9.126117414508105,4.529467222765981,4.528691983790649,4.580412693364096,9.083,9.092666666666666,9.084699616677659,4.645355139392404,4.559911893242299,4.614661479624294,8.980166666666667,9.056934426229507,8.99427722786142,4.699734193793023,4.6969452108219585,4.618611029153648,7.563656234497806
2023-11-06,sz001313,9.44,9.3,9.5,9.23,42524,39174513.74,2.86,-1.48,-0.14,1.95,4.628634109478297,0.03376663661560819,9.344,9.348666666666666,9.312993422382853,4.546603029336243,4.557082946418975,4.570264313996937,9.200999999999999,9.287454545454546,9.227273881482148,4.564223063639931,4.565965895082887,4.559812862294175,9.0805,9.134095238095238,9.142677660745429,4.526623485314155,4.538136449191823,4.585005209184496,9.087333333333333,9.106666666666666,9.098589963988777,4.626597743552213,4.55883311711881,4.615562939614875,8.989666666666666,9.067420765027324,9.004300925308586,4.702596728607274,4.694614060516558,4.618939654738063,7.59300361442345
2023-11-07,sz001313,9.3,9.26,9.42,9.19,30967,28388111.48,2.47,-0.43,-0.04,1.42,4.490899134108688,-0.13773497536960821,9.336000000000002,9.320666666666666,9.295328948255236,4.532598380306487,4.5385149813431225,4.543809254034187,9.235,9.298181818181817,9.23322408484903,4.549176474309255,4.552634271531753,4.547283093533177,9.0855,9.151190476190477,9.153851216864911,4.519847830494975,4.534734130029397,4.5760427258439424,9.091000000000001,9.117806451612905,9.109003514699179,4.606303991010827,4.550078368122453,4.6075201134531865,8.997166666666665,9.076284153005465,9.012684501527977,4.704081481546754,4.6876731557788975,4.614741604881361,7.453136502032888
2023-11-08,sz001313,9.26,9.2,9.28,9.16,22606,20604040.24,1.3,-0.65,-0.06,1.04,4.354223723264851,-0.1366754108438375,9.302,9.275333333333332,9.263552632170157,4.488824689546782,4.479056762329244,4.480614077111075,9.262,9.291818181818181,9.227183342149207,4.5361617437029,4.517188316796407,4.512181389848027,9.0855,9.162095238095239,9.158246339068254,4.508296134895344,4.51896040553129,4.554917106550696,9.095,9.12483870967742,9.11487425568633,4.587183026967029,4.533815125042068,4.59117841086039,9.001333333333333,9.082934426229507,9.018825993281157,4.70046760496823,4.676202409605721,4.606200034992296,7.313952389393014
2023-11-09,sz001313,9.24,9.19,9.28,9.16,18775,17106578.27,1.3,-0.11,-0.01,0.86,4.273579945676206,-0.08064377758864527,9.278,9.238,9.239035088113438,4.468440877078146,4.407308514372386,4.411602699966119,9.290000000000001,9.278727272727272,9.220422734485714,4.525120259326347,4.4694461717006435,4.468799309089514,9.0875,9.172047619047618,9.161270497252229,4.495582685882419,4.496606482748515,4.5281230912293156,9.094666666666667,9.130967741935484,9.119721077900115,4.5617210767950604,4.513582668184594,4.570688187300121,9.007333333333332,9.089120218579236,9.024438255796529,4.699556316567313,4.6622060929076214,4.595294458293408,7.2331631488123165
2023-11-10,sz001313,9.25,9.23,9.26,9.11,20362,18518975.0,1.63,0.44,0.04,0.93,4.30882043310996,0.03524048743375463,9.236,9.222000000000001,9.236023392075627,4.4112314691276,4.354101699716323,4.3773419443474,9.295,9.267818181818182,9.22216405548831,4.490731265418155,4.430118930570392,4.439712240729595,9.096,9.185619047619047,9.167816164180588,4.484919109537295,4.4788196015320905,4.507237123789377,9.102333333333332,9.139698924731183,9.12683584706785,4.544100737930001,4.497266497624266,4.5537934934814,9.0145,9.096420765027323,9.031177985114674,4.694674240225224,4.64939508033525,4.585901867303787,7.267616945404069
2023-11-13,sz001313,9.25,9.21,9.27,9.1,22754,20618371.24,1.84,-0.22,-0.02,1.04,4.357057753750343,0.048237320640383,9.218,9.213333333333335,9.227348928050418,4.3569161979820095,4.33604379459057,4.3705805474817145,9.281,9.252363636363636,9.21995240903589,4.451759613659126,4.405814655721699,4.424684152187912,9.107000000000001,9.19647619047619,9.171833672353864,4.47953708975248,4.46664232955238,4.492934326642802,9.108333333333333,9.146645161290323,9.13220127628928,4.528190759297733,4.485199208322353,4.541100865111655,9.024666666666667,9.102830601092897,9.03704100199616,4.692602831373521,4.638325687336073,4.57839878161351,7.314254354962104
2023-11-14,sz001313,9.21,9.26,9.33,9.17,28066,25732207.85,1.74,0.54,0.05,1.29,4.448180520874052,0.09112276712370893,9.218,9.227333333333332,9.238232618700279,4.348372475335083,4.366465235554585,4.396447205279161,9.277,9.248545454545456,9.227233789211184,4.440485427820785,4.405163911578958,4.428956219221755,9.1195,9.21104761904762,9.180230465463021,4.4839647748386655,4.463655989659197,4.48867205942673,9.111666666666668,9.156430107526884,9.140446355238359,4.514886121384242,4.480037257456308,4.5351060041931,9.036666666666667,9.110546448087431,9.044351133078253,4.69782400873589,4.630311841090189,4.574129330441725,7.410477050723959
2023-11-15,sz001313,9.27,9.23,9.29,9.07,22028,20113868.0,2.38,-0.32,-0.03,1.01,4.342975067809245,-0.10520545306480678,9.224,9.231333333333334,9.235488412466854,4.346122744243962,4.36466609971264,4.378623159455856,9.263,9.24,9.227736736627332,4.417473716895371,4.387434755213223,4.413323282601298,9.1345,9.22157142857143,9.184970421133208,4.482399028845362,4.450228398513538,4.474796155463161,9.116666666666667,9.164064516129033,9.146224009739111,4.50346683521634,4.468946221741793,4.522710459910272,9.047500000000001,9.11688524590164,9.050437981174047,4.701885247762154,4.618677449584397,4.566550502158693,7.3034955956849394
2023-11-16,sz001313,9.2,9.21,9.3,9.18,18106,16544892.0,1.3,-0.22,-0.02,0.83,4.2578225160344765,-0.08515255177476888,9.228,9.226666666666667,9.226992274977903,4.3429712583156155,4.335232690309478,4.338356278315397,9.253,9.230363636363636,9.224511875422362,4.4057060676968804,4.358407264147607,4.385050415952785,9.15,9.228761904761905,9.187354190549094,4.472650249719128,4.428840159198215,4.454131999327096,9.121333333333332,9.170086021505377,9.150338589755943,4.492204800172313,4.453098201149414,4.505620915144092,9.059166666666666,9.122213114754096,9.055669522774897,4.705851227796598,4.604118015757261,4.55642827310544,7.218663936563437
2023-11-17,sz001313,9.19,9.2,9.23,9.15,18063,16419963.0,0.87,-0.11,-0.01,0.83,4.25678988192681,-0.001032634107666297,9.222,9.217333333333332,9.217994849985269,4.332565148078985,4.3065055648465425,4.311167479519201,9.229000000000001,9.220727272727272,9.220055170800114,4.371898308603293,4.331331594007593,4.361730318857153,9.174,9.23352380952381,9.188558553353943,4.460167874814454,4.40828202893228,4.43533751195564,9.121333333333332,9.175161290322583,9.153542551707174,4.476944251378418,4.437910141907769,4.489567300097815,9.070666666666666,9.126830601092895,9.060401669569162,4.707605164086329,4.589394692941857,4.546604063558599,7.215372174165034
2023-11-20,sz001313,9.25,9.37,9.38,9.22,27977,25793078.0,1.74,1.85,0.17,1.28,4.446801142847091,0.1900112609202811,9.254,9.266666666666667,9.268663233323512,4.350513825898335,4.344584229769244,4.356378700628499,9.236,9.246363636363638,9.247317867018275,4.353715011940173,4.344950291142829,4.377197741400778,9.2185,9.252190476190476,9.205838691129758,4.458969037790052,4.407009006840152,4.436429286326255,9.132333333333332,9.19120430107527,9.167507548371226,4.468987327522827,4.435965425228328,4.486808193178414,9.086,9.13664480874317,9.07055243450132,4.713490736763315,4.5808437414258165,4.543331836650024,7.4115031714768875
2023-11-21,sz001313,9.39,9.31,9.42,9.28,21091,19462920.77,1.49,-0.64,-0.06,0.97,4.3240971716876135,-0.12270397115947773,9.264,9.285333333333334,9.28244215554901,4.3256971560610475,4.335778678365671,4.345618190981537,9.241,9.259818181818183,9.258714618469497,4.337034815698065,4.339565229278727,4.367543092362021,9.238,9.260904761904762,9.215758815784067,4.44310564500366,4.394164067211346,4.425730989694003,9.137333333333334,9.202666666666666,9.176700609766632,4.458910158896004,4.42661767323896,4.476310707920943,9.102,9.143989071038252,9.078403174353735,4.718248024719733,4.568076739292187,4.536143814847978,7.289208014714973
2023-11-22,sz001313,9.3,9.3,9.4,9.28,20087,18556553.81,1.29,-0.11,-0.01,0.92,4.302915079568861,-0.021182092118752216,9.278,9.297333333333334,9.288294770366008,4.317685158412971,4.328184652868275,4.331383820510645,9.251,9.270545454545454,9.266221051475043,4.331903951328465,4.333361640891599,4.355792544581446,9.256499999999999,9.266809523809524,9.223781785709395,4.434032847515683,4.380812584788985,4.414034236348751,9.140666666666668,9.21316129032258,9.184655409136527,4.449498740373051,4.416553474572693,4.465123893188551,9.115666666666668,9.150480874316939,9.085668644047054,4.717004529367986,4.554459265680683,4.528496971068334,7.268497325316756
2023-11-23,sz001313,9.27,9.35,9.37,9.23,17831,16413861.76,1.51,0.54,0.05,0.82,4.25117570000674,-0.05173937956212171,9.306,9.321333333333333,9.308863180244005,4.316355795207423,4.306014833399532,4.304647780342677,9.267,9.288545454545455,9.281453587570489,4.32966352676152,4.318683777014923,4.336771300113317,9.2785,9.275714285714285,9.235802568022786,4.427391893043933,4.363397618359563,4.398523899554274,9.147333333333332,9.226666666666667,9.195322802095461,4.440276299508786,4.40375843971035,4.451320783951015,9.1205,9.15816393442623,9.094335245881577,4.70241895727314,4.539186189308184,4.51940447037779,7.215210771409514
2023-11-24,sz001313,9.36,9.42,9.49,9.35,51846,48310255.69,1.5,0.75,0.07,2.38,4.71471525551891,0.4635395555121704,9.35,9.359333333333332,9.345908786829337,4.407940869925843,4.438801320170028,4.4413369387347545,9.286,9.316363636363636,9.306643844375854,4.370253009002415,4.388693182243538,4.405488382914333,9.2905,9.289190476190477,9.253345180592044,4.430492137210285,4.3907617481190835,4.4286373620270965,9.159333333333333,9.244258064516131,9.209818105186077,4.446697076025669,4.421464178807777,4.468313975665073,9.1145,9.167983606557376,9.105012778803491,4.691159462458732,4.539589346627717,4.525808102677499,7.684039336067812
2023-11-27,sz001313,9.35,9.56,9.8,9.35,86857,82436872.0,4.78,1.49,0.14,3.98,4.938804824957756,0.22408956943884561,9.388000000000002,9.429333333333334,9.417272524552892,4.506341606347976,4.6157559718473316,4.607159567475755,9.321000000000002,9.366181818181818,9.352708599943881,4.4284277161231556,4.492066239689964,4.50245500874041,9.300999999999998,9.314857142857143,9.28255040148804,4.440093664891141,4.439172480285509,4.477224739449063,9.178333333333333,9.27010752688172,9.232410485496654,4.462500631876039,4.453213065835654,4.498668224006537,9.120833333333334,9.182590163934426,9.119930392613213,4.6838615877474945,4.547708866709652,4.539348978817835,7.91612150446923
2023-11-28,sz001313,9.49,9.5,9.6,9.3,52519,49210015.54,3.14,-0.63,-0.06,2.41,4.720316448213015,-0.21848837674474098,9.426,9.466666666666667,9.444848349701928,4.585585461653056,4.687080919135678,4.644878527721508,9.345,9.398727272727275,9.379488854499538,4.455641308857052,4.545136918251757,4.54206617955361,9.311,9.333809523809524,9.303259887060609,4.448063368338918,4.465860364411402,4.5003763307599165,9.194666666666667,9.290860215053764,9.249674325142033,4.47452361951146,4.4698463443090075,4.512968109439213,9.122166666666667,9.195021857923496,9.132391691216059,4.673127128566614,4.548904108036392,4.545282338470136,7.692053502179685
2023-11-29,sz001313,9.45,9.48,9.55,9.35,32750,30649959.0,2.11,-0.21,-0.02,1.5,4.515211304327802,-0.20510514388521273,9.462,9.484666666666667,9.456565566467953,4.628044706604844,4.663622866693927,4.6016561199236055,9.37,9.423272727272726,9.397763608226894,4.472864932508907,4.555967826519166,4.537183474967099,9.316500000000001,9.349904761904762,9.320092278769122,4.44516932470214,4.472255405934153,4.501789185385429,9.213,9.3092688172043,9.264534046100612,4.4792209967332095,4.472471356232641,4.51311283169009,9.126,9.206754098360657,9.14378868494668,4.66155879657798,4.543726540028561,4.544296402924486,7.486429897905473
2023-11-30,sz001313,9.4,9.52,9.55,9.35,39565,37070571.0,2.11,0.42,0.04,1.81,4.597311170063528,0.08209986573572614,9.496,9.504,9.477710377645302,4.6972718006162015,4.653378354513488,4.600207803303579,9.401,9.450545454545454,9.419988406731095,4.506813797911812,4.578594415165461,4.54811578316645,9.327,9.369285714285715,9.339131109362539,4.456259932804347,4.486745105492381,4.510886517259534,9.233666666666666,9.329075268817205,9.281015720545733,4.484038099116689,4.480090077092663,4.518544982552893,9.136333333333335,9.219672131147542,9.156123482161542,4.653700808022112,4.54162006047071,4.546034592011012,7.569029275542359
2023-12-01,sz001313,9.52,9.44,9.65,9.42,36003,33929994.62,2.42,-0.84,-0.08,1.65,4.556338690466229,-0.04097247959729877,9.5,9.485333333333333,9.465140251763536,4.665596487605666,4.606400651130163,4.585584765691129,9.425,9.457636363636365,9.423626878234531,4.536768678765755,4.587598941084446,4.549610857220955,9.327,9.38004761904762,9.34873767037563,4.454333493684524,4.496276415745893,4.515215295660172,9.257666666666665,9.342387096774194,9.291272770833107,4.4857014761315535,4.484754631373279,4.520983286289238,9.151,9.229628415300548,9.165430908975917,4.6467684271743055,4.5384278598951076,4.546372431304626,7.530583790782622
2023-12-04,sz001313,9.39,9.38,9.48,9.33,33540,31212079.0,1.59,-0.64,-0.06,1.54,4.525563058270067,-0.030775632196162306,9.464,9.445333333333334,9.436760167842358,4.582948134268128,4.55972284135163,4.565577529884108,9.426,9.449454545454547,9.415694718555525,4.544644870308052,4.585561555539775,4.545238530138975,9.331,9.385095238095237,9.35171503510176,4.449179941124112,4.50306018380166,4.516200796861115,9.287666666666667,9.350279569892473,9.296997108198713,4.487527648629385,4.487326346349956,4.521278755449292,9.161666666666665,9.237136612021857,9.172465961140642,4.63961709746393,4.534453913373657,4.545690156778902,7.494322697475224
2023-12-05,sz001313,9.39,9.41,9.6,9.38,68178,64072238.0,2.35,0.32,0.03,3.13,4.833644257061489,0.30808119879142204,9.446,9.427333333333335,9.427840111894906,4.605613696037823,4.643288215616083,4.654933105609902,9.436,9.446545454545454,9.414659315181792,4.595599578845439,4.638106898585854,4.597675935033977,9.3385,9.392619047619048,9.357265984139687,4.466317197271752,4.539675832938553,4.546433507356389,9.304,9.358172043010754,9.304287617347184,4.493936956284253,4.50965645011977,4.541431368456531,9.171833333333332,9.245278688524591,9.180253962414719,4.639753633685342,4.54081545958997,4.555131274820954,7.806669893869737
2023-12-06,sz001313,9.37,9.51,9.57,9.31,45763,42826442.0,2.76,1.06,0.1,2.1,4.660514486954972,-0.17312977010651665,9.452000000000002,9.448666666666668,9.455226741263271,4.634674332563257,4.661588479255133,4.6567935660582584,9.457,9.459999999999999,9.431993985148738,4.63135951958405,4.649909609151224,4.609101126292339,9.354000000000001,9.40895238095238,9.371812080888288,4.481631735456259,4.558170812908383,4.557298362556255,9.323333333333332,9.371462365591396,9.317559383969947,4.499808404871805,4.520403387582397,4.549114150295141,9.18533333333333,9.25636612021858,9.191065307909318,4.638178785185261,4.541496143303729,4.558586462104037,7.631711994920667
2023-12-07,sz001313,9.51,9.47,9.55,9.33,33424,31268214.0,2.31,-0.42,-0.04,1.53,4.524058422636234,-0.1364560643187387,9.442,9.454666666666666,9.460151160842182,4.620023783077798,4.62471650927946,4.612548518250917,9.469,9.462363636363637,9.438904169667149,4.658647791847001,4.630400318797076,4.593638816536684,9.368,9.420000000000002,9.38116331127988,4.49415565930426,4.562211449782667,4.5541326539924425,9.342000000000002,9.380924731182796,9.3273942624235,4.504477192644956,4.521967904857521,4.547497651736503,9.203666666666667,9.265699453551912,9.200210707649996,4.631350585280905,4.537754492072613,4.557454395236239,7.495103075611455
2023-12-08,sz001313,9.47,9.24,9.49,9.23,41353,38138389.0,2.75,-2.43,-0.23,1.9,4.6165070214142006,0.09244859877796685,9.402000000000001,9.387333333333334,9.386767440561457,4.632057449267393,4.623544255391594,4.613868019305345,9.450999999999999,9.420727272727273,9.402739775182212,4.648826968436529,4.622738360536567,4.597796671968959,9.368500000000001,9.407809523809524,9.367719186396082,4.509539988719472,4.5738639604598035,4.560073069937372,9.344,9.374344086021507,9.321755922912306,4.5032704142857,4.52919563574586,4.551949869135064,9.216833333333334,9.266890710382516,9.20151527461229,4.630084275787114,4.537267817847475,4.559390546914205,7.581362344106236
2023-12-11,sz001313,9.16,9.27,9.29,9.05,39483,35901433.1,2.6,0.32,0.03,1.81,4.59641014384427,-0.02009687756993017,9.379999999999999,9.343333333333334,9.347844960374305,4.646226866382233,4.611661820250552,4.608048727484987,9.422,9.387818181818181,9.378605270603627,4.614587500325181,4.61320802879252,4.597544575946289,9.3715,9.398428571428571,9.358412597215503,4.5215076082241685,4.582137308566927,4.5635337436427905,9.341333333333333,9.369569892473118,9.318416831111513,4.4982582767024875,4.535204650556089,4.554818273955013,9.229833333333334,9.268633879781422,9.203760675444675,4.63116965694688,4.536163747947709,4.560604304190601,7.555111784929287
2023-12-12,sz001313,9.32,9.21,9.35,9.14,24229,22074235.0,2.27,-0.65,-0.06,1.11,4.384335489934284,-0.21207465390998603,9.34,9.286666666666667,9.301896640249538,4.556365112956793,4.524364694767903,4.53347764830142,9.392999999999999,9.349272727272728,9.347949766857512,4.580989404497307,4.571344026903266,4.55877928758047,9.369,9.383047619047618,9.34427806414736,4.51831535667718,4.569073297301224,4.5464672432896,9.338333333333333,9.361096774193548,9.311422196846253,4.492372047058381,4.527854793345238,4.543819384663354,9.227833333333333,9.267983606557378,9.203965243462882,4.618078666921384,4.5280708244391,4.554824998805149,7.34388566169307
2023-12-13,sz001313,9.26,9.07,9.26,9.04,26549,23955963.98,2.39,-1.52,-0.14,1.22,4.424048167501823,0.03971267756753871,9.251999999999999,9.196666666666667,9.22459776016636,4.509071849066163,4.480259046282913,4.497001154701555,9.352,9.290545454545454,9.297413445610692,4.5718730908147105,4.54280925654045,4.534282720293443,9.361,9.354571428571429,9.318156343752374,4.522369011661808,4.5600954697607134,4.534808283690764,9.328333333333331,9.34378494623656,9.29584657124327,4.48740391340633,4.523446801115783,4.53609220936261,9.208166666666667,9.2628087431694,9.199572940398525,4.598664898754629,4.521709168720426,4.550537233844384,7.379413651410877
2023-12-14,sz001313,9.09,9.03,9.14,9.0,25753,23136145.23,1.54,-0.44,-0.04,1.18,4.410827827845384,-0.013220339656439428,9.164,9.122666666666667,9.159731840110908,4.486425730107992,4.44751103920932,4.468276712416165,9.303,9.232,9.248792819136021,4.553224756592895,4.513528299636937,4.511836376211977,9.352,9.323047619047617,9.290712882442623,4.530019277252355,4.549472499873435,4.5230006212293,9.318999999999999,9.324537634408603,9.278695179550157,4.488581540733863,4.518506408498948,4.528010636361499,9.198666666666668,9.256967213114754,9.194013171860867,4.579552132359402,4.515550576231598,4.545956597582122,7.364291001772357
2023-12-15,sz001313,9.07,9.04,9.14,9.01,21101,18937186.37,1.44,0.11,0.01,0.97,4.3243030374868345,-0.0865247903585491,9.123999999999999,9.081333333333333,9.119821226740605,4.427984933322519,4.393470141668934,4.420285487439721,9.263,9.184181818181816,9.210830488384016,4.5300211912949555,4.47190616889038,4.4777394055346775,9.344000000000001,9.293333333333331,9.266835465067134,4.533394935030356,4.529880477038623,4.504077041825255,9.305666666666665,9.306537634408603,9.263295490546922,4.479562726221335,4.507907795386236,4.51486821062765,9.194333333333333,9.251765027322405,9.188963559668705,4.56245893280687,4.507181753448892,4.538689267742932,7.2773154532968745
2023-12-18,sz001313,9.0,8.94,9.11,8.91,22985,20491027.1,2.21,-1.11,-0.1,1.05,4.361444508086328,0.03714147059949369,9.058,9.02,9.05988081782707,4.380991806170931,4.371289999923537,4.400671827655257,9.219,9.125454545454545,9.161588581405104,4.513609336276582,4.441255862852447,4.456594878725887,9.322500000000002,9.254857142857142,9.235708277917881,4.529127103292317,4.513504245901097,4.490492990992976,9.293666666666667,9.28294623655914,9.242437716963249,4.470656406174936,4.500287265183978,4.504969907237888,9.190500000000002,9.243426229508197,9.180800820007436,4.548627074863575,4.500591116572807,4.532877964147633,7.3115637276878145
2023-12-19,sz001313,8.93,9.02,9.02,8.86,21953,19395627.0,1.79,0.89,0.08,1.01,4.341493877399029,-0.01995063068729941,9.02,9.007333333333332,9.046587211884713,4.372423483663879,4.358124023666236,4.380945844236515,9.180000000000001,9.089272727272727,9.135845202967811,4.464394298310336,4.4099621430565294,4.435667423939185,9.308,9.226047619047618,9.215164632401892,4.529996938577887,4.495634414863642,4.476302599222125,9.285666666666666,9.265290322580647,9.228086896514007,4.46567623095128,4.491954198811337,4.494423066603123,9.188333333333334,9.23783606557377,9.175528661974404,4.535990110981053,4.49379986419692,4.526603076057515,7.28770382354622
2023-12-20,sz001313,9.01,8.84,9.02,8.84,18900,16679911.52,2.0,-2.0,-0.18,0.87,4.276461804173244,-0.06503207322578497,8.974,8.947333333333331,8.977724807923142,4.342906210998164,4.326136797169358,4.346117830882092,9.113,9.027454545454546,9.082055166064572,4.425989030032163,4.375792598667966,4.406720947618104,9.285,9.18147619047619,9.179434667411234,4.5286742748081075,4.471488211587009,4.4572701425508034,9.273666666666665,9.236537634408602,9.203049032222781,4.4630841669815595,4.479746816438561,4.4803610496721635,9.184333333333335,9.22641530054645,9.164527722237537,4.525133596974294,4.48529073938355,4.518401722880981,7.222193742556056
2023-12-21,sz001313,8.84,8.91,8.93,8.72,21520,18781025.0,2.38,0.79,0.07,0.99,4.332842266994351,0.056380462821107535,8.95,8.925999999999998,8.955149871948763,4.327309098827958,4.322782149168088,4.3416926429195115,9.056999999999999,8.990545454545455,9.050772408598286,4.406867414467975,4.358856823570182,4.393288460231966,9.263,9.145761904761905,9.15377422289588,4.532757603157488,4.452837544176174,4.445419868688284,9.264333333333333,9.213075268817207,9.184142643047117,4.465059577692164,4.47134411321358,4.4708437088542405,9.179499999999999,9.21742076502732,9.156182551016634,4.513390327243613,4.478986105613716,4.512317806294534,7.273719290789322
2023-12-22,sz001313,8.95,8.78,8.95,8.76,15189,13240651.0,2.13,-1.46,-0.13,0.7,4.1815291821065035,-0.1513130848878479,8.898,8.869333333333334,8.896766581299175,4.298754327751891,4.27418884359427,4.288304822648509,9.011,8.940181818181818,9.001541061580415,4.363369630537205,4.317886235868097,4.354786773300064,9.231,9.099761904761904,9.118176677858177,4.506098299486867,4.419387218361795,4.420287422347162,9.249333333333334,9.181827956989247,9.158068924140853,4.46081653599205,4.45305182962741,4.452178255515677,9.175833333333333,9.204322404371585,9.143848696884941,4.502458636961025,4.468105412330532,4.501472277632631,7.121909338484138
2023-12-25,sz001313,8.75,8.77,8.79,8.65,16395,14154020.0,1.59,-0.11,-0.01,0.75,4.214711421005384,0.03318223889888028,8.864,8.826666666666664,8.85451105419945,4.2694077103357015,4.246174541345434,4.2637736887674675,8.961,8.896363636363635,8.959442686747611,4.325199758253317,4.290857470498675,4.3293185274283035,9.191500000000001,9.05585714285714,9.085016994252635,4.469893629289249,4.391636087077845,4.4007087555527065,9.234666666666666,9.150903225806452,9.133032219357574,4.456071658233884,4.43717408027343,4.436857814579529,9.1715,9.191016393442624,9.131591362560846,4.492131208765809,4.458671077381167,4.492070282333376,7.1508798049391205
2023-12-26,sz001313,8.75,8.67,8.85,8.67,17426,15065875.0,2.05,-1.14,-0.1,0.8,4.241197709698056,0.026486288692672666,8.794,8.762,8.7930073694663,4.249348476795508,4.236771207799552,4.2562483624109975,8.907,8.843454545454545,8.90681674370259,4.310885980229694,4.275584370761354,4.313296560568259,9.15,9.006190476190477,9.045491566228575,4.4459376923635014,4.369855523307256,4.385517227376073,9.215,9.114473118279571,9.103159172947407,4.449172231194684,4.423311244884022,4.424234582006531,9.163333333333334,9.174573770491804,9.116457219526064,4.482029176289463,4.450443749542879,4.483844952083039,7.177994359815307
2023-12-27,sz001313,8.7,8.9,8.93,8.67,35377,30861522.0,3.0,2.65,0.23,1.62,4.548721001589901,0.3075232918918447,8.806000000000001,8.797333333333334,8.828671579644201,4.303800316278839,4.336562049397683,4.3537392421373,8.889999999999999,8.842181818181817,8.905577335756664,4.323353263638501,4.318827101917756,4.356101004390375,9.120999999999999,8.982380952380952,9.03163522658776,4.447613177226605,4.379644409900245,4.401060443967866,9.204,9.094150537634407,9.090052129531447,4.456030428987373,4.429733746199843,4.432265963915135,9.160333333333334,9.165939890710382,9.109360261508815,4.479748632101856,4.4526303667658444,4.485972035673428,7.489417340388892
2023-12-28,sz001313,8.86,8.72,8.9,8.65,45746,39500964.72,2.81,-2.02,-0.18,2.1,4.660353125640189,0.11163212405028755,8.768,8.768666666666666,8.792447719762801,4.369302488008007,4.455412985851466,4.4559438699715965,8.858999999999998,8.811272727272728,8.871836001982725,4.348305793417982,4.380099804099881,4.411419571890341,9.081,8.944190476190476,9.00195568119845,4.4507652750054385,4.399905357368206,4.425754985079516,9.187666666666667,9.062924731182797,9.066177798593934,4.46944811597423,4.442915855661314,4.4469812646715905,9.154500000000002,9.151502732240438,9.09659435129541,4.480826458073271,4.45855182557038,4.491689448459224,7.596607702397506
2023-12-29,sz001313,8.68,8.72,8.73,8.53,31036,26594580.67,2.29,0.0,0.0,1.42,4.491865743196048,-0.16848738244414108,8.756,8.752666666666666,8.768298479841869,4.431369800225916,4.4962674042474795,4.46791782771308,8.827,8.786,8.844229456167684,4.365062063988903,4.406201613150438,4.426046148491378,9.045,8.909809523809523,8.97510275917955,4.44754162764193,4.403819687672073,4.432051247757281,9.171666666666669,9.032752688172044,9.043843747071746,4.477283978016538,4.444362154191754,4.449877037479621,9.1465,9.137256830601093,9.084246995515231,4.4771141146974776,4.458913769344897,4.491695228614529,7.424793146973169
2024-01-02,sz001313,8.72,8.87,8.94,8.67,43500,38024162.0,3.1,1.72,0.15,1.99,4.638489256954637,0.1466235137585894,8.776,8.790666666666668,8.802198986561246,4.516125367415766,4.565307223157053,4.524774970793599,8.82,8.793818181818182,8.84891500959174,4.392766538875734,4.455915648235117,4.46467216821197,9.019499999999999,8.893142857142857,8.965092972591021,4.453187937576159,4.422005176178045,4.451712010537982,9.155,9.013290322580646,9.032628021454213,4.483673581820123,4.454762494768406,4.462045567768332,9.143666666666666,9.128191256830599,9.077222503858994,4.4763304546714755,4.464204757615624,4.4965081475765,7.5800596515801
2024-01-03,sz001313,8.85,8.81,8.92,8.75,24656,21510332.0,1.92,-0.68,-0.06,1.13,4.391922621374344,-0.2465666355802929,8.803999999999998,8.802,8.804799324374164,4.546270349751024,4.523906307809913,4.480490854320514,8.799000000000001,8.792,8.841839553302332,4.397809413273267,4.45576220868941,4.4514449778778555,8.9895,8.873190476190477,8.950322213296639,4.431101855791801,4.416170384158825,4.446017782998587,9.138333333333332,8.991032258064516,9.018264923295877,4.485934430143014,4.448843077965453,4.457521506710655,9.137833333333333,9.117251366120218,9.068461110289846,4.472422294519509,4.461437287671456,4.493079113930528,7.332647113532756
2024-01-04,sz001313,8.81,8.73,8.88,8.7,22719,19628017.0,2.04,-0.91,-0.08,1.04,4.3563892115442755,-0.035533409830068585,8.77,8.777333333333335,8.779866216249443,4.507803991741898,4.46061259507433,4.439123640061768,8.788,8.779454545454545,8.821505089065544,4.405802154010369,4.448231262920502,4.43416211127175,8.9505,8.848476190476191,8.929339145363626,4.415895592021266,4.409054894230488,4.437481728574367,9.119333333333334,8.96468817204301,8.999667186309047,4.487716901208861,4.4404853219268245,4.450996842506372,9.13,9.103879781420764,9.05736402470657,4.4686078207909565,4.457632924295218,4.488597477786716,7.292876425455352
2024-01-05,sz001313,8.73,8.61,8.8,8.59,27026,23235360.36,2.41,-1.37,-0.12,1.24,4.431781772429124,0.07539256088484869,8.748000000000001,8.724,8.723244144166296,4.4620897210996855,4.435271855303406,4.436676350850887,8.758,8.74709090909091,8.783049618326354,4.415696104553846,4.452954829905731,4.433729322391272,8.9075,8.81604761904762,8.898925893424233,4.411281759510911,4.410567863793142,4.436938875608154,9.094666666666667,8.931827956989245,8.974527367837496,4.49373710362294,4.436876603941035,4.4497571605659045,9.121,9.086830601092895,9.042696351765372,4.467006701565864,4.456425512873518,4.486734667774992,7.366149412392502
2024-01-08,sz001313,8.6,8.48,8.69,8.48,19990,16851879.0,2.44,-1.51,-0.13,0.92,4.300812794118117,-0.1309689783110075,8.7,8.634666666666668,8.64216276277753,4.4238791312840995,4.381512879642882,4.391388498606631,8.728,8.696545454545454,8.727949687721562,4.427624465755008,4.432066955281052,4.4095626808870625,8.869499999999999,8.775333333333334,8.85902818928859,4.395497048146106,4.40004700994621,4.423974486894817,9.063333333333334,8.892172043010753,8.94262237636411,4.479940354909581,4.424429874295562,4.440147846601531,9.111333333333333,9.065814207650272,9.024247291051752,4.463318715467624,4.450976532301462,4.4806388686387,7.2266483321412
2024-01-09,sz001313,8.46,8.5,8.59,8.43,23004,19316829.62,1.89,0.24,0.02,1.05,4.3618033589256875,0.06099056480757081,8.626,8.568000000000001,8.59477517518502,4.36854195167831,4.360820955523411,4.38152678537965,8.700999999999999,8.655090909090909,8.686504289954005,4.442333659547038,4.420099481312085,4.400879167803176,8.831,8.740142857142859,8.824835028403964,4.383766708900177,4.396838087163313,4.418053427088234,9.028,8.855827956989247,8.91406609401804,4.460706972708511,4.416808132619181,4.43509336352567,9.103166666666665,9.04577049180328,9.007058855279563,4.461603802292275,4.4476481599558255,4.476742622418602,7.285935849226284
2024-01-10,sz001313,8.48,8.53,8.55,8.39,19914,16708862.59,1.88,0.35,0.03,0.91,4.299158502792247,-0.06264485613344029,8.57,8.536,8.573183450123347,4.34998912796189,4.337693139228057,4.35407069118385,8.687000000000001,8.624,8.658048964507822,4.448129738856457,4.394067634629396,4.382384501437552,8.797,8.71147619047619,8.7967555018893,4.379507859543076,4.388780162772081,4.406730100964806,8.995666666666667,8.823698924731183,8.889287636339457,4.446668374527819,4.406385650689101,4.426323372510611,9.095166666666668,9.026978142076501,8.99141758133597,4.46059599701964,4.442322084562381,4.470920192266918,7.222946887493682
2024-01-11,sz001313,8.45,8.69,8.73,8.45,23455,20085373.0,3.28,1.88,0.16,1.08,4.370235437283177,0.07107693449092967,8.562,8.575999999999999,8.61212230008223,4.352758373109671,4.344441909001819,4.359458939883625,8.666,8.624545454545453,8.663858243688217,4.430281182425785,4.379905034343345,4.380175580682211,8.778,8.701285714285715,8.786588311233176,4.376817223032143,4.387897074937805,4.4032544187094125,8.969333333333333,8.803978494623657,8.876430369478847,4.441835845626332,4.40145449344751,4.422704796044325,9.091166666666668,9.013693989071038,8.98153503768561,4.460528421179771,4.439359443259546,4.467619052759254,7.302879901307302
2024-01-12,sz001313,8.74,8.73,8.86,8.62,20433,17701279.0,2.76,0.46,0.04,0.94,4.310332135002271,-0.05990330228090546,8.586,8.632,8.651414866721488,4.3284684456243,4.330299829632687,4.343083338256507,8.667,8.636181818181818,8.675884017563087,4.395279083361993,4.358096116629979,4.367476772376767,8.763000000000002,8.696714285714286,8.781198948258588,4.371792438389987,4.3815651617921025,4.394404677403971,8.943000000000001,8.788537634408604,8.866983248867308,4.432269877790957,4.392970383084668,4.415454946944838,9.088333333333335,9.001852459016392,8.973287987269687,4.458153988453824,4.434434974860284,4.4624621046360735,7.2480046472982185
2024-01-15,sz001313,8.72,8.62,8.76,8.61,17670,15120732.0,1.72,-1.26,-0.11,0.81,4.247236549506764,-0.06309558549550776,8.614,8.643333333333333,8.640943244480994,4.3177531967020295,4.303222530926841,4.31113440867326,8.657,8.627636363636363,8.66572328709707,4.370816163993064,4.331179292292665,4.3456149136731295,8.741999999999999,8.68309523809524,8.765846667472056,4.367939113990984,4.369702696184176,4.380388665223284,8.915666666666668,8.767698924731183,8.85104884571458,4.421966473092308,4.381032749001816,4.404602147110123,9.086666666666668,8.986497267759564,8.96170477457232,4.45383397461193,4.427519648993167,4.455405529058064,7.179572816024032
2024-01-16,sz001313,8.61,8.56,8.66,8.45,15440,13033899.0,2.44,-0.7,-0.06,0.71,4.188647295999718,-0.058589253507046024,8.626000000000001,8.625333333333334,8.613962162987331,4.283121984116835,4.260187230692737,4.270305371115413,8.626000000000001,8.61,8.646500871261239,4.325831967897573,4.298057679930238,4.317075346823418,8.722999999999999,8.665761904761906,8.746242222950908,4.359299253386654,4.352627284946913,4.362127582440087,8.888333333333334,8.744752688172044,8.83227150082977,4.410735947683296,4.3659798988668115,4.390669576070742,9.088,8.96922950819672,8.948534126225686,4.4491317981563405,4.418825003792766,4.44665935748238,7.115074351314129
2024-01-17,sz001313,8.62,8.41,8.62,8.38,17196,14434698.0,2.8,-1.75,-0.15,0.79,4.2354274364449696,0.046780140445251917,8.602,8.553333333333335,8.545974775324888,4.27037577084738,4.244289048135449,4.258679392891931,8.586,8.570727272727272,8.603500712850103,4.310182449404635,4.281620492393402,4.3022302722091545,8.692499999999999,8.635952380952382,8.71421915409844,4.35399593133895,4.3408299690477055,4.350060901869123,8.854999999999999,8.71389247311828,8.805028178195592,4.3907953869960785,4.354669672335306,4.380653954159403,9.079500000000001,8.947000000000001,8.930877269628123,4.442366171640166,4.411818303408787,4.439733720727055,7.159407702085423
2024-01-18,sz001313,8.31,8.18,8.37,8.0,38250,30709042.0,4.4,-2.73,-0.23,1.75,4.582631439489637,0.34720400304466725,8.5,8.412666666666667,8.423983183549925,4.3128549712886715,4.3483742710162,4.3666634084245,8.530999999999999,8.49690909090909,8.526500583240992,4.332806672199171,4.331156672408857,4.3532123026237874,8.6595,8.587142857142856,8.663341139422398,4.36930441310477,4.3626047793477705,4.372210476880601,8.810666666666666,8.670344086021505,8.764703779602328,4.388199285413901,4.36704619185102,4.39368475966458,9.067,8.917508196721311,8.90625834275507,4.444003845142854,4.416417164649753,4.444418891834025,7.487266268393469
2024-01-19,sz001313,8.23,8.14,8.29,8.11,19047,15396849.0,2.2,-0.49,-0.04,0.87,4.279826581794015,-0.30280485769562215,8.382,8.292666666666667,8.329322122366618,4.30675386064702,4.337364807851316,4.337717799547672,8.483999999999998,8.425818181818181,8.456227749924448,4.31761115313566,4.321523928698828,4.339869444291101,8.621,8.537666666666667,8.613499126144074,4.3666536288447535,4.354083081127699,4.363412010681878,8.766333333333334,8.627075268817203,8.724400309950566,4.380058224052493,4.360054404520705,4.386339070769705,9.054166666666667,8.887114754098361,8.881135118402444,4.442267708348725,4.411034303556349,4.439022422652385,7.187431850581117
2024-01-22,sz001313,8.14,7.61,8.17,7.61,29265,22672369.0,6.88,-6.51,-0.53,1.34,4.466348528450199,0.1865219466561845,8.18,8.035333333333334,8.089548081577746,4.350576256435707,4.390563030452375,4.380594709181848,8.397,8.266909090909092,8.302368159029093,4.3341647265688685,4.348567087846926,4.362865641410937,8.5625,8.441380952380953,8.51792778079702,4.380894596161938,4.363577833471074,4.3732154885645755,8.712,8.55247311827957,8.652503515760207,4.375052940953694,4.36562152093346,4.391500971265221,9.027999999999999,8.839765027322404,8.839458557143347,4.439161677619697,4.411823838641643,4.439918360547394,7.355496901241411
2024-01-23,sz001313,7.58,7.63,7.67,7.44,26316,19628758.0,3.02,0.26,0.02,1.21,4.420219877725148,-0.046128650725051124,7.994,7.852,7.936365387718498,4.396890772780794,4.413777570882188,4.3938030986962815,8.31,8.127454545454546,8.180119402841985,4.340006378448814,4.36421347896625,4.373293684377157,8.5055,8.352571428571427,8.433363230244922,4.391170018997926,4.367323098381857,4.377692097056059,8.657333333333334,8.482666666666667,8.586535547001485,4.369179932083056,4.368535516854198,4.393353803940055,8.999333333333334,8.793928961748634,8.799804178220613,4.433719104392773,4.41120279602215,4.439272508651582,7.292892820699797
2024-01-24,sz001313,7.72,7.8,7.82,7.51,25116,19052338.16,4.06,2.23,0.17,1.15,4.399950474386311,-0.020269403338836867,7.872,7.787333333333334,7.890910258478999,4.429795380369062,4.41479747141736,4.395852223926291,8.237,8.034727272727274,8.111006784143441,4.350085575608221,4.3751124055003405,4.37814037346973,8.462,8.285380952380953,8.373042922602547,4.399107657232339,4.36815933222837,4.379811942516083,8.610333333333333,8.427354838709677,8.535791318162682,4.369700431564791,4.370520713131828,4.393779395581749,8.974333333333332,8.75460655737705,8.76702371336092,4.431036239311585,4.410095627825217,4.437983261626491,7.27994828120186
2024-01-25,sz001313,7.77,8.26,8.26,7.77,27317,21782437.05,6.28,5.9,0.46,1.25,4.436433002660097,0.03648252827378595,7.888,7.916666666666667,8.013940172319334,4.400555693003154,4.41701001218104,4.409379150170894,8.193999999999999,8.03890909090909,8.138096459753724,4.356705332145912,4.3908119376915895,4.388739033322524,8.43,8.266142857142858,8.362276929973733,4.393493257285849,4.371714127031013,4.38520442443456,8.583333333333334,8.404752688172042,8.517998329894121,4.3701132594034,4.374826040299266,4.396531241199707,8.955833333333334,8.731185792349729,8.750399985054006,4.428758586404864,4.410272570885824,4.437932433463659,7.338106467621658
2024-01-26,sz001313,8.24,8.36,8.43,8.15,26857,22167617.0,3.39,1.21,0.1,1.23,4.429057499166248,-0.007375503493848967,7.9319999999999995,8.074,8.12929344821289,4.4304018764776005,4.426510614235403,4.415938599836013,8.157,8.06909090909091,8.178442557980318,4.36857786856231,4.403966877149832,4.396069663475928,8.412,8.259476190476192,8.362060079500043,4.381928475962152,4.3751011976862895,4.38938090774234,8.561,8.390344086021505,8.507804889255791,4.370720915114095,4.378628894477515,4.398629709455613,8.94,8.711650273224043,8.737599985544039,4.42965122792398,4.41028237130423,4.437641452011285,7.3457190093357285
2024-01-29,sz001313,8.36,8.14,8.41,8.13,17576,14287151.0,3.35,-2.63,-0.22,0.81,4.244920043912454,-0.18413745525379444,8.038,8.143333333333334,8.132862298808593,4.386116179570052,4.3646833367136875,4.35893241452816,8.109,8.066,8.171453001983897,4.36834621800288,4.381483636304405,4.368587914464387,8.383,8.233571428571429,8.34091150050004,4.369581190997972,4.362052775586318,4.375622730234732,8.530999999999999,8.363182795698926,8.48407554156187,4.368074815328282,4.3705127092386995,4.3887129568399255,8.918333333333333,8.685420765027322,8.718006543395052,4.423818770774809,4.404225611172705,4.43132271731952,7.154945634785638
2024-01-30,sz001313,8.04,7.75,8.06,7.72,30880,24135051.27,4.18,-4.79,-0.39,1.42,4.489677291663699,0.2447572477512452,8.062000000000001,8.047333333333334,8.005241532539063,4.400007662357762,4.399203707411571,4.402514040240006,8.028,8.000727272727271,8.094825183441369,4.3984492175692775,4.403543831515463,4.3906041648642615,8.327,8.173285714285715,8.284634214738132,4.362140592733425,4.373490499459244,4.386485069418443,8.491333333333333,8.312795698924731,8.43671582920304,4.3723492414475285,4.378358030292598,4.395226784893072,8.892500000000002,8.647114754098359,8.686268623939476,4.421502823811233,4.406384906939554,4.433235982052115,7.38264822572585
2024-01-31,sz001313,7.76,7.42,7.77,7.34,29525,22006593.56,5.55,-4.26,-0.33,1.35,4.470189906285553,-0.019487385378146094,7.986,7.833333333333333,7.810161021692709,4.41405554873761,4.422597788720835,4.425072662255189,7.928999999999999,7.8901818181818175,7.972129695542938,4.421925464553336,4.41658759310024,4.405074299668133,8.2575,8.086904761904762,8.202288099048786,4.366053956978986,4.383780910273733,4.394456958643882,8.438,8.243677419354837,8.371121259577038,4.376639109077079,4.38467033124989,4.400063115305491,8.861833333333333,8.59883606557377,8.644751619875887,4.421157670014179,4.407981204725597,4.434447586125342,7.342552822535703
2024-02-01,sz001313,7.36,7.16,7.45,7.07,39497,28223155.71,5.12,-3.5,-0.26,1.81,4.596564109982794,0.1263742036972415,7.766,7.557999999999999,7.593440681128473,4.4460817702021505,4.483433975802563,4.48223647816439,7.827000000000001,7.750363636363636,7.824469750898767,4.423318731602651,4.448340074087414,4.4398906288162525,8.179,7.982380952380952,8.103022565806045,4.3780627019009115,4.4057342581788586,4.413705258771397,8.382,8.161225806451615,8.292984404120455,4.387309185937397,4.398859040985742,4.412740598833059,8.827833333333333,8.54303825136612,8.596071238896348,4.425196676459478,4.41373223554424,4.43976288198952,7.4506055718143775
2024-02-02,sz001313,7.25,6.73,7.42,6.48,48450,33013836.25,13.13,-6.01,-0.43,2.22,4.685293781386784,0.08872967140399002,7.44,7.212666666666666,7.305627120752316,4.497329026646257,4.563171312864108,4.549922245905188,7.686,7.550909090909091,7.625475250735354,4.4638654515619285,4.4959719013208925,4.484509383829076,8.084999999999999,7.844380952380951,7.9722585119197555,4.390738302348795,4.434994360987036,4.439570832353815,8.309333333333333,8.054645161290322,8.192146700628813,4.399057569750479,4.41808385359538,4.430324675126848,8.786833333333334,8.474256830601094,8.534888575325976,4.432058573721322,4.4222600094762825,4.44781307541238,7.51869599283692
2024-02-05,sz001313,6.73,6.07,6.83,6.07,69420,42572606.34,11.29,-9.81,-0.66,3.18,4.841484609335393,0.15619082794860883,7.026000000000001,6.756,6.893751413834878,4.616641939730845,4.677889840427153,4.6471097003819235,7.532000000000001,7.257090909090909,7.342661568783471,4.501379059650448,4.564629930006977,4.54941397028477,7.964499999999999,7.65247619047619,7.791091034594064,4.4177718931096575,4.477922580700045,4.47784833492349,8.219,7.910172043010752,8.055234010265664,4.4210560839914415,4.4466275335686,4.4568511224951415,8.734166666666669,8.385180327868852,8.454072556462828,4.440936309991745,4.435683813922646,4.4607203388196925,7.6291302389586875
2024-02-06,sz001313,6.08,6.3,6.47,5.54,99155,58007010.26,15.32,3.79,0.23,4.55,4.996314618870713,0.15483000953531967,6.736,6.514,6.695834275889919,4.717969405172248,4.804447400140442,4.763511339878187,7.398999999999999,7.03309090909091,7.153086738095566,4.558988533765005,4.654618213501571,4.630668633664032,7.8545,7.493952380952381,7.649082364632725,4.44949745610691,4.5330218879153845,4.527226076251797,8.136666666666667,7.78636559139785,7.9419931063775575,4.447109523920286,4.483740987431779,4.4916552190355015,8.685666666666666,8.305371584699454,8.383447226742733,4.4515905910770845,4.453892938803923,4.478280807018086,7.7634804820674095
2024-02-07,sz001313,6.35,5.96,6.4,5.71,152805,91155989.35,10.95,-5.4,-0.34,7.01,5.184137565214032,0.18782294634331897,6.444,6.255333333333334,6.450556183926613,4.860758936957943,4.959836786821037,4.903720081656802,7.215000000000001,6.771454545454546,6.936161876623645,4.637407242847777,4.76828167376503,4.731299348491305,7.726000000000001,7.313523809523811,7.488217377524847,4.493746409227998,4.602987612592252,4.5897890752005805,8.046333333333333,7.645935483870968,7.8141225833854575,4.478540852437485,4.531291183644278,4.536331499434116,8.630666666666666,8.216005464480874,8.30398994062002,4.463856541816085,4.477910872382183,4.5014236515491,7.9597852089888015
2024-02-08,sz001313,6.01,6.55,6.55,5.37,134165,79377546.95,19.8,9.9,0.59,6.15,5.127639234988208,-0.056498330225823956,6.322000000000001,6.290666666666667,6.483704122617743,4.966973961959026,5.0487968861644585,4.978359799433937,7.044,6.650545454545454,6.865950626328436,4.706527866080588,4.857414763245108,4.803361146036196,7.619,7.2015238095238105,7.398863341570099,4.53161659911325,4.663358357902749,4.641012899942259,7.968,7.549397849462365,7.732566287683171,4.497838126884095,4.573168498647551,4.574480385598896,8.586,8.147786885245901,8.246482073714446,4.476934277935734,4.4996742393714335,4.521955310022513,7.899697673526295
2024-02-19,sz001313,6.77,6.9,6.9,6.59,85689,57016322.25,4.73,5.34,0.35,3.93,4.93292507459627,-0.19471416039193823,6.356,6.483333333333333,6.622469415078496,5.016500220600923,5.03744725704354,4.963214891154715,6.898000000000001,6.624363636363637,6.872141421541447,4.75691462362359,4.898577892066142,4.826918223956209,7.527499999999999,7.13304761904762,7.3513525471348515,4.56274624609295,4.701578212710655,4.668814059433117,7.907333333333333,7.480494623655915,7.678852333639096,4.5069238585159646,4.601238624306401,4.597605849405179,8.547500000000001,8.092508196721312,8.202335120477906,4.488185987245098,4.51462475729473,4.535429728533127,7.7559992003806135
2024-02-20,sz001313,6.89,7.06,7.15,6.68,55545,38040770.08,6.81,2.32,0.16,2.55,4.7446449711051235,-0.1882801034911461,6.554,6.718,6.768312943385665,4.997132292954869,4.946828840544939,4.890358251138185,6.790000000000001,6.653818181818182,6.906297526715729,4.806887116342857,4.896347046153694,4.811959450710557,7.4495000000000005,7.088523809523809,7.323604685502961,4.587616667172869,4.718901900807053,4.676036051020928,7.852,7.425827956989249,7.638926376630122,4.5153498327796004,4.616575470279895,4.607092244353562,8.511833333333334,8.043737704918033,8.164881509970433,4.49631690539807,4.523033248568829,4.542289244683028,7.580249300013785
2024-02-21,sz001313,7.07,7.28,7.45,6.85,58549,42111556.36,8.5,3.12,0.22,2.68,4.767519481847482,0.022874510742358467,6.75,6.96,6.938875295590444,4.951373265550222,4.870291236842477,4.849411994707951,6.743,6.742909090909091,6.974243430949233,4.834671335361235,4.889189294427261,4.803879456371815,7.3855,7.072380952380952,7.319451858312203,4.616560276465257,4.736035502204635,4.684748758718695,7.799,7.388924731182795,7.615769836202373,4.519650840276028,4.6328444798971775,4.6174423887080085,8.477,8.003349726775957,8.135869001446812,4.501662211048075,4.531925136321269,4.549673842622846,7.62440129238368
2024-02-22,sz001313,7.27,7.65,7.77,7.23,44217,33115287.34,7.42,5.08,0.37,2.03,4.645589273574147,-0.12193020827333534,7.087999999999999,7.260000000000001,7.175916863726963,4.843663607222245,4.768363239517118,4.781471087663349,6.766,6.907818181818182,7.097108261685737,4.852211272090094,4.854810737738699,4.775099423135876,7.347500000000001,7.0975714285714275,7.35093263371104,4.6370683683217155,4.738800168595957,4.681019283943024,7.7603333333333335,7.37931182795699,7.617978233866737,4.528106395349355,4.6409695401099595,4.619258316763888,8.449333333333334,7.976234972677595,8.119938870251834,4.507020412746185,4.53664405640409,4.552818610850757,7.520028527754794
2024-02-23,sz001313,7.66,7.73,7.78,7.5,56566,42569660.0,3.66,1.05,0.08,2.59,4.752555469188572,0.106966195614425,7.324,7.474000000000001,7.360611242484643,4.768646854062318,4.73799386017256,4.771832548171757,6.823,7.08309090909091,7.212179486833784,4.867810408010672,4.836691500847514,4.771000522418183,7.325,7.1339999999999995,7.387034287643322,4.645564569806662,4.7497989401070875,4.68783225396641,7.727,7.377354838709677,7.625205444585013,4.541311937270832,4.655450125518942,4.627858133049352,8.423166666666667,7.952650273224044,8.10715398925997,4.514514419239846,4.544694386123513,4.5593673603044556,7.629100181520488
2024-02-26,sz001313,7.73,7.64,7.8,7.56,32696,24788964.0,3.1,-1.16,-0.09,1.5,4.514494624703537,-0.23806084448503473,7.4719999999999995,7.5793333333333335,7.453740828323095,4.684960764083772,4.6532764503863,4.6860532403490165,6.914,7.231636363636363,7.2899650346821865,4.850730492342348,4.772452267518943,4.724363086470065,7.3,7.1640000000000015,7.41112626024872,4.657297971952138,4.737316088192504,4.671323908322327,7.6946666666666665,7.37174193548387,7.6261599320311415,4.544069032346645,4.653719976321051,4.620544358317364,8.394666666666668,7.926972677595628,8.09183746502194,4.518903067984793,4.544693737122324,4.557896123071639,7.394258376768426
2024-02-27,sz001313,7.65,7.66,7.77,7.53,31181,23630359.01,3.14,0.26,0.02,1.43,4.493890039253007,-0.020604585450530344,7.5920000000000005,7.6419999999999995,7.52249388554873,4.634809777713349,4.589586208776044,4.62199883998368,7.073,7.367272727272728,7.357244119285425,4.815971035334109,4.707572185139063,4.682458896066963,7.3025,7.198285714285714,7.434828521177413,4.658675047492279,4.721753427935443,4.654425444601439,7.667333333333334,7.369505376344088,7.628343162222681,4.550504940517809,4.650482621927913,4.612373111926115,8.365333333333334,7.90288524590164,8.077678859611384,4.515222647713695,4.543873637819642,4.555797562946437,7.373470319807466
2024-02-28,sz001313,7.71,7.1,7.73,7.1,62905,45922966.89,8.22,-7.31,-0.56,2.88,4.798685166687043,0.30479512743403614,7.556,7.478,7.381662590365821,4.641042914681261,4.6442113384339425,4.6808942822181345,7.1530000000000005,7.372181818181818,7.310472461233529,4.7962080901157425,4.704429299930506,4.703590945270614,7.276000000000001,7.178999999999999,7.402940090589088,4.677598311940374,4.735087725001612,4.668164465752449,7.620666666666667,7.332903225806452,7.5942565065954115,4.565067667443188,4.666494249422702,4.624393244491336,8.324333333333334,7.861398907103826,8.045623815033961,4.5128873200758495,4.553167490900734,4.563761090937932,7.662029938238613
2024-02-29,sz001313,7.0,7.37,7.38,6.92,57931,41488411.6,6.48,3.8,0.27,2.66,4.76291102531821,-0.03577414136883306,7.5,7.415999999999999,7.377775060243881,4.664507265030073,4.684834041979593,4.7082331965848265,7.294,7.4116363636363625,7.32129565010016,4.754085436126159,4.698375288149136,4.714376414370177,7.2545,7.187952380952382,7.399802939104414,4.695746339486968,4.7432127453233095,4.677187947615854,7.582,7.316731182795699,7.579788344879579,4.580526084860719,4.679258337027544,4.633329875512425,8.288833333333333,7.8301092896174875,8.023472214541044,4.51359722969427,4.561364989433271,4.570290596983187,7.617926808013833
2024-03-01,sz001313,7.34,7.38,7.48,7.24,29516,21393874.34,3.26,0.14,0.01,1.35,4.470057501672914,-0.29285352364529604,7.43,7.3759999999999994,7.378516706829254,4.608007671526941,4.620017454193872,4.6288412982808556,7.377,7.427272727272728,7.331969168263766,4.688327262794631,4.646733845521274,4.669954793879765,7.210500000000001,7.199904761904761,7.397916944903994,4.697427564437609,4.7217185702934,4.657461238478431,7.538333333333333,7.303698924731183,7.566898774242188,4.583853487007044,4.672131331660587,4.6227961739743915,8.253833333333334,7.800311475409836,8.00237476488396,4.5128446663166875,4.559937457366997,4.567004265989408,7.330289440584504
2024-03-04,sz001313,7.39,7.49,7.54,7.26,28363,20801400.0,3.79,1.49,0.11,1.3,4.4527521649644575,-0.01730533670845613,7.4,7.396,7.415677804552837,4.595659179579126,4.568265618673044,4.5701449205087235,7.436,7.447818181818182,7.360702046761263,4.640309971831449,4.603902009552151,4.630463406804255,7.167,7.22652380952381,7.406686759675042,4.69861229772752,4.698416151295957,4.637965136239005,7.497,7.300580645161289,7.561937563000757,4.588600821339116,4.663673181851389,4.611825592747945,8.22,7.775267759562841,7.985575592264814,4.5104353495650376,4.557967211421023,4.563258295463999,7.318092565338417
2024-03-05,sz001313,7.44,7.37,7.56,7.33,18983,13902941.0,3.07,-1.6,-0.12,0.87,4.278364847737689,-0.1743873172267687,7.3420000000000005,7.385999999999999,7.400451869701891,4.552554141276063,4.462500841392565,4.472884896251712,7.4670000000000005,7.435818181818181,7.36239258371376,4.593681959494705,4.538093805171467,4.5664454869739695,7.128500000000001,7.245857142857143,7.403192782563133,4.700284537918781,4.658392584630259,4.60371748971507,7.455333333333334,7.292387096774194,7.549554494420063,4.5896384312801475,4.64365795774807,4.590311996295671,8.1855,7.747398907103826,7.96539278596105,4.505802452186228,4.550358342508651,4.553917526686087,7.143106679748142
2024-03-06,sz001313,7.35,7.31,7.39,7.17,18261,13174317.0,2.99,-0.81,-0.06,0.84,4.261524556472671,-0.016840291265017626,7.384,7.375333333333333,7.370301246467928,4.445122019233188,4.365490979791434,4.402431449658699,7.470000000000001,7.407272727272727,7.352866659402166,4.543082466957225,4.477701550076552,4.511005317791915,7.1065,7.263142857142857,7.394317279461882,4.68887690115923,4.616605919730629,4.5711276865491275,7.413666666666667,7.283010752688173,7.534099365747801,4.5920676732959125,4.622489320663717,4.569099903403865,8.151,7.718693989071038,7.943904497896753,4.501401810489605,4.542349231173779,4.544330871924991,7.119728109211342
2024-03-07,sz001313,7.3,7.28,7.61,7.26,33745,24745280.12,4.79,-0.41,-0.03,1.55,4.528209432477408,0.2666848760047369,7.366,7.340666666666666,7.3402008309786195,4.3981817006650274,4.393186784206175,4.444357443931603,7.433,7.372727272727272,7.339618175874499,4.531344482847551,4.474997361989312,4.5141333386438225,7.099499999999999,7.2796666666666665,7.383429919513132,4.691777877468822,4.601304256046647,4.567040233780392,7.376,7.274387096774194,7.517705858280202,4.60182707316366,4.618369434159297,4.566461808505384,8.1155,7.690136612021858,7.922137137309974,4.496311230079869,4.54322816959961,4.5438023001398244,7.393492374448718
2024-03-08,sz001313,7.27,7.32,7.5,7.26,20174,14605920.4,3.3,0.55,0.04,0.93,4.304792016492227,-0.22341741598518094,7.354000000000001,7.325333333333333,7.333467220652414,4.365128603628891,4.362056889481908,4.397835634785144,7.392,7.352181818181817,7.3360512348064075,4.486568137577916,4.433806004470163,4.476071280070805,7.1075,7.300666666666667,7.377388974797596,4.677189272794294,4.5644484597631605,4.542064213086281,7.347333333333334,7.270774193548385,7.504950641616964,4.5925657590637465,4.59920588211598,4.54957988644002,8.079,7.6640546448087425,7.902394936086696,4.490382522238823,4.536948851121325,4.53596589739728,7.164528929474337
2024-03-11,sz001313,7.38,7.76,7.79,7.32,60158,45299805.9,6.42,6.01,0.44,2.76,4.779293389362142,0.47450137286991456,7.4079999999999995,7.460666666666667,7.475644813768277,4.430436848508427,4.500111818059659,4.524988219644143,7.404000000000001,7.419090909090908,7.41313282847797,4.513048014043777,4.48702877752184,4.53120257266923,7.159000000000001,7.362809523809524,7.413828120054967,4.681889253193061,4.574172661341051,4.564657467969696,7.334666666666666,7.297397849462366,7.521405438932,4.609214652649351,4.611252826006199,4.5644001124349955,8.0505,7.6535956284153,7.897726249657624,4.4946364383509225,4.546421338567992,4.543943847953504,7.656096341157655
2024-03-12,sz001313,7.73,7.85,7.93,7.57,41317,31482817.2,4.64,1.16,0.09,1.89,4.616128780157716,-0.16316460920442566,7.5040000000000004,7.6080000000000005,7.600429875845518,4.497989634992433,4.562009128609421,4.5553684064820015,7.422999999999999,7.500181818181818,7.492563223300156,4.525271888134247,4.5057707349971015,4.5466437013035,7.248,7.428619047619048,7.455368299097351,4.670621461734179,4.567909759147209,4.5695594977018885,7.342666666666667,7.330645161290323,7.542605088033162,4.614207327706268,4.611698898748673,4.567737445836462,8.027333333333335,7.647021857923498,7.896161454586882,4.494630134329981,4.550404694037068,4.546310567042167,7.498073587717248
2024-03-13,sz001313,7.83,7.96,8.01,7.77,32893,25675477.69,3.06,1.4,0.11,1.51,4.517103485037208,-0.09902529512050773,7.634,7.76,7.720286583897012,4.54910542070534,4.568380411957679,4.542613432667071,7.509,7.597818181818182,7.577551728154672,4.497113719969265,4.50428557079764,4.541272752891447,7.331,7.496428571428573,7.503428461088079,4.646660905042504,4.553288999461783,4.564563686971919,7.353666666666667,7.370473118279571,7.569533792031023,4.617436781283336,4.605434134705509,4.564470738688124,8.0055,7.644814207650273,7.898254521649607,4.4933083566831975,4.551141525207796,4.545352957796103,7.409518532355048
2024-03-14,sz001313,7.95,7.89,8.09,7.78,19253,15024873.21,3.89,-0.88,-0.07,0.88,4.2844984108280455,-0.23260507420916277,7.756,7.8453333333333335,7.776857722598009,4.500363216375468,4.4801780753319145,4.456575092054063,7.561,7.667090909090908,7.634360504853822,4.449272458520248,4.465628241862873,4.4945865088799195,7.427499999999999,7.549666666666666,7.5402447981273095,4.601678947323204,4.518797333346121,4.537890803529645,7.3566666666666665,7.405075268817205,7.590209031254828,4.613588379164727,4.583954239837425,4.546408007858442,7.9835,7.641027322404371,7.897983881595521,4.491644405364759,4.54429529747484,4.53680034969879,7.176810815820887
2024-03-15,sz001313,7.83,8.17,8.18,7.83,33288,26502390.07,4.44,3.55,0.28,1.53,4.522287702784891,0.23778929195684562,7.925999999999999,7.983333333333333,7.907905148398672,4.543862353634,4.4874862374683895,4.478479295631006,7.640000000000001,7.777818181818182,7.731749503971308,4.454495478631445,4.478903740820081,4.499623089589914,7.508500000000001,7.620380952380952,7.600221484019947,4.571411370713038,4.51123626243771,4.536404793934906,7.353666666666667,7.457548387096774,7.6276149002061295,4.616450202502221,4.578063873619372,4.5448518591440195,7.968500000000001,7.647142076502734,7.906902442854684,4.493281730952811,4.54529999575091,4.536324525209809,7.423285041763455
2024-03-18,sz001313,8.33,8.28,8.54,8.1,32063,26148697.61,5.39,1.35,0.11,1.47,4.5060041550265835,-0.016283547758307648,8.03,8.101333333333335,8.031936765599117,4.489204506766889,4.474866837932582,4.4876542487628654,7.718999999999999,7.894181818181818,7.8314314123401605,4.4598206776376585,4.488268954710107,4.500783283305672,7.577500000000001,7.693857142857142,7.664962295065666,4.550065324734554,4.505007003800905,4.533509494991256,7.351,7.517311827956989,7.669704261483154,4.6190150910308985,4.57093832216933,4.542345555652573,7.9559999999999995,7.657355191256831,7.919135149646333,4.494868003072497,4.545717124409066,4.535330414711998,7.4174500628065045
2024-03-19,sz001313,8.32,8.34,8.5,8.28,28109,23311023.59,2.66,0.72,0.06,1.29,4.448845395511141,-0.0571587595154428,8.127999999999998,8.204666666666666,8.134624510399412,4.4557478298375734,4.4614138008473345,4.474717964345624,7.816,8.007090909090909,7.923898428278313,4.476868732415004,4.486273448868921,4.4913400309793925,7.641500000000001,7.76647619047619,7.729251600297507,4.5352753459548545,4.495367010541532,4.525446247421722,7.357666666666668,7.581118279569893,7.71294914783908,4.625812602750855,4.559959632135797,4.536313287256352,7.944333333333334,7.669945355191257,7.932933997198913,4.496943709039568,4.544208186456236,4.532494840311969,7.367561343865008
2024-03-20,sz001313,8.34,8.5,8.63,8.3,35937,30125617.67,3.96,1.92,0.16,1.65,4.555541819633662,0.10669642412252145,8.235999999999999,8.328666666666667,8.256416340266275,4.463435496756865,4.494678464112697,4.501659249441637,7.935,8.131454545454545,8.028644168591347,4.506270458731103,4.5005776465450404,4.503013083461987,7.702500000000001,7.848238095238096,7.802656209792983,4.524676462844163,4.497297150891895,4.528312492394288,7.382666666666667,7.654817204301076,7.763726622172042,4.628008087016521,4.55542603322501,4.537553837732308,7.937,7.688163934426231,7.9515263251596044,4.500178664232024,4.54612943598391,4.533250478978254,7.478935960078282
2024-03-21,sz001313,8.5,8.57,8.63,8.36,38914,32633374.22,3.18,0.82,0.07,1.78,4.590105874562201,0.034564054928538646,8.372,8.44,8.360944226844184,4.5245569895036954,4.536901923381142,4.531141457815158,8.064,8.24690909090909,8.127072501574737,4.512460102939581,4.515820449423423,4.518848136389298,7.7485,7.930857142857143,7.8757365707650795,4.521902292893566,4.5035285234364695,4.534197576410279,7.421,7.73141935483871,7.815744259451265,4.632005285959076,4.552980729195699,4.540944291721334,7.9295,7.708918032786884,7.971804150564207,4.504322197518077,4.54907786910949,4.535114590308875,7.5136619812155265
2024-03-22,sz001313,8.59,8.31,8.59,8.21,39634,32669316.08,4.43,-3.03,-0.26,1.82,4.598067905043341,0.007962030481140303,8.4,8.419333333333334,8.343962817896124,4.539713029955386,4.561405561894357,4.553450273557886,8.163,8.291636363636364,8.160332046742967,4.541787691794694,4.5313855043513795,4.533251730690033,7.777500000000001,7.984333333333333,7.917094992596977,4.514177914686305,4.510782391260258,4.540280464851524,7.459333333333333,7.788774193548386,7.847631726583442,4.632055412461094,4.550791220749524,4.5446296861292055,7.9206666666666665,7.721393442622951,7.982892539070298,4.509682299199246,4.552151498864417,4.537178633414923,7.514140042776904
2024-03-25,sz001313,8.18,8.08,8.3,8.04,27840,22482999.72,3.13,-2.77,-0.23,1.28,4.4446692309385245,-0.15339867410481656,8.36,8.312666666666667,8.25597521193075,4.527446045137774,4.529724295555403,4.5171899260181,8.195,8.276545454545456,8.145726220062427,4.508325275952331,4.5137276023775295,4.517145821644304,7.799499999999999,8.013142857142856,7.932609755206788,4.510686644998054,4.504162516617613,4.531174633050285,7.504333333333333,7.8288172043010755,7.862623228094188,4.6240345941128185,4.538701789683551,4.538180624504001,7.906833333333333,7.726617486338799,7.9860763902483205,4.511546081931649,4.550019922855869,4.534145538251763,7.351854255070112
2024-03-26,sz001313,8.4,8.17,8.4,7.99,34192,27475766.51,5.07,1.11,0.09,1.57,4.5339245048199945,0.08925527388147003,8.326,8.249333333333334,8.227316807953834,4.544461866999545,4.531883782116144,4.522768118952065,8.227,8.272,8.150139634596531,4.500104848418559,4.518382007626196,4.520196491312611,7.825,8.048428571428571,7.955218349948999,4.512688368276403,4.5063756461244635,4.531436525599782,7.574333333333334,7.871763440860215,7.882453987571983,4.613782590628972,4.532888235535627,4.537906036137292,7.8966666666666665,7.7352459016393444,7.99210667253526,4.517419337310207,4.550753641639093,4.534138291254,7.438949817070773
2024-03-27,sz001313,8.14,7.97,8.23,7.95,24120,19290673.0,3.43,-2.45,-0.2,1.11,4.382377303468114,-0.15154720135188082,8.22,8.130666666666666,8.14154453863589,4.509828963766435,4.4778555942723335,4.475971180457416,8.228,8.225272727272728,8.117386973760798,4.48663223026165,4.496976999453389,4.495138457159066,7.8685,8.062238095238095,7.956626126144332,4.491872975115458,4.493965068523674,4.517240409206289,7.63,7.897290322580645,7.888102117406049,4.593318013448885,4.51795886217041,4.527871924352184,7.883333333333334,7.737650273224045,7.991381863599678,4.520213768684585,4.546326033972139,4.529162521162659,7.285347379281408
2024-03-28,sz001313,7.97,8.04,8.11,7.91,17624,13974179.14,2.51,0.88,0.07,0.81,4.246104484142712,-0.13627281932540214,8.114,8.070666666666666,8.107696359090593,4.441028685682538,4.389947434397759,4.3993489483525146,8.242999999999999,8.191090909090908,8.103316614895197,4.4827928375931165,4.453244681977217,4.4498595529742735,7.901999999999999,8.07857142857143,7.964566495082968,4.466032648056681,4.470558545573888,4.4914179401526155,7.699333333333333,7.923741935483869,7.897901980799208,4.562050244079842,4.495557989311948,4.509693379822541,7.872833333333333,7.742786885245901,7.9929759008587045,4.520295548258663,4.537338844315029,4.5198819297849555,7.145326306330291
2024-03-29,sz001313,8.08,8.15,8.16,8.04,18412,14768411.0,1.49,1.37,0.11,0.84,4.265100966221937,0.018996482079224997,8.081999999999999,8.082666666666666,8.121797572727061,4.3744352979182555,4.3313048612442255,4.354599620975655,8.241,8.174181818181818,8.11180450309607,4.457074163936821,4.4136643417279116,4.416267082655667,7.9405,8.102190476190476,7.98222682888459,4.455784821284133,4.4514221949229595,4.469863942635408,7.752666666666667,7.952817204301074,7.914166369134743,4.533298968454299,4.476399971385631,4.493913224106373,7.860333333333332,7.751874316939891,7.998124231978091,4.515568547669196,4.528971808838415,4.511528455569774,7.169333770121999
2024-04-01,sz001313,8.15,8.32,8.39,8.15,28416,23283219.02,2.94,2.09,0.17,1.3,4.453562944098507,0.18846197787657015,8.129999999999999,8.162,8.187865048484708,4.376214040550253,4.35768074330431,4.387587395349939,8.245000000000001,8.188545454545455,8.149658229805876,4.451830042844013,4.413025938120946,4.423048148372547,7.981999999999999,8.138333333333334,8.014395702324153,4.455825360240835,4.451210587571949,4.468311466584275,7.8,7.989419354838709,7.940349184029277,4.517320230771039,4.471255711749773,4.491309980234897,7.853666666666667,7.766945355191257,8.008677535847662,4.512122044643502,4.52693883822954,4.509627946996945,7.36704302348551
2024-04-02,sz001313,8.32,8.26,8.39,8.21,26495,21686526.64,2.16,-0.72,-0.06,1.21,4.423163923850348,-0.03039902024815877,8.148,8.205333333333334,8.21191003232314,4.354061924356323,4.37333070440434,4.399446238183409,8.237,8.191272727272727,8.169720369841171,4.4492618956779335,4.407813916485734,4.4230691984594195,8.026499999999999,8.164809523809524,8.037786587817092,4.463065314046469,4.448099974582378,4.464011700609615,7.84,8.01909677419355,7.960971817317711,4.506604195862548,4.465181111303276,4.486913460468152,7.846,7.780267759562842,8.016917616639542,4.510977014321074,4.524022178531403,4.5067930609921385,7.336190000060557
2024-04-03,sz001313,8.25,8.34,8.37,8.19,21902,17935201.12,2.18,0.97,0.08,1.0,4.340483774625717,-0.08268014922463074,8.222,8.269333333333334,8.254606688215427,4.345683218587844,4.36880465449414,4.379792083664179,8.221,8.209999999999999,8.200680302597322,4.427756091177139,4.388036076294421,4.4080536668532915,8.078,8.194666666666667,8.066568817548797,4.467013274954121,4.436425542256592,4.452247136230196,7.875333333333333,8.051354838709678,7.985425248458505,4.492369672288489,4.454463664771868,4.477466383962189,7.837166666666666,7.796464480874317,8.027510481667754,4.5060102562822575,4.518432236246309,4.501340297504715,7.253706251088175
2024-04-08,sz001313,8.34,8.24,8.41,8.21,27665,22781809.8,2.4,-1.2,-0.1,1.27,4.441930674550171,0.10144689992445421,8.262,8.275333333333334,8.249737792143618,4.384848456669336,4.400887139814915,4.400504947292843,8.187999999999999,8.213454545454546,8.207829338488718,4.412938571175937,4.390613273271336,4.414213122798178,8.126000000000001,8.210095238095239,8.08308607302034,4.462699337057759,4.434036723170502,4.451264616070193,7.895,8.074881720430108,8.001849425977312,4.485581052321023,4.451209535885525,4.475173757548511,7.827666666666667,7.809672131147539,8.03447735112127,4.506843723835189,4.516331266353454,4.499392441014401,7.357588221715554
2024-04-09,sz001313,8.22,8.22,8.34,8.07,17778,14391196.24,3.28,-0.24,-0.02,0.82,4.249882901863694,-0.1920477726864771,8.276,8.261333333333333,8.239825194762414,4.3818048437976875,4.355898621546368,4.350297598816461,8.178999999999998,8.219272727272728,8.210042186036224,4.378120070857972,4.360966787941838,4.38433490081009,8.171,8.219047619047618,8.096125494637452,4.459953881326332,4.413768491247257,4.432085405193384,7.911333333333333,8.095849462365592,8.015923656559421,4.46882530007686,4.436003203597956,4.460638863633362,7.819166666666666,7.822535519125683,8.040560060920573,4.505068618673846,4.507906321370783,4.49121180038651,7.158096895315228
2024-04-10,sz001313,8.15,8.05,8.31,7.99,21774,17468192.18,3.89,-2.07,-0.17,1.0,4.3379382185842,0.0880553167205056,8.222,8.186,8.17655012984161,4.358679898694826,4.3412764131418715,4.346177805405707,8.175999999999998,8.195818181818181,8.18094360675691,4.36744696962254,4.353660996619334,4.375899140405382,8.185500000000001,8.20752380952381,8.091732590386266,4.437886122787436,4.402147951938483,4.423119006468699,7.925,8.10479569892473,8.01812213032978,4.462940086539549,4.42755887575972,4.452722692985029,7.809833333333333,7.830103825136612,8.040869567119898,4.503504559443098,4.502426636121942,4.486186437048729,7.242247961257913
2024-04-11,sz001313,7.99,8.0,8.14,7.81,18143,14411251.08,4.1,-0.62,-0.05,0.83,4.258709100569827,-0.07922911801437316,8.169999999999998,8.112,8.117700086561074,4.325788934038721,4.307952813766872,4.317021570460414,8.159,8.163818181818181,8.148044769164745,4.339925429197523,4.333890474973386,4.3545918604352805,8.193000000000001,8.189857142857143,8.082996153206622,4.420015138808041,4.3850834736320445,4.407460920192617,7.936333333333334,8.109634408602151,8.016952960631086,4.455100721916777,4.4143826831165125,4.440205687022758,7.801833333333333,7.836338797814209,8.039529581312689,4.502802831217293,4.494400555503145,4.478728163721551,7.158701684738725
2024-04-12,sz001313,8.0,7.88,8.05,7.84,19582,15329348.26,2.63,-1.5,-0.12,0.9,4.29185704623146,0.03314794566163304,8.078,8.015333333333333,8.03846672437405,4.316063588359871,4.2966421844977845,4.308633395717429,8.15,8.113090909090909,8.099309356589336,4.330873403473857,4.325150768979556,4.3431855305800395,8.189,8.160047619047619,8.063663186234564,4.408752816867754,4.3728779410057035,4.396451027434411,7.9623333333333335,8.106000000000002,8.008117285751661,4.438206451234923,4.403850833072298,4.430634806971708,7.791499999999999,7.838901639344263,8.034299103236863,4.501637059339056,4.487484300257709,4.47260124183663,7.185523690855514
2024-04-15,sz001313,7.78,7.44,7.91,7.3,35917,26780938.52,7.74,-5.58,-0.44,1.65,4.555300054669641,0.26344300843818136,7.918000000000001,7.802666666666667,7.838977816249367,4.3387374643837635,4.3763876732677085,4.390855615368166,8.09,7.984,7.979434928118547,4.36179296052655,4.365955614651517,4.381751807687239,8.166500000000001,8.088714285714286,8.004266692307462,4.422292899059833,4.386834820796359,4.411579506218718,7.964666666666667,8.072301075268816,7.971464557638652,4.431286085546637,4.411405259100343,4.438677726178026,7.7733333333333325,7.8273770491803285,8.014813886737294,4.505906085203678,4.489243742727564,4.475312678322958,7.427825792501052
2024-04-16,sz001313,7.41,6.84,7.56,6.74,59494,40669733.0,11.02,-8.06,-0.6,2.73,4.774473169118743,0.21917311444910226,7.642,7.443333333333333,7.505985210832911,4.443655517834775,4.521632908179368,4.518728133285025,7.9590000000000005,7.7567272727272725,7.772264941187901,4.412730180816231,4.440988379850098,4.453155691583876,8.1,7.962380952380951,7.893384150182942,4.4349021723765265,4.420375798897208,4.446140807447292,7.946666666666667,7.99974193548387,7.89846684424261,4.4414332744615,4.433546361266287,4.460341948303234,7.742500000000001,7.796775956284153,7.9762953986475456,4.512643380734271,4.4980492208887135,4.485121219004787,7.609271321236471
2024-04-17,sz001313,6.91,7.32,7.37,6.85,52300,36927838.0,7.6,7.02,0.48,2.4,4.718501688867274,-0.05597148025146925,7.496,7.335999999999999,7.443990140555275,4.519768211891389,4.613248298523534,4.585319318479108,7.859,7.640545454545455,7.690034951881009,4.439224055293108,4.496583199495742,4.5014004183626755,8.052,7.888095238095239,7.8387761358798045,4.445527049068561,4.44738527665823,4.4720799390111,7.941,7.95931182795699,7.861146402678571,4.450291591924926,4.451421742840854,4.476997415436398,7.718999999999999,7.78292349726776,7.9547775167246755,4.519446206632021,4.504798673614386,4.492773037688804,7.567353881922428
2024-04-18,sz001313,7.35,7.52,7.65,7.27,40313,29843160.49,5.19,2.73,0.2,1.85,4.605445118544163,-0.11305657032311078,7.4,7.343999999999999,7.469326760370183,4.589115415486257,4.641807267407793,4.5920279185007935,7.784999999999999,7.57890909090909,7.659119506084462,4.457452174762489,4.526805210995934,4.5203176365774915,8.011,7.837428571428572,7.808416503891252,4.453357035220211,4.462615568989241,4.4847813846809155,7.946,7.932150537634409,7.83913695734447,4.461194267618476,4.461431647784029,4.485284364023997,7.700666666666666,7.776398907103824,7.940522516176325,4.525416349449312,4.507618310070521,4.496467204274225,7.474844814466984
2024-04-19,sz001313,7.51,7.43,7.54,7.32,22092,16190911.0,2.93,-1.2,-0.09,1.01,4.344235034551639,-0.2612100839925242,7.31,7.354,7.456217840246789,4.599591013150293,4.56018047376292,4.509430290517742,7.694,7.514363636363637,7.617461414069105,4.457827300755081,4.506220276412143,4.488302618027336,7.957499999999999,7.782095238095237,7.772376836853989,4.44279169596611,4.452222997496997,4.471396018001936,7.95,7.898860215053763,7.81274102461257,4.463951283554441,4.453885890811975,4.476184407283845,7.681833333333333,7.767524590163934,7.923784073023003,4.528009478425177,4.5016779390902695,4.491475985594795,7.209271285513236
2024-04-22,sz001313,7.44,7.61,7.7,7.27,35147,26238593.11,5.79,2.42,0.18,1.61,4.545888261388604,0.20165322683696463,7.343999999999999,7.454,7.507478560164527,4.597708654494085,4.542279556509024,4.5215829474746965,7.631,7.49909090909091,7.616104793329267,4.468223059438925,4.522231360163692,4.498772735002111,7.9094999999999995,7.749,7.756912376201228,4.44058081530743,4.462041718013425,4.478490517372095,7.961,7.876924731182796,7.799660958508533,4.464540577851481,4.459172147446437,4.480681430129313,7.6685,7.765169398907104,7.913496070628806,4.53318382550757,4.502264128695629,4.493259994637215,7.418940544844472
2024-04-23,sz001313,7.67,7.81,7.86,7.59,25517,19539167.73,3.55,2.63,0.2,1.17,4.406829613621544,-0.1390586477670599,7.537999999999999,7.609333333333334,7.608319040109684,4.524179943394645,4.47865320955151,4.483331836190313,7.590000000000001,7.5316363636363635,7.6513584672694,4.483917730614709,4.5110689154696235,4.482055803842008,7.8845,7.739523809523808,7.7619683403725395,4.431018900736341,4.458827317852864,4.471665669395852,7.977333333333333,7.867182795698925,7.800327993443467,4.467941831089124,4.455448859431602,4.4759167968062314,7.662333333333334,7.7698087431694,7.910102756837698,4.530253795076435,4.498121367650184,4.490426211653094,7.290906061022144
2024-04-24,sz001313,7.81,8.01,8.07,7.75,26417,20720860.0,4.1,2.56,0.2,1.21,4.421883496192106,0.015053882570562394,7.675999999999999,7.766666666666667,7.742212693406457,4.464856304859611,4.444554393817331,4.462849056190912,7.586,7.608000000000001,7.716566018674963,4.492312258375501,4.499789963756423,4.471115384269298,7.881,7.751476190476189,7.785590403194202,4.42987961399902,4.457957279324841,4.466924510043115,7.985666666666666,7.869290322580644,7.813855219672921,4.456028167983457,4.452477353954375,4.472430777411772,7.660166666666667,7.781207650273223,7.913378076285642,4.532621410316405,4.4945682430966,4.488178909506832,7.316407776435337
2024-04-25,sz001313,8.0,8.19,8.2,7.98,29579,23723361.0,2.75,2.25,0.18,1.36,4.470983487381527,0.04909999118942032,7.81,7.938,7.891475128937638,4.437963978627084,4.446596787991302,4.46556053325445,7.6049999999999995,7.717818181818182,7.802644924370424,4.51353969705667,4.495912005393883,4.471091403016976,7.882,7.780904761904762,7.8241056028899925,4.426732563127096,4.461871933932699,4.46731107931344,7.997,7.8824731182795675,7.8381226248553135,4.451189991557584,4.453442213270381,4.4723374038614345,7.669833333333333,7.798579234972677,7.922447647554965,4.532698659631925,4.492547327590538,4.487615125174854,7.375176217590626
2024-04-26,sz001313,8.19,8.42,8.5,8.11,55167,45579054.0,4.76,2.81,0.23,2.53,4.74167936751999,0.27069588013846335,8.008,8.141333333333334,8.067650085958427,4.517452845220754,4.547835250955604,4.557600144676297,7.658999999999999,7.866,7.914891301757619,4.558521929185523,4.537391945478123,4.520289214744796,7.9045000000000005,7.832142857142857,7.880857450233803,4.44469766632969,4.491866867684403,4.493441392475969,8.012333333333334,7.909763440860216,7.8756631006711,4.4586758543070095,4.47218346333247,4.489714304742632,7.683000000000001,7.823174863387978,7.938760839438409,4.538056317795173,4.499399154078672,4.495945100333711,7.658765307091759
2024-04-29,sz001313,8.42,8.96,9.08,8.35,93213,81857425.0,8.67,6.41,0.54,4.27,4.969476485686033,0.22779711816604298,8.278,8.458666666666666,8.365100057305618,4.60217049008024,4.698509797777364,4.69489225834621,7.811,8.102545454545455,8.104911065074415,4.599939572287162,4.612110955750942,4.601959627643202,7.9505,7.932666666666669,7.983632931163917,4.480866266406856,4.541845802861198,4.538778068019784,8.048,7.9709032258064525,7.945620319982643,4.481508456802277,4.505138342776279,4.520666703513175,7.702333333333333,7.865043715846996,7.972244090604362,4.547548417983502,4.513544077616078,4.51147071952559,7.913058078864344
2024-04-30,sz001313,9.09,9.1,9.3,8.85,67648,60765295.0,5.02,1.56,0.14,3.1,4.830254961291313,-0.1392215243947197,8.536,8.732666666666667,8.610066704870412,4.686855559614194,4.774537954847721,4.740013159327911,8.037,8.33690909090909,8.285836325969976,4.605517751504419,4.653986481024424,4.6434678701246765,7.998,8.042142857142856,8.089953604386402,4.509123966160326,4.575120916659717,4.566537772140882,8.079,8.038774193548388,8.020096428370861,4.491774032085824,4.527638117259443,4.540640139498861,7.716333333333334,7.910868852459016,8.009219694191104,4.554112117294022,4.522813144609776,4.521922661878565,7.783655610633265
2024-05-06,sz001313,9.17,8.87,9.2,8.69,56370,49207293.68,5.6,-2.53,-0.23,2.58,4.7510480348201884,-0.07920692647112482,8.708,8.844,8.696711136580275,4.75268846733981,4.795935446583053,4.7436914511586705,8.192,8.488363636363635,8.392047903066343,4.6087723860997105,4.680446532536382,4.663027900069315,8.0255,8.125190476190475,8.164243737301982,4.523998220696409,4.598161304151133,4.584110178110341,8.098666666666666,8.089806451612903,8.074928916863064,4.499942161412278,4.544365472274563,4.554214842422818,7.724833333333334,7.948693989071039,8.037441999299592,4.559478626221588,4.5292700599385025,4.529434969188126,7.6920294802106195
2024-05-07,sz001313,8.87,8.93,8.94,8.66,38065,33185072.0,3.16,0.68,0.06,1.75,4.580525834129331,-0.17052220069085777,8.856,8.918000000000001,8.774474091053516,4.774596936689371,4.73854790217956,4.689302912148891,8.333,8.622545454545454,8.489857375236099,4.606280457658228,4.675310795814495,4.648027524443863,8.059000000000001,8.211333333333332,8.237172905177983,4.531866316210358,4.60354488638284,4.583768812016911,8.118333333333332,8.143440860215055,8.130094793194479,4.504331509366216,4.549564418901469,4.5559123257587215,7.738,7.988207650273223,8.066706196043867,4.565072056058536,4.529960132328921,4.531110079514067,7.520942764246218
2024-05-08,sz001313,8.95,9.01,9.2,8.78,45848,41146904.0,4.7,0.9,0.08,2.1,4.661320395449693,0.08079456132036267,8.974,8.969333333333333,8.85298272736901,4.758525142275312,4.700789055099667,4.679975406582493,8.491,8.745636363636363,8.584428761556808,4.637988993748033,4.685318057231125,4.6504444100812865,8.0925,8.301904761904764,8.310775485637222,4.547908147251557,4.615873846310396,4.591154677105747,8.135333333333332,8.200967741935484,8.1868628710529,4.507857461893418,4.559692734132661,4.562712846383946,7.759,8.029912568306012,8.097633861747347,4.567932774454969,4.533115815587646,4.5353792702004805,7.614337163332022
2024-05-09,sz001313,9.0,9.05,9.12,8.92,19997,17906502.0,2.22,0.44,0.04,0.92,4.300964846605394,-0.3603555488442991,8.992,8.994666666666665,8.91865515157934,4.624822814459184,4.548268956543029,4.553638553256794,8.635,8.847272727272728,8.669078077637389,4.613496652269712,4.624040939568827,4.586902671267487,8.133,8.393095238095238,8.38117782033844,4.540859855854318,4.592355436725047,4.563517550391428,8.151333333333334,8.259978494623656,8.242549137436585,4.49821942762819,4.546344823468918,4.545825878656299,7.786166666666667,8.07224043715847,8.12885898103432,4.565112356793634,4.524362768772906,4.527693551394084,7.253010755560327
2024-05-10,sz001313,9.05,8.98,9.2,8.95,26101,23376351.14,2.76,-0.77,-0.07,1.2,4.4166571466548445,0.1156923000494503,8.968,8.990666666666668,8.939103434386228,4.5421032515318895,4.478880400608248,4.507978084389477,8.751999999999999,8.91,8.725609336248773,4.614479405573042,4.588251938547942,4.555948939519734,8.171,8.473761904761904,8.438208504115732,4.549198568093876,4.580526607277478,4.549530845273657,8.173666666666666,8.313440860215055,8.290126612440677,4.492172402348575,4.541082740825476,4.53749241207556,7.8165000000000004,8.111382513661203,8.156765243951227,4.562113907404835,4.51949538483393,4.524053013533781,7.368776722247778
2024-05-13,sz001313,9.2,8.85,9.22,8.82,29150,25783995.0,4.45,-1.45,-0.13,1.34,4.464638559095033,0.04798141244018872,8.964,8.951333333333334,8.909402289590819,4.48482135638686,4.453058836462629,4.493531575957996,8.836,8.927818181818182,8.748225820567177,4.618754911863335,4.561008148279213,4.539347052169788,8.211,8.538428571428572,8.477426741818995,4.555533585119417,4.572473273087112,4.5414458656375984,8.199333333333334,8.357075268817205,8.326247476154181,4.4928380466204585,4.539306363841377,4.532792163496171,7.851833333333333,8.145267759562842,8.179494252346268,4.5584363203666385,4.516299471774592,4.522104998634149,7.411350208286445
2024-05-14,sz001313,8.82,9.01,9.05,8.8,49271,43575193.01,2.82,1.81,0.16,2.26,4.692591376768002,0.2279528176729686,8.98,8.966666666666667,8.942934859727213,4.5072344649145935,4.5223155099230095,4.559884842894665,8.918000000000001,8.959454545454545,8.795821125918598,4.640915700801982,4.5744329600800615,4.5672096566421905,8.2615,8.61452380952381,8.5281480045029,4.577227698929326,4.585526396101262,4.555840676221446,8.227333333333332,8.409376344086022,8.37036054220875,4.498126942352059,4.5521936754638,4.54310179015887,7.900833333333334,8.183240437158469,8.206723948990653,4.555954766490515,4.520697998213982,4.527694715950013,7.639239319430736
2024-05-15,sz001313,9.02,9.05,9.12,8.91,27472,24590112.37,2.33,0.44,0.04,1.26,4.438890277816841,-0.25370109895116055,8.988000000000001,8.99,8.978623239818143,4.462748441388023,4.49953411422376,4.519553321202057,8.981,8.983454545454546,8.842035466660672,4.610636791831667,4.537701064991854,4.543878860492127,8.32,8.689619047619047,8.577848194550242,4.584579360508596,4.57235140361436,4.544702543040055,8.263333333333334,8.462451612903227,8.414208249163025,4.500010708163683,4.548371955171205,4.536378466781965,7.946666666666667,8.220918032786885,8.234372344105713,4.546664360806284,4.516859818257467,4.524783095027614,7.390760513348698
2024-05-16,sz001313,9.09,8.98,9.09,8.91,24585,21829880.48,1.99,-0.77,-0.07,1.13,4.390670212626181,-0.04822006519066058,8.974,8.987333333333334,8.979082159878763,4.48068951459218,4.475508037969813,4.476592285010098,8.983,8.983272727272727,8.867119927267822,4.552756164525682,4.497707141499948,4.516022742698318,8.397,8.752476190476191,8.616148366497837,4.5763478684064225,4.553883865720796,4.530032797286353,8.294666666666666,8.508688172043012,8.450710942765411,4.504829565779798,4.541317729652656,4.526977934255785,7.997,8.25479781420765,8.25881915249569,4.5334399049298195,4.511745256022055,4.5203859513423215,7.33905135792542
2024-05-17,sz001313,8.97,9.06,9.1,8.88,23954,21384816.0,2.45,0.89,0.08,1.1,4.3793780452193385,-0.011292167406842246,8.99,9.016,9.00605477325251,4.47323369430508,4.441737548178865,4.444187538413178,8.979000000000001,8.997272727272728,8.902189031400944,4.507668472918485,4.466183847080612,4.491178252247595,8.508,8.81561904761905,8.6584199506409,4.556593112211452,4.535124834941075,4.515684725660923,8.325,8.558064516129033,8.490019914199902,4.508638801746378,4.5332240831648845,4.517455360769563,8.038833333333333,8.289650273224044,8.285087377004027,4.52096888510034,4.506694047506955,4.515762741305502,7.330105517836765
2024-05-20,sz001313,9.06,8.97,9.15,8.9,36345,32289366.0,2.76,-0.99,-0.09,1.67,4.560444673193188,0.18106662797384931,9.014,9.009333333333332,8.994036515501673,4.4923949171247095,4.470807874474901,4.482939916673182,8.989,8.995636363636363,8.914518298418955,4.488608136755785,4.475779519857832,4.503772146964975,8.5905,8.859619047619047,8.688094241056053,4.548690261427748,4.535491650272667,4.519947577806852,8.346666666666668,8.599677419354839,8.520986371348295,4.512201526049535,4.536566397451775,4.520228864796894,8.073333333333332,8.320180327868854,8.307543528577666,4.514760878410287,4.507988335641148,4.517227722678869,7.509059517751609
2024-05-21,sz001313,8.93,8.8,8.96,8.7,39504,34381904.0,2.9,-1.9,-0.17,1.81,4.5966410725878575,0.036196399394669676,8.972000000000001,8.937999999999999,8.929357677001116,4.473204856288681,4.505556592962617,4.520840301978074,8.976,8.961272727272727,8.893696789615507,4.490219660601637,4.495421871827299,4.520657406169136,8.6545,8.87957142857143,8.698751932384049,4.548250059129932,4.540058394192678,4.527251720166948,8.364666666666668,8.628924731182796,8.538987250616147,4.517984097674118,4.542014110131667,4.525158684654375,8.102333333333332,8.344005464480874,8.323689642394791,4.512294146768332,4.51067293217156,4.5198314390693275,7.536329923363168
2024-05-22,sz001313,8.95,8.8,8.95,8.72,26547,23068592.0,2.61,0.0,0.0,1.22,4.424015449821989,-0.17262562276586824,8.922,8.880666666666666,8.886238451334078,4.47022989068971,4.489160124140386,4.488565351259379,8.955,8.929272727272727,8.876661009685415,4.466489166038867,4.483384742594636,4.503086141378745,8.723,8.893428571428572,8.70839460549033,4.552239079893449,4.52822652663954,4.517419694419809,8.38,8.657010752688171,8.55582678283446,4.520768486847327,4.535951616721852,4.518633314665189,8.127666666666666,8.366879781420765,8.339306375431027,4.5065690795679085,4.507778548665122,4.5166899312251525,7.363021088006517
2024-05-23,sz001313,8.73,8.69,8.91,8.6,31958,27568310.0,3.52,-1.25,-0.11,1.47,4.504579592414722,0.08056414259273303,8.864,8.803333333333335,8.820825634222718,4.4930117666474185,4.50061002471539,4.493903431644494,8.919,8.88109090909091,8.842722644288067,4.486850640619799,4.490310274662973,4.50335767793074,8.777,8.890285714285715,8.706642738300774,4.550173646444756,4.523687527832043,4.516196827562182,8.395,8.677010752688172,8.564483119425786,4.522856784109479,4.534907171919749,4.5177266229070945,8.145000000000001,8.38531693989071,8.350804527056239,4.50421891821525,4.507713319578133,4.516292870936286,7.440410143683917
2024-05-24,sz001313,8.7,8.81,8.93,8.67,29416,25704612.25,2.99,1.38,0.12,1.35,4.468583616860806,-0.03599597555391654,8.814,8.785333333333334,8.817217089481812,4.510852880975712,4.492467308119853,4.485463493383265,8.902,8.861272727272727,8.836773072599327,4.492043287640396,4.486988997615883,4.49703512137257,8.827,8.89342857142857,8.716486287034034,4.553261346606719,4.515917048824047,4.5116622360668135,8.414666666666667,8.70378494623656,8.58032291817251,4.530146807942716,4.531405677258544,4.514556106387979,8.163,8.407120218579236,8.365860116333083,4.499486054009789,4.506544949041922,4.514728633097745,7.410011056989068
2024-05-27,sz001313,8.71,8.85,8.9,8.61,29681,25616411.0,3.29,0.45,0.04,1.36,4.472478528923896,0.003894912063090672,8.790000000000001,8.797333333333334,8.828144726321208,4.493259652121854,4.479675857435914,4.481135171896809,8.902000000000001,8.851818181818182,8.839177968490358,4.492827284623282,4.483431768758338,4.492570286381902,8.869,8.895619047619048,8.729201878745078,4.555791098243309,4.50822344713997,4.507930454434154,8.441333333333333,8.731870967741935,8.597721439580734,4.534631484954039,4.527685143128298,4.5118414239709415,8.183166666666667,8.42964480874317,8.381733555141835,4.498785785746794,4.505659456416156,4.513343383780569,7.4085182826264475
2024-05-28,sz001313,8.84,8.56,8.84,8.52,35882,30589066.94,3.62,-3.28,-0.29,1.65,4.554876641862482,0.08239811293858601,8.742,8.720666666666666,8.738763150880807,4.484906765976779,4.500214854016123,4.505715661885366,8.857000000000001,8.789636363636363,8.788418337855747,4.47905581113273,4.494713470074556,4.503898714651099,8.8875,8.866190476190477,8.71308741410269,4.5599857559673564,4.508136356056081,4.512401519903519,8.459999999999999,8.73952688172043,8.595287798317463,4.54450373633046,4.528991282283681,4.514617889641364,8.198166666666667,8.442,8.387578356612595,4.499802229123619,4.507498500878964,4.514705129947188,7.485566229878125
2024-05-29,sz001313,8.6,8.51,8.65,8.45,21376,18014909.69,2.34,-0.58,-0.05,0.98,4.329926440795452,-0.22495020106703034,8.684000000000001,8.643333333333333,8.662508767253872,4.466088964171472,4.4485547456223475,4.447119254855395,8.803,8.726545454545455,8.737796821881973,4.468159427430591,4.467599039104142,4.47226739213189,8.892,8.830238095238096,8.69374575561672,4.539398109631129,4.4862259450873285,4.495022940940846,8.481,8.742752688172043,8.589785359716336,4.54577271614926,4.515147585797551,4.502702312296466,8.221666666666666,8.452224043715846,8.391592180985953,4.491989583692091,4.501928802900992,4.508646812270082,7.255632089315486
2024-05-30,sz001313,8.56,8.46,8.62,8.41,16730,14047462.0,2.47,-0.59,-0.05,0.77,4.223495940962395,-0.10643049983305719,8.638000000000002,8.568666666666667,8.595005844835915,4.409872233881006,4.367690404552656,4.372578150224395,8.751000000000001,8.66418181818182,8.687288308812523,4.451442000264213,4.423114768837197,4.427036219191981,8.867,8.789095238095237,8.671484255081793,4.502099082394947,4.456140024261734,4.469163226657184,8.514999999999999,8.741397849462366,8.58141211070238,4.534712579025686,4.494355535785496,4.484688998016849,8.239833333333333,8.46003825136612,8.393835060297889,4.482999332286162,4.4931257326475595,4.499297603374748,7.147597865952014
2024-05-31,sz001313,8.46,8.38,8.5,8.25,16700,13874610.73,2.96,-0.95,-0.08,0.77,4.222716471147583,-0.0007794698148115842,8.552000000000001,8.482666666666667,8.523337229890611,4.360698804738362,4.305305150308182,4.322624257198791,8.683,8.596727272727273,8.631417707210245,4.435775842857037,4.38152830899781,4.3898871740929994,8.831,8.742714285714287,8.643723849835908,4.47172215788776,4.429532156523891,4.445692107084841,8.566333333333334,8.73268817204301,8.568417780979647,4.516320689093314,4.4742267546320695,4.467787544670445,8.256499999999999,8.46463387978142,8.393381451763531,4.478876981777407,4.484591868347933,4.490229369531234,7.142220807276911
2024-06-03,sz001313,8.35,8.24,8.46,8.1,22814,18552340.0,4.3,-1.67,-0.14,1.05,4.358201437211247,0.13548496606366367,8.430000000000001,8.378666666666668,8.428891486593741,4.337843386395832,4.30447269446581,4.3344833172029436,8.61,8.51618181818182,8.560250851353837,4.415551519258843,4.3674238716076665,4.3841261310235895,8.7995,8.686428571428571,8.605273959375346,4.452079828007314,4.418720659316603,4.437359662334975,8.597000000000001,8.71163440860215,8.547229537045476,4.50431068070478,4.464025512575162,4.460717473221465,8.269,8.464092896174863,8.38835255170571,4.4773011363148525,4.480635293116256,4.485900584865004,7.26839869481335
2024-06-04,sz001313,8.2,8.11,8.2,7.96,25841,20595933.0,2.91,-1.58,-0.13,1.18,4.412309316059834,0.05410787884858692,8.34,8.272,8.322594324395828,4.309329921235301,4.3292946710204765,4.360425316821907,8.541,8.425272727272727,8.478387060198592,4.39711834360604,4.366834380116937,4.389250346484724,8.758500000000002,8.620761904761904,8.558105010863407,4.443669002103839,4.414932991512082,4.434973915070676,8.616666666666667,8.680215053763442,8.519021179816736,4.497872820621969,4.458089940662585,4.457594366307812,8.281333333333333,8.458879781420766,8.379226238535031,4.479533544120222,4.478504413763633,4.4834877563795885,7.313781470367393
2024-06-05,sz001313,8.08,8.04,8.26,7.98,35716,28647544.0,3.45,-0.86,-0.07,1.64,4.552862814292621,0.14055349823278718,8.246,8.171999999999999,8.228396216263885,4.353917195934736,4.410472302039583,4.424571149312145,8.465,8.334181818181818,8.398680321980665,4.410003080053103,4.3951515566054065,4.418998067904342,8.71,8.552333333333333,8.508761676495464,4.438246123045985,4.4253324021967275,4.44620142928229,8.637,8.643010752688172,8.488116587570495,4.504827079946668,4.461637682189724,4.463740717790703,8.2935,8.450967213114755,8.368104066779784,4.484389181750555,4.480908652129941,4.48576234844231,7.457087395135239
2024-06-06,sz001313,7.97,7.7,8.06,7.55,46473,35334828.0,6.34,-4.23,-0.34,2.13,4.667200708661177,0.11433789436855601,8.094,7.989999999999999,8.052264144175924,4.442658149474492,4.514900139615063,4.505447669095156,8.366000000000001,8.19509090909091,8.271647536165998,4.426265191677749,4.441914761806874,4.464125820769221,8.6425,8.456142857142858,8.431736754924467,4.456557916148775,4.447137600826745,4.467248979699327,8.639999999999999,8.582559139784946,8.437270356114334,4.508870828189087,4.472113400171305,4.4768671688146044,8.3005,8.431508196721312,8.346199015409955,4.4867057030202835,4.486902472684387,4.49171114713801,7.548202981632553
2024-06-07,sz001313,7.99,8.28,8.29,7.77,58475,46946919.0,6.75,7.53,0.58,2.68,4.76697023048119,0.0997695218200132,8.074,8.052,8.128176096117283,4.551508901341213,4.623004166617296,4.592621856223834,8.313,8.179454545454545,8.273166165953999,4.456103853039788,4.503861132498409,4.519188440716851,8.6075,8.421619047619048,8.41728563540785,4.474073570340091,4.476700678382213,4.49579386072617,8.655666666666667,8.559333333333333,8.427123881526313,4.5208755154177425,4.488764974512731,4.495583495373739,8.3165,8.430836065573772,8.344028555888316,4.494408673253433,4.496091473584745,4.500736035116475,7.671607095958797
2024-06-11,sz001313,8.27,8.48,8.54,7.98,59020,48558606.04,6.76,2.42,0.2,2.71,4.770999205163941,0.00402897468275043,8.122,8.187333333333333,8.245450730744857,4.634068454931753,4.696167601224872,4.652080972537203,8.276,8.209818181818182,8.310772317598726,4.485955920663792,4.561114832884619,4.564972216070867,8.589,8.40947619047619,8.423258432035674,4.489391602643537,4.504979310270199,4.522003893529767,8.671333333333333,8.548,8.430535244008487,4.532512705716803,4.5049019867544216,4.513352250844075,8.3285,8.436196721311477,8.348486636023125,4.49427043685013,4.505160015614597,4.509597122659014,7.686266211060914
2024-06-12,sz001313,8.39,8.6,8.76,8.36,38755,33027345.23,4.72,1.42,0.12,1.78,4.58832774122495,-0.18267146393899036,8.219999999999999,8.346666666666666,8.36363382049657,4.669272139964776,4.680920696655937,4.630829895433119,8.28,8.268727272727272,8.363359168944411,4.489301030600039,4.579727891168465,4.569218675189791,8.5685,8.41052380952381,8.44009096231799,4.484178420866385,4.514401799658906,4.528320450453117,8.685,8.543397849462366,8.441468454072456,4.536424180844917,4.508502956787206,4.518189379255744,8.341,8.445098360655738,8.356732975825645,4.49380708620125,4.508243861659674,4.512178454415274,7.518873666083234
2024-06-13,sz001313,8.6,8.59,8.67,8.37,35040,29519190.61,3.49,-0.12,-0.01,1.61,4.5445640974960435,-0.04376364372890684,8.330000000000002,8.47,8.439089213664381,4.667612396605461,4.63935134916636,4.602074629454094,8.288,8.325090909090909,8.4045665927727,4.510764796270098,4.589775721513194,4.564736024700019,8.5455,8.412571428571429,8.4543680135258,4.489462111850345,4.520152816480778,4.529867464457206,8.690666666666665,8.537268817204302,8.451051134454879,4.529853671844119,4.509028112700182,4.519890973980925,8.3515,8.453262295081966,8.364381074978903,4.494264763075564,4.50990802596442,4.513240278778578,7.470104445345118
2024-06-14,sz001313,8.57,8.57,8.72,8.41,32324,27226757.65,3.61,-0.23,-0.02,1.48,4.509525098093818,-0.0350389994022251,8.504000000000001,8.55,8.482726142442921,4.636077274491989,4.586655582995813,4.571224785667336,8.299,8.376363636363635,8.434645394086754,4.539367711983241,4.589550321844779,4.554697674407982,8.525,8.414904761904763,8.4653805836662,4.495404856123726,4.522063577075395,4.527930096232122,8.677666666666669,8.529483870967741,8.458725254812629,4.514521958924378,4.5077165918130655,4.519222207794661,8.362833333333334,8.460426229508197,8.371122679077956,4.498015207863328,4.510408364817478,4.513118469575798,7.434995925638339
2024-06-17,sz001313,8.58,8.35,8.58,8.26,28968,23921805.74,3.73,-2.57,-0.22,1.33,4.461918511808955,-0.04760658628486336,8.518,8.498666666666667,8.438484094961947,4.575066930757542,4.528602662101468,4.534789361047876,8.296000000000001,8.385636363636364,8.419255322434616,4.563287916049378,4.575468649085818,4.537828735753613,8.4895,8.398238095238096,8.45439195665037,4.499531879453207,4.518874401426368,4.521643278668011,8.652666666666667,8.508344086021506,8.451710722244073,4.502244077274966,4.504322821031425,4.515525195150422,8.365833333333333,8.460005464480872,8.37043013222294,4.497009054680395,4.5092248665861865,4.511439782435902,7.37879395931798
2024-06-18,sz001313,8.36,8.18,8.36,8.18,22160,18051086.96,2.16,-2.04,-0.17,1.02,4.345569756056392,-0.1163487557525631,8.457999999999998,8.386,8.352322729974631,4.489981040936032,4.4521036038677515,4.471716159384048,8.29,8.364545454545455,8.37575435471923,4.562024747933893,4.535883529087093,4.502872557626845,8.45,8.368761904761906,8.428259389350336,4.488788133596367,4.504211342055243,4.504874371752619,8.629666666666667,8.47784946236559,8.434180998228326,4.488728134649506,4.494214800307646,4.504560328112098,8.364166666666668,8.45391256830601,8.364186521330385,4.494335148030891,4.5042596436804825,4.506001420915262,7.256503358403284
2024-06-19,sz001313,8.15,8.28,8.52,8.15,28303,22996339.45,4.52,1.22,0.1,1.3,4.451832471368571,0.10626271531217935,8.394,8.326666666666666,8.328215153316421,4.462681986964756,4.439387414011931,4.46508826337889,8.306999999999999,8.362727272727273,8.358344472043006,4.565977063464766,4.51584856971158,4.4935925419435225,8.424,8.35257142857143,8.414139447507447,4.481547703535403,4.500691755176405,4.499822762192233,8.608,8.455290322580645,8.424233837052306,4.484438355890815,4.491834434934681,4.501158530902838,8.363166666666666,8.45115300546448,8.361426307516274,4.494384932628517,4.502866113298111,4.504225389782583,7.361658710661614
2024-06-20,sz001313,8.17,8.16,8.3,8.13,20386,16400854.98,2.05,-1.45,-0.12,0.93,4.309332019875983,-0.14250045149258828,8.308,8.248666666666667,8.272143435544281,4.415635571440744,4.388270758315673,4.413169515544588,8.318999999999999,8.336,8.322281840762459,4.5416239840231025,4.46918583451362,4.460090628840334,8.392,8.327428571428571,8.389935690601975,4.475813532038104,4.4842902614945555,4.481680786733542,8.579666666666668,8.426387096774194,8.407186492726352,4.472705410038357,4.480537251965984,4.488782626965622,8.3575,8.444491803278689,8.354822166286231,4.490281435965888,4.496798804683274,4.497835443228269,7.214866488499994
2024-06-21,sz001313,8.08,8.2,8.39,8.0,28567,23104891.0,4.78,0.49,0.04,1.31,4.4558646347875275,0.14653261491154446,8.233999999999998,8.212666666666667,8.248095623696187,4.404903478779485,4.401680446097935,4.427401221958902,8.369,8.314363636363638,8.300048778805648,4.520490376635737,4.453593225561698,4.459322266285278,8.3675,8.309142857142856,8.371846577211311,4.473377784156743,4.4823903665183105,4.479222105595826,8.551333333333334,8.40189247311828,8.393819622227877,4.477868736311096,4.479450750336897,4.486658885534777,8.351333333333333,8.43932786885246,8.349746029686683,4.488044081969644,4.495670384972509,4.4964593511482445,7.3637039240250255
2024-06-24,sz001313,8.18,7.79,8.18,7.75,24411,18880014.0,5.24,-5.0,-0.41,1.12,4.387585570715276,-0.06827906407225104,8.121999999999998,8.064666666666666,8.095397082464125,4.39003689056075,4.395907810076532,4.414129338211026,8.319999999999999,8.209090909090909,8.207312637204621,4.482551910659145,4.429428715394341,4.446279230727096,8.316500000000001,8.254142857142856,8.3164326174769,4.469327881849467,4.474219679523886,4.470494816559583,8.511666666666667,8.352774193548386,8.354863517568015,4.476899683779776,4.473626029975877,4.480267058772228,8.342666666666666,8.420923497267758,8.331393700844497,4.484536043064176,4.492376663292037,4.492889719002902,7.276002312002331
2024-06-25,sz001313,7.77,7.8,7.88,7.69,24459,18648005.0,2.44,0.13,0.01,1.12,4.388438697043693,0.000853126328416387,8.046,7.957333333333334,7.996931388309417,4.39861067875821,4.39537507890418,4.405565791155249,8.252,8.114545454545455,8.133255794076508,4.444295859847122,4.412317222009713,4.435762770057385,8.264,8.204952380952381,8.267248558669577,4.4651258902554565,4.466515947637621,4.46267994803426,8.476666666666667,8.306860215053762,8.319065871273304,4.4743596883780645,4.467918869541291,4.47434264833813,8.338000000000001,8.403131147540984,8.313970956554513,4.4835988674992615,4.4892259306356275,4.489465095332108,7.270632376957829
2024-06-26,sz001313,7.75,7.88,7.9,7.66,15047,11482613.0,3.08,1.03,0.08,0.69,4.177449920971825,-0.2109887760718676,7.965999999999999,7.902,7.957954258872945,4.3437341686788615,4.321654826308717,4.329527167760775,8.18,8.046909090909091,8.087209286062597,4.403208077821809,4.3637997785778415,4.388796797496374,8.23,8.168380952380954,8.230367743558189,4.446254554210923,4.439118236277275,4.4355151835521225,8.439,8.268365591397849,8.290739040868575,4.4571883065181925,4.448763400676372,4.455188278830626,8.333166666666667,8.38811475409836,8.299742400601907,4.477657624435126,4.47918826025768,4.4792350896153765,7.060040727988065
2024-06-27,sz001313,7.85,7.69,7.92,7.69,14278,10913816.0,2.92,-2.41,-0.19,0.65,4.154667377622576,-0.02278254334924945,7.872,7.8100000000000005,7.868636172581964,4.31280124022818,4.25863256262329,4.2712405710480414,8.09,7.957818181818183,8.014989415869398,4.364218405834462,4.318610560359798,4.3462278120647735,8.189,8.116952380952382,8.178904148933599,4.4374916010522805,4.411348028983147,4.408767773463594,8.393666666666666,8.220043010752688,8.251981683393183,4.44771420984505,4.429245921392784,4.435799833591397,8.3285,8.367027322404372,8.279750846483813,4.4738624590043665,4.4685984160998915,4.468593525287744,7.037976627579958
2024-06-28,sz001313,7.69,7.67,7.81,7.63,15262,11545973.0,2.34,-0.26,-0.02,0.7,4.183611449218432,0.028944071595856435,7.766,7.7426666666666675,7.802424115054643,4.25835060311436,4.2155692989533735,4.242030863771506,8.0,7.881454545454544,7.952264067529507,4.331627040946923,4.285772931884157,4.3166612006381655,8.1495,8.06752380952381,8.1304370871304,4.435497376465082,4.387168966903732,4.387324314011673,8.35,8.173354838709677,8.214434478012977,4.440812251064792,4.412207033610422,4.4195296152447545,8.322333333333335,8.345437158469947,8.259759015451555,4.472820908422294,4.4590819895495315,4.459249850662521,7.062430537575853
2024-07-01,sz001313,7.67,7.65,7.77,7.58,11546,8658069.0,2.48,-0.26,-0.02,0.53,4.062431553162612,-0.12117989605582036,7.7379999999999995,7.704,7.751616076703096,4.193319799603827,4.150262948969457,4.182164426901875,7.9300000000000015,7.817818181818182,7.897306964342324,4.291678345082288,4.236828297741555,4.270437628369883,8.113,8.01995238095238,8.084681174070361,4.427483130565834,4.351638888493973,4.356382146311763,8.303,8.128193548387099,8.178019350399238,4.430247367996234,4.3877953756812484,4.3964910305942935,8.314,8.323393442622951,8.23976691658429,4.4694430848713065,4.445626600852494,4.446239414678916,6.9374210425766805
2024-07-02,sz001313,7.67,7.61,7.71,7.57,12600,9419101.0,1.83,-0.52,-0.04,0.58,4.1003705451175625,0.03793899195495065,7.7,7.661333333333334,7.704410717802064,4.135706169218602,4.119279864140703,4.154899799640438,7.873,7.759636363636364,7.8450693344619005,4.2671584239884055,4.202045061384331,4.2395163405058245,8.0815,7.972047619047618,8.039473443206518,4.4145915859611495,4.320485308927473,4.332000089055172,8.257666666666667,8.083483870967742,8.141372940696062,4.414911563727047,4.366513000011656,4.377386483144182,8.302166666666666,8.300311475409837,8.219118820958576,4.4635565448882915,4.433525861844174,4.434899451742478,6.974009453815081
2024-07-03,sz001313,7.57,7.64,7.73,7.57,9966,7469718.73,2.1,0.39,0.03,0.46,3.998520882835038,-0.10184966228252446,7.651999999999999,7.641333333333334,7.682940478534709,4.099920361591243,4.073551435346181,4.1027734940386384,7.809,7.717272727272727,7.807784000923373,4.221827265135053,4.153201872083719,4.195698984565682,8.058,7.93,8.001428353377326,4.393902164299909,4.280859527677366,4.300240164653254,8.219,8.04363440860215,8.109026299360833,4.39497422406862,4.339649085115399,4.352943541188753,8.291833333333333,8.278601092896174,8.200131318632065,4.4564791608713685,4.418278790957183,4.420591957679938,6.87330424889589
2024-07-04,sz001313,7.66,7.35,7.67,7.32,19547,14240261.0,4.58,-3.8,-0.29,0.9,4.2910801129635265,0.2925592301284885,7.5840000000000005,7.540666666666667,7.571960319023139,4.127202908659434,4.137271352470275,4.165542367013601,7.728,7.6338181818181825,7.724550546210033,4.220002074443807,4.165793298961624,4.213041007910744,8.0235,7.862571428571429,7.939387557817581,4.380813029233455,4.2710669513596144,4.299367778778042,8.170666666666667,7.987569892473118,8.060056860692393,4.390543046173337,4.332946239237651,4.348952352270997,8.275333333333332,8.24772131147541,8.172258160644128,4.455655766510333,4.4128558713536465,4.416345667689236,7.153517949260178
2024-07-05,sz001313,7.4,7.49,7.5,7.27,12921,9398148.5,3.13,1.9,0.14,0.59,4.111296126482262,-0.17978398648126426,7.548,7.509333333333333,7.5446402126820935,4.1127398441122,4.131969091744551,4.1474602868364885,7.656999999999999,7.590545454545455,7.681904992353662,4.18554522361328,4.146028581150435,4.194541938560111,8.013000000000002,7.811761904761905,7.896588742787335,4.353017800124508,4.24539867490712,4.281456192845111,8.130666666666666,7.943655913978494,8.02327899871224,4.377433597308922,4.314930308935,4.333619692542692,8.262833333333333,8.221972677595629,8.149889040623009,4.450145190709201,4.401565391352726,4.406344043387367,6.9730423030215825
2024-07-08,sz001313,7.49,7.27,7.53,7.23,9972,7148521.51,4.01,-2.94,-0.22,0.46,3.998782269831736,-0.11251385665052638,7.4719999999999995,7.416666666666667,7.4530934751213955,4.1000099874460245,4.093983233651063,4.097900947834905,7.605000000000001,7.520181818181817,7.607013175562086,4.146664893524926,4.11207168046288,4.158949271518588,7.9625,7.740999999999999,7.836913624426636,4.314608402092036,4.21166195773638,4.254534866843837,8.079333333333333,7.888129032258066,7.974680353634031,4.3617735524079535,4.290501191033246,4.312017278174244,8.247,8.189420765027322,8.121040219618976,4.445960180175335,4.386766607061662,4.392981362287183,6.854216228312268
2024-07-09,sz001313,7.2,7.28,7.32,7.08,13870,9796505.0,3.3,0.14,0.01,0.64,4.142076461073285,0.14329419124154885,7.406000000000001,7.352666666666666,7.395395650080931,4.108351170637169,4.108005391526816,4.112626118914365,7.553,7.46109090909091,7.547556234550797,4.122028669927885,4.111237420017128,4.15588148780126,7.902499999999999,7.676,7.783874231624099,4.283162264887503,4.195230344306023,4.243824542484737,8.027,7.836559139784946,7.929862266302804,4.350760150146267,4.276327185140687,4.3010533544903105,8.234166666666667,8.157715846994536,8.09346513045114,4.442695817550152,4.376803206435365,4.384754972083449,6.991071164474362
2024-07-10,sz001313,7.29,7.27,7.36,7.19,10055,7182212.29,2.34,-0.14,-0.01,0.46,4.00238207493276,-0.13969438614052443,7.331999999999999,7.307333333333333,7.353597100053954,4.109123409056714,4.072682359625347,4.07587810425383,7.492,7.409636363636364,7.497091464632469,4.104521885323979,4.089483493654377,4.127972503643351,7.836,7.6157619047619045,7.734933828612281,4.253864981572893,4.168489373834143,4.220830021765502,7.984,7.787720430107526,7.887290507186494,4.332343664581942,4.253851180288202,4.281784239680146,8.222,8.126103825136614,8.066466273715037,4.438423700456201,4.362366690283975,4.372218155783426,6.856258237745358
2024-07-11,sz001313,7.35,7.22,7.41,7.21,25226,17960594.0,2.75,-0.69,-0.05,1.16,4.401848391395518,0.39946631646275765,7.306,7.2700000000000005,7.309064733369303,4.131277064743112,4.170257353738282,4.184534866634393,7.445,7.360181818181818,7.446711198335655,4.129239986701274,4.143542858394658,4.17776811959829,7.7675,7.557095238095237,7.685892511601587,4.246729196267867,4.182583031912487,4.23806986649217,7.941,7.738430107526883,7.844239506722849,4.334741062935278,4.258335356211659,4.289530313984364,8.211,8.093251366120219,8.038713281134216,4.440256889542269,4.361167499822968,4.373189638918248,7.2543206957308595
2024-07-12,sz001313,7.24,7.24,7.32,7.21,15636,11118412.0,1.52,0.28,0.02,0.72,4.19412566176021,-0.20772272963530813,7.256,7.248,7.286043155579536,4.147842971798702,4.191206886077314,4.187731798342998,7.401999999999999,7.322909090909091,7.409127344092808,4.130291407955451,4.155340253859918,4.180742218173184,7.7010000000000005,7.506857142857143,7.6434265581157215,4.230959224451187,4.1775731714831865,4.233884704136745,7.900333333333334,7.693204301075268,7.80525631274073,4.333762053628538,4.249263394845526,4.283375175131193,8.207666666666666,8.061415300546447,8.012525960441291,4.434237316327112,4.353097623502245,4.367318688847493,7.046042763065676
2024-07-15,sz001313,7.24,7.22,7.33,7.15,8875,6270905.73,2.49,-0.28,-0.02,0.41,3.9481683617271317,-0.24595730003307814,7.246,7.236,7.264028770386358,4.137720190177781,4.124648682720124,4.107877319471043,7.358999999999999,7.289818181818182,7.374740554257752,4.118865088811903,4.122226972727497,4.13845606245572,7.644500000000001,7.461047619047619,7.603100219247558,4.205271716947096,4.15064070836661,4.206673623907258,7.861666666666666,7.649311827956989,7.767497840951006,4.32461044998119,4.22438638246479,4.261748929105124,8.214,8.029032786885246,7.986541502721904,4.420465569537252,4.337160936466181,4.353576055171415,6.797330272111893
2024-07-16,sz001313,7.18,7.14,7.25,7.06,13064,9160249.52,2.63,-1.11,-0.08,0.6,4.116076171728611,0.1679078100014797,7.218000000000001,7.200666666666666,7.222685846924239,4.132520132308846,4.117434009903734,4.110610270223566,7.311999999999999,7.25,7.3320604534836145,4.120435651473008,4.121719896894171,4.134386991414427,7.592499999999999,7.413,7.558995436462077,4.193797037730707,4.142145894536279,4.198045295128339,7.825,7.602752688172043,7.727014109276748,4.316539607798435,4.2109325580613985,4.252350686693736,8.211,7.9938196721311465,7.958786043616268,4.410425144251608,4.32718095621016,4.345789173747061,6.961907303764271
2024-07-17,sz001313,7.2,7.2,7.27,7.12,18450,13010219.0,2.1,0.84,0.06,0.85,4.265996370495079,0.149920198766468,7.204000000000001,7.1946666666666665,7.215123897949493,4.18524299142131,4.161926089299145,4.162405636980737,7.267999999999999,7.229636363636364,7.308049461941138,4.147183200239012,4.148185482170912,4.158315969429091,7.538500000000001,7.375619047619048,7.52480539489426,4.184505232687032,4.149022021466219,4.204516826115648,7.794666666666667,7.56243010752688,7.69301319900083,4.311662509612944,4.207671704041826,4.253231053390597,8.205666666666668,7.960672131147541,7.933907812678029,4.404767665117456,4.322445586578798,4.34317301626339,7.1142846070682
2024-07-18,sz001313,7.1,7.2,7.2,7.07,11269,7869220.49,1.81,0.0,0.0,0.52,4.051885378889872,-0.21411099160520752,7.2,7.1933333333333325,7.2100825986329955,4.115250388920181,4.117473551788666,4.125565550950449,7.253,7.217272727272727,7.288404105224567,4.123263726831647,4.1308586055619765,4.138964952967414,7.4905,7.343380952380952,7.493871547761474,4.171632900637727,4.136391559199822,4.189980497808431,7.766666666666667,7.524064516129032,7.661205895839487,4.294963261766185,4.1909118891564665,4.240241009874422,8.201833333333333,7.927699453551913,7.909845261442683,4.399895170856427,4.310875675554943,4.333622601923274,6.895931714105132
2024-07-19,sz001313,7.17,7.22,7.24,7.1,12182,8571609.0,1.94,0.28,0.02,0.56,4.085718595165402,0.033833216275530376,7.196,7.2,7.213388399088664,4.09356897560122,4.107629620537073,4.112283232355433,7.226000000000001,7.2112727272727275,7.275966995183736,4.120705973699961,4.124032217986296,4.129283797003412,7.4415000000000004,7.317619047619048,7.467788543212762,4.1531255986566205,4.128209244392934,4.180050792794809,7.750666666666667,7.488795698924731,7.632740999333714,4.2755805246496585,4.177412233246739,4.230271821828679,8.195333333333332,7.895508196721311,7.887227384018333,4.392225676419374,4.300574804220812,4.325494601701704,6.933062352172014
2024-07-22,sz001313,7.22,7.15,7.23,7.11,9827,6881092.68,1.66,-0.97,-0.07,0.45,3.9924209560520243,-0.09329763911337796,7.182,7.184666666666667,7.192258932725776,4.102419494466198,4.073913614020674,4.072329140254297,7.214,7.197454545454546,7.253063905150329,4.12006984232199,4.100707669323035,4.104399644103159,7.4094999999999995,7.2898571428571435,7.4375229676686905,4.133367367923458,4.112904040335354,4.162181284533592,7.713,7.4500430107526885,7.601596418731539,4.24976221550202,4.159143873982376,4.214926604681798,8.184333333333333,7.861234972677595,7.863055994378387,4.385318865459881,4.287466452733357,4.3145741543033544,6.837657407307447
2024-07-23,sz001313,7.2,7.02,7.23,6.97,17458,12057814.0,3.64,-1.82,-0.13,0.8,4.241994489156781,0.2495735331047566,7.1579999999999995,7.130666666666667,7.134839288483851,4.127603157951832,4.120438612250869,4.128884256555125,7.188,7.162181818181819,7.210688649668451,4.130061645130339,4.12287578692936,4.129416888658363,7.3705,7.252761904761904,7.397758875509767,4.126045157529113,4.123249480452813,4.169782542116753,7.6643333333333326,7.405333333333332,7.564074069135956,4.232128724968448,4.158642730347199,4.216672919809216,8.167833333333332,7.823060109289619,7.835414814234833,4.382320715342626,4.282767292854567,4.312194493151007,7.08126858029259
2024-07-24,sz001313,7.03,6.92,7.03,6.81,19149,12937007.75,3.13,-1.42,-0.1,0.88,4.282146099149467,0.04015160999268641,7.101999999999999,7.051333333333334,7.063226192322568,4.1308331036827095,4.1719529259834145,4.179971537419906,7.1530000000000005,7.1134545454545455,7.157836167910551,4.15803804755201,4.1505275058419295,4.157185836020382,7.322500000000001,7.209857142857143,7.352258030223123,4.131279966437995,4.138116236797609,4.180483833262726,7.608333333333333,7.357311827956988,7.522520903385249,4.2219226702325985,4.161869657713716,4.220896995895684,8.146666666666667,7.782147540983607,7.805401213768118,4.379173425538758,4.2794828792088895,4.311209299905054,7.1118338383159045
2024-07-25,sz001313,7.02,7.0,7.13,6.79,16561,11336446.0,4.91,1.16,0.08,0.76,4.219086557169252,-0.06305954198021535,7.061999999999999,7.017333333333332,7.042150794881712,4.164273339338585,4.201370743812261,4.193009877336355,7.131,7.085636363636365,7.1291386828359045,4.139761864129383,4.161627234863246,4.168440512592904,7.287999999999999,7.179142857142857,7.3187096463923496,4.1345009254153275,4.146478769248205,4.184160283158586,7.5553333333333335,7.318064516129032,7.488809877360395,4.211073418888373,4.161686682677371,4.2207801933972044,8.123,7.744551912568307,7.778994616595392,4.3704635453662455,4.274234129426282,4.3081888821104375,7.054476923648074
2024-07-26,sz001313,7.01,7.03,7.1,6.96,9506,6546283.0,2.0,0.43,0.03,0.44,3.97799780995874,-0.2410887472105121,7.023999999999999,7.006666666666666,7.038100529921142,4.142729182297253,4.139278900685646,4.1213391882104835,7.110000000000001,7.067272727272727,7.111113467774831,4.118149078949235,4.132215588650402,4.133814566659419,7.256,7.154571428571428,7.291213489593078,4.124220243452344,4.131573710633292,4.164525761901458,7.5040000000000004,7.284172043010752,7.4592092401113375,4.193355842617204,4.146649546617395,4.2051168138205295,8.090833333333332,7.708715846994535,7.75443741605128,4.353938900770791,4.261366400396529,4.297362945318579,6.815994776205976
2024-07-29,sz001313,7.08,7.0,7.11,6.96,15462,10619068.48,2.13,-0.43,-0.03,0.71,4.189265668934548,0.21126785897580858,6.994,6.998666666666667,7.025400353280761,4.182098124873758,4.154791062898078,4.143981348451838,7.087999999999999,7.047272727272728,7.090911019088497,4.142258809669978,4.14514587773864,4.143896585254897,7.2235,7.130190476190476,7.263478871536595,4.13056194924094,4.137768513060168,4.166881943523657,7.4590000000000005,7.251655913978494,7.429582837523509,4.18426741452139,4.14638566444432,4.204094159311757,8.055833333333332,7.672950819672131,7.729701763065991,4.343255745898178,4.255967278041242,4.293818772322381,7.026086421478097
2024-07-30,sz001313,7.0,7.0,7.1,6.93,20964,14355822.99,2.43,0.0,0.0,0.96,4.321474151030555,0.132208482096007,6.99,7.000666666666667,7.016933568853841,4.197994057248513,4.2012497382836775,4.203145615978078,7.074,7.031272727272728,7.074381742890588,4.1627986076001715,4.177730485258746,4.176183415395926,7.1930000000000005,7.108904761904761,7.238385645675967,4.14161712953659,4.155950627516323,4.181605010905265,7.419666666666667,7.222043010752688,7.401867815747799,4.183464227687195,4.155237711961041,4.2116670620032925,8.024666666666667,7.638333333333333,7.705777115096614,4.336096181168352,4.255253127389844,4.2947255060505185,7.157028094761496
2024-07-31,sz001313,7.01,7.07,7.09,6.9,31341,21529370.68,2.71,1.0,0.07,1.44,4.496112849425273,0.1746386983947179,7.0200000000000005,7.027333333333333,7.034622379235895,4.2407874073036735,4.300622669009264,4.3008013604604765,7.061,7.030545454545455,7.0735850623650265,4.185810255493192,4.238333074681491,4.234352403401261,7.164499999999999,7.097190476190477,7.222348917516351,4.166496727866102,4.189712124648578,4.211558138383361,7.379333333333333,7.199483870967742,7.380456988925361,4.184940240289086,4.175408590782852,4.230018403127292,7.993666666666667,7.607032786885245,7.684931963781971,4.33468929808995,4.2604995755294155,4.301328369767723,7.333031335248576
2024-08-01,sz001313,7.04,6.86,7.12,6.85,28077,19162105.26,3.82,-2.97,-0.21,1.29,4.448350701995904,-0.047762147429369683,6.992,6.974000000000001,6.9764149194905976,4.286640236269004,4.369810433906674,4.349984474305619,7.026999999999999,6.994000000000001,7.034751414662294,4.225456787803795,4.286067701318348,4.273261184963923,7.140000000000001,7.068190476190476,7.187839496800509,4.174360257317721,4.216555360279987,4.234109811108365,7.336,7.1659784946236575,7.346879118672112,4.189574196359749,4.1924028141187755,4.244104357893009,7.957833333333332,7.569863387978141,7.657885014149775,4.331139803199053,4.264226178936168,4.306148774103073,7.282443221473937
2024-08-02,sz001313,6.83,6.84,6.93,6.71,21511,14380730.0,3.21,-0.29,-0.02,0.99,4.332660600270635,-0.11569010172526895,6.953999999999999,6.923333333333334,6.930943279660399,4.357572794331383,4.385150555240552,4.3442098496272905,6.989,6.959999999999999,6.999342066541876,4.250150988314318,4.305559303585046,4.284061078656052,7.107499999999999,7.039619047619047,7.154711925676651,4.185428481007139,4.23163158341836,4.24349560055239,7.290666666666667,7.133978494623656,7.314177240048105,4.185467395209186,4.201634195016252,4.2498176638528555,7.921,7.533213114754098,7.631069112046504,4.331668065760141,4.264276041135236,4.307018014305288,7.15778093242551
2024-08-05,sz001313,6.84,6.76,6.96,6.73,18870,12599097.29,3.36,-1.17,-0.08,0.87,4.275771900164932,-0.056888700105703016,6.906000000000001,6.858666666666666,6.8739621864402665,4.37487404057746,4.357883590518401,4.321397199806505,6.95,6.918363636363636,6.955825327170626,4.278486082725609,4.310217651194249,4.28255395529403,7.082000000000001,7.00652380952381,7.117120313707446,4.1992779625238,4.240235718576244,4.246569533848823,7.256333333333333,7.099741935483872,7.278423869722421,4.181740272857508,4.207460292110172,4.2514921307117,7.884,7.495147540983606,7.602509469028585,4.329319978318642,4.262443379968182,4.305993551546588,7.10033942956073
2024-08-06,sz001313,6.83,6.91,6.92,6.78,17672,11876524.0,2.07,2.22,0.15,0.81,4.247285702863379,-0.028486197301552885,6.888,6.859999999999999,6.885974790960178,4.360036350944024,4.315354144613707,4.2966933674921295,6.939,6.911090909090909,6.947493449503238,4.279015204096269,4.304544854855662,4.276141545761184,7.0635,6.990142857142858,7.097394569544832,4.204538424613304,4.244807884322872,4.2466377404216376,7.2266666666666675,7.077397849462366,7.254654587804847,4.177035173051498,4.2116890295299045,4.251220748269873,7.851666666666666,7.463213114754098,7.579804240535844,4.325697430714782,4.259753731592598,4.3040687040487775,7.074689350703071
2024-08-07,sz001313,6.91,6.85,6.95,6.81,10650,7138043.2,2.03,-0.87,-0.06,0.49,4.027349607774757,-0.219936095088622,6.843999999999999,6.847333333333334,6.873983193973452,4.266283702613921,4.204458563557285,4.206912114253006,6.932,6.894909090909091,6.9297673677753755,4.253535554958797,4.258787473706295,4.23090664794547,7.0424999999999995,6.969809523809524,7.073833181969134,4.205786801255403,4.2279327589096765,4.22575315636003,7.192333333333334,7.053096774193548,7.228547840204534,4.1720318292782625,4.202031896286244,4.236777448883092,7.815666666666667,7.4303715846994525,7.555876232649422,4.3146100678982275,4.249971835758499,4.294995946793891,6.853579172012027
2024-08-08,sz001313,6.84,6.9,6.91,6.7,15139,10124529.38,3.07,0.73,0.05,0.69,4.180097188980094,0.15274758120533694,6.851999999999999,6.8660000000000005,6.882655462648969,4.21263300001076,4.175729725679342,4.197973805828703,6.922,6.889090909090909,6.924355119088943,4.249636618139881,4.245435043528349,4.22166856449722,7.0265,6.956238095238095,7.057277640829216,4.194699241134632,4.225486129169171,4.221404968990512,7.1659999999999995,7.034236559139785,7.207351205352629,4.172879489656846,4.20255224207346,4.233120657921608,7.7798333333333325,7.400349726775956,7.534372093874031,4.310296849750949,4.245561577433314,4.291228774406553,7.005374844981097
2024-08-09,sz001313,6.88,6.78,6.93,6.77,10471,7008707.08,2.32,-1.74,-0.12,0.48,4.019988159591286,-0.1601090293888081,6.840000000000001,6.842,6.848436975099313,4.150098511874889,4.111514778872851,4.1386452570828975,6.897,6.863272727272728,6.8981087338000435,4.2538356531031365,4.203680778337696,4.184999399968868,7.0035,6.932761904761904,7.030870246464529,4.185992366026186,4.208846978545995,4.202222415714395,7.136333333333334,7.009333333333335,7.1797801598460085,4.167425380002608,4.192688285295036,4.219370174158362,7.743166666666667,7.367568306010928,7.5096385825994725,4.3041188155337,4.236043259723162,4.282335639494577,6.845637909577214
2024-08-12,sz001313,6.8,6.74,6.85,6.68,14340,9478912.56,2.51,-0.59,-0.04,0.66,4.156549151331781,0.1365609917404953,6.836,6.808666666666667,6.8122913167328765,4.12625396210826,4.113664992025148,4.144613221832525,6.871,6.834727272727272,6.869361691290944,4.250564001342859,4.185992323470177,4.179826627489398,6.9795,6.907666666666667,7.003168318229812,4.196411405506419,4.206042862860813,4.197872581011289,7.106,6.983763440860213,7.151407246307556,4.170562633274914,4.191986593122724,4.215317204943744,7.7045,7.334677595628416,7.484404530710965,4.300405000635575,4.231204910077196,4.278211492341698,6.9767585170553446
2024-08-13,sz001313,6.75,6.81,6.82,6.66,13715,9065291.0,2.37,1.04,0.07,0.63,4.137195811940548,-0.01935333939123307,6.816,6.799999999999999,6.811527544488585,4.104235983923693,4.117312275302577,4.142140751868533,6.851999999999999,6.823636363636362,6.858568656510772,4.2321361674338585,4.16537992539703,4.1720755701168795,6.962999999999999,6.89152380952381,6.984771335541258,4.197467387517015,4.200403282521206,4.19209384109979,7.0793333333333335,6.964666666666667,7.129380972352231,4.171790142169013,4.189833894972121,4.210277115072571,7.6685,7.3053497267759555,7.462292906753228,4.29335085294803,4.2258537891363765,4.273588027410512,6.957381749707401
2024-08-14,sz001313,6.84,6.93,6.93,6.73,17408,11646546.0,2.94,1.76,0.12,0.8,4.240748878018086,0.10355306607753789,6.831999999999999,6.837999999999999,6.85101836299239,4.14691583797236,4.162816573334042,4.175010127251718,6.837999999999999,6.837818181818182,6.871556173508813,4.20659977029314,4.16694587277598,4.184561626098917,6.949499999999999,6.8883809523809525,6.979555017870663,4.196205012893166,4.204525329235595,4.196727654139628,7.055666666666666,6.955032258064516,7.116517683813378,4.179864408675114,4.194282845672061,4.212243035262604,7.637333333333333,7.2811366120218555,7.444840680302303,4.287419316371867,4.22412913422064,4.27251133398781,7.066197146344626
2024-08-15,sz001313,6.95,6.86,7.04,6.75,34249,23039923.37,4.18,-1.01,-0.07,1.57,4.534647895512471,0.2938990174943852,6.824000000000001,6.847333333333334,6.854012241994926,4.2178259792788335,4.29206059251408,4.294889383338636,6.837999999999999,6.841818181818182,6.869455051052665,4.215229489644797,4.226590986452221,4.2482136750832,6.9325,6.8798571428571424,6.968168825692504,4.220343138724296,4.2367579847231465,4.2289105342703746,7.039333333333333,6.942408602150538,7.099968155825419,4.187983334760079,4.217172102887375,4.233043348827112,7.6049999999999995,7.2556502732240435,7.425665576030095,4.289263190466708,4.23223498927443,4.2811059753492735,7.362481030304929
2024-08-16,sz001313,6.81,6.72,6.86,6.71,21905,14475894.0,2.19,-2.04,-0.14,1.0,4.340543257514194,-0.1941046379982767,6.812,6.812666666666667,6.809341494663284,4.281936998863416,4.332966351925866,4.310107341397156,6.8260000000000005,6.820363636363635,6.842281405406725,4.216017755369153,4.249375307883022,4.265000871888835,6.907500000000001,6.859619047619049,6.944533699436075,4.233084371841736,4.24820561508409,4.239542222198358,7.0136666666666665,6.921806451612904,7.075454081256037,4.195624905794477,4.2270146785489295,4.239978826806924,7.572166666666666,7.226633879781422,7.4025289997668136,4.286529251551699,4.233916302948119,4.283054738698943,7.160645394318475
2024-08-19,sz001313,6.67,6.78,6.83,6.66,13380,8839182.49,2.53,0.89,0.06,0.61,4.1264561134318045,-0.2140871440823897,6.8199999999999985,6.8020000000000005,6.79956099644219,4.275918391283421,4.281139390115328,4.248890265408706,6.828,6.812,6.830957513514592,4.20108617669584,4.233091372985321,4.239810915805737,6.889,6.84747619047619,6.928863823299307,4.239786129710724,4.238050542854573,4.228772116601543,6.997333333333334,6.9067311827957,7.056392527626616,4.199880700581146,4.222552175815855,4.232654780782723,7.538333333333332,7.200661202185791,7.382118212889213,4.280827126494549,4.2286680033376305,4.2779203575426425,6.946412100250663
2024-08-20,sz001313,6.8,6.65,6.83,6.62,14250,9335753.91,3.1,-1.92,-0.13,0.65,4.153814864344529,0.02735875091272444,6.787999999999999,6.745333333333334,6.749707330961461,4.279242201764217,4.240438214469032,4.217198465053981,6.802,6.779636363636364,6.79805614742103,4.191739092843955,4.224496588921446,4.224175270085517,6.870500000000002,6.824714285714286,6.902305363937469,4.2353771484701115,4.229862803295887,4.2216333306723035,6.976333333333334,6.8843225806451604,7.030173654876512,4.200271980690188,4.219580186381233,4.227568334560904,7.501666666666667,7.171535519125684,7.358114337056779,4.275516065418227,4.224503666873694,4.27385132497877,6.970149395207659
2024-08-21,sz001313,6.73,7.12,7.3,6.57,64929,44504118.26,10.98,7.07,0.47,2.98,4.812438714164513,0.6586238498199837,6.8260000000000005,6.856,6.873138220640974,4.393580168993502,4.418170385269131,4.415611881424159,6.829000000000001,6.837454545454546,6.856591393344479,4.270248003482931,4.337351065525184,4.3311322599180615,6.8805,6.848476190476189,6.923038186419614,4.261891779220864,4.2848210476477355,4.277900510052514,6.971333333333333,6.893591397849463,7.035968902948995,4.227273868664579,4.259074814347319,4.265301907438556,7.477666666666667,7.1590218579234985,7.350307309612295,4.279808766623261,4.242107688144065,4.291509927902893,7.648400200977289
2024-08-22,sz001313,7.2,7.2,7.45,7.07,98888,70503790.13,5.34,1.12,0.08,4.53,4.995143593417419,0.18270487925290624,6.894,6.980666666666667,6.982092147093983,4.4856793085744915,4.61869152674377,4.608789118755245,6.859,6.904909090909091,6.919029321827301,4.3517526439266625,4.4691502636950915,4.451861593281581,6.8905,6.878904761904762,6.949415501998699,4.300694631033273,4.3546545537616925,4.346209375134886,6.970666666666667,6.908344086021505,7.046551554371641,4.247050375398643,4.3086147965894375,4.31238846782429,7.4558333333333335,7.149918032786886,7.345379201100416,4.29089571916696,4.265561289022562,4.31457988414927,7.8482124643431765
2024-08-23,sz001313,7.19,7.22,7.37,7.0,60962,42849346.81,5.14,0.28,0.02,2.8,4.785059206604438,-0.21008438681298092,6.994,7.089333333333333,7.0613947647293225,4.574582498392541,4.718484826087084,4.667545814704977,6.9030000000000005,6.970545454545454,6.973751263313246,4.428259748627978,4.54793327509105,4.512442977522101,6.9,6.910285714285716,6.975185454189299,4.341047700865557,4.400784513339899,4.388004597179605,6.97,6.924430107526883,7.0577417766702455,4.266748160226784,4.343325043764005,4.342883354197203,7.435166666666666,7.142185792349725,7.341268407621714,4.300255106927661,4.281763370577889,4.330005435705178,7.631944205979758
2024-08-26,sz001313,7.15,7.31,7.37,7.12,50926,36231376.0,3.46,1.25,0.09,2.34,4.706939565707899,-0.07811964089653856,7.1,7.1946666666666665,7.1442631764862154,4.69067918884776,4.762603848525537,4.680677065039284,6.959999999999999,7.044545454545456,7.034887397256291,4.483298790065589,4.598602332741945,4.547805993555882,6.9155,6.949333333333333,7.0070725537903185,4.366931395704225,4.435631357610598,4.418379356087062,6.973,6.946365591397852,7.074016500756037,4.292040533692809,4.3717244892789155,4.366370851714022,7.417333333333333,7.138081967213115,7.340243213929199,4.3083254918369995,4.295097287259209,4.342363931770841,7.559084828041142
2024-08-27,sz001313,7.31,7.16,7.33,7.15,26412,18678898.0,2.46,-2.05,-0.15,1.21,4.421801288600973,-0.28513827710692663,7.202000000000001,7.214666666666667,7.149508784324144,4.744276473699048,4.6729778817766086,4.594385139559847,6.995,7.080909090909092,7.057635143209692,4.5117593377316325,4.587420968839288,4.524896047200444,6.9235,6.972619047619049,7.021637072476954,4.371947752582746,4.440857061696003,4.41870525442172,6.973666666666667,6.958430107526881,7.079563823287906,4.302231370921888,4.380096150885893,4.3699470089325345,7.399333333333333,7.12964480874317,7.33433360035775,4.309385489360162,4.298817805185895,4.344968435273468,7.271351250553788
2024-08-28,sz001313,7.23,7.24,7.3,7.08,26707,18780675.0,3.07,1.12,0.08,1.22,4.426625106418247,0.004823817817274367,7.226000000000001,7.227333333333334,7.179672522882763,4.667113752149795,4.567094092683008,4.538465128512648,7.026000000000001,7.125454545454545,7.090792389898839,4.530346960571649,4.571942017691399,4.507028603421862,6.932,7.002761904761903,7.042433541764863,4.368473365432394,4.446064428727956,4.419459526040438,6.975,6.975612903225805,7.089914544366105,4.307585662119327,4.3881215531759805,4.373603660383226,7.384833333333334,7.124420765027324,7.331240695427987,4.309624085866135,4.302661727056654,4.347645703179854,7.273711197275522
2024-08-29,sz001313,7.2,7.27,7.33,7.18,27193,19328144.98,2.07,0.41,0.03,1.25,4.434457122687698,0.00783201626945118,7.239999999999999,7.242,7.209781681921842,4.554976458003852,4.4895418828623095,4.503795793237665,7.067,7.169818181818181,7.123375591735414,4.520327883289172,4.554507501712499,4.493833788742923,6.952499999999999,7.034952380952381,7.064106537787257,4.367778686466984,4.452348596085604,4.420887868578272,6.977333333333333,6.994645161290322,7.101532960858615,4.320338053579254,4.396306808696521,4.377529690209321,7.372,7.120655737704919,7.329232803774611,4.30765065767272,4.30675461350982,4.350491979229291,7.286190174586828
2024-08-30,sz001313,7.05,7.13,7.33,6.86,60142,41890711.5,6.46,-1.93,-0.14,2.76,4.779177866307255,0.34472074361955674,7.2219999999999995,7.205333333333332,7.183187787947896,4.553800189944414,4.56427568563011,4.595589817594195,7.108,7.181272727272728,7.124580029601702,4.564191344168478,4.6015711349885144,4.545714530118255,6.9670000000000005,7.051857142857142,7.070382105617043,4.390104549768815,4.491529470356105,4.455010725504842,6.974333333333333,7.004494623655915,7.103369544029027,4.343453362617316,4.425909377259619,4.4034424757640265,7.3625,7.11272131147541,7.322700580700033,4.309516943633487,4.32221452198964,4.364547254215454,7.6221177367732444
2024-09-02,sz001313,7.06,6.92,7.13,6.92,26837,18444543.0,2.95,-2.95,-0.21,1.23,4.428733966181565,-0.3504439001256898,7.144,7.104666666666666,7.095458525298597,4.498159070039148,4.522586944375828,4.539971200456652,7.122,7.14709090909091,7.08738366058321,4.5944191294434535,4.576942520809076,4.524445336675221,6.975,7.047380952380952,7.056060000320181,4.397752653069647,4.495208462395415,4.4525081769978625,6.966666666666667,7.0009892473118285,7.091539250865864,4.357997129621634,4.431411351683119,4.405074184823223,7.339833333333333,7.098213114754099,7.309497282972163,4.303879672561828,4.326123276827281,4.366651736574998,7.265867899192154
2024-09-03,sz001313,6.96,7.08,7.24,6.95,49080,34229953.78,4.19,2.31,0.16,2.25,4.690904554054967,0.26217058787340175,7.128,7.083333333333333,7.090305683532399,4.551979723129946,4.586835439047767,4.590282318322757,7.164999999999999,7.139454545454546,7.086041176840808,4.648128098414498,4.594485325283896,4.554710648926084,6.983499999999999,7.057380952380951,7.058340000289688,4.419933595629226,4.523127691060684,4.4752125938604435,6.968666666666667,7.008301075268817,7.090794783068067,4.372960798451573,4.452889250033657,4.4235148538059175,7.3165000000000004,7.089693989071039,7.301972781891108,4.302544761710011,4.338812617204106,4.377282976492374,7.534406312719399
2024-09-04,sz001313,7.0,7.01,7.16,6.98,34698,23878715.05,2.54,-0.99,-0.07,1.59,4.540304442687238,-0.1506001113677291,7.081999999999999,7.044,7.0635371223549335,4.574715590383745,4.582943678900198,4.573623026444251,7.154000000000001,7.111272727272727,7.072215508324296,4.62091467126677,4.574881024242577,4.552091338700839,6.9915,7.059904761904763,7.053736190738289,4.4455813373748505,4.534591581256685,4.481411817558234,6.971666666666667,7.010967741935485,7.085582216418515,4.3815660765694995,4.463685614177893,4.431049665991809,7.29,7.079644808743169,7.292399903796317,4.301744373401049,4.346608016580409,4.382627942597123,7.378010953039035
2024-09-05,sz001313,6.96,7.02,7.13,6.94,33297,22955267.0,2.71,0.14,0.01,1.53,4.522405106114798,-0.017899336572440028,7.032000000000001,7.0233333333333325,7.049024748236623,4.592305187069165,4.565506850810548,4.556550386334433,7.136,7.08690909090909,7.062721779538061,4.573640822536508,4.556970194214945,4.546693841867013,6.9975,7.062619047619048,7.050523220191785,4.462696733231585,4.54190813066049,4.485315940277907,6.972333333333333,7.014086021505376,7.081351105681837,4.391676694867685,4.472772003180815,4.436943565354583,7.263833333333334,7.070792349726776,7.283468759409553,4.301375056878029,4.35384279470217,4.387210800417375,7.360882348548448
2024-09-06,sz001313,6.99,6.92,7.13,6.9,28001,19169446.0,3.28,-1.42,-0.1,1.28,4.447173541582463,-0.07523156453233515,6.989999999999999,6.986,7.006016498824416,4.525904322124206,4.517129635648314,4.520091438083776,7.106,7.0476363636363635,7.036772365076594,4.53985225603431,4.533976143132391,4.528599241815276,7.0045,7.055238095238095,7.038092437316377,4.484056002331145,4.540429731455811,4.481683330878341,6.968666666666667,7.010709677419355,7.070941356928171,4.407315885921808,4.47635244490435,4.437603563820899,7.236333333333333,7.05951912568306,7.271551750904322,4.300335864269505,4.358623072889202,4.389176791930984,7.282609561880691
2024-09-09,sz001313,6.92,6.84,6.98,6.74,25314,16992902.28,3.47,-1.16,-0.08,1.16,4.403360775765525,-0.043812765816937826,6.973999999999999,6.936000000000001,6.950677665882944,4.520829684040998,4.476281786862088,4.4811812173110255,7.059,6.999272727272728,7.000995571426303,4.509494377040072,4.509159510356249,4.505828611624412,7.0095,7.039571428571429,7.019226490905293,4.496396583552832,4.532744471782895,4.474224039915216,6.963333333333334,7.0024086021505365,7.056041914545709,4.414452389482841,4.476097276507169,4.435394351688294,7.211166666666667,7.046524590163934,7.257402513169755,4.299359902002115,4.36200093883989,4.389641840581296,7.230267559948791
2024-09-10,sz001313,6.84,6.69,6.88,6.63,23525,15404804.37,3.65,-2.19,-0.15,1.08,4.3715296320992945,-0.03183114366623041,6.895999999999999,6.841333333333333,6.86378511058863,4.456954699649863,4.42651510288152,4.444630688907115,7.0120000000000005,6.932181818181818,6.944450922076066,4.504467211389906,4.484075011276106,4.481410615347118,7.003500000000001,7.009142857142856,6.9878715870095505,4.508113274560769,4.520852381168273,4.464443620123223,6.953,6.984774193548388,7.032426307155664,4.416120905518466,4.473328066353393,4.431274047198682,7.186333333333334,7.029437158469944,7.238799152082222,4.2997925666028305,4.364367159498815,4.3890479976802474,7.187656187458609
2024-09-11,sz001313,6.7,6.58,6.74,6.57,16512,10669681.29,2.54,-1.64,-0.11,0.76,4.217799679947118,-0.15372995215217689,6.81,6.736,6.7691900737257535,4.39245374710184,4.346796762980604,4.369020352587116,6.946000000000001,6.8536363636363635,6.878187118062235,4.483584668742791,4.431953641922873,4.433481354365299,6.986,6.968809523809525,6.949026673961022,4.506965814657221,4.493203467395544,4.440953721058833,6.9366666666666665,6.960709677419356,7.0032375131456215,4.406843799869193,4.460533148574597,4.417501507376,7.158,7.0095573770491795,7.217199179882805,4.2958920200791395,4.361678868133053,4.383433298738177,7.02815144697259
2024-09-12,sz001313,6.67,6.59,6.75,6.58,18193,11839757.0,2.58,0.15,0.01,0.83,4.259904319515269,0.04210463956815147,6.724000000000001,6.662666666666667,6.709460049150502,4.339953589781934,4.302613620451748,4.332648341563167,6.878,6.78890909090909,6.825789460232738,4.466129388425549,4.3912844875178685,4.401921893483475,6.972499999999999,6.931095238095238,6.914833657393306,4.493228635857361,4.469673801191548,4.423710920911827,6.927666666666666,6.938344086021505,6.976577028426549,4.4005622537865055,4.451053182100149,4.407333946868856,7.131833333333334,6.990934426229507,7.196635272345663,4.295068225073127,4.360498943524402,4.379383168271853,7.073342788988076
2024-09-13,sz001313,6.73,6.49,6.73,6.48,22244,14180766.0,3.79,-1.52,-0.1,1.02,4.347212886404863,0.0873085668895941,6.638,6.584666666666666,6.636306699433669,4.319961458746414,4.305033385992725,4.337503189843733,6.814,6.7183636363636365,6.764736831099512,4.42293289043531,4.36966330533229,4.391974801287364,6.961,6.885142857142857,6.874373309070134,4.493562117301893,4.45576753933893,4.416425393815926,6.916,6.910107526881721,6.94518496207645,4.40104732999098,4.447611287430365,4.403455168774404,7.1033333333333335,6.969890710382513,7.173466902760559,4.293257362600083,4.362208604551672,4.378328404931952,7.151699690691061
2024-09-18,sz001313,6.5,6.35,6.58,6.31,20155,12544192.7,4.16,-2.16,-0.14,0.92,4.30438280248907,-0.042830083915792905,6.540000000000001,6.488666666666668,6.540871132955779,4.300165864091123,4.29984050057361,4.326463060725512,6.757,6.634,6.689330134535964,4.4104977740660605,4.348108743887519,4.376048983324037,6.9395,6.82695238095238,6.824432993920597,4.502458451754757,4.437750461737709,4.405754670832415,6.902333333333333,6.873591397849462,6.906785932265066,4.402001026735118,4.44137486630121,4.397063403207609,7.0793333333333335,6.945191256830601,7.14646798791595,4.291870649796313,4.362573373072622,4.375903958950218,7.098442716888822
2024-09-19,sz001313,6.41,6.57,6.66,6.38,27009,17296043.0,4.41,3.46,0.22,1.24,4.431508504864177,0.1271257023751069,6.516,6.498666666666666,6.550580755303853,4.312161638644099,4.343621380831294,4.361478208771734,6.706,6.6,6.667633746438515,4.384558169146982,4.351928876759904,4.386132532694972,6.935499999999999,6.7917619047619056,6.800201280213874,4.516343133780739,4.430993323938606,4.408207416930678,6.891,6.852150537634409,6.885057807602804,4.408141786801811,4.4432785745676,4.399285667830613,7.058833333333333,6.928491803278688,7.127567398148214,4.292588479926654,4.367151663402716,4.377727058816249,7.23794675631781
2024-09-20,sz001313,6.57,6.41,6.64,6.37,20763,13088056.0,4.11,-2.44,-0.16,0.95,4.317290103960419,-0.11421840090375834,6.481999999999999,6.463333333333334,6.503720503535903,4.3320597234467595,4.345330869270068,4.346748840501296,6.645999999999999,6.546181818181817,6.620791247086057,4.362256735274299,4.339698319453255,4.373615727470507,6.9,6.741714285714284,6.763039253526839,4.491585703270535,4.412035892527146,4.399548625219225,6.876333333333333,6.821118279569894,6.854408916789721,4.417806470008,4.437417175674608,4.393995631451891,7.0343333333333335,6.907218579234972,7.104040598208928,4.294919149643132,4.367961552715299,4.375745519312779,7.1168751445514955
2024-09-23,sz001313,6.44,7.04,7.04,6.44,137474,93307027.87,9.36,9.83,0.63,6.3,5.138220569262726,0.8209304653023075,6.572,6.649333333333333,6.682480335690602,4.507722973396251,4.614051151208723,4.61057275008844,6.648000000000001,6.6178181818181825,6.697011020343138,4.423838281589092,4.480782652905697,4.5126347896145464,6.892,6.755047619047619,6.789416467476664,4.4987395520627995,4.473620165478784,4.469898334175749,6.881,6.831677419354837,6.866382535061352,4.449743916017421,4.4838955046587845,4.442010143568719,7.023499999999999,6.9074043715847,7.101940906464373,4.311311702837133,4.395610779588072,4.400744701278351,7.969914355967436
2024-09-24,sz001313,7.04,7.16,7.17,6.97,103331,71671016.55,2.84,1.7,0.12,4.74,5.014230632354297,-0.12398993690842897,6.706,6.845333333333333,6.841653557127069,4.641126522586139,4.782887037528072,4.7451253775103925,6.672,6.710909090909091,6.781190834826203,4.480543990666276,4.588126716681189,4.603834033749046,6.889,6.780571428571429,6.824710137240791,4.5101981233502935,4.522714554077974,4.5217395054308485,6.893666666666666,6.849677419354839,6.885325597315459,4.482885331776187,4.52031400248697,4.478927594458112,7.015000000000001,6.911879781420766,7.1038444833016055,4.325155355889398,4.418657301867324,4.420858994100513,7.855343564354076
2024-09-25,sz001313,7.2,7.23,7.39,7.15,72176,51349992.29,3.35,0.98,0.07,3.31,4.858392809753635,-0.15583782260066226,6.882000000000001,7.0200000000000005,6.971102371418047,4.751928524039051,4.855309133250571,4.78288118825814,6.711,6.812363636363637,6.862792501221438,4.526047194065087,4.6568265019698,4.6501174475680624,6.885,6.81304761904762,6.863309171789287,4.51777078555258,4.555875952783054,4.553801724890162,6.909999999999999,6.871376344086022,6.907562655553172,4.506280120390249,4.54454029138874,4.503409221251371,7.008,6.918928961748634,7.107980729750733,4.3384213768325814,4.4361404970759875,4.435204365105534,7.710540382725688
2024-09-26,sz001313,7.23,7.35,7.4,7.16,47503,34039435.95,3.32,1.66,0.12,2.18,4.676721037883893,-0.18167177186974204,7.037999999999999,7.176,7.097401580945364,4.800971030642994,4.830239971198851,4.747494471466725,6.776999999999999,6.928545454545454,6.95137568281754,4.556566334643547,4.684221746300492,4.654954463989122,6.894499999999999,6.857333333333333,6.909660679237926,4.530516773016727,4.571014072052702,4.56550832612766,6.928,6.899763440860215,6.936107000356194,4.524264294588361,4.555536479614137,4.51459062877605,7.003666666666666,6.930142076502732,7.1159157877916925,4.348027218378687,4.4472322892416045,4.44312294454089,7.531982355001502
2024-09-27,sz001313,7.44,7.39,7.57,7.28,79801,57795514.65,3.95,0.54,0.04,3.66,4.902008333603371,0.22528729571947803,7.234,7.293333333333332,7.19493438729691,4.917914676571585,4.863919072185643,4.79899909217894,6.858,7.04,7.031125558668896,4.624987200009173,4.747029382475005,4.69987334937353,6.901999999999999,6.904523809523811,6.955407281215266,4.554285934375982,4.606394220680002,4.597555945887252,6.943333333333333,6.929569892473118,6.9653904196880525,4.546306276441204,4.579907062776396,4.539585319410071,6.999499999999999,6.942808743169399,7.1249021554050795,4.3630853425581595,4.465395604494872,4.458168367133102,7.761894135335054
2024-09-30,sz001313,7.52,8.11,8.11,7.51,135096,104246776.51,8.12,9.74,0.72,6.19,5.130642490371808,0.2286341567684369,7.448,7.585333333333334,7.49995625819794,4.916399060793401,4.934828343452384,4.9095468915765625,7.01,7.267636363636364,7.2272845480018235,4.712061017094826,4.838966707995485,4.778195011373217,6.944,7.019571428571429,7.065368492528098,4.589095202760188,4.661285321251034,4.648326092981018,6.984999999999999,7.00483870967742,7.0392361990630175,4.566172762936516,4.617606173352563,4.57771804011728,7.012166666666667,6.979218579234973,7.157200445391798,4.377078048848298,4.490561412619909,4.480216699042567,8.018062634719525
2024-10-08,sz001313,8.86,8.33,8.91,7.9,156897,129198324.03,12.45,2.71,0.22,7.19,5.1956146395977605,0.06497214922595251,7.6819999999999995,7.879333333333333,7.776637505465294,4.952675862242094,5.027900203053838,5.004902807583629,7.194,7.507636363636364,7.427778266546946,4.796901192414116,4.926885548450564,4.854089489232225,7.0040000000000004,7.151571428571427,7.185809588477802,4.609917041424714,4.719049077140326,4.700448811706423,7.038666666666667,7.091612903225807,7.122511282994436,4.594675142339301,4.658215326685547,4.617582336857956,7.026166666666667,7.022426229508198,7.195652889805181,4.395150024066889,4.517398677890384,4.503672369224704,8.111256879996187
2024-10-09,sz001313,8.35,7.53,8.35,7.51,94758,71563629.74,10.08,-9.6,-0.8,4.34,4.976615885755559,-0.21899875384220113,7.742,7.828666666666667,7.69442500364353,4.976320477442478,5.03588021089166,4.995473833640939,7.312,7.568727272727274,7.446364036265683,4.864124500740765,4.9595609472399165,4.87636701587283,7.0344999999999995,7.201666666666666,7.218589627670393,4.637311137403413,4.753972776600406,4.7267504378063405,7.063666666666666,7.123311827956989,7.148800877639957,4.62301380141676,4.682856664970467,4.640745791625544,7.0305,7.038945355191255,7.206615090139437,4.411447250998952,4.5364631323719795,4.519178714028994,7.854692360068544
2024-10-10,sz001313,7.53,7.51,7.75,7.43,53265,39689535.48,4.25,-0.27,-0.02,2.44,4.7264419313572965,-0.25017395439826284,7.773999999999999,7.751333333333333,7.63295000242902,4.986264656137159,4.952587362196599,4.905796532879725,7.406000000000001,7.604727272727272,7.4579342114901035,4.893617843390077,4.9345277528065585,4.849107909597278,7.056,7.246952380952382,7.246342996463689,4.639088006268529,4.762461423643633,4.726721056239765,7.0923333333333325,7.15210752688172,7.172104046824476,4.642101370317186,4.689529447547275,4.6462745748340435,7.0343333333333335,7.054666666666666,7.216562136364373,4.421186675503687,4.546790826809958,4.525974229351234,7.598676016023482
2024-10-11,sz001313,7.48,7.26,7.64,7.2,44037,31758709.04,5.86,-3.33,-0.25,2.02,4.643817725199263,-0.08262420615803379,7.747999999999999,7.58,7.50863333495268,4.934626534456338,4.8384383852173,4.818470263652904,7.491,7.578181818181819,7.421946173037357,4.926270605513961,4.889109549499138,4.811782421524912,7.0684999999999985,7.2663809523809535,7.247643663467147,4.64426367039413,4.762911873065608,4.718825500902574,7.0969999999999995,7.162924731182797,7.177774753480962,4.6364806706850095,4.689640180120313,4.646116068405994,7.034166666666667,7.062065573770492,7.217986328614721,4.4318772696747954,4.554090205488502,4.529837950526579,7.501862840474225
2024-10-14,sz001313,7.39,7.47,7.52,7.26,45285,32875030.88,3.58,2.89,0.21,2.08,4.655954372078779,0.0121366468795161,7.619999999999999,7.487333333333334,7.495755556635121,4.839688910797731,4.74554766442478,4.764298299794863,7.534000000000001,7.5743636363636355,7.43068323248511,4.878043985795566,4.839961143420013,4.7834500488983425,7.090999999999999,7.304619047619048,7.268820457422657,4.65094113369233,4.764025273226051,4.712837774347927,7.106,7.186989247311828,7.196627995191868,4.625174363307056,4.690896547952169,4.646750797675206,7.038333333333333,7.076355191256831,7.226249071938828,4.43611236935285,4.561436995731255,4.5339729151676345,7.5168661694372
2024-10-15,sz001313,7.47,7.39,7.54,7.25,33961,24715037.0,3.88,-1.07,-0.08,1.56,4.530980469795938,-0.12497390228284111,7.4319999999999995,7.410666666666667,7.460503704423414,4.706762076837367,4.642644850757517,4.686525689795221,7.5569999999999995,7.548181818181818,7.423286281124181,4.82971896953973,4.776858685965536,4.7375464890615415,7.1145,7.333095238095238,7.280361366239546,4.6551314801030035,4.7526004480930615,4.695518031057261,7.111666666666666,7.20531182795699,7.209103608405296,4.616705072080106,4.684819522564355,4.6392817442636405,7.0408333333333335,7.087885245901639,7.2316179548260795,4.441726616153445,4.564547425253979,4.533874802204628,7.392961264964055
2024-10-16,sz001313,7.39,7.46,7.69,7.31,43550,31796986.23,5.14,0.95,0.07,2.0,4.638988159343682,0.10800768954774398,7.417999999999999,7.42,7.460335802948943,4.6392365315549915,4.6200535449262885,4.670679846311375,7.58,7.5305454545454555,7.4299615027379655,4.807778504498735,4.742180356838982,4.719626792749203,7.1455,7.3660000000000005,7.2974698075500655,4.666912849281911,4.751062988973127,4.6901342337512055,7.116666666666666,7.227784946236559,7.2252904723791485,4.614440025201299,4.686257141097489,4.6392628033010626,7.044833333333333,7.101628415300548,7.239105890733422,4.453240279447054,4.571015016833987,4.537321141782957,7.502385958798682
2024-10-17,sz001313,7.47,7.39,7.58,7.37,35364,25818057.0,2.82,-0.94,-0.07,1.62,4.54856138189755,-0.09042677744613137,7.394,7.410666666666667,7.436890535299296,4.603660421663042,4.589828495040474,4.629973691506767,7.5840000000000005,7.4959999999999996,7.422695774967426,4.7949625389001005,4.6950499709114935,4.688523990776175,7.180499999999999,7.389285714285714,7.306282206831011,4.675764436771823,4.739791420650806,4.676651105003238,7.124333333333333,7.2454193548387105,7.235916893515978,4.618665361644517,4.682006906045634,4.633411098694384,7.049,7.1129453551912585,7.244053238578227,4.460448366283202,4.574140298881544,4.537689674245731,7.411923555284006
2024-10-18,sz001313,7.25,7.4,7.49,7.25,50662,36754567.0,3.25,0.14,0.01,2.32,4.704682330575311,0.15612094867776083,7.422,7.4126666666666665,7.424593690199531,4.615833342738252,4.623502464677896,4.654876571196282,7.584999999999999,7.462545454545454,7.418569270427894,4.7752299385972945,4.678635387579713,4.691461870739654,7.221500000000001,7.410190476190476,7.315207710942344,4.700108569303233,4.742545505774948,4.679320745533911,7.129666666666666,7.263204301075269,7.246502900385916,4.627933935783086,4.687556387912137,4.638009242686702,7.052333333333333,7.124453551912567,7.249166247149431,4.467759798951207,4.582147969841941,4.543164843305717,7.565311310758091
2024-10-21,sz001313,7.47,7.31,7.48,7.27,54806,39589913.12,2.84,-1.22,-0.09,2.51,4.738828106372149,0.034145775796837974,7.390000000000001,7.375333333333333,7.386395793466354,4.632408089596926,4.664500719222529,4.682860416254904,7.505,7.412545454545455,7.398829403077367,4.736048500197329,4.672016872629688,4.700073913581925,7.2575,7.418619047619047,7.314711738471645,4.724054758646078,4.746233080733892,4.684988113232791,7.131,7.274838709677419,7.250599487457793,4.638079635239235,4.694710850530786,4.644513685505118,7.054166666666666,7.132901639344263,7.25116079642322,4.479208844409245,4.591035455331153,4.5495800322587145,7.597584548694716
2024-10-22,sz001313,7.4,7.42,7.42,7.27,41918,30248249.0,2.05,1.5,0.11,1.92,4.6224005533247965,-0.11642755304735264,7.395999999999999,7.3853333333333335,7.397597195644236,4.650692106302698,4.661164873798486,4.662707128611535,7.414,7.397090909090909,7.402678602517845,4.678727091570033,4.651353609561954,4.685951484444265,7.303999999999999,7.43409523809524,7.3247391919505365,4.737814141992073,4.736551727846151,4.679027393241554,7.140666666666666,7.293483870967742,7.261528552783097,4.632853724806486,4.693699296858887,4.643087031816066,7.057500000000001,7.14489617486339,7.256696508015901,4.488153543711901,4.5957302654595305,4.551967590326455,7.480700239429885
2024-10-23,sz001313,7.45,7.48,7.57,7.38,45607,33474953.0,2.56,0.81,0.06,2.09,4.659031505560469,0.036630952235672254,7.4,7.413333333333335,7.425064797096158,4.654700775546056,4.663944673551076,4.661481920927846,7.409000000000001,7.409090909090908,7.416737038423691,4.646968653550523,4.647772593923852,4.681056942829029,7.3605,7.450857142857142,7.339525935574295,4.755546577145644,4.729048619614569,4.677123022986212,7.1593333333333335,7.315376344086021,7.275623484861607,4.640530309452449,4.695388185939789,4.644115707541511,7.063,7.158748633879781,7.2640179339825925,4.4992637195370415,4.601332821585714,4.5554778826292095,7.524719975919895
2024-10-24,sz001313,7.48,7.34,7.53,7.33,33304,24082743.3,2.67,-1.87,-0.14,1.53,4.522496397878721,-0.13653510768174737,7.390000000000001,7.3933333333333335,7.396709864730772,4.649487778742289,4.619876547661965,4.615153413244805,7.392,7.396545454545453,7.402784849619383,4.6265741002026655,4.6251412747107965,4.652227752838064,7.399000000000001,7.44890476190476,7.339571084567218,4.760095971796371,4.7068533644462915,4.662396677737879,7.168000000000001,7.3270322580645155,7.279776808418924,4.634916704246575,4.687773094870516,4.636269300466493,7.068333333333333,7.167830601092897,7.266509149261851,4.503938751349073,4.602094548744457,4.554396522473455,7.38170595651405
2024-10-25,sz001313,7.35,7.5,7.54,7.3,49574,36186525.0,3.27,2.18,0.16,2.27,4.695253962436349,0.17275756455762803,7.409999999999999,7.430000000000001,7.431139909820515,4.647602105114497,4.635131942226652,4.641853596308653,7.416000000000001,7.416181818181818,7.420460331506767,4.631717723926375,4.637628522389648,4.660050700037752,7.453500000000001,7.45852380952381,7.35485002889415,4.778994164720168,4.700677934983433,4.665525942947258,7.184333333333333,7.348451612903226,7.293984756262864,4.640081688238212,4.6916658212053415,4.640074762529065,7.078,7.181983606557377,7.27416458699097,4.510823882403856,4.608367178616172,4.55901479919355,7.5585468797154
2024-10-28,sz001313,7.6,7.78,7.79,7.5,53075,40037308.08,3.87,3.73,0.28,2.43,4.724890002838037,0.029636040401687325,7.5040000000000004,7.553333333333334,7.54742660654701,4.644814484407674,4.660894574801166,4.6695323984851145,7.447,7.482363636363636,7.485831180323718,4.6386112870023,4.654568936737223,4.671839664183258,7.4905,7.4896190476190485,7.395340502332802,4.758327636398933,4.695525157661324,4.671179662936856,7.209666666666667,7.386881720430107,7.325340578439453,4.646831184795653,4.697137325373071,4.645546713516741,7.090999999999999,7.205,7.29074935463061,4.519253939831669,4.615385739941882,4.564453330460582,7.6024648698736454
2024-10-29,sz001313,7.79,8.3,8.54,7.59,198432,157606178.51,12.21,6.68,0.52,9.1,5.297611709666857,0.57272170682882,7.68,7.818666666666667,7.798284404364674,4.779856715676087,4.8784936498875595,4.8788921688790285,7.538000000000001,7.6374545454545455,7.633861874810314,4.715274410989393,4.774387195403507,4.78561639972573,7.547499999999999,7.566714285714285,7.481498549729678,4.772496690264561,4.746885545591603,4.730839857863523,7.2556666666666665,7.457225806451612,7.38822183144336,4.675179123731799,4.739123165687343,4.687615422945782,7.112166666666667,7.244639344262295,7.3238395397246885,4.541247504826804,4.640905666821725,4.588491310106689,8.197573238789344
2024-10-30,sz001313,7.92,7.71,8.01,7.49,195242,146161731.38,6.27,-7.11,-0.59,8.95,5.290573247788597,-0.007038461878259739,7.726000000000001,7.828666666666666,7.76885626957645,4.906165064121712,5.048732493925063,5.016119195182219,7.563,7.668727272727272,7.647705170299348,4.780432919833883,4.878986983912452,4.87742673573716,7.5715,7.582190476190477,7.503260592612565,4.794105712166309,4.796226170117701,4.784147799761149,7.284666666666666,7.486537634408602,7.408981713285724,4.704752872799235,4.7788260124006845,4.726515927774351,7.124,7.26424043715847,7.336500538422239,4.559602631141038,4.665473723968014,4.611510390030686,8.164833678873261
2024-10-31,sz001313,7.61,7.37,7.61,7.3,134952,97589567.6,4.02,-4.41,-0.34,6.19,5.130179325221009,-0.16039392256758767,7.731999999999999,7.71,7.635904179717633,5.027701649590169,5.123403914291495,5.0541392385284825,7.561,7.633636363636363,7.597213321154012,4.83859471416623,4.942577239437385,4.923381752006951,7.572500000000001,7.5630000000000015,7.4905691076018455,4.816778626533165,4.828233180884816,4.817103183138278,7.307333333333333,7.492043010752687,7.406466764041484,4.730041195903293,4.806272880298863,4.752558727609619,7.130166666666667,7.27230601092896,7.337598881424789,4.573081050710878,4.684181156560798,4.628515928889384,7.989403393733149
2024-11-01,sz001313,7.31,7.22,7.4,7.17,77573,55085445.28,3.12,-2.04,-0.15,3.56,4.889710587347911,-0.24046873787309853,7.675999999999999,7.539333333333333,7.497269453145089,5.066592974572482,5.077406893544075,4.999329688134959,7.543000000000001,7.571636363636363,7.5286290809441905,4.8570975398434895,4.951871034561327,4.917259722068944,7.564,7.5294285714285705,7.464800621163574,4.816163739220392,4.835179081914791,4.824018174015386,7.328666666666667,7.486408602150537,7.394436650232357,4.7524382261499865,4.816574131359806,4.761407234689509,7.132666666666666,7.275251366120219,7.333743180394468,4.57964101300959,4.69456245284398,4.637079688183106,7.741036864376603
2024-11-04,sz001313,7.22,7.27,7.28,7.12,43973,31130071.34,2.22,0.69,0.05,2.02,4.643186095799396,-0.24652449154851475,7.574,7.403999999999999,7.421512968763393,5.050252193164754,4.93627126728638,4.880615157356438,7.539,7.521999999999999,7.48160561168161,4.8475333387862145,4.912978044735128,4.867428153656298,7.522,7.501428571428573,7.446248181052757,4.791790919491771,4.8187050206366004,4.806796071328149,7.351333333333333,7.4826236559139785,7.386408479249624,4.765214285359457,4.809525606821059,4.7537800644385335,7.1395,7.279754098360655,7.331653240053666,4.5828882695729805,4.696645898181352,4.637279898268885,7.493180115945376
2024-11-05,sz001313,7.25,7.32,7.34,7.24,66044,47093841.56,1.38,0.69,0.05,3.03,4.819833368729458,0.17664727293006166,7.378,7.319333333333333,7.387675312508929,4.954696524977274,4.859464992474615,4.860354561147444,7.529000000000001,7.482181818181818,7.452222773194045,4.86727662032668,4.907941686542991,4.858774556396872,7.471500000000001,7.482190476190477,7.434224544762019,4.7730018559483565,4.8213757300878095,4.808037718699702,7.3790000000000004,7.480602150537634,7.382124061233521,4.7809683014369435,4.813049418651381,4.7580415679411745,7.147499999999999,7.285672131147542,7.331271166609284,4.5910078157139615,4.704414589956973,4.643265257956116,7.672964118352292
2024-11-06,sz001313,7.31,7.3,7.35,7.22,57310,40985989.26,1.78,-0.27,-0.02,2.63,4.75823040845775,-0.061602960271708085,7.295999999999999,7.293333333333334,7.358450208339287,4.848227957111105,4.793976286968106,4.826313176917546,7.511,7.440545454545454,7.424545905340581,4.877196510616408,4.888115102566821,4.840493802226122,7.459999999999999,7.465857142857143,7.421441254784684,4.762082582083466,4.819968925564895,4.803294165343326,7.410666666666667,7.475505376344087,7.376825734702326,4.796096554969233,4.811582457814014,4.7580537512003085,7.156499999999999,7.29067213114754,7.33024588245816,4.5990487908521756,4.709897297915785,4.647034607152891,7.612635421915606
2024-11-07,sz001313,7.42,7.6,7.61,7.36,110428,81189791.23,3.42,4.11,0.3,5.06,5.043079206578813,0.2848487981210637,7.3420000000000005,7.394666666666667,7.438966805559525,4.8308079333826655,4.8589267034573425,4.898568520137969,7.536999999999999,7.456727272727273,7.4564466498241115,4.929254791486418,4.9182755927418045,4.87732751210843,7.464499999999999,7.4791904761904755,7.438446849567095,4.777914445844542,4.846730508850166,4.826130835937182,7.444999999999999,7.487720430107526,7.39122407439895,4.816482245026387,4.827516822433986,4.776442490256986,7.168000000000001,7.305213114754098,7.339090279754613,4.6123120159141,4.7244556722019055,4.660019675986527,7.909501424669665
2024-11-08,sz001313,7.63,7.81,8.04,7.46,186659,142452790.79,7.63,2.76,0.21,8.56,5.271048934825438,0.22796972824662465,7.459999999999999,7.550666666666667,7.562644537039683,4.907075602878171,5.0056737039382675,5.022728658367125,7.568,7.506363636363637,7.520729077128818,4.986834288725326,4.980419982439807,4.9489132253297035,7.492,7.51209523809524,7.473832863894038,4.809276006325851,4.893695698276918,4.868503988212254,7.491666666666666,7.511268817204302,7.418241876050631,4.84827420605522,4.8568437056468285,4.808352583454951,7.184,7.326262295081967,7.354529942713478,4.633040338031609,4.746053603969489,4.680053422177966,8.153670961914033
2024-11-11,sz001313,7.74,7.78,7.9,7.6,152243,115608476.0,3.84,-0.38,-0.03,6.98,5.182537333283488,-0.08851160154195004,7.562,7.657333333333332,7.6350963580264555,5.014945850374989,5.097494280740039,5.07599821667258,7.568,7.544909090909091,7.567869244923578,5.032599021769871,5.0160023541776555,4.991390335866755,7.5075,7.539523809523808,7.502991638761272,4.835605154386086,4.929244396082407,4.898411925838086,7.516333333333333,7.529870967741936,7.441581109853817,4.849751431522579,4.878409068693813,4.832493535056793,7.198666666666667,7.345803278688525,7.368479780657299,4.649747673769999,4.764069898895782,4.696528304509295,8.062989676170007
2024-11-12,sz001313,7.81,7.74,8.01,7.67,106291,81831786.0,4.37,-0.51,-0.04,4.87,5.02649649297286,-0.15604084031062815,7.645999999999999,7.716666666666667,7.670064238684304,5.056278475223669,5.101344494939329,5.059497642106006,7.511999999999999,7.5761818181818175,7.599165745846563,5.005487500100472,5.01489280348729,4.99777327352241,7.525,7.561666666666666,7.5255638636411515,4.860380955544931,4.947424523566863,4.910610456041397,7.535666666666667,7.544301075268817,7.460833941476151,4.850160293543198,4.889811975884155,4.845009854922346,7.214666666666667,7.363551912568306,7.380660771455419,4.666522812659693,4.776422319197514,4.707346933639248,7.912922029869488
2024-11-13,sz001313,7.74,7.67,7.8,7.54,58080,43586248.9,3.36,-0.9,-0.07,2.66,4.7640266076920375,-0.26246988528082227,7.720000000000001,7.724666666666667,7.670042825789537,5.057437715070527,5.0039272057621185,4.96100729730135,7.508,7.604909090909089,7.6120447011471875,4.952832836090815,4.970990823049393,4.955273879735069,7.535499999999999,7.5754761904761905,7.539319686151519,4.86663287796235,4.938247919009443,4.896650089531934,7.550333333333333,7.552967741935484,7.474328525897046,4.847014753474479,4.884254963893757,4.839785129294585,7.230166666666666,7.37848087431694,7.390147303538848,4.676647436932365,4.77961916493628,4.709205283608192,7.639349494571029
2024-11-14,sz001313,7.67,7.47,7.69,7.4,49948,36972005.9,3.78,-2.61,-0.2,2.29,4.698518103045416,-0.06550850464662172,7.694,7.641333333333334,7.603361883859691,4.988525494363847,4.884287335087081,4.873510899216039,7.517999999999999,7.597999999999999,7.586218391847699,4.909666713873256,4.924751780677501,4.908591011246041,7.539499999999999,7.569238095238096,7.532717811279945,4.874130714019744,4.922236988064974,4.877780376533218,7.554333333333333,7.547784946236558,7.474049266161753,4.847741322313196,4.874674534833818,4.83067112760109,7.2411666666666665,7.386344262295083,7.3927654247342955,4.6860028084507785,4.780336235956381,4.708854884245478,7.56787301366937
2024-11-15,sz001313,7.43,7.35,7.54,7.31,61962,45290660.4,3.08,-1.61,-0.12,2.84,4.792125427404559,0.09360732435914354,7.601999999999999,7.526666666666666,7.518907922573128,4.892740792879672,4.818820646100652,4.846382408612213,7.531000000000001,7.567454545454545,7.543269593329935,4.899908197878922,4.903380637683193,4.88741545054759,7.537000000000001,7.551190476190475,7.51531611496757,4.878502868861206,4.914426960768289,4.869622762330489,7.553,7.534602150537634,7.466046087699706,4.844078558773235,4.871086412581647,4.828184308233572,7.248166666666666,7.38991256830601,7.391363279661039,4.6951924176072195,4.783815666086012,4.711585065988398,7.656008653338837
2024-11-18,sz001313,7.37,7.11,7.47,7.08,74497,52695682.0,5.31,-3.27,-0.24,3.42,4.8721387840277695,0.08001335662321019,7.468000000000001,7.362666666666667,7.382605281715419,4.830661083028528,4.811953309816684,4.854967867084065,7.515000000000001,7.490909090909091,7.464493303633583,4.922803466701759,4.898331653346619,4.884637874816714,7.526999999999999,7.510523809523811,7.476714580208753,4.885168402743987,4.91382085745082,4.869862383444516,7.519666666666667,7.506021505376346,7.443075372364241,4.835461768561768,4.872896749694842,4.831020080865456,7.252333333333334,7.385382513661203,7.382138254098383,4.700817265749142,4.789617186296523,4.716849122317558,7.721775029626149
2024-11-19,sz001313,7.14,7.29,7.29,7.07,63225,44471907.0,3.09,2.53,0.18,2.9,4.8008888380164425,-0.07124994601132695,7.378,7.303333333333333,7.351736854476946,4.785539552037244,4.802029228145988,4.836941524061524,7.511999999999999,7.45,7.432767248427476,4.920909013630458,4.876165357222017,4.869410777216665,7.5205,7.48795238095238,7.458932239236491,4.894092816978569,4.905794232238672,4.863293474356127,7.484999999999999,7.491204301075269,7.433199541889129,4.82230424184239,4.870666238046757,4.829076129713908,7.261833333333333,7.386617486338797,7.379117327734501,4.708489692090845,4.792898221452828,4.719604522832276,7.648085752831434
2024-11-20,sz001313,7.31,7.56,7.71,7.23,85484,62945505.0,6.58,3.7,0.27,3.92,4.931884835640881,0.1309959976244386,7.356,7.364,7.421157902984631,4.819111197627014,4.850810989347201,4.868589294587977,7.537999999999999,7.458727272727273,7.455900475986116,4.93827445634877,4.878160961223911,4.880769696930158,7.524499999999999,7.491714285714286,7.468557740261587,4.90773548348259,4.909393472111272,4.869825984954676,7.486,7.496043010752687,7.4413802166059595,4.820813206838567,4.8777359537756935,4.835708949451132,7.2748333333333335,7.396393442622951,7.385047907153042,4.721913504127664,4.800222652388893,4.726564533088295,7.7989647221579865
2024-11-21,sz001313,7.54,7.67,7.91,7.46,81711,61201660.28,5.95,1.46,0.11,3.75,4.912280525537661,-0.019604310103219724,7.396000000000001,7.468666666666667,7.504105268656422,4.861863682125462,4.881867431984083,4.8831530382378725,7.545,7.482727272727273,7.494827662170458,4.925194588244655,4.873434791985528,4.8864989384951585,7.5409999999999995,7.505571428571429,7.487742717379531,4.927224689865537,4.9098263332593755,4.873869274534008,7.491333333333333,7.507913978494622,7.456129880050737,4.827007826644579,4.883637071111118,4.840649051134134,7.291833333333333,7.4093497267759565,7.394390598721794,4.734554598480883,4.806464194074468,4.732653582021062,7.786763203855725
2024-11-22,sz001313,7.69,7.35,7.73,7.32,58755,43544307.0,5.35,-4.17,-0.32,2.69,4.769044830603547,-0.14323569493411448,7.395999999999999,7.453333333333334,7.452736845770948,4.85724756276526,4.850927814810111,4.845116969026431,7.499,7.447272727272727,7.468495359957647,4.874994177822466,4.845043926959873,4.865143646151228,7.533499999999999,7.487380952380952,7.474624363343385,4.930914233273897,4.894761584758233,4.863885994159678,7.4943333333333335,7.49879569892473,7.449282791015206,4.831182063491388,4.879897522979438,4.8360294240031285,7.295666666666666,7.411256830601094,7.392935169255505,4.733831367088199,4.807595021357177,4.733846737712291,7.638931383221932
2024-11-25,sz001313,7.35,7.58,7.65,7.3,51706,37745557.44,4.76,3.13,0.23,2.37,4.713540941850192,-0.05550388875335521,7.49,7.514666666666667,7.495157897180633,4.825527994329745,4.803025607838422,4.801258293301018,7.478999999999999,7.462,7.488768930874437,4.828094538679137,4.815688793146731,4.8375795180964944,7.5234999999999985,7.491809523809524,7.484660138263063,4.930346780224504,4.874059366527405,4.849567417749251,7.498,7.5043225806451614,7.457716159336806,4.833101615817102,4.872307773196135,4.8281269412835846,7.3020000000000005,7.420579234972678,7.399068442394668,4.729137989562079,4.806929761513309,4.733180973913534,7.5768658435723415
2024-11-26,sz001313,7.59,7.63,7.92,7.58,86142,65232248.31,4.49,0.66,0.05,3.95,4.935214950766267,0.22167400891607514,7.558,7.561333333333333,7.540105264787089,4.85239321687971,4.839587926650596,4.845910512456101,7.468000000000001,7.489454545454546,7.5144473070790845,4.818966384458477,4.835165231708028,4.855331414945543,7.49,7.50195238095238,7.498502029857057,4.912226942279474,4.874523001817096,4.857724325655632,7.506,7.512838709677421,7.468831245831207,4.846576098516113,4.87889573028963,4.835035845121177,7.308833333333334,7.431333333333334,7.406639968873531,4.73164058529811,4.813686383192135,4.7398050387283766,7.814462347276121
2024-11-27,sz001313,7.57,7.45,7.6,7.26,70911,51233948.0,4.46,-2.36,-0.18,3.25,4.850713609918602,-0.08450134084766514,7.536,7.525333333333333,7.510070176524726,4.836158971735253,4.83902805766356,4.847511544943601,7.446000000000001,7.4861818181818185,7.502729614882886,4.827635084681134,4.840937454518959,4.854491814031554,7.476999999999999,7.498142857142858,7.493882788918289,4.890233960385975,4.868664589211298,4.857056638442582,7.5056666666666665,7.509225806451612,7.467616326745323,4.853633613535278,4.879162666509146,4.836047313817786,7.311166666666667,7.435961748633879,7.408061609238333,4.7340368193682885,4.817590416786248,4.743441385324777,7.7095578231523705
2024-11-28,sz001313,7.43,7.66,7.71,7.41,75066,55932051.06,4.03,2.82,0.21,3.44,4.87544327447554,0.024729664556938147,7.534000000000001,7.566666666666666,7.560046784349819,4.828791521522829,4.852122825243656,4.856822121454248,7.465000000000001,7.525090909090909,7.531324230358725,4.845327601824146,4.849629852663397,4.858301170475914,7.491499999999999,7.515571428571429,7.509703475687975,4.877497157848701,4.867255952457923,4.858807746636198,7.514666666666667,7.519182795698925,7.480028176632722,4.864529676621212,4.880569741408517,4.838588988698931,7.319500000000001,7.447398907103825,7.4163218843452725,4.741597519132864,4.82222669400288,4.747769316116605,7.747660745444955
2024-11-29,sz001313,7.59,7.7,7.71,7.52,68938,51815353.8,2.48,0.52,0.04,3.16,4.8384586796874895,-0.03698459478805027,7.603999999999999,7.622,7.606697856233213,4.842674291339618,4.855345211298542,4.850700974198662,7.5,7.567818181818182,7.5619925521116835,4.849960927052439,4.848380957729459,4.854693444878018,7.5155,7.535428571428571,7.527826954193882,4.874934562465681,4.863538002156856,4.85686974026013,7.524666666666667,7.531139784946236,7.494219907172547,4.868988888258284,4.878887741606341,4.838580581665935,7.327166666666667,7.459874316939891,7.425622806170018,4.748461412020685,4.825402469758769,4.750742737873027,7.714458467903252
2024-12-02,sz001313,7.7,7.78,7.87,7.69,58156,44241047.5,2.34,1.04,0.08,2.67,4.7645945278773185,-0.07386415181017103,7.644,7.680666666666667,7.664465237488809,4.8528850085450435,4.829318623477776,4.821998825424881,7.567,7.6187272727272735,7.601630269909558,4.839206501437394,4.832859794243074,4.838311823605164,7.541000000000001,7.5606190476190465,7.5518434347468455,4.881004984069577,4.853029427434155,4.848081624795101,7.540333333333334,7.547612903225807,7.5126573325162544,4.869847768975122,4.872152621581763,4.833807287873122,7.335666666666667,7.474721311475409,7.4372417305578855,4.753963702107179,4.8259314243770195,4.751196894922348,7.645825401255143
2024-12-03,sz001313,7.78,7.69,7.8,7.62,43132,32585690.49,2.31,-1.16,-0.09,1.98,4.634799596537456,-0.12979493133986253,7.656000000000001,7.696000000000001,7.67297682499254,4.792801937699281,4.756623486141914,4.759599082462406,7.607000000000001,7.6410909090909085,7.617697493562365,4.822597577289495,4.795694902443085,4.801309600501944,7.5595,7.574809523809523,7.565001202866194,4.8717532954599765,4.829581295288238,4.827769050675324,7.549333333333334,7.557268817204299,7.524098794934561,4.870261070415544,4.856988223359979,4.820968081980499,7.345,7.486338797814208,7.445528886933036,4.751557397611014,4.822024404522274,4.747380590057269,7.513026928118778
2024-12-04,sz001313,7.67,7.55,7.73,7.52,38842,29022055.01,2.73,-1.82,-0.14,1.78,4.589301583918802,-0.04549801261865394,7.675999999999999,7.660666666666668,7.631984549995027,4.740519532499322,4.6887900348817535,4.702833249614539,7.606,7.630727272727274,7.605388858369207,4.788339252117288,4.753277449102959,4.7627626883959175,7.572,7.573904761904762,7.563572516878938,4.863306854233029,4.8026811322843175,4.805057863365179,7.551666666666666,7.5573118279569895,7.5257698404226545,4.867936739694156,4.838861804876317,4.8060218562991,7.3555,7.493060109289617,7.448954169328673,4.754233524573303,4.816704541778267,4.742197671823221,7.462728160958537
2024-12-05,sz001313,7.53,7.97,8.25,7.47,215353,166537416.7,10.33,5.56,0.42,9.87,5.333150926130523,0.7438493422117212,7.738000000000001,7.758666666666667,7.744656366663352,4.832061062830318,4.8863338327588215,4.912939141786534,7.636,7.696909090909091,7.671681793211169,4.830426292176574,4.852334117105366,4.8664696407112995,7.5905000000000005,7.611809523809525,7.602279896223801,4.877810440210615,4.847428186750745,4.855352440771402,7.572666666666666,7.584301075268817,7.554429850717968,4.894958557302548,4.868875623356083,4.840030183384999,7.370333333333334,7.513207650273225,7.466037639186749,4.764937630774562,4.83568544018998,4.761573188357886,8.221511823672605
2024-12-06,sz001313,8.15,8.75,8.75,8.04,266991,224405956.57,8.91,9.79,0.78,12.24,5.4264966219780035,0.09334569584748031,7.947999999999999,8.096,8.079770911108902,4.9496686512884205,5.084479019141384,5.084124968517024,7.776000000000001,7.899454545454546,7.867739648990956,4.89617147131402,4.960710540705626,4.968292728214336,7.6375,7.7222380952380965,7.711586572773915,4.885582824568242,4.899684013585735,4.909747124695841,7.614333333333333,7.66025806451613,7.631563408736164,4.919333312620604,4.90316840172224,4.877866727810355,7.399333333333334,7.558442622950819,7.50813476577079,4.779707500429407,4.857375898917962,4.7833739566733,8.35103438053042
2024-12-09,sz001313,8.84,8.88,9.15,8.53,277405,239585134.34,7.09,1.49,0.13,12.72,5.443114284613401,0.016617662635397323,8.168,8.406666666666668,8.346513940739268,5.085372602635637,5.248960896916376,5.2037880738824835,7.906000000000001,8.100181818181818,8.051786985538055,4.969128805590341,5.060154688578241,5.054623920286893,7.6925,7.840571428571429,7.822864042033543,4.898611672134738,4.952782247875749,4.960543997068942,7.650999999999999,7.741913978494623,7.712107704946734,4.943274122013117,4.936960722495971,4.914334312120229,7.4303333333333335,7.606989071038252,7.553113953778305,4.795052653404385,4.879126941022354,4.805004787097565,8.37945986766387
2024-12-10,sz001313,9.05,9.07,9.4,8.91,230675,207775102.88,5.52,2.14,0.19,10.58,5.363000529283236,-0.08011375533016452,8.443999999999999,8.707333333333333,8.587675960492845,5.231012789184794,5.341503539132243,5.256858892349402,8.05,8.31181818181818,8.236916624531135,5.011907363442037,5.131767729249677,5.110692394649864,7.759,7.971761904761905,7.941638895173205,4.915436873950258,4.9970097580803685,4.99887319061316,7.676666666666667,7.833462365591398,7.7997136594663,4.945453749333662,4.964039845545656,4.943280519679133,7.466166666666667,7.660748633879781,7.602847922506886,4.810316436532731,4.897748182854448,4.823299729464309,8.317593506023698
2024-12-11,sz001313,8.97,9.0,9.32,8.95,145859,130909680.0,4.08,-0.77,-0.07,6.69,5.163933231741921,-0.19906729754131547,8.734,8.892666666666665,8.72511730699523,5.345939118749417,5.319143686651286,5.225883672146908,8.205,8.484545454545454,8.375659056434564,5.0432293256243685,5.159408796213292,5.12037254684842,7.825500000000001,8.089952380952381,8.042435190870995,4.935432205152751,5.020676077870052,5.0145931945301845,7.719666666666667,7.918838709677419,7.877151487887829,4.941232415465439,4.978135296023607,4.957516178521894,7.502166666666667,7.711038251366119,7.648656187342725,4.822992644132338,4.909342176139995,4.834468041014395,8.116971761257796
2024-12-12,sz001313,9.03,9.02,9.38,8.94,161183,144140399.62,4.89,0.22,0.02,7.39,5.207319234767321,0.0433860030254003,8.943999999999999,8.988,8.82341153799682,5.320772780476777,5.272937058657254,5.219695526353713,8.341,8.632727272727273,8.492811955264644,5.076416921653547,5.189243325148373,5.136181035560947,7.9030000000000005,8.203714285714284,8.135536601264233,4.960872261738847,5.046570080690486,5.03294805550515,7.774666666666666,8.0027311827957,7.950883649959583,4.943803745783651,4.995302187591471,4.973632504731277,7.5409999999999995,7.760803278688524,7.693618279560996,4.836922470843472,4.921943047964095,4.846692670317769,8.15878572177865
2024-12-13,sz001313,9.14,8.74,9.2,8.65,119527,103860796.38,6.1,-3.1,-0.28,5.48,5.077466019313628,-0.12985321545369288,8.941999999999998,8.92,8.79560769199788,5.250966659943901,5.191834804936205,5.172285690673686,8.444999999999999,8.705272727272728,8.537755236125617,5.100317655616161,5.189434070177478,5.125505578061434,7.972499999999999,8.283428571428573,8.193104544000972,4.975139291334299,5.05767424807856,5.037187861582148,7.825333333333333,8.065010752688172,8.001794382220256,4.950062260182507,5.003925560077276,4.980331441155945,7.577,7.800114754098361,7.7279258769524395,4.8512502431662465,4.929829721684427,4.854259009629109,8.016451648339082
2024-12-16,sz001313,8.74,9.32,9.35,8.66,171238,153029306.0,7.89,6.64,0.58,7.85,5.233600146784111,0.15613412747048283,9.030000000000001,9.046,8.970405127998587,5.209063832378044,5.186045967216273,5.192723842710494,8.599,8.864363636363636,8.67998155683005,5.147218217506841,5.213667250389833,5.145159136011011,8.083,8.411761904761905,8.300427920762784,4.993212359472117,5.0822895676452085,5.055893793506145,7.893666666666666,8.161440860215054,8.086839905947981,4.969742728548664,5.0222183269548,4.996671357648085,7.6225,7.857262295081967,7.780125028527769,4.86747850695406,4.942365784098126,4.866696423962059,8.184774608695507
2024-12-17,sz001313,9.16,8.83,9.25,8.75,125024,109519943.56,5.36,-5.26,-0.49,5.73,5.09699338954469,-0.13660675723942095,8.982000000000001,8.979333333333333,8.923603418665724,5.1558624044303345,5.1486891529384895,5.1608136916552265,8.713,8.906363636363636,8.707257637406403,5.193437596807564,5.204535463487624,5.136401727562588,8.16,8.482904761904761,8.350863356880614,5.0080175870485295,5.092173475271169,5.059808040747912,7.944,8.221849462365592,8.134785718467466,4.978981395909172,5.0304280470190585,5.003143746802705,7.6615,7.896852459016392,7.814547158739974,4.879974848673058,4.949890862215853,4.874247144145096,8.039493211316703
2024-12-18,sz001313,8.83,8.85,9.14,8.77,78452,68749268.0,4.19,0.23,0.02,3.6,4.894604019661542,-0.20238936988314826,8.952000000000002,8.935333333333334,8.89906894577715,5.101996562014259,5.061603024682226,5.072077134323999,8.843,8.931272727272727,8.733210794241602,5.223967840381838,5.150202085824712,5.092438507944216,8.2245,8.548619047619047,8.398400180034841,5.006153546249562,5.081372183139075,5.044074324453972,7.995666666666667,8.280301075268817,8.180928575340532,4.983527182949299,5.024984345325663,4.996141183761339,7.703166666666666,7.935819672131148,7.848496432223909,4.889811868959265,4.950370507166295,4.874914582686619,7.837268078425891
2024-12-19,sz001313,8.68,8.87,9.01,8.67,68876,60166687.18,3.84,0.23,0.02,3.16,4.838067917360084,-0.056536102301458335,8.922,8.908,8.889379297184767,5.028146298532811,4.9736268097975005,4.994074062002694,8.933,8.936181818181817,8.758081558924946,5.174459539504793,5.08003846345712,5.046189309656192,8.2845,8.610095238095239,8.443314448602951,5.002442915840684,5.0653640280067425,5.024454666635507,8.038,8.336709677419353,8.225384796286304,4.976693473308674,5.015599876577972,4.985942908509646,7.7415,7.97407650273224,7.881988352478862,4.89658785916753,4.948673984163043,4.873706495298864,7.779356099591143
2024-12-20,sz001313,8.87,9.2,9.27,8.87,115513,103414871.14,4.51,3.72,0.33,5.3,5.0626308631074535,0.2245629457473699,9.014,9.000666666666666,8.992919531456511,5.025179267291576,4.985121664655716,5.016926329037614,8.978,8.984727272727273,8.838430366393137,5.138072963617739,5.059705976839421,5.049178683010966,8.376999999999999,8.697285714285714,8.515379739212195,5.017122217465879,5.071096213460721,5.028090494870931,8.084333333333333,8.41167741935484,8.288263196525898,4.9697462042514085,5.021144224306925,4.990890518483698,7.787999999999999,8.021896174863388,7.925201849118899,4.909010205153314,4.9541180170791055,4.879900736866358,8.014582995137555
2024-12-23,sz001313,9.21,8.69,9.34,8.66,119674,105525933.95,7.39,-5.54,-0.51,5.49,5.077999807189738,0.015368944082284841,8.888,8.892666666666665,8.891946354304341,4.9940591993727015,5.002728511288436,5.037284155088322,8.959,8.932363636363636,8.811443027048929,5.101561515875373,5.048783584761604,5.054418887407106,8.4325,8.727095238095238,8.532010240239604,5.035345160732857,5.076894079148707,5.032843762710817,8.114666666666666,8.450752688172042,8.31418169997584,4.966261620048283,5.0281283277223014,4.996510472593766,7.8155,8.051469945355192,7.9502771983281155,4.908006525785431,4.959658659768824,4.88639578835237,8.023359204536813
2024-12-24,sz001313,8.71,9.05,9.09,8.46,106159,91420371.0,7.25,4.14,0.36,4.87,5.0259568188943655,-0.052042988295372794,8.931999999999999,8.946666666666665,8.944630902869562,4.9798518852426366,5.0133610511289906,5.033508376357004,8.956999999999999,8.94890909090909,8.854817022130941,5.067857144836486,5.035037276219601,5.049243965859334,8.503499999999999,8.78590476190476,8.581342598312023,5.039882254139261,5.075999951354565,5.032187863299726,8.158333333333333,8.511096774193549,8.361653848364496,4.9662436309123335,5.0319796308736615,4.998410236871224,7.8469999999999995,8.091945355191257,7.986333683628833,4.908201962227766,4.963525882493706,4.890971559845551,7.961042979400543
2024-12-25,sz001313,8.91,8.93,9.17,8.62,124248,108076781.0,6.08,-1.33,-0.12,5.7,5.094289406693462,0.06833258779909634,8.948,8.946,8.939753935246376,5.01978896264902,5.051506891612599,5.05376871980249,8.95,8.943999999999999,8.86848665447077,5.0608927623316395,5.03984314201178,5.057434046010994,8.5775,8.82652380952381,8.61454806513945,5.0520610439780045,5.081181584931157,5.038102296003891,8.200333333333335,8.560881720430107,8.398321342018399,4.977252390879047,5.040240648665993,5.004595989762981,7.875333333333333,8.127453551912568,8.017273562854117,4.912133572176763,4.969627110181108,4.897637718758597,8.03373240101438
2024-12-26,sz001313,9.33,9.4,9.7,8.96,373868,344432422.89,8.29,5.26,0.47,17.14,5.572718294739253,0.47842888804579076,9.053999999999998,9.096666666666666,9.093169290164251,5.166719038124855,5.2358166689760095,5.226751911448078,8.988,9.025818181818183,8.965125444566993,5.097432668328833,5.1329023297222545,5.151122091234313,8.6645,8.904857142857145,8.689353011316646,5.08692479499119,5.130767989765561,5.089018105407259,8.264666666666667,8.638279569892473,8.4629457715656,5.006392397268842,5.078657803753748,5.041249041696934,7.9094999999999995,8.177442622950819,8.062608855875293,4.92706685979102,4.991285625674959,4.919771508135012,8.537104026694037
2024-12-27,sz001313,9.63,10.06,10.33,9.4,702066,692490383.53,9.89,7.02,0.66,32.19,5.846377941315651,0.2736596465763981,9.226,9.432,9.415446193442836,5.323468453766494,5.462369636706274,5.433293921403936,9.12,9.220727272727274,9.164193545554813,5.174323860529034,5.269074197538039,5.277532245794556,8.782499999999999,9.037761904761904,8.81989081976268,5.137320758072598,5.203096860844081,5.16114761358901,8.354999999999999,8.754107526881722,8.565981528238789,5.041534147732545,5.132850419498702,5.093192841672336,7.954,8.247950819672132,8.12809709010889,4.94280635325289,5.021426972610193,4.95015204692782,8.840413746821174
2024-12-30,sz001313,9.45,9.41,9.65,9.07,378482,346017378.78,5.77,-6.46,-0.65,17.35,5.578045229974637,-0.26833271134101366,9.37,9.493333333333332,9.413630795628558,5.423477538323473,5.547228562108989,5.48154435759417,9.129,9.273454545454545,9.20888562818121,5.208768368848088,5.342478082891786,5.332170970190934,8.863999999999999,9.09752380952381,8.876091694070997,5.1779932931774635,5.2450706200728465,5.20085214848288,8.431666666666667,8.822172043010754,8.620434332868545,5.0650643625974405,5.167464037707871,5.124473640917647,7.975666666666667,8.295688524590165,8.170126693711877,4.950263065579604,5.042254476765004,4.97073870866706,8.539097911852648
2024-12-31,sz001313,9.2,8.89,9.49,8.76,171047,152942334.6,7.76,-5.53,-0.52,7.84,5.2331154614800335,-0.34492976849460355,9.338,9.333333333333334,9.239087197085706,5.464909266840608,5.483774536494509,5.398734725556125,9.135,9.23,9.150906423057354,5.222380576041622,5.346904827006685,5.314160877698043,8.924,9.1,8.877416294635665,5.207909086424593,5.250320350387378,5.203924844958799,8.485000000000001,8.85174193548387,8.637825666231866,5.079471916712894,5.1783060440873925,5.131482790631349,7.985,8.325666666666665,8.193729097196734,4.950888079277642,5.05152832581092,4.979341225152732,8.184527715224945
2025-01-02,sz001313,8.74,8.96,9.4,8.65,139338,124651206.33,8.44,0.79,0.07,6.39,5.144069572559987,-0.0890458889200465,9.344,9.207333333333334,9.146058131390472,5.474865300013912,5.3768279717343015,5.313846341224079,9.146,9.198181818181817,9.116196164319653,5.247327131331466,5.332666462737297,5.2832351858547595,8.9945,9.103428571428573,8.885281409432269,5.235647485856652,5.244240396685986,5.198224342825578,8.531666666666668,8.882387096774192,8.658611107120134,5.086544741276864,5.182473634787205,5.132294841078358,8.008833333333333,8.357633879781421,8.218852733354218,4.953678974057715,5.057862145262801,4.984742154575921,8.09569648580752
2025-01-03,sz001313,9.12,8.44,9.18,8.37,121424,102727892.2,9.04,-5.8,-0.52,5.57,5.084304535482358,-0.05976503707762859,9.152000000000001,8.906,8.910705420926982,5.3771825481625335,5.246641050223785,5.237332405976839,9.103,9.069818181818182,8.993251407170625,5.271950793143693,5.3030259907647315,5.24706597669614,9.018,9.050619047619048,8.842873656153005,5.223205166324243,5.229826782364626,5.187374837364319,8.557333333333332,8.87647311827957,8.644507164725287,5.092278874941687,5.182329105381108,5.129198692330229,8.024333333333333,8.37177049180328,8.226103463408178,4.959643350793133,5.062144950555412,4.988006494933509,8.011688377228324
2025-01-06,sz001313,8.45,8.15,8.55,8.0,96632,77444445.75,6.52,-3.44,-0.29,4.43,4.985120968258956,-0.09918356722340249,8.77,8.572000000000001,8.657136947284656,5.204931153551194,5.115953856922592,5.153261926737545,8.998000000000001,8.896545454545455,8.839932969503238,5.264199803658844,5.250875113512961,5.199439611525743,8.988000000000001,8.967952380952381,8.776885688900338,5.201136383638292,5.207152096834597,5.168112564116189,8.584,8.850193548387097,8.612603476678494,5.099481412863534,5.175415692046737,5.119903355293373,8.039166666666667,8.375890710382514,8.223608267886597,4.96533173817746,5.0629802822756025,4.987911887501556,7.888990275980005
2025-01-07,sz001313,8.14,8.71,8.78,8.02,96101,79725101.78,9.33,6.87,0.56,4.41,4.9827279068383925,-0.0023930614205633916,8.629999999999999,8.552,8.674757964856438,5.085867688923945,5.041886108018324,5.096417253437828,9.0,8.84418181818182,8.816308793229922,5.254672613623709,5.199698405000151,5.16003748340077,8.9795,8.941476190476191,8.770515623290782,5.178117064749541,5.186351289520322,5.150456882470685,8.621666666666668,8.858322580645162,8.618887123344399,5.108454311696474,5.167883207787052,5.1110533263607945,8.059833333333334,8.397885245901639,8.239555537791954,4.970777963756788,5.063550648461206,4.987741920922436,7.901595082351675
2025-01-08,sz001313,8.68,8.78,9.0,8.53,86415,74626868.15,5.4,0.8,0.07,3.96,4.936589134282208,-0.04613877255618437,8.608,8.602,8.709838643237626,5.02656242348438,4.992126589804412,5.043141213719288,8.973,8.804181818181819,8.809707194460845,5.245735845162494,5.141865045119878,5.119410510833759,8.965,8.922476190476191,8.77141889726309,5.156796494999489,5.163348629475814,5.130088525500354,8.66,8.868537634408602,8.62928150248347,5.108500117813673,5.156795131824841,5.099797572033144,8.083,8.421497267759563,8.257275028356153,4.977538108164893,5.0624297032325325,4.9860647803768545,7.872895216058112
2025-01-09,sz001313,8.89,9.24,9.3,8.65,142890,128329829.34,7.4,5.24,0.46,6.55,5.155001836231253,0.2184127019490445,8.663999999999998,8.812666666666667,8.886559095491751,5.028748876218634,5.034939727386703,5.080428087889944,9.004,8.852727272727272,8.887942250013419,5.251807088116273,5.1253679525869265,5.12588166090603,8.977,8.948666666666666,8.81604566895232,5.156349925223956,5.163177709593124,5.1324612217604395,8.719666666666667,8.905956989247313,8.668682695871635,5.11864305869076,5.159795242690491,5.10335913746528,8.112666666666666,8.459431693989071,8.289495519229721,4.986138336113019,5.068248186119955,4.991603700240933,8.1083276167181
2025-01-10,sz001313,9.15,9.24,9.53,9.15,125216,115175968.0,4.11,0.0,0.0,5.74,5.097659826220586,-0.0573420100106663,8.824,9.004666666666667,9.004372730327834,5.031419934366279,5.057910044054021,5.086172000666825,8.988000000000001,8.895636363636363,8.951952750010978,5.204301241264407,5.0973411776968005,5.120750418235949,8.988000000000001,8.973714285714285,8.856422271909242,5.150866954796619,5.157588176354707,5.129146803137596,8.772333333333334,8.93952688172043,8.705541876783142,5.126050277082261,5.158441485756931,5.102991439965622,8.1435,8.49639344262295,8.320659600566453,4.995289976851736,5.071904628418562,4.995080950273053,8.061361870981516
2025-01-13,sz001313,9.15,9.13,9.25,8.85,72921,65033325.86,4.33,-1.19,-0.11,3.34,4.862852615708447,-0.23480721051213926,9.02,9.106666666666666,9.046248486885224,5.006966263856177,5.001720937834744,5.011732205680699,8.895,8.921454545454546,8.984324977281709,5.105948708703687,5.035259609413899,5.073859908685494,9.0075,8.987238095238096,8.88247729363217,5.140136284616361,5.130158239298691,5.1037854519538675,8.819999999999999,8.962602150537634,8.732926271829392,5.1268634082829605,5.14146099147475,5.087498612594192,8.172333333333333,8.528737704918033,8.347195351367551,4.997926148270622,5.067562419856486,4.990745595041426,7.813135964767716
2025-01-14,sz001313,9.1,9.49,9.58,8.98,84898,78749648.5,6.57,3.94,0.36,3.89,4.928897459393603,0.06604484368515617,9.176,9.263333333333332,9.194165657923483,4.996200174367219,4.9756980030138855,4.984120623585001,8.903,9.029636363636364,9.076265890503215,5.0410339316455826,5.003068473175702,5.047503099723332,9.016000000000002,9.033190476190477,8.940336599000537,5.124901150246835,5.110040255944143,5.087129452662413,8.877,9.005827956989247,8.781769738162978,5.132340172666837,5.128688994772211,5.077266280129638,8.208666666666666,8.571939890710382,8.384664356240746,5.001093970820979,5.065299184155601,4.988717787315268,7.896248623987339
2025-01-15,sz001313,9.49,9.31,9.7,9.3,68661,64115631.5,4.21,-1.9,-0.18,3.15,4.836710124334696,-0.09218733505890686,9.282,9.308,9.232777105282324,4.976224372377716,4.922534653003043,4.934983790501566,8.945000000000002,9.103636363636365,9.118763001320811,5.001393397931048,4.965918690028269,5.009177104198125,9.040000000000001,9.061190476190475,8.975542637190962,5.1118869869863355,5.082593491571559,5.063279992821679,8.931000000000001,9.033763440860215,8.815849109894401,5.1390705235934115,5.109616088428201,5.061746528142868,8.240166666666665,8.60804918032787,8.415003229806622,5.004665797004478,5.059909549844575,4.983733929512627,7.806963924161273
2025-01-16,sz001313,9.33,9.23,9.52,9.12,58446,53623935.0,4.3,-0.86,-0.08,2.68,4.766754793729308,-0.06995533060538861,9.280000000000001,9.290666666666668,9.23185140352155,4.898574963877328,4.852711460120242,4.8789074582441465,8.972,9.155454545454546,9.138987910171572,4.963661920047981,4.923257125627952,4.965100320476522,9.059000000000001,9.079285714285716,8.999776671744204,5.105494525689723,5.049723758880414,5.035039497670025,8.987,9.053053763440861,8.84256852215928,5.144985630587096,5.085595718759549,5.042714803341994,8.269333333333334,8.640502732240437,8.441724435386732,5.006461185140625,5.052109189081456,4.976619859486943,7.72935867995798
2025-01-17,sz001313,9.15,9.35,9.49,9.11,59863,55000230.61,4.12,1.3,0.12,2.8,4.777158477469066,0.010403683739758307,9.302000000000001,9.314,9.271234269014366,4.8344746941270245,4.812239297984154,4.84499113131912,9.063,9.224181818181819,9.177353744685831,4.932947314246651,4.889347408795421,4.930929076293348,9.083,9.107,9.033131274435233,5.102449053695173,5.018453659049875,5.010479400508029,9.033,9.07647311827957,8.875306036858682,5.126452548965046,5.06186493468742,5.025582137156643,8.302833333333334,8.675934426229508,8.471503962095364,5.010705553133798,5.044591067518454,4.9700801420437335,7.740364510447708
2025-01-20,sz001313,9.45,9.45,9.7,9.39,80993,76092188.0,3.32,1.07,0.1,3.79,4.908447485634927,0.13128900816586064,9.366,9.363333333333333,9.330822846009578,4.84359366811232,4.836896895153455,4.86614324942439,9.193,9.294545454545455,9.22692579110659,4.925279965984249,4.884892894502381,4.926841514355454,9.0955,9.141952380952382,9.072833057822354,5.094739884821546,4.999977319234612,5.000762075282019,9.056333333333333,9.103376344086021,8.912383066738768,5.109184244420277,5.047800091891927,5.01802506286492,8.335333333333333,8.713546448087433,8.503585799403712,5.01425877852044,5.041238343993901,4.9680593992106585,7.881340072241758
2025-01-21,sz001313,9.56,9.32,9.57,9.25,45810,42154882.68,3.39,-1.38,-0.13,2.14,4.6609602917760835,-0.2474871938588432,9.331999999999999,9.348,9.327215230673053,4.790006234588816,4.776019103041376,4.797748930208288,9.254000000000001,9.317636363636364,9.243848374541756,4.8931032044780185,4.836834771919079,4.878499473886477,9.127,9.163333333333334,9.096372766601178,5.073887909050863,4.958664977039807,4.968400000662405,9.071,9.120387096774195,8.938680933400784,5.083112444659033,5.018882417527785,4.994988626020479,8.361,8.745830601092896,8.530353478111786,5.013193283336075,5.029654787051462,4.957990576016082,7.624847884967148
2025-01-22,sz001313,9.25,8.87,9.38,8.78,89167,78770025.4,6.44,-4.83,-0.45,4.17,4.9502041551653235,0.28924386338924,9.244,9.193999999999999,9.174810153782035,4.812705040754942,4.829418409900211,4.8485673385273,9.263,9.247818181818182,9.17587594280689,4.89446470656633,4.847216762953134,4.8915366886644485,9.118,9.138857142857143,9.074813455496304,5.070100275864411,4.946885571907851,4.966667062996017,9.064333333333334,9.10741935483871,8.934249905439444,5.069352565521769,5.010307689173354,4.992099305320147,8.3705,8.762519125683061,8.541489429649106,5.007403157427715,5.02758956973439,4.957735283529172,7.896360985510932
2025-01-23,sz001313,8.95,8.81,9.07,8.76,76819,67481095.09,3.49,-0.68,-0.06,3.59,4.885468649388534,-0.0647355057767891,9.16,9.049333333333333,9.053206769188023,4.836447811886787,4.853672946111408,4.8608677754810445,9.219999999999999,9.165454545454544,9.109353044114728,4.8675113878820575,4.845581116193536,4.890433408796101,9.111999999999998,9.109523809523811,9.049593126401419,5.059659237999165,4.929301607481577,4.9589338807476855,9.058,9.091010752688172,8.926233782507866,5.060070412776657,4.998444210713144,4.985219908163268,8.388833333333334,8.776928961748633,8.550293054906511,5.000651414121048,5.023591717011794,4.9553658856884955,7.8291821217488184
2025-01-24,sz001313,8.78,8.78,8.97,8.53,72691,63164738.97,4.99,-0.34,-0.03,3.4,4.861480643427186,-0.02398800596134798,9.046,8.922666666666666,8.96213784612535,4.853312245078411,4.862017223291542,4.861072064796425,9.174,9.085454545454546,9.049470672457504,4.843893469602717,4.844484617201741,4.885169269638116,9.081,9.077904761904762,9.023917590553664,5.024097355433562,4.910427455617578,4.949652620050495,9.05,9.073075268817202,8.916799344926714,5.048542459731985,4.985631967529308,4.977236729793198,8.412333333333333,8.789754098360655,8.557824430155478,4.996173102757818,5.01902874092347,4.95228768102419,7.800474705745908
2025-01-27,sz001313,8.75,8.84,8.98,8.67,52805,45805097.0,3.53,0.68,0.06,2.47,4.722675046958056,-0.1388055964691306,8.924000000000001,8.854000000000001,8.921425230750234,4.816157757343037,4.818471490584757,4.814939725516969,9.145,9.024727272727272,9.011385095647048,4.829875712727678,4.82244490399362,4.855624865514468,9.02,9.05495238095238,9.006401629548552,4.967912210715682,4.881720569096101,4.928035708327406,9.053333333333335,9.059526881720428,8.911844548479829,5.0367160939868,4.964608263479376,4.9608133954167375,8.439333333333334,8.803775956284152,8.567076088183166,4.993389177084653,5.010061591552985,4.944759397940054,7.660913807170019
2025-02-05,sz001313,8.95,8.71,9.09,8.65,39217,34005873.28,4.98,-1.47,-0.13,1.83,4.5934743681875005,-0.1292006787705553,8.802000000000001,8.782666666666668,8.850950153833491,4.802660572625319,4.744243694199579,4.74111793974048,9.066999999999998,8.945636363636364,8.956587805529402,4.7963334036070675,4.779462841349951,4.807961138727746,8.985000000000001,9.025428571428572,8.97817290292488,4.9186836676263255,4.846059822188655,4.896172723552177,9.033,9.037376344086022,8.898822319545648,5.015378568033579,4.936012023105229,4.937114103337432,8.463333333333333,8.812650273224044,8.5717621180788,4.992560648291121,4.996949630605537,4.933241855980953,7.531553932124865
2025-02-06,sz001313,8.68,8.74,8.75,8.55,37909,32243680.0,2.3,0.34,0.03,1.77,4.578742328340706,-0.01473203984679472,8.776,8.762,8.813966769222327,4.728368207260397,4.669604279438041,4.686992735940556,9.01,8.886181818181818,8.917208204524057,4.770536624007669,4.739900827665158,4.766284991384648,8.977500000000001,9.002095238095238,8.955489769312987,4.885965010969359,4.813684456542407,4.865941257341561,9.030000000000001,9.01847311827957,8.88857571828464,4.998103532660113,4.907841943125042,4.913993343660224,8.487,8.821721311475407,8.577278114207363,4.988542464284643,4.9833818168366735,4.921618920648486,7.50844460237895
2025-02-07,sz001313,8.84,8.63,8.84,8.57,75362,64231255.0,3.09,-1.26,-0.11,3.53,4.877152415493926,0.29841008715322026,8.74,8.713333333333335,8.752644512814886,4.7267049604814755,4.719199015515883,4.75037929579168,8.95,8.81709090909091,8.864988530974227,4.781576386184131,4.759285517026296,4.786442704859062,8.961,8.969,8.92449074366413,4.872619153116055,4.812845161735223,4.867008986689405,9.022666666666668,8.992666666666667,8.87189341387918,4.997521812521193,4.900038645243354,4.911616509584979,8.509166666666667,8.826409836065574,8.579006700626794,4.9905244977352465,4.979729684089434,4.920161002446696,7.8077464076789
2025-02-10,sz001313,8.65,9.16,9.48,8.57,148935,131540376.68,10.54,6.14,0.53,6.97,5.1729967697513475,0.2958443542574214,8.815999999999999,8.853333333333333,8.888429675209924,4.789008185746306,4.867962951939175,4.891251787111569,8.931000000000001,8.855272727272727,8.918626979888003,4.82116021541236,4.830452859493063,4.856725262112204,8.997,8.98795238095238,8.946920196648499,4.877053764829506,4.841452553795726,4.896150680314352,9.032333333333334,9.00152688172043,8.890480935564396,5.008686107600901,4.9113596102259445,4.928479752176358,8.535166666666667,8.847748633879782,8.59805566126198,4.992689790454787,4.985712381532586,4.928450699735373,8.119059081173923
2025-02-11,sz001313,9.07,9.19,9.38,9.0,89882,81552883.6,4.15,0.33,0.03,4.2,4.953672727513225,-0.21932404223812263,8.886,8.978,8.988953116806616,4.835207721857341,4.922851132528147,4.912058767245455,8.905000000000001,8.902363636363637,8.967967528999274,4.825682739600189,4.854546043511402,4.874352074003299,9.049,9.006333333333332,8.970070654110547,4.875481352792218,4.848749597860842,4.901628970523768,9.032000000000002,9.011698924731183,8.909804746173146,5.005054169747761,4.907810359897707,4.930105105423898,8.558166666666667,8.869218579234973,8.617463672368144,4.987400186999585,4.984433133567289,4.929277651465794,7.911439321715073
2025-02-12,sz001313,9.09,9.18,9.21,8.96,65615,58737972.0,2.72,-0.11,-0.01,3.07,4.817003133164586,-0.13666959434863912,8.98,9.076,9.052635411204411,4.879913474852758,4.916782936297229,4.880373555885165,8.891,8.952363636363636,9.006518887363043,4.841287023739039,4.852967933250383,4.863924993850805,9.072500000000002,9.018809523809521,8.990063925147638,4.867195114108528,4.8431802436105915,4.8935693669657505,9.048333333333334,9.021247311827956,8.927236698032942,4.9963542806135885,4.895678034956855,4.922808203987813,8.5815,8.889606557377048,8.635907486388861,4.981307950330936,4.978846344916962,4.925596519718213,7.768918947899863
2025-02-13,sz001313,9.14,8.99,9.29,8.98,50877,45606154.0,3.38,-2.07,-0.19,2.38,4.706521494899444,-0.11048163826514212,9.030000000000001,9.079333333333333,9.031756940802941,4.9054693081645055,4.8589856096461235,4.822422868889925,8.903,8.970363636363636,9.003515453297034,4.816918757712451,4.828465109825002,4.835306175859648,9.083000000000002,9.010952380952382,8.99005783703834,4.85569173213939,4.827877994162108,4.875755283911817,9.046333333333333,9.017483870967743,8.93128594332114,4.985706436480425,4.876979145555944,4.908854222756306,8.602333333333332,8.903000000000002,8.647517076999062,4.97597503369638,4.969836952935602,4.9184137320192365,7.659023449416907
2025-02-14,sz001313,8.99,8.78,9.02,8.76,40753,35465953.37,2.89,-2.34,-0.21,1.91,4.610159584499042,-0.09636191040040121,9.059999999999999,8.996,8.947837960535294,4.8520707419655285,4.760549035090969,4.751668440759631,8.9,8.948,8.962876279970299,4.789387851223502,4.79087253287711,4.794370431975901,9.059999999999999,8.982095238095239,8.970052328748974,4.82844961955278,4.804493980101122,4.850460455396314,9.041333333333334,9.000301075268816,8.921525559881067,4.96956877574061,4.852750316395854,4.889583600933256,8.620833333333334,8.908825136612023,8.651860779392536,4.973410583309828,4.95784300378159,4.908307038657918,7.549811638730303
2025-02-17,sz001313,8.8,9.06,9.19,8.8,124630,111351640.0,4.44,3.19,0.28,5.83,5.095622595021622,0.48546301052257945,9.040000000000001,8.996,8.98522530702353,4.836595907019584,4.841732986109667,4.866319825513628,8.928,8.97709090909091,8.980535138157517,4.812802046382945,4.84655157720404,4.849143552529668,9.050999999999998,8.982095238095237,8.978618773630025,4.828347757992832,4.829939025383869,4.873809230598725,9.030000000000001,9.001505376344086,8.93045939472745,4.953665585750023,4.860882820865598,4.902876439261538,8.647333333333334,8.923224043715848,8.665242393182945,4.980028991509433,4.961849954985254,4.914448532309187,8.046696617757172
2025-02-18,sz001313,9.19,9.18,9.53,8.94,248182,226029086.0,6.51,1.32,0.12,11.61,5.39477028004687,0.2991476850252486,9.038,9.042666666666667,9.050150204682353,4.924815417526313,5.027791110452096,5.042469977024709,8.962,9.02290909090909,9.016801476674331,4.880011569691827,4.952363983324755,4.94834841207825,9.0535,8.994380952380952,8.997797938046212,4.854943641209752,4.883884027484253,4.923424568641405,9.000666666666667,9.011182795698925,8.946558788616002,4.938611997041064,4.889341188239587,4.934611525763819,8.677833333333332,8.940688524590165,8.682119691767111,4.990073072386804,4.975448030019269,4.930196786333373,8.354164328866489
2025-02-19,sz001313,9.18,9.34,9.4,9.01,150083,136349590.44,4.25,1.74,0.16,7.02,5.176331502207857,-0.21843877783901355,9.069999999999999,9.143333333333333,9.146766803121569,4.996681091334967,5.111629805345944,5.0870904854190915,9.025,9.091636363636363,9.075564844551725,4.9382972830938625,5.006240334691305,4.989799883010906,9.046,9.021666666666667,9.03038861061324,4.867315343350465,4.914492395198359,4.947510943266781,8.998333333333333,9.033075268817205,8.97194209257626,4.925221539448838,4.904677930508413,4.950206362953757,8.715,8.962398907103825,8.703689537938683,4.995142951023139,4.981554863783893,4.938266777017782,8.13465383776782
2025-02-20,sz001313,9.3,8.96,9.32,8.79,161022,141787263.2,5.67,-4.07,-0.38,7.39,5.206885216565209,0.030553714357352213,9.064000000000002,9.106666666666666,9.084511202081046,5.096753835668119,5.1816978470893575,5.127022062467798,9.047,9.079818181818183,9.054553054633228,5.001111571916313,5.055074504413367,5.029269943657143,9.028500000000001,9.013476190476192,9.02368493341198,4.885824097961991,4.9468323831235725,4.972213255009489,9.000666666666666,9.030602150537634,8.971171634990695,4.924347197951676,4.9228497806449525,4.966766288993206,8.742833333333333,8.97043169398907,8.712093159645612,5.001909557332286,4.988497233145929,4.947073938970156,8.151637219772303
2025-02-21,sz001313,8.91,9.02,9.23,8.91,91837,81813279.09,3.57,0.67,0.06,1.31,4.963017688373521,-0.24386752819168844,9.112,9.092,9.063007468054032,5.167325456443016,5.137119131324492,5.072353937769706,9.086,9.07490909090909,9.04827068106355,5.009698099204273,5.048148343769224,5.01722407906012,9.017999999999999,9.012666666666666,9.023333987372745,4.895637242694201,4.954184153638956,4.971337486758444,9.002666666666668,9.031849462365592,8.97432185208807,4.918312135145461,4.925344650994749,4.966524443791936,8.767166666666666,8.97951912568306,8.722188465886738,5.002428438211163,4.98722208990138,4.9475966848522335,7.912823799606084
2025-02-24,sz001313,9.19,9.46,9.6,8.99,196928,182403665.3,6.76,4.88,0.44,2.82,5.294307470231345,0.33128978185782465,9.192,9.208,9.195338312036021,5.207062431484961,5.179446469253935,5.146338448590253,9.116,9.142909090909091,9.123130557233813,5.021829169252272,5.099895502137782,5.067602877454888,9.0235,9.054761904761905,9.06492122667058,4.921494692332315,4.992152746737732,5.002096532803482,9.036666666666667,9.061354838709677,9.005655926146904,4.925312232970427,4.949602414548678,4.987671735820285,8.797,9.002234972677595,8.746379007988812,5.008795553956057,4.99679189422991,4.958964251585975,8.261033560985659
2025-02-25,sz001313,9.45,9.31,9.54,9.25,130489,120335502.23,3.07,-1.59,-0.15,1.87,5.115573902933673,-0.1787335672976722,9.218,9.247333333333334,9.233558874690683,5.151223156062321,5.148950293070173,5.13608360003806,9.128,9.17818181818182,9.157106819554937,5.0380192867943165,5.116939999170763,5.076324882087394,9.0165,9.082047619047618,9.088262062225763,4.931851013197253,5.010636481080718,5.012903901387309,9.075333333333333,9.078989247311828,9.025291027685816,4.929660664126251,4.961877360997919,4.9959234885372785,8.829666666666666,9.019054644808742,8.764858384776064,5.014571038494893,5.000292823704587,4.964098994253113,8.080393774870473
2025-02-26,sz001313,9.32,9.55,9.58,9.22,124553,116140813.75,3.87,2.58,0.24,1.78,5.095354192472725,-0.020219710460947837,9.26,9.358,9.339039249793789,5.135027694115295,5.130327305206974,5.122507130849615,9.165000000000001,9.254909090909091,9.228541943272221,5.0658543927251305,5.12736452747593,5.079784756702908,9.028,9.132857142857143,9.132237103918548,4.9535707082320855,5.026208212440287,5.020756310062111,9.103333333333333,9.109612903225807,9.059143219448021,4.933414873647396,4.972567266052531,5.002338372662146,8.8625,9.04267213114754,8.790600732816193,5.020934592671935,5.002941451703859,4.9684024433750675,8.06498486462736
2025-02-27,sz001313,9.56,9.63,9.63,9.4,72105,67561444.71,2.41,0.84,0.08,1.03,4.857965381184328,-0.2373888112883975,9.394000000000002,9.481333333333335,9.436026166529192,5.065243727039119,5.037973200896652,5.034326547627853,9.229,9.339454545454547,9.301534317222727,5.080998781353619,5.0895665253776015,5.039453961154075,9.065999999999999,9.190190476190477,9.179643094021543,4.948958769533036,5.017102943197643,5.00525241207375,9.131666666666666,9.14359139784946,9.095972689161053,4.930794081877466,4.967699556861365,4.993023986115191,8.895833333333334,9.06783606557377,8.818122020264843,5.019647099845569,4.9975981988682,4.9647815560901245,7.829698927797617
2025-02-28,sz001313,9.59,9.28,9.59,9.04,204692,186671300.7,5.71,-3.63,-0.35,2.93,5.3111008694150765,0.4531354882307488,9.446000000000002,9.443333333333333,9.384017444352795,5.134860363247429,5.119925581688637,5.126584654890261,9.279,9.348727272727274,9.297618986818593,5.151092909845223,5.131403268661503,5.0888443081106205,9.089500000000001,9.210571428571429,9.18920089459092,4.970240380534362,5.051592666995932,5.034380836582447,9.133000000000001,9.15316129032258,9.107845418892598,4.935997382983595,4.992235478637984,5.013545075360345,8.926333333333334,9.08043169398907,8.833265560584028,5.0273202208371774,5.00715406016556,4.9761362876745485,8.27107755359078
2025-03-03,sz001313,9.25,9.07,9.38,8.95,97597,87580128.0,4.63,-2.26,-0.21,1.4,4.989436468245893,-0.3216644011691834,9.368,9.318000000000001,9.279344962901863,5.073886162850338,5.071450950021458,5.080868592675472,9.280000000000001,9.310727272727274,9.25623371648794,5.14047429716765,5.1020111883707155,5.070770155407942,9.104000000000001,9.208714285714285,9.177848428439404,4.976638171775297,5.053420865825603,5.0301004205503945,9.127333333333334,9.149096774193548,9.105403778964044,4.932389937717771,4.995683161558134,5.011989681352961,8.949833333333334,9.085142076502732,8.841027345482912,5.0292201074000165,5.005911969916666,4.976572359168691,7.942405575586103
2025-03-04,sz001313,9.07,9.08,9.2,8.96,79690,71120662.47,2.65,0.11,0.01,1.14,4.901403826825252,-0.08803264142064116,9.322,9.222000000000001,9.212896641934575,5.031052147628655,5.0139568380130966,5.021047004058732,9.27,9.274363636363637,9.224191222581041,5.091137651845488,5.058543830126643,5.039976277483817,9.116000000000001,9.206428571428571,9.168529530492794,4.985574610768657,5.046255690116075,5.017843602100381,9.125666666666667,9.14604301075269,9.103764825482493,4.933674978088331,4.993684057629584,5.004855110093109,8.972833333333334,9.089409836065574,8.848862514483471,5.030269193185646,5.001721272192902,4.974107817124644,7.8519957933182525
2025-03-05,sz001313,9.14,9.29,9.46,9.01,102722,93723635.52,4.96,2.31,0.21,1.47,5.011663466531904,0.1102596397066522,9.27,9.211333333333332,9.238597761289718,5.014314002440491,5.007493944314179,5.017919158216457,9.265,9.277999999999999,9.236156454839033,5.074670848277893,5.044093978251446,5.034828493674377,9.145,9.223,9.180098146636336,5.006484065685877,5.048740343045908,5.017255017760526,9.119,9.156645161290323,9.11577999803201,4.9364338449929415,4.9987155730130395,5.005294358895612,8.998,9.099808743169397,8.863326038598768,5.034387008829889,5.00111124836819,4.975339149892095,7.971849126442767
2025-03-06,sz001313,9.23,9.35,9.54,9.1,110068,101022727.92,4.74,0.65,0.06,1.57,5.041661075162309,0.02999760863040457,9.214,9.238,9.275731840859812,5.051053141236087,5.016609635221452,5.025833130531741,9.304,9.293454545454546,9.256855281231935,5.058148434137602,5.03809220132134,5.036070781217637,9.1755,9.24252380952381,9.196279275528115,5.029630003026957,5.0520905344246145,5.019579404179743,9.120333333333333,9.171548387096774,9.130890965900914,4.943265543353862,5.005504426572354,5.007640598654754,9.025666666666666,9.111349726775954,8.879282561923398,5.041168033473637,5.001349742346301,4.977513639245217,8.004419091602657
2025-03-07,sz001313,9.33,9.31,9.45,9.25,50175,46097359.0,2.14,-0.43,-0.04,0.72,4.700487381159523,-0.3411736940027854,9.219999999999999,9.270000000000001,9.28715456057321,4.928930443584976,4.899754381862597,4.91738454740767,9.333000000000002,9.294545454545455,9.266517957371583,5.031895403416202,4.9730629189616895,4.975055617570707,9.2095,9.255333333333335,9.207109820715914,5.020796751310238,5.020743618056288,4.989189687701628,9.123,9.183784946236559,9.142446387455696,4.941056629601535,4.989841319334009,4.9878242620421585,9.055,9.12067213114754,8.893404445139025,5.043021130094315,4.990179884893381,4.96843081111126,7.66367604459611
2025-03-10,sz001313,9.32,9.62,9.97,9.32,147632,140202500.84,6.98,3.33,0.31,2.11,5.169180503267123,0.4686931221075996,9.33,9.403333333333332,9.39810304038214,4.964879250589222,4.979837735089979,5.001316532694155,9.349,9.346727272727271,9.330787419667658,5.019382706719781,4.998023846207312,5.010351051333691,9.2325,9.294428571428572,9.246432694933446,5.020605937986026,5.034875403956944,5.006331670136437,9.132,9.215849462365593,9.173256297942427,4.954124030461471,5.004558988602757,4.999524664701834,9.0825,9.139196721311475,8.917227250216433,5.040288289713259,4.994316257784293,4.975012768231124,8.146755760359067
2025-03-11,sz001313,9.49,9.85,9.87,9.42,107177,101725097.0,4.68,2.39,0.23,1.53,5.030101596506062,-0.13907890676106138,9.484,9.576666666666666,9.54873536025476,4.9906188045253845,5.00157851706226,5.010911553964791,9.403,9.43781818181818,9.42518970700081,5.01083547607702,4.999972735259362,5.013942059546849,9.2655,9.353238095238096,9.303915295415976,5.024427381435668,5.035779752387423,5.00859547264783,9.145333333333333,9.262172043010752,9.21691718194614,4.958179167490508,5.009460767057247,5.001497369979527,9.100833333333332,9.164360655737704,8.94780996332409,5.033681705955392,4.993982267843072,4.976818959322105,8.007428112647167
2025-03-12,sz001313,9.84,10.37,10.59,9.84,187541,191141570.64,7.61,5.28,0.52,2.68,5.273096227409041,0.24299463090297913,9.7,9.871999999999998,9.82249024016984,5.042905356700811,5.095737658023479,5.098306445112875,9.485,9.613636363636363,9.596973396637026,5.028609679570652,5.047656508228821,5.0610609991581565,9.325,9.458428571428572,9.405447172043026,5.047232036147891,5.059462499622983,5.033786020720326,9.180333333333332,9.341182795698925,9.291309621820584,4.978583698678274,5.029777996729409,5.0190198769104635,9.125666666666666,9.205972677595629,8.994439144854448,5.030848071668653,5.001831924284177,4.98653296811184,8.28135515035267
2025-03-13,sz001313,10.4,9.8,10.6,9.71,130337,127756210.48,8.58,-5.5,-0.57,1.86,5.11506772050767,-0.1580285069013705,9.79,9.905333333333333,9.814993493446561,5.057586685769883,5.119791779292431,5.103893536911141,9.501999999999999,9.67090909090909,9.633887324521202,5.054319913502985,5.063376152035552,5.070880403039886,9.365499999999999,9.503666666666666,9.443023631848453,5.067659347428302,5.065923040990581,5.041527134985787,9.211333333333332,9.38116129032258,9.324128355896677,4.984079150856352,5.038583417492597,5.0252165119812515,9.137833333333335,9.228081967213114,9.020850976170696,5.0267158581890605,5.004593224246111,4.990747222288753,8.106382021226597
2025-03-14,sz001313,9.8,9.61,9.82,9.5,88009,83154740.0,3.27,-1.94,-0.19,1.26,4.94452708636013,-0.17054063414754062,9.85,9.845333333333334,9.746662328964375,5.106394626810005,5.082105246155847,5.050771386727471,9.535,9.690545454545456,9.629544174608256,5.01766253519749,5.043413819827759,5.047907072734475,9.407,9.526952380952382,9.458926143100982,5.0843777225213564,5.054196158984089,5.032289035116677,9.238,9.406881720430107,9.342571687774312,4.986047765422072,5.036031671396066,5.020010742586341,9.148,9.243562841530055,9.040167337607722,5.023059089099364,5.001898510415654,4.989231807996011,7.919887009985749
2025-03-17,sz001313,9.73,9.61,9.98,9.58,100112,95886057.0,4.16,0.0,0.0,1.43,5.000486137633446,0.055959051273316796,9.847999999999999,9.765333333333333,9.701108219309583,5.07265575368327,5.046802416430326,5.034009637029463,9.588999999999999,9.70418181818182,9.625990688315845,5.018767502136246,5.04029083845248,5.039285084534288,9.4345,9.546285714285712,9.473314129472318,5.079620899651948,5.046206484232858,5.0292601877373215,9.265666666666668,9.430881720430106,9.359825127272742,4.990681281895615,5.036963179280671,5.018751090653897,9.157833333333333,9.25871038251366,9.058850375718944,5.0196118708138,5.00115841364628,4.989600802410353,7.981755460056983
2025-03-18,sz001313,9.58,9.37,9.64,9.31,98259,90822181.0,3.43,-2.5,-0.24,1.41,4.992372339926099,-0.008113797707347103,9.752,9.605999999999998,9.590738812873056,5.065109902367277,5.020041278511271,5.0201305379950085,9.617999999999999,9.664363636363635,9.579446926803872,5.027864353446331,5.035491718050634,5.0307554946055255,9.443999999999999,9.540142857142856,9.463474688570193,5.059501002645909,5.0378970975923005,5.025747059374348,9.283333333333333,9.437612903225807,9.360481570674501,4.999671191661215,5.0370722797987675,5.0170492357682335,9.168333333333333,9.265666666666668,9.069052002744552,5.0181936428240075,5.000265314272913,4.989691672492836,7.9581919268194286
2025-03-19,sz001313,9.37,9.79,9.79,9.28,121936,114532321.67,5.44,4.48,0.42,1.74,5.086131944282584,0.09375960435648434,9.636,9.618666666666664,9.657159208582037,5.027717045741985,5.027048625816373,5.0421310067575345,9.668000000000001,9.695636363636364,9.617729303748622,5.035311201221399,5.046085825475408,5.040823940001355,9.4665,9.573095238095238,9.494572337277795,5.054991024749645,5.040433377748174,5.03149800079418,9.319333333333333,9.470301075268816,9.388192437082598,5.016093110864385,5.042650392871113,5.021506184704643,9.176166666666667,9.28604918032787,9.09268964199883,5.015735839448982,5.002492799566637,4.99285364861709,8.058928064335843
2025-03-20,sz001313,9.73,9.51,9.75,9.43,80861,76350078.7,3.27,-2.86,-0.28,1.16,4.907739107907827,-0.17839283637475667,9.578,9.576666666666664,9.60810613905469,4.986251323222017,4.987055979871653,4.997333707140966,9.684,9.66690909090909,9.598142157612507,5.021919004495951,5.022890899418394,5.016626697802531,9.494,9.577238095238096,9.496041638489434,5.040033719316776,5.0264093856680025,5.019711439566908,9.344999999999999,9.482602150537636,9.396050989528883,5.027059670183289,5.035659812035207,5.014166373298397,9.1875,9.296994535519124,9.10637194881854,5.012581601421701,4.998951923122665,4.990063007938097,7.882809489053974
2025-03-21,sz001313,9.55,9.32,9.67,9.31,73797,68862068.0,3.79,-2.0,-0.19,1.06,4.868038707216974,-0.03970040069085279,9.52,9.490666666666666,9.512070759369795,4.970953647393387,4.947651774536638,4.954235373832969,9.685,9.600727272727273,9.547570856228415,5.038674137101696,4.99491266354949,4.989610699514248,9.509,9.560666666666666,9.479275768157107,5.035284770258949,5.010028908325164,5.005266417438342,9.368,9.480989247311829,9.391144474075407,5.026755879907389,5.025400395069639,5.004738781938306,9.195333333333334,9.301338797814209,9.11337614721793,5.012138846214291,4.994212811837263,4.9860622111931425,7.83798006088249
2025-03-24,sz001313,9.29,9.1,9.41,8.82,89843,80467287.0,6.33,-2.36,-0.22,1.29,4.953484245275805,0.08544553805883126,9.418000000000001,9.350666666666665,9.374713839579865,4.9615532689218576,4.941828640497445,4.9539849976472485,9.633,9.494363636363637,9.466194336914157,5.017104511302564,4.979423592308417,4.983042253289076,9.491,9.521714285714285,9.44315426642786,5.018243609011172,5.002238382136293,5.000334781994292,9.365999999999998,9.463698924731181,9.37236095961893,5.019438795758206,5.020673192835341,5.0014320376375,9.199166666666667,9.298213114754098,9.112937585014064,5.014062451679553,4.992289710167149,4.984994081163066,7.905619359090199
2025-03-25,sz001313,9.09,8.98,9.12,8.8,76095,67048775.0,3.52,-1.32,-0.12,1.09,4.881356121373085,-0.07212812390272028,9.34,9.204666666666666,9.24314255971991,4.9393500252112545,4.915096257981187,4.929775372222528,9.546,9.375636363636364,9.377795366566128,5.002229963789267,4.954742066866695,4.964553865667987,9.4745,9.47304761904762,9.399044336291873,5.006532719933142,4.989201478551713,4.989003480982748,9.359,9.438795698924729,9.347047349320937,5.017028242220201,5.0117646331975925,4.993685204330118,9.195500000000001,9.291027322404371,9.10857897566934,5.011041205983981,4.987938682943987,4.981596115268313,7.8263908475776205
2025-03-26,sz001313,8.98,9.15,9.19,8.89,35560,31866821.07,3.34,1.89,0.17,0.51,4.550961752298176,-0.3303943690749094,9.212,9.141333333333334,9.212095039813274,4.832315986814374,4.7856335003434936,4.803504165581077,9.424,9.303636363636363,9.336378027190467,4.9300165162781795,4.872693301141044,4.889355299600749,9.4545,9.442142857142857,9.3753258280736,4.979313097924416,4.945813767348383,4.947285221108027,9.358,9.425311827956989,9.334334617106682,5.008160196191321,4.981695827396172,4.965122400973219,9.203166666666666,9.289535519125682,9.109937042040839,5.002257238402454,4.972854110691992,4.967476955826669,7.503338741835304
2025-03-27,sz001313,9.13,9.1,9.35,9.09,83674,75880149.0,2.84,-0.55,-0.05,1.2,4.922590530745057,0.37162877844688147,9.129999999999999,9.104000000000001,9.174730026542182,4.83528627138182,4.815725014987055,4.843199620635737,9.354000000000001,9.244727272727273,9.293400204064927,4.910768797301919,4.871343121953202,4.895398068899714,9.428,9.408380952380954,9.349104320638018,4.982544355402451,4.940411618093207,4.944933345835363,9.361666666666668,9.408666666666669,9.319216254712703,5.015362497386175,4.976175203818992,4.962378409345596,9.204,9.286153005464481,9.109611237383762,5.0005344669333,4.970242087490112,4.966005269758419,7.880128175008062
2025-03-28,sz001313,9.14,9.03,9.18,8.97,31977,28408803.44,2.31,-0.77,-0.07,0.46,4.504837716928653,-0.4177528138164046,9.072,9.070666666666666,9.126486684361456,4.762646073324155,4.705575496836,4.730412319400043,9.296000000000001,9.185818181818181,9.245509257871303,4.86679986035877,4.797537470976245,4.824387095814066,9.4155,9.370476190476191,9.318713432958207,4.94223119777813,4.894915747762369,4.903019476415676,9.37,9.387268817204301,9.300557141505433,5.011851768467162,4.943238121208831,4.932859654996116,9.205666666666668,9.280448087431695,9.107001032879374,4.990710272103886,4.953989735030943,4.950885022124656,7.453452941911991
2025-03-31,sz001313,8.95,8.85,9.05,8.67,50218,43680175.0,4.21,-1.99,-0.18,0.72,4.7008594123542045,0.1960216954255518,9.022,8.996666666666666,9.034324456240972,4.7121211067398345,4.684979943179349,4.720561350384764,9.22,9.104727272727272,9.173598483712883,4.836837187830847,4.76736648042996,4.801927517003182,9.4045,9.316619047619048,9.27407405839076,4.9278023449835455,4.871927958674375,4.88376613698125,9.363,9.353720430107526,9.271488938827662,4.998692995711581,4.923174098233801,4.9178918974063155,9.196499999999999,9.2687868852459,9.09857476950628,4.976179290730801,4.944486428153903,4.942687461148576,7.6402843696550615
