date,stock_code,open,close,high,low,volume,amount,amplitude,pct_change,change,turnover,volume_log,volume_log_diff,p_SMA:5,p_WMA:5,p_EMA:5,v_log_SMA:5,v_log_WMA:5,v_log_EMA:5,p_SMA:10,p_WMA:10,p_EMA:10,v_log_SMA:10,v_log_WMA:10,v_log_EMA:10,p_SMA:20,p_WMA:20,p_EMA:20,v_log_SMA:20,v_log_WMA:20,v_log_EMA:20,p_SMA:30,p_WMA:30,p_EMA:30,v_log_SMA:30,v_log_WMA:30,v_log_EMA:30,p_SMA:60,p_WMA:60,p_EMA:60,v_log_SMA:60,v_log_WMA:60,v_log_EMA:60,amount_log
2024-01-19,sz001379,28.0,24.23,28.82,23.88,338908,905508695.71,29.09,42.7,7.25,69.17,5.530081820577857,0.0,24.23,24.23,24.23,5.530081820577857,5.530081820577857,5.530081820577857,24.23,24.23,24.23,5.530081820577857,5.530081820577857,5.530081820577857,24.23,24.23,24.23,5.530081820577857,5.530081820577857,5.530081820577857,24.23,24.23,24.23,5.530081820577857,5.530081820577857,5.530081820577857,24.23,24.23,24.23,5.530081820577857,5.530081820577857,5.530081820577857,8.956892625252767
2024-01-22,sz001379,23.0,25.11,26.38,22.22,274899,674090840.18,17.17,3.63,0.88,56.1,5.439173160013451,-0.0909086605644065,24.67,24.816666666666666,24.523333333333333,5.484627490295654,5.469476046868253,5.499778933723055,24.67,24.816666666666666,24.39,5.484627490295654,5.469476046868253,5.51355297320251,24.67,24.816666666666666,24.313809523809525,5.484627490295654,5.469476046868253,5.521423852905057,24.67,24.816666666666666,24.28677419354839,5.484627490295654,5.469476046868253,5.524216745702734,24.67,24.816666666666666,24.258852459016392,5.484627490295654,5.469476046868253,5.527101208756074,8.828718425809154
2024-01-23,sz001379,25.2,23.63,27.18,23.52,300726,775827526.56,14.58,-5.89,-1.48,61.38,5.478170977712727,0.03899781769927646,24.323333333333334,24.223333333333333,24.225555555555555,5.482475319434678,5.4738235122904895,5.492576281719613,24.323333333333334,24.223333333333333,24.25181818181818,5.482475319434678,5.4738235122904895,5.507119883113459,24.323333333333334,24.223333333333333,24.24868480725624,5.482475319434678,5.4738235122904895,5.517304531458168,24.323333333333334,24.223333333333333,24.244401664932365,5.482475319434678,5.4738235122904895,5.521246050993702,24.323333333333334,24.223333333333333,24.238234345606017,5.482475319434678,5.4738235122904895,5.5254969388858,8.889765184417215
2024-01-24,sz001379,21.38,22.05,23.5,21.11,253863,560538565.64,10.11,-6.69,-1.58,51.81,5.4045994079758195,-0.0735715697369077,23.755,23.354000000000003,23.50037037037037,5.4630063415699635,5.446133870564621,5.463250657138349,23.755,23.354000000000003,23.851487603305785,5.4630063415699635,5.446133870564621,5.488479796724797,23.755,23.354000000000003,24.03928625418422,5.4630063415699635,5.446133870564621,5.5065707101741355,23.755,23.354000000000003,24.102827363968988,5.4630063415699635,5.446133870564621,5.513720461121581,23.755,23.354000000000003,24.166488957225493,5.4630063415699635,5.446133870564621,5.521533085413341,8.74860549787383
2024-01-25,sz001379,21.6,21.25,22.18,20.37,221969,470877201.27,8.21,-3.63,-0.8,45.3,5.34629232549109,-0.05830708248472938,23.253999999999998,22.65266666666667,22.75024691358025,5.439663538354189,5.412853355540111,5.424264546589263,23.253999999999998,22.65266666666667,23.378489857250187,5.439663538354189,5.412853355540111,5.46262752922776,23.253999999999998,22.65266666666667,23.773639944261916,5.439663538354189,5.412853355540111,5.491306102109084,23.253999999999998,22.65266666666667,23.91877398564841,5.439663538354189,5.412853355540111,5.502918645919614,23.253999999999998,22.65266666666667,24.070866368464003,5.439663538354189,5.412853355540111,5.5157874867273655,8.672907663468143
2024-01-26,sz001379,20.76,23.38,23.38,20.42,278974,618578676.07,13.93,10.02,2.13,56.94,5.445563729500491,0.09927140400940093,23.083999999999996,22.694666666666667,22.9601646090535,5.422759920138716,5.414820085922212,5.43136427422634,23.275000000000002,22.86047619047619,23.37876442865924,5.44064690354524,5.422199176671649,5.4595250201864385,23.275000000000002,22.86047619047619,23.73615042576078,5.44064690354524,5.422199176671649,5.48694968567017,23.275000000000002,22.86047619047619,23.884014373671096,5.44064690354524,5.422199176671649,5.499218328731283,23.275000000000002,22.86047619047619,24.04821501212092,5.44064690354524,5.422199176671649,5.513485068457632,8.791394944725111
2024-01-29,sz001379,25.72,25.72,25.72,25.72,24631,63351394.96,0.0,10.01,2.34,5.03,4.391482044225046,-1.0540816852754453,23.206,23.573333333333334,23.880109739369,5.2132216969810345,5.071060793950989,5.084736864225909,23.624285714285715,23.575357142857143,23.804443623448467,5.29076620935664,5.164519893559998,5.265335388193457,23.624285714285715,23.575357142857143,23.92508848045023,5.29076620935664,5.164519893559998,5.382619434103967,23.624285714285715,23.575357142857143,24.002465059240706,5.29076620935664,5.164519893559998,5.427751471666365,23.624285714285715,23.575357142857143,24.103027634674334,5.29076620935664,5.164519893559998,5.476698084056563,7.801756182230675
2024-01-30,sz001379,25.21,23.15,25.94,23.15,259593,630581966.54,10.85,-9.99,-2.57,52.98,5.4142929774104545,1.0228109331854087,23.11,23.554666666666666,23.636739826246,5.20044609692058,5.138084554094129,5.194588901954091,23.564999999999998,23.480833333333333,23.685453873730566,5.306207055363367,5.220025023304544,5.292418586232911,23.564999999999998,23.480833333333333,23.851270529931163,5.306207055363367,5.220025023304544,5.385635962037918,23.564999999999998,23.480833333333333,23.94746731348324,5.306207055363367,5.220025023304544,5.426883181714372,23.564999999999998,23.480833333333333,24.071780826980092,5.306207055363367,5.220025023304544,5.474652014986199,8.799741546582906
2024-01-31,sz001379,21.5,20.84,21.89,20.84,144103,302286207.09,4.54,-9.98,-2.31,29.41,5.158673022242745,-0.25561995516770963,22.868000000000002,22.798,22.704493217497333,5.151260819773965,5.124160195868183,5.182616942050309,23.26222222222222,22.952666666666666,23.16809862396137,5.289814385016631,5.207754623092184,5.268101210961971,23.26222222222222,22.952666666666666,23.564482860413907,5.289814385016631,5.207754623092184,5.364020443962188,23.26222222222222,22.952666666666666,23.746985551323032,5.289814385016631,5.207754623092184,5.409579300458138,23.26222222222222,22.952666666666666,23.96582079986599,5.289814385016631,5.207754623092184,5.4642920480110035,8.480418331361204
2024-02-01,sz001379,18.8,18.76,19.31,18.76,172441,325819636.69,2.64,-9.98,-2.08,35.19,5.236640532699727,0.07796751045698258,22.369999999999997,21.42866666666667,21.389662144998226,5.129330461215693,5.152620100176771,5.200624805600116,22.812,22.19036363636363,22.366626146877483,5.284496999784941,5.213006606657191,5.262381087641563,22.812,22.19036363636363,23.10691306418401,5.284496999784941,5.213006606657191,5.351889023841953,22.812,22.19036363636363,23.42524454801187,5.284496999784941,5.213006606657191,5.398421960602757,22.812,22.19036363636363,23.795138150690057,5.284496999784941,5.213006606657191,5.456828063902437,8.512977255077205
2024-02-02,sz001379,18.24,17.1,18.69,16.88,161897,285554108.01,9.65,-8.85,-1.66,33.04,5.209238801220841,-0.027401731478886582,21.114,19.672,19.959774763332153,5.082065475559763,5.17925621351182,5.203496137473691,22.099,21.15181818181818,21.40905775653612,5.252412697849239,5.199323297827355,5.252718853746885,22.292727272727273,21.34196969696969,22.534826105690296,5.277655345370023,5.212378639084466,5.338303288354228,22.292727272727273,21.34196969696969,23.01716425459175,5.277655345370023,5.212378639084466,5.3862165954813435,22.292727272727273,21.34196969696969,23.575625424437924,5.277655345370023,5.212378639084466,5.448710383158778,8.455688412349648
2024-02-05,sz001379,17.1,15.39,17.27,15.39,116540,183980883.51,10.99,-10.0,-1.71,23.78,5.066475013754132,-0.14276378746670915,19.048,17.764,18.436516508888104,5.2170640694655805,5.174059392909943,5.157822429567172,21.127,19.932,20.3146836189841,5.215142883223307,5.1655164461737,5.218856337384566,21.7175,20.426282051282048,21.854366476576935,5.2600569844020315,5.189931927495185,5.312414881249457,21.7175,20.426282051282048,22.525089141392286,5.2600569844020315,5.189931927495185,5.365588106337652,21.7175,20.426282051282048,23.30724426298094,5.2600569844020315,5.189931927495185,5.4361780759651825,8.264772700088756
2024-02-06,sz001379,14.9,16.17,16.93,14.5,162063,255396567.81,15.79,5.07,0.78,33.08,5.2096838740094915,0.14320886025535984,17.652,16.804666666666666,17.681011005925406,5.176142248785387,5.171599327757914,5.175109577714613,20.381,19.030727272727272,19.561104779168808,5.188294172852983,5.164523899043915,5.217188616770916,21.29076923076923,19.818241758241758,21.312998240712464,5.256182129756452,5.192753634140086,5.302630975798031,21.29076923076923,19.818241758241758,22.11508339033472,5.256182129756452,5.192753634140086,5.355529768768093,21.29076923076923,19.818241758241758,23.073236254358616,5.256182129756452,5.192753634140086,5.428752036556799,8.407215056626717
2024-02-07,sz001379,16.1,14.55,16.25,14.55,138840,213487963.11,10.51,-10.02,-1.62,28.34,5.142514604999374,-0.0671692690101171,16.394,15.770666666666667,16.637340670616936,5.172910565336713,5.160390113162576,5.164244586809534,19.631,17.970545454545455,18.649994819319932,5.162085692555339,5.156200341252348,5.203611523721545,20.809285714285714,19.11580952380952,20.66890317016842,5.2480630208452315,5.186055096921325,5.287381797626731,20.809285714285714,19.11580952380952,21.627013494184094,5.2480630208452315,5.186055096921325,5.341786854976563,20.809285714285714,19.11580952380952,22.79378588536325,5.2480630208452315,5.186055096921325,5.419367202735243,8.329373393636107
2024-02-08,sz001379,14.23,15.04,15.2,14.18,97705,144903418.12,7.01,3.37,0.49,19.94,4.989916789070325,-0.15259781592904975,15.65,15.319333333333335,16.10489378041129,5.123565816610833,5.099392187740446,5.106135320896465,19.009999999999998,17.135818181818184,17.993632124898127,5.126448138913263,5.124896904255075,5.164757935603141,20.424666666666667,18.606333333333332,20.132817153961906,5.230853272060238,5.16153780843995,5.259051796811835,20.424666666666667,18.606333333333332,21.20204488165609,5.230853272060238,5.16153780843995,5.319085560401968,20.424666666666667,18.606333333333332,22.539563397318553,5.230853272060238,5.16153780843995,5.4052868613036065,8.161078630144369
2024-02-19,sz001379,15.13,15.5,15.88,14.9,119520,183431934.65,6.52,3.06,0.46,24.39,5.077440584471324,0.0875237954009993,15.330000000000002,15.269333333333334,15.903262520274195,5.097206173260929,5.084017110360611,5.096570408754752,18.222,16.497636363636364,17.54024446582574,5.089635824410346,5.115986439811086,5.148882053579174,20.116875,18.240882352941178,19.6915964726322,5.221264979085931,5.151644017384817,5.2417554908746435,20.116875,18.240882352941178,20.83417101832344,5.221264979085931,5.151644017384817,5.30349556195483,20.116875,18.240882352941178,22.308758040029417,5.221264979085931,5.151644017384817,5.39453780304681,8.263474946573579
2024-02-20,sz001379,15.55,15.98,16.16,15.45,105883,168460497.64,4.58,3.1,0.48,21.61,5.024826237738757,-0.05261434673256726,15.448000000000002,15.485999999999999,15.928841680182797,5.088876418057854,5.059890465186553,5.072655685082753,17.247999999999998,16.09,17.256563653857423,5.152970243761717,5.104202878598069,5.126326450699098,19.873529411764707,17.98967320261438,19.338111094286273,5.209709759006685,5.137553152979699,5.2210955620045585,19.873529411764707,17.98967320261438,20.52099869456064,5.209709759006685,5.137553152979699,5.285516895876374,19.873529411764707,17.98967320261438,22.101257776421896,5.209709759006685,5.137553152979699,5.382416112380972,8.226498079283138
2024-02-21,sz001379,15.6,16.18,16.78,15.55,128558,209260117.52,7.7,1.25,0.2,26.24,5.109099107410234,0.0842728696714774,15.45,15.73,16.012561120121866,5.068759464738003,5.066631361637346,5.084803492525247,16.551,15.895818181818182,17.06082480770153,5.122450856761695,5.096226308352345,5.123194206464759,19.668333333333333,17.799181286549707,19.03733860911615,5.2041202783624385,5.134557990288176,5.210429232995575,19.668333333333333,17.799181286549707,20.2409342626535,5.2041202783624385,5.134557990288176,5.2741351030721075,19.668333333333333,17.799181286549707,21.90711817719495,5.2041202783624385,5.134557990288176,5.373454899103243,8.32068646488218
2024-02-22,sz001379,16.3,16.53,16.66,16.16,100918,165384657.05,3.09,2.16,0.35,20.6,5.0039686350523285,-0.10513047235790562,15.846,16.09,16.185040746747912,5.041050270748594,5.045034418408788,5.057858540034275,16.12,15.892000000000003,16.96431120630125,5.106980418042654,5.07468408622337,5.101516829844316,19.50315789473684,17.672263157894736,18.798544455866995,5.193585981346116,5.121499054764591,5.190766318905742,19.50315789473684,17.672263157894736,20.00151914893392,5.193585981346116,5.121499054764591,5.256705008361155,19.50315789473684,17.672263157894736,21.730819220565607,5.193585981346116,5.121499054764591,5.361340595363869,8.218495217020665
2024-02-23,sz001379,16.5,18.18,18.18,16.28,105397,179981530.03,11.49,9.98,1.65,21.51,5.02282824937759,0.01885961432526173,16.474,16.868000000000002,16.85002716449861,5.047632562810047,5.03896041128512,5.046181776482047,16.062,16.266545454545454,17.185345532428293,5.08559918971044,5.05938369192063,5.087209815214002,19.437,17.720619047619046,18.73963546007014,5.185048094747691,5.112101835203925,5.174772217045918,19.437,17.720619047619046,19.88400178448657,5.185048094747691,5.112101835203925,5.241616185200925,19.437,17.720619047619046,21.61439891825198,5.185048094747691,5.112101835203925,5.350241829921695,8.25522793944985
2024-02-26,sz001379,19.11,18.18,19.11,17.86,215912,397492692.33,6.88,0.0,0.0,44.07,5.334276780309943,0.3114485309323527,17.009999999999998,17.436666666666667,17.293351442999075,5.0989998019777705,5.134508483785086,5.142213444424679,16.169999999999998,16.651636363636367,17.36619179925951,5.09810298761935,5.104597799302358,5.132131081595082,19.1345,17.60090476190476,18.686336844825362,5.175257842734294,5.126314090971758,5.189963127832968,19.377142857142857,17.76238095238095,19.774066185487438,5.192154222631607,5.132299557486291,5.247594288111185,19.377142857142857,17.76238095238095,21.501795675030603,5.192154222631607,5.132299557486291,5.34971838567213,8.599329148816565
2024-02-27,sz001379,17.98,18.41,18.41,17.7,146341,265665616.69,3.91,1.27,0.23,29.87,5.165366018395871,-0.16891076191407173,17.496,17.903333333333332,17.665567628666054,5.127107758109193,5.156630555924453,5.149930969081744,16.472,17.05890909090909,17.555975108485054,5.107992088083524,5.116827441261726,5.138173797377044,18.799500000000002,17.531904761904762,18.66001905008009,5.161567485653416,5.125372012463336,5.187620545981816,19.333181818181817,17.81869565217391,19.68606191545599,5.1909365769845275,5.135174901913211,5.242289238452133,19.333181818181817,17.81869565217391,21.400425325029598,5.1909365769845275,5.135174901913211,5.343674045761433,8.424335350239913
2024-02-28,sz001379,18.28,16.64,18.58,16.58,161698,286482782.5,10.86,-9.61,-1.77,33.0,5.208704648265489,0.04333862986961812,17.588,17.618,17.323711752444037,5.147028866280245,5.183829519309884,5.169522195476326,16.519,17.089454545454544,17.38943417966959,5.107894165509124,5.135138815840265,5.1509975884476695,18.450000000000003,17.326238095238097,18.467636283405795,5.148094169181054,5.12986126604544,5.189628555723118,19.21608695652174,17.72047101449275,19.489541791878185,5.1917091018228305,5.1413023807759,5.240122490698156,19.21608695652174,17.72047101449275,21.244345806176167,5.1917091018228305,5.1413023807759,5.339248819614025,8.457098526164023
2024-02-29,sz001379,16.25,17.08,17.1,16.11,85286,143455961.22,5.95,2.64,0.44,17.41,4.930877746035563,-0.27782690222992645,17.698,17.448666666666668,17.24247450162936,5.132410688476892,5.111779145894991,5.089974045662739,16.772,17.191454545454544,17.33317341972966,5.086730479612743,5.102954012299618,5.110975798918195,18.201500000000003,17.195761904761902,18.335480446890955,5.12440808608404,5.109173987650631,5.16498562146716,19.127083333333335,17.669233333333334,19.334087482724755,5.180841128665028,5.124468409996673,5.220171216848957,19.127083333333335,17.669233333333334,21.107809878104813,5.180841128665028,5.124468409996673,5.325859604086863,8.156718599784249
2024-03-01,sz001379,17.1,17.11,17.54,16.81,77000,132050782.27,4.27,0.18,0.03,15.71,4.886490725172482,-0.04438702086308055,17.484,17.252666666666666,17.198316334419573,5.105143183635869,5.029805824793521,5.022146272165987,16.979,17.25290909090909,17.292596434324267,5.0763878732229575,5.066546784219571,5.070160330964429,17.994500000000002,17.091809523809523,18.21876802337753,5.10141800606811,5.086515191373339,5.138462298010524,19.046400000000002,17.626215384615385,19.190597967710257,5.169067112525327,5.106162434240966,5.1986434431924105,19.046400000000002,17.626215384615385,20.97673414439646,5.169067112525327,5.106162434240966,5.311454067073276,8.120740978314908
2024-03-04,sz001379,17.17,16.88,17.19,16.51,57089,96004991.21,3.97,-1.34,-0.23,11.65,4.756552435749973,-0.12993828942250918,17.224,17.051333333333332,17.09221088961305,4.989598314723875,4.913608908831555,4.933614993360649,17.116999999999997,17.234909090909092,17.217578900810764,5.0442990583508225,5.008394886497209,5.013140713652709,17.669500000000003,16.985666666666667,18.091266306865386,5.066967441380585,5.053670851343041,5.102089930176186,18.963076923076922,17.570940170940172,19.04152713108379,5.153201163418582,5.080265397315707,5.1701214427122535,18.963076923076922,17.570940170940172,20.842414992121164,5.153201163418582,5.080265397315707,5.293260570964315,7.982293812191786
2024-03-05,sz001379,16.83,17.06,17.39,16.59,91329,155338980.55,4.74,1.07,0.18,18.64,4.960608702399255,0.20405626664928178,16.954,16.996666666666666,17.081473926408698,4.948646851524552,4.903945704723349,4.942612896373518,17.225,17.224545454545453,17.188928191572444,5.037877304816872,4.9931784581423795,5.003589438879353,17.2365,16.927619047619046,17.9930504681163,5.095423774289295,5.043541447630533,5.088615527530764,18.892592592592592,17.534444444444446,18.91368667101387,5.146068109306754,5.07171849053596,5.156604491724319,18.892592592592592,17.534444444444446,20.71840138582211,5.146068109306754,5.07171849053596,5.282353952322838,8.191280450664259
2024-03-06,sz001379,17.0,17.55,18.18,16.82,127267,223454754.44,7.97,2.87,0.49,25.97,5.104715806828591,0.14410710442933627,17.136000000000003,17.195333333333334,17.237649284272464,4.927849083237173,4.955968689824695,4.996647199858542,17.362000000000002,17.28363636363636,17.254577611286543,5.037438974758709,5.005330913053601,5.021976051233759,16.9565,16.95747619047619,17.95085518543856,5.079944915760201,5.044426403110466,5.090148887463891,18.844642857142855,17.53551724137931,18.82570688578717,5.144591241361106,5.073994167521659,5.153256834634272,18.844642857142855,17.53551724137931,20.614519373172204,5.144591241361106,5.073994167521659,5.276529750831223,8.34918959956514
2024-03-07,sz001379,17.78,18.21,18.51,17.34,175537,316205741.55,6.67,3.76,0.66,35.83,5.244368671811508,0.13965286498291718,17.362000000000002,17.553333333333335,17.561766189514977,4.990547268392362,5.061475219349473,5.079221023842864,17.53,17.437818181818184,17.428290772870806,5.061478978434627,5.042954494335927,5.062411073156985,16.825,17.07685714285714,17.97553564396822,5.08422969823864,5.060085808448686,5.104836485973188,18.822758620689655,17.58048275862069,18.785983860897677,5.14803184241112,5.085352467807648,5.159135017677965,18.822758620689655,17.58048275862069,20.53568267241246,5.14803184241112,5.085352467807648,5.275475289224019,8.499969751430612
2024-03-08,sz001379,17.88,17.72,18.1,17.48,110160,195008285.94,3.4,-2.69,-0.49,22.48,5.042023927248867,-0.20234474456264095,17.484,17.672666666666668,17.614510793009984,5.021653908807639,5.078634105634975,5.066821991644866,17.483999999999998,17.472363636363635,17.48132881416702,5.0633985462217534,5.039417212302152,5.05870431935551,16.773,17.16209523809524,17.951198915971247,5.074498867966097,5.056066211211564,5.098854337523252,18.786,17.589483870967744,18.7172107085817,5.1444982452390455,5.08255707809418,5.151579463456733,18.786,17.589483870967744,20.4433652077432,5.1444982452390455,5.08255707809418,5.26782114620844,8.29005306501158
2024-03-11,sz001379,17.69,17.65,17.69,17.2,77009,134549335.12,2.77,-0.4,-0.07,15.72,4.88654148389881,-0.15548244335005723,17.637999999999998,17.727999999999998,17.626340528673325,5.047651718437406,5.0335966306653654,5.006728489062848,17.430999999999997,17.502545454545455,17.51199630250029,5.018625016580641,5.007261382788891,5.02740198563611,16.800500000000003,17.245619047619048,17.922513304926365,5.058364002099995,5.0381655079670615,5.078634065749497,18.566666666666666,17.516193548387097,18.648358404802238,5.123046900683077,5.06591470639481,5.134480238969125,18.749354838709678,17.59326612903226,20.351779463227025,5.13617705938936,5.070306103456969,5.255320173673698,8.128881556024496
2024-03-12,sz001379,17.65,17.79,17.95,17.42,79186,140240751.5,3.0,0.79,0.14,16.16,4.898648405576936,0.012106921678125993,17.784,17.778666666666663,17.680893685782216,5.035259659072943,4.983928859711876,4.970701794567544,17.369,17.567818181818183,17.56254242931842,4.991953255298748,4.98544745351549,5.0039922438071684,16.920499999999997,17.33985714285714,17.909892990171475,5.049972671691135,5.022954498774389,5.0614925743044905,18.322666666666667,17.466086021505376,18.592980443202094,5.105029408868527,5.051437384129898,5.119265281976081,18.719375,17.605189393939394,20.26778669394089,5.128754288957722,5.059902606615754,5.243626017342656,8.146874230320684
2024-03-13,sz001379,17.68,17.66,18.06,17.6,72027,128371914.3,2.59,-0.73,-0.13,14.7,4.857495326333283,-0.04115307924365297,17.806,17.737333333333332,17.673929123854812,4.985815562973881,4.924674082131989,4.932966305156124,17.471,17.620727272727276,17.580261987624162,4.956832323105527,4.9610005573399505,4.977356440630098,16.995,17.410285714285713,17.88609365777419,5.032363244307326,5.0046233230260215,5.0420642649739,18.123666666666665,17.423333333333336,18.532788156543898,5.084340220489212,5.035467443321172,5.102376897741062,18.687272727272727,17.60841354723708,20.18228549086086,5.120534320393345,5.047996296010903,5.230965994686611,8.10847001751214
2024-03-14,sz001379,17.5,18.07,19.09,17.37,143982,260560978.91,9.74,2.32,0.41,29.39,5.158308201891804,0.30081287555852043,17.778,17.825333333333333,17.805952749236543,4.96860346898994,4.982171628437963,5.008080270734684,17.57,17.729636363636367,17.669305262601586,4.979575368691151,4.997632535301092,5.010256760859498,17.171,17.512666666666664,17.90360854750998,5.033152924151947,5.0166180808912095,5.053135116108939,17.991,17.41987096774194,18.50293085612171,5.076130513619744,5.040239571153596,5.105985368976595,18.669117647058822,17.634789915966387,20.11303022886542,5.121645316908006,5.054299833489812,5.228583771972027,8.415909377174918
2024-03-15,sz001379,17.73,17.95,17.98,17.48,82777,147067118.5,2.77,-0.66,-0.12,16.89,4.917909682670504,-0.24039851922129962,17.824,17.88266666666667,17.853968499491028,4.943780620074267,4.9652736996648175,4.978023408046624,17.654,17.798727272727273,17.720340669401295,4.982717264440954,4.986420592388248,4.993466383006954,17.316499999999998,17.58685714285714,17.908026781080455,5.029552568831956,5.005642534083454,5.040256503400516,17.881000000000004,17.41722580645161,18.467257897662247,5.061851092192392,5.030031775608484,5.09385145373104,18.64857142857143,17.65230158730159,20.042111204968194,5.115824298786934,5.046722602888739,5.218397736257223,8.167515583330598
2024-03-18,sz001379,17.99,18.38,18.43,17.99,95596,174412050.55,2.45,2.4,0.43,19.51,4.980439720578702,0.06253003790819811,17.97,18.067999999999998,18.02931233299402,4.962560267410246,4.977493399832963,4.9788288455573175,17.804,17.93072727272727,17.84027872951015,5.005105992923826,4.986006493504201,4.991097898929089,17.4605,17.68814285714286,17.952976611453742,5.024702525637324,5.000965119964096,5.034559666941296,17.714333333333336,17.44941935483871,18.46162835587759,5.046346958561665,5.024779429052763,5.086534567721213,18.641111111111112,17.691636636636638,19.987615755624972,5.1120636160589275,5.043139744385494,5.210595834103828,8.241576488088334
2024-03-19,sz001379,18.2,18.18,18.4,18.1,71064,129680507.4,1.63,-1.09,-0.2,14.5,4.851649649100906,-0.12879007147779653,18.048,18.137999999999998,18.07954155532935,4.953160516115039,4.940523193729849,4.936435780071847,17.916,17.99909090909091,17.902046233235577,4.994210087593991,4.958105340081852,4.965743671687601,17.5705,17.756666666666664,17.974597886553383,5.016043696205432,4.984483893627295,5.017139665242211,17.463,17.479462365591395,18.443458784530648,5.061685878724194,5.01221831231336,5.071380702003774,18.62864864864865,17.717339971550498,19.928349665276613,5.105025400735738,5.033061318317884,5.198827106726683,8.112874701104717
2024-03-20,sz001379,18.18,18.19,18.31,18.08,57389,104393562.8,1.27,0.06,0.01,11.71,4.7588286572567045,-0.09282099184420112,18.154000000000003,18.185333333333332,18.116361036886236,4.933427182299724,4.875745907443737,4.877233405800133,17.979999999999997,18.04890909090909,17.95440146355638,4.959621372636802,4.915308716384163,4.928122759972893,17.671,17.81566666666667,17.9951123735483,4.998530173697756,4.9599872232512245,4.992538616862639,17.297666666666668,17.526365591397848,18.42710660488351,5.039837068052402,4.992679136734812,5.051216053955575,18.617105263157896,17.74157894736842,19.871354594283936,5.095914960117868,5.018998104930131,5.184400928055536,8.018673719675528
2024-03-21,sz001379,18.1,17.98,18.33,17.71,75481,135890097.92,3.41,-1.15,-0.21,15.4,4.87783764522375,0.11900898796704595,18.136,18.127333333333333,18.07090735792416,4.877333070966113,4.857216061751746,4.877434818941339,17.957,18.048909090909092,17.959055742909765,4.922968269978027,4.900438947763608,4.918980011836685,17.7435,17.84509523809524,17.993673099877036,4.992223624206327,4.9484926967298914,4.981614714801792,17.202333333333332,17.570387096774194,18.398261017471672,5.030475888818435,4.982227561068447,5.040030350166425,18.60076923076923,17.7535,19.80934296824184,5.090323234094942,5.011940081944812,5.174349672880723,8.133187811586199
2024-03-22,sz001379,17.98,17.35,18.0,17.35,58640,103203161.73,3.62,-3.5,-0.63,11.97,4.768193961633072,-0.10964368359067844,18.016,17.865333333333336,17.830604905282776,4.847389926758628,4.820836358640732,4.8410211998385835,17.92,17.93854545454545,17.84831833510799,4.895585273416447,4.872298164428162,4.8915643663451185,17.701999999999998,17.807619047619045,17.932370899888745,4.979491909819101,4.927156538389582,4.961288928785724,17.15533333333333,17.579913978494623,18.330631274408987,5.014861003116214,4.965306146411326,5.022492518648145,18.569499999999998,17.73381707317073,19.72870877256178,5.082270002283396,5.000050027295459,5.161033092184079,8.01369300253207
2024-03-25,sz001379,17.2,16.58,17.34,16.56,52886,89665477.54,4.5,-4.44,-0.77,10.79,4.723340720665777,-0.044853240967294816,17.656,17.386666666666667,17.41373660352185,4.795970126776042,4.7794866232764495,4.801794373447648,17.813,17.69490909090909,17.61771500145199,4.879265197093144,4.84098097301895,4.860978248948874,17.622,17.700761904761904,17.80357367132791,4.948945106836893,4.902761187041646,4.938627194679062,17.137999999999998,17.542795698924728,18.217687321221312,4.9986644004310445,4.946498386253235,5.003192402649282,18.520975609756096,17.678873403019743,19.625472419363035,5.073515629561014,4.986873393646427,5.146682522626101,7.952625265789355
2024-03-26,sz001379,16.49,16.57,16.75,16.1,40678,67047813.0,3.92,-0.06,-0.01,8.3,4.609359591981379,-0.11398112868439814,17.334,17.02466666666667,17.13249106901457,4.747512115352137,4.717283111678229,4.737649446292226,17.691,17.46890909090909,17.427221364824355,4.850336315733587,4.791907226634993,4.815229402227511,17.53,17.600571428571428,17.686090464534775,4.921144785516168,4.870419709436359,4.907268375374521,17.17733333333333,17.50615053763441,18.111384913400585,4.983427219705287,4.921381946998417,4.977783834219095,18.47452380952381,17.627297895902547,19.525292995777363,5.062464295332928,4.969314612173633,5.12906537735906,7.826384616378187
2024-03-27,sz001379,16.6,15.72,16.63,15.7,42573,68683705.57,5.61,-5.13,-0.85,8.69,4.629134254770497,0.01977466278911777,16.839999999999996,16.486666666666668,16.66166071267638,4.721573234854895,4.677823824817682,4.701477715784983,17.497,17.110545454545456,17.116817480310836,4.82750020857731,4.751688670096248,4.7813939208716905,17.483999999999998,17.428190476190476,17.4988437536267,4.892166265841419,4.842609182698676,4.880779411507471,17.162333333333333,17.412129032258065,17.95710201576184,4.964075565730653,4.898524336357463,4.9552903129643475,18.41046511627907,17.540602536997884,19.400529290997774,5.052386852529151,4.95385186865531,5.112674193011894,7.836853717839934
2024-03-28,sz001379,15.71,16.05,16.23,15.69,40193,64316036.46,3.44,2.1,0.33,8.2,4.604150423082331,-0.02498383168816609,16.454,16.223333333333333,16.45777380845092,4.666835790426611,4.638682887560161,4.6690352848840995,17.294999999999998,16.847454545454546,16.922850665708864,4.772084430696362,4.711079618188071,4.7491678303645335,17.432499999999997,17.291619047619047,17.360858634233683,4.875829899693757,4.815179102435906,4.85443379356222,17.212333333333333,17.340365591397852,17.834063176035272,4.946130093000084,4.875303359412411,4.932636126520347,18.356818181818184,17.474353535353536,19.290675871620795,5.042199660950813,4.9383095821854,5.0960012825224,7.808319272733717
2024-03-29,sz001379,16.06,16.24,16.35,16.06,30189,48881827.33,1.81,1.18,0.19,6.16,4.479848727409492,-0.12430169567283844,16.232,16.151999999999997,16.38518253896728,4.609166743581896,4.576353866554454,4.605973099059231,17.124000000000002,16.655636363636365,16.798695999216342,4.728278335170261,4.657945853954094,4.700200720736344,17.389,17.178047619047618,17.254110192878095,4.855497799805607,4.777466609837403,4.818759025357198,17.252333333333333,17.27763440860215,17.73122039048461,4.929127824278057,4.845220690664629,4.903424036255131,18.309777777777775,17.420685990338164,19.19065371189552,5.029702973538784,4.918376501542968,5.075799559403944,7.68914743259665
2024-04-01,sz001379,16.22,16.53,16.53,16.22,32062,52619653.92,1.91,1.79,0.29,6.54,4.505990609779584,0.02614188237009163,16.222,16.251333333333335,16.433455025978187,4.565696721404657,4.5419618219536835,4.572645602632682,16.939,16.54763636363636,16.74984218117701,4.680833424090349,4.617529903883062,4.664889791471478,17.371499999999997,17.096238095238093,17.185147317365896,4.842969708507087,4.744180210787307,4.788971557206949,17.28666666666667,17.231032258064513,17.653722300775925,4.910079491788333,4.817921515535696,4.877783170030902,18.27108695652174,17.382784458834415,19.10341916396452,5.018317922152715,4.90082816572325,5.057117298760521,7.721147987399845
2024-04-02,sz001379,16.56,16.4,16.67,16.27,32646,53712157.25,2.42,-0.79,-0.13,6.66,4.513829976289548,0.007839366509964307,16.188,16.310666666666666,16.422303350652125,4.54659079826629,4.524672906915314,4.553040393851638,16.761000000000003,16.449636363636365,16.686234511872097,4.647051456809214,4.587165640646552,4.637424370529309,17.3385,17.003714285714288,17.110371382378666,4.820630772201602,4.712833569623731,4.762767597119578,17.300666666666665,17.17382795698925,17.572836991048447,4.8930462830733585,4.792357030664807,4.854302318821783,18.23127659574468,17.34183510638298,19.014782470064045,5.00758413607052,4.884703241163513,5.039304599663112,7.730072595364827
2024-04-03,sz001379,16.4,16.2,16.43,15.98,29250,47295362.15,2.74,-1.22,-0.2,5.97,4.4661258704182,-0.047704105871348546,16.284,16.314666666666668,16.348202233768085,4.513989121395831,4.497851264299284,4.524068886040492,16.562,16.347636363636365,16.59782823698626,4.617781178125363,4.55427007948455,4.606279188690925,17.271,16.895285714285713,17.02366934596165,4.788701275381083,4.679071198025312,4.734516004100399,17.301333333333332,17.102817204301076,17.48426686259371,4.871613841840291,4.764813778235441,4.829258676989293,18.188958333333332,17.295229591836737,18.92249452022588,4.996303755536096,4.867618450520847,5.020511854441967,7.674818555295593
2024-04-08,sz001379,16.31,15.82,16.39,15.82,29320,46903796.94,3.52,-2.35,-0.38,5.98,4.467163965969091,0.0010380955508910716,16.238,16.16,16.172134822512056,4.486591829973183,4.482242879157038,4.505100579350025,16.345999999999997,16.212727272727275,16.456404921170574,4.576713810199896,4.526885131819774,4.580985511832409,17.1515,16.75709523809524,16.909034170155778,4.7498410400889615,4.648448597128931,4.709053905230751,17.27766666666667,17.00724731182796,17.376894806942502,4.85372035287085,4.738720237856653,4.8058977278912165,18.14061224489796,17.236220408163266,18.820773388415194,4.9855049843204435,4.851600271138776,5.002369300721544,7.671208000995341
2024-04-09,sz001379,15.9,16.54,16.8,15.9,50355,82762256.5,5.69,4.55,0.72,10.28,4.7020426003036935,0.23487863433460276,16.298,16.260666666666665,16.294756548341372,4.531030604552024,4.55405980260054,4.570747919667915,16.264999999999997,16.248,16.471604026412287,4.570098674066959,4.549672184565917,4.60299589155446,17.0925,16.69885714285714,16.87388805871237,4.732841973741704,4.64389636476843,4.7083861619043645,17.223,16.959655913978494,17.322901593591375,4.84302749790172,4.728934576400709,4.799197397079118,18.1086,17.208917647058826,18.74599393305732,4.9798357366401085,4.845735264439361,4.992522523658663,7.917832323126354
2024-04-10,sz001379,16.56,18.19,18.19,16.56,146238,263405318.86,9.85,9.98,1.65,29.85,5.165060238873186,0.4630176385694922,16.63,16.891333333333332,16.926504365560916,4.6628445303707435,4.7654030140409285,4.768852026069672,16.426000000000002,16.598,16.78403965797369,4.6142706258877,4.657847014530686,4.705189409248774,17.1195,16.80338095238095,16.999232053120718,4.746767911490422,4.6850600090666665,4.7518789311394904,17.223333333333333,17.022043010752686,17.3788434262629,4.837386946520495,4.749710882269834,4.822801451388414,18.110196078431372,17.24665158371041,18.727764623776753,4.983467589625071,4.858016994225277,4.9981794979279925,8.420624540284937
2024-04-11,sz001379,17.84,18.44,18.93,17.45,239868,435668400.35,8.14,1.37,0.25,48.95,5.379972314035424,0.2149120751622382,17.038,17.494666666666667,17.431002910373945,4.836072997919919,5.004445608595821,4.972558788724923,16.613,16.964181818181817,17.085123356523926,4.691331898093105,4.797065503284818,4.827877210119074,17.152,16.92914285714286,17.136448048061602,4.770834106913346,4.7453651902614284,4.811697348558151,17.224333333333334,17.100537634408603,17.447305140697555,4.84454048970848,4.784716389851443,4.858747958655964,18.11653846153846,17.29168359941945,18.718329718079154,4.991092680479115,4.8777134213879245,5.010697295177416,8.639156061080332
2024-04-12,sz001379,17.91,18.13,18.59,17.83,146558,264929822.85,4.12,-1.68,-0.31,29.91,5.166009529775669,-0.21396278425975446,17.424,17.858666666666668,17.6640019402493,4.976049729791412,5.1144244525477385,5.037042369075172,16.854,17.240000000000002,17.27510092806503,4.745019425593622,4.883370527227102,4.889355813693,17.1755,17.022285714285715,17.231072043484307,4.786259817085465,4.7830009448197455,4.845441365816962,17.273999999999997,17.15896774193548,17.49134997032997,4.843117319092153,4.805456327920295,4.878571285824977,18.116792452830186,17.322732354996507,18.699040219125738,4.994392998390372,4.888391055031915,5.015789499590474,8.423130849086856
2024-04-15,sz001379,18.51,18.19,19.8,17.8,179860,333762816.11,11.03,0.33,0.06,36.71,5.254934589077441,0.08892505930177119,17.898000000000003,18.113999999999997,17.83933462683287,5.133603854413083,5.207386072309748,5.109673109075929,17.068,17.48290909090909,17.441446213871387,4.810097842193133,4.976082375133252,4.9558246819447165,17.1815,17.118904761904762,17.322398515533422,4.791091136444747,4.827636637390409,4.884440720413198,17.310999999999996,17.218064516129033,17.536424165792553,4.853919213860215,4.832025184048378,4.902852789260621,18.118148148148148,17.35426936026936,18.682350375875714,4.999217842662354,4.901719910815389,5.023630322196603,8.52343795110368
2024-04-16,sz001379,17.2,16.37,17.24,16.37,26381,43742553.28,4.78,-10.01,-1.82,5.38,4.42129125391886,-0.8336433351585804,17.864,17.60466666666667,17.34955641788858,5.077453585136117,4.969948538811674,4.88021249069024,17.081,17.356,17.246637811349316,4.80424209484407,4.905390268174293,4.858636785940015,17.1025,17.04161904761905,17.23169389500643,4.766260215007166,4.792417600959372,4.840331247413737,17.28633333333333,17.15735483870968,17.461170993805936,4.8384125648184275,4.804113702761838,4.871784303109539,18.086363636363636,17.319116883116884,18.60653560945356,4.9887100865033815,4.884561744497656,5.003881500285858,7.64090412948011
2024-04-17,sz001379,14.83,16.03,16.83,14.83,136959,218652963.02,12.22,-2.08,-0.34,27.95,5.13659057636296,0.7152993224440998,17.432000000000002,16.993333333333332,16.909704278592386,5.0717596526340705,4.989660869220622,4.9656718525811465,17.031,17.164909090909095,17.025430936558532,4.867302091502407,4.965817264814091,4.909173838744186,16.985,16.93947619047619,17.11724685738677,4.774067757796379,4.827687159183734,4.868546421599378,17.258,17.076301075268816,17.36883738130233,4.85108050283886,4.823350993829227,4.888868578803308,18.049642857142857,17.27388471177945,18.522059032094425,4.991350809536589,4.89340486140521,5.008232617534287,8.339755366951934
2024-04-18,sz001379,15.75,16.1,16.43,15.39,97281,154783636.01,6.49,0.44,0.07,19.85,4.9880280262815555,-0.1485625500814045,16.964,16.549333333333333,16.639802852394926,4.993370795083297,4.9617503271031165,4.9731239104812826,17.000999999999998,16.995636363636365,16.85717076627516,4.914721896501608,4.987767434773937,4.92351096375098,16.881,16.855190476190476,17.020366204302317,4.7808866766554114,4.848064327610894,4.8799256220453,17.226,17.001591397849463,17.28697690508928,4.851994480301604,4.832186317922305,4.895265962511583,18.01543859649123,17.23340592861464,18.442647260550345,4.991292515093517,4.896667729159566,5.007570171919443,8.18972504442041
2024-04-19,sz001379,15.88,15.38,16.0,15.25,86312,134010699.17,4.66,-4.47,-0.72,17.62,4.936071180089312,-0.051956846192243944,16.414,16.021333333333335,16.219868568263287,4.947383125146025,4.9426504554384545,4.960773000350626,16.919,16.70090909090909,16.58859426331604,4.961716427468719,4.991649122698973,4.925794639448857,16.7405,16.712238095238092,16.86414085151162,4.789748802797041,4.862843804128408,4.885272818049491,17.153666666666666,16.882494623655912,17.163946137019003,4.846372992743627,4.837610621134416,4.897898557194017,17.97,17.170578609000586,18.342232596270005,4.990340423110687,4.898003439360575,5.005225942679111,8.127139473028983
2024-04-22,sz001379,15.37,15.56,15.88,14.58,74326,113503274.16,8.45,1.17,0.18,15.17,4.871140761019395,-0.06493041906991692,15.888,15.736666666666668,15.999912378842193,4.870624359534416,4.917236334062911,4.930895587240215,16.893,16.453818181818185,16.401577124531304,5.00211410697375,4.9751808197081875,4.9158575706435,16.6195,16.599809523809522,16.739936960891466,4.789413958586823,4.870595419197203,4.883926907856148,17.06533333333333,16.77967741935484,17.060465741082293,4.833932062383892,4.839208541668336,4.896172247763396,17.92915254237288,17.116892655367234,18.251011855408695,4.988320089854902,4.897108016749201,5.000829707214858,8.055008389538935
2024-04-23,sz001379,15.36,15.35,15.62,15.23,42828,66111586.5,2.51,-1.35,-0.21,8.74,4.631727794003285,-0.2394129670161096,15.684000000000001,15.557333333333334,15.78327491922813,4.912711667551301,4.837604145552534,4.831172989494572,16.773999999999997,16.173272727272728,16.210381283707427,4.9950826263437085,4.907837853713557,4.864197611254371,16.5195,16.47890476190476,16.607562012235135,4.782590650205334,4.855577689236867,4.8599079446320665,16.986333333333334,16.66901075268817,16.950113112625374,4.820255524609038,4.82616310499862,4.879111315262745,17.886166666666668,17.058961748633884,18.15589671260841,4.982376884924041,4.888407025839499,4.988728005142347,7.82027757918378
2024-04-24,sz001379,15.26,15.64,15.65,15.25,41253,64065114.62,2.61,1.89,0.29,8.42,4.615455536790681,-0.016272257212603947,15.606,15.542666666666666,15.735516612818754,4.808484659636846,4.738518768632328,4.759267171926608,16.519,15.967090909090908,16.10667559576062,4.940122156135458,4.838814746522097,4.818971779533699,16.4725,16.395142857142858,16.51541324916512,4.777196391011579,4.839660059387852,4.836626762932887,16.919333333333334,16.58215053763441,16.865589686004384,4.8112193263721,4.812950202558724,4.862101265038741,17.743,16.985316939890712,18.073408295801578,4.96713311352759,4.87637681770398,4.976489563557046,7.806621607486938
2024-04-25,sz001379,15.68,15.62,15.76,15.4,42829,66932926.99,2.3,-0.13,-0.02,8.74,4.631737934318307,0.01628239752762628,15.510000000000002,15.547333333333334,15.697011075212504,4.737226641244196,4.679603193526147,4.716757426057175,16.237000000000002,15.803636363636365,16.01818912380414,4.865298718163747,4.782744888009888,4.78492926222181,16.425,16.313952380952383,16.43013579686368,4.778315308128425,4.825806873036112,4.8171135411600705,16.847,16.498322580645162,16.785229061100875,4.80232231066348,4.801370757910092,4.847239114669682,17.584833333333336,16.91571038251366,17.992968679545786,4.953675859766004,4.865380254451217,4.965186231450858,7.8256398172014805
2024-04-26,sz001379,15.63,15.46,15.66,15.3,55236,85444507.9,2.3,-1.02,-0.16,11.27,4.742222220941599,0.1104842866232918,15.526,15.530666666666667,15.618007383475003,4.698456849414653,4.681268386758616,4.7252456910186496,15.969999999999999,15.662363636363635,15.916700192203388,4.82291998728034,4.760367343060408,4.777164345625407,16.412,16.22204761904762,16.33774191144809,4.78396970643698,4.822369436161176,4.809981034472597,16.773666666666667,16.40883870967742,16.699730411997592,4.79847987381709,4.797493332766746,4.840463831203354,17.448666666666668,16.846043715846996,17.909920526118054,4.941410047153151,4.8584473482602535,4.957875936024324,7.9316841528919975
2024-04-29,sz001379,15.47,15.89,15.99,15.41,68507,107761976.75,3.75,2.78,0.43,13.98,4.83573494968297,0.09351272874137084,15.592000000000002,15.652000000000003,15.708671588983337,4.691375687147368,4.727027753514721,4.762075443906756,15.74,15.64781818181818,15.91184561180277,4.7810000233408925,4.762697336224522,4.787813546363146,16.404000000000003,16.172333333333334,16.29509982464351,4.795548932767012,4.8272994593274605,4.8124337883021555,16.701,16.351827956989247,16.64748974025581,4.787727432076796,4.799896886048415,4.840158742073007,17.346,16.794939890710385,17.84369362362238,4.93192897284827,4.854982590966148,4.953871313521329,8.032465549342092
2024-04-30,sz001379,15.85,15.58,15.89,15.46,52806,82515510.47,2.71,-1.95,-0.31,10.78,4.722683271375625,-0.11305167830734497,15.638,15.648,15.665781059322226,4.709566782621836,4.73746361492414,4.748944719729712,15.661000000000001,15.618727272727272,15.851510046020447,4.811139225086569,4.752094290412655,4.775971678183596,16.371000000000002,16.093857142857143,16.226995079439366,4.807690659965319,4.8203598725282815,4.803886120023439,16.622,16.279505376344087,16.578619434432856,4.781219885033633,4.795700488583824,4.83257967944737,17.2515,16.737038251366123,17.769474160552793,4.921535488613012,4.848122076163767,4.946291377713273,7.91653559071233
2024-05-06,sz001379,15.78,16.26,16.28,15.76,74333,119470510.76,3.34,4.36,0.68,15.17,4.871181660815244,0.14849838943961924,15.762,15.855333333333334,15.863854039548151,4.760712007426749,4.79133524098861,4.789690366758223,15.684000000000001,15.727636363636366,15.925780946744002,4.784598333531797,4.763011096908778,4.793282584116622,16.3575,16.08328571428572,16.230138405207047,4.825950212517102,4.8264066345139875,4.810295219146468,16.551333333333336,16.25615053763441,16.5580633418888,4.777577949708185,4.801504474118121,4.835070129858201,17.132833333333334,16.704530054644806,17.719983204469095,4.911962454134925,4.84647113099007,4.9438287640444845,8.077260720391495
2024-05-07,sz001379,16.27,16.24,16.34,16.03,49669,80320052.66,1.91,-0.12,-0.02,10.14,4.696085416309825,-0.17509624450541939,15.886000000000001,16.014666666666667,15.989236026365434,4.773581503825053,4.769793043949634,4.758488716608758,15.698000000000002,15.828727272727274,15.982911683699637,4.755404072534624,4.746917839232056,4.7756103717881135,16.3495,16.07209523809524,16.231077604711135,4.835062984518116,4.814038558684723,4.7994180950667875,16.486666666666668,16.23606451612903,16.537543126283072,4.772392475281815,4.796246891318226,4.8261033741454025,16.974833333333333,16.675256830601093,17.671459164978305,4.917039177003005,4.839393195323672,4.935706031331872,7.904823984536252
2024-05-08,sz001379,16.24,16.3,16.53,16.09,64282,104615585.8,2.71,0.37,0.06,13.12,4.808089380466097,0.11200396415627178,16.054000000000002,16.152666666666665,16.09282401757696,4.786754935729952,4.781295669496649,4.775022271227871,15.790000000000001,15.93818181818182,16.040564104845156,4.7426058925723025,4.756496986128687,4.781515646093201,16.3545,16.067380952380955,16.237641642357694,4.852161160020511,4.811469644013103,4.800243931771483,16.42366666666667,16.224021505376346,16.522217763297068,4.774034499388795,4.79854991745915,4.824941181004803,16.860666666666667,16.653131147540986,17.62649329071672,4.9069357837205985,4.835821070847053,4.93152187884447,8.019596391249186
2024-05-09,sz001379,16.19,16.52,16.64,16.16,62723,103104333.18,2.94,1.35,0.22,12.8,4.7974268221937155,-0.010662558272381162,16.18,16.308,16.235216011717974,4.779093310232101,4.7848529649845695,4.782490454883153,15.886000000000001,16.070909090909094,16.12773426760058,4.735234498689735,4.766464427878034,4.784408587202385,16.3895,16.083142857142857,16.264532914514103,4.868674302831742,4.8062568499343605,4.7999756356212195,16.375,16.230236559139787,16.52207468179403,4.771354138621127,4.800059099575594,4.8231660610815075,16.788666666666664,16.64196174863388,17.590214822168633,4.900915013719781,4.832230613092073,4.927125319610019,8.01327691782103
2024-05-10,sz001379,16.55,16.21,16.74,16.13,61737,101308280.72,3.69,-1.88,-0.31,12.6,4.7905455218888555,-0.006881300304860005,16.306,16.318,16.22681067447865,4.792665760334748,4.7886703688701555,4.785175477218387,15.972000000000003,16.12981818181818,16.142691673491385,4.751116271478292,4.776520977550602,4.785524393509016,16.372999999999998,16.066047619047623,16.259339303607998,4.873099448911001,4.798816013654085,4.79907752955147,16.337,16.219591397849463,16.501940831355707,4.772099190629652,4.801297253334804,4.821061510165853,16.746166666666667,16.62298907103825,17.544961877179496,4.893480096872933,4.828611941228764,4.922647293455226,8.005644945103839
2024-05-13,sz001379,15.92,15.58,16.05,15.53,52277,82225831.57,3.21,-3.89,-0.63,10.67,4.718310656933965,-0.07223486495489073,16.169999999999998,16.076,16.0112071163191,4.762091559558491,4.763885334403227,4.762887203790247,15.966,16.058545454545456,16.04038409649295,4.76140178349262,4.770556320360724,4.773303714131734,16.2425,15.990523809523808,16.194640322311997,4.850761969814039,4.784074223941987,4.791385446445041,16.30366666666667,16.170752688172044,16.442460777719855,4.771931521838593,4.797827025354437,4.814432422860571,16.720833333333335,16.584754098360655,17.48053689759984,4.885297961134819,4.822868680902896,4.91594773160207,7.915008274303505
2024-05-14,sz001379,15.59,15.89,15.96,15.59,34868,55272830.2,2.37,1.99,0.31,7.12,4.542427037313628,-0.17588361962033705,16.1,15.982666666666667,15.970804744212733,4.731359883759252,4.690663826988272,4.689400481631374,15.993,16.044727272727272,16.01304153349423,4.752470693792152,4.730742730146361,4.731326136528441,16.115000000000002,15.956952380952384,16.16562695828228,4.808884705977949,4.7547089922752805,4.767675121765858,16.281,16.14406451612903,16.40681814689922,4.769700436683001,4.783020284417342,4.796883688309156,16.729166666666668,16.557513661202186,17.42838814685886,4.876563828194144,4.811627011269415,4.903701151461465,7.74251170284437
2024-05-15,sz001379,15.89,15.8,16.1,15.72,35288,56194619.1,2.39,-0.57,-0.09,7.2,4.547627044770351,0.005200007456723554,16.0,15.882666666666667,15.913869829475157,4.679267416620103,4.629419547325306,4.642142669344366,16.027,16.009636363636364,15.974306709222553,4.733011176175028,4.693498430324216,4.697926301663333,15.998500000000002,15.92695238095238,16.13080534320778,4.777965581727683,4.7298273102555095,4.746718162052001,16.28366666666667,16.113032258064518,16.367668589034754,4.766983529682997,4.7686929688100745,4.780802614532458,16.723,16.527049180327868,17.374998371552014,4.865529547706825,4.800842198698142,4.892026590586346,7.749694731813572
2024-05-16,sz001379,15.82,15.6,15.96,15.58,33944,53344948.45,2.41,-1.27,-0.2,6.93,4.5307630187585595,-0.01686402601179182,15.815999999999999,15.749333333333334,15.809246552983439,4.625934655933071,4.579918081371458,4.605016119149098,15.998000000000001,15.932000000000002,15.90625094390936,4.702513983082587,4.656726038066677,4.667532977498828,15.869,15.888999999999998,16.080252453378467,4.74175700321174,4.706284209020355,4.726151005547863,16.268666666666668,16.068924731182797,16.318141583290576,4.764537282872204,4.753452935847207,4.764671027708336,16.7405,16.49022950819672,17.316801703632276,4.855333687936144,4.789866246929347,4.880181883313304,7.727093299783701
2024-05-17,sz001379,15.61,15.95,15.95,15.53,37213,58728367.5,2.69,2.24,0.35,7.59,4.570694682946206,0.039931664187646376,15.764000000000001,15.794,15.856164368655627,4.581964488144541,4.561504757042503,4.593575640414801,16.035,15.923272727272726,15.91420531774402,4.687315124239644,4.632758892587335,4.6499260148528965,15.847999999999999,15.896714285714287,16.067847457818615,4.7492271746631065,4.689992559471257,4.711345641490563,16.259,16.048365591397847,16.294390513400863,4.767565481390094,4.740946961658432,4.752156424820456,16.755666666666666,16.464311475409836,17.271988533021382,4.848346652834077,4.7805338205362355,4.870034761989792,7.768847928723161
2024-05-20,sz001379,15.91,16.01,16.08,15.91,32289,51660337.0,1.07,0.38,0.06,6.59,4.509054594995268,-0.06164008795093778,15.85,15.876,15.907442912437087,4.540113275756803,4.537201459326078,4.56540195860829,16.009999999999998,15.918727272727272,15.931622532699652,4.651102417657647,4.600347887270176,4.624313029424236,15.847000000000003,15.912142857142857,16.062338176121607,4.717850375594722,4.667118980455272,4.69207982753863,16.241666666666667,16.03230107526882,16.276042738342742,4.767667614230618,4.724268839955542,4.736472435799477,16.764166666666668,16.43986338797814,17.230611859807567,4.838873553009475,4.769409490771028,4.858199346678496,7.713157234914399
2024-05-21,sz001379,15.98,16.04,16.08,15.83,31629,50516494.6,1.56,0.19,0.03,6.46,4.5000854612376555,-0.008969133757612546,15.88,15.939333333333332,15.951628608291392,4.531644960541608,4.523858854486362,4.543629792818079,15.989999999999998,15.924181818181818,15.951327526754259,4.63150242215043,4.572890258830177,4.601726198844858,15.844,15.930523809523809,16.060210730776692,4.693453247342527,4.646379464802218,4.67379464979568,16.229666666666667,16.019290322580645,16.260814174578694,4.7672094637288875,4.707005475246318,4.721221663247102,16.765166666666666,16.416120218579234,17.191575405387646,4.830127873401124,4.758301684483427,4.846457907811582,7.703433206715134
2024-05-22,sz001379,16.04,16.28,16.33,15.93,45149,72450620.4,2.49,1.5,0.24,9.21,4.654648135617599,0.1545626743799433,15.975999999999999,16.072666666666667,16.06108573886093,4.553049178711058,4.564859912845026,4.580635907084586,15.988,15.976909090909091,16.011086158253484,4.61615829766558,4.577098570369662,4.611348369167175,15.889000000000001,15.972047619047617,16.08114304213129,4.679382095118941,4.642683739876034,4.671971172254911,16.232333333333333,16.0225376344086,16.262051969767167,4.773493539235534,4.699743454077847,4.716926596948424,16.766833333333334,16.4002131147541,17.161687687178212,4.822553690537913,4.752548250457738,4.840169062821616,7.860042108718759
2024-05-23,sz001379,16.22,16.22,16.5,16.08,66516,107682796.74,2.58,-0.37,-0.06,13.58,4.8229261246400865,0.1682779890224877,16.1,16.154,16.11405715924062,4.611481799887363,4.65481889482137,4.66139931293642,15.957999999999998,16.01909090909091,16.049070493116485,4.618708227910217,4.614692720728663,4.649817051980431,15.922,16.00357142857143,16.094367514309262,4.676971363299976,4.656354599830429,4.686347834386832,16.24566666666667,16.021741935483874,16.25933893945961,4.785352277857901,4.702932653136206,4.723765276154338,16.761666666666667,16.382284153005465,17.13081268104122,4.819536315364375,4.752560461411907,4.8396037205861555,8.032146326532356
2024-05-24,sz001379,16.03,15.73,16.23,15.65,49262,77569912.35,3.58,-3.02,-0.49,10.05,4.692512039889027,-0.13041408475105953,16.056,16.03066666666667,15.986038106160414,4.635845271275928,4.681828974821924,4.671770221920623,15.91,15.977636363636364,15.991057676186216,4.608904879710235,4.628111595633901,4.657579777054721,15.940999999999999,15.98528571428571,16.05966584627981,4.680010575594263,4.657834664267481,4.6869349015775175,16.218666666666667,15.98847311827957,16.225188040139635,4.785034592510745,4.69694296036402,4.721748938330769,16.720833333333335,16.34845901639344,17.084884396416914,4.8140310452062325,4.748395731068453,4.834781042530512,7.889693300714098
2024-05-27,sz001379,15.73,15.78,15.78,15.3,33216,51235817.4,3.05,0.32,0.05,6.78,4.521347331832345,-0.17116470805668182,16.009999999999998,15.938666666666666,15.917358737440278,4.638303818643342,4.643662995007397,4.6216292585578636,15.930000000000001,15.954,15.952683553243267,4.589208547200073,4.612192041474285,4.632810241559744,15.947999999999999,15.969952380952382,16.03303100377697,4.675305165346346,4.642723879147299,4.671164656839881,16.138333333333332,15.960172043010752,16.19646623109837,4.7635774956093835,4.679930879029929,4.708819802427645,16.680833333333332,16.317612021857922,17.042101301452426,4.800482221064939,4.73879954374472,4.8245045274256535,7.709573669194398
2024-05-28,sz001379,15.73,15.47,15.73,15.44,25977,40012321.42,1.84,-1.96,-0.31,5.3,4.41458899436304,-0.10675833746930508,15.895999999999997,15.758666666666667,15.76823915829352,4.6212045252684195,4.569091386913962,4.552615837159589,15.888,15.870363636363637,15.864922907199036,4.576424742905013,4.580443031867552,4.5931336511603424,15.9405,15.924428571428574,15.979409003417258,4.664447718348583,4.6178937676250795,4.646728879461134,16.039333333333335,15.917053763440858,16.149597441995247,4.731398051620304,4.657415491852746,4.689837169649284,16.631833333333333,16.27791256830601,16.99055699648677,4.787969270664392,4.726147306803673,4.811064673882616,7.602193748845869
2024-05-29,sz001379,15.33,15.61,15.89,15.33,29873,46380158.81,3.62,0.9,0.14,6.1,4.475278838875384,0.060689844512343605,15.762,15.663333333333332,15.715492772195681,4.585330665919976,4.520449491449616,4.526836837731521,15.869,15.819818181818182,15.8185732877083,4.569189922315517,4.562052867498528,4.571705503472168,15.948000000000002,15.892952380952377,15.944227193567995,4.651100549245273,4.599877683865727,4.630400304167253,15.955333333333334,15.88935483870968,16.114784703802005,4.708373695256962,4.6408916716756545,4.675994696696129,16.61466666666667,16.244409836065575,16.945292832667533,4.775745507174557,4.715895161499115,4.8000553022430354,7.666332231369424
2024-05-30,sz001379,15.5,15.37,15.59,15.36,23643,36184806.0,1.47,-1.54,-0.24,4.83,4.373702582225395,-0.10157625664998893,15.591999999999999,15.532666666666666,15.600328514797122,4.4954859574370385,4.449906796884757,4.4757920858961455,15.845999999999998,15.729090909090907,15.737014508124972,4.553483878662201,4.526509714754869,4.535704972336391,15.922000000000002,15.837904761904765,15.889538889418661,4.627998930872393,4.573458829863834,4.6059529020775525,15.861333333333334,15.851591397849463,16.066734077750265,4.67899929502856,4.6192999869639415,4.656491979633501,16.586166666666667,16.203601092896175,16.89364388733417,4.766459254444388,4.70271342625488,4.786076524537539,7.558526248556508
2024-05-31,sz001379,15.45,15.72,15.83,15.39,37049,57589227.07,2.86,2.28,0.35,7.56,4.56877649030879,0.19507390808339498,15.589999999999998,15.575333333333333,15.640219009864749,4.470738847520991,4.474336974508674,4.506786887367027,15.822999999999999,15.706181818181816,15.733920961193157,4.5532920593984585,4.529290189599704,4.5417179756041,15.928999999999998,15.818666666666669,15.873392328521645,4.620303591819051,4.567818597429205,4.602412291432908,15.839666666666666,15.842473118279568,16.04436413725025,4.683915469574891,4.612188838272342,4.650832915806101,16.563000000000002,16.17520218579235,16.85516375988059,4.761164017196659,4.696232024152075,4.778951933251351,7.760341249714373
2024-06-03,sz001379,15.65,15.33,15.84,15.14,41548,63778756.81,4.45,-2.48,-0.39,8.48,4.618550122948791,0.0497736326400009,15.5,15.488666666666667,15.536812673243167,4.49017940574428,4.523607399651273,4.544041299227615,15.755,15.616545454545456,15.660480786430764,4.564241612193811,4.541155292063401,4.555687456939498,15.882499999999999,15.761619047619046,15.821640678186249,4.607672014925729,4.567651600393942,4.603949227767754,15.816333333333334,15.809591397849461,15.998276128395394,4.666647454461086,4.6079717191351754,4.648750154976597,16.537166666666668,16.13477595628415,16.805158390704175,4.758863978649973,4.691556158766899,4.773692857503726,7.804676049622855
2024-06-04,sz001379,15.3,15.0,15.31,14.65,41071,60566771.9,4.31,-2.15,-0.33,8.38,4.613535277219241,-0.005014845729549577,15.406,15.322,15.357875115495446,4.52996866231552,4.56472602347626,4.567205958558157,15.651,15.479272727272727,15.540393370716078,4.57558659379197,4.550117776613479,4.566205242444905,15.8205,15.677571428571428,15.743389185025654,4.6035445079712,4.568210006326657,4.604862184858372,15.779666666666666,15.756924731182792,15.933871216886015,4.654164362825674,4.604545127055056,4.646478227379348,16.50283333333333,16.08437704918033,16.745972869697482,4.75307942156364,4.6867912833101535,4.768441789297677,7.782234427165416
2024-06-05,sz001379,14.98,15.14,15.55,14.81,37657,56927173.56,4.93,0.93,0.14,7.69,4.575845718353445,-0.037689558865795725,15.312000000000001,15.233333333333333,15.285250076996965,4.550082038211133,4.580018375488903,4.57008587848992,15.537,15.386363636363637,15.467594576040426,4.567706352065555,4.5501648901701115,4.567958056246457,15.7625,15.612761904761904,15.685923548356545,4.591932324865567,4.565572026363062,4.602098711857902,15.771666666666668,15.715655913978495,15.882653719022402,4.642156847434479,4.5994923112826545,4.641921291313161,16.462666666666667,16.03969398907104,16.693318021510677,4.744264920089053,4.680980342221294,4.762127164020817,7.755319621581302
2024-06-06,sz001379,14.96,14.43,15.22,14.42,41610,60756284.58,5.28,-4.69,-0.71,8.49,4.619197715792947,0.04335199743950202,15.124,14.939333333333334,15.000166717997978,4.599181064924643,4.603056934682841,4.586456490924263,15.357999999999999,15.18509090909091,15.278941016760347,4.54733351118084,4.559526956302364,4.577274357982183,15.658000000000001,15.485857142857142,15.566311781846398,4.583020869545529,4.568168730260908,4.603727188423145,15.734000000000002,15.629096774193549,15.788934124246765,4.63375874592693,4.5980110769832,4.640455254182825,16.39966666666667,15.973049180327868,16.619110873264425,4.733845404155411,4.676879778146013,4.75744095260351,7.783591207657163
2024-06-07,sz001379,14.46,14.68,14.77,14.37,25027,36215704.64,2.77,1.73,0.25,5.11,4.398408793614165,-0.220788922178782,14.916,14.791333333333334,14.89344447866532,4.565107525585718,4.536132844246015,4.523773925154231,15.253,15.061818181818184,15.170042650076645,4.517923186553354,4.532449734926605,4.544753346278907,15.5815,15.392714285714284,15.481901135956264,4.563414033131794,4.550586627791254,4.584173055584194,15.711666666666666,15.561096774193548,15.717389987198588,4.62598144591396,4.582827209092054,4.624839353500977,16.349,15.916666666666666,16.555533467583622,4.723118485261499,4.665881856488923,4.745669406407138,7.558896939579165
2024-06-11,sz001379,14.69,14.74,14.76,14.28,22711,32631521.7,3.27,0.41,0.06,4.64,4.356236257289767,-0.0421725363243981,14.798000000000002,14.732666666666667,14.842296319110215,4.512644752453913,4.466509088147364,4.467928035866077,15.149000000000001,14.968545454545454,15.091853077335436,4.5014120790990955,4.503052111424135,4.510477511917244,15.539499999999999,15.312571428571431,15.41124388491281,4.545310313149584,4.530855411044395,4.562464789079963,15.681666666666667,15.498408602150539,15.654332568669648,4.61734080326393,4.565424293696945,4.60751012148735,16.3005,15.863912568306013,16.49600778012186,4.714280064818015,4.653852930981652,4.732901106436076,7.513637326638131
2024-06-12,sz001379,14.63,14.91,14.96,14.56,22935,33816722.51,2.71,1.15,0.17,4.68,4.360498744468002,0.004262487178234409,14.780000000000001,14.770000000000001,14.864864212740144,4.462037445903666,4.4157937521520605,4.4321182720667185,15.093,14.925090909090907,15.058788881456264,4.496003054109592,4.477431505127572,4.483208645108291,15.4905,15.252619047619046,15.363506372063972,4.536213898507304,4.5132543092651956,4.543229927688348,15.658,15.44862365591398,15.606311112626447,4.608299496935587,4.548853838290755,4.591573903615135,16.2525,15.818322404371582,16.444007525035897,4.705310903799532,4.642253543429192,4.720691192928926,7.529131513823625
2024-06-13,sz001379,14.91,14.9,15.05,14.84,23751,35190178.09,1.41,-0.07,-0.01,4.85,4.375681899659375,0.015183155191373032,14.732,14.809999999999999,14.876576141826764,4.422004682164852,4.3870085700706305,4.413306147930937,15.022,14.89,15.029918175736942,4.486043360187992,4.455554931591169,4.463658327753942,15.4455,15.196380952380954,15.31936290805788,4.527616641251755,4.497965547470155,4.527272972637969,15.639333333333333,15.399720430107529,15.560742653747322,4.596081486226179,4.53384625136971,4.577645387230892,16.206500000000002,15.7739781420765,16.393384327493735,4.697280680021635,4.631446035096729,4.709379412821727,7.546421464712673
2024-06-14,sz001379,14.85,14.87,14.93,14.71,18965,27843334.8,1.48,-0.2,-0.03,3.87,4.27795284703881,-0.09772905262056497,14.819999999999999,14.856,14.874384094551175,4.353755708414023,4.338991291695284,4.368188380966895,14.972,14.862363636363638,15.00084214378477,4.4764683866693336,4.417720292836772,4.429893694896645,15.409,15.141571428571428,15.276566440623796,4.514976132665767,4.474188043259399,4.503528198771383,15.605333333333332,15.350086021505378,15.516178611570076,4.577488749471373,4.5133218230350405,4.5583103846378545,16.153166666666667,15.730158469945355,16.343437300362794,4.682608090774085,4.617697581556308,4.6952342795173685,7.444721249562955
2024-06-17,sz001379,14.92,14.82,14.96,14.76,18421,27155440.85,1.34,-0.34,-0.05,3.76,4.265313202554297,-0.012639644484512935,14.848000000000003,14.856,14.856256063034117,4.32713659020205,4.309510456408708,4.3338966548293625,14.882,14.834727272727275,14.96796175400572,4.446122057893884,4.379328441179493,4.399969969016218,15.352500000000001,15.085476190476191,15.233083922469149,4.499707058646171,4.45041062134402,4.480841056274517,15.58,15.299419354838708,15.471263862436524,4.562243080510663,4.493181465169423,4.539407340632464,16.101,15.686448087431694,16.293488536416472,4.671731482772148,4.604015781942544,4.681138506502185,7.433856857659607
2024-06-18,sz001379,14.88,15.01,15.06,14.88,22262,33096734.78,1.21,1.28,0.19,4.54,4.347564178414951,0.08225097586065377,14.902000000000001,14.909999999999998,14.907504042022744,4.3254021744270865,4.316319652479675,4.3384524960245585,14.85,14.858,14.975605071459224,4.4190234634405,4.361408826728777,4.390441643452351,15.302499999999998,15.05285714285714,15.211837834614943,4.491632537817155,4.435920823226761,4.4681480202878925,15.538333333333332,15.26264516129032,15.441504903569653,4.544789164430653,4.479331213421314,4.527030362424883,16.044833333333333,15.650677595628414,16.251406945058555,4.6611835570694184,4.5933873457341114,4.67020164328621,7.519785149758289
2024-06-19,sz001379,15.04,14.83,15.08,14.81,18237,26976793.0,1.8,-1.2,-0.18,3.72,4.260953398104103,-0.08661078031084735,14.886000000000001,14.886,14.881669361348496,4.305493105154307,4.294836727038681,4.312619463384407,14.832999999999998,14.854363636363637,14.949131422103001,4.383765275528987,4.332668814849432,4.3668983261163055,15.242,15.007857142857146,15.175472326556378,4.479675934660478,4.413951381349327,4.448415199127532,15.491333333333333,15.216946236559139,15.402052974307097,4.530284763823795,4.46101922849702,4.509864106662252,15.989,15.610846994535521,16.20480343866319,4.6513386195528055,4.580265045440166,4.656783668034337,7.430990319494998
2024-06-20,sz001379,14.83,14.4,14.86,14.37,21948,31655514.0,3.3,-2.9,-0.43,4.48,4.341394951524042,0.08044155341993875,14.785999999999998,14.723999999999998,14.721112907565665,4.29863571552724,4.306804009161925,4.322211292764285,14.759,14.775636363636362,14.849289345357,4.360320198846045,4.324965119575807,4.362261348917712,15.148,14.927666666666667,15.101617819265295,4.4640132754558,4.400781763907762,4.438222794593866,15.427999999999999,15.1465376344086,15.337404395319544,4.514728282859061,4.44883278899381,4.4989951289114,15.925833333333333,15.558748633879784,16.145629555428332,4.644381391123927,4.570102957963814,4.6464430543782616,7.500449369683469
2024-06-21,sz001379,14.38,14.33,14.5,14.18,12903,18366865.0,2.22,-0.49,-0.07,2.63,4.110690697273754,-0.23070425425028773,14.678,14.572000000000001,14.59074193837711,4.2651832855742295,4.244155669744097,4.2517044276007745,14.749,14.697636363636366,14.754873100746636,4.309469496994127,4.279577937471753,4.316521230436992,15.0535,14.849761904761904,15.028130407906694,4.428401504087484,4.367131994557091,4.40702926151576,15.354999999999999,15.07569892473118,15.272410563363444,4.491837078695061,4.422765847988307,4.473943230096069,15.865000000000002,15.506426229508197,16.086100717545435,4.631595608658094,4.552604902427743,4.628877403325655,7.2640350338566515
2024-06-24,sz001379,14.29,13.51,14.29,13.25,35678,48216248.85,7.26,-5.72,-0.82,7.28,4.552400501160684,0.4417098038869298,14.416,14.182666666666668,14.23049462558474,4.322600745295507,4.339894741606248,4.351936452120745,14.632,14.472363636363637,14.52853253697452,4.324868667748778,4.323747210956582,4.3594083705685716,14.9425,14.702761904761902,14.88354655953463,4.4213959271510666,4.378941422849778,4.420874141481943,15.265000000000002,14.956666666666665,15.158706656049674,4.483898911337456,4.426673165566734,4.479004989519592,15.801,15.429213114754099,16.001638398937388,4.627999050983555,4.550008341526188,4.62636996391041,7.683193419912961
2024-06-25,sz001379,13.51,13.69,13.92,13.43,21114,28688804.49,3.63,1.33,0.18,4.31,4.324570517218835,-0.22782998394184872,14.152000000000001,13.940666666666667,14.050329750389826,4.318002013056284,4.340551332247357,4.342814473820108,14.526999999999997,14.30109090909091,14.376072075706425,4.321702093741686,4.323693001769319,4.353074215414074,14.838000000000003,14.583476190476192,14.769875458626569,4.411557086420391,4.3697199552371835,4.4117023677426,15.202,14.85505376344086,15.063951387917438,4.470774240013619,4.416393914333274,4.469041475177608,15.752833333333333,15.36,15.925846976021408,4.621352880926106,4.540059865009312,4.616474900084456,7.457712450852693
2024-06-26,sz001379,13.81,13.99,13.99,13.56,19248,26374580.49,3.14,2.19,0.3,3.93,4.28438560999577,-0.04018490722306556,13.984,13.886666666666667,14.030219833593218,4.322688455434617,4.32934586456052,4.323338185878662,14.434999999999999,14.203454545454544,14.305877152850712,4.314090780294462,4.31690818654279,4.340585378065291,14.764,14.502714285714287,14.695601605424038,4.405046917202027,4.357608386053887,4.399576962242902,15.138666666666666,14.776860215053762,14.994664201600184,4.462172859103022,4.404368841428897,4.457128193552974,15.709833333333334,15.302202185792352,15.862376583364968,4.615936647893012,4.529011757765695,4.605586726638926,7.4211855605397945
2024-06-27,sz001379,14.0,13.85,14.39,13.84,25968,36160472.4,3.93,-1.0,-0.14,5.3,4.414438502482157,0.13005289248638707,13.874,13.842,13.970146555728814,4.337297165626239,4.359929213576366,4.3537049580798275,14.330000000000002,14.097090909090907,14.222990397786946,4.317966440576741,4.335153226940553,4.354013218868357,14.675999999999998,14.415666666666667,14.615068119193177,4.402004900382366,4.358502822747232,4.400992347027593,15.073666666666666,14.693720430107529,14.92081489827114,4.45773324102675,4.401289205517873,4.454374019935502,15.678666666666667,15.241224043715846,15.796397023254642,4.612358385354872,4.522405261194847,4.59931957174854,7.558234095458556
2024-06-28,sz001379,13.81,13.87,14.16,13.71,20513,28402926.5,3.25,0.14,0.02,4.19,4.312029180025536,-0.10240932245662115,13.782,13.840666666666666,13.936764370485877,4.377564862176596,4.351506551709464,4.3398130320617305,14.23,14.013454545454545,14.158810325462046,4.321374073875413,4.334073725022152,4.346379757260571,14.600999999999999,14.338904761904764,14.54410925069859,4.398921230272373,4.349933706522772,4.3925196644559685,15.016,14.616064516129034,14.85302038870526,4.450442113068982,4.391888943517795,4.445190481876795,15.642333333333333,15.18192349726776,15.733236465115144,4.607489697970593,4.512558402003721,4.589900214642867,7.453363089952746
2024-07-01,sz001379,13.8,14.03,14.06,13.69,20938,28803763.32,2.67,1.15,0.16,4.27,4.3209351954685955,0.0089060154430598,13.886000000000001,13.92333333333333,13.967842913657252,4.331271801038179,4.332629996140131,4.333520419864019,14.151,13.97709090909091,14.135390266287127,4.326936273166842,4.333993928948185,4.341753473298394,14.516499999999999,14.284523809523812,14.495146464917772,4.386529165530364,4.342506465112889,4.385702095980981,14.952,14.552451612903223,14.799922299111373,4.442116796819729,4.383533658511318,4.4371740117859435,15.605500000000001,15.129060109289616,15.67739264658678,4.604841139104911,4.503163172413492,4.581081689424038,7.459449233673656
2024-07-02,sz001379,14.01,13.89,14.09,13.79,16275,22444360.39,2.14,-1.0,-0.14,3.32,4.211520997240229,-0.10941419822836629,13.925999999999998,13.924666666666667,13.941895275771504,4.308661897042457,4.292713061540814,4.2928539456560895,14.038999999999998,13.929636363636362,14.090773854234921,4.313331955049371,4.313009333325164,4.318074841287818,14.444500000000001,14.224857142857145,14.437513468258937,4.366177709244935,4.325839020513828,4.369113419910433,14.881333333333334,14.483935483870965,14.741217634652575,4.432199010227893,4.368656510151351,4.422615752782995,15.561499999999999,15.072814207650273,15.61878960899377,4.599933312229255,4.490267430057273,4.568964945418012,7.351107233571419
2024-07-03,sz001379,13.97,13.59,13.97,13.56,16400,22240967.9,2.95,-2.16,-0.3,3.35,4.214843848047698,0.003322850807468747,13.846,13.812666666666667,13.824596850514336,4.294753544652844,4.261440378542561,4.266850579786626,13.915000000000001,13.847999999999999,13.999724062555844,4.30872100004373,4.2951024047794055,4.299305569789614,14.374,14.143476190476191,14.356797899853323,4.346243137786358,4.311426271828377,4.354421079733029,14.799666666666667,14.40062365591398,14.66694552919112,4.422690956454896,4.354633596462305,4.409211113767815,15.514666666666667,15.00817486338798,15.552271916895613,4.594950210091892,4.477641545985746,4.557354417635378,7.347153683291417
2024-07-04,sz001379,13.57,13.28,13.7,13.27,16519,21921724.85,3.16,-2.28,-0.31,3.37,4.217983753176437,0.0031399051287390733,13.732,13.623999999999997,13.643064567009558,4.2554625947917,4.235850448050426,4.25056163758323,13.803,13.732545454545454,13.868865142091144,4.29637988020897,4.2786047235308065,4.284519784950854,14.281,14.039285714285715,14.25424571891491,4.328350039527508,4.299211092341718,4.341427048632402,14.699666666666667,14.30258064516129,14.577465172469113,4.40813547704019,4.34142668012176,4.396873864697404,15.466000000000001,14.934907103825138,15.47777119830887,4.5908145081378615,4.465281990021305,4.546227510603937,7.340874722411154
2024-07-05,sz001379,13.31,13.35,13.48,13.09,10992,14467746.79,2.94,0.53,0.07,2.24,4.041076719715475,-0.17690703346096193,13.628,13.496666666666666,13.545376378006372,4.201272102729687,4.164388489691685,4.180733331627312,13.704999999999998,13.650181818181817,13.7745260253473,4.289418482453142,4.232185967077443,4.240257409453512,14.226999999999999,13.950619047619048,14.168127079018252,4.299443989723634,4.271851728550096,4.312822255402218,14.604000000000001,14.215505376344087,14.498273871019494,4.382073830209369,4.317745469971778,4.373919210182441,15.424833333333334,14.86553005464481,15.408008208200384,4.583713054033635,4.447257800236964,4.529665189591201,7.160400899269284
2024-07-08,sz001379,13.41,12.83,13.41,12.78,19235,24675603.0,4.72,-3.9,-0.52,3.93,4.284092190642834,0.2430154709273591,13.388,13.230666666666668,13.306917585337583,4.1939035017645345,4.1919951856627335,4.215186284632487,13.637,13.491090909090909,13.602794020738699,4.262587651401356,4.2312175503846605,4.248227369669752,14.1345,13.817571428571428,14.040686404826037,4.293728159575068,4.270389652447161,4.3100860587584675,14.507333333333332,14.10105376344086,14.390643298695657,4.368459835234497,4.311424073870711,4.368123918599242,15.363000000000001,14.780453551912572,15.323483348915124,4.576747213872621,4.437434165371693,4.5216136158551885,7.392267774365901
2024-07-09,sz001379,12.78,12.89,12.95,12.33,23768,29796082.06,4.83,0.47,0.06,4.85,4.375992638795608,0.09190044815277343,13.187999999999999,13.064666666666664,13.167945056891723,4.22679783007561,4.252691564673091,4.2687884026868606,13.556999999999999,13.355272727272727,13.473195107877117,4.267729863559034,4.251836639001797,4.271457418601726,14.042000000000002,13.699047619047622,13.931097223414033,4.294715978650359,4.27822436475388,4.316362875904861,14.411000000000001,13.996709677419355,14.293827602005615,4.363614678799938,4.311910061197235,4.36863157796675,15.274666666666667,14.699371584699454,15.24369700960643,4.563596087204661,4.430852048156053,4.5168391575909395,7.474159161674015
2024-07-10,sz001379,12.83,12.71,12.93,12.69,14750,18703952.2,1.86,-1.4,-0.18,3.01,4.168792020314182,-0.20720061848142546,13.012,12.905333333333335,13.015296704594483,4.217587464528907,4.233356294752615,4.235456275229302,13.428999999999998,13.201272727272729,13.334432360990368,4.256170504590875,4.233847940230006,4.2527909825494445,13.931999999999999,13.572190476190473,13.814802249755555,4.2851306424426685,4.266231606817101,4.302308508705749,14.318999999999999,13.886967741935486,14.19164517606977,4.355421446331643,4.29934085742396,4.355738703279488,15.179166666666669,14.615284153005462,15.160624976504579,4.543409748975974,4.417907652520299,4.505427776040881,7.271933383932032
2024-07-11,sz001379,12.92,13.5,13.83,12.88,43893,57987590.02,7.47,6.22,0.79,8.96,4.642395265030891,0.4736032447167089,13.056000000000001,13.068000000000001,13.176864469729656,4.302469766899798,4.374958894919943,4.371102605163165,13.394,13.214181818181817,13.364535568083028,4.278966180845748,4.304070623946372,4.323628124818798,13.862,13.531047619047618,13.78482108311217,4.298466310711245,4.300256808968361,4.334697723593857,14.248666666666667,13.834129032258065,14.147022906645914,4.36099199387016,4.317855297340041,4.374232675005385,15.102000000000002,14.560229508196722,15.106178255963444,4.5346828445635605,4.421153079276198,4.509918513384816,7.7633350597265816
2024-07-12,sz001379,13.4,13.32,13.7,13.3,19599,26139264.0,2.96,-1.33,-0.18,4.0,4.292233912909475,-0.3501613521214164,13.05,13.156,13.224576313153104,4.352701205538598,4.371546943589836,4.344813041078602,13.338999999999999,13.200727272727272,13.35643819206793,4.276986654134143,4.30648293886705,4.3179200862898295,13.7845,13.479428571428572,13.740552408530059,4.299180364004778,4.299663247272954,4.3306535511477255,14.180333333333332,13.774215053763442,14.093666590088114,4.358276371559629,4.31341929211677,4.36894243228952,15.020833333333334,14.501803278688525,15.047615034456445,4.518637833294095,4.413203933976064,4.502781313369231,7.417293355041056
2024-07-15,sz001379,14.33,13.63,14.51,13.63,77975,108458317.7,6.61,2.33,0.31,15.91,4.891955383429181,0.5997214705197065,13.210000000000003,13.349333333333334,13.35971754210207,4.474273844095867,4.55129833622003,4.527193821862129,13.299000000000001,13.253636363636364,13.406176702601034,4.334088672930202,4.418295435102511,4.422290140315166,13.725,13.464714285714287,13.730023607717673,4.330512473048522,4.35611801102766,4.3841108685078645,14.110666666666667,13.738709677419354,14.063752616534043,4.36904900133031,4.347850196108355,4.402685203330789,14.975166666666667,14.456202185792352,15.001135852998855,4.5264822354526,4.425443853652625,4.515541118944967,8.035262863797822
2024-07-16,sz001379,13.63,12.98,13.73,12.84,54207,69763736.88,6.53,-4.77,-0.65,11.06,4.734055372609905,-0.15790001081927585,13.228,13.272666666666668,13.233145028068048,4.545886390858727,4.637892179058043,4.596147672111388,13.208000000000002,13.195636363636364,13.328690029400846,4.386342110467169,4.491016653226094,4.478974728005118,13.623500000000002,13.393761904761906,13.658592787935037,4.34983703275827,4.394550668128742,4.4174389165175825,14.032333333333334,13.665763440860214,13.993833092886685,4.372899176319013,4.371398994255426,4.424063923929442,14.924333333333333,14.390786885245904,14.934869103720205,4.51977331539005,4.432249530280732,4.522705520704473,7.843629735440816
2024-07-17,sz001379,12.88,12.69,12.93,12.69,23833,30088373.29,1.85,-2.23,-0.29,4.86,4.3771787129902435,-0.35687665961966175,13.224,13.093333333333332,13.0520966853787,4.587563729393939,4.581656286435215,4.523158019071007,13.118,13.101454545454546,13.212564569509782,4.402575596961424,4.489350580957562,4.460466361638777,13.516499999999999,13.304857142857143,13.566345855750747,4.355648298502577,4.397154637674645,4.413604611419741,13.955333333333334,13.579161290322581,13.90971482882948,4.3650206241780465,4.371675093395504,4.4210390716107835,14.8675,14.317530054644811,14.861266838024461,4.50959249350186,4.427574297415165,4.517934149959744,7.478398708502002
2024-07-18,sz001379,12.68,12.7,12.81,12.35,20444,25434667.02,3.62,0.08,0.01,4.17,4.310565872283199,-0.06661284070704454,13.064000000000002,12.918666666666667,12.9347311235858,4.5211978508444,4.489323667398302,4.452293970141738,13.059999999999999,13.025454545454547,13.119371011417092,4.411833808872099,4.472621540106976,4.43321172721049,13.4315,13.227095238095238,13.483836726631628,4.354106844540534,4.3928610732728,4.403791398168641,13.873999999999999,13.498172043010753,13.831668710840482,4.356177962642372,4.368161883595837,4.41391176842836,14.822833333333334,14.246464480874316,14.79040563022038,4.499167405038425,4.42104883442439,4.5111351900359224,7.405426056403262
2024-07-19,sz001379,12.57,12.76,12.84,12.49,21003,26419250.11,2.76,0.47,0.06,4.2,4.322281332371608,0.011715460088408847,12.952000000000002,12.817333333333332,12.876487415723869,4.527207334736827,4.423018161240704,4.408956424218362,13.001000000000001,12.97090909090909,13.054030827523075,4.439954270137712,4.456339271652341,4.413042564512511,13.353,13.163142857142859,13.414899895523854,4.3646863762954276,4.389830072113854,4.3960285347594,13.818333333333332,13.426301075268817,13.762528794012066,4.34628074986166,4.36597500422353,4.40800012739244,14.776166666666665,14.178830601092894,14.723834953819713,4.490019747894295,4.415249291058265,4.504943260276437,7.421920486340167
2024-07-22,sz001379,12.76,14.02,14.02,12.73,71912,96983945.03,10.11,9.87,1.26,14.38,4.856801367419499,0.5345200350478914,13.030000000000001,13.173333333333334,13.257658277149247,4.520176531534891,4.532882838801594,4.558238071952075,13.12,13.156181818181821,13.229661586155242,4.4972251878153795,4.532129652976303,4.493725983222872,13.378499999999999,13.226666666666668,13.472528476902534,4.379906419608368,4.436698166506623,4.439911661679409,13.796333333333335,13.43931182795699,13.779139839559676,4.361560502321838,4.39891181825952,4.436955046103864,14.754,14.15403825136612,14.70075839795677,4.493770974117899,4.427274917927943,4.516479591658176,7.986699845998451
2024-07-23,sz001379,14.1,15.41,15.41,14.03,127214,189219362.24,9.84,9.91,1.39,25.44,5.104534908389229,0.24773354096972966,13.516,13.966666666666667,13.975105518099499,4.594272438690756,4.727668964419707,4.740337017431126,13.372,13.572545454545455,13.626086752308833,4.5700794147747414,4.642549602171548,4.604782151434937,13.464500000000001,13.420142857142856,13.657049574340387,4.418904639166888,4.505710403533372,4.503209113747011,13.818666666666667,13.54341935483871,13.884356624104214,4.38650379069182,4.446845650909027,4.480024714638404,14.750166666666669,14.175546448087434,14.724012220974581,4.501922296977876,4.447299964953233,4.535760093846079,8.276965574368868
2024-07-24,sz001379,14.49,16.94,16.94,14.43,198363,325544151.59,16.29,9.93,1.53,39.67,5.297460667846504,0.19292575945727553,14.366,15.108,14.963403678733,4.778328829662008,4.962065040804957,4.9260449009029195,13.794999999999998,14.221272727272726,14.228616433707225,4.6829462795279735,4.774800739093686,4.730723699873403,13.612,13.751142857142858,13.969711519641303,4.469558392059424,4.589382406264765,4.578852118899343,13.886333333333333,13.744795698924733,14.081494906420073,4.4177358548044365,4.505617062338362,4.532762518071185,14.772166666666667,14.247344262295082,14.796667557991807,4.513017675870011,4.473383190227614,4.560733883157568,8.512609897640202
2024-07-25,sz001379,18.62,18.62,18.62,17.78,242925,447461478.66,4.96,9.92,1.68,48.58,5.385472211401877,0.088011543555373,15.55,16.526000000000003,16.182269119155336,4.993310097485744,5.1644461680515805,5.079187337735906,14.306999999999999,15.098545454545455,15.027049809396821,4.757253974165073,4.902532726707124,4.849768883787671,13.8505,14.22809523809524,14.41259613681832,4.51811007750541,4.676612293821188,4.655673080090061,14.010333333333334,14.050193548387098,14.374301686651036,4.451395531862521,4.568051665989811,4.587776046673166,14.824833333333334,14.373502732240436,14.922022720024863,4.52373850904435,4.501988256966364,4.587774484083611,8.650755653449716
2024-07-26,sz001379,19.63,20.47,20.47,16.96,159197,303718703.66,18.85,9.94,1.85,31.84,5.201934879383297,-0.18353733201858002,17.092,18.166,17.611512746103557,5.169240806888081,5.233987762017431,5.120103184951704,15.022,16.219090909090912,16.016677116779217,4.848224070812455,4.983383800383164,4.913799064805057,14.1805,14.858523809523811,14.989491742835623,4.562605362473298,4.7417384654286066,4.707698013356083,14.197000000000001,14.466946236559139,14.767572545576776,4.48219493294067,4.616473559378248,4.627399197170594,14.901166666666667,14.558590163934428,15.103923614450276,4.5298418412060215,4.524224203534854,4.607910890486879,8.482471537542933
2024-07-29,sz001379,22.5,22.5,22.5,22.5,30449,68113339.24,0.0,9.92,2.03,6.09,4.483573034190131,-0.7183618451931659,18.788,19.968666666666664,19.241008497402373,5.094595140242208,5.005431837784782,4.90792646803118,15.908999999999997,17.578727272727274,17.195463095546632,4.8073858358885495,4.917083611906379,4.835576150147798,14.604,15.650857142857141,15.704778243517945,4.570737254409375,4.734211577020686,4.68635277724504,14.453000000000001,15.002623655913979,15.26643883295892,4.489470260661864,4.616562469136277,4.618120089881533,15.0165,14.807732240437158,15.346417922173217,4.525856670586264,4.522707193468758,4.603834239460756,7.833232171986572
2024-07-30,sz001379,22.53,24.74,24.74,22.53,89521,211165933.41,9.82,9.96,2.24,17.9,4.951924924861404,0.4683518906712729,20.654000000000003,21.952666666666666,21.074005664934916,5.0640731435366435,4.9578750993245135,4.922592620307922,17.085,19.184363636363635,18.567197078174516,4.829172791113699,4.943363446265081,4.856730472822999,15.1465,16.616190476190475,16.56527555365909,4.607757450790434,4.7705151646827835,4.7116453627323125,14.777333333333335,15.666301075268816,15.877636327606732,4.5096156188767464,4.646398253923345,4.639655885686686,15.157833333333334,15.126535519125682,15.654404219806882,4.5272023916537,4.5366766444286,4.615247048818154,8.324623856449866
2024-07-31,sz001379,27.2,27.2,27.2,22.38,278837,717034806.49,19.48,9.94,2.46,55.77,5.445350401526618,0.4934254766652133,22.706,24.134666666666664,23.11600377662328,5.093651090272665,5.084967518654505,5.096845214047487,18.535999999999998,21.023454545454545,20.13679760941551,4.935989959967336,5.0553957390674285,4.963752278041839,15.826999999999998,17.764142857142858,17.578106453310607,4.66928277846438,4.850285921895753,4.781522033093675,15.189666666666666,16.467763440860214,16.608111403245008,4.549095518990829,4.706768239900756,4.691636177031198,15.340499999999999,15.521360655737706,16.032948343747638,4.539690141407312,4.566779857867056,4.642463552185645,8.855540237815145
2024-08-01,sz001379,29.91,29.91,29.91,25.31,385837,1114134579.76,16.91,9.96,2.71,77.17,5.586403872155297,0.14105347062867946,24.964,26.536,25.38066918441552,5.133837422423349,5.249218445948715,5.260031433416758,20.256999999999998,23.091454545454543,21.91374349861269,5.063573759954546,5.173652814010693,5.07696165878974,16.6585,19.10538095238095,18.752572505376264,4.7377037844133225,4.937630787961556,4.858177446337639,15.706666666666667,17.4174623655914,17.466297764325976,4.590595816345204,4.773691359459754,4.74936312510372,15.567333333333334,15.999049180327868,16.487933643952633,4.552662049602133,4.6010983408424,4.67341241513547,9.046937653779352
2024-08-02,sz001379,31.13,32.89,32.89,28.02,265949,830150275.54,16.28,9.96,2.98,53.19,5.424798361660553,-0.16160551049474403,27.448,29.177999999999997,27.88377945627702,5.1784101188788005,5.34620542569445,5.3149537428313565,22.27,25.38836363636364,23.909426498864928,5.173825462883441,5.239330014320878,5.140204695675342,17.6355,20.651238095238092,20.098994171530904,4.806889866510577,5.003068366747005,4.91214134303506,16.325333333333333,18.526064516129033,18.46137532791785,4.6343994051580975,4.827510878512356,4.792939591978354,15.840166666666669,16.567005464480875,17.025706311364022,4.56311824192658,4.6296929740246435,4.698048019939571,8.919156716388523
2024-08-05,sz001379,36.17,36.17,36.17,35.13,121729,438363736.67,3.16,9.97,3.28,24.35,5.08539405431578,-0.3394043073447728,30.182,32.08533333333334,30.64585297085135,5.29877432290393,5.315200070840109,5.238433846659499,24.485000000000003,27.915636363636366,26.138621680889486,5.196684731573069,5.223251576399484,5.130239124519058,18.802500000000002,22.416428571428575,21.629566155194627,4.846954959694224,5.0295925751094055,4.928641601252272,17.080666666666666,19.80636559139785,19.60386724224573,4.652165856929936,4.856607307490272,4.811807621806576,16.172833333333333,17.23355737704918,17.653388071647168,4.568032384133696,4.6468167711521575,4.710747889919118,8.641834620258459
2024-08-06,sz001379,37.58,32.57,39.77,32.57,431274,1518650144.8,19.91,-9.95,-3.6,86.25,5.6347532768408515,0.5493592225250712,31.748,32.88133333333334,31.2872353139009,5.435339993299819,5.42719305548575,5.370540323386616,26.201,29.385636363636365,27.30796319345503,5.249706568418231,5.302900402811808,5.221968970395746,19.7865,23.727619047619044,22.671512235652283,4.909892991596486,5.104620986266227,4.995890332260708,17.709999999999997,20.805677419354836,20.440391936294393,4.695838615584003,4.9200000442587175,4.8649008898733035,16.456,17.7711693989071,18.14245731519972,4.583306427798811,4.681791226650753,4.741043148506717,9.181457735888527
2024-08-07,sz001379,29.33,29.92,32.09,29.33,339248,1013702890.59,8.47,-8.14,-2.65,67.85,5.530517296003038,-0.10423598083781371,32.292,32.272000000000006,30.83149020926727,5.452373372195105,5.458918823053489,5.423865980925424,27.499000000000002,30.061818181818186,27.782878976463206,5.273012231233885,5.3539568987363175,5.278068665960708,20.647,24.692714285714292,23.3618444036854,4.977979255380929,5.163728062876375,5.0468071859504535,18.241,21.593419354838712,21.05197955330766,4.737376338450911,4.973850281705107,4.907843883817157,16.689833333333333,18.212612021857925,18.528606255684974,4.599774598776967,4.712847320690236,4.766927546785284,9.005910684893983
2024-08-08,sz001379,29.36,27.23,30.62,26.94,302293,862196095.71,12.3,-8.99,-2.69,60.46,5.4804280906228335,-0.05008920538020423,31.756,30.584666666666667,29.63099347284485,5.431178215888612,5.468270395862732,5.442720017491228,28.360000000000003,30.012909090909087,27.682355526197163,5.28250781915598,5.391668873170673,5.314861288626548,21.333499999999997,25.31966666666667,23.73024017476298,5.019880896660526,5.211580332899414,5.088104414966871,18.687,22.173354838709677,21.450561517610396,4.772909324722266,5.021789104425877,4.944784800385266,16.880333333333333,18.558191256830604,18.813897853859235,4.615321282874508,4.74172120566879,4.7903210072389735,8.935606051902882
2024-08-09,sz001379,26.82,26.63,27.49,26.1,207244,549604367.09,5.1,-2.2,-0.6,41.45,5.316481965979313,-0.16394612464352054,30.503999999999998,28.875999999999998,28.630662315229902,5.409514936752363,5.430038312559633,5.400640666987256,28.976,29.698363636363634,27.491018157797676,5.293962527815582,5.397845990774915,5.315155957236142,21.999,25.82409523809524,24.006407777166505,5.071093299314018,5.239828053786917,5.109854657920437,19.112333333333332,22.6858064516129,21.78471883905489,4.80639108425406,5.056858307087622,4.968765262681656,17.06416666666667,18.8778524590164,19.070163497994997,4.628416598661521,4.764710080524685,4.807572186214067,8.740050174916767
2024-08-12,sz001379,26.5,27.74,28.03,26.14,234960,638300352.2,7.1,4.17,1.11,46.99,5.370993933514744,0.05451196753543108,28.818,27.954666666666665,28.333774876819938,5.466634912592156,5.417197978147093,5.390758422496419,29.5,29.473636363636366,27.53628758365264,5.382704617748043,5.411851700902035,5.325308316559523,22.7045,26.370857142857144,24.361987988864932,5.0950452268182955,5.268390018948891,5.134725065119895,19.56933333333333,23.242430107526886,22.1689305268578,4.8413930421889315,5.093284297362504,4.9947154995095975,17.260666666666665,19.227879781420764,19.354420432486965,4.64175491950433,4.789056878388725,4.826045030387859,8.80502508406395
2024-08-13,sz001379,26.73,28.13,28.13,26.16,223623,601661692.16,7.1,1.41,0.39,44.72,5.349516469426305,-0.021477464088438758,27.93,27.72533333333333,28.265849917879958,5.409587551109247,5.3781584970918095,5.377011104806382,29.839,29.224545454545453,27.644235295715795,5.422463772204534,5.405817492116265,5.3297097988989375,23.462,26.887571428571427,24.7208462756397,5.125818281659116,5.2926253753877495,5.155181389339553,20.043999999999997,23.794731182795694,22.553515654157298,4.879326224595134,5.1260664539584635,5.017605884665515,17.462666666666667,19.584251366120224,19.642144352733293,4.655762617411514,4.8122621751074774,4.843208028389119,8.779352360813327
2024-08-14,sz001379,27.67,27.03,29.01,27.03,235341,655638637.6,7.04,-3.91,-1.1,47.07,5.371697594505485,0.022181125079179687,27.351999999999997,27.425333333333334,27.85389994525331,5.377823610809736,5.365528511557222,5.375239934706084,29.821999999999996,28.71381818181818,27.532556151040193,5.4150984915024205,5.396587277989165,5.337343943554673,24.179000000000002,27.22738095238095,24.94076567795973,5.175544225734878,5.316042452801689,5.175801980307738,20.492,24.245440860215055,22.84232109582457,4.917888016143726,5.1578323487913895,5.040450511106804,17.645833333333332,19.897934426229508,19.88436912805351,4.6702894862993105,4.835735453044984,4.860535555147033,8.81666453916635
2024-08-15,sz001379,26.53,27.94,28.1,25.53,258644,690091905.99,9.51,3.37,0.91,51.73,5.412702408138044,0.0410048136325587,27.494,27.621333333333336,27.88259996350221,5.364278474312778,5.377154777333325,5.387727425850071,29.625,28.371636363636366,27.606636850851068,5.3977283451006945,5.396151626468369,5.351045482569831,24.941,27.58557142857143,25.226407041963565,5.230651052527621,5.338628946363895,5.198363925815387,20.980666666666664,24.72595698924731,23.171203605771375,4.957711971309113,5.1897558579523135,5.064466762528174,17.84016666666667,20.235448087431692,20.14848817303536,4.6829237241746515,4.860076860318386,4.878639386392639,8.838906933644958
2024-08-16,sz001379,28.46,26.38,28.96,26.38,251682,698415375.91,9.23,-5.58,-1.56,50.34,5.400852156429532,-0.011850251708511728,27.444,27.25,27.381733309001476,5.3811525124028226,5.389346004705576,5.392102336043225,28.974,27.781636363636363,27.383611968878146,5.3953337245775925,5.396719592164522,5.360101241453413,25.621999999999996,27.722619047619048,25.336273037967032,5.284579593730517,5.3548385753069345,5.21764851920721,21.415,25.07430107526882,23.378222727979676,5.003037819199582,5.218345547314921,5.086169046005682,18.0095,20.51544262295082,20.35280003621453,4.692555824704476,4.883615497441498,4.895761116557783,8.844113791979531
2024-08-19,sz001379,24.92,29.01,29.01,24.48,349833,931713268.68,17.17,9.97,2.63,69.97,5.543860774387714,0.14300861795818243,27.698,27.772,27.924488872667652,5.4157258805774156,5.443582092033874,5.442688482158054,28.258000000000003,27.788181818181815,27.679318883627573,5.441180396584786,5.423724510311817,5.393512065623286,26.371500000000005,28.045285714285715,25.68615179625589,5.318932564078928,5.379532021083811,5.248716353033925,21.954333333333334,25.564301075268812,23.741563197142277,5.045030105324411,5.2532373508754455,5.115697544610974,18.230833333333333,20.876114754098356,20.636642657977983,4.706744970279455,4.91152713513603,4.9170102856669615,8.969282280391232
2024-08-20,sz001379,29.79,31.9,31.9,29.04,386534,1173649546.99,9.86,9.96,2.89,77.31,5.587187701004531,0.043326926616816586,28.452000000000005,29.172666666666668,29.249659248445102,5.463260126893061,5.500736032176245,5.4908548884402135,28.190999999999995,28.450363636363637,28.44671545024074,5.436423839001154,5.450271292933588,5.428725817510785,27.196000000000005,28.571809523809524,26.277946863279137,5.343065203709693,5.40508012936244,5.280951719507316,22.588,26.20595698924731,24.26791395861697,5.085403274064709,5.288215260274162,5.146116264378301,18.4995,21.324284153005465,21.00593306263444,4.724508976432323,4.9403941099139,4.938983315678029,9.069538435472362
2024-08-21,sz001379,29.13,28.72,30.1,28.72,277479,806656873.67,4.33,-9.97,-3.18,55.5,5.443230120686711,-0.1439575803178199,28.790000000000003,29.262000000000004,29.073106165630072,5.477566632129306,5.494059363440795,5.474979965855713,28.070999999999998,28.546545454545452,28.49640355019697,5.427695121469521,5.451508798694598,5.431362963542771,27.784999999999997,28.71695238095238,26.510523352490647,5.350353676351704,5.414619645265012,5.296406805333925,23.121666666666666,26.601569892473123,24.55514531612555,5.127884544077127,5.311300863282034,5.1652849002691665,18.720333333333333,21.659382513661207,21.25885329008905,4.741652995204385,4.963958737594372,4.955515997809461,8.906688838859658
2024-08-22,sz001379,26.83,25.86,28.01,25.86,239563,635670154.5,7.49,-9.96,-2.86,47.91,5.379419743030003,-0.06381037765670783,28.374000000000002,28.285333333333334,28.002070777086715,5.470910099107699,5.461343733741027,5.443126558247144,27.933999999999997,28.14454545454545,28.017057450161158,5.417594286710239,5.44273145716014,5.421918741631358,28.147,28.533619047619045,26.44856874749154,5.350051052933109,5.417387842091518,5.304312799400218,23.533666666666665,26.778236559139785,24.63932948927874,5.152452026677096,5.327528940633833,5.179100051415027,18.891166666666667,21.89346994535519,21.409710559266458,4.756722010273629,4.984869122768982,4.969414481259315,8.803231821246031
2024-08-23,sz001379,25.02,24.26,25.31,24.01,201353,490519645.44,5.03,-6.19,-1.6,40.27,5.303958104634981,-0.07546163839502196,27.95,26.913999999999998,26.754713851391145,5.451531288748788,5.405693068916788,5.396737073709756,27.696999999999996,27.476545454545455,27.333956095586398,5.416341900575805,5.422070333146458,5.400471353086562,28.336499999999994,28.16342857142857,26.24013362868282,5.3551522141956935,5.412998037491695,5.304279018946386,23.89833333333333,26.825096774193543,24.614856619002694,5.186176166401281,5.337303526308535,5.187155409687283,19.03933333333333,22.069497267759562,21.50316267207739,4.7722262689804555,5.002811289797223,4.9803831246486805,8.690656405671792
2024-08-26,sz001379,24.42,24.23,24.55,23.58,133332,318476768.3,4.0,-0.12,-0.03,26.67,5.124934393641766,-0.17902371099321535,26.994,25.674,25.9131425675941,5.367746012599598,5.296827437214447,5.30613618035376,27.346000000000004,26.84618181818181,26.769600441843416,5.391735946588507,5.369087150067542,5.350373724096599,28.422999999999995,27.772333333333336,26.048692330713028,5.3872202821682755,5.3910725307722736,5.287198578441184,24.251666666666665,26.84649462365591,24.5900271597122,5.193942133408367,5.333352444195017,5.183141150587573,19.181166666666666,22.239683060109286,21.59256717463223,4.781495567369338,5.014375490605792,4.985122510517306,8.503077757653791
2024-08-27,sz001379,24.12,23.66,24.82,23.38,151336,363289298.1,5.94,-2.35,-0.57,30.27,5.179942250836218,0.055007857194452114,25.346,24.562666666666665,25.162095045062735,5.286296922565937,5.2342261832933215,5.2640715371812465,26.899,26.176000000000002,26.20421854332643,5.374778524729498,5.330579205385307,5.319386183503802,28.369000000000007,27.318714285714286,25.821197823026072,5.398621148467016,5.3713317658835065,5.276983690097854,24.607666666666667,26.80832258064516,24.530025407472706,5.208805029349245,5.332449225964556,5.182934769958453,19.32,22.38653005464481,21.660351857431174,4.790852102834128,5.02743931629323,4.9915100429867785,8.560252604456238
2024-08-28,sz001379,23.4,24.12,24.63,23.29,155721,373315876.33,5.66,1.94,0.46,31.14,5.192347183981954,0.012404933145735875,24.426000000000002,24.154,24.814730030041826,5.236120335224984,5.202909603765327,5.24016341944815,26.607999999999997,25.670727272727273,25.82526971726708,5.356843483677145,5.297409870703936,5.296288183590739,28.215000000000003,26.91404761904762,25.659178982737878,5.385970987589783,5.351686626408739,5.2689230704677685,24.988666666666667,26.776860215053766,24.503572155377693,5.235977311715634,5.331387429489247,5.183542022476098,19.471999999999998,22.543907103825134,21.74099605882687,4.80049896794684,5.040603089445618,4.9980948672817025,8.572076459939417
2024-08-29,sz001379,23.67,24.3,24.81,23.14,174364,420496553.08,6.92,0.75,0.18,34.87,5.241456823399108,0.049109639417154405,24.114,24.112000000000002,24.64315335336122,5.2085277512988055,5.204688433156702,5.24059455409847,26.244,25.25109090909091,25.547947950491245,5.339718925203252,5.276430477926111,5.286318845374079,27.934500000000003,26.541190476190476,25.52973336533427,5.368723635151974,5.337923372676294,5.266307237413611,25.375333333333334,26.732430107526884,24.49043846793397,5.2670070100861635,5.331740946372053,5.1872784612453255,19.624666666666666,22.70220218579235,21.824897827389922,4.811592486364268,5.055060724050611,5.006073947810141,8.623762440123299
2024-08-30,sz001379,24.1,24.36,24.93,23.88,176064,429260066.7,4.32,0.25,0.06,35.21,5.245670564373571,0.0042137409744622545,24.134,24.194000000000003,24.548768902240816,5.196870243246524,5.217069370848289,5.242286557523504,26.042,24.90854545454545,25.33195741403829,5.324200765997656,5.259330775957077,5.278928248828532,27.508,26.200761904761904,25.418330187683388,5.359767245287624,5.32620403260216,5.264341839981226,25.762,26.666924731182792,24.48202308290597,5.297786651152896,5.330364401487369,5.191045693705212,19.790166666666668,22.85745901639344,21.908015931409924,4.822033700507278,5.069292792182064,5.013929574582713,8.632720488715883
2024-09-02,sz001379,24.23,23.56,24.62,23.5,127635,305289600.94,4.6,-3.28,-0.8,25.53,5.105969782712465,-0.139700781661106,24.0,24.002666666666666,24.219179268160545,5.193077321060663,5.186769217336937,5.196847632586491,25.497,24.45727272727273,25.009783338758595,5.280411666830131,5.2196524153597705,5.247481254989247,26.877499999999998,25.824761904761903,25.24134636028497,5.3607960317074586,5.302032845690239,5.249258786908011,26.08,26.524860215053764,24.42253772271849,5.306092264995995,5.317989119652502,5.185556925254068,19.938166666666667,22.98106010928962,21.962179343494846,4.833826383658916,5.078602171926495,5.0169472863246725,8.484712011205662
2024-09-03,sz001379,23.56,23.67,23.9,23.29,84004,197251375.69,2.59,0.47,0.11,16.8,4.924299966259114,-0.18166981645335056,24.002000000000002,23.89266666666667,24.03611951210703,5.141948864145242,5.09717676573642,5.1059984104773655,24.674,24.12509090909091,24.766186368075214,5.214122893355588,5.154904833437767,5.188721020674677,26.432499999999997,25.519285714285715,25.091694325972117,5.325273366178371,5.260461791838017,5.2183103277985925,26.35533333333333,26.36937634408602,24.373986901897947,5.300084433591659,5.2933573584436715,5.168701637576975,20.087,23.103415300546445,22.01817346338026,4.843294112141739,5.081568518896993,5.0139096692733425,8.295020040791432
2024-09-04,sz001379,23.52,22.95,24.06,22.9,123068,284937017.3,4.9,-3.04,-0.72,24.61,5.090145142857715,0.16584517659860065,23.768,23.541999999999998,23.67407967473802,5.121508455920394,5.079908858640579,5.100713987937482,24.097,23.811636363636364,24.435970664788808,5.178814395572689,5.132363424256336,5.170798133798866,26.083999999999996,25.187619047619044,24.8877234377843,5.303254758521105,5.238068627712239,5.206104119708986,26.555666666666664,26.149677419354834,24.282116779194855,5.293173916092032,5.27981288807374,5.1636334766273455,20.221,23.197284153005462,22.048725153105497,4.855454885448235,5.08966199531391,5.01640919299742,8.454748873826366
2024-09-05,sz001379,22.93,23.97,24.11,22.83,163014,382911872.39,5.58,4.44,1.02,32.6,5.2122249041686946,0.12207976131097986,23.701999999999998,23.609333333333332,23.77271978315868,5.115662072074311,5.110147674723345,5.137884293347886,23.908,23.788545454545453,24.351248725736298,5.162094911686559,5.138438062182882,5.1783302738661074,25.921000000000003,24.986285714285717,24.800321205614367,5.289844599198398,5.229399117773916,5.206687051562291,26.733999999999998,25.982860215053766,24.261980212795187,5.287399005850926,5.274590371175461,5.166768407436465,20.37216666666667,23.32020218579235,22.111717771036464,4.869397268856722,5.101359372976877,5.022829380248937,8.583098832092084
2024-09-06,sz001379,24.32,23.65,24.78,23.59,165420,396924380.82,4.96,-1.34,-0.32,33.08,5.218588016489417,0.006363112320722841,23.56,23.592,23.731813188772456,5.1102455624974805,5.144456322861713,5.1647855343950635,23.847,23.741636363636363,24.223748957420607,5.153557902872002,5.148709535783401,5.185649863433982,25.772000000000002,24.770000000000003,24.690766805079665,5.284949901723904,5.222612776563535,5.207820476793446,26.84,25.78389247311828,24.222497618421308,5.287954110421129,5.270150952506975,5.170111608020528,20.5185,23.427672131147542,22.1621532539533,4.8850745216809,5.112808249948439,5.029247696191248,8.598707775980454
2024-09-09,sz001379,23.69,23.84,24.23,22.77,129741,303919654.96,6.17,0.8,0.19,25.95,5.113077241002935,-0.1055107754864828,23.616,23.685333333333332,23.76787545918164,5.111667054155575,5.145400215696865,5.1475494365976875,23.808,23.740363636363636,24.15397641970777,5.152372187608119,5.141349415443571,5.172454841173791,25.577,24.586000000000002,24.609741395072078,5.272054067098313,5.206243951732967,5.198797311480065,26.884666666666668,25.590344086021506,24.19782035271671,5.308937583981557,5.2588685738348335,5.166431971438747,20.668833333333335,23.536573770491806,22.21716462267614,4.89920392232171,5.120283748942605,5.031996205857204,8.482758787492395
2024-09-10,sz001379,23.69,23.68,24.48,23.28,101949,240793605.46,5.03,-0.67,-0.16,20.39,5.008382970216053,-0.1046942707868812,23.618,23.706666666666667,23.738583639454426,5.1284836549469635,5.110972187717024,5.101160614470476,23.81,23.717090909090906,24.06779888885181,5.135216259546103,5.115169557735922,5.142623591908747,25.3545,24.40533333333333,24.521194595541402,5.254997392137801,5.181132418696561,5.180662612312064,26.849333333333334,25.383591397849468,24.16441258802531,5.310819518826711,5.239477953591897,5.156235261682445,20.813333333333333,23.635300546448086,22.265126438326103,4.9102175688517296,5.123863389857175,5.031222001409953,8.381644949569546
2024-09-11,sz001379,24.25,23.9,24.43,23.31,101412,239388296.18,4.73,0.93,0.22,20.28,5.00608934775306,-0.002293622462993028,23.808,23.800666666666665,23.792389092969618,5.111672495926032,5.0701740853190564,5.069470192231338,23.788,23.733454545454546,24.037289999969666,5.116590475923213,5.091691937409914,5.11779918388044,25.198,24.266809523809524,24.46203320548984,5.23671697980018,5.157426890659918,5.164036587115969,26.73933333333333,25.19331182795699,24.147353711378518,5.296177483700927,5.219817942554888,5.146548428525711,20.9645,23.736502732240442,22.31872885018426,4.922636501345878,5.1270067268703325,5.030397979978579,8.379102913703248
2024-09-12,sz001379,23.71,22.81,24.0,22.71,120790,278247240.03,5.4,-4.56,-1.09,24.16,5.082030981267012,0.07594163351395178,23.576,23.468,23.464926061979746,5.085633711345696,5.060293580432716,5.073657121909896,23.639,23.55563636363636,23.814146363611545,5.100647891710003,5.08540839292697,5.111295874314362,24.941499999999998,24.03938095238095,24.3046967097289,5.220183408456628,5.142694890799618,5.1562265294160685,26.502666666666666,24.939806451612903,24.061072826773454,5.279365054004651,5.206002039172056,5.142386012573537,21.104666666666667,23.797010928961743,22.334836100997894,4.934980435174928,5.132232775392337,5.032090865266724,8.444430865205538
2024-09-13,sz001379,22.61,21.95,22.78,21.95,90659,201384695.85,3.64,-3.77,-0.86,18.13,4.957410924331349,-0.12462005693566347,23.235999999999997,22.926,22.9599507079865,5.0333982929140815,5.017552651427934,5.034908389383714,23.398,23.248545454545457,23.475210661136718,5.071821927705781,5.059365307949032,5.083316792499269,24.72,23.754476190476193,24.080439880230912,5.198011346851718,5.117668939930543,5.137291709884191,26.137999999999998,24.64608602150538,23.924874579884843,5.263785472760344,5.185230804999584,5.13045213591275,21.23166666666667,23.824726775956282,22.322218523915993,4.949092438959221,5.132968201266319,5.029642342613105,8.304026463434887
2024-09-18,sz001379,21.95,21.68,22.31,21.54,56659,122745633.05,3.51,-1.23,-0.27,11.33,4.753268905194753,-0.20414201913659547,22.804,22.407333333333334,22.533300471991,4.961436625752446,4.924176188854824,4.941028561320728,23.21,22.936181818181815,23.14880872274822,5.036551839954011,5.001446576583391,5.0233080857166295,24.3535,23.464952380952383,23.85182655830416,5.158481753392071,5.075312516915594,5.100718109437578,25.654999999999998,24.358473118279566,23.780043961827758,5.252714634456309,5.152294252253418,5.106117733930945,21.367833333333337,23.839426229508206,22.301162178869568,4.952440245693122,5.126547757536336,5.020580918435454,8.08900605007383
2024-09-19,sz001379,21.78,21.99,22.09,21.57,76859,167110783.75,2.4,1.43,0.31,15.37,4.885694729629928,0.1324258244351748,22.466,22.136,22.352200314660667,4.936898977635221,4.898928890147319,4.9225839507571285,23.041999999999998,22.714363636363636,22.93811622770309,5.032691316291092,4.974018011069921,4.998287475519048,23.858,23.239857142857144,23.674509743227574,5.1234071048233405,5.04933280036682,5.0802396923130395,25.302333333333333,24.12202150537635,23.664557254613065,5.227746016215945,5.1286155487162315,5.091896894943782,21.50616666666667,23.859825136612024,22.290960140218104,4.961792315899973,5.1243593799604925,5.01615842044183,8.223004476057408
2024-09-20,sz001379,22.0,21.87,22.17,21.65,54778,118982642.11,2.36,-0.55,-0.12,10.96,4.738606171678072,-0.14708855795185638,22.06,21.937333333333335,22.191466876440447,4.883402342420223,4.832831288161603,4.8612580243974435,22.934,22.501272727272728,22.743913277211618,4.997537419173128,4.920547984776645,4.951072693002507,23.5155,23.050523809523813,23.502651672443996,5.088175907372908,5.012685092448222,5.047703166538281,25.034,23.900580645161288,23.548779367218675,5.201348978738447,5.097058139391206,5.069103945055673,21.6375,23.871754098360654,22.277158168407674,4.969362658594679,5.117041801461414,5.0070583467118706,8.075483608571577
2024-09-23,sz001379,21.93,21.98,22.28,21.79,55477,121360570.44,2.24,0.5,0.11,11.1,4.744112967926252,0.005506796248180734,21.894,21.910666666666664,22.120977917626966,4.815818739752071,4.786401496663613,4.82220967224038,22.735,22.32781818181818,22.60501995408223,4.950726225548883,4.874470811822667,4.913443652079551,23.321499999999997,22.904285714285713,23.35763722744933,5.0564105686177205,4.979917193453302,5.018789814289517,24.858999999999998,23.703548387096774,23.447567795140053,5.176805141315227,5.067559041919451,5.048136785240872,21.773000000000003,23.882983606557378,22.267415277640207,4.9748572330187475,5.109656565701793,4.998437186751686,8.084077609129713
2024-09-24,sz001379,21.98,22.37,22.38,21.6,81576,179327451.21,3.55,1.77,0.39,16.32,4.9115624062946655,0.16744943836841308,21.978,22.069333333333336,22.20398527841798,4.806649036144734,4.81831605217781,4.851993916925142,22.607,22.261454545454548,22.562289053340006,4.920023664529408,4.86735011741281,4.91310160739139,23.226999999999997,22.813666666666663,23.263576539120823,5.036790783700704,4.966122130374917,5.008577680194769,24.717,23.542967741935485,23.37804729222779,5.163307822659072,5.050446607401998,5.039325534986277,21.914666666666665,23.90255737704918,22.270778711160197,4.984849453456565,5.107581325481332,4.995588833294079,8.253646775878318
2024-09-25,sz001379,22.33,22.66,23.05,22.24,125267,281918455.95,3.62,1.3,0.29,25.05,5.097836676696532,0.18627427040186628,22.174,22.29666666666667,22.355990185611986,4.87556259044509,4.9153785990284105,4.933941503515605,22.488999999999997,22.271090909090912,22.58005468000546,4.918499608098768,4.89967975598865,4.946689801810506,23.1485,22.759666666666664,23.206093059204555,5.035435897853443,4.971936024945947,5.01707853700446,24.547666666666668,23.41025806451613,23.33172166047116,5.154202580765131,5.046222662501188,5.043100447354681,22.0585,23.92699453551913,22.283540064892648,4.997797811477031,5.111285824603954,4.998941221602355,8.45012350813437
2024-09-26,sz001379,22.53,22.83,22.86,22.04,102334,229144637.46,3.62,0.75,0.17,20.47,5.010019950028321,-0.08781672666821105,22.342000000000002,22.51533333333333,22.51399345707466,4.900427634524768,4.960197718889487,4.959300985686511,22.404000000000003,22.33309090909091,22.625499283640828,4.918663306079995,4.91631981815766,4.958204374213745,23.107,22.729333333333333,23.170274672613644,5.026939782813049,4.969515458486412,5.01640629062578,24.371,23.299440860215054,23.299352521085925,5.1428860301185315,5.036920557292362,5.040966221720723,22.207499999999996,23.95228961748634,22.301456784076496,5.011106127356833,5.111686550458094,4.999304458599927,8.360109698156053
2024-09-27,sz001379,23.08,23.81,24.09,22.95,141445,330099554.43,4.99,4.29,0.98,28.29,5.150587600002347,0.1405676499740265,22.729999999999997,23.004666666666665,22.945995638049773,4.982823920189623,5.04358437404868,5.023063190458457,22.395,22.588727272727272,22.840863050251585,4.933113131304923,4.958487871598088,4.993183142538945,23.0915,22.796285714285716,23.231200894269485,5.024851803614068,4.981291441075869,5.029185462947359,24.263666666666666,23.263247311827953,23.332297519725543,5.135515696968428,5.037417432768738,5.048038568706635,22.377833333333335,24.0048306010929,22.350917217385465,5.026701856556076,5.116259713495652,5.004264561596727,8.518644938117882
2024-09-30,sz001379,24.72,26.08,26.16,23.83,203725,508100224.37,9.79,9.53,2.27,40.75,5.309044326476074,0.15845672647372666,23.549999999999997,24.121333333333332,23.99066375869985,5.095810191899588,5.152324509477497,5.118390235797663,22.722,23.258727272727274,23.42979704111493,4.95581446582583,5.026838997992842,5.050612448709332,23.1805,23.080904761904762,23.502515094815248,5.028231178767916,5.008357395634156,5.055838688045332,24.201666666666664,23.38043010752688,23.50956864748519,5.132060427579696,5.0486128282208425,5.064877649853051,22.591166666666666,24.1262131147541,22.473182226651513,5.044886199444405,5.125516843656962,5.014257340773099,8.705949386688747
2024-10-08,sz001379,28.68,27.73,28.68,25.53,205429,556991203.81,12.08,6.33,1.65,41.09,5.31266175207022,0.0036174255941459066,24.622,25.514666666666667,25.237109172466567,5.176030061054699,5.224608362867707,5.183147407888516,23.3,24.169272727272727,24.21165212454858,4.991339548599717,5.091720322764551,5.09825777659313,23.348999999999997,23.51419047619048,23.905132704832845,5.0315807381527495,5.035446021662946,5.080298027476275,24.246666666666666,23.608064516129033,23.781854541195823,5.129120747434384,5.06026452657507,5.080863720963836,22.83083333333333,24.294699453551917,22.645536907744905,5.066079283316983,5.134296369972564,5.024041091963169,8.745848336705249
2024-10-09,sz001379,26.93,24.97,26.93,24.97,116944,294221166.37,7.07,-9.95,-2.76,23.39,5.067977944539898,-0.24468380753032193,25.083999999999996,25.63066666666667,25.14807278164438,5.170058314623373,5.188590990696107,5.14475758677231,23.628999999999998,24.47290909090909,24.349533556448833,5.022810452534231,5.1056545765718555,5.092752352583451,23.4195,23.668571428571425,24.006548637705908,5.029681146244121,5.038912422271245,5.079124686244239,24.112000000000002,23.6547311827957,23.858509086925125,5.113257986439458,5.056319829614136,5.0800323805493885,23.033166666666666,24.364836065573773,22.721748812409007,5.079144045881934,5.134358621160202,5.025481644506669,8.468673912806983
2024-10-10,sz001379,24.5,23.0,24.5,22.58,130658,303313341.52,7.69,-7.89,-1.97,26.13,5.116136006099228,0.04815806155933,25.118000000000002,24.935999999999996,24.432048521096256,5.191281525837553,5.170616887854726,5.135217059881283,23.729999999999997,24.358545454545457,24.10416381891268,5.045854580181161,5.122622859038219,5.097003925949956,23.386000000000003,23.628619047619047,23.910686862686298,5.0392729482361265,5.0471462184479225,5.082649573849476,23.815333333333335,23.582989247311826,23.8031214038977,5.097556263275947,5.056505508301862,5.082361646713895,23.201666666666668,24.36374863387978,22.73087180216609,5.091479768670328,5.135571472314866,5.028453918657244,8.481891513578331
2024-10-11,sz001379,22.63,21.25,22.63,20.77,98547,211582379.86,8.09,-7.61,-1.75,19.71,4.993643407882058,-0.1224925982171694,24.606,23.646666666666665,23.37136568073084,5.159892687413496,5.104737515202895,5.088025842548209,23.668,23.907636363636364,23.585224942746738,5.071358303801559,5.1131299186202,5.0782111044830645,23.301,23.425190476190476,23.657288113859032,5.034447861487343,5.042800547938011,5.074172796138293,23.566333333333333,23.417483870967736,23.638403893968817,5.082570039515792,5.04980145311516,5.076637889369906,23.344,24.299759562841533,22.682318628324577,5.105227291796459,5.132363722780825,5.027312590435107,8.32547949772894
2024-10-14,sz001379,21.31,22.42,22.46,21.11,96366,209032012.08,6.35,5.51,1.17,19.27,4.983923832482064,-0.009719575399994795,23.874000000000002,22.918000000000003,23.054243787153894,5.094868588614693,5.04608123022575,5.053325172526161,23.712,23.68072727272727,23.373365862247333,5.09533939025714,5.097232742016655,5.061067964119245,23.223499999999998,23.34128571428571,23.53945115063436,5.023032807903012,5.037988735651794,5.0655776567424615,23.451666666666664,23.34352688172043,23.55979719113212,5.0693868424975275,5.043437181693629,5.070656337312626,23.492666666666665,24.269464480874316,22.673718017559835,5.110919434587313,5.128386560180352,5.0258900082071385,8.320212800967925
2024-10-15,sz001379,22.47,21.94,22.71,21.83,65817,145874439.41,3.93,-2.14,-0.48,13.16,4.818338082863573,-0.16558574961849093,22.716,22.273333333333333,22.682829191435932,4.996003854773364,4.953904394975377,4.974996142638632,23.669,23.358545454545457,23.11275388729327,5.0860169579140315,5.046868867945097,5.016935258436395,23.137999999999998,23.219047619047622,23.387122469621566,5.00302031122172,5.018493999933752,5.042031030658758,23.374333333333333,23.246000000000002,23.45529414654295,5.05319950843848,5.027240487523695,5.054377740251398,23.63633333333333,24.21855737704918,22.64966168911525,5.11968783741988,5.118793728976297,5.019085027048333,8.163979200079227
2024-10-16,sz001379,21.5,21.73,22.0,21.34,53299,114867881.83,3.01,-0.96,-0.21,10.66,4.726719060836028,-0.0916190220275448,22.068,21.944666666666663,22.365219460957288,4.92775207803259,4.864142796996265,4.892237115371097,23.576,23.006,22.861344089603584,5.048905196327981,4.981541977567279,4.964168677054509,23.0325,23.08495238095238,23.22930128203856,4.983702402213375,4.992179595135115,5.012001319247069,23.291,23.139913978494622,23.343984846765988,5.039925664011623,5.006177232839668,5.033238470611696,23.771333333333335,24.156054644808748,22.619508846849172,5.116933898709994,5.1059095067932185,5.009499257664323,8.060198612727277
2024-10-17,sz001379,21.93,22.26,23.35,21.88,110586,247496285.3,6.76,2.44,0.53,22.12,5.043700149503969,0.3169810886679407,21.92,22.00866666666667,22.330146307304858,4.913264906713538,4.90279215415339,4.942724793415389,23.519000000000002,22.766727272727273,22.75200880058475,5.0522732162755455,4.9805956054174585,4.978628944772593,22.961499999999997,23.01138095238095,23.136986874225364,4.98546826117777,4.9978936663056475,5.015020255462012,23.244333333333334,23.073397849462363,23.274050340523022,5.03538426063388,5.006420748032723,5.033913417637004,23.926,24.106502732240433,22.60772167154264,5.122094644991562,5.103508400261873,5.010620598380377,8.393568684943046
2024-10-18,sz001379,22.27,22.89,23.26,21.98,124138,281752536.54,5.75,2.83,0.63,24.83,5.093904744142976,0.05020459463900728,22.248,22.332,22.516764204869908,4.933317173965722,4.963005433296535,4.993118110324585,23.427,22.65236363636364,22.777098109569337,5.046604930689608,4.988164974120627,4.999588181021753,22.911,23.004571428571428,23.113464314775328,4.989859030997266,5.008220950397573,5.022533063907819,23.203333333333333,23.050537634408606,23.249272899198957,5.032102845972582,5.010196263097825,5.037783825798679,24.096,24.072535519125683,22.616976698705177,5.134040078844109,5.1025841412176565,5.013351226110298,8.449867834568602
2024-10-21,sz001379,22.88,24.28,24.41,22.86,157329,369785542.4,6.77,6.07,1.39,31.47,5.196808782249137,0.10290403810616144,22.62,23.009333333333334,23.104509469913275,4.975894163919136,5.0508359693910085,5.061015000966103,23.247,22.807454545454547,23.050352998738546,5.035381376266915,5.015474765313268,5.035446472154004,22.9845,23.13495238095238,23.22456295146339,4.995597921046372,5.027930450516798,5.039130751368896,23.202666666666666,23.12,23.315771421831283,5.03061457793425,5.020822452535023,5.048043500408387,24.288999999999998,24.078568306010933,22.671502052845987,5.148810794010206,5.104642131493232,5.019366227950915,8.567949927432556
2024-10-22,sz001379,24.78,23.76,24.98,23.49,145204,345134667.31,6.14,-2.14,-0.52,29.04,5.1619785802345985,-0.03483020201453879,22.984,23.389333333333337,23.32300631327552,5.044622263393341,5.112864108162828,5.094669527388935,22.85,22.900727272727273,23.17937972624063,5.020313059083353,5.0384924387619385,5.058452309986839,23.075,23.208809523809524,23.275556956085925,5.005826303841535,5.0437762275823435,5.050830544594201,23.182666666666663,23.15595698924731,23.34443133010023,5.027824845129616,5.029297549457625,5.0553941507197555,24.47233333333333,24.061224043715843,22.707190510129728,5.162805748141257,5.105073862189113,5.024042042779888,8.537988584516823
2024-10-23,sz001379,23.48,23.58,24.09,23.42,102675,242478681.76,2.82,-0.76,-0.18,20.53,5.01146471152569,-0.15051386870890848,23.354000000000003,23.588,23.408670875517014,5.101571393531275,5.101811590873612,5.066934588767854,22.711000000000002,23.033454545454543,23.25221977601506,5.0146617357819325,5.036883648296909,5.04990911026663,23.169999999999998,23.256904761904764,23.304551531696788,5.018736094158081,5.044313218790358,5.047081417635296,23.183333333333334,23.181591397849463,23.35962930880344,5.024674676090057,5.028242056967049,5.052559993352397,24.631666666666664,24.031967213114754,22.73580721471564,5.165383470543026,5.100111860988603,5.023629671263357,8.38467356231571
2024-10-24,sz001379,23.23,23.18,23.48,22.94,61798,142169463.48,2.29,-1.7,-0.4,12.36,4.790974420023784,-0.22049029150190602,23.538,23.530000000000005,23.33244725034468,5.051026247635237,4.998279266371115,4.9749478658531645,22.729000000000003,23.118727272727273,23.239088907648686,4.982145577174387,4.996213227249973,5.002830075677021,23.229499999999998,23.257857142857144,23.292689481059,5.014000078677775,5.022621630777568,5.022690275005628,23.166999999999998,23.181376344086022,23.348040321138704,5.020230491215546,5.013164621091805,5.035683504750552,24.761166666666668,23.98437158469946,22.750370912593816,5.160157462403602,5.087836154414202,5.016001630239108,8.152806324478956
2024-10-25,sz001379,22.89,23.53,23.58,22.89,66792,155673310.98,2.98,1.51,0.35,13.36,4.824724448045649,0.03375002802186522,23.666,23.527333333333335,23.398298166896453,4.997190188415772,4.922845333174586,4.924873393250659,22.957,23.26436363636364,23.29198183353074,4.965253681190747,4.96759120377202,4.970447234289499,23.3125,23.286476190476193,23.315290482862906,5.0183059924961535,5.004595380241175,5.003836386723725,23.186333333333334,23.20479569892473,23.35977965525879,5.011383134721811,5.000551327984071,5.022073243027656,24.871,23.944005464480878,22.775932522016966,5.152278525406921,5.076838350664761,5.009730247216371,8.192214162422696
2024-10-28,sz001379,23.6,24.49,24.71,23.48,114191,275541783.74,5.23,4.08,0.96,22.84,5.057631876200864,0.23290742815521437,23.708,23.802,23.76219877793097,4.969354807206117,4.942992562436284,4.969126220900728,23.163999999999998,23.543090909090907,23.509803318343334,4.972624485562627,4.984387239228406,4.986298987364292,23.438,23.398619047619047,23.427167579733105,5.033981937909884,5.008340702498766,5.008959766673929,23.203666666666667,23.288903225806457,23.432697096854998,5.00623003378955,5.003535117756913,5.024367348393669,24.968833333333333,23.931513661202185,22.832131455721324,5.1468145198202375,5.073735181838332,5.011300792428977,8.440187465517251
2024-10-29,sz001379,24.73,23.9,24.78,23.81,103189,248166615.29,3.96,-2.41,-0.59,20.64,5.013633403745456,-0.043998472455407445,23.736,23.866,23.808132518620646,4.939685771908289,4.957752094616064,4.9839619485156375,23.36,23.676909090909092,23.580748169553637,4.992154017650815,4.991843406170737,4.991268881251776,23.5145,23.442619047619047,23.47219923880614,5.039085487782423,5.006402746864059,5.009404874966456,23.212,23.333827956989246,23.46284567125145,4.999398213364752,5.004012754528262,5.02367483583572,25.026000000000003,23.896469945355197,22.867143539140294,5.143676161892941,5.069368587868667,5.011377271488533,8.394743357458774
2024-10-30,sz001379,23.98,24.73,24.75,23.23,140271,338318849.74,6.36,3.47,0.83,28.05,5.146967893111041,0.133334489365585,23.965999999999998,24.197333333333336,24.11542167908043,4.966786408225358,5.026846135016981,5.038297263380772,23.660000000000004,23.926,23.78970304781661,5.034178900878317,5.019991383527143,5.019577792498915,23.618000000000002,23.558380952380958,23.591989787491272,5.04154204860315,5.016677261657261,5.022506114789749,23.241666666666667,23.431763440860216,23.544597563428777,5.000527901768355,5.013533379028022,5.031629226627677,25.06316666666667,23.886765027322404,22.92822080015209,5.154732742874955,5.069476513482376,5.015822865640091,8.529326195571038
2024-10-31,sz001379,24.73,25.96,26.89,24.48,190476,486380911.94,9.75,4.97,1.23,38.1,5.279840262299344,0.13287236918830292,24.522,24.862000000000002,24.730281119386955,5.064559576680471,5.131197419708309,5.11881159635363,24.029999999999998,24.344181818181816,24.184302493668135,5.057792912157854,5.064657085603693,5.066898241553538,23.7745,23.78142857142857,23.81751456963496,5.055033064216699,5.039372329628327,5.047014128838282,23.317666666666664,23.607139784946234,23.70042997869144,5.009576478171131,5.031553531320345,5.0476428418323005,25.0835,23.916169398907098,23.027623396868414,5.160197998498921,5.073578399365142,5.02447917372728,8.686976522675463
2024-11-01,sz001379,26.02,25.06,26.81,24.88,149659,384506968.2,7.43,-3.47,-0.9,29.93,5.175102839003194,-0.10473742329615021,24.828,25.041333333333334,24.84018741292464,5.134635254871979,5.168045173815883,5.137575343903485,24.247,24.531454545454547,24.34352022209211,5.065912721643876,5.0859861632119365,5.086571804726203,23.837,23.903857142857145,23.93584651538401,5.056258826166742,5.05080754627466,5.059213053615893,23.356333333333335,23.719548387096776,23.788144173614572,5.015210261212802,5.042232651374026,5.055866067456229,25.047833333333337,23.915398907103825,23.094258695331742,5.155693872456864,5.074067082660364,5.029417654555998,8.584904214679419
2024-11-04,sz001379,24.63,25.15,25.37,23.8,86779,214203503.75,6.26,0.36,0.09,17.36,4.938414641218588,-0.2366881977846056,24.96,25.148666666666667,24.943458275283096,5.110791807875525,5.102638302598086,5.07118844300852,24.334,24.695636363636364,24.49015290898445,5.040073307540821,5.062804694043703,5.05963413863391,23.7905,24.028904761904762,24.051480180585536,5.037727341903868,5.039584290565312,5.047708442911388,23.43433333333333,23.835268817204298,23.876005839832988,5.010423049877855,5.037278095245368,5.048288556086058,24.9685,23.91874863387978,23.161660049583162,5.144894051941253,5.066943173439437,5.0264339492006735,8.330826570355995
2024-11-05,sz001379,24.98,25.63,25.83,24.78,106453,267927339.55,4.17,1.91,0.48,21.29,5.027157904995449,0.08874326377686081,25.306,25.372,25.1723055168554,5.113496708125522,5.074760334971393,5.056511597004164,24.520999999999997,24.931272727272724,24.69739783462364,5.026591240016906,5.060456439035454,5.053729368881462,23.6855,24.204095238095242,24.201815401482154,5.023452149550129,5.038577677526415,5.045751248824155,23.557000000000002,23.976924731182798,23.98916675339215,5.012747949233325,5.03835776331747,5.046925288273762,24.847500000000004,23.940437158469955,23.242589228285354,5.138266710996834,5.06308297190023,5.026457685456239,8.42801703167426
2024-11-06,sz001379,25.7,25.13,26.03,24.98,116211,294370949.12,4.1,-1.95,-0.5,23.24,5.065247238322797,0.03808933332734821,25.386000000000003,25.31333333333333,25.1582036779036,5.097152577167874,5.058677178370486,5.059423477443708,24.676,25.041999999999998,24.77605277378298,5.031969492696616,5.067484802363796,5.055823526961705,23.6935,24.341666666666672,24.29021393467433,5.023315614239275,5.0425581621714315,5.047608009728788,23.672,24.078408602150542,24.062768898334593,5.02314722700426,5.041744814226468,5.048107349567248,24.6635,23.94969945355191,23.30447154866944,5.137930930730284,5.060688890828951,5.027729474074814,8.468894948126694
2024-11-07,sz001379,25.04,27.63,27.63,24.53,172152,452137825.38,12.34,9.95,2.5,34.43,5.235912072547043,0.1706648342242456,25.72,26.06133333333333,25.982135785269065,5.088366939217414,5.104930343496875,5.11825300914482,25.121,25.579090909090908,25.2949522694588,5.076463257948943,5.104565271427512,5.088566898886311,23.925,24.71657142857143,24.60828879803868,5.029304417561666,5.062805443915028,5.065541729997193,23.86,24.333763440860213,24.29291284037752,5.034821138434831,5.055471578455034,5.0602237833078805,24.581166666666668,24.046961748633883,23.446292153631095,5.131283577325387,5.063901387281959,5.034555133041116,8.655270841178606
2024-11-08,sz001379,28.69,30.38,30.38,28.48,215459,643110576.32,6.88,9.95,2.75,43.09,5.333364639843284,0.09745256729624074,26.784,27.61466666666667,27.44809052351271,5.120019299385431,5.186596243705497,5.189956886044309,25.806,26.53527272727273,26.21950640228447,5.127327277128706,5.151274613590117,5.133075579060306,24.3815,25.331333333333333,25.157975579177855,5.046290479159727,5.091763560322801,5.091048673792059,24.143666666666665,24.754408602150537,24.68562814099833,5.054646420707003,5.074732449513645,5.077845774052101,24.588833333333334,24.23708743169399,23.673626837118597,5.127997699722725,5.070526995889102,5.0443521660510235,8.8082856518618
2024-11-11,sz001379,30.76,29.68,33.29,28.73,290156,878640100.72,15.01,-2.3,-0.7,58.03,5.462631555565548,0.12926691572226456,27.689999999999998,28.580000000000002,28.19206034900848,5.224862682254825,5.300800329098869,5.280848442551388,26.325,27.239636363636365,26.848687056414562,5.167827245065174,5.212239027851362,5.192994847515804,24.744500000000002,25.83595238095238,25.588644571637108,5.0702258653139,5.131415091409069,5.126437519675249,24.400333333333332,25.111591397849462,25.00784568028876,5.078597040294981,5.101054071117422,5.102670663182002,24.629666666666665,24.40401092896175,23.870557104754052,5.127701090805104,5.0814985977200156,5.058066244395762,8.943811020377051
2024-11-12,sz001379,28.73,27.29,29.58,26.88,203348,567324686.56,9.1,-8.05,-2.39,40.67,5.308239905320713,-0.15439165024483525,28.022000000000002,28.446666666666665,27.891373566005655,5.281079082319877,5.328592736787499,5.289978930141164,26.663999999999998,27.415090909090907,26.928925773430095,5.1972878952227,5.237768602443279,5.213948494389424,25.012,26.078380952380954,25.75067842195738,5.094720956436758,5.154083095219242,5.143752032593865,24.564333333333334,25.29802150537634,25.15508144285078,5.091819623595849,5.115869739828758,5.115933194932887,24.640666666666668,24.491234972677596,23.982669986565394,5.1275637231274604,5.08741790311397,5.066268659508055,8.753831681861053
2024-11-13,sz001379,27.57,27.65,27.87,26.84,111794,304583535.4,3.77,1.32,0.36,22.36,5.048418495528794,-0.25982140979191914,28.526,28.32266666666667,27.810915710670436,5.277713333761076,5.251039207857138,5.209458785270375,26.956,27.59436363636363,27.060030178260984,5.187432955464475,5.210701438862569,5.183852130960218,25.308,26.329619047619047,25.931566191294774,5.110805928171396,5.149673337037532,5.134672648111477,24.730666666666664,25.49709677419355,25.316043930408796,5.090172350890258,5.113069667050239,5.111577407874559,24.639166666666668,24.589901639344266,24.102910314874723,5.122187465827694,5.0848229776189315,5.065683408230047,8.483706423365792
2024-11-14,sz001379,27.56,26.11,27.58,26.08,93114,246630583.06,5.42,-5.57,-1.54,18.62,4.9690149835123885,-0.07940351201640539,28.221999999999998,27.517333333333337,27.243943807113627,5.224333915954146,5.148139757774243,5.129310851351047,26.970999999999997,27.440545454545454,26.887297418577166,5.15635042758578,5.170989080325826,5.144790831424249,25.5005,26.406000000000002,25.948559887361938,5.107071669871817,5.136169437546197,5.118895727673468,24.84,25.586086021505377,25.367266902640488,5.08880551867306,5.105253062703279,5.102379832109257,24.6055,24.63812568306011,24.168716534059158,5.115845774395796,5.07980092901843,5.062513951681927,8.392046929642733
2024-11-15,sz001379,26.08,26.8,27.72,25.79,107332,285166898.7,7.39,2.64,0.69,21.47,5.030729221980151,0.06171423846776225,27.506,27.043333333333333,27.095962538075753,5.1638068323815185,5.083604859782911,5.096450308227415,27.145,27.409454545454544,26.87142516065404,5.141913065883475,5.1481488611248025,5.124052356979868,25.695999999999998,26.529761904761905,26.029649421898895,5.103912893763676,5.128898728223181,5.110498917607438,24.939666666666664,25.712537634408605,25.459701296018522,5.084810239405654,5.101506204852123,5.097757212100928,24.601666666666667,24.71007650273224,24.254988123106397,5.110162968187041,5.077010222381854,5.0614718293966225,8.455099112532402
2024-11-18,sz001379,26.55,27.96,28.18,25.51,137331,373337022.78,9.96,4.33,1.16,27.47,5.137768582461047,0.10703936048089613,27.162,27.194666666666667,27.383975025383837,5.098834237760618,5.074925443142754,5.110223066305292,27.426,27.557636363636366,27.069347858716945,5.161848460007722,5.14739531868436,5.126546216158263,25.880000000000003,26.74538095238095,26.213492334099,5.100960883774271,5.132123079527693,5.113096028545876,25.002333333333336,25.907397849462367,25.621010889823783,5.079101047938485,5.1049228721460205,5.1003385908338394,24.601999999999997,24.820185792349726,24.376463922348808,5.10558073775909,5.0779153244891955,5.06397336228398,8.572101059821264
2024-11-19,sz001379,27.68,29.48,29.48,27.38,189355,541034366.76,7.51,5.44,1.52,37.87,5.277276777340341,0.13950819487929422,27.6,27.967333333333332,28.082650016922557,5.092641612164544,5.134406289669328,5.165907636650309,27.811,27.93109090909091,27.507648248041136,5.186860347242211,5.168382285472109,5.153951772736822,26.166000000000004,27.088238095238093,26.52458830228005,5.1067257936295585,5.148915069391129,5.128732290335826,25.06066666666667,26.196279569892468,25.869977929189993,5.077921548780823,5.117708403075173,5.111753957705227,24.653666666666666,24.980120218579234,24.543792974075078,5.103521148107603,5.0835447028361225,5.070966916875991,8.733224852574569
2024-11-20,sz001379,28.86,29.08,29.48,27.98,131210,373760024.46,5.09,-1.36,-0.4,26.24,5.117966935491767,-0.15930984184857433,27.886000000000003,28.460666666666665,28.415100011281705,5.106551300157139,5.1428480641117345,5.149927402930795,28.206,28.16181818181818,27.793530384760928,5.192132316959108,5.155856210608393,5.147409075055903,26.440999999999995,27.365761904761904,26.767960844920047,5.112050904827862,5.149985654330386,5.127707018445915,25.197666666666667,26.45559139784946,26.077076127306768,5.079587848479219,5.120291976411362,5.1121547949817785,24.654833333333332,25.125245901639346,24.692521073285732,5.096422917459337,5.0840183352093735,5.072507901092902,8.572592849517848
2024-11-21,sz001379,28.71,27.85,28.93,26.98,118964,330110564.34,6.71,-4.23,-1.23,23.79,5.075415558310823,-0.04255137718094382,28.233999999999998,28.448666666666668,28.226733340854473,5.127831415116825,5.132469483496297,5.125090121390805,28.228,28.097090909090912,27.80379758753167,5.1760826655354855,5.1346349817632495,5.134319344738616,26.674500000000002,27.49995238095238,26.8710121930229,5.126272961742214,5.146496573709715,5.12272687938543,25.359333333333332,26.626709677419356,26.191458312641817,5.078230500219606,5.120022796400498,5.109784521648169,24.587333333333333,25.230005464480875,24.796044972522264,5.087893381747777,5.083329569335652,5.072603234116441,8.518659423031165
2024-11-22,sz001379,27.87,25.73,28.18,25.71,87389,237080056.94,8.87,-7.61,-2.12,17.48,4.941456769705875,-0.13395878860494825,28.02,27.614,27.39448889390298,5.109976924661971,5.0703446016926454,5.063879004162495,27.762999999999998,27.64290909090909,27.426743480707728,5.136891878521745,5.091975727976048,5.09925342200539,26.784499999999998,27.409999999999997,26.762344365115958,5.132109577825226,5.128895031611017,5.105463059415949,25.508666666666667,26.650623655913975,26.16168680860041,5.076490945613732,5.11119868475445,5.098924666684151,24.5375,25.26746994535519,24.82666644883301,5.0795304925647615,5.078528368940836,5.0683033500374055,8.374895022872384
2024-11-25,sz001379,25.76,25.33,26.13,24.56,72968,181746909.0,6.1,-1.55,-0.4,14.59,4.863132442718785,-0.07832432698708924,27.494,26.717333333333332,26.706325929268655,5.055049696713519,4.988063107711584,4.9969634836812595,27.327999999999996,27.200545454545455,27.045517393306323,5.076941967237068,5.042201285102783,5.0563223348623705,26.8265,27.271476190476193,26.625930616057296,5.122384606151121,5.10327816160088,5.082383953063838,25.605666666666668,26.639096774193543,26.10802959514232,5.072464565954957,5.09743362005155,5.083712265137999,24.528666666666666,25.293453551912567,24.843169188215533,5.070925704226243,5.0714333509130975,5.061576435043352,8.25946703347518
2024-11-26,sz001379,25.33,24.28,25.42,24.24,65612,160811967.28,4.66,-4.15,-1.05,13.12,4.81698327622286,-0.046149166495925265,26.454,25.645999999999997,25.89755061951244,4.9629909964900225,4.908707634214698,4.936970081195127,27.026999999999997,26.646363636363635,26.54269604906881,5.027816304327283,4.994936068554745,5.01280614238246,26.845499999999998,27.02895238095238,26.40250865262327,5.112552099774992,5.074192320655332,5.057107698126602,25.683666666666667,26.55356989247312,25.990092201907334,5.0724194057336,5.080950956197867,5.066503943272506,24.529,25.285300546448088,24.824704624667483,5.062809457086041,5.063107369667086,5.053556987213172,8.206318364874347
2024-11-27,sz001379,23.98,24.98,25.18,23.22,75849,181594843.49,8.07,2.88,0.7,15.17,4.8799498593832,0.06296658316033987,25.634000000000004,25.15466666666667,25.591700413008297,4.915387581268309,4.881027255179091,4.917963340591151,26.76,26.274181818181816,26.25856949469266,5.010969440712723,4.968051260383093,4.988650454564413,26.857999999999997,26.851285714285712,26.26703163808772,5.099201198088599,5.052039726332303,5.040235523008183,25.791999999999998,26.508172043010756,25.924924963074606,5.077527099018505,5.068533566110745,5.05446819592481,24.5415,25.30008743169399,24.82979627631773,5.058726381515064,5.057111973021091,5.047864950235139,8.259103512270784
2024-11-28,sz001379,24.79,24.01,24.88,23.97,62774,151902715.59,3.64,-3.88,-0.97,12.55,4.797779803058539,-0.08217005632466101,24.866,24.613333333333337,25.064466942005534,4.859860430217852,4.841824662442502,4.877902161413614,26.55,25.774181818181816,25.849738677475813,4.993845922667338,4.9292895080823325,4.953946699745162,26.7605,26.580047619047615,26.052076243984125,5.07509817512656,5.023332926805631,5.017144502060598,25.85033333333333,26.393204301075265,25.801381417069795,5.069329754136991,5.050485353468167,5.037907654449566,24.54733333333333,25.28266120218579,24.802917709881083,5.052357007385436,5.048556347497926,5.039665437212955,8.181565537886554
2024-11-29,sz001379,23.78,24.0,24.34,23.56,54573,129862226.32,3.25,-0.04,-0.01,10.91,4.736977828579441,-0.060801974479097964,24.52,24.324666666666666,24.70964462800369,4.818964641992565,4.800863795229699,4.830927383802223,26.27,25.310545454545455,25.51342255429839,4.964470783327267,4.88258621824817,4.9144978140786675,26.7075,26.31714285714286,25.856640411223733,5.053191924605372,4.991130989039239,4.990461961729059,25.887333333333334,26.27382795698925,25.68516326112981,5.057432190284873,5.029043293754776,5.018492826974075,24.545333333333335,25.26471584699453,24.77659253906531,5.044767518128727,5.038216046553467,5.029741253323332,8.113482844018048
2024-12-02,sz001379,24.0,24.56,24.6,24.0,49720,120418878.49,2.5,2.33,0.56,9.94,4.696531119969607,-0.040446708609834126,24.366000000000003,24.338,24.659763085335797,4.785644377442729,4.760052621222045,4.786128629191351,25.93,24.999636363636363,25.340072998971408,4.920347037078123,4.833869915819504,4.874867506058838,26.678000000000004,26.11261904761905,25.733150848250045,5.0410977485429225,4.957163293359643,4.962468548228158,25.896666666666665,26.188193548387098,25.612572082992404,5.040756268208889,5.005759353734437,4.9977211039415295,24.549666666666663,25.26519672131148,24.769491144341856,5.035685423071569,5.026798459728578,5.018816330918292,8.08069457812879
2024-12-03,sz001379,24.65,24.43,24.83,24.18,47421,115326273.27,2.65,-0.53,-0.13,9.48,4.675970708012113,-0.020560411957493585,24.396,24.359333333333332,24.583175390223865,4.75744186380058,4.723494731411839,4.749409322131605,25.425,24.726909090909093,25.174605180976606,4.860216430145301,4.789437855989319,4.838704451868524,26.618000000000002,25.898523809523816,25.609041243654804,5.023538388693757,4.922389289499565,4.935183039636154,25.919,26.093569892473116,25.53627710989612,5.024556005801473,4.982224801463677,4.9769630138815675,24.550833333333333,25.26127322404372,24.758360287150317,5.026190425465545,5.015004534644661,5.007575490823007,8.061928258173714
2024-12-04,sz001379,24.48,23.85,24.48,23.71,41600,99322206.24,3.15,-2.37,-0.58,8.32,4.619093330626742,-0.05687737738537102,24.17,24.17733333333333,24.338783593482578,4.705270558049288,4.677378553687228,4.705970658296651,24.902,24.440545454545454,24.933767875344493,4.810329069658799,4.745597292440491,4.798775157097291,26.553999999999995,25.63490476190476,25.441513506163872,5.001230693308953,4.883870712540803,4.905079257825734,25.928,25.960086021505372,25.42748503828992,5.0114769597715085,4.956065919194341,4.953874647219966,24.55566666666667,25.23829508196722,24.728577982653587,5.018075817930782,5.001657088912241,4.994838370816572,7.997046357954777
2024-12-05,sz001379,23.82,24.11,24.17,23.63,30883,73454796.0,2.26,1.09,0.26,6.18,4.489719481435786,-0.12937384919095596,24.19,24.157333333333334,24.262522395655054,4.643658493724738,4.60552819481606,4.633886932676363,24.528,24.296545454545452,24.783991898009127,4.751759461971295,4.687304640036307,4.742583216067926,26.377999999999997,25.402142857142856,25.314702696053025,4.96392106375339,4.835155359029072,4.865521183883834,25.959000000000003,25.842795698924732,25.34248600356154,5.001435128485241,4.922404146398487,4.923929152653246,24.563,25.223683060109288,24.70829673732068,5.0108328098503945,4.984333930338635,4.9782770957549065,7.866020156945013
2024-12-06,sz001379,24.11,24.16,24.29,23.6,44791,106526826.19,2.86,0.21,0.05,8.96,4.651190758574044,0.16147127713825782,24.222,24.147333333333336,24.228348263770037,4.626501079723658,4.608038949765828,4.6396548746422575,24.371000000000002,24.229636363636367,24.67053882564383,4.722732860858112,4.669019421236807,4.725966405614493,26.067,25.19090476190476,25.204731010714642,4.9298123696899285,4.805371520440563,4.845108762425759,25.98,25.726731182795696,25.266196583976924,4.99565067216952,4.8998077354364735,4.906333127228781,24.583166666666667,25.210469945355193,24.690319795113446,5.003516903445667,4.972542387673838,4.967552953552255,8.027458988049133
2024-12-09,sz001379,23.98,25.47,25.84,23.95,101421,251559796.62,7.82,5.42,1.31,20.28,5.006127888329196,0.354937129755152,24.404,24.56333333333333,24.642232175846694,4.688420433395576,4.734581219301007,4.761812545871237,24.384999999999998,24.429454545454547,24.815895402799498,4.737032405419153,4.720545789867913,4.776904857017166,25.8565,25.134047619047614,25.229994723979914,4.906987186328111,4.812639665072874,4.860443917273705,26.012666666666668,25.69382795698925,25.279345191462287,4.993933872573799,4.900483684866131,4.912771498912679,24.608166666666666,25.239546448087427,24.71588308051956,5.000081953181675,4.972627993735592,4.968817705512155,8.400641234940087
2024-12-10,sz001379,26.39,25.1,26.39,25.09,82218,208703291.14,5.1,-1.45,-0.37,16.44,4.914966908110492,-0.09116098021870389,24.538,24.795333333333335,24.794821450564466,4.736219673415253,4.810096710872646,4.81286399995099,24.467000000000002,24.559454545454546,24.86755078410868,4.746830768607916,4.752897517629974,4.802007048125043,25.747000000000003,25.062,25.217614274077064,4.8873235364675995,4.813399638575958,4.865636583067684,26.052666666666664,25.634946236559134,25.267774533948593,4.990644989385967,4.89538904199753,4.912913138215765,24.632333333333335,25.255672131147538,24.72847707787957,4.995021601375359,4.969837336520143,4.967052105597347,8.319529297712657
2024-12-11,sz001379,25.18,25.16,25.18,24.74,44390,110057156.46,1.75,0.24,0.06,8.88,4.647285145025367,-0.26768176308512537,24.8,25.002666666666666,24.916547633709648,4.7418580362949765,4.7804518680760175,4.757671048309116,24.485000000000003,24.685454545454544,24.92072336881619,4.723564297172134,4.734798313342239,4.7738757930160105,25.622499999999995,25.006095238095238,25.21212720035544,4.867266868942428,4.790538839390983,4.844841208016035,26.067,25.577354838709677,25.260821338209976,4.97398889778311,4.873236793974265,4.895775848332513,24.654333333333334,25.27297267759563,24.74262537040811,4.987258399775732,4.958436141229979,4.956567942955642,8.041618287780205
2024-12-12,sz001379,25.03,25.51,25.67,24.79,57089,143296345.82,3.5,1.39,0.35,11.42,4.756552435749973,0.10926729072460617,25.080000000000002,25.239333333333335,25.114365089139767,4.795224627157815,4.785350001227683,4.757298177456068,24.634999999999998,24.87181818181819,25.027864574485974,4.719441560441277,4.740796156720028,4.770726091694913,25.5925,24.995380952380952,25.24049603841683,4.856643741554307,4.779994607658368,4.836432753514505,26.052000000000003,25.541419354838705,25.276897380906107,4.956545970231465,4.8592086351334185,4.886793692682027,24.684833333333337,25.301027322404373,24.767785194329157,4.983061224201298,4.9508720112619224,4.950010057473489,8.156235115655932
2024-12-13,sz001379,25.41,24.69,25.41,24.68,46892,116237132.68,2.86,-3.21,-0.82,9.38,4.671098756314033,-0.08545367943593973,25.186,25.109333333333332,24.972910059426514,4.799206226705812,4.743974710946423,4.7285650370753896,24.704,24.881818181818183,24.966434651852158,4.712853653214736,4.73200655596962,4.752612030716571,25.487000000000002,24.909428571428574,25.188067844281893,4.8386622182710015,4.762323656683105,4.820686658543032,26.039666666666665,25.453548387096777,25.239033033750875,4.939745834141827,4.840792685848421,4.8728778903357055,24.697999999999997,25.301196721311474,24.765234860088857,4.977478047677313,4.940643733626276,4.940865424648589,8.065344888311536
2024-12-16,sz001379,24.68,24.14,24.78,23.98,32277,77649802.86,3.24,-2.23,-0.55,6.46,4.508893162233664,-0.16220559408036905,24.92,24.760666666666665,24.69527337295101,4.699759281486706,4.647203689455707,4.655341078794814,24.662,24.77927272727273,24.816173806060856,4.69408985744114,4.694922830336697,4.708299509174224,25.296,24.78114285714286,25.08825185911219,4.807218447259633,4.730917079917643,4.790992039846902,26.005999999999997,25.33098924731183,25.16812767673469,4.925428451508996,4.812995739273702,4.8493950046517025,24.720166666666668,25.282901639344267,24.74473535647939,4.967925750693425,4.925280294759268,4.926702399651378,7.890140357464154
2024-12-17,sz001379,23.98,23.06,24.05,22.98,38444,89236583.24,4.43,-4.47,-1.08,7.69,4.584828568578974,0.07593540634530971,24.512,24.140666666666668,24.15018224863401,4.6337316135804025,4.608893451819796,4.6318369087228675,24.525,24.488,24.496869477686154,4.684975643497827,4.675057141452667,4.6858502472478145,24.975,24.568190476190473,24.89508501538722,4.772596036821564,4.709737091471866,4.771357423535671,25.920333333333335,25.140924731182793,25.032119439526003,4.910684140295113,4.791021553278218,4.83232620232443,24.738666666666667,25.22846994535519,24.689498131676785,4.961716044764219,4.912719731411255,4.915493421583431,7.950542933323795
2024-12-18,sz001379,23.1,23.02,23.27,22.69,25187,57556985.48,2.52,-0.17,-0.04,5.04,4.401176442169203,-0.18365212640977102,24.084,23.64333333333333,23.773454832422676,4.58450987300917,4.5313750613493955,4.554950086538313,24.442,24.21436363636364,24.22834775447049,4.663183954652074,4.623457286665644,4.634091373597157,24.672000000000004,24.382,24.716505490112247,4.736756512155436,4.674363796743071,4.736102091976959,25.85,24.953806451612902,24.90230528213723,4.888548447089993,4.7581500888829975,4.804510088766029,24.761,25.172120218579238,24.634760488015253,4.955847837047127,4.894341383785188,4.898630569799358,7.760098039891304
2024-12-19,sz001379,22.63,23.28,23.28,22.58,22635,51504682.29,3.04,1.13,0.26,4.53,4.354780498831271,-0.04639594333793173,23.637999999999998,23.375333333333334,23.608969888281784,4.5041554856254296,4.454798603290097,4.488226890635966,24.359,24.00309090909091,24.055920890021312,4.649690056391622,4.567383931061862,4.5833075781851775,24.4435,24.249428571428577,24.57969544343489,4.700724759181458,4.637985128807435,4.699785749772609,25.705,24.788000000000004,24.797640425225154,4.8591773946328,4.723713447059854,4.775495276512174,24.782499999999995,25.12356284153006,24.590342111359014,4.946999266533816,4.874634257942047,4.880799419931551,7.711846712541666
2024-12-20,sz001379,23.28,23.48,23.74,23.16,24057,56149938.47,2.49,0.86,0.2,4.81,4.381241468195862,0.026460969364590525,23.395999999999997,23.32266666666667,23.56597992552119,4.446184028001795,4.413827264146907,4.452565083155932,24.291000000000004,23.843272727272726,23.951208000926528,4.622695127353803,4.518575096844452,4.5465682854598475,24.331,24.157666666666664,24.474962544060137,4.6727139941059574,4.6075581487135695,4.669448199146252,25.475,24.644451612903225,24.71263136553321,4.827439955577887,4.692878871160696,4.750059546943381,24.80933333333333,25.08085792349727,24.553937451970192,4.941043188142445,4.856084821930964,4.8644204706943155,7.7493492846909025
2024-12-23,sz001379,23.39,23.64,24.38,22.99,43798,103114637.2,5.92,0.68,0.16,8.76,4.641454279253067,0.2602128110572055,23.296,23.404,23.590653283680794,4.472696251405675,4.478917347897332,4.5155281485216445,24.108,23.724909090909094,23.89462472803079,4.586227766446191,4.521985851735226,4.563820284331342,24.2465,24.091857142857144,24.395442301768696,4.661630085932672,4.604581033013294,4.666782111537377,25.273666666666664,24.526064516129033,24.643429341950423,4.8000673797008035,4.680879795268772,4.74305275547949,24.837,25.042519125683057,24.523972289610512,4.939332209997892,4.846262234754264,4.857110103761815,8.013320318086514
2024-12-24,sz001379,23.46,23.5,24.12,23.21,28966,67738343.16,3.85,-0.59,-0.14,5.79,4.461888526343973,-0.17956575290909438,23.383999999999997,23.471999999999998,23.560435522453865,4.448108242958675,4.4753147728767635,4.497648274462421,23.948,23.614363636363635,23.822874777479736,4.540919928269539,4.4993787171711865,4.545287237424548,24.2075,24.02076190476191,24.31016208255263,4.643875348438728,4.5855580273381795,4.647268436757052,25.147333333333332,24.41163440860215,24.56965970698588,4.771855667068246,4.659061804729622,4.724913127793328,24.855833333333337,24.998683060109293,24.49039942765607,4.931837645332048,4.830608343486924,4.8441520192563114,7.830834569851137
2024-12-25,sz001379,23.52,24.46,24.87,22.62,76901,184231100.64,9.57,4.09,0.96,15.38,4.885931987287233,0.42404346094325973,23.672,23.83066666666667,23.860290348302577,4.545059351982281,4.621256020986284,4.627076178737358,23.878,23.707454545454542,23.93871572702887,4.564784612495726,4.5621081824471315,4.60722264649049,24.1815,24.04480952380952,24.32443236040476,4.644174454833929,4.608611040561847,4.669998298712308,25.041,24.367290322580644,24.562584887180343,4.766439450126859,4.666421567324395,4.735301441309065,24.885833333333334,24.985704918032788,24.48940272510997,4.928305900508559,4.8291032399444695,4.845521854273718,8.265362946687135
2024-12-26,sz001379,24.18,24.29,24.73,23.89,51140,123292426.84,3.43,-0.7,-0.17,10.23,4.708760723690316,-0.17717126359691626,23.874000000000002,24.036666666666665,24.003526898868387,4.615855396954091,4.6758231448889624,4.654304360388345,23.756,23.78236363636364,24.002585594841804,4.560005441289759,4.588285657209785,4.625684115072276,24.195500000000003,24.055142857142858,24.32115308798526,4.639723500865518,4.614762113786265,4.673689958234023,24.98033333333333,24.31883870967742,24.544998765426772,4.757764308132791,4.662700359167198,4.733589136946565,24.91016666666667,24.96616939890711,24.482864930844066,4.9232849134029255,4.8219050374258385,4.8410378827791805,8.090936401148786
2024-12-27,sz001379,24.15,24.57,24.93,24.0,56598,137758495.34,3.83,1.15,0.28,11.32,4.752801084822366,0.044040361132049455,24.092000000000002,24.268666666666665,24.192351265912258,4.690167320279391,4.7214717075117205,4.687136601866352,23.744,23.930363636363637,24.105751850325113,4.568175674140592,4.623339410579349,4.6487962913904735,24.224,24.090809523809522,24.344852793891423,4.640514663677664,4.625531407496441,4.681224351242437,24.906000000000002,24.292365591397846,24.546611748302468,4.748500036894199,4.662380151211687,4.734828617454681,24.922833333333333,24.955016393442623,24.485721818357376,4.916655138149926,4.816315403701886,4.838144873010104,8.139118390576595
2024-12-30,sz001379,24.34,23.62,24.5,23.58,42094,100078601.12,3.74,-3.87,-0.95,8.42,4.624220196724192,-0.12858088809817403,24.088,24.111333333333334,24.001567510608176,4.686720503773616,4.699489332993321,4.666164466818966,23.692,23.907818181818183,24.01743333208418,4.579708377589646,4.633529323776367,4.644327910542058,24.177,24.033285714285714,24.275819194473193,4.636899117515393,4.623979553500873,4.675795384145461,24.761333333333333,24.20939784946237,24.48683034518618,4.731381757369637,4.65436209700717,4.727692590310779,24.881833333333336,24.912300546448083,24.45733749644402,4.9052414026540605,4.806727372835469,4.831130949197451,8.00034122624061
2024-12-31,sz001379,23.61,23.03,23.93,22.97,27939,64892578.86,4.06,-2.5,-0.59,5.59,4.446210857674584,-0.17800933904960825,23.994,23.758666666666667,23.677711673738784,4.683584970039738,4.619319450960309,4.592846597104172,23.689,23.787454545454544,23.837899998977964,4.565846606499207,4.609257047428174,4.608306628202517,24.107000000000003,23.92404761904762,24.157169747380507,4.625411124998516,4.6058187668493655,4.653930191148234,24.546333333333333,24.09769892473118,24.39284129065804,4.703679560047445,4.6359639744462,4.709532478527799,24.8035,24.851584699453554,24.410539545740935,4.890800554414134,4.791677191032863,4.818510618327849,7.812195033557937
2025-01-02,sz001379,23.01,22.03,23.2,21.79,35867,80006666.58,6.12,-4.34,-1.0,7.17,4.554695052786022,0.10848419511143881,23.508000000000003,23.104000000000003,23.128474449159192,4.617337583139497,4.576356145209071,4.580129415664789,23.59,23.485818181818182,23.509190908254695,4.581198467560888,4.607229492207595,4.598559069035882,24.016,23.726238095238095,23.954582152391886,4.622191211106481,4.599083902829128,4.644479225589928,24.311333333333334,23.935354838709678,24.2403999170672,4.68490383062392,4.626352070751914,4.69954296718962,24.7545,24.760650273224044,24.332489068831396,4.88224583955157,4.7806573385204665,4.809860927654347,7.9031261762204394
2025-01-03,sz001379,22.11,20.59,22.16,20.58,35401,74892241.49,7.17,-6.54,-1.44,7.08,4.549015530058215,-0.005679522727807473,22.768,22.131333333333334,22.282316299439465,4.5853885444130755,4.553582127515311,4.569758120462598,23.321,22.940363636363642,22.978428924935656,4.600621970683583,4.601378049025291,4.589551152858124,23.839999999999996,23.39995238095238,23.634145756925992,4.625156013537603,4.592114790348341,4.635387445063098,24.069333333333336,23.695268817204305,24.00489024499835,4.667357163015499,4.617585083618644,4.689831519632755,24.714333333333332,24.624109289617486,24.20978450919758,4.872793831617553,4.769731754602651,4.8013086195364405,7.874436829013133
2025-01-06,sz001379,20.46,20.05,20.63,19.77,24775,49554303.57,4.18,-2.62,-0.54,4.96,4.394013663157313,-0.15500186690090167,21.864,21.22533333333333,21.538210866292978,4.513631060080065,4.489790500430057,4.51117663469417,22.978,22.345636363636363,22.44598730222008,4.6018991901797275,4.563812902202332,4.55399888200343,23.6345,23.039,23.29279854198066,4.612297158766766,4.570101233169266,4.612399465833976,23.88,23.435956989247316,23.74973603564362,4.649109059463881,4.599950019111664,4.670746496634339,24.69433333333333,24.471180327868854,24.07339813184684,4.8628000025388065,4.754034044161331,4.787954686540404,7.695081376995729
2025-01-07,sz001379,19.96,20.5,20.51,19.87,25364,50795142.04,3.19,2.24,0.45,5.07,4.4042177445149235,0.010204081357610306,21.240000000000002,20.770666666666667,21.192140577528654,4.469630569638211,4.453319395241676,4.475523671301088,22.664,21.89509090909091,22.092171429089152,4.578175536705913,4.527870821172368,4.526765947914611,23.386,22.74047619047619,23.026817728458692,4.582201651576052,4.550284146097662,4.592572635232161,23.718999999999998,23.217892473118283,23.54007564624726,4.6338119028570866,4.584150579437537,4.653551093271796,24.662333333333333,24.33366120218579,23.956237537360057,4.853138234406021,4.738998560291694,4.775373147457602,7.705822179092852
2025-01-08,sz001379,20.38,20.55,20.69,19.91,24362,49220104.83,3.8,0.24,0.05,4.87,4.386712938858596,-0.01750480565632717,20.744,20.540666666666667,20.97809371835244,4.457730985875014,4.425680184981805,4.445920093820257,22.369,21.510727272727276,21.811776623800217,4.570657977957376,4.493059439745583,4.501301764449881,23.1585,22.470380952380957,22.790930325748338,4.555788953113457,4.5316661734579045,4.5729669498632495,23.59466666666667,23.01344086021506,23.34716754003776,4.619469558278277,4.568208710792473,4.636335728470944,24.639166666666668,24.198830601092897,23.84455761810235,4.845944482005938,4.723705927650798,4.762630189798617,7.6921425343371626
2025-01-09,sz001379,20.56,20.54,20.76,20.48,21930,44831036.98,1.36,-0.05,-0.01,4.39,4.341038631677523,-0.04567430718107346,20.445999999999998,20.472666666666665,20.832062478901626,4.414999701653314,4.38678273358264,4.410959606439346,21.976999999999997,21.178181818181823,21.580544510381994,4.516168642396405,4.451310467694701,4.472163013036725,22.927500000000002,22.221000000000004,22.5765560090104,4.540476627446065,4.511213761892577,4.550878538607466,23.446666666666665,22.816365591397854,23.166059956809516,4.6015058506880875,4.550245425205328,4.617284302871369,24.619333333333334,24.06443169398907,23.736211466689156,4.839516474853297,4.7071516374760956,4.74880751576186,7.651578784582572
2025-01-10,sz001379,20.54,19.78,20.66,19.78,21992,44067580.01,4.28,-3.7,-0.76,4.4,4.342264726835412,0.0012260951578895174,20.284,20.250666666666667,20.48137498593442,4.373649541008755,4.362537741976674,4.388061313238035,21.526,20.77872727272727,21.253172781221632,4.479519042710915,4.419691573956339,4.448545142818304,22.641,21.921238095238095,22.3102173414856,4.519762242000338,4.492336438024896,4.531010556533937,23.305666666666664,22.579806451612903,22.947604475725033,4.586322014813984,4.53352019140838,4.599541104417437,24.578,23.905765027322406,23.606499615322296,4.827825884475487,4.690848301475508,4.7354782439937795,7.644119201697564
2025-01-13,sz001379,19.66,19.56,19.83,19.2,17423,33679735.4,3.19,-1.11,-0.22,3.48,4.24112293662285,-0.1011417902125622,20.186,20.009333333333334,20.174249990622947,4.343071395701861,4.318362207181372,4.339081854366308,21.025,20.421272727272726,20.94532318463588,4.428351227890963,4.376346827394872,4.410832014419131,22.3845,21.62780952380952,22.048291880391734,4.498263451015778,4.465799361322278,4.5034022117805,23.157666666666668,22.338150537634412,22.729049348258904,4.569793518415431,4.511249283137985,4.576417351656495,24.522499999999997,23.741240437158467,23.473827496787138,4.8136128543501515,4.671612139250833,4.719269873260306,7.527368670868843
2025-01-14,sz001379,19.78,20.48,20.48,19.68,29145,58301755.61,4.09,4.7,0.92,5.83,4.464564059655464,0.22344112303261365,20.182,20.107333333333333,20.2761666604153,4.35514065872997,4.358859761832574,4.38090925612936,20.711000000000002,20.322181818181814,20.860718969247536,4.412385614184091,4.382930978624781,4.420601477189373,22.201500000000003,21.446428571428573,21.898930748925856,4.496046995886868,4.462589895478438,4.499703340149544,23.02166666666667,22.165397849462366,22.583949390306717,4.562061283071626,4.504460285798633,4.569201010237075,24.459166666666665,23.60869945355191,23.375669218203953,4.801408775640257,4.660167916473956,4.71091886297818,7.765681632636468
2025-01-15,sz001379,20.5,20.31,20.68,20.25,20710,41956849.44,2.1,-0.83,-0.17,4.14,4.316180098893453,-0.1483839607620112,20.134,20.15,20.287444440276868,4.34103409073694,4.3458729085537335,4.359332870384058,20.439,20.24927272727273,20.76058824756616,4.399382538305977,4.365439066753757,4.40161577204466,22.064,21.266285714285715,21.747604010932918,4.482614572402592,4.4454597148124,4.482224936220393,22.884333333333334,21.990451612903225,22.437242978028863,4.55006826276767,4.488596983593588,4.552877080472971,24.401666666666664,23.472661202185794,23.275155473344807,4.787312134284572,4.644258779531438,4.697976608418024,7.622802869364378
2025-01-16,sz001379,20.52,20.34,20.72,20.1,24543,49729653.48,3.05,0.15,0.03,4.91,4.389927647380955,0.07374754848750253,20.094,20.218666666666664,20.304962960184582,4.350811893877626,4.3621707607684055,4.369531129383024,20.27,20.231272727272728,20.684117657099588,4.382905797765471,4.36371999567648,4.399490658469441,21.93,21.102095238095234,21.613546486082164,4.4820521326631795,4.436632388619863,4.473434718235685,22.767333333333333,21.82630107526882,22.301936979446356,4.542429406659478,4.478265330987995,4.542364213821874,24.34766666666667,23.339491803278687,23.17892086766137,4.776953183215493,4.631229779960828,4.687876642482382,7.696615433045855
2025-01-17,sz001379,20.34,20.34,20.48,20.01,19099,38390737.0,2.31,0.0,0.0,3.82,4.281010628721483,-0.10891701865947212,20.205999999999996,20.300666666666665,20.31664197345639,4.338561074254842,4.338903672383025,4.340024295829178,20.244999999999997,20.244,20.621550810354208,4.356105307631797,4.345193601304846,4.377948834878903,21.783,20.950666666666667,21.49225634455053,4.47836363915769,4.417485578720653,4.455108614472429,22.641666666666666,21.669698924731183,22.17536040012724,4.535472444902335,4.461399603379091,4.525502692202494,24.300333333333334,23.20809289617486,23.085841494951158,4.768453786693787,4.614969368338073,4.674536773178746,7.584226449495911
2025-01-20,sz001379,20.44,22.36,22.36,20.3,69766,148861398.72,10.13,9.93,2.02,13.95,4.843643823628036,0.5626331949065531,20.766,21.018666666666665,20.997761315637597,4.459065251655878,4.507264588840757,4.5078974717621305,20.476,20.628545454545453,20.937632481198897,4.401068323678869,4.433836967849616,4.462620651015109,21.726999999999997,21.00561904761905,21.57489859745048,4.501483756929298,4.452274167717829,4.492111967725344,22.581666666666663,21.651526881720432,22.187272632377095,4.541887547070801,4.481281627813008,4.546027926488013,24.28083333333333,23.144475409836062,23.06204341314948,4.768769109620161,4.617434615450671,4.680081266636099,8.172782095359358
2025-01-21,sz001379,22.46,22.21,22.74,21.81,74785,164341468.08,4.16,-0.67,-0.15,14.96,4.873814497991474,0.03017067436343801,21.112000000000002,21.5,21.401840877091733,4.54091533932308,4.6455143376192884,4.629869813838578,20.647,20.94381818181818,21.168972030071824,4.448027999026524,4.519790817724635,4.537383168647175,21.6555,21.05161904761905,21.63538444531234,4.513101767866219,4.48773423829518,4.528464589655452,22.473,21.627548387096773,22.18873891415922,4.53747710072621,4.50269626980789,4.567175447230173,24.242833333333333,23.076579234972673,23.034107563538022,4.765705486650004,4.620878726544813,4.6864331758608655,8.215747162254225
2025-01-22,sz001379,22.18,21.46,22.18,21.39,45416,97355205.68,3.56,-3.38,-0.75,6.75,4.657208881217357,-0.2166056167741175,21.342,21.616,21.42122725139449,4.609121095787861,4.684278851584048,4.638982836298171,20.738,21.09163636363636,21.2218862064224,4.475077593262401,4.557823705395696,4.559169661841753,21.5535,21.032999999999998,21.618681164806404,4.522867785609888,4.501458725281002,4.540725950756586,22.35166666666667,21.562193548387096,22.141723500342497,4.528885166496439,4.510420900807318,4.572984055874507,24.202166666666663,22.9853387978142,22.982497479487595,4.759765077941203,4.617321460792923,4.685475002265997,7.988359178636265
2025-01-23,sz001379,21.68,21.46,21.94,21.46,29826,64187738.08,2.24,0.0,0.0,4.43,4.474595013522642,-0.18261386769471422,21.566000000000003,21.655333333333335,21.434151500929662,4.6260545690161985,4.639436824162307,4.584186895372994,20.83,21.222909090909095,21.26517962343651,4.488433231446913,4.55773596362483,4.54379245305646,21.4035,21.02409523809524,21.60356867292008,4.5023009369216584,4.49686131841555,4.534427766258115,22.228333333333335,21.504666666666665,22.097741339030076,4.523128828779681,4.506918310292881,4.566636375722775,24.147666666666666,22.895431693989067,22.93257952934046,4.748558863281397,4.607971622615267,4.678560904274411,7.8074520717945335
2025-01-24,sz001379,21.54,21.56,21.63,21.2,29475,62818810.0,2.0,0.47,0.1,4.38,4.469453813767127,-0.005141199755515302,21.810000000000002,21.653333333333332,21.476101000619778,4.663743206025328,4.587236572412618,4.545942534837705,21.008,21.355636363636364,21.318783328266235,4.501152140140084,4.554285160410323,4.530276336822035,21.267000000000003,21.038999999999998,21.59941927549912,4.4903355914255,4.493733020972261,4.528239770782783,22.096666666666668,21.461548387096773,22.063048349415233,4.513558874713586,4.503455406098522,4.560366533015959,24.074333333333335,22.810590163934428,22.8875769218211,4.735052422472525,4.598820637385289,4.671704934093844,7.798089705139078
2025-01-27,sz001379,21.78,21.26,22.17,21.26,33045,71387265.75,4.22,-1.39,-0.3,4.91,4.519105756206449,0.04965194243932203,21.59,21.470000000000002,21.40406733374652,4.598835592541009,4.539024089139658,4.53699694196062,21.178,21.401454545454545,21.308095450399648,4.528950422098444,4.557549454240572,4.528245322164656,21.1015,21.038333333333334,21.567093630213492,4.478650824994704,4.496473036665685,4.5273698646326554,21.982333333333333,21.407569892473116,22.011238778485218,4.508492441376666,4.503813269420642,4.557704547415346,24.011,22.71831693989071,22.834213744056473,4.724119137759247,4.591740418819188,4.6667016823598315,7.853620748082311
2025-02-05,sz001379,21.47,21.69,21.76,21.47,22281,47785564.47,1.36,2.02,0.43,3.31,4.3479346786352595,-0.17117107757118966,21.486,21.503333333333334,21.499378222497683,4.493659628669766,4.455390451171073,4.473976187518833,21.299,21.494545454545456,21.377532641236076,4.517287483996424,4.524637500883629,4.495461568795674,21.005000000000003,21.094380952380956,21.578798998764587,4.464836549090257,4.4840238798695475,4.5102807992995695,21.90066666666667,21.38870967741936,21.990513696002303,4.503127158590052,4.493454704082486,4.54417100749405,23.953333333333333,22.642218579234974,22.79669853933331,4.714277805049524,4.579406502126598,4.656250305188534,7.679296720506087
2025-02-06,sz001379,21.6,22.07,22.11,21.44,33278,72094761.29,3.09,1.75,0.38,4.94,4.522157217406418,0.17422253877115867,21.608,21.698,21.689585481665123,4.466649295907579,4.4648896474166255,4.490036530814695,21.475,21.634727272727275,21.50343579737497,4.5378851958477195,4.525522906958175,4.500315323088536,20.957,21.195809523809523,21.625580046501295,4.468633867076849,4.489482991137753,4.511411886738316,21.867666666666665,21.399634408602154,21.995641844647317,4.501038113550968,4.494682449812577,4.542750762972267,23.894,22.580469945355187,22.772872357715823,4.705861126923041,4.573107466466169,4.651853810507153,7.857903708193715
2025-02-07,sz001379,22.07,22.28,22.52,21.98,42915,95019633.92,2.45,0.95,0.21,6.38,4.632609116860944,0.11045189945452538,21.772,21.922000000000004,21.886390321110085,4.498252116575239,4.520209587734413,4.537560726163445,21.669000000000004,21.78109090909091,21.644629288761337,4.562153342795719,4.542745438051487,4.524368740138065,20.9695,21.321809523809524,21.687905756358315,4.472529570280594,4.50509968159338,4.522954480083329,21.843,21.426236559139788,22.013987532089427,4.508752536040693,4.503170901639025,4.548548076126376,23.8465,22.527551912568306,22.756712608282516,4.698650491565343,4.570705761218232,4.6512228369449815,7.977813352889857
2025-02-10,sz001379,22.3,22.54,22.55,22.25,28386,63184110.08,1.35,1.17,0.26,4.22,4.453104198432209,-0.1795049184287345,21.968,22.178,22.104260214073392,4.494982193508255,4.505160281686736,4.509408550253033,21.889000000000003,21.939454545454545,21.807423963532003,4.579362699766792,4.522918320894486,4.511411550737,21.067,21.47138095238095,21.769057589086096,4.467734003699294,4.503249646179248,4.516302072307032,21.818333333333335,21.471204301075275,22.047923820341722,4.512029992694057,4.499580686309446,4.54239040659772,23.761666666666667,22.484715846994536,22.749607276863415,4.685603693663429,4.562655063082719,4.644727143878988,7.800607873025397
2025-02-11,sz001379,22.53,22.18,22.53,22.08,25659,56520795.0,2.0,-1.6,-0.36,3.81,4.409239726748785,-0.043864471683424,22.152,22.24866666666667,22.129506809382264,4.473008987616724,4.476579459433579,4.476018942418284,21.871000000000002,21.99236363636364,21.87516506107164,4.535922290078867,4.491986871254848,4.492834855466415,21.1735,21.577380952380953,21.808194961554086,4.468495306878868,4.497678762660153,4.5061056584443415,21.775,21.4945376344086,22.056444864190645,4.512963267979155,4.4929490562484595,4.533800040155853,23.625,22.43285792349727,22.73093162844166,4.670201611778521,4.553593949413386,4.6370062449566865,7.752208261840444
2025-02-12,sz001379,22.06,22.33,22.34,22.05,24682,54440570.9,1.31,0.68,0.15,3.67,4.39238034797756,-0.01685937877122523,22.279999999999998,22.308,22.19633787292151,4.481898121485183,4.449703246220525,4.448139410938042,21.883,22.075818181818182,21.957862322694975,4.487778875077476,4.465888336327338,4.47457039955935,21.265,21.68752380952381,21.857890679501313,4.467903437052,4.4904297189552675,4.495274676495124,21.731333333333335,21.530344086021504,22.07409358262996,4.504660803603304,4.4851695130225515,4.524676189047576,23.5025,22.39039890710383,22.71778632914849,4.652364091652054,4.544485055518274,4.628985723744257,7.735922670855685
2025-02-13,sz001379,22.33,22.02,22.53,22.02,29781,65692510.76,2.28,-1.39,-0.31,4.43,4.473939276599178,0.08155892862161807,22.27,22.22133333333333,22.137558581947676,4.472254533323735,4.447050297925189,4.456739366158422,21.939,22.100727272727273,21.96916008220498,4.469451914615657,4.46337204569492,4.474455649930228,21.3385,21.75942857142857,21.87332966240595,4.4722647539390294,4.4910045608169025,4.493242733647891,21.682000000000002,21.548967741935485,22.07060367407319,4.505062495278478,4.483187479022285,4.521402839857357,23.41466666666667,22.341792349726777,22.69490808884854,4.638459081173362,4.538635061582113,4.623902233673927,7.817515860868755
2025-02-14,sz001379,22.01,21.83,22.1,21.69,23855,51711189.0,1.86,-0.86,-0.19,3.54,4.377579420894945,-0.09635985570423333,22.18,22.074666666666662,22.035039054631785,4.421248594130535,4.415491927115593,4.430352717737263,21.976,22.080909090909092,21.9438582490768,4.459750355352887,4.446667955927517,4.4568417901056305,21.403,21.806238095238097,21.869203027891096,4.4740917933999,4.481986910050799,4.482227180052373,21.594333333333335,21.558516129032256,22.05508085639105,4.488117409732069,4.474962764545928,4.512123909601717,23.317666666666664,22.289836065573777,22.66655044659121,4.627278429929465,4.530081630097575,4.615826075877894,7.713584523658792
2025-02-17,sz001379,21.68,22.15,22.24,21.66,23309,51030468.98,2.66,1.47,0.32,3.46,4.3675236418690195,-0.010055779025925027,22.101999999999997,22.064666666666668,22.073359369754524,4.404132482817897,4.397583609695087,4.4094096924478485,22.035,22.112545454545455,21.981338567426473,4.449557338163077,4.429899462566814,4.440602126789883,21.5215,21.877380952380953,21.895945596663374,4.47535473915158,4.471837562285954,4.47130303355872,21.523000000000003,21.594365591397853,22.06120467210776,4.476742840338025,4.467182521457989,4.502794860070575,23.25166666666667,22.251551912568303,22.6496143663751,4.617253574235408,4.5215650796693625,4.607685012467766,7.707829559601881
2025-02-18,sz001379,22.17,21.33,22.2,21.28,26872,58055619.54,4.15,-3.7,-0.82,3.99,4.4292999908336075,0.061776348964587946,21.932,21.807333333333336,21.825572913169683,4.408144535634862,4.405972779033657,4.4160397919097685,22.042,21.98436363636364,21.86291337334893,4.440576761625793,4.426216308506911,4.438547192979651,21.61,21.85914285714286,21.842046016028767,4.484763591862118,4.46745139577948,4.467302743775376,21.415,21.581913978494622,22.014030177133066,4.465959470538399,4.464121692457704,4.498053255603675,23.160500000000003,22.188546448087433,22.606348321575915,4.607229753716299,4.5154026670988126,4.60183632323386,7.763844263990049
2025-02-19,sz001379,21.34,21.97,22.0,21.34,27463,59300434.01,3.09,3.0,0.64,4.08,4.4387479769022296,0.009447986068622072,21.86,21.819999999999997,21.873715275446457,4.417418061419795,4.41617392612278,4.423609186907256,22.07,21.97127272727273,21.88238366910367,4.4496580914524895,4.425883802193535,4.438583699147392,21.6845,21.893428571428565,21.854232109740316,4.483472787724457,4.463068956259491,4.464583242168409,21.36,21.617720430107525,22.011189520543837,4.459777063211002,4.462366112223112,4.494227108590679,23.06066666666667,22.14951366120218,22.585484442179983,4.595579410290319,4.509878674416384,4.59648916433774,7.773057871904875
2025-02-20,sz001379,22.13,22.0,22.16,21.77,23837,51896423.75,1.78,0.14,0.03,3.54,4.377251596478043,-0.06149638042418637,21.856,21.866666666666667,21.915810183630974,4.398080525395569,4.402785104475529,4.408156656764185,22.063,21.958545454545455,21.903768456539368,4.435167529359652,4.412718984925455,4.427432407752965,21.769,21.92347619047619,21.868114765955525,4.486526362603686,4.45295265233126,4.45626594257885,21.325666666666667,21.65901075268817,22.01046761599262,4.457478421171117,4.457041888562922,4.486680301357606,22.936,22.114737704918035,22.566288230960968,4.580578990609281,4.502720385438932,4.589301047358734,7.7151374310824785
2025-02-21,sz001379,22.09,22.09,22.15,21.59,29429,64052494.08,2.55,0.41,0.09,4.37,4.468775504985764,0.09152390850772107,21.907999999999998,21.944666666666667,21.973873455753985,4.416319742213733,4.426350097672261,4.428362939504712,22.044,21.963454545454546,21.93762873716857,4.4187841681721345,4.418829525948384,4.434949334522565,21.8565,21.95404761904762,21.88924669300738,4.490468755483926,4.451262094462887,4.457457329474746,21.32766666666667,21.708322580645163,22.015598737541485,4.454614436244441,4.457770732679996,4.485525153204584,22.8195,22.087000000000003,22.550672223388478,4.5697591334341805,4.499054697385702,4.585349390231751,7.8065360449955055
2025-02-24,sz001379,22.18,22.38,22.73,21.89,43302,95953872.94,3.8,1.31,0.29,6.43,4.636507955681417,0.16773245069565235,21.954,22.101999999999997,22.109248970502655,4.470116604976212,4.499746168828155,4.497744611563614,22.028,22.024545454545454,22.018059875865195,4.437124543897054,4.45841566913189,4.471596356551447,21.958499999999997,22.00390476190476,21.935985103197154,4.508243621831923,4.465170589719792,4.474509770065858,21.387333333333334,21.77621505376344,22.039108496409778,4.457530850431882,4.469505798450124,4.495265979170831,22.728333333333335,22.07259016393443,22.545076412785576,4.56244400672369,4.501243183361021,4.587026720246494,7.98206250864445
2025-02-25,sz001379,22.38,22.21,22.62,22.09,34921,77467200.35,2.37,-0.76,-0.17,5.19,4.543086671696293,-0.09342128398512362,22.13,22.187333333333335,22.14283264700177,4.4928739411487495,4.524069524401516,4.51285863160784,22.031,22.057636363636366,22.05295808025334,4.450509238391806,4.4776815105499335,4.484594595668692,21.951,22.02785714285714,21.96208176003552,4.493215764235336,4.4684889754211605,4.4810409035544705,21.459333333333337,21.829290322580643,22.05013375470592,4.462499950716515,4.475025528854278,4.4983511851402165,22.669666666666668,22.0555956284153,22.534090300890966,4.555804505090197,4.500608516638812,4.585586062916979,7.88911786092972
2025-02-26,sz001379,22.47,22.38,22.56,22.17,26903,59678151.58,1.76,0.77,0.17,4.0,4.429800711630646,-0.11328596006564684,22.212,22.270666666666667,22.221888431334513,4.491084488094432,4.5030451145621475,4.485172658282109,22.036,22.12109090909091,22.112420247480006,4.454251274757114,4.473916323866086,4.474632071298138,21.9595,22.068714285714286,22.001883497174994,4.471015074917295,4.462449446601665,4.476160885276011,21.522000000000002,21.88868817204301,22.071415447950702,4.463352716287037,4.472915900526159,4.493928573946051,22.6205,22.046098360655737,22.529038159878144,4.548582309572061,4.496477244722105,4.580478346481362,7.775815363207272
2025-02-27,sz001379,22.42,22.77,23.66,22.33,74181,168678028.4,5.94,1.74,0.39,11.02,4.870292683556553,0.4404919719259066,22.366,22.456666666666667,22.404592287556344,4.589692705510135,4.629447846382855,4.613546000040257,22.110999999999997,22.254545454545454,22.23198020248364,4.493886615452852,4.549560216375076,4.546570364436031,22.025,22.14590476190476,22.075037449824997,4.481669265034254,4.50047588551969,4.513697247017015,21.596,21.96920430107527,22.116485419050658,4.479472041110303,4.499170091962902,4.518210129404793,22.595333333333333,22.051,22.536938548078858,4.54947079969429,4.507025125836351,4.589980455893663,8.227058516103765
2025-02-28,sz001379,22.77,21.47,22.77,21.38,48219,105171263.07,6.1,-5.71,-1.3,7.16,4.683218199426229,-0.18707448413032335,22.242,22.158,22.093061525037562,4.632581244398227,4.660623011021554,4.636770066502248,22.075,22.138,22.09343834748661,4.52445049330598,4.583984140733871,4.571415425343339,22.0255,22.09304761904762,22.01741483555595,4.492100424329434,4.519671022128449,4.529842099627416,21.627000000000002,21.961075268817204,22.074776682337713,4.490878026701926,4.512315005402638,4.528855811341661,22.536833333333334,22.014103825136612,22.501956956338567,4.5461919386950065,4.5114102864833,4.593037431091452,8.021897089674908
2025-03-03,sz001379,21.59,21.36,21.88,21.22,29005,62116205.0,3.07,-0.51,-0.11,4.31,4.462472869803616,-0.22074532962261362,22.038,21.863999999999997,21.848707683358377,4.597774227222667,4.603920219490017,4.578671000936038,21.996000000000002,22.008000000000003,21.96008592067086,4.5339454160994395,4.5727154819152585,4.55160768797248,22.0155,22.029666666666664,21.95480389883634,4.491751377131258,4.516849350268847,4.523425982501339,21.679666666666666,21.943849462365588,22.028662057670765,4.494884964800867,4.510482414635005,4.524573040919852,22.492666666666665,21.975519125683068,22.464515744655333,4.540603489807425,4.508665398978664,4.5887566258033265,7.793204914572542
2025-03-04,sz001379,21.38,21.73,21.73,21.19,21177,45312760.0,2.53,1.73,0.37,3.15,4.325864436615346,-0.13660843318826998,21.942,21.76133333333333,21.809138455572253,4.554329780206478,4.513283622620908,4.494402146162474,22.035999999999998,21.959636363636363,21.91825211691252,4.523601860677614,4.534882576554516,4.5105634604530005,22.038999999999998,22.00247619047619,21.93339400370907,4.482089311151703,4.501050594029238,4.504610597178863,21.752,21.947096774193547,22.00939353782104,4.497709681467284,4.4995778644294875,4.511753130964722,22.454833333333333,21.950513661202187,22.44043326122401,4.533751599941357,4.501624774283841,4.580137209764376,7.656220515859705
2025-03-05,sz001379,21.7,22.41,22.59,21.39,44164,96758598.46,5.52,3.13,0.68,6.56,4.645068401207914,0.3192039645925684,21.948,21.917333333333332,22.00942563704817,4.597383318121931,4.543529829621388,4.544624231177621,22.08,22.027636363636358,22.007660822928422,4.544233903108182,4.556967402105479,4.535018904226622,22.075,22.03780952380952,21.97878505097487,4.496945997280337,4.516572412129829,4.517987530895915,21.816333333333333,21.98954838709677,22.035239116026137,4.5037264928523655,4.509084878606303,4.520354116141703,22.419,21.949043715846994,22.4394354493806,4.532893887961995,4.505274505472909,4.582266101287114,7.9856895690170795
2025-03-06,sz001379,22.3,22.53,22.6,22.2,36240,80614809.32,1.78,0.54,0.12,5.38,4.559188189004775,-0.08588021220313902,21.9,22.11133333333333,22.18295042469878,4.535162419211575,4.530798119915668,4.549478883786673,22.133,22.109454545454547,22.102631582395983,4.562427562360855,4.559686363177586,4.539413319640831,22.098,22.081142857142858,22.031281712786786,4.498797545860254,4.522500239913109,4.52191140309676,21.890333333333334,22.035591397849462,22.06715917305671,4.511826762522743,4.51266305255162,4.522859540197385,22.387333333333334,21.952683060109287,22.442404778909104,4.530947512645207,4.50613661370382,4.581509448425399,7.906414831075096
2025-03-07,sz001379,22.31,22.07,22.48,21.95,27724,61130548.0,2.35,-2.04,-0.46,4.12,4.442855890175056,-0.11633229882971907,22.02,22.168,22.14530028313252,4.487089957361341,4.500029276903495,4.513937885916134,22.131,22.098,22.096698567414894,4.559835600879785,4.537946059143804,4.521857423374326,22.0875,22.078476190476188,22.034969168711854,4.48930988452596,4.517172463181186,4.514382306628026,21.947999999999997,22.047182795698927,22.06734245221434,4.513591037282546,4.508213318851769,4.517698014389493,22.357666666666663,21.942278688524585,22.430194786157987,4.528010221971012,4.503248363786766,4.576963430122109,7.78625828900603
2025-03-10,sz001379,22.07,22.43,22.5,21.98,24103,53483251.6,2.36,1.63,0.36,3.58,4.382071100764085,-0.06078478941097121,22.234,22.304666666666666,22.240200188755015,4.471009603553435,4.465022991371076,4.469982290865451,22.136,22.152363636363635,22.15729882788491,4.534391915388051,4.50562524094095,4.496441728354282,22.082,22.111095238095242,22.07259115264406,4.485758229642553,4.506959245680055,4.501781239402889,22.017666666666667,22.078279569892473,22.090739713361803,4.516959719683966,4.499728161657029,4.50894789092979,22.329666666666665,21.944650273224042,22.43018839972658,4.52621608229315,4.498463474566867,4.57057351768414,7.728217803021687
2025-03-11,sz001379,22.21,22.34,22.64,22.06,27371,60578648.28,2.59,-0.4,-0.09,4.07,4.4372906646570485,0.055219563892963563,22.356,22.34,22.273466792503346,4.493294849161775,4.4537833450722815,4.459085082129317,22.149,22.189454545454545,22.190517222814925,4.523812314684127,4.487970468080769,4.485686989500239,22.089999999999996,22.13566666666667,22.098058661916056,4.487160776537967,4.502343287110006,4.495639279903285,22.017,22.0990752688172,22.106821022177172,4.5034146143849325,4.494588222623035,4.504324844073484,22.299333333333333,21.944989071038254,22.42723140301423,4.522651080727867,4.495547887103387,4.566203588076695,7.78231957848699
2025-03-12,sz001379,22.35,22.51,22.58,22.19,29546,65712804.0,1.75,0.76,0.17,4.39,4.470498693490922,0.03320802883387319,22.375999999999998,22.391333333333332,22.352311195002233,4.458380907618378,4.44618462651533,4.462889619249852,22.162,22.255090909090914,22.24860500048494,4.527882112870154,4.478277082409276,4.482925481134909,22.099,22.175666666666668,22.137291170305,4.491066693813634,4.500756422057906,4.493244938340203,22.027,22.130881720430107,22.132832569133484,4.489970754234914,4.4924646148234215,4.502142511777835,22.25,21.951896174863386,22.429945127505565,4.513723927480563,4.493837972767751,4.56306572268044,7.817649999160468
2025-03-13,sz001379,22.52,22.1,22.57,21.82,27334,59961661.87,3.33,-1.82,-0.41,4.06,4.436703190083218,-0.03379550340770354,22.29,22.299333333333333,22.268207463334825,4.433883907834066,4.438958720670277,4.454160809527641,22.095000000000002,22.243818181818185,22.22158590948768,4.484523163522821,4.461699096448015,4.474521428216419,22.103,22.175761904761902,22.133739630275954,4.489204889487835,4.495578945512152,4.487860009934776,22.048333333333332,22.135591397849463,22.13071433886681,4.4826205645304436,4.489027997781376,4.497920620055602,22.2,21.946978142076503,22.419127254472595,4.505752865513442,4.491312702689148,4.558922688824793,7.777873661050305
2025-03-14,sz001379,22.16,22.38,22.48,21.86,25120,55358796.82,2.81,1.27,0.28,3.73,4.400019635065158,-0.03668355501805998,22.352,22.329333333333334,22.305471642223218,4.425316656812086,4.427670629747308,4.4361137513734805,22.186,22.295636363636362,22.25038847139901,4.456203307086714,4.446334818546622,4.460975647643462,22.130499999999998,22.20214285714286,22.157192998821102,4.490326900196347,4.487085111757612,4.479494259947193,22.078999999999997,22.156989247311827,22.146797284746373,4.480134718581861,4.4836989055578105,4.491604427475574,22.153666666666663,21.952879781420766,22.41784439367021,4.501631773680771,4.487846039395762,4.553712752635952,7.743186642501571
2025-03-17,sz001379,22.48,22.72,22.82,22.3,38725,86710945.56,2.32,1.52,0.34,5.75,4.587991426431244,0.18797179136608566,22.41,22.451999999999998,22.443647761482147,4.4665007219455175,4.481895552953693,4.486739643059401,22.322,22.39272727272727,22.3357723856901,4.468755162749477,4.4702962947910825,4.4840694256048765,22.159,22.258285714285712,22.210793665600043,4.501350289424458,4.496386495208554,4.489827323421865,22.117666666666665,22.198344086021503,22.183778105085317,4.48408597233733,4.490657402838415,4.49782294353723,22.107166666666664,21.97144808743169,22.42775113486135,4.498822423525458,4.490677503420367,4.55483664358006,7.938073922116031
2025-03-18,sz001379,22.73,23.21,23.22,22.68,47724,108833959.87,2.38,2.16,0.49,7.09,4.678736837033605,0.09074541060236108,22.584000000000003,22.718666666666667,22.699098507654767,4.514789956420829,4.552640924649722,4.5507387077174695,22.47,22.554181818181817,22.49472286101917,4.504042402791303,4.508474781024559,4.5194635004101,22.253,22.358380952380955,22.305956173638133,4.513822131734458,4.513280452123712,4.507818705670602,22.182666666666666,22.268817204301072,22.24998596927336,4.489407008364903,4.5032155231414,4.509494807633771,22.0825,22.00760655737705,22.453398638636386,4.498949724870785,4.496576336650143,4.558898945004766,8.036764431050393
2025-03-19,sz001379,23.21,23.24,23.63,22.93,50953,117810598.06,3.02,0.13,0.03,7.57,4.707169759394251,0.028432922360646096,22.73,22.93733333333333,22.87939900510318,4.5621241696014945,4.616767525640863,4.602882391609731,22.553,22.694181818181814,22.63022779537932,4.510252538609937,4.545407027679641,4.5535919111344905,22.316499999999998,22.452380952380953,22.39491272852974,4.527243220859059,4.531694511900835,4.52680452031095,22.234333333333332,22.337032258064518,22.31385784222347,4.501381511056869,4.517264732885229,4.5222480303279955,22.0675,22.045557377049185,22.479188847205684,4.502254334823461,4.503403223027962,4.56376028318147,8.071184360671335
2025-03-20,sz001379,23.28,24.1,25.0,22.96,128761,303680860.59,8.78,3.7,0.86,19.13,5.10978434089953,0.4026145815052793,23.13,23.394,23.286266003402122,4.696740399764757,4.799320916073541,4.771849708039664,22.71,22.975454545454546,22.89745910531035,4.565312153799412,4.654412809914112,4.654717807455406,22.4215,22.622238095238096,22.55730199247929,4.563869858080134,4.587174618571355,4.582326407986053,22.302000000000003,22.457397849462364,22.429092820144536,4.520969081839973,4.556516528358948,4.560153598751965,22.084833333333336,22.11219672131148,22.532330196477627,4.511003597695471,4.5233222396206205,4.581662711303373,8.48241742148007
2025-03-21,sz001379,23.69,25.06,26.49,23.57,180802,452289687.89,12.12,3.98,0.96,26.87,5.257203230255272,0.147418889355742,23.666,24.037333333333333,23.877510668934747,4.868177118802781,4.986141859570379,4.933634215444867,23.009,23.40272727272727,23.290648358890287,4.646746887807433,4.780211187451542,4.764260611600836,22.57,22.873523809523807,22.795654183671736,4.603291244343609,4.653206368302321,4.646600391059312,22.39466666666667,22.63533333333333,22.598828767231986,4.541788885619783,4.604015505676065,4.6051245427199206,22.118833333333335,22.20974316939891,22.615204616265245,4.525270710830238,4.547787801343892,4.603811580777206,8.655416686035718
2025-03-24,sz001379,24.78,23.8,25.81,23.38,136100,333247325.1,9.7,-5.03,-1.26,20.22,5.133858125203335,-0.12334510505193741,23.881999999999998,24.082,23.851673779289833,4.977350458557199,5.074702195037231,5.00037551869769,23.146,23.546545454545452,23.383257748182963,4.721925590251358,4.868776866978069,4.831460159528563,22.641,22.990666666666666,22.891306166179188,4.628158752819705,4.703736547431818,4.6930058895492195,22.436666666666664,22.726,22.676323685475083,4.5644806831788225,4.642213521133069,4.639236386751109,22.1275,22.264863387978146,22.65405036655163,4.538255337936439,4.567741487061044,4.6211901560042925,8.52276667211749
2025-03-25,sz001379,23.96,24.43,25.08,23.29,94440,226719898.96,7.52,2.65,0.63,14.03,4.975155978406689,-0.15870214679664585,24.125999999999998,24.264666666666667,24.044449186193223,5.0366342868318155,5.073970701653727,4.991969005267357,23.355,23.78,23.573574521240605,4.775712121626322,4.914818755733584,4.857586672051858,22.752,23.16104761904762,23.037848436066884,4.6497622181552245,4.736783902249627,4.719877326583264,22.511666666666667,22.854602150537637,22.78946409286379,4.583344558234085,4.66870870147035,4.660908618470824,22.143333333333334,22.34035519125683,22.712278223386,4.54815391310662,4.582066098224002,4.632795592804371,8.355489639355731
2025-03-26,sz001379,24.02,23.82,24.77,23.59,79354,189625395.58,4.83,-2.5,-0.61,11.79,4.899568823140569,-0.07558715526611959,24.241999999999997,24.162666666666667,23.969632790795487,5.0751140995810795,5.028282213756645,4.961168944558429,23.486,23.864545454545453,23.618379153742314,4.818619134591287,4.937338156008902,4.865219790431623,22.823999999999998,23.262761904761902,23.11233906120337,4.673250623730721,4.760575007486326,4.736990802445865,22.56133333333333,22.93901075268817,22.855950280420963,4.600250840739519,4.689110266948189,4.676306051030163,22.146333333333335,22.395327868852462,22.74859697016023,4.552455822171411,4.593587898552984,4.641542256094081,8.27789649978309
2025-03-27,sz001379,23.58,22.68,23.59,22.29,69083,156265575.85,5.46,-4.79,-1.14,10.26,4.839371188987427,-0.060197634153142054,23.958000000000002,23.642,23.53975519386366,5.021031469198659,4.949701243558762,4.920569692701428,23.544,23.718,23.4477647621528,4.858885934481708,4.9411112568082,4.860520044714496,22.819499999999998,23.24904761904762,23.071163912517335,4.671704549002264,4.776396013701251,4.746741315449824,22.583333333333332,22.94666666666667,22.844598649426064,4.612431904485793,4.7045373861899895,4.686826382511277,22.13266666666667,22.41282513661202,22.746347889171368,4.558747199882136,4.602994959760067,4.648028450615175,8.19386331669494
2025-03-28,sz001379,22.69,21.73,22.9,21.73,53619,118374177.54,5.16,-4.19,-0.95,7.97,4.729318710084539,-0.1100524789028885,23.292,22.899333333333335,22.936503462575775,4.915454565164511,4.852463657187388,4.856819365162465,23.479,23.38818181818182,23.13544389630684,4.891815841983646,4.917553579645078,4.836665256599958,22.8325,23.145285714285716,22.94343401608711,4.67400957453518,4.781883076661467,4.7450820197007495,22.58,22.891612903225802,22.772689059140514,4.624156547458781,4.712078470422166,4.689567822999875,22.08716666666667,22.39962295081968,22.71302500755919,4.556136978595424,4.608587468291293,4.650693705024006,8.07325697455764
2025-03-31,sz001379,21.38,21.09,21.58,20.6,47584,98888059.37,4.51,-2.95,-0.64,7.07,4.67746094684186,-0.05185776324267888,22.75,22.16533333333333,22.321002308383854,4.824175129492216,4.773132451079838,4.797033225722264,23.316,22.953818181818182,22.763545006069233,4.900762794024708,4.878579962346572,4.807719018462122,22.819,22.979333333333333,22.76691649074548,4.684758978387093,4.782211778785913,4.738641917523712,22.544666666666664,22.79548387096774,22.664128474679835,4.634487790957875,4.715517463930752,4.688786734215487,22.033833333333334,22.366928961748634,22.659811072885116,4.555615315647951,4.612565303315765,4.651571319509838,7.995143854157404
