date,stock_code,open,close,high,low,volume,amount,amplitude,pct_change,change,turnover,volume_log,volume_log_diff,p_SMA:5,p_WMA:5,p_EMA:5,v_log_SMA:5,v_log_WMA:5,v_log_EMA:5,p_SMA:10,p_WMA:10,p_EMA:10,v_log_SMA:10,v_log_WMA:10,v_log_EMA:10,p_SMA:20,p_WMA:20,p_EMA:20,v_log_SMA:20,v_log_WMA:20,v_log_EMA:20,p_SMA:30,p_WMA:30,p_EMA:30,v_log_SMA:30,v_log_WMA:30,v_log_EMA:30,p_SMA:60,p_WMA:60,p_EMA:60,v_log_SMA:60,v_log_WMA:60,v_log_EMA:60,amount_log
2022-11-16,sz001338,8.18,9.82,9.82,8.18,44059,43130567.52,24.05,43.99,3.0,3.51,4.6440346358149664,0.0,9.82,9.82,9.82,4.6440346358149664,4.6440346358149664,4.6440346358149664,9.82,9.82,9.82,4.6440346358149664,4.6440346358149664,4.6440346358149664,9.82,9.82,9.82,4.6440346358149664,4.6440346358149664,4.6440346358149664,9.82,9.82,9.82,4.6440346358149664,4.6440346358149664,4.6440346358149664,9.82,9.82,9.82,4.6440346358149664,4.6440346358149664,4.6440346358149664,7.634785172710821
2022-11-17,sz001338,10.8,10.8,10.8,10.8,6397,6908360.4,0.0,9.98,0.98,0.51,3.805976350717563,-0.8380582850974037,10.31,10.473333333333334,10.146666666666668,4.225005493266265,4.085329112416697,4.364681874115832,10.31,10.473333333333334,9.998181818181816,4.225005493266265,4.085329112416697,4.491660402160893,10.31,10.473333333333334,9.913333333333334,4.225005493266265,4.085329112416697,4.564219561043785,10.31,10.473333333333334,9.883225806451614,4.225005493266265,4.085329112416697,4.58996635935707,10.31,10.473333333333334,9.852131147540984,4.225005493266265,4.085329112416697,4.6165573149921,6.839374986053571
2022-11-18,sz001338,11.88,11.88,11.88,11.88,4300,5108423.76,0.0,10.0,1.08,0.34,3.6334684555795866,-0.17250789513797615,10.833333333333334,11.176666666666668,10.724444444444448,4.0278264807040385,3.8593987839981416,4.120944067937084,10.833333333333334,11.176666666666668,10.340330578512395,4.0278264807040385,3.8593987839981416,4.335625502782473,10.833333333333334,11.176666666666668,10.100634920634922,4.0278264807040385,3.8593987839981416,4.475576598618623,10.833333333333334,11.176666666666668,10.012049947970866,4.0278264807040385,3.8593987839981416,4.528256817177877,10.833333333333334,11.176666666666668,9.918618650900296,4.0278264807040385,3.8593987839981416,4.584324893372018,6.708286916194398
2022-11-21,sz001338,13.07,13.07,13.07,13.07,8627,11275763.47,0.0,10.02,1.19,0.69,3.9358597980378804,0.3023913424582938,11.3925,11.934000000000001,11.506296296296298,4.004834810037499,3.889983189614037,4.059249311304017,11.3925,11.934000000000001,10.836634109691959,4.004834810037499,3.889983189614037,4.262940829192547,11.3925,11.934000000000001,10.383431594860168,4.004834810037499,3.889983189614037,4.4241749985633145,11.3925,11.934000000000001,10.209337048101778,4.004834810037499,3.889983189614037,4.490037654652716,11.3925,11.934000000000001,10.021942629559303,4.004834810037499,3.889983189614037,4.563063742705324,7.052145957164871
2022-11-22,sz001338,14.38,14.38,14.38,14.38,7648,10997852.76,0.0,10.02,1.31,0.61,3.883547879268044,-0.05231191876983665,11.99,12.749333333333334,12.4641975308642,3.980577423883608,3.887838086165373,4.000682167292026,11.99,12.749333333333334,11.48088245338433,3.980577423883608,3.887838086165373,4.193960292842637,11.99,12.749333333333334,10.764057157254438,3.980577423883608,3.887838086165373,4.3726867014875745,11.99,12.749333333333334,10.478412077256502,3.980577423883608,3.887838086165373,4.450909282047253,11.99,12.749333333333334,10.164829756458998,3.980577423883608,3.887838086165373,4.540784534068036,7.041307901020749
2022-11-23,sz001338,15.82,15.82,15.82,15.82,100669,159258405.46,0.0,10.01,1.44,8.03,5.002895754549215,1.119347875281171,13.190000000000001,14.026000000000002,13.582798353909467,4.052349647630457,4.228610863053908,4.334753363044422,12.628333333333336,13.626666666666669,12.26981291640536,4.150963812327876,4.206425991417899,4.341039467698378,12.628333333333336,13.626666666666669,11.245575523230205,4.150963812327876,4.206425991417899,4.432706611302969,12.628333333333336,13.626666666666669,10.823030652917375,4.150963812327876,4.206425991417899,4.486521312531251,12.628333333333336,13.626666666666669,10.350245174280014,4.150963812327876,4.206425991417899,4.555935721624796,8.202102363133362
2022-11-24,sz001338,17.4,17.4,17.4,17.4,28573,49717837.8,0.0,9.99,1.58,2.28,4.4559558411893825,-0.5469399133598323,14.510000000000002,15.429333333333334,14.855198902606311,4.1823455457248215,4.363146260906883,4.375154189092743,13.31,14.570000000000002,13.202574204331658,4.194534102165234,4.26880845386077,4.361933353787651,13.31,14.570000000000002,11.831711187684471,4.194534102165234,4.26880845386077,4.434920823673104,13.31,14.570000000000002,11.247351255954964,4.194534102165234,4.26880845386077,4.484549346638228,13.31,14.570000000000002,10.581384676762635,4.194534102165234,4.26880845386077,4.5526576927580615,7.69651223316455
2022-11-25,sz001338,18.59,19.14,19.14,18.28,974806,1835337057.98,4.94,10.0,1.74,77.72,5.9889181936342215,1.532962352444839,15.962,16.972666666666665,16.283465935070875,4.653435493335748,4.96533714354335,4.913075523939902,14.03875,15.585555555555553,14.282106167180446,4.4188321135988575,4.6510550626993155,4.6577487792143,14.03875,15.585555555555553,12.527738693619282,4.4188321135988575,4.6510550626993155,4.582920573193211,14.03875,15.585555555555553,11.756554400732064,4.4188321135988575,4.6510550626993155,4.581605401283131,14.03875,15.585555555555553,10.861995015229434,4.4188321135988575,4.6510550626993155,4.599748200983509,9.263715833698992
2022-11-28,sz001338,17.23,17.6,18.56,17.23,657146,1165756994.73,6.95,-8.05,-1.54,52.39,5.817661868722916,-0.1712563249113055,16.868000000000002,17.518666666666665,16.722310623380586,5.029795907472756,5.353412602005739,5.21460430553424,14.434444444444445,15.988444444444442,14.885359591329454,4.574257641945975,4.884376423904035,4.868642068215866,14.434444444444445,15.988444444444442,13.010811198988874,4.574257641945975,4.884376423904035,4.700514982291278,14.434444444444445,15.988444444444442,12.133550891007415,4.574257641945975,4.884376423904035,4.661350979827633,14.434444444444445,15.988444444444442,11.08291321145142,4.574257641945975,4.884376423904035,4.639679796647096,9.066608029971288
2022-11-29,sz001338,17.6,19.36,19.36,17.6,541211,1011898072.65,10.0,10.0,1.76,43.15,5.733366614959496,-0.08429525376342006,17.863999999999997,18.349333333333334,17.60154041558706,5.399759654611046,5.587936171167986,5.387525075342659,14.927000000000001,16.601454545454544,15.698930574724097,4.690168539247327,5.03873827682321,5.025864713078344,14.927000000000001,16.601454545454544,13.615495846704219,4.690168539247327,5.03873827682321,4.798881804450156,14.927000000000001,16.601454545454544,12.59977341416823,4.690168539247327,5.03873827682321,4.730513278868399,14.927000000000001,16.601454545454544,11.35429310615793,4.690168539247327,5.03873827682321,4.67553838085406,9.005136768714213
2022-11-30,sz001338,20.87,21.3,21.3,20.5,206156,432204091.3,4.13,10.02,1.94,16.44,5.3141959791032845,-0.4191706358562115,18.96,19.494666666666667,18.83436027705804,5.46201969952186,5.559414945998733,5.363082043262867,16.075,17.76018181818182,16.71730683386517,4.757184673576159,5.152197811342475,5.078288579628333,15.506363636363636,17.384545454545453,14.34735338511334,4.74689830650696,5.08464789386989,4.847959344893312,15.506363636363636,17.384545454545453,13.161078355189636,4.74689830650696,5.08464789386989,4.76817022727065,15.506363636363636,17.384545454545453,11.680381856775703,4.74689830650696,5.08464789386989,4.69647797423928,8.635688873654589
2022-12-01,sz001338,23.43,23.43,23.43,21.53,397845,923185895.17,8.92,10.0,2.13,31.72,5.599713904344931,0.28551792524164643,20.166,20.984666666666666,20.36624018470536,5.69077131215297,5.60531301427309,5.4419593302902225,17.338,19.097454545454546,17.937796500435137,4.936558428938896,5.305384944209524,5.173093184122259,16.166666666666668,18.314615384615383,15.21236734843588,4.817966272993457,5.163888818558357,4.919555017222037,16.166666666666668,18.314615384615383,13.82358942904837,4.817966272993457,5.163888818558357,4.821818206436733,16.166666666666668,18.314615384615383,12.065615238520762,4.817966272993457,5.163888818558357,4.726092267029629,8.96528916052501
2022-12-02,sz001338,25.77,25.77,25.77,25.12,312874,805209179.9,2.77,9.99,2.34,24.94,5.495369474537411,-0.10434442980751957,21.492,22.852666666666664,22.167493456470243,5.592061568333608,5.540179068401236,5.459762711705952,18.727,20.63054545454545,19.36183350035602,5.122748530834679,5.406986952500163,5.23168887328865,16.905384615384616,19.37967032967033,16.217856172394367,4.870074211573761,5.211243197983936,4.974394489347311,16.905384615384616,19.37967032967033,14.594325594916217,4.870074211573761,5.211243197983936,4.865273126959358,16.905384615384616,19.37967032967033,12.514939329061065,4.870074211573761,5.211243197983936,4.751314470554474,8.90590871747989
2022-12-05,sz001338,28.35,28.35,28.35,28.35,17887,50709843.45,0.0,10.01,2.58,1.43,4.252537506990004,-1.2428319675474073,23.642000000000003,25.138666666666666,24.228328970980165,5.279036695987026,5.093671047953368,5.05735431013397,20.255000000000003,22.380181818181814,20.99604559120038,5.15441630172989,5.248766766346586,5.0536613521434415,17.722857142857144,20.575714285714284,17.373298441690142,4.8259644469606355,5.083415772518078,4.905646205313283,17.722857142857144,20.575714285714284,15.481788459760335,4.8259644469606355,5.083415772518078,4.825741796638755,17.722857142857144,20.575714285714284,13.03412164614103,4.8259644469606355,5.083415772518078,4.734961127486787,7.7050922698082545
2022-12-06,sz001338,28.52,25.52,31.19,25.52,965540,2754282444.03,20.0,-9.98,-2.83,76.98,5.984770270263975,1.732232763273971,24.874,25.764666666666667,24.658885980653444,5.329317427047921,5.328915572712352,5.366492963510638,21.369000000000003,23.33745454545455,21.818582756436676,5.364538540829484,5.399740215170966,5.222953882710811,18.242666666666665,21.19375,18.149174780576796,4.903218168514192,5.196085084736315,5.008419925784777,18.242666666666665,21.19375,16.12941501074354,4.903218168514192,5.196085084736315,4.900517827195221,18.242666666666665,21.19375,13.44349470692329,4.903218168514192,5.196085084736315,4.7759384764303014,9.440008473899859
2022-12-07,sz001338,24.0,23.3,24.97,23.03,713072,1694613721.65,7.6,-8.7,-2.22,56.85,5.853133383461955,-0.13163688680201968,25.274,25.240000000000002,24.2059239871023,5.437104907919656,5.503520891517029,5.528706436827744,22.116999999999997,23.688545454545455,22.08793134617546,5.449562303720758,5.488575641104142,5.337531973756473,18.55875,21.441544117647055,18.639729563379007,4.962587869448427,5.273384884586391,5.088868826515937,18.55875,21.441544117647055,16.592033397147183,4.962587869448427,5.273384884586391,4.961976895341462,18.55875,21.441544117647055,13.766658814893018,4.962587869448427,5.273384884586391,4.811256342234618,9.229070718660473
2022-12-08,sz001338,23.1,22.98,24.2,22.63,535137,1250905072.23,6.74,-1.37,-0.32,42.66,5.728464979642366,-0.1246684038195891,25.184,24.47533333333333,23.7972826580682,5.462855122979142,5.6006409154246,5.595292617765952,22.675,23.845454545454544,22.25012564687083,5.576813217566056,5.539285218544434,5.408610702099363,18.818823529411766,21.612483660130717,19.053088652581007,5.007639464165718,5.323949339592611,5.1497827458613115,18.818823529411766,21.612483660130717,17.004160274750593,5.007639464165718,5.323949339592611,5.011427739489908,18.818823529411766,21.612483660130717,14.06873557506046,5.007639464165718,5.323949339592611,4.841328756575855,9.097224353521607
2022-12-09,sz001338,22.65,22.08,23.2,21.47,498661,1105182533.83,7.53,-3.92,-0.9,39.76,5.697805403616172,-0.030659576026193847,24.446,23.44066666666667,23.2248551053788,5.5033423087948945,5.678957675636943,5.629463546382692,22.969,23.737272727272728,22.219193711076134,5.54770193856425,5.561283797826274,5.461191556920601,19.0,21.661695906432747,19.341365923763767,5.04598201635741,5.3633026094898275,5.201975379933203,19.0,21.661695906432747,17.331633805411848,5.04598201635741,5.3633026094898275,5.055710169433538,19.0,21.661695906432747,14.331399982435526,5.04598201635741,5.3633026094898275,4.869409958118161,9.043434012761674
2022-12-12,sz001338,21.89,22.8,23.15,21.89,433110,975759832.33,5.71,3.26,0.72,34.53,5.636598211193896,-0.0612071924222759,23.336000000000002,22.892,23.083236736919204,5.780154449635672,5.723376309769944,5.631841767986427,23.489,23.706545454545452,22.324794854516835,5.529595572811349,5.577446756486209,5.493083675879381,19.2,21.77552631578947,19.670759645310074,5.07706707924354,5.390632169660234,5.24336803052946,19.2,21.77552631578947,17.684431624417538,5.07706707924354,5.390632169660234,5.093186817289045,19.2,21.77552631578947,14.609058999404851,5.07706707924354,5.390632169660234,4.894563671333759,8.98934293618198
2022-12-13,sz001338,22.4,23.45,23.76,22.16,506518,1170212683.27,7.02,2.85,0.65,40.38,5.7045948833819295,0.06799667218803318,22.922,22.93,23.20549115794614,5.724119372259264,5.698189787685362,5.6560928064515945,23.898,23.699454545454547,22.52937760824105,5.526718399653593,5.609264812953587,5.5315402590616625,19.4125,21.935,20.030687298137686,5.108443469450459,5.4205333804908715,5.28729439746779,19.4125,21.935,18.056403777680924,5.108443469450459,5.4205333804908715,5.132632498972456,19.4125,21.935,14.89892591745715,5.108443469450459,5.4205333804908715,4.921122071728781,9.068264800871198
2022-12-14,sz001338,23.0,25.8,25.8,22.75,621900,1551796036.38,13.01,10.02,2.35,49.58,5.793720556813524,0.08912567343159417,23.422000000000004,23.889333333333337,24.070327438630763,5.712236806929577,5.7213901825367826,5.701968723238904,24.348000000000003,24.045272727272728,23.124036224924495,5.574670857424616,5.657810659709938,5.579209404107456,20.2115,22.543333333333337,20.580145650696004,5.1659277655003875,5.48579786500164,5.335525460262621,19.71666666666667,22.286363636363635,18.555990630733767,5.141075711705843,5.454459487429294,5.175283341413816,19.71666666666667,22.286363636363635,15.256338182458554,5.141075711705843,5.454459487429294,4.949731858125002,9.190834638252202
2022-12-15,sz001338,25.3,23.23,26.59,23.22,689772,1684510329.51,13.06,-9.96,-2.57,54.99,5.838705561019628,0.044985004206104406,23.472,23.825333333333333,23.79021829242051,5.7342849232050295,5.7635464339001325,5.7475476691658125,24.328,23.842,23.143302365847312,5.598570023092085,5.705816969454486,5.626390523546032,20.833000000000002,22.830809523809524,20.8325127315821,5.267564226015491,5.549871940765377,5.383447374620431,19.87636363636364,22.368418972332016,18.85753962229933,5.172786159401925,5.487872189480628,5.218084774936772,19.87636363636364,22.368418972332016,15.517769717459913,5.172786159401925,5.487872189480628,4.978878536908432,9.226473678442957
2022-12-16,sz001338,21.8,22.22,22.8,21.5,413763,917230380.86,5.6,-4.35,-1.01,32.99,5.61675165207579,-0.22195390894383848,23.5,23.408,23.266812194947008,5.718074172896953,5.724368676857052,5.703948996802472,23.973,23.458727272727273,22.975429208420525,5.6107082408459235,5.709122720178795,5.624638001460534,21.35,22.962904761904763,20.964654376193327,5.366728385840301,5.583127886104454,5.405666829616179,19.97826086956522,22.356050724637683,19.074472549892924,5.192089006909485,5.498612144696891,5.24380521862316,19.97826086956522,22.356050724637683,15.73751497262516,5.192089006909485,5.498612144696891,4.9997924095368695,8.962478431166208
2022-12-19,sz001338,21.8,20.0,22.08,20.0,416539,864014931.89,9.36,-9.99,-2.22,33.21,5.619655670068982,0.0029040179931927312,22.939999999999998,22.241333333333333,22.17787479663134,5.71468566467197,5.691562509247729,5.675851221224642,23.137999999999998,22.736363636363638,22.434442079616794,5.747420057153822,5.710749525492079,5.623732123025706,21.6965,22.834333333333333,20.872782530841583,5.450918179441856,5.607216198888137,5.426046719183113,19.979166666666668,22.16756666666667,19.13418399828693,5.20990428454113,5.5082956267266585,5.2680536348454705,19.979166666666668,22.16756666666667,15.877268580080074,5.20990428454113,5.5082956267266585,5.020115795128086,8.936521248012916
2022-12-20,sz001338,20.37,20.7,21.1,20.33,280275,579774595.05,3.85,3.5,0.7,22.34,5.447584361241337,-0.1720713088276451,22.39,21.494666666666667,21.685249864420893,5.663283560243853,5.602528741437518,5.599762267896875,22.656,22.29309090909091,22.11908897423192,5.693701466251558,5.656233944417082,5.59170525724673,22.0125,22.73942857142857,20.856327051713812,5.5291200035405215,5.60689869239285,5.428097923188658,20.008,22.054676923076926,19.235204385494225,5.219411487609139,5.503625529381634,5.279636262354881,20.008,22.054676923076926,16.035390921716793,5.219411487609139,5.503625529381634,5.034131157951471,8.76325918123056
2022-12-21,sz001338,20.57,21.04,21.59,20.31,325528,679754373.35,6.18,1.64,0.34,25.95,5.512588349962589,0.06500398872125146,21.438,21.044666666666664,21.470166576280597,5.607057118873665,5.552297004677096,5.5707042952521135,22.43,21.99927272727273,21.922890978917025,5.659646962901621,5.623304286909996,5.577320365013249,22.273500000000002,22.646809523809523,20.87381971345535,5.55460463331119,5.60532424919495,5.436144630500461,20.04769230769231,21.97951566951567,19.351642812236534,5.230687520776579,5.50428944201726,5.294665429297314,20.04769230769231,21.97951566951567,16.19947646526706,5.230687520776579,5.50428944201726,5.049818279001016,8.832352010398063
2022-12-22,sz001338,20.64,21.57,22.49,20.51,421256,914729815.08,9.41,2.52,0.53,33.58,5.624546099632117,0.11195774966952854,21.106,21.088666666666665,21.503444384187066,5.564225226596163,5.5581266649299135,5.588651563378781,22.288999999999998,21.842909090909092,21.858728982750293,5.649255074900597,5.616922311770087,5.58590686221668,22.482,22.57980952380952,20.940122597888177,5.613034146233327,5.611985341225516,5.454087627560619,20.104074074074074,21.950264550264553,19.49476263080192,5.245274875549006,5.512879203275464,5.315948053189883,20.104074074074074,21.950264550264553,16.375559204110765,5.245274875549006,5.512879203275464,5.068661814103675,8.961292834888798
2022-12-23,sz001338,21.18,19.66,21.55,19.41,379299,770245256.63,9.92,-8.85,-1.91,30.24,5.578981697711875,-0.04556440192024258,20.594,20.60666666666667,20.88896292279138,5.55667123572338,5.563045488635152,5.585428274823146,22.047,21.36490909090909,21.45896007679569,5.637372704310167,5.604145334099409,5.5846477413976245,22.508000000000003,22.311047619047617,20.818206159994062,5.592537321437209,5.60874225089014,5.465982300908358,20.088214285714287,21.792315270935962,19.505423106234055,5.257192976340536,5.517437995995217,5.332917965739689,20.088214285714287,21.792315270935962,16.483245787582543,5.257192976340536,5.517437995995217,5.0853936135662385,8.88662903249919
2022-12-26,sz001338,19.44,20.31,20.75,19.41,281597,570794644.31,6.82,3.31,0.65,22.45,5.449628023728648,-0.1293536739832266,20.656,20.512,20.69597528186092,5.522665706455313,5.527364417970241,5.540161524458314,21.798,21.049090909090907,21.25005824465102,5.618675685563642,5.570009937630043,5.560098701821447,22.6435,22.101714285714284,20.76980557332796,5.574135629187496,5.595131841584562,5.464424750700767,20.095862068965516,21.693494252873563,19.55733129292863,5.263828667629782,5.512917331177445,5.340447646900268,20.095862068965516,21.693494252873563,16.608713138809343,5.263828667629782,5.512917331177445,5.097335725374842,8.75647988953454
2022-12-27,sz001338,20.32,21.67,22.34,20.1,519520,1113393016.86,11.03,6.7,1.36,41.42,5.715602271281926,0.26597424755327825,20.85,20.85,21.020650187907282,5.576269288463431,5.591676606245779,5.5986417733995175,21.619999999999997,21.025818181818185,21.326411291078106,5.619776424353642,5.587632953215185,5.588372078086989,22.759,22.009,20.855538375868157,5.573247412003617,5.608604855117366,5.488346419327544,20.148333333333333,21.69197849462366,19.69363249983646,5.27888778775152,5.5259937789261215,5.364651171053923,20.148333333333333,21.69197849462366,16.77465697032379,5.27888778775152,5.5259937789261215,5.117606759666877,9.046648493108266
2022-12-28,sz001338,21.15,20.96,21.91,20.67,376006,800969633.44,5.72,-3.28,-0.71,29.98,5.575194775103461,-0.14040749617846515,20.834000000000003,20.886666666666667,21.000433458604856,5.588790573491606,5.591318435125788,5.590826107300833,21.136,20.905818181818184,21.25979105633663,5.597923846182636,5.579527198806063,5.585976204817256,22.742,21.83766666666667,20.865487101975955,5.586297351803625,5.608790318269731,5.496617691306203,20.519666666666662,21.744344086021503,19.77533362887927,5.309926459061137,5.545110358755279,5.3782346293797,20.174516129032256,21.64622983870968,16.911881331952518,5.288446077666099,5.529068841187206,5.1326096454188965,8.903616051315907
2022-12-29,sz001338,20.7,20.14,21.16,20.1,249949,513574152.17,5.06,-3.91,-0.82,19.93,5.3978514035597005,-0.17734337154376068,20.548000000000002,20.65533333333333,20.71362230573657,5.543451634277122,5.5276720451484875,5.526501206053789,20.827,20.72472727272727,21.056192682457244,5.5538384304366435,5.543150391056437,5.551771695497701,22.5775,21.58985714285714,20.79639309226396,5.576204226764364,5.590843085103643,5.487211378187489,20.831,21.719849462365595,19.798860491532224,5.362988960822542,5.5507829358197025,5.379500227713894,20.1734375,21.55494318181818,17.017721288281944,5.2918649941002744,5.521116269209781,5.14130609650548,8.710603157871503
2022-12-30,sz001338,20.42,21.12,21.35,19.88,303127,626779742.85,7.3,4.87,0.98,24.17,5.481624621385014,0.08377321782531322,20.84,20.846,20.849081537157716,5.523980219011749,5.507063040851118,5.511542344497531,20.717000000000002,20.778,21.067794012919563,5.540325727367565,5.530020607592505,5.539017682022667,22.345000000000002,21.45104761904762,20.827212797762627,5.575516984106745,5.581835503638943,5.486679306111062,21.139,21.738494623655914,19.88409529853015,5.424594166349389,5.558436849404378,5.3860888982733215,20.20212121212121,21.529358288770055,17.152222229649748,5.297615285836176,5.518793231102442,5.15246408092776,8.797114951882978
2023-01-03,sz001338,20.86,21.41,21.69,20.79,261134,553376827.23,4.26,1.37,0.29,20.82,5.4168634212333835,-0.06476120015163023,21.060000000000002,21.036,21.036054358105147,5.517427298512697,5.471357441591662,5.479982703409482,20.858,20.904,21.130013283297824,5.520046502484005,5.507572915568107,5.516807816424615,21.997999999999998,21.362000000000002,20.882716340832854,5.633733279818913,5.566725640508147,5.48003017421795,21.416999999999998,21.755978494623655,19.98254076314111,5.4739609537892395,5.557938091654958,5.3880743513675196,20.23764705882353,21.522537815126054,17.291821500808773,5.301122583936094,5.512968670538495,5.161132911757452,8.743020969013733
2023-01-04,sz001338,21.24,21.16,21.69,20.85,223694,475129371.77,3.92,-1.17,-0.25,17.83,5.349654335451849,-0.06720908578153484,20.958000000000002,21.069333333333336,21.077369572070097,5.444237711346681,5.415433120571379,5.436539914090272,20.904,20.958909090909092,21.13546541360731,5.5102534999050565,5.476592521562262,5.486416274429566,21.78,21.28219047619048,20.909124308372583,5.601977483078307,5.539670502949378,5.467613427668797,21.642999999999997,21.739397849462364,20.058505875196524,5.522831168995366,5.54991830982674,5.385595640663283,20.264,21.50239682539683,17.41864702537242,5.302509205407972,5.50389565192257,5.167313942042514,8.676811878668728
2023-01-05,sz001338,21.16,21.52,22.48,20.94,319157,692681214.34,7.28,1.7,0.36,25.44,5.504004374155247,0.1543500387033987,21.07,21.256666666666668,21.224913048046734,5.429999631157039,5.4353553415075675,5.459028067445264,20.951999999999998,21.070909090909094,21.205380792951434,5.509395102324322,5.475456316880479,5.489614110743327,21.691,21.25742857142857,20.967302945670433,5.5845210326129715,5.530339730670992,5.471079232096078,21.833000000000002,21.731462365591398,20.15279581873223,5.539534789648901,5.548703677901571,5.3932349137917965,20.29888888888889,21.50334834834835,17.55311761470447,5.30810629342873,5.503901528800012,5.178352972603587,8.840533409638995
2023-01-06,sz001338,21.21,20.32,21.35,20.2,297373,608936198.44,5.34,-5.58,-1.2,23.71,5.4733015341814815,-0.030702839973765883,21.106,21.006666666666668,20.92327536536449,5.445089657281395,5.449789309182381,5.46378588969067,20.827,20.956,21.044402466960264,5.494270645779259,5.468893849945416,5.486648187732082,21.558,21.126857142857144,20.90565504608277,5.571762860339928,5.519747397487041,5.471290879913735,21.930333333333337,21.633849462365593,20.163583185265637,5.573446312748637,5.54443056464561,5.3984005022040344,20.29945945945946,21.441066856330018,17.64383506996006,5.31257102966529,5.502291002767458,5.1880234172454855,8.78457179161976
2023-01-09,sz001338,20.33,20.75,20.93,20.16,194567,400418561.52,3.79,2.12,0.43,15.51,5.2890691826270055,-0.18423235155447593,21.032,20.888,20.865516910242995,5.406578569529794,5.397782484297585,5.405546987336116,20.936,20.942,20.99087474569476,5.465279394270771,5.431584493008644,5.450724732258432,21.4915,21.04990476190476,20.89083075597965,5.551326049290469,5.49282419008581,5.453936432553094,21.983999999999998,21.557698924731184,20.201416528151725,5.55011801238173,5.526083653024858,5.391346868682936,20.311315789473685,21.405627530364374,17.745676543076122,5.311952560006388,5.491356550452562,5.1913363931596335,8.60251420112214
2023-01-10,sz001338,20.76,20.39,20.85,20.23,145975,298488877.43,2.99,-1.73,-0.36,11.64,5.164278483923325,-0.12479069870368065,20.828000000000003,20.674,20.707011273495333,5.356061582067782,5.3170157890954295,5.325124152865186,20.944,20.842727272727274,20.881624791932076,5.436744440290239,5.3768570547636525,5.398643596197503,21.371000000000002,20.945000000000004,20.843132588743494,5.527710062926941,5.455962517193702,5.426349961255021,22.077,21.45486021505376,20.21358320375484,5.528338566221744,5.501190780221091,5.376697295472638,20.313333333333333,21.354846153846157,17.83237567281133,5.308166045235028,5.475002647126101,5.190449248594509,8.474928152682228
2023-01-11,sz001338,20.31,19.95,20.6,19.88,159426,321262630.9,3.53,-2.16,-0.44,12.71,5.202559149781105,0.038280665857779894,20.586,20.381333333333334,20.454674182330223,5.326642544933633,5.265848311666536,5.28426915183716,20.772,20.662000000000003,20.712238466126244,5.385440128140157,5.33427791103472,5.362991878667248,21.196,20.80966666666667,20.758072342196492,5.5026082762468995,5.424995763560766,5.405036550638457,22.096666666666668,21.31763440860215,20.19657783577066,5.510644984049131,5.480172753353951,5.365462576395765,20.30425,21.286317073170736,17.901805978620796,5.30552587284868,5.461712720426346,5.190846294535052,8.506860211583971
2023-01-12,sz001338,19.9,19.48,20.06,19.41,155483,305619973.82,3.26,-2.36,-0.47,12.4,5.191682911627844,-0.01087623815326122,20.178,20.01266666666667,20.12978278822015,5.264178252428152,5.220861767231273,5.253407071767388,20.624000000000002,20.42709090909091,20.488195108648746,5.347088941792595,5.299049326214299,5.331844793750993,20.880000000000003,20.646238095238097,20.636351166749208,5.472506393987616,5.395383824073236,5.38471715644697,22.035999999999998,21.14881720430107,20.15034700765643,5.506561215133282,5.459594555133224,5.354250985120415,20.284146341463416,21.20030197444832,17.953550044895525,5.302749215257927,5.448854158102607,5.190873724603668,8.48518173418487
2023-01-13,sz001338,19.5,19.61,19.95,19.27,118435,233350165.33,3.49,0.67,0.13,9.44,5.073480064385569,-0.1182028472422747,20.035999999999998,19.823333333333334,19.956521858813435,5.18421395846897,5.157295704550412,5.193431402640115,20.570999999999998,20.242727272727272,20.32852327071261,5.314651807875181,5.24930225759484,5.284869388411825,20.698999999999998,20.525285714285715,20.538603436582616,5.4342451191559125,5.357381316492088,5.355075528631598,21.908666666666665,20.992301075268813,20.115485910388273,5.489020087134637,5.431653835730146,5.33613673216978,20.26809523809524,21.12633444075305,18.007859879489114,5.297290425951443,5.431394897929722,5.1870247521375,8.368008112921544
2023-01-16,sz001338,19.54,19.81,20.07,19.5,123327,244562542.9,2.91,1.02,0.2,9.83,5.091058167166174,0.017578102780604787,19.848000000000003,19.747999999999998,19.90768123920896,5.144611755376803,5.126243774116147,5.159306990815468,20.439999999999998,20.104363636363637,20.234246312401222,5.275595162453298,5.208648868375019,5.249630984548979,20.5785,20.44061904761905,20.469212633098557,5.407960444910431,5.324696844874017,5.329931018015844,21.71,20.856903225806448,20.095777141976125,5.475543043555595,5.405978873151535,5.320325211846966,20.257441860465118,21.066501057082455,18.06694644081734,5.2924943269099245,5.415925046531379,5.183878306728603,8.388389941426638
2023-01-17,sz001338,19.73,19.25,19.82,19.05,132129,255286011.53,3.89,-2.83,-0.56,10.53,5.1209981481045626,0.0299399809383889,19.619999999999997,19.54866666666667,19.68845415947264,5.13595568821305,5.118372571692067,5.1465373765785,20.223999999999997,19.887999999999998,20.05529243741918,5.246008635140416,5.180540320311613,5.22624319610454,20.541,20.314095238095238,20.353097144232027,5.383027568812211,5.297367102321077,5.3100326494528645,21.40666666666667,20.698193548387096,20.04121087475186,5.504491731592748,5.383105008928887,5.307465401282941,20.234545454545454,20.98576767676768,18.105735082102015,5.2885966864825305,5.402817184379076,5.181816662183553,8.407027018165895
2023-01-18,sz001338,19.18,19.1,19.42,19.05,75399,144372962.42,1.92,-0.78,-0.15,6.01,4.877365585957813,-0.24363256214674944,19.45,19.375333333333334,19.492302772981763,5.070916975448393,5.032175870940321,5.056813446371605,20.018,19.683636363636364,19.881602903342962,5.198779760191013,5.113514311369322,5.162810903350589,20.461000000000002,20.17685714285714,20.233754559067073,5.354516630048034,5.249208818239707,5.268826262453336,21.192666666666664,20.54937634408602,19.98048759250981,5.467578242115876,5.342645257597601,5.279717026100674,20.209333333333333,20.90377777777778,18.138333931869163,5.279458217581981,5.3799714627085855,5.1718346596843485,8.159485867947943
2023-01-19,sz001338,19.03,18.81,19.05,18.62,91153,171659025.1,2.25,-1.52,-0.29,7.27,4.959770966595004,0.08240538063719072,19.316,19.162,19.264868515321176,5.024534586441824,4.995127201322524,5.024465953112738,19.747000000000003,19.464,19.68676601182606,5.144356419434988,5.070058167079138,5.12589455121321,20.3495,20.01961904761905,20.09815888677497,5.326875760879655,5.211613993148941,5.239392424752543,21.043,20.39565591397849,19.904972263960794,5.437799494886977,5.309883497886577,5.259075344842244,20.17891304347826,20.81468085106383,18.160355770168533,5.272508494734438,5.36209059053354,5.164881751714206,8.234666641715105
2023-01-20,sz001338,18.83,19.04,19.08,18.83,68268,129487932.66,1.33,1.22,0.23,5.44,4.834217179815396,-0.1255537867796077,19.201999999999998,19.07,19.18991234354745,4.97668200952779,4.931688065780382,4.961049695346958,19.619,19.335454545454542,19.569172191494047,5.08044798399838,5.0136692144210295,5.0728623018681525,20.223,19.894904761904762,19.99738184993926,5.287359314888819,5.164694128285679,5.2008043061871,20.91166666666667,20.26643010752688,19.849167601769775,5.407991234892745,5.270942703365831,5.231665140646964,20.15468085106383,20.74073581560284,18.189196564589235,5.263183147608501,5.34009586508695,5.1540402903404745,8.112229297194359
2023-01-30,sz001338,19.31,19.26,19.46,19.14,89684,173092728.47,1.68,1.16,0.22,7.15,4.952714970006041,0.11849779019064499,19.092,19.089333333333336,19.2132748956983,4.949013370095764,4.923699052606466,4.9582714535666526,19.47,19.270181818181822,19.51295906576786,5.046812562736283,4.990445030058787,5.051017332438677,20.203,19.803190476190476,19.9271550070879,5.256045978503527,5.132823238296843,5.177176750360333,20.817666666666664,20.15987096774193,19.81115678875237,5.383154887105741,5.241570041115075,5.213668355444324,20.136041666666667,20.680297619047618,18.224304873946966,5.256715060575116,5.324284399981607,5.147439460165574,8.238278823787088
2023-01-31,sz001338,19.15,19.19,19.38,18.96,87849,167929387.22,2.18,-0.36,-0.07,7.0,4.943736822212034,-0.008978147794007185,19.080000000000002,19.122,19.205516597132203,4.9135611049172585,4.921940203311889,4.953426576448447,19.35,19.21927272727273,19.454239235628247,5.024758396565154,4.971703986327106,5.031511785124742,20.147,19.706714285714284,19.856949768317627,5.230751418427697,5.103079509126225,5.154944376250971,20.697333333333336,20.05486021505377,19.77108215721996,5.360059507473012,5.213220488541288,5.196253417816435,20.11673469387755,20.620685714285713,18.255967009227394,5.2503277495881155,5.309062496870824,5.140760685150704,8.225126703229762
2023-02-01,sz001338,19.2,19.58,19.63,19.13,114368,221860660.92,2.61,2.03,0.39,9.12,5.058304526489532,0.11456770427749774,19.176,19.288666666666664,19.330344398088137,4.949748893023601,4.970188010502648,4.988385893128809,19.313,19.26109090909091,19.47710482915038,5.010332934235996,4.977803282676993,5.036383192645612,20.0425,19.652714285714286,19.830573599906426,5.197886531188077,5.086655995608304,5.145740581035596,20.56833333333333,19.982774193548384,19.758754276108995,5.338516495576599,5.193752425252031,5.1873534893437325,20.105999999999998,20.579874509803922,18.299377926957643,5.246487285126143,5.2992288509735195,5.138057204538862,8.346080302412437
2023-02-02,sz001338,19.55,20.47,20.8,19.44,293868,594784286.56,6.95,4.55,0.89,23.43,5.468152297266707,0.4098477707771755,19.508,19.719999999999995,19.710229598725427,5.051425159157942,5.14298914525035,5.148308027841442,19.412,19.471454545454545,19.65763122385031,5.037979872799883,5.061043166864395,5.114886666213084,20.017999999999997,19.69342857142857,19.891471352296293,5.19253440729624,5.1123955923776965,5.176446458771892,20.390666666666668,19.976430107526884,19.804641097005188,5.327664220258371,5.20211602536107,5.205469541467796,20.11313725490196,20.575648567119156,18.370545863778705,5.250833657913213,5.30572590660018,5.148879994464365,8.774359486496811
2023-02-03,sz001338,20.1,19.74,20.14,19.64,174575,345138550.42,2.44,-3.57,-0.73,13.92,5.241982050713054,-0.2261702465536528,19.648000000000003,19.79733333333333,19.72015306581695,5.132978133337474,5.206508109102054,5.17953270213198,19.424999999999997,19.53109090909091,19.672607364968435,5.054830071432631,5.098134471939516,5.137994917940351,19.997999999999998,19.666952380952377,19.877045509220455,5.184740939653907,5.117104891750727,5.182687943718669,20.274333333333335,19.934451612903228,19.800470703650017,5.307773436581486,5.196588143454921,5.207825187225555,20.10596153846154,20.54411465892598,18.415445999392517,5.250663434697826,5.303320478076137,5.151932520898748,8.537993470736373
2023-02-06,sz001338,19.49,19.16,19.59,19.08,119186,230054386.62,2.58,-2.94,-0.58,9.5,5.076225244667399,-0.16575680604565513,19.628,19.634666666666664,19.533435377211305,5.157680188269746,5.187590479545362,5.14509688297712,19.360000000000003,19.48290909090909,19.579406025883266,5.053346779182755,5.102024503436747,5.12676406825436,19.9,19.587142857142858,19.80875546072327,5.164470970818026,5.106770063656774,5.172548639047119,20.17233333333333,19.862559139784942,19.75915001309195,5.289755889667872,5.181649550428205,5.199334868350835,20.08811320754717,20.492851153039833,18.43985760596981,5.247372148093477,5.294909543505443,5.149450315120671,8.36183051869926
2023-02-07,sz001338,19.06,19.14,19.27,19.01,78613,150228806.22,1.36,-0.1,-0.02,6.27,4.895494369976075,-0.18073087469132432,19.618,19.471999999999998,19.402290251474206,5.148031697822554,5.100195206780806,5.061896045310106,19.349,19.442909090909094,19.499514021177216,5.030796401369906,5.073324065399168,5.084715032203762,19.7865,19.5147619047619,19.74506446446391,5.138402518255161,5.081153244528968,5.14616251818321,20.143666666666665,19.795956989247312,19.719204850956988,5.265617179664776,5.156213323351314,5.179732255552464,20.070555555555554,20.443656565656568,18.462813094298667,5.240855892943155,5.280385355377102,5.141123890689701,8.176753216176055
2023-02-08,sz001338,19.15,18.86,19.16,18.83,86559,163948153.89,1.72,-1.46,-0.28,6.9,4.937312230468241,0.0418178604921664,19.473999999999997,19.219333333333335,19.221526834316137,5.123833238618295,5.0299553843293685,5.020368107029485,19.325,19.353999999999996,19.383238744599538,5.036791065820948,5.056326943417048,5.0579145227973035,19.6715,19.426523809523808,19.66077261070544,5.11778541300598,5.062001788549264,5.126272014591308,20.08233333333333,19.713139784946232,19.663772279927507,5.248608108639005,5.135032358887023,5.164092253934127,20.048545454545454,20.387097402597405,18.47583561579707,5.235336917261793,5.268132743773214,5.134441541174244,8.21470653073457
2023-02-09,sz001338,18.76,19.11,19.2,18.73,80332,153289592.0,2.49,1.33,0.25,6.4,4.904888579588218,-0.0324236508800233,19.202,19.098000000000003,19.184351222877424,5.011180495082597,4.956973831319342,4.98187493121573,19.354999999999997,19.31490909090909,19.333558972854167,5.031302827120269,5.032344673192914,5.030091624032015,19.551,19.373047619047618,19.608318076352543,5.08782962327763,5.041725899652333,5.1051878779243465,20.017999999999997,19.650408602150534,19.62804503606122,5.228351449626527,5.112856905399875,5.147369436234391,20.031785714285714,20.34228696741855,18.49662789068897,5.22943605408905,5.255387334503566,5.126915214564866,8.185512668289356
2023-02-10,sz001338,19.05,19.39,19.78,19.03,138533,270369704.9,3.92,1.47,0.28,11.04,5.1415532391823096,0.23666465959409155,19.131999999999998,19.160666666666664,19.252900815251618,4.991094732776448,5.000431412685913,5.035101033871257,19.389999999999997,19.321272727272728,19.343820977789772,5.062036433056961,5.05239020265874,5.05035737224116,19.5045,19.357714285714287,19.587525878604684,5.0712422085276705,5.046842434500398,5.1086512456632,19.945333333333334,19.60989247311828,19.612687291799205,5.212251687611533,5.107257020855085,5.1469941977149025,20.020526315789475,20.309449485783425,18.52591877951884,5.227894250318757,5.251462020871799,5.127395149798224,8.431958027018652
2023-02-13,sz001338,19.4,20.29,20.77,19.39,308125,624714665.62,7.12,4.64,0.9,24.56,5.488726936621306,0.34717369743899607,19.357999999999997,19.546666666666667,19.598600543501078,5.0735950711672295,5.1663088139675315,5.1863096681212735,19.493000000000002,19.484909090909092,19.515853527282538,5.115637629718487,5.129970294215894,5.1300609294011865,19.4815,19.432523809523808,19.65442817588043,5.081225096227385,5.08660288479503,5.144848930516353,19.966333333333335,19.632129032258067,19.656384885876676,5.209243195575182,5.125094133694427,5.1690414711927355,20.025172413793104,20.308790181180598,18.583757508059204,5.2323913655998355,5.259504899371782,5.139242093628489,8.795681701436783
2023-02-14,sz001338,20.17,20.48,20.77,20.06,266693,546215118.16,3.5,0.94,0.19,21.26,5.426011616734984,-0.06271531988632173,19.625999999999998,19.920666666666666,19.89240036233405,5.179698520519012,5.28378099582345,5.266210317659177,19.622,19.664363636363635,19.691152885958438,5.163865109170783,5.186401928218893,5.183870145280059,19.485999999999997,19.527619047619048,19.733054063891817,5.094311752867968,5.119439696271944,5.171626329203842,19.972,19.665268817204296,19.709521344852373,5.208455982008726,5.139079193124092,5.185620190259978,20.032881355932204,20.314497175141245,18.64592939304087,5.235673064771618,5.265055123283889,5.148644373074604,8.737363716387017
2023-02-15,sz001338,20.49,20.14,20.75,20.1,146685,298044425.4,3.17,-1.66,-0.34,11.69,5.16638570518412,-0.2596259115508639,19.881999999999998,20.092,19.97493357488937,5.225513215462188,5.279343390711819,5.2329354468341585,19.678,19.758545454545455,19.77276145214781,5.174673227040242,5.186860218403135,5.180691156171706,19.4955,19.589904761904762,19.771810819711643,5.092503080638119,5.126303882206816,5.171127222154345,19.921,19.67610752688172,19.737294161313514,5.190148763138798,5.136364981716053,5.184379255738955,20.034666666666666,20.308775956284155,18.694915314580513,5.234518275445159,5.2618200603953715,5.149226056094588,8.474281003230889
2023-02-16,sz001338,20.14,19.43,20.33,19.15,169523,335351328.71,5.86,-3.53,-0.71,13.52,5.22922862935586,0.06284292417173987,19.946,19.941333333333333,19.793289049926248,5.290381225415716,5.28058186200971,5.2316998410080595,19.573999999999998,19.713454545454546,19.710441188120935,5.1507808602491565,5.196779382460522,5.189516151296098,19.493,19.583666666666666,19.739257408310532,5.09438036652452,5.139325363037075,5.17666068950687,19.87,19.64443010752688,19.717468731551353,5.178616558280544,5.138886263407477,5.1872727637142395,20.194833333333335,20.288950819672134,18.71901645180738,5.24427150867084,5.26164662937605,5.1518490912834825,8.525500031417025
2023-02-17,sz001338,19.32,19.65,20.33,19.3,150064,298295638.8,5.3,1.13,0.22,11.96,5.176276518515419,-0.05295211084044116,19.997999999999998,19.842666666666666,19.745526033284165,5.297325881282338,5.242546959709611,5.21322540017718,19.565,19.727272727272727,19.699451881189855,5.144210307029393,5.20141495669075,5.187108945335973,19.495,19.59861904761905,19.730756702757148,5.099520189231013,5.147124996560018,5.176624101793399,19.853666666666665,19.630236559139785,19.713115910160944,5.171230728779069,5.138735293100049,5.186563328540122,20.342333333333336,20.271087431693992,18.749540502567797,5.267109844800805,5.259417285436528,5.152649990536989,8.474646903851703
2023-02-20,sz001338,19.42,19.85,19.91,19.4,99607,195155167.45,2.6,1.02,0.2,7.94,4.998289860055715,-0.1779866584597034,19.91,19.793333333333333,19.78035068885611,5.19923846596922,5.142868285967404,5.141580220136692,19.634,19.779090909090908,19.72682426642806,5.136416768568225,5.174883966331901,5.152778202557744,19.497,19.63242857142857,19.742113207256466,5.094881773875489,5.137484012829038,5.159639888294572,19.811333333333334,19.63,19.721947141763465,5.155119570068092,5.127577817698541,5.174416653154031,20.475166666666667,20.254945355191257,18.78562114182787,5.289856868208742,5.250603515444885,5.1475890026523565,8.290380055311394
2023-02-21,sz001338,19.76,19.67,19.9,19.42,74155,145696152.41,2.42,-0.91,-0.18,5.91,4.870140439237639,-0.128149420818076,19.748,19.71333333333333,19.743567125904075,5.08806423046975,5.033168943723543,5.051100293170341,19.687,19.785636363636364,19.71649258162296,5.133881375494381,5.126470088271795,5.101389518317725,19.518,19.64890476190476,19.73524528275585,5.082338888432143,5.116080076196863,5.132068512193912,19.75333333333333,19.62088172043011,19.718595713262598,5.136895470668234,5.109192067322384,5.154785929675555,20.58516666666667,20.22854644808743,18.814617169964663,5.305428212228737,5.236842321052392,5.138492328442037,8.16344808293561
2023-02-22,sz001338,19.65,20.02,20.29,19.5,138507,276524320.09,4.02,1.78,0.35,11.04,5.141471722747408,0.27133128350976854,19.724,19.804,19.835711417269383,5.083081433982408,5.0509714411494295,5.0812241030293634,19.802999999999997,19.84618181818182,19.7716757486006,5.154297324722298,5.127850151408708,5.1086771918503935,19.564,19.696714285714286,19.762364779636247,5.095544195271623,5.121711774703078,5.132964056056149,19.715333333333334,19.63808602150538,19.738041151116626,5.129956050244753,5.109487309392009,5.1539269485834165,20.679166666666667,20.210016393442626,18.85413791849041,5.326393609620059,5.231466698446446,5.13859001350123,8.441733333168418
2023-02-23,sz001338,19.85,19.55,20.09,19.3,134823,265042633.35,3.95,-2.35,-0.47,10.75,5.129763986568906,-0.011707736178501627,19.747999999999998,19.746,19.74047427817959,5.063188505425018,5.066532292011596,5.097404064209211,19.847,19.80018181818182,19.731371067036854,5.176784865420367,5.123389544471728,5.112511154526486,19.601,19.695380952380955,19.74213956252803,5.104043846270319,5.1249708024456755,5.132659287533555,19.64966666666667,19.62741935483871,19.72590946394781,5.117481370658541,5.1094749181871135,5.152368047808287,20.741333333333333,20.172994535519127,18.876953068703838,5.328508080153721,5.225019825559523,5.138300635569022,8.423315737859161
2023-02-24,sz001338,19.53,19.31,19.54,19.12,77725,149981808.1,2.15,-1.23,-0.24,6.2,4.8905607307152295,-0.23920325585367674,19.68,19.6,19.596982852119726,5.00604534786498,5.008989700441666,5.028456286377884,19.839,19.702545454545458,19.654758145757427,5.151685614573659,5.071348792707157,5.072156532015348,19.6145,19.667666666666666,19.70098341371584,5.10686102381531,5.104639077154715,5.109602282122286,19.616,19.605505376344084,19.699076595306018,5.098056677209667,5.094834876900448,5.135477253157123,20.773166666666665,20.12606557377049,18.891151328746336,5.335751494979151,5.2106608960697365,5.13017801573775,8.176038584916238
2023-02-27,sz001338,19.25,18.91,19.37,18.79,95980,183085091.85,3.0,-2.07,-0.4,7.65,4.982180745596403,0.09162001488117344,19.491999999999997,19.343333333333337,19.367988568079817,5.002823524973117,5.001034833018807,5.013031106117391,19.701,19.53363636363636,19.51934757380153,5.101030995471168,5.040529725620384,5.055797298120994,19.597,19.600571428571428,19.625651660028616,5.108334312594828,5.09276476494339,5.09746689769125,19.554666666666666,19.55995698924731,19.64816842786692,5.0878270626419795,5.0873590103447555,5.125587155895142,20.769333333333336,20.064978142076505,18.891769317967768,5.318972537511854,5.199068412483416,5.125325646224918,8.262652982254316
2023-02-28,sz001338,18.97,19.16,19.34,18.82,79561,151668124.64,2.75,1.32,0.25,6.34,4.900700233121988,-0.0814805124744149,19.389999999999997,19.232666666666667,19.298659045386543,5.008935483749987,4.966993735735097,4.97558748178559,19.569,19.435272727272725,19.45401165129216,5.048499857109869,5.004105950647805,5.0275978317575385,19.595499999999998,19.55895238095238,19.58130388288303,5.106182483140325,5.072990090707882,5.0787272153513205,19.513666666666666,19.534494623655913,19.616673690585184,5.0790411209486015,5.075286311666045,5.111078322167842,20.795333333333335,20.0122131147541,18.90056376655899,5.303689843585173,5.185354566437846,5.117960878582199,8.18089431679501
2023-03-01,sz001338,19.2,19.13,19.2,18.99,64308,122595309.24,1.1,-0.16,-0.03,5.13,4.808265003091237,-0.09243523003075094,19.212,19.146,19.24243936359103,4.942294139818753,4.900103575515514,4.919813322220806,19.467999999999996,19.355454545454545,19.39510044196631,5.01268778690058,4.960426886280781,4.987719135636393,19.573,19.514619047619046,19.538322560703694,5.0936805069704105,5.044616997369873,5.052968909421789,19.486333333333334,19.50974193548387,19.585275387966785,5.065897982725605,5.0578168847075045,5.09154197900161,20.7915,19.957612021857923,18.90808626601607,5.288271483387368,5.169111129044601,5.107806915451348,8.088473853460075
2023-03-02,sz001338,19.13,18.91,19.13,18.83,84451,160026329.85,1.57,-1.15,-0.22,6.73,4.92660479649922,0.11833979340798262,19.084,19.045333333333335,19.13162624239402,4.901662301804815,4.894873794409003,4.9220771469802775,19.416000000000004,19.254,19.306900361608797,4.982425403614917,4.944775433480534,4.976607437611452,19.495,19.45147619047619,19.47848231682715,5.066603131932037,5.0287050249440455,5.040934232000592,19.467333333333332,19.47255913978494,19.541709233904413,5.057062045554653,5.04883022753161,5.0809008704530685,20.75166666666667,19.895923497267756,18.90814901139259,5.2818116303439675,5.157253204884335,5.10186586237095,8.20419144495464
2023-03-03,sz001338,19.14,19.17,19.34,18.83,110181,210853697.18,2.7,1.37,0.26,8.78,5.042106709701044,0.11550191320182446,19.056,19.074,19.14441749492935,4.931971497601978,4.94168859704108,4.962087001220533,19.368000000000002,19.209272727272726,19.28200938677083,4.969008422733479,4.955626580041648,4.988516396173196,19.466500000000003,19.420523809523814,19.4491030485579,5.056609364881436,5.026372032350619,5.041045896543492,19.45266666666667,19.45337634408602,19.517727993007355,5.056016267065167,5.047865367153958,5.078398021372293,20.680666666666664,19.844065573770493,18.916734289707588,5.272518177099902,5.149394027158339,5.099906545889969,8.323981220483894
2023-03-06,sz001338,19.0,19.08,19.19,18.85,67932,129096461.08,1.77,-0.47,-0.09,5.42,4.8320744009322185,-0.21003230876882562,19.09,19.082,19.122944996619566,4.901950228669142,4.908389564817825,4.918749467791095,19.291000000000004,19.15690909090909,19.245280407357953,4.952386876821128,4.930729485168691,4.960072397038473,19.4625,19.383714285714284,19.413950377266673,5.044401822694677,5.00498775006974,5.021143849342419,19.42833333333333,19.429333333333332,19.48948747732946,5.047383474857369,5.0334175048228,5.062506174892289,20.569166666666668,19.791584699453555,18.922087263815538,5.261463259206483,5.134953247611857,5.091125164088075,8.110914337119297
2023-03-07,sz001338,19.07,18.67,19.07,18.66,80707,151949906.94,2.15,-2.15,-0.41,6.43,4.906911204232999,0.07483680330078091,18.991999999999997,18.942,18.971963331079714,4.903192422891344,4.910043223339112,4.914803379938396,19.191,19.044,19.140683969656507,4.956063953320665,4.92246118106176,4.950406725619295,19.439,19.308238095238096,19.343097960384135,5.044972664407523,4.991893405454342,5.010264549808189,19.409,19.380408602150542,19.436617317501753,5.040247243394984,5.024354777685743,5.052467789688464,20.407833333333333,19.72931693989071,18.913822107624867,5.272369487493866,5.123328590071743,5.085085362125613,8.181700438437305
2023-03-08,sz001338,18.66,18.47,18.66,18.4,53958,99708171.74,1.39,-1.07,-0.2,4.3,4.732055843797103,-0.17485536043589622,18.86,18.767999999999997,18.80464222071981,4.887950591032517,4.852997696974366,4.853887534557965,19.035999999999998,18.912909090909093,19.01874142971896,4.915122365425635,4.881732433875656,4.910706565287988,19.4195,19.21595238095238,19.259945773680883,5.034709845073967,4.962091803491445,4.983768482569038,19.388,19.319827956989247,19.374254909920996,5.0354035853229595,5.004471461582655,5.03179605124386,20.29033333333333,19.665781420765025,18.899270563112573,5.251490913719419,5.105613388639063,5.07351062381976,7.998730753057453
2023-03-09,sz001338,18.47,18.24,18.57,18.19,52959,97055064.28,2.06,-1.25,-0.23,4.22,4.723939775929715,-0.008116067867388388,18.726,18.56133333333333,18.61642814714654,4.847417586918615,4.79832742527343,4.810571615015215,18.905,18.76818181818182,18.877152078860966,4.8745399443617154,4.846971963058216,4.876748967222847,19.375999999999998,19.10361904761905,19.16280808094937,5.025662404891041,4.932494654049136,4.95902289146053,19.368999999999996,19.245763440860216,19.30107717379706,5.027542545634118,4.984377022266961,5.011934356062302,20.206,19.598557377049186,18.8776551348138,5.232671020260548,5.088316630023005,5.062049284544676,7.987018201563396
2023-03-10,sz001338,18.11,17.83,18.22,17.82,63790,114710584.56,2.19,-2.25,-0.41,5.09,4.804752602150461,0.08081282622074593,18.458,18.262666666666668,18.354285431431027,4.7999467654084995,4.784105763684047,4.808631944060298,18.756999999999998,18.57272727272727,18.686760791795333,4.865959131505239,4.834283355383443,4.8636587190278675,19.298,18.95638095238095,19.035873978001813,5.0088223730394486,4.911455625216699,4.944330482954809,19.328666666666667,19.146473118279566,19.20616896903596,5.026560393045286,4.970003477526081,4.998567791293797,20.120166666666666,19.52065573770492,18.843305786131378,5.217275813969016,5.074286517953824,5.053613327744865,8.059603492913617
2023-03-13,sz001338,17.7,18.2,18.29,17.68,68195,123125952.9,3.42,2.08,0.37,5.44,4.833752533717874,0.028999931567413206,18.282,18.176666666666666,18.30285695428735,4.80028239196563,4.795374353120504,4.817005473946157,18.686,18.471454545454545,18.598258829650725,4.851116310317385,4.828427610331195,4.858221230789686,19.1935,18.851809523809525,18.95626693247783,4.976073652894277,4.894782307186074,4.9337992496941485,19.293333333333337,19.073655913978495,19.141254842001384,5.022594978502348,4.957564260795279,4.987934548869545,20.0555,19.457699453551914,18.82221379314346,5.202874932804044,5.061711984175098,5.046404777121029,8.090349604623317
2023-03-14,sz001338,18.1,17.84,18.19,17.7,50395,90296719.65,2.69,-1.98,-0.36,4.02,4.702387449538213,-0.1313650841796612,18.116,18.029333333333334,18.148571302858233,4.759377641026672,4.7627427056446985,4.778799465810176,18.554,18.31763636363636,18.460393587896046,4.831285031959008,4.801385999280437,4.829887816016691,19.061500000000002,18.722904761904765,18.849955796051372,4.939892444534439,4.868716954485496,4.911760030631678,19.24833333333333,18.97989247311828,19.057302916710974,5.01454999941322,4.93690571053953,4.969512155364297,19.972833333333334,19.385060109289622,18.790010062220723,5.187304753443116,5.04530255849425,5.035125520478968,7.955671973305965
2023-03-15,sz001338,17.96,17.93,18.17,17.92,39177,70596598.39,1.4,0.5,0.09,3.12,4.593031176596723,-0.10935627294148986,18.008,17.967333333333332,18.07571420190549,4.731572707586597,4.707293884168049,4.716876702739025,18.434,18.204181818181816,18.363958390096766,4.809761649309557,4.758067116487293,4.786822972485787,18.951,18.615142857142857,18.762340958332192,4.9112247181050686,4.835682548015237,4.881404901675968,19.193333333333335,18.89483870967742,18.98457369627801,4.999040887750127,4.9097109477771745,4.945223059959938,19.88083333333333,19.318081967213118,18.76181301100037,5.168778691663362,5.025818178925515,5.020630623958239,7.848783775612102
2023-03-16,sz001338,17.82,17.65,18.05,17.63,54595,97235753.55,2.34,-1.56,-0.28,4.35,4.737152870326679,0.1441216937299563,17.89,17.848000000000003,17.933809467936996,4.73421532646599,4.709153938414742,4.7236354252682435,18.308,18.061636363636364,18.234147773715534,4.790816456692303,4.744865520308588,4.777792044820495,18.862000000000002,18.491238095238096,18.656403724205315,4.88662093015361,4.819104276798247,4.867666612976036,19.099333333333334,18.7952688172043,18.898472167485878,4.974674240185459,4.89281494665308,4.931799176757792,19.745,19.244939890710384,18.7253601253938,5.151169230221915,5.011666512652182,5.011336271380154,7.987825984210048
2023-03-17,sz001338,17.72,17.72,17.87,17.47,56228,99427190.21,2.27,0.4,0.07,4.48,4.749952636160812,0.012799765834133225,17.868000000000002,17.791333333333334,17.86253964529133,4.72325533326806,4.7143997083130165,4.732407828899101,18.163,17.954727272727272,18.140666360312707,4.76160104933828,4.737435734757409,4.7727303341550975,18.765499999999996,18.38247619047619,18.567222417138144,4.865304736035879,4.806088248798933,4.856455758041253,19.032,18.706279569892473,18.822441705067437,4.958273259700385,4.878316778651491,4.920067141880567,19.653166666666667,19.17854644808743,18.692397498331708,5.133023348140935,4.9985118702239495,5.002766316127061,7.997505166523902
2023-03-20,sz001338,17.72,17.37,17.77,17.25,54147,94175449.78,2.93,-1.98,-0.35,4.32,4.733574399658698,-0.01637823650211434,17.701999999999998,17.625333333333334,17.698359763527556,4.703219706456226,4.717839397109896,4.7327966858189665,17.992,17.810545454545455,18.000545203892216,4.751751049210927,4.732339980270212,4.76561107333757,18.6415,18.24957142857143,18.453201234553557,4.852068963016029,4.7935425024772975,4.844752771528628,18.972333333333335,18.59905376344086,18.728735788611473,4.946851564866761,4.863820078003639,4.908035352059802,19.572333333333333,19.103688524590165,18.649040203304438,5.118303727267317,4.985415183388467,4.993940351652688,7.97393770306172
2023-03-21,sz001338,17.37,17.93,18.06,17.32,70748,125662370.74,4.26,3.22,0.56,5.64,4.8497141671469866,0.11613976748828847,17.72,17.70133333333333,17.77557317568504,4.732685049977979,4.766670884006817,4.7717691795949735,17.918,17.79927272727273,17.98771880318454,4.746031345502326,4.750151456258586,4.7809025449392815,18.554499999999997,18.181809523809527,18.403372545548457,4.8510476494114965,4.793318236204056,4.845225285397044,18.932,18.531806451612905,18.677204447410734,4.94532555810579,4.857553149118494,4.904272694968653,19.53783333333333,19.049841530054643,18.625465114671506,5.105471368885284,4.9766089683025525,4.989211624291845,8.09920524883518
2023-03-22,sz001338,17.92,17.75,18.03,17.7,52481,93628087.21,1.84,-1.0,-0.18,4.18,4.720002101717151,-0.12971206542983538,17.684,17.711333333333332,17.767048783790027,4.758079235002066,4.762443234586541,4.754513486969033,17.845999999999997,17.768727272727272,17.94449720260553,4.744825971294331,4.745418866479463,4.769829737080713,18.441,18.105190476190476,18.341146588829556,4.829974168359983,4.780837707852212,4.833299267903721,18.895,18.45554838709677,18.6173848056423,4.938081887147422,4.843016151932129,4.8923842695975885,19.488666666666667,18.99122404371585,18.59676134041998,5.0933449978932135,4.963970631674091,4.980385082568084,7.971406150986965
2023-03-23,sz001338,17.71,17.82,17.94,17.59,41244,73518773.11,1.97,0.39,0.07,3.29,4.61536077818485,-0.10464132353230138,17.718,17.756666666666668,17.784699189193354,4.733720816573699,4.714870415647468,4.708129250707639,17.804,17.764,17.921861347586344,4.733968071519845,4.721879740459557,4.741744471826919,18.354499999999998,18.046047619047616,18.2915135803696,4.80425400794078,4.760398337359343,4.812543221263828,18.852,18.386193548387098,18.565940624633118,4.9284309604339755,4.822195435224867,4.874511786280638,19.435,18.93651366120218,18.571293755488178,5.078391205030251,4.94829901791316,4.968417072588306,7.866398250880736
2023-03-24,sz001338,17.82,17.92,18.13,17.82,47328,84948429.08,1.74,0.56,0.1,3.77,4.675118152316799,0.059757374131948815,17.758,17.824,17.829799459462237,4.718753919804897,4.695336194228501,4.697125551244026,17.813,17.785090909090908,17.921522920752462,4.7210046265364785,4.711179755149913,4.729630595552351,18.285,18.004666666666665,18.256131334620115,4.793481879020859,4.748099684442773,4.79945511945935,18.803,18.32606451612903,18.524267035947112,4.912883124205125,4.805852673410857,4.861647680863616,19.374166666666667,18.88684153005464,18.549939861865614,5.062567405908329,4.93507695061108,4.9588007145466175,7.929155352031484
2023-03-27,sz001338,18.0,17.75,18.0,17.53,47726,84371792.68,2.62,-0.95,-0.17,3.8,4.67875503690713,0.0036368845903309577,17.833999999999996,17.82133333333333,17.80319963964149,4.707790047254583,4.682003233262579,4.691002046465061,17.768,17.773636363636363,17.890336935161105,4.705504876855405,4.70349801158094,4.720380493980492,18.226999999999997,17.953714285714288,18.20792835037058,4.778310593586395,4.73717331852718,4.787959873501996,18.71833333333333,18.258129032258065,18.474314323950523,4.885884060881319,4.790747635520663,4.849848155447068,19.342333333333332,18.833590163934428,18.523712325411005,5.047563628228249,4.922492938512681,4.949618889050241,7.9261972768274935
2023-03-28,sz001338,17.67,17.73,18.1,17.66,56929,101821368.93,2.48,-0.11,-0.02,4.54,4.755333555174691,0.07657851826756179,17.794,17.78666666666667,17.778799759760993,4.688913924860124,4.6978510692359485,4.712445882701605,17.757,17.766727272727273,17.861184765131814,4.7107994874190515,4.712557771275355,4.726735596015801,18.1555,17.90638095238095,18.162411364621,4.771042259689031,4.734985029154637,4.784852605089871,18.626666666666665,18.19436559139785,18.426294044985976,4.863528125495977,4.7823250222492675,4.843750439300464,19.299333333333333,18.780726775956285,18.497688970479498,5.035992053752351,4.912911624642072,4.943248878103501,8.007838931581192
2023-03-29,sz001338,17.71,17.53,17.8,17.4,46914,82332383.99,2.26,-1.13,-0.2,3.74,4.671302463513509,-0.08403109166118217,17.75,17.698666666666668,17.69586650650733,4.6791739972193955,4.69198058212041,4.698731409638906,17.717000000000002,17.725454545454543,17.800969353289666,4.718626616110731,4.705376494201621,4.716656844651748,18.075499999999998,17.846809523809522,18.10218171084757,4.764194132710143,4.725486000947445,4.774038305892122,18.539666666666665,18.123612903225805,18.36846862272882,4.847025350773622,4.769923366637496,4.832624763443241,19.23033333333333,18.72271584699454,18.46596146325066,5.0185870569562105,4.9009545888965365,4.934332602215305,7.915570690884763
2023-03-30,sz001338,17.96,17.89,17.96,17.6,77277,137752977.51,2.05,2.05,0.36,6.16,4.888050253822353,0.21674779030884395,17.764000000000003,17.745333333333335,17.76057767100489,4.733711892346896,4.7616060009880625,4.761837691033389,17.741,17.75690909090909,17.817156743600634,4.733716354460298,4.73618079196737,4.747819282682767,18.0245,17.82914285714286,18.08197392886209,4.7622664055763,4.73728182200575,4.784896586647382,18.488333333333333,18.08169892473118,18.337599679326964,4.83565273825584,4.772570134576122,4.836200601532217,19.179166666666667,18.67877049180328,18.447077480849,5.007134648268192,4.896674693711818,4.932815148169634,8.139100994835529
2023-03-31,sz001338,17.87,17.83,18.06,17.74,58370,104382650.84,1.79,-0.34,-0.06,4.65,4.76618969331016,-0.12186056051219296,17.746000000000002,17.767333333333333,17.783718447336593,4.751926200545569,4.7724319346424835,4.763288358458979,17.752000000000002,17.773090909090907,17.81949188112779,4.735340060175233,4.742085035394617,4.751159357342292,17.957500000000003,17.810619047619046,18.057976411827607,4.748470554756756,4.737655468456594,4.783114977758123,18.427666666666667,18.03922580645161,18.30485131291877,4.821983177415664,4.768088647805434,4.831683768743697,19.140666666666668,18.634535519125684,18.426845432296574,4.996606953097366,4.888774859123032,4.92735201850211,8.018628321745023
2023-04-03,sz001338,17.73,17.88,17.88,17.65,44445,78955465.06,1.29,0.28,0.05,3.54,4.647822910535733,-0.11836678277442747,17.772,17.812,17.815812298224394,4.745739775271289,4.737730837972538,4.724799875817897,17.803,17.796363636363637,17.83049335728637,4.726764911262936,4.726172826369255,4.732370912468372,17.8975,17.803238095238093,18.041026277367834,4.739257980236932,4.728069978530781,4.770230018975038,18.362000000000002,18.003892473118277,18.27744155079498,4.810300945764998,4.756852501555116,4.819821777891571,19.086666666666662,18.59320218579235,18.408916073860617,4.982710257916546,4.877339316743961,4.918187129716327,7.8973821959435275
2023-04-04,sz001338,17.76,17.79,18.07,17.65,65096,116298752.07,2.35,-0.5,-0.09,5.19,4.813554302987558,0.1657313924518249,17.784,17.817999999999998,17.807208198816262,4.757383924833863,4.760335680544627,4.754384684874451,17.789,17.794,17.823130928688848,4.723148924846994,4.741952715773731,4.747131528926406,17.853499999999997,17.793,18.017119012856615,4.73459013517466,4.735145818792747,4.774356141261944,18.299333333333333,17.966989247311826,18.245993708808207,4.808414741223329,4.7570623955694735,4.819417424671958,19.026333333333337,18.550688524590164,18.388623743570104,4.972655105945781,4.871793219861043,4.914756545233416,8.065575054607894
2023-04-06,sz001338,17.82,17.41,17.88,17.37,61610,108239933.35,2.87,-2.14,-0.38,4.91,4.789651208793409,-0.023903094194148267,17.759999999999998,17.69333333333333,17.67480546587751,4.781053673889843,4.771091441864476,4.766140192847438,17.755,17.72509090909091,17.74801621438178,4.7301138355546195,4.754044040127624,4.754862379811316,17.8005,17.750761904761905,17.959298154489318,4.737469903424476,4.74038973056596,4.775812814360179,18.212333333333333,17.909612903225806,18.192058630820583,4.796687390758195,4.755851845090125,4.817497023647535,18.963833333333334,18.49769398907104,18.356537719190754,4.963321720501474,4.865793092085557,4.910654730923907,8.034387516167762
2023-04-07,sz001338,17.36,17.77,17.82,17.28,66872,118145718.38,3.1,2.07,0.36,5.33,4.825244312223003,0.03559310342959332,17.736,17.696666666666665,17.706536977251673,4.768492485569973,4.785821654642197,4.7858415659726266,17.75,17.727818181818186,17.752013266312368,4.751102188958435,4.771340490430967,4.767659094795259,17.776999999999997,17.747857142857143,17.94126975882367,4.742535130239139,4.748749198070583,4.7805205760614,18.153000000000002,17.881075268817206,18.164829041735388,4.786536734946665,4.757694227120112,4.817996848716921,18.901333333333334,18.458551912568304,18.337306974299253,4.9520090528026035,4.861265963945279,4.907854389327156,8.072417987351095
2023-04-10,sz001338,17.68,17.42,17.78,17.28,61375,107357866.93,2.81,-1.97,-0.35,4.89,4.787991505131025,-0.03725280709197776,17.654000000000003,17.591333333333335,17.61102465150112,4.772852847934145,4.792321327829215,4.786558212358759,17.7,17.66781818181818,17.691647217891937,4.7623895242398575,4.778047638825984,4.771355896674489,17.7565,17.713857142857144,17.89162501988808,4.741697075388168,4.753078376631714,4.78123209311565,18.089999999999996,17.833784946236563,18.116775555171817,4.783117760760525,4.757788083261039,4.816061020098476,18.853,18.409983606557375,18.30723133579764,4.940587218985096,4.855888339431456,4.903924458697775,8.030833874008472
2023-04-11,sz001338,17.36,16.91,17.38,16.81,66088,112069875.9,3.27,-2.93,-0.51,5.27,4.820122609154337,0.03213110402331232,17.46,17.343333333333337,17.37734976766741,4.8073127876578665,4.808077914902611,4.7977463446239526,17.616,17.52418181818182,17.549529541911586,4.776526281464578,4.788544563355889,4.780222571670825,17.692,17.6332380952381,17.798136922755884,4.741015579159991,4.7605474750856365,4.784935951786,18.02333333333333,17.757655913978493,18.038919067741375,4.777715822879123,4.760175492834832,4.81632305810208,18.789,18.34627868852459,18.261420472328865,4.932771442760551,4.8519386800927435,4.9011768570734,8.049488891020065
2023-04-12,sz001338,16.92,16.84,17.04,16.78,39612,66742134.33,1.54,-0.41,-0.07,3.16,4.597826770377936,-0.22229583877640113,17.27,17.136666666666667,17.198233178444944,4.764167281135942,4.738249242475968,4.731106486541947,17.526999999999997,17.38309090909091,17.420524170654932,4.760775602984903,4.756053743158318,4.747059698708481,17.642,17.552095238095237,17.706885787255324,4.735787545201977,4.74691044567782,4.767116029747137,17.946,17.681311827956993,17.96156945046774,4.767620040787654,4.7485697475121755,4.802226523410201,18.729833333333332,18.28237704918033,18.21481652241644,4.923330580868128,4.840956887555607,4.891230952591582,7.824400090735322
2023-04-13,sz001338,16.8,16.89,16.96,16.72,39471,66438959.88,1.43,0.3,0.05,3.15,4.596278129409967,-0.0015486409679690283,17.166000000000004,17.009999999999998,17.095488785629964,4.725492665259254,4.682286191900643,4.686163700831287,17.463,17.267272727272726,17.324065230535854,4.753273169574548,4.726145111599238,4.719644867926933,17.589999999999996,17.480476190476192,17.629087140850054,4.73594989284264,4.73362383465001,4.7508457535245485,17.871333333333332,17.613182795698922,17.892435937534337,4.760553811664946,4.7375154306491005,4.7889395302488955,18.678833333333333,18.222054644808743,18.171379915124096,4.913225897195276,4.830233856360257,4.881560368224972,7.822422824834257
2023-04-14,sz001338,17.0,16.66,17.03,16.63,45616,76348645.25,2.37,-1.36,-0.23,3.64,4.659117199965385,0.06283907055541782,16.944,16.841333333333335,16.950325857086643,4.69226724280773,4.660161036802688,4.6771482005426535,17.34,17.12127272727273,17.203326097711155,4.730379864188851,4.709025844397573,4.7086398373884695,17.5405,17.39190476190476,17.536793127435764,4.732048109324575,4.726306435328366,4.742109700804629,17.796333333333333,17.53503225806452,17.81292394156438,4.751637558447151,4.730971133120095,4.780563896037056,18.63183333333333,18.15586338797814,18.12182647528396,4.904349802000902,4.821902423664197,4.87426714959351,7.882801335227812
2023-04-17,sz001338,16.72,16.98,17.02,16.67,55699,94131283.5,2.1,1.92,0.32,4.44,4.745847398075337,0.08673019810995175,16.856,16.853333333333335,16.960217238057766,4.683838421396592,4.678021088558555,4.700047933053548,17.255,17.055818181818182,17.16272135267276,4.728345634665369,4.711838123286025,4.715404848422445,17.503500000000003,17.33852380952381,17.48376521053712,4.731842847420301,4.727620653304631,4.742465671973267,17.723333333333333,17.48236559139785,17.759186913076356,4.7417622480596275,4.7305975743864295,4.77832412197501,18.588,18.101704918032784,18.08438954166809,4.898889257562398,4.816705623535489,4.870056665937176,7.973733980425702
2023-04-18,sz001338,16.97,17.03,17.14,16.77,50781,86313146.31,2.18,0.29,0.05,4.05,4.705701248924583,-0.040146149150753985,16.880000000000003,16.911333333333335,16.98347815870518,4.6609541493506415,4.685308697734553,4.701932371677226,17.169999999999998,17.01490909090909,17.13859019764135,4.734133468504254,4.707720962242245,4.713640557604651,17.4865,17.29342857142857,17.44054947620025,4.730449189883595,4.725130977257418,4.7389642983495825,17.655000000000005,17.43763440860215,17.71214259610369,4.737549809659373,4.7282710583132,4.773638775326596,18.541666666666668,18.050622950819672,18.04981939276094,4.892466642258371,4.810371590465397,4.864667963740041,7.936076947917675
2023-04-19,sz001338,16.91,16.77,17.05,16.71,41042,68922909.75,2.0,-1.53,-0.26,3.27,4.61322851603651,-0.09247273288807278,16.866,16.874666666666666,16.912318772470122,4.664034498482356,4.669400153296508,4.672364419796987,17.068,16.942181818181815,17.071573798070194,4.714100889809149,4.6857382436117465,4.69538382277408,17.4285,17.225190476190477,17.376687621324034,4.718624907328071,4.713967103557696,4.726989461938814,17.591666666666665,17.3805376344086,17.651359202806677,4.72776038671949,4.720250329692371,4.7632897263401395,18.500333333333334,17.99253551912568,18.00785810119501,4.884003815057238,4.801216242064679,4.856424047421893,7.838363603971776
2023-04-20,sz001338,16.68,16.37,16.75,16.19,55397,90529674.01,3.34,-2.39,-0.4,4.42,4.743486246339917,0.13025773030340737,16.762,16.709333333333337,16.731545848313417,4.693476121868346,4.695884069249028,4.696071695311297,16.964000000000002,16.81527272727273,16.944014925693793,4.7094843935638,4.691081035708249,4.704129717967868,17.3595,17.124380952380953,17.280812609769363,4.71979911455921,4.716334850130252,4.728560584262728,17.521666666666665,17.301720430107526,17.56869086714173,4.728141400137583,4.721264901280786,4.762012082469157,18.454833333333333,17.922688524590168,17.95415783558206,4.881772492730272,4.7966091086641125,4.852721168697893,7.956790956514171
2023-04-21,sz001338,16.36,15.89,16.65,15.82,53719,86634758.81,5.07,-2.93,-0.48,4.28,4.730127919511864,-0.013358326828052824,16.607999999999997,16.41866666666667,16.45103056554228,4.707678265777642,4.708101335130201,4.707423770044819,16.776,16.62,16.75237584829492,4.699972754292686,4.694834404062443,4.70885666370314,17.263,16.984428571428573,17.148354265981805,4.72553747162556,4.71731854584003,4.728709854286455,17.44333333333333,17.196451612903225,17.46038823055194,4.728347671590322,4.721393063821062,4.7599550396977195,18.406166666666664,17.8385956284153,17.8864805294974,4.877945108612219,4.791637155443837,4.848701717904908,7.937692170663119
2023-04-24,sz001338,15.79,15.94,16.01,15.57,38036,60147364.88,2.77,0.31,0.05,3.03,4.580194838726252,-0.14993308078561274,16.400000000000002,16.196,16.280687043694854,4.6745477539078255,4.665606859446404,4.665014126271964,16.628,16.468,16.604671148604933,4.679193087652209,4.673056601232183,4.685463604616434,17.164,16.858428571428572,17.03327290731687,4.720791305946033,4.70347639032581,4.714565567090245,17.380333333333333,17.099462365591396,17.362298667290524,4.720862412809515,4.711834816539509,4.74835760737698,18.354499999999998,17.757737704918032,17.82266149574339,4.8737114029274,4.781874851513149,4.839898213669542,7.779216605189681
2023-04-25,sz001338,15.95,16.79,17.32,15.95,153781,257913534.38,8.59,5.33,0.85,12.26,5.186902680687213,0.6067078419609615,16.351999999999997,16.326,16.450458029129905,4.770788040260351,4.836391835039533,4.838976977743714,16.616000000000003,16.497454545454545,16.638367303404035,4.715871094805496,4.7653674363294565,4.776634345720211,17.116,16.82280952380953,17.010104059000977,4.746198688135037,4.74786794982497,4.75955005409948,17.333333333333332,17.06137634408602,17.32537617262662,4.732634084375159,4.741901930596135,4.776650837913124,18.313333333333333,17.70644262295082,17.78880374178459,4.877614531438753,4.792143417997076,4.851275409309466,8.41147413295733
2023-04-26,sz001338,16.42,16.58,16.83,16.09,87922,144390073.86,4.41,-1.25,-0.21,7.01,4.944097558613394,-0.2428051220738192,16.314,16.401999999999997,16.493638686086605,4.836961848775728,4.894161674490548,4.8740171713669405,16.59,16.490909090909092,16.627755066421482,4.750498173629042,4.806863157021801,4.80708220260988,17.0585,16.771761904761906,16.96914176766755,4.755636888306972,4.766715461299099,4.777126006910329,17.291333333333334,17.012774193548385,17.27728738729587,4.740691088010999,4.755544735385699,4.7874538521518515,18.269833333333334,17.649612021857923,17.74917083221788,4.877620543712109,4.794323189379853,4.854318758466971,8.159537338552171
2023-04-27,sz001338,16.59,16.81,17.3,16.59,116515,198241560.81,4.28,1.39,0.23,9.29,5.066381839506943,0.12228428089354892,16.401999999999997,16.567333333333334,16.59909245739107,4.901540967409133,4.970635004734286,4.938138727413609,16.582,16.53090909090909,16.6608905088903,4.79750854463874,4.864296550817783,4.854227591136619,17.0225,16.748095238095235,16.95398540884207,4.775390857106644,4.796310218556239,4.804674181443341,17.254,16.981720430107526,17.247139813921947,4.756469443441339,4.776557041933824,4.805449206174761,18.223666666666666,17.60174863387978,17.718378345915657,4.877755165595732,4.800512084323945,4.861271646369921,8.297194708364625
2023-04-28,sz001338,16.65,16.9,16.99,16.65,67138,113152173.04,2.02,0.54,0.09,5.35,4.826968399737417,-0.23941343976952556,16.604,16.733333333333334,16.699394971594046,4.920909063454244,4.945777482177048,4.901081951521546,16.606,16.588727272727272,16.704364961819337,4.814293664615944,4.869652888108452,4.849271374518582,16.973,16.73642857142857,16.9488439413333,4.772336764402397,4.801222365473455,4.806797440328491,17.229,16.958881720430107,17.224743696894727,4.759463294421697,4.781105361694861,4.80683754124332,18.164166666666667,17.558349726775955,17.691546269000387,4.867068767303578,4.798846944459738,4.860146949759019,8.053662898814114
2023-05-04,sz001338,16.99,16.82,17.21,16.8,73188,124118379.07,2.43,-0.47,-0.08,5.83,4.864439879405326,0.03747147966790898,16.779999999999998,16.805333333333333,16.739596647729364,4.977758071590058,4.92695442082741,4.888867927482806,16.59,16.627636363636363,16.72538951421582,4.826152912748942,4.878770381706521,4.8520292844979895,16.9225,16.721857142857143,16.93657308977775,4.777249273707156,4.80999409071183,4.812287196431047,17.199,16.932494623655916,17.198631200320875,4.76327953586318,4.78787804459703,4.81055382112474,18.1155,17.51427868852459,17.662970981492176,4.860776397781782,4.798760751413894,4.8602877015507016,8.093836095259283
2023-05-05,sz001338,16.7,16.49,16.99,16.36,59859,99076304.62,3.75,-1.96,-0.33,4.77,4.7771294572734755,-0.0873104221318508,16.72,16.708666666666666,16.65639776515291,4.895803426907312,4.860078216055214,4.851621770746363,16.536,16.609454545454547,16.682591420722034,4.833295733583831,4.869857026165526,4.8384111340935325,16.853,16.680666666666664,16.894042319322725,4.783714601044043,4.809982679622908,4.808938840320802,17.169666666666668,16.88675268817204,17.15291305836469,4.764731371117007,4.788771587913824,4.808397410553692,18.071,17.460983606557377,17.624512916525216,4.855791467991883,4.796018228774276,4.857561201738333,7.995969799760066
2023-05-08,sz001338,16.44,16.47,16.56,16.34,38521,63261386.5,1.33,-0.12,-0.02,3.07,4.585697552825414,-0.1914319044480619,16.698,16.62533333333333,16.59426517676861,4.824123425749715,4.756709591361248,4.762980364772714,16.506,16.597454545454543,16.64393843513621,4.830542637262722,4.824839175118543,4.792463210226601,16.787,16.644190476190474,16.853657336530084,4.772321763535936,4.791123913125896,4.787677765321241,17.121,16.84161290322581,17.10885415137342,4.755930817306289,4.777221018991785,4.794029677797028,18.026500000000002,17.40849180327869,17.58666003401619,4.8506281877060395,4.787162690572097,4.848647639478893,7.8011387061174915
2023-05-09,sz001338,16.5,16.22,16.73,16.18,55692,91339596.88,3.34,-1.52,-0.25,4.44,4.745792814466655,0.16009526164124122,16.58,16.465999999999998,16.46951011784574,4.760005620741657,4.730599387600228,4.757251181337361,16.490999999999996,16.545454545454547,16.566858719656896,4.830773294075395,4.809430116428349,4.7839776837247925,16.7275,16.590190476190475,16.793309018765314,4.770128843819597,4.78859734654787,4.783688722382709,17.07,16.783483870967743,17.051508722252557,4.756790507731271,4.776566954292455,4.790917622098295,17.982499999999998,17.349262295081967,17.541851508310742,4.847436197439347,4.783725465219987,4.845275350134229,7.960659090551276
2023-05-10,sz001338,16.17,16.24,16.27,15.97,39976,64542116.96,1.85,0.12,0.02,3.19,4.601799336434531,-0.14399347803212414,16.448,16.352666666666664,16.393006745230494,4.71497180808108,4.677863959497853,4.705433899703085,16.526,16.49981818181818,16.50742986153746,4.817940435767662,4.767798487766373,4.750854347853836,16.651000000000003,16.543761904761904,16.740612921740045,4.758956595030174,4.772565964892149,4.7663659237209774,17.017333333333333,16.729935483870964,16.99915332081691,4.756338459672928,4.766567523886214,4.778716442378052,17.934666666666665,17.29213114754098,17.499167852300552,4.842384710053452,4.775671797646058,4.8372925300129275,7.809843206016267
2023-05-11,sz001338,16.24,16.21,16.45,16.18,31917,51975328.91,1.66,-0.18,-0.03,2.54,4.504022063609917,-0.09777727282461335,16.326,16.273333333333333,16.332004496820332,4.642888244921998,4.607547378007466,4.638296621005363,16.553,16.442363636363634,16.453351704894285,4.810323158256028,4.710722420101328,4.7059757507185775,16.5905,16.501761904761903,16.690078357764804,4.744758122954119,4.748286485709266,4.741380794186591,16.960333333333335,16.67784946236559,16.948240203344852,4.7506352567160315,4.750289046720857,4.760994224393011,17.881666666666664,17.23558469945355,17.45690005386447,4.831759190460578,4.764577940385616,4.826365629475124,7.715797246312233
2023-05-12,sz001338,16.21,15.98,16.27,15.95,33213,53391253.14,1.97,-1.42,-0.23,2.65,4.521308105487026,0.01728604187710836,16.224,16.158,16.21466966454689,4.591723974564708,4.567020664862474,4.599300449165917,16.472,16.338181818181816,16.367287758549868,4.743763700736009,4.6581742286887815,4.672399815221931,16.544,16.44361904761905,16.62245184750149,4.729817397770753,4.727005531664781,4.720421490500917,16.901333333333334,16.614602150537635,16.885773093451636,4.745387025668695,4.735493746641567,4.745530603818431,17.809833333333334,17.173234972677594,17.40847710127875,4.815635543275007,4.754399216288121,4.816363743442727,7.72747011425368
2023-05-15,sz001338,15.98,16.24,16.25,15.81,44046,70604013.79,2.75,1.63,0.26,3.51,4.643906474455095,0.12259836896806942,16.178,16.163333333333334,16.223113109697927,4.603365758890645,4.584414831492603,4.61416912426231,16.438,16.295999999999996,16.344144529722616,4.713744592320181,4.640018369364979,4.6672192078097785,16.514,16.414666666666665,16.58602786202516,4.7321213829746105,4.718823538968052,4.713134346115601,16.851666666666667,16.571935483870966,16.844110313228953,4.741672789644708,4.7289466143052055,4.738974208375636,17.739166666666666,17.121765027322404,17.370166376646658,4.802600457570342,4.7487687550153375,4.810709406754608,7.848829391098527
2023-05-16,sz001338,16.19,16.0,16.3,15.96,30604,49323345.9,2.09,-1.48,-0.24,2.44,4.485778193291922,-0.15812828116317323,16.134,16.104,16.148742073131952,4.5513628346556985,4.545218976293029,4.571372147272181,16.357,16.216363636363635,16.281572797045776,4.655684227698678,4.598569933178024,4.634229932442896,16.4695,16.365714285714283,16.53021568468943,4.726596386168708,4.695362282807796,4.691481379180013,16.800666666666665,16.516989247311827,16.789651583343215,4.735488647303989,4.712437285508251,4.722638981596042,17.670166666666667,17.064743169398906,17.32524288888775,4.791256999038806,4.738381139793095,4.800055924345995,7.69305252973674
2023-05-17,sz001338,15.99,16.14,16.15,15.88,26997,43278894.56,1.69,0.88,0.14,2.15,4.431315506535525,-0.05446268675639665,16.114,16.105999999999998,16.145828048754638,4.517266068675897,4.505203200252972,4.5246866003599635,16.281,16.17690909090909,16.255832288491998,4.616118938378489,4.557775620239269,4.597336400459737,16.4435,16.334333333333333,16.49305228614758,4.715206301497216,4.667240294271302,4.666703677023396,16.74233333333333,16.47436559139785,16.747738577966235,4.720264155727761,4.692813211910287,4.703843918688912,17.615333333333336,17.014573770491804,17.28638246630127,4.777958446991801,4.72657977938315,4.787966074581717,7.636276159385406
2023-05-18,sz001338,16.1,16.19,16.28,16.05,25400,41088548.08,1.43,0.31,0.05,2.03,4.4048337166199385,-0.026481789915586695,16.11,16.13133333333333,16.16055203250309,4.497428399277902,4.467725749567652,4.484735639113289,16.218,16.160363636363634,16.24386278149345,4.5701583220999495,4.519360125374078,4.562335912488864,16.404,16.310190476190474,16.464190163657335,4.698155617424446,4.637681000473466,4.6417636807944955,16.687666666666665,16.4387311827957,16.711755443903897,4.708218956504753,4.6724628610001036,4.684552937910269,17.557666666666663,16.967841530054642,17.25043550019303,4.765101066960209,4.714346181666041,4.775404357927232,7.613720795143962
2023-05-19,sz001338,16.17,16.73,17.23,15.92,109211,181925071.38,8.09,3.34,0.54,8.71,5.038266383778107,0.6334326671581687,16.259999999999998,16.338,16.35036802166873,4.600820054936118,4.648005077734386,4.669245887334895,16.241999999999997,16.253454545454545,16.33225136667646,4.596272014750413,4.604470682042834,4.648868725450544,16.389,16.341238095238094,16.48950538616616,4.714783874167122,4.6700725020309575,4.679525842983411,16.64933333333333,16.441462365591395,16.71293251203913,4.721233738946166,4.693756243404837,4.707373160224323,17.505666666666666,16.940704918032786,17.23337204117031,4.7657673423555815,4.7233024215617085,4.78402278500431,8.259892553993017
2023-05-22,sz001338,16.5,18.4,18.4,16.5,389563,702535854.07,11.36,9.98,1.67,31.06,5.590577701648817,0.5523113178707098,16.692,17.051333333333336,17.033578681112488,4.790154300374861,4.977924293305287,4.976356492106203,16.435,16.645818181818182,16.708205663644375,4.696760029632753,4.78525353420618,4.820088539304775,16.4705,16.532761904761905,16.671457254150337,4.763651333447737,4.753481437981595,4.766292686665831,16.669666666666664,16.554408602150534,16.821775575778542,4.747134518901541,4.749842950675976,4.764354098380743,17.4845,16.970027322404373,17.27162213818112,4.777774630062435,4.750345384161488,4.81046720850085,8.84666849345599
2023-05-23,sz001338,18.06,18.13,18.56,18.06,342980,628633435.23,2.72,-1.47,-0.27,27.34,5.535268796011048,-0.05530890563776936,17.118000000000002,17.530666666666665,17.39905245407499,5.000052420918687,5.226295791850682,5.162660593407818,16.625999999999998,16.953999999999997,16.96671372479994,4.775707627787193,4.937709673547689,4.95012131325137,16.558500000000002,16.690809523809524,16.810366087088397,4.803240460931294,4.826968815368577,4.839528506603471,16.693666666666665,16.648623655913976,16.906177151534767,4.7719884384754625,4.800690323392717,4.814090530485924,17.452999999999996,16.9911912568306,17.299765674634198,4.784337914616829,4.775181258454884,4.834231194976595,8.798397476187965
2023-05-24,sz001338,18.52,18.22,18.89,18.22,235087,433979958.84,3.7,0.5,0.09,18.74,5.371228613878809,-0.16404018213223903,17.534,17.898000000000003,17.672701636049993,5.188035042387344,5.350021189504056,5.232183266898148,16.824,17.243818181818177,17.194583956654498,4.85265055553162,5.045986216473436,5.026686277001813,16.674999999999997,16.849047619047617,16.94461693593712,4.835295495649641,4.881062925173103,4.890166612058264,16.708666666666666,16.74709677419355,16.990939915951877,4.790187915197323,4.8393509798703525,4.850034922962885,17.430833333333332,17.016338797814207,17.329937291859306,4.788362325071994,4.7944235764634735,4.851837667727486,8.637469674290932
2023-05-25,sz001338,18.0,17.65,18.08,17.5,177245,313812261.85,3.18,-3.13,-0.57,14.13,5.24857399278014,-0.12265462109866831,17.826,17.936666666666667,17.66513442403333,5.356783097619385,5.370200839634989,5.237646842192145,16.968,17.394,17.277386873626405,4.927105748448643,5.117972295973168,5.067029498052419,16.7605,16.94190476190476,17.01179627537168,4.868714453352335,4.920422782042674,4.92430064831749,16.716333333333335,16.807827956989247,17.033459921374337,4.805540664785626,4.868924275198276,4.875747121015611,17.403166666666667,17.023524590163934,17.340431151142607,4.794329212773076,4.809512483601446,4.864845416089868,8.496669909135406
2023-05-26,sz001338,17.53,17.5,17.69,17.21,104339,182467708.25,2.72,-0.85,-0.15,8.32,5.018446670065453,-0.2301273227146874,17.979999999999997,17.827999999999996,17.610089616022222,5.352819154876853,5.257422030450344,5.164580118149915,17.119999999999997,17.490727272727273,17.31786198751251,4.976819604906486,5.134579736267134,5.058196256600242,16.796,17.01233333333333,17.058291868193425,4.860291652821248,4.934682993158209,4.93326693610301,16.736,16.858387096774194,17.06355928128567,4.812151466815997,4.882660146506653,4.884953543534957,17.379666666666665,17.02669945355191,17.345662916678915,4.794933644847561,4.816860596955294,4.869881522777592,8.261186017451646
2023-05-29,sz001338,17.6,17.94,18.45,17.45,177324,319282137.46,5.71,2.51,0.44,14.14,5.2487675193695384,0.23032084930408558,17.887999999999998,17.814666666666664,17.72005974401482,5.284457118420997,5.222738151947906,5.192642585223123,17.29,17.639818181818182,17.430977989782964,5.03730570939793,5.184024811624051,5.09284557710375,16.864,17.121285714285715,17.142264071222623,4.875525150859055,4.9716806947342365,4.963314610699822,16.772666666666666,16.936064516129033,17.12010384378337,4.833849491782384,4.910828924090752,4.9084254129436395,17.359333333333332,17.04507103825137,17.365149378427148,4.800734766285019,4.831740396119949,4.882304014469131,8.504174622205108
2023-05-30,sz001338,17.77,17.72,17.93,17.45,101208,178849302.67,2.68,-1.23,-0.22,8.07,5.0052148427264695,-0.2435526766430689,17.806,17.758666666666667,17.720039829343214,5.178446327764082,5.129657393383064,5.130166671057572,17.462,17.718,17.48352744618606,5.089249374341384,5.178190108592877,5.076912716307881,16.9095,17.202809523809524,17.197286540629992,4.872466801020031,4.984032093959705,4.967305108988074,16.800333333333334,16.997182795698926,17.1588068216038,4.8474807155596,4.921884753183919,4.914669892284468,17.335833333333333,17.056896174863386,17.376783825036096,4.804017263612272,4.838444660921307,4.886333877690683,8.252487251182437
2023-05-31,sz001338,17.64,17.42,18.19,17.36,116985,206688659.52,4.68,-1.69,-0.3,9.33,5.068130179396973,0.06291533667050331,17.646,17.63,17.620026552895478,5.117826640867714,5.092885343927361,5.109487840504039,17.59,17.71036363636364,17.471977001424957,5.152930841627529,5.17435025496662,5.075315891414989,16.935499999999998,17.251428571428573,17.218497346284277,4.884524890003009,5.002666701424176,4.9769074966460645,16.825666666666667,17.03716129032258,17.175657994403558,4.861114481540653,4.93612020246375,4.9245705559691455,17.311,17.05965573770492,17.378200748805405,4.806376019993903,4.847104100783102,4.892294412172856,8.315316648649553
2023-06-01,sz001338,17.34,17.85,18.4,17.27,157589,283630457.32,6.49,2.47,0.43,12.56,5.197525899663517,0.1293957202665439,17.686,17.698,17.696684368596987,5.107617022244391,5.119451763525961,5.1388338602238655,17.755999999999997,17.757636363636365,17.54070845571133,5.232200059931888,5.182458447336799,5.0975358929147205,16.987000000000002,17.33852380952381,17.278640456161966,4.901179191015919,5.032476321391843,4.997918773123916,16.854666666666667,17.103247311827957,17.21916393024849,4.876170431593593,4.957824164923288,4.942180578142977,17.288999999999998,17.077327868852457,17.39366957671342,4.80896633982661,4.859928687001778,4.902302001926648,8.452752865212641
2023-06-02,sz001338,17.77,18.02,18.09,17.7,117291,210128964.81,2.18,0.95,0.17,9.35,5.069264689009877,-0.1282612106536396,17.79,17.80933333333333,17.804456245731323,5.117780626033275,5.106667652447791,5.115644136485869,17.884999999999998,17.805636363636363,17.627852372854722,5.235299890455065,5.152833834441889,5.092395674022931,17.063499999999998,17.436904761904763,17.349246127003685,4.915785952602738,5.0484844640579345,5.004713622255912,16.887666666666668,17.178430107526886,17.27083077345827,4.888289212929769,4.970281858950146,4.950379553037616,17.271333333333335,17.101295081967216,17.414205000427735,4.81291951129457,4.868463059106146,4.907776188388392,8.322485920992964
2023-06-05,sz001338,18.14,17.68,18.24,17.68,105171,188050928.27,3.11,-1.89,-0.34,8.38,5.02189600335162,-0.047368685658256915,17.738,17.77266666666667,17.76297083048755,5.072406322829691,5.074706111553905,5.084394758774454,17.813,17.768363636363635,17.637333759608406,5.178431720625345,5.114033127695809,5.079577552082693,17.124000000000002,17.495619047619048,17.380746495860475,4.937595875129049,5.058590183176874,5.006350039503123,16.918,17.229548387096774,17.297228788073866,4.9019114625069395,4.978901651880589,4.954993517574003,17.254833333333334,17.11469398907104,17.422919590577642,4.814835924613215,4.875314747370313,4.911517821665875,8.274275481558172
2023-06-06,sz001338,17.57,18.16,18.57,17.57,201586,367213870.87,5.66,2.71,0.48,16.07,5.304460367387219,0.2825643640355988,17.826,17.913333333333334,17.8953138869917,5.132255427761842,5.152057459739748,5.157749961645376,17.816,17.831454545454545,17.73236398513415,5.155350877762961,5.136947427107057,5.120465336683516,17.220999999999997,17.594285714285714,17.454961115302336,4.965529252775077,5.093529658630033,5.034741499301608,16.977666666666668,17.30967741935484,17.35289144690781,4.920610599875184,5.0048725489696375,4.97753976594905,17.249666666666666,17.144371584699453,17.447086161378376,4.8243760000063824,4.891368007789132,4.924401183820672,8.564919077563314
2023-06-07,sz001338,17.98,18.41,18.76,17.95,172948,317544502.84,4.46,1.38,0.25,13.79,5.237915544124384,-0.06654482326283517,18.024,18.108,18.066875924661133,5.166212500707323,5.187277498527262,5.184471822471712,17.835,17.939454545454545,17.855570533291576,5.142019570787519,5.151959184627318,5.141819919854583,17.3295,17.70752380952381,17.545917199559256,4.99733506315957,5.119471210187111,5.054091408332349,17.061666666666664,17.40208602150538,17.42109199872021,4.9375368540289335,5.025343835695393,4.994338203250685,17.2525,17.182415300546445,17.47865710690695,4.8329422628096275,4.904926681366771,4.934680343174892,8.501804598867194
2023-06-08,sz001338,18.3,19.01,19.5,18.24,242094,458313346.72,6.84,3.26,0.6,19.3,5.383984026124172,0.14606848199978817,18.256,18.436666666666667,18.381250616440756,5.203504125999454,5.259868006999545,5.250975890355866,17.970999999999997,18.15309090909091,18.065466799965833,5.155560574121923,5.195952721961254,5.185849757358144,17.4695,17.86757142857143,17.685353656744088,5.041333161285282,5.156294920945644,5.085509752883951,17.163999999999998,17.527784946236558,17.523602192351166,4.9643298269421985,5.0541468790563755,5.019476643436072,17.272166666666667,17.24003825136612,17.52886507061492,4.842596119875855,4.922993624426264,4.949411611468311,8.661162504686303
2023-06-09,sz001338,18.75,18.69,19.15,18.6,180300,339113521.7,2.89,-1.68,-0.32,14.37,5.255995726722402,-0.12798829940177026,18.39,18.581333333333337,18.48416707762717,5.240850333541959,5.2773652072405275,5.2526491691447115,18.089999999999996,18.283818181818184,18.179018290881135,5.179315479787617,5.214213658797704,5.198603569969827,17.604999999999997,17.983809523809526,17.7810342608637,5.078067542347052,5.176738974796798,5.101746512297137,17.227333333333334,17.626236559139784,17.598853663812385,4.966632928476704,5.072964033880906,5.034735939131964,17.28033333333333,17.286524590163935,17.566935068299678,4.849633506425931,4.936547709896643,4.959463549673363,8.530345107037354
2023-06-12,sz001338,18.5,20.56,20.56,18.21,377195,748851010.19,12.57,10.01,1.87,30.07,5.576565927207386,0.3205702004849842,18.966,19.304666666666666,19.17611138508478,5.351784318313112,5.389270405129002,5.3606214218322705,18.351999999999997,18.73290909090909,18.611924056175475,5.212095320571402,5.286441012874027,5.267323998558474,17.821,18.265238095238093,18.045697664590968,5.124700514984665,5.224215011450164,5.1469674089552555,17.36,17.841247311827956,17.789895362921264,4.987715207429837,5.112314549928047,5.069692712556185,17.325666666666667,17.394054644808744,17.665068344748867,4.864203147720418,4.96038155975833,4.979696414510545,8.874395419984186
2023-06-13,sz001338,20.56,19.94,20.68,19.84,327286,659800378.35,4.09,-3.02,-0.62,26.09,5.514927428305906,-0.061638498901479544,19.322,19.62933333333333,19.430740923389855,5.3938777304968495,5.443651441793267,5.412056757323483,18.574,19.021636363636365,18.853392409598115,5.263066579129346,5.341501396098482,5.312342803967098,18.018,18.46704761904762,18.226107410820397,5.176157976735365,5.26137947938552,5.182011220321985,17.464333333333336,18.007698924731184,17.92861179111989,5.002666727056469,5.14632824159747,5.098417532927134,17.359166666666667,17.47977049180328,17.739656267871855,4.879568085248905,4.981716782072609,4.997244972339901,8.819412560247322
2023-06-14,sz001338,19.98,20.74,21.93,19.88,442506,931053135.15,10.28,4.01,0.8,35.28,5.645919163732659,0.13099173542675224,19.788,20.101999999999997,19.867160615593235,5.475478454418505,5.52766525287187,5.490010892793208,18.906,19.415454545454544,19.196411971489365,5.320845477562914,5.411110956935446,5.3729930511972,18.247999999999998,18.726285714285712,18.465525752647025,5.236888159595222,5.306118640051929,5.226192929218239,17.592333333333332,18.219032258064516,18.10999167556377,5.02996508585631,5.1878283988023846,5.133740218785555,17.410666666666668,17.590617486338797,17.8380281935154,4.894714190139004,5.006843046940929,5.018512978615073,8.968974466850243
2023-06-15,sz001338,20.18,19.68,20.43,19.43,297006,589196964.63,4.82,-5.11,-1.06,23.68,5.4727652228544885,-0.17315394087817015,19.922,20.066,19.804773743728823,5.493234693764569,5.526760842350531,5.484262336146969,19.089000000000002,19.556181818181816,19.284337067582207,5.348369409882011,5.4387327288066425,5.3911334460439795,18.4225,18.862666666666666,18.581189966680643,5.290284734906949,5.328583122267097,5.2496760048026445,17.687666666666665,18.353720430107526,18.211282535204816,5.050242597304616,5.216396149576462,5.155612799693229,17.44333333333333,17.665021857923495,17.898420711760796,4.906761066583899,5.025795539816847,5.033406494819644,8.770260500818528
2023-06-16,sz001338,19.78,19.85,20.19,19.39,182612,361277288.64,4.07,0.86,0.17,14.56,5.26152931297126,-0.2112359098832286,20.154,20.041999999999998,19.819849162485884,5.49434141101434,5.449525715419428,5.4100179950884,19.272,19.69454545454545,19.38718487347635,5.36759587227815,5.422943620277415,5.367569058212576,18.578500000000002,18.99861904761905,18.702029017472963,5.301447881366607,5.325844510654174,5.250804891294894,17.799666666666667,18.49322580645162,18.317006242610958,5.066389259161209,5.230027550587212,5.162446123130521,17.48466666666667,17.743928961748633,17.962406917932576,4.915560315139108,5.037427285600039,5.040885931480353,8.557840660908335
2023-06-19,sz001338,19.6,19.86,20.09,19.54,154404,306811728.38,2.77,0.05,0.01,12.31,5.18865854700636,-0.0728707659648995,20.014,19.944000000000003,19.83323277499059,5.416759934974135,5.347631427416769,5.336231512394387,19.490000000000002,19.801454545454543,19.473151260117014,5.384272126643624,5.3904095611370915,5.3350398743569,18.6515,19.120666666666665,18.81231196818982,5.2813519236344835,5.315102669286532,5.244886191838844,17.912666666666667,18.62615053763441,18.416554226958638,5.086487958967241,5.2379158917385125,5.164137247251543,17.516833333333334,17.8218087431694,18.02462308455774,4.921209388136764,5.046381325989129,5.04573093526809,8.48687195721097
2023-06-20,sz001338,19.83,18.83,19.86,18.8,213424,407237696.22,5.34,-5.19,-1.03,17.02,5.329243255207922,0.14058470820156188,19.791999999999998,19.549333333333333,19.49882184999373,5.379623100354538,5.318459200828031,5.333902093332233,19.557,19.681454545454546,19.356214667368462,5.386750415425694,5.380404311785145,5.33398594360254,18.686500000000002,19.137666666666668,18.81399654264793,5.271050646594327,5.319663748484003,5.252920197873994,17.999666666666666,18.685333333333332,18.443228147800017,5.105936306991949,5.25357752375404,5.174789247764858,17.53483333333333,17.86486338797814,18.051028885064042,4.93136340736161,5.059759485565232,5.055026421167757,8.609847971938239
2023-06-21,sz001338,18.81,18.57,19.13,18.54,113161,212289130.43,3.13,-1.38,-0.26,9.02,5.053696776647828,-0.27554647856009407,19.358,19.142,19.189214566662486,5.261178622937572,5.209817092925794,5.240500321104099,19.573,19.502000000000002,19.21326654602874,5.368328538678038,5.319849104734622,5.283024276883501,18.704,19.12657142857143,18.79075877668146,5.2551740547327785,5.298963379917669,5.233946538709597,18.077333333333335,18.722129032258064,18.451406976974212,5.1209995549990595,5.250207231473775,5.166976830273437,17.547333333333334,17.898803278688526,18.068044331455383,4.938669007335993,5.063770415705764,5.054982826265464,8.326927758107963
2023-06-26,sz001338,18.21,17.94,18.56,17.88,95732,172426443.09,3.66,-3.39,-0.63,7.63,4.9810571321388135,-0.07263964450901472,19.009999999999998,18.669333333333334,18.772809711108323,5.162837004794437,5.116443262659542,5.154019258115671,19.466,19.20509090909091,18.98176353765988,5.328035849279503,5.249436121727492,5.228121159657194,18.7185,19.053809523809523,18.709734131283227,5.241798211700712,5.272857006337291,5.209861833321903,18.134999999999998,18.713268817204302,18.418412978459745,5.136900723950022,5.241178688063436,5.154982011038944,17.547666666666665,17.911677595628415,18.063846156653568,4.9437679903330265,5.065160190289462,5.0525590330154095,8.236603869420447
2023-06-27,sz001338,17.99,18.41,18.5,17.97,78488,143389498.02,2.95,2.62,0.47,6.26,4.894803262705033,-0.08625386943378022,18.722,18.469333333333335,18.651873140738886,5.089491794741192,5.027098681963073,5.067613926312125,19.438000000000002,19.01309090909091,18.877806530812627,5.291916602877766,5.170666560532133,5.167517905665892,18.764,19.024428571428572,18.681188023541967,5.235616041332692,5.239809868337704,5.179856255167915,18.216,18.73101075268817,18.41787020565589,5.1493505625239555,5.225559497015373,5.1381962853399825,17.558666666666667,17.93995081967213,18.075195462992795,4.947368794096326,5.063554789383627,5.047386712677364,8.156517344365371
2023-06-28,sz001338,18.3,18.63,18.69,18.16,100971,186166422.71,2.88,1.2,0.22,8.05,5.004196657461371,0.10939339475633769,18.476,18.438666666666666,18.644582093825925,5.0525994168321935,4.998666969536468,5.046474836695207,19.245,18.866181818181815,18.832750797937603,5.234679675903164,5.118353843183698,5.137823133265069,18.798499999999997,19.011666666666667,18.676312973680826,5.223387498237283,5.217769927016625,5.163126769672053,18.295666666666666,18.757720430107526,18.431555998839386,5.161360235290831,5.216194728946818,5.129551148057492,17.573666666666668,17.97507650273224,18.093385775681554,4.95151651246777,5.065417998018547,5.045970645293233,8.269901353623084
2023-06-29,sz001338,18.78,18.35,18.8,18.28,82788,152383433.9,2.79,-1.5,-0.28,6.6,4.917967390994219,-0.08622926646715179,18.380000000000003,18.396666666666665,18.54638806255062,4.970344243989453,4.953789627590476,5.003639021461545,19.086,18.703454545454548,18.74497792558531,5.1749836721719955,5.0607697913820715,5.097849361943096,18.830000000000002,18.96895238095238,18.645235547615986,5.219025125650671,5.18868229775538,5.139778257417021,18.374000000000002,18.761225806451616,18.42629432149491,5.1757665418809085,5.20049196479865,5.1159005830856685,17.587333333333333,18.00053005464481,18.101799356806747,4.955627594592448,5.064318026822693,5.0417738172834285,8.182937756000467
2023-06-30,sz001338,18.22,18.5,18.53,18.22,66946,122900218.42,1.69,0.82,0.15,5.34,4.825724633180373,-0.09224275781384605,18.366,18.436666666666667,18.530925375033746,4.924749815295963,4.905583090654115,4.944334225367822,18.862000000000002,18.59690909090909,18.7004364845698,5.092964219116767,4.997268147929049,5.0483721385316915,18.884,18.937523809523814,18.631403590700177,5.206904848339841,5.1512251079963045,5.109868388442102,18.452666666666666,18.769354838709678,18.431049526559757,5.188913512769071,5.177908615850229,5.097179554059521,17.5975,18.030453551912565,18.11485511559997,4.9545888342484155,5.060058913333773,5.03469023747677,8.089552654721412
2023-07-03,sz001338,18.49,19.14,19.15,18.43,131135,246408635.6,3.89,3.46,0.64,10.45,5.117718620585593,0.29199398740521953,18.606,18.694666666666667,18.7339502500225,4.952082112985318,4.969906025750659,5.002129023773746,18.808,18.647454545454547,18.780357123738924,5.057459558889877,5.0017689481961085,5.0609805898142195,18.9485,18.961904761904766,18.679841343966828,5.2029144843859445,5.14273118154352,5.110616029598625,18.551000000000002,18.813698924731185,18.47678826678171,5.212676342901259,5.173315396999683,5.098504655125719,17.619333333333334,18.08102732240437,18.148466423285214,4.960447649703007,5.065407430918597,5.037412479545912,8.39165592397822
2023-07-04,sz001338,19.53,19.13,19.53,19.06,124447,238456741.87,2.46,-0.05,-0.01,9.92,5.0949844316866795,-0.02273418889891321,18.75,18.86933333333333,18.865966833348335,4.992118346781647,5.017540131984447,5.033080826411391,18.736,18.706,18.84392855578639,5.04080507076142,5.008591652340981,5.0671631065183025,19.003999999999998,18.979190476190475,18.722713596922368,5.204200471519785,5.132452128905493,5.109127305987964,18.631000000000004,18.851053763440863,18.518930959247406,5.214566944498211,5.165722370469708,5.0982775439361045,17.64016666666667,18.13055737704918,18.18064785202996,4.9679003417221885,5.06981847295085,5.039300084534134,8.37740960571955
2023-07-05,sz001338,18.97,18.64,19.09,18.62,80227,150364500.36,2.46,-2.56,-0.49,6.4,4.904320552543947,-0.19066387914273264,18.752000000000002,18.832666666666668,18.790644555565557,4.972143125798162,4.98827420057188,4.9901607351222435,18.613999999999997,18.68854545454545,18.8068506365525,5.012371271315177,4.983776285392351,5.037555369432055,19.052,18.94452380952381,18.71483611150119,5.1983216989794006,5.103892136622081,5.089621900898058,18.639000000000003,18.851634408602155,18.526741865102412,5.191691706194716,5.145706474214595,5.08576418965274,17.654333333333334,18.163338797814205,18.19570857819291,4.9694131125481285,5.067733889699103,5.034874526108227,8.177145315527182
2023-07-06,sz001338,18.61,18.6,18.78,18.48,55610,103022529.67,1.61,-0.21,-0.04,4.43,4.745152895076901,-0.1591676574670462,18.802,18.782,18.72709637037704,4.937580226614699,4.912610790331459,4.9084914551071295,18.591,18.686,18.76924142990659,4.953962235302076,4.935191126076299,4.984391283185663,19.074,18.901476190476192,18.703899338977266,5.170356325363885,5.060733202917082,5.056815328915091,18.65466666666667,18.849118279569893,18.53146819638613,5.16535450949691,5.1168975186586065,5.063789267422041,17.674166666666668,18.194344262295083,18.2089640346456,4.968671473986187,5.060381095683653,5.025375456238347,8.012932209573233
2023-07-07,sz001338,18.49,18.36,18.65,18.33,51370,94389047.2,1.72,-1.29,-0.24,4.1,4.710709565724337,-0.034443329352563445,18.774,18.634666666666664,18.604730913584696,4.914577213123492,4.836987236701338,4.842564158646199,18.57,18.644000000000002,18.6948338971963,4.919663514209727,4.890963367971255,4.934630970919967,19.0715,18.83347619047619,18.67114702097943,5.143996026443882,5.0169573210466485,5.023852875277877,18.659333333333333,18.830107526881722,18.520405732103153,5.143337207891761,5.087565586802312,5.041009931828641,17.684,18.216830601092898,18.21391603350968,4.9667625615445425,5.051923328199659,5.0150585417952644,7.9749216021733424
2023-07-10,sz001338,18.46,18.89,19.28,18.41,97372,183347856.53,4.74,2.89,0.53,7.76,4.988434090413445,0.27772452468910824,18.724,18.673333333333336,18.699820609056466,4.888720307089062,4.86160619579799,4.891187469235281,18.665,18.70218181818182,18.730318643160608,4.920401210037189,4.903467109099204,4.944413356282418,19.0655,18.816190476190478,18.691990161838532,5.1242185296583465,5.002141898567559,5.02047965767174,18.70066666666667,18.84498924731183,18.54425052358037,5.134665877812872,5.077571837287582,5.037617942059919,17.7085,18.256371584699455,18.236082720935592,4.97010327129925,5.052633870129785,5.014185608963073,8.26327583710745
2023-07-11,sz001338,18.77,18.53,19.0,18.51,76869,142908216.08,2.59,-1.91,-0.36,6.13,4.885751231305942,-0.10268285910750308,18.604000000000003,18.608666666666668,18.643213739370978,4.846873667012915,4.860616503870284,4.889375389925502,18.677,18.677636363636363,18.69389707167686,4.9194960068972815,4.897167112966251,4.933747515377603,19.0575,18.765190476190476,18.67656252737772,5.105706304887524,4.979430727295901,5.007648378970235,18.735000000000003,18.833978494623654,18.543331134962283,5.130242696520887,5.061512827835522,5.027820089753211,17.7355,18.28330601092896,18.245719353036066,4.971197081668444,5.049868229474268,5.0099746457612,8.15505719796965
2023-07-12,sz001338,18.51,17.96,18.63,17.94,88925,161643396.48,3.72,-3.08,-0.57,7.09,4.949023873857818,0.06327264255187526,18.468,18.394000000000002,18.41547582624732,4.855814331275688,4.8946665728185845,4.9092582179029405,18.61,18.547272727272727,18.560461240462885,4.913978728536925,4.902535816049984,4.936525035101278,18.927500000000002,18.660666666666664,18.60831847715127,5.074329202220045,4.964508591007358,5.002065092769053,18.735666666666667,18.783978494623657,18.505696868190526,5.1202512416704975,5.049821290889517,5.022736462921251,17.754166666666666,18.290666666666667,18.23635150539554,4.977050366726441,5.049141239054248,5.007976259797155,8.208557967339928
2023-07-13,sz001338,18.1,18.32,18.6,17.98,71835,131461111.86,3.45,2.0,0.36,5.73,4.856336096098289,-0.09268777775952852,18.412,18.344666666666665,18.383650550831547,4.878050971479967,4.894840494426118,4.891617510634724,18.607,18.494545454545456,18.51674101492418,4.907815599047332,4.892055337424778,4.921945228009825,18.8465,18.602809523809526,18.580859574565434,5.041399635609664,4.943747342805286,4.988186140705171,18.755666666666666,18.757161290322582,18.493716425081463,5.115288616782892,5.032794507304214,5.012000955384285,17.778,18.309218579234972,18.23909407898913,4.981384666171246,5.04518339411562,5.00300445115129,8.118797301096796
2023-07-14,sz001338,18.25,18.04,18.32,18.0,56969,102700645.86,1.75,-1.53,-0.28,4.54,4.755638596176119,-0.1006974999221697,18.348,18.220666666666666,18.269100367221032,4.887036777570323,4.854036369324835,4.84629120581519,18.561,18.391454545454543,18.43006083039251,4.900806995346907,4.864386791448194,4.891707658585514,18.7115,18.526,18.529349138892535,4.996885607231837,4.916532005716377,4.966038755511928,18.776333333333334,18.71098924731183,18.46444439765685,5.10487223067553,5.009591280168293,4.995461448338597,17.801,18.317808743169397,18.232566404268173,4.982993356108091,5.0377818836239765,4.994894095250465,8.011573174780843
2023-07-17,sz001338,17.86,17.35,17.99,17.1,85326,147441828.67,4.93,-3.82,-0.69,6.8,4.931081386806369,0.1754427906302496,18.04,17.887999999999998,17.962733578147358,4.875566236848907,4.868717905736852,4.874554599478916,18.382,18.171272727272726,18.23368613395751,4.882143271968985,4.869891226259005,4.898866518262033,18.595,18.396333333333335,18.41703017328372,4.969801415429432,4.910264937104428,4.962709482301875,18.759666666666664,18.61896774193548,18.39254475909835,5.095990746913625,4.998378967660604,4.991307895981679,17.807166666666667,18.303021857923497,18.203629800849544,4.986080589253609,5.036079851843591,4.992801875301478,8.168620708648655
2023-07-18,sz001338,17.43,17.33,17.43,17.16,38325,66055568.05,1.56,-0.12,-0.02,3.06,4.583482163526413,-0.34759922327995607,17.8,17.651333333333334,17.751822385431574,4.815112423293002,4.771356547962686,4.777530454161416,18.201999999999998,17.98,18.069379564147052,4.830993045152958,4.815589206542175,4.841523908310102,18.469,18.27585714285714,18.313503490113842,4.935899057957188,4.873472627399378,4.926592594799451,18.736666666666668,18.5267311827957,18.32399348431781,5.079797996064175,4.965313897764656,4.964996558403921,17.812166666666666,18.28737704918033,18.174986200821692,4.984043604496973,5.022879903459094,4.979381556882623,7.819909431662416
2023-07-19,sz001338,17.29,17.33,17.42,17.14,36458,62700127.55,1.62,0.0,0.0,2.91,4.561792840600149,-0.0216893229262638,17.674,17.494666666666664,17.61121492362105,4.737666216641467,4.686916687065068,4.70561791630766,18.071,17.821454545454547,17.934946916120314,4.796740273958578,4.7666437148053,4.7906637141810196,18.3425,18.167380952380952,18.219836491055382,4.904555772636878,4.8378434638415655,4.891849761066184,18.725,18.435978494623654,18.259864872426338,5.06446122397246,4.931894210315363,4.9389834153198064,17.8215,18.27156830601093,18.147281735220982,4.9831863432397,5.009035616118213,4.9656901235618855,7.797268424310857
2023-07-20,sz001338,17.34,17.74,18.15,17.31,101568,179244065.25,4.85,2.37,0.41,8.1,5.006756900738735,0.44496406013858625,17.558,17.516666666666666,17.654143282414033,4.767750377569557,4.776613581764158,4.8059975777846855,17.985000000000003,17.76127272727273,17.899502022280256,4.822900674524762,4.804828556038055,4.82995338446424,18.288,18.110000000000003,18.174137777621535,4.888431454913419,4.84757690461317,4.902793298177856,18.711,18.37243010752688,18.226325203237543,5.054537775084176,4.9281713507518985,4.94335589825006,17.84433333333333,18.26889617486339,18.13392823570554,4.98757418747968,5.009808421282117,4.967036575272602,8.25344478513847
2023-07-21,sz001338,17.52,17.95,18.34,17.44,104190,186594048.15,5.07,1.18,0.21,8.31,5.0178260380304245,0.011069137291689124,17.54,17.647333333333332,17.752762188276023,4.820187865940418,4.859972135251113,4.876607064533266,17.944,17.75490909090909,17.908683472774754,4.85361232175537,4.840269531220904,4.864112048749,18.256999999999998,18.077809523809528,18.15279132260996,4.886637917982549,4.859900198243361,4.913748797211434,18.695666666666668,18.323333333333334,18.208497770770606,5.047201458214379,4.925802851587139,4.94816042339718,17.878666666666668,18.272360655737703,18.12789780174798,4.992369156121656,5.0108002852346,4.968701803559744,8.270897786801497
2023-07-24,sz001338,17.68,17.44,17.84,17.34,63269,110242213.0,2.79,-2.84,-0.51,5.04,4.801190970259465,-0.21663506777095964,17.558,17.613999999999997,17.64850812551735,4.794209782631038,4.853639836690795,4.851468366441999,17.799,17.663272727272727,17.823468295906615,4.834888009739973,4.830738376403467,4.852671852659993,18.232,18.000000000000004,18.084906434742344,4.8776446098885815,4.851762393698305,4.903029004168389,18.64333333333333,18.242322580645162,18.158917269430567,5.027775023018888,4.909931207202951,4.938678523194747,17.903666666666666,18.257978142076503,18.10534377546116,4.996052424980544,5.004532147993218,4.963209645090882,8.042347922669881
2023-07-25,sz001338,17.52,17.84,18.16,17.52,82348,146586496.0,3.67,2.29,0.4,6.57,4.915653055849289,0.11446208558982374,17.66,17.708000000000002,17.7123387503449,4.8606439610956125,4.894120927763547,4.872863262911096,17.73,17.670727272727273,17.82647406028723,4.837878192194307,4.845422930241524,4.864122980512592,18.2035,17.962666666666667,18.06158201238593,4.878687099545794,4.855382245694563,4.904231294804665,18.615,18.19049462365592,18.13834196172537,5.016430267323117,4.902697531901687,4.93719300917246,17.921166666666668,18.255890710382513,18.0966439795444,4.991531597899911,5.001896103103667,4.961650412656732,8.166093963601064
2023-07-26,sz001338,17.72,17.77,17.91,17.51,55855,98584462.67,2.24,-0.39,-0.07,4.45,4.747062056148391,-0.1685909997008972,17.747999999999998,17.744666666666664,17.731559166896602,4.897697804205261,4.85626029278114,4.830929527323528,17.711000000000002,17.678,17.816206049325913,4.817682010423364,4.828910905505902,4.842839176082737,18.160500000000003,17.921380952380957,18.0338122969206,4.865830369480145,4.842846527275762,4.88926279588502,18.522,18.13597849462365,18.1145779641947,4.988780138287818,4.88531893763235,4.924926496074133,17.940999999999995,18.25093442622951,18.085934340870814,4.988247672858828,4.993880708292142,4.954614728836786,7.993808473679612
2023-07-27,sz001338,17.77,17.58,18.01,17.56,50296,89171386.63,2.53,-1.07,-0.19,4.01,4.701533447342131,-0.04552860880626053,17.716,17.688666666666666,17.681039444597737,4.83665311352594,4.790872173826762,4.787797500663062,17.637,17.65418181818182,17.77325949490302,4.802201745547748,4.807792984945679,4.817147225402627,18.122,17.866095238095237,17.990592078166255,4.855008672297541,4.827199201357857,4.871383810309506,18.44333333333333,18.075204301075267,18.080089063278916,4.9616670055890255,4.866786893055208,4.91051404131723,17.953833333333332,18.23909836065574,18.06934632969472,4.982166866322747,4.9844802418817595,4.946316981902535,7.950225520046318
2023-07-28,sz001338,17.46,17.84,17.86,17.39,58745,103707968.76,2.67,1.48,0.26,4.68,4.768970908138364,0.06743746079623314,17.694,17.73,17.734026296398493,4.786882087547528,4.7683114386975705,4.781521969821497,17.616999999999997,17.691090909090907,17.785394132193378,4.803534976743974,4.801751014507608,4.808387894990942,18.089,17.8392380952381,17.976249975483753,4.85217098604544,4.819005128580793,4.861630200578921,18.346666666666668,18.036279569892475,18.06459944629318,4.932435397069216,4.8543548867680695,4.901382226273432,17.9695,18.23536612021858,18.061826777901448,4.981200241462763,4.977490210465876,4.940502356533218,8.0158121281878
2023-07-31,sz001338,18.01,18.29,18.49,17.94,103622,188769541.12,3.08,2.52,0.45,8.26,5.015451970315332,0.24648106217696775,17.863999999999997,17.928666666666665,17.919350864265663,4.829734287558702,4.844501399620172,4.859498636652775,17.711,17.813454545454544,17.877140653612763,4.811972035094869,4.8402813769751285,4.846035908686286,18.0465,17.858380952380955,18.00613093019959,4.847057653531927,4.8345556985112585,4.87627989293477,18.300333333333334,18.03262365591398,18.07914141750007,4.917191621984577,4.859710794719431,4.908741564598716,17.993999999999996,18.24587431693989,18.06930786715058,4.983717109644597,4.97861321796924,4.942959720919516,8.275931920096253
2023-08-01,sz001338,18.02,17.96,18.26,17.77,66175,118476657.54,2.68,-1.8,-0.33,5.28,4.820693949973386,-0.19475802034194611,17.887999999999998,17.960666666666665,17.93290057617711,4.8107424663835205,4.8414879537584,4.846563741092979,17.774,17.858727272727272,17.89220598931953,4.835693213739566,4.841867179680313,4.841428279829395,17.988,17.850142857142856,18.001737508275816,4.833343129446262,4.832044869600921,4.870985993605115,18.237333333333332,18.010666666666665,18.071454874435553,4.902497109884648,4.853485138460645,4.903061073332566,18.0185,18.244759562841534,18.06572400265384,4.984443184522929,4.973268196340676,4.938951007118003,8.073632793382748
2023-08-02,sz001338,17.81,17.62,17.94,17.59,44088,77721468.12,1.95,-1.89,-0.34,3.51,4.644320398017414,-0.17637355195597149,17.857999999999997,17.871333333333332,17.828600384118076,4.790194134757326,4.786013930969698,4.779149293401124,17.803,17.830727272727273,17.842713991261434,4.843945969481293,4.807072122276286,4.805590483136307,17.936999999999998,17.815095238095235,17.965381555106692,4.820343121719935,4.814042704702935,4.849398794025333,18.162666666666667,17.97083870967742,18.04232875350423,4.88435250491835,4.836828576404694,4.8863681265380405,18.037666666666667,18.231693989071037,18.051110100927485,4.985420231942795,4.962116629570003,4.929290987147493,7.8905409956126755
2023-08-03,sz001338,17.55,17.64,17.75,17.49,32115,56544286.02,1.48,0.11,0.02,2.56,4.50670792635012,-0.1376124716672944,17.869999999999997,17.79866666666667,17.76573358941205,4.751229030558923,4.691518528167296,4.688335504384123,17.793,17.80109090909091,17.805856901941173,4.793941072042431,4.745756114434254,4.751248200084273,17.889000000000003,17.786809523809527,17.934392835572723,4.8084208732835965,4.784172686096286,4.816761568532456,18.123,17.937118279569898,18.01637205972976,4.85693466062309,4.812464410045455,4.861873920074304,18.061333333333334,18.218655737704918,18.037631081224944,4.98143548380752,4.946421144140736,4.9154358048262665,7.7523887246396574
2023-08-04,sz001338,17.63,18.46,18.96,17.62,172539,316766174.5,7.6,4.65,0.82,13.76,5.236887276629064,0.7301793502789442,17.994,17.995333333333335,17.997155726274702,4.844812304257063,4.853404610190677,4.871186095132437,17.844,17.922363636363638,17.92479201067914,4.815847195902295,4.826291787995459,4.8395462140015075,17.894,17.841190476190473,17.984450660756274,4.834729758828834,4.8249790102244265,4.856773540732133,18.11933333333333,17.958860215053765,18.044993217166553,4.863041010622464,4.83697748204584,4.886068330174612,18.098333333333336,18.231726775956282,18.051479242496256,4.992020282810762,4.954796612757835,4.925975197344391,8.500738799772542
2023-08-07,sz001338,18.39,18.34,18.47,18.14,66791,121658444.76,1.79,-0.65,-0.12,5.32,4.824717945803868,-0.41216933082519613,18.004,18.110666666666667,18.111437150849802,4.80666549935477,4.8467064907062785,4.8556967120229135,17.934,18.012545454545453,18.00028437237384,4.818199893456736,4.8279046516139275,4.8368501652383,17.8665,17.883666666666667,18.01831250258901,4.826543951598355,4.824025504222049,4.853720626929442,18.13266666666667,17.973096774193547,18.064025912833227,4.8578297044113,4.834505026251092,4.882110240860371,18.13383333333333,18.239650273224044,18.060938939463593,4.997365214180661,4.949311290233018,4.922655287457816,8.085142260290086
2023-08-08,sz001338,18.24,18.43,18.5,18.21,67799,124165875.02,1.58,0.49,0.09,5.41,4.831223288296493,0.006505342492625132,18.098,18.252666666666663,18.217624767233204,4.808771367019392,4.8548924203535195,4.847538904114107,17.993000000000002,18.102727272727275,18.078414486487688,4.809756916701456,4.830272541584792,4.835827096703425,17.8615,17.937333333333335,18.05752083567577,4.823817554447881,4.824471155336157,4.851578023250113,18.133333333333333,17.992279569892474,18.08763714426334,4.855710371931014,4.832788483275943,4.878827211662702,18.174666666666667,18.249360655737707,18.073039302104128,5.002530467227486,4.943864013974522,4.919657516993511,8.094002253434113
2023-08-09,sz001338,18.27,18.42,18.49,18.21,51920,94922999.51,1.52,-0.05,-0.01,4.14,4.715334683792313,-0.11588860450418004,18.258000000000003,18.360000000000003,18.28508317815547,4.822974224174372,4.8237468592778265,4.803470830673509,18.058,18.180363636363637,18.140520943489925,4.806584179465848,4.813104862874039,4.813919385265041,17.8845,17.99052380952381,18.092042660849508,4.812133094944607,4.81413945336896,4.838602467111275,18.12633333333333,18.010774193548386,18.109079909149575,4.84608163947538,4.823731987266994,4.868279306638806,18.211000000000002,18.257404371584702,18.084415062690876,5.003720937383106,4.934447758779926,4.912958407708225,7.977371453207958
2023-08-10,sz001338,18.32,17.69,18.5,17.66,89546,160240096.21,4.56,-3.96,-0.73,7.14,4.95204619077995,0.23671150698763732,18.268,18.170666666666666,18.086722118770314,4.912041877060338,4.866770848146351,4.85299595070899,18.069,18.113454545454545,18.058608044673576,4.83163545380963,4.839552501294785,4.839033349904115,17.853,17.972,18.053752883625748,4.816918599678689,4.827464510115183,4.849406631270196,18.104333333333336,17.98262365591398,18.082042495656054,4.847217599468237,4.8305684099318045,4.8736836217446875,18.23916666666667,18.240322404371586,18.071483421291177,5.011492070674573,4.932753504792937,4.914239974366315,8.204771197041008
2023-08-11,sz001338,17.52,16.91,17.64,16.8,104544,178498795.03,4.75,-4.41,-0.78,8.33,5.019299112795343,0.06725292201539279,17.958000000000002,17.718000000000004,17.694481412513547,4.868524244293593,4.90252326005802,4.908430338071108,17.976,17.902727272727276,17.84977021836929,4.856668274275329,4.873673166564915,4.871808943157065,17.7965,17.882190476190477,17.944824037566153,4.83010162550965,4.846738844697722,4.865586867605924,18.051333333333336,17.905569892473117,18.006426850775018,4.853670082122068,4.841670443049682,4.883078169554407,18.252,18.196743169398907,18.033401997642287,5.02129179744557,4.93300947338706,4.917684536282021,8.251635288719427
2023-08-14,sz001338,16.57,16.74,16.77,16.48,48149,79870237.25,1.71,-1.01,-0.17,3.84,4.6825872717514825,-0.33671184104386054,17.637999999999998,17.312,17.376320941675697,4.840098109483116,4.840544269210651,4.833149315964566,17.821,17.678,17.64799381502942,4.823381804418943,4.842022075196943,4.837405002901504,17.766000000000002,17.78157142857143,17.830078891131283,4.817676919756906,4.832689858625515,4.8481583346674055,17.971333333333334,17.820967741935483,17.9247218926605,4.839165703827599,4.830632842380612,4.870143272921961,18.261166666666668,18.1471693989071,17.99099537476877,5.025921023364429,4.921904406970862,4.909976429248233,7.902384974481461
2023-08-15,sz001338,16.7,16.83,16.92,16.66,33704,56449303.02,1.55,0.54,0.09,2.69,4.527681446118791,-0.1549058256326914,17.318,17.042666666666666,17.194213961117132,4.779389741047575,4.736405381422542,4.731326692682641,17.708,17.497818181818182,17.49926766684225,4.794080554033483,4.788258373687824,4.78109162894101,17.741,17.69242857142857,17.734833282452115,4.814886883886524,4.805071242088552,4.817636726234204,17.894666666666662,17.747333333333334,17.85409467377918,4.82025560430867,4.810537083818754,4.848048961515306,18.262833333333333,18.100245901639347,17.952929952645203,5.0174112744034405,4.9055686831267415,4.897442167506284,7.751658584056617
2023-08-16,sz001338,16.76,16.71,16.94,16.59,27324,45657618.92,2.08,-0.71,-0.12,2.18,4.436544276662768,-0.09113716945602324,16.976,16.84,17.032809307411423,4.723631659621667,4.622123559960939,4.633065887342683,17.616999999999997,17.316363636363636,17.355764454689112,4.773302941898018,4.723251777802238,4.718446655799512,17.71,17.594238095238094,17.637230112694773,4.808624455689656,4.769038612829147,4.7813422072274,17.830333333333332,17.670903225806455,17.780282114180523,4.804663061779297,4.7857815142932125,4.821500272169981,18.234666666666666,18.049333333333333,17.91217815091913,4.998177383987007,4.886523863528686,4.882330761249119,7.659513258952972
2023-08-17,sz001338,16.71,17.33,17.56,16.71,80469,138542365.28,5.09,3.71,0.62,6.42,4.905628604319618,0.4690843276568497,16.904000000000003,16.958000000000002,17.131872871607616,4.7143481423296,4.682789208193589,4.7239201263349955,17.586000000000002,17.264181818181818,17.351080008382,4.813195009694969,4.747310989151621,4.752479737348621,17.6895,17.55804761904762,17.607970101961936,4.8035680408687,4.778277103174857,4.793179006950468,17.788,17.638623655913978,17.751231655201135,4.810012252087388,4.792295420263555,4.826927906502216,18.221333333333337,18.01967213114754,17.893090342692272,4.987683380792149,4.883489477310084,4.883094624956349,8.141582597905145
2023-08-18,sz001338,16.92,16.62,17.13,16.6,76720,128294036.51,3.06,-4.1,-0.71,6.12,4.884908594162607,-0.020720010157010194,16.845999999999997,16.863333333333333,16.961248581071747,4.687470038603054,4.739642692137925,4.777582948944199,17.402,17.088545454545457,17.218156370494363,4.777997141448323,4.7603498226911904,4.7765577113148,17.622999999999998,17.45619047619048,17.513877711298893,4.79692216867531,4.7860238225361815,4.801915158113529,17.730000000000004,17.5632688172043,17.678248967768802,4.815818886368663,4.797127442332924,4.830668596028693,18.194666666666667,17.967169398907107,17.851349675718755,4.979578047130213,4.880119812174689,4.883154099356554,8.108206469539446
2023-08-21,sz001338,16.58,16.09,16.58,16.09,48089,77939604.0,2.95,-3.19,-0.53,3.83,4.682045746111084,-0.20286284805152377,16.716,16.611333333333334,16.670832387381168,4.687361733474974,4.737834594640602,4.7457372146664945,17.177,16.85,17.013037030404476,4.763729921479046,4.742904114448057,4.759373717641397,17.555500000000002,17.31019047619048,17.378270310222806,4.79096490746789,4.775083210863398,4.790499023637105,17.636666666666663,17.457462365591393,17.575781292428882,4.805605941558584,4.788496917155016,4.8210800250662675,18.168666666666663,17.898163934426233,17.793600506023058,4.970135909685728,4.870364654764227,4.876560382856703,7.891758194874021
2023-08-22,sz001338,16.1,16.17,16.24,15.84,39193,62613461.0,2.49,0.5,0.08,3.12,4.593208507509241,-0.088837238601843,16.584,16.429333333333332,16.503888258254115,4.700467145753064,4.706450185985358,4.694894312280743,16.951,16.66690909090909,16.859757570330935,4.73992844340032,4.711900220999002,4.729161861253732,17.472,17.178238095238097,17.263196947344444,4.774842680050887,4.756249268010194,4.771709450672547,17.558,17.36283870967742,17.485085725175406,4.795854517432028,4.774793856893768,4.806378636836782,18.1465,17.832633879781422,17.74036770254689,4.963048606976457,4.85800637928303,4.867270157435475,7.7966677103600865
2023-08-23,sz001338,16.21,15.72,16.21,15.71,35021,55523552.95,3.09,-2.78,-0.45,2.79,4.544328542897666,-0.048879964611574955,16.386000000000003,16.141333333333332,16.24259217216941,4.722023999000043,4.654403985033558,4.644705722486384,16.681,16.443090909090913,16.652528921179854,4.722827829310855,4.676336602725792,4.6955558033708105,17.3695,17.01138095238095,17.116225809502115,4.764706004388352,4.734295540662267,4.750054126122558,17.483333333333334,17.244258064516128,17.371209226776994,4.782364673066689,4.758566374665745,4.78947217916329,18.1095,17.75307650273224,17.67412613852896,4.951307957368594,4.844277852591923,4.856681907778498,7.744477248823047
2023-08-24,sz001338,15.83,15.82,15.97,15.48,36615,57526314.1,3.12,0.64,0.1,2.92,4.56365903847287,0.019330495575204054,16.084,15.952666666666666,16.101728114779608,4.653630085830693,4.6016156648578335,4.617690161148546,16.494,16.286545454545454,16.50116002641988,4.683989114080147,4.64739682257343,4.671574573389367,17.2815,16.863809523809525,16.992775732406677,4.757812283944888,4.715148210575078,4.732302213013065,17.4,17.136946236559144,17.27113121214622,4.772608771145841,4.744456333724208,4.774903589441328,18.07783333333333,17.67801092896175,17.613335117593582,4.943948693964367,4.83156805197239,4.847074600588149,7.759866548242205
2023-08-25,sz001338,15.75,15.24,15.84,15.13,46682,71611346.67,4.49,-3.67,-0.58,3.72,4.66914945427901,0.10549041580614027,15.808000000000002,15.671333333333333,15.814485409853074,4.610478257853974,4.606788787673938,4.634843258858701,16.327,16.058545454545456,16.271858203434444,4.648974148228514,4.644698702609587,4.671133642642029,17.151500000000002,16.669380952380955,16.82584471027271,4.752821211251921,4.706704131559281,4.726287664562202,17.30666666666667,16.99759139784946,17.14009048878195,4.7697257997492715,4.737781539087638,4.7680807420115014,18.0415,17.584967213114755,17.53552085144297,4.9372990152124006,4.822558240835166,4.841240989233751,7.8549818408239
2023-08-28,sz001338,16.26,15.25,16.26,15.24,43240,67242379.07,6.69,0.07,0.01,3.45,4.635885685281273,-0.03326376899773731,15.64,15.485333333333333,15.626323606568718,4.601246245688012,4.615257930149705,4.635190734332891,16.178,15.862727272727273,16.086065802809998,4.644303989581493,4.642318982073725,4.664724923121891,16.9995,16.488285714285716,16.675764261675308,4.733842897000217,4.695567414800171,4.717677952249732,17.236666666666668,16.86490322580645,17.018149166925053,4.759885943031768,4.729146692992928,4.759552028674068,17.998166666666666,17.49344262295082,17.460585741559594,4.927938344972697,4.812675836575129,4.834508028448424,7.827643070601684
2023-08-29,sz001338,15.32,15.68,15.72,15.26,37203,57725627.7,3.02,2.82,0.43,2.97,4.570577962218266,-0.06530772306300658,15.542000000000002,15.498666666666667,15.64421573771248,4.596720136629817,4.6050351689931235,4.613653143628016,16.063,15.772181818181819,16.012235656844542,4.64859364119144,4.628914249825867,4.647607293866686,16.8855,16.36261904761905,16.580929570087182,4.721337097612462,4.6800183733923655,4.703668429389592,17.181666666666665,16.76447311827957,16.931816962607307,4.759455802988163,4.716933274875927,4.747360153418855,17.959166666666665,17.417437158469944,17.40220588118059,4.919626899526169,4.8009591027143275,4.825854583653992,7.7613686640693205
2023-08-30,sz001338,15.62,15.68,15.95,15.57,31917,50057221.44,2.42,0.0,0.0,2.54,4.504022063609917,-0.06655589860834876,15.534,15.544666666666666,15.656143825141655,4.588658840772267,4.574135811319824,4.577109450288651,15.960000000000003,15.702545454545456,15.951829173781897,4.655341419886155,4.602628508447408,4.621500888365455,16.788500000000003,16.247809523809522,16.495126753888403,4.714322180892087,4.659321703487362,4.684654489791528,17.126666666666665,16.66759139784946,16.851054577922966,4.757530110421823,4.700453678787008,4.731660921818278,17.925833333333337,17.34271038251366,17.3457401145845,4.910995667197142,4.7873327146515,4.815302697750908,7.699466739264095
2023-08-31,sz001338,15.58,15.75,15.76,15.47,31574,49146045.0,1.85,0.45,0.07,2.52,4.499329604631668,-0.004692458978249547,15.52,15.616666666666667,15.687429216761105,4.575792954004027,4.544359399272958,4.551182835069657,15.801999999999998,15.664363636363637,15.915132960367005,4.6147115199173605,4.574262723855682,4.599287927686585,16.694,16.148904761904763,16.424162301137127,4.713953264806165,4.638846220033989,4.667004500728685,17.060333333333332,16.578774193548384,16.78001879870213,4.740615867218254,4.683795581639257,4.716671804580432,17.88566666666667,17.27137158469945,17.293420766565337,4.897576821151216,4.773835466698532,4.804942924206014,7.691488573973101
2023-09-01,sz001338,15.8,15.88,16.06,15.8,40074,63686394.0,1.65,0.83,0.13,3.19,4.602862693848378,0.10353308921671012,15.648,15.736666666666668,15.751619477840737,4.562535601917901,4.5533826458877416,4.568409454662564,15.728,15.678545454545453,15.908745149391187,4.586506929885937,4.572108391843141,4.599937885170547,16.565,16.071380952380952,16.372337320076447,4.68225203566713,4.628266165657057,4.660895757216274,16.991333333333333,16.502623655913975,16.721953069753607,4.726783755745518,4.674908280131524,4.709329281307396,17.8435,17.20561202185792,17.247079102087785,4.886992606979948,4.764172708426309,4.798317342882813,7.804046659307436
2023-09-04,sz001338,15.9,16.02,16.22,15.86,43781,69953201.45,2.27,0.88,0.14,3.49,4.641285677047399,0.03842298319902149,15.801999999999998,15.860666666666667,15.841079651893827,4.563615600271126,4.579632670930907,4.592701528790843,15.720999999999998,15.731636363636364,15.928973304047334,4.582430922979569,4.582068164054315,4.607455665511793,16.449,16.01947619047619,16.338781384831073,4.673080422229306,4.6243646076932725,4.659028130533524,16.944,16.439956989247314,16.676665774930793,4.721453579305116,4.669392275054226,4.704939371355138,17.793666666666663,17.145825136612025,17.206847000379987,4.874614301162002,4.756116743510488,4.793168763675094,7.8448075950287475
2023-09-05,sz001338,15.87,15.77,15.95,15.74,29945,47181448.0,1.31,-1.56,-0.25,2.39,4.476324317420228,-0.1649613596271715,15.819999999999999,15.849999999999998,15.817386434595885,4.544764871311518,4.550535576647275,4.553909125000638,15.681000000000001,15.740545454545455,15.900069066947818,4.570742503970667,4.562776053952617,4.583613602222417,16.316,15.954809523809526,16.284611729132877,4.6553354736854935,4.60562593104479,4.641627767379877,16.875,16.36421505376344,16.618171208806228,4.706809288024148,4.653577483964877,4.690190013036757,17.744999999999997,17.079475409836064,17.15973726266261,4.861619777673633,4.743058055518954,4.782780421174935,7.673771265264283
2023-09-06,sz001338,15.83,15.86,16.06,15.78,27849,44083203.97,1.78,0.57,0.09,2.22,4.444809605172975,-0.031514712247252774,15.856,15.863333333333333,15.831590956397257,4.53292237962413,4.517217154601094,4.517542618391417,15.694999999999999,15.77309090909091,15.892783782048213,4.5607906101981985,4.539879163262127,4.558376511849791,16.188,15.911380952380952,16.244172516834507,4.641809219754526,4.585575848329311,4.622883180503028,16.811333333333334,16.298731182795702,16.569256937270342,4.696734206324967,4.63667427861964,4.67435901898103,17.666666666666668,17.01767213114754,17.117122926181867,4.842757172306392,4.729392148223851,4.771699410814215,7.644273151540735
2023-09-07,sz001338,15.78,15.55,15.85,15.55,27976,43631351.64,1.89,-1.95,-0.31,2.23,4.446785619301188,0.0019760141282132437,15.815999999999999,15.761333333333335,15.737727304264839,4.522413582558033,4.4885049011601135,4.493956952028007,15.668000000000001,15.746727272727274,15.830459458039446,4.54910326828103,4.519150983099035,4.538087258659136,16.081,15.85061904761905,16.178060848564556,4.616546191180589,4.56700217209566,4.606111984198091,16.743666666666666,16.217354838709678,16.503498425188386,4.688242612056936,4.620548563327784,4.659676864162976,17.5935,16.948273224043717,17.06574184663492,4.824954808822981,4.716409474354828,4.761046499617066,7.63979866704827
2023-09-08,sz001338,15.46,15.57,15.66,15.46,18187,28221499.0,1.29,0.13,0.02,1.45,4.2597610667986645,-0.1870245525025238,15.754,15.679333333333334,15.681818202843226,4.4537932571480905,4.400954062573658,4.41589165695156,15.700999999999999,15.72890909090909,15.783103192941365,4.508164429532996,4.466543310102241,4.487482496502686,16.014,15.80195238095238,16.120150291558407,4.578569288880755,4.533022636440239,4.573126182541003,16.668,16.14163440860215,16.443272720337525,4.671268950678946,4.592904592665959,4.633875844978181,17.50733333333333,16.881928961748635,17.01670113035181,4.801852173874081,4.697878531993374,4.7446109116558075,7.450580077814458
2023-09-11,sz001338,15.56,15.76,15.77,15.42,23003,35925110.0,2.25,1.22,0.19,1.83,4.361784479429873,0.10202341263120829,15.702000000000002,15.681333333333335,15.707878801895486,4.397893017624585,4.370284470000917,4.397855931110998,15.752,15.739636363636365,15.77890261240657,4.480754308947856,4.4399287737198545,4.464628311580356,15.964999999999998,15.777761904761903,16.085850263790938,4.562529149264675,4.5123764641115836,4.552998401292324,16.583666666666666,16.08305376344086,16.399190609348008,4.649480034316097,4.572937852585374,4.616321563329904,17.442,16.824639344262295,16.97549781460257,4.783335828150337,4.683450082995203,4.732059225353318,7.555398106585522
2023-09-12,sz001338,15.69,15.64,15.78,15.61,16841,26276059.0,1.08,-0.76,-0.12,1.34,4.226367875856486,-0.13541660357338703,15.676000000000002,15.660666666666668,15.68525253459699,4.347901729311838,4.313109422744884,4.340693246026161,15.748,15.719272727272728,15.753647591969012,4.446333300311677,4.3936766949759685,4.421308232357833,15.9055,15.746809523809526,16.043388333906087,4.547463470751559,4.480361104739376,4.521890732203197,16.506333333333334,16.02217204301075,16.350210570035234,4.629669165178868,4.545640293975078,4.591163260912264,17.37183333333333,16.76555737704918,16.93171100100904,4.766083137531758,4.6651888386577,4.71547918110752,7.4195602283573
2023-09-13,sz001338,15.65,15.48,15.71,15.36,24239,37466704.56,2.24,-1.02,-0.16,1.93,4.384514698685653,0.15814682282916692,15.6,15.595333333333334,15.616835023064661,4.335842748014373,4.32531374586949,4.355300396912659,15.728,15.670545454545456,15.70389348433828,4.434382563819251,4.382436949225783,4.414618498962891,15.844,15.706285714285713,15.989732302105509,4.544861991852703,4.4648421740664315,4.508807300439622,16.435,15.955956989247312,16.294067952613606,4.621008975201142,4.5298238767819665,4.577831095607321,17.298833333333334,16.703530054644812,16.884113919008744,4.752680740059746,4.652678398039795,4.704627886601885,7.573645495753342
2023-09-14,sz001338,15.46,15.26,15.48,15.18,24700,37637301.26,1.94,-1.42,-0.22,1.97,4.392696953259666,0.008182254574013115,15.542000000000002,15.482000000000001,15.497890015376441,4.3250250148060685,4.344265147617921,4.367765915694995,15.678999999999998,15.585454545454544,15.623185578094954,4.423719298682051,4.3748577473058585,4.4106327633804865,15.7405,15.650666666666666,15.92023398761927,4.519215409299706,4.450350265628999,4.497749172136769,16.355666666666664,15.880150537634412,16.227353891154664,4.61720860943146,4.515094068914775,4.565886957391343,17.23933333333333,16.636683060109288,16.830864282319933,4.7370716350272755,4.640875650931594,4.694400642885746,7.575618475278352
2023-09-15,sz001338,15.31,15.21,15.42,15.15,21949,33372928.36,1.77,-0.33,-0.05,1.75,4.34141473850183,-0.05128221475783601,15.469999999999999,15.371333333333332,15.401926676917629,4.341355749146701,4.349728388849841,4.358982189963941,15.612,15.50018181818182,15.548060927532235,4.397574503147396,4.359893281818546,4.398047667948003,15.670000000000002,15.60014285714286,15.852592655465052,4.492040716516667,4.433416868410154,4.482860178457251,16.247333333333334,15.806236559139784,16.16171815624146,4.587359524827219,4.4973009159515716,4.55140487875331,17.183333333333334,16.570147540983605,16.77772119109633,4.725200267724842,4.627903293668466,4.68282733454529,7.523394316178036
2023-09-18,sz001338,15.22,15.38,15.38,15.05,24427,37189388.46,2.17,1.12,0.17,1.95,4.387870132407363,0.04645539390553299,15.394,15.341333333333333,15.394617784611754,4.346572879742199,4.365233183270061,4.368611504111748,15.548000000000002,15.458,15.517504395253647,4.372232948683392,4.358128850774903,4.396197206940613,15.6345,15.57252380952381,15.807583831135048,4.477331935831481,4.423495860399744,4.473813507404881,16.148666666666667,15.750279569892474,16.111284726806527,4.572797931047335,4.484430632569646,4.540854249956798,17.140666666666668,16.5110218579235,16.73189426679809,4.715313817729318,4.616843289231827,4.673156606606342,7.570419036906133
2023-09-19,sz001338,15.36,15.1,15.36,15.07,22051,33247573.26,1.89,-1.82,-0.28,1.76,4.343428289252123,-0.0444418431552398,15.286000000000001,15.243333333333334,15.296411856407836,4.369984962421327,4.364184986440036,4.3602170991585405,15.481,15.376545454545456,15.44159450520753,4.3589433458665825,4.352891639969218,4.3866028582699785,15.580999999999998,15.521619047619048,15.740194894836472,4.464842924918625,4.410743132154092,4.4613958675808085,16.037666666666667,15.68262365591398,16.046040550883525,4.5565380977458565,4.469632591163504,4.528117091201658,17.085500000000003,16.444114754098358,16.678389536739136,4.706124234838436,4.6046503210850345,4.6623458421029245,7.521759951646556
2023-09-20,sz001338,15.1,14.95,15.14,14.92,20903,31245251.0,1.46,-0.99,-0.15,1.67,4.320208620558244,-0.023219668693879036,15.180000000000001,15.131333333333334,15.180941237605225,4.357123746795845,4.347592872485675,4.346880939625109,15.39,15.28,15.352213686078887,4.346483247405109,4.345848962640429,4.374531178686026,15.5425,15.461523809523811,15.66493823818538,4.453636928801654,4.396968436500721,4.44794946310247,15.922,15.612451612903225,15.975328257278138,4.543367228971388,4.454385528119142,4.514703641482728,17.024166666666666,16.37409836065574,16.621721027337852,4.694724434223383,4.591997350125028,4.651128228281787,7.494784017800902
2023-09-21,sz001338,14.94,14.67,15.0,14.66,25267,37165830.0,2.27,-1.87,-0.28,2.01,4.402553680353251,0.08234505979500728,15.062000000000001,14.961333333333332,15.010627491736816,4.359095092214562,4.362736183671476,4.365438519867823,15.302000000000001,15.14909090909091,15.228174834064543,4.342060053510315,4.3560435868128184,4.379626178989158,15.485,15.378428571428573,15.570182215501058,4.445581660895673,4.3921033652199215,4.443626055221591,15.821333333333333,15.531677419354839,15.89111353100213,4.525050811957163,4.445300783047004,4.507468160119536,16.962833333333332,16.29691256830601,16.557730173982513,4.686134205712701,4.582417981145679,4.642978243103802,7.57014383605986
2023-09-22,sz001338,14.56,15.02,15.06,14.56,26026,38569732.63,3.41,2.39,0.35,2.07,4.4154074254501365,0.012853745096885305,15.024000000000001,14.947333333333331,15.013751661157878,4.373893629604224,4.381506961416668,4.382094821728594,15.247,15.09781818181818,15.190324864234624,4.357624689375462,4.369379472620059,4.386131860163881,15.474,15.334142857142856,15.517783909262862,4.432894559454229,4.389229628510822,4.440938566671928,15.758333333333333,15.479978494623657,15.834912658034252,4.5049210890456575,4.438227016175583,4.5015287578828005,16.904833333333332,16.233213114754097,16.507312791228987,4.679295585583863,4.5735416932682185,4.635516904820075,7.586246628295181
2023-09-25,sz001338,14.99,14.87,15.11,14.79,18478,27392437.0,2.13,-1.0,-0.15,1.47,4.266654962773224,-0.14875246267691278,14.922,14.895999999999997,14.965834440771918,4.349650595677396,4.345760739139668,4.343614868743471,15.157999999999998,15.02927272727273,15.132083979828327,4.3481117377097975,4.352839522328742,4.364408787911034,15.455000000000002,15.276619047619048,15.45609020361878,4.414433023328827,4.373397285969775,4.424340128205385,15.696,15.422666666666666,15.772660228483655,4.491056678746381,4.422855008028973,4.486375609811215,16.833666666666666,16.166497267759564,16.453630404631316,4.66511119128699,4.560012492520328,4.623423070654604,7.437630671486207
2023-09-26,sz001338,14.81,14.68,14.93,14.66,16448,24195127.3,1.82,-1.28,-0.19,1.31,4.216113097315182,-0.05054186545804207,14.838,14.815333333333333,14.870556293847946,4.324187557290007,4.301248239685597,4.301114278267375,15.062000000000001,14.942363636363636,15.049886892586812,4.347086259855667,4.328839769529722,4.337445935075425,15.404999999999998,15.202809523809522,15.382176850893181,4.396709780083673,4.354509673968476,4.404508982406318,15.624333333333333,15.35711827956989,15.702166020194388,4.480671067119595,4.4051167124527675,4.468939318682438,16.7595,16.095885245901638,16.395478588086025,4.650463335714132,4.545291243537646,4.610068645299212,7.383727911443283
2023-09-27,sz001338,14.7,14.78,14.99,14.66,19978,29507978.0,2.25,0.68,0.1,1.59,4.300552008792885,0.08443891147770355,14.803999999999998,14.796,14.840370862565297,4.320256234936936,4.2933697235198895,4.3009268551092115,14.992,14.89109090909091,15.000816548480119,4.33868999086639,4.320378996609216,4.330737948478599,15.36,15.143285714285712,15.32482667461764,4.386536277342821,4.3453517909884,4.394608318252658,15.56,15.302645161290322,15.642671438246364,4.476137991523932,4.3934961280445926,4.4580756212702095,16.69516666666667,16.030983606557374,16.34251207700124,4.640400526651614,4.533818741015638,4.599920558856382,7.469939450993399
2023-09-28,sz001338,14.81,14.74,14.89,14.7,19225,28267277.56,1.29,-0.27,-0.04,1.53,4.2838663484734685,-0.016685660319416762,14.818000000000001,14.774666666666667,14.806913908376867,4.296518768560979,4.281239761365401,4.295240019563964,14.939999999999998,14.845272727272725,14.953395357847368,4.327806930387771,4.310411061628684,4.3222158393867565,15.3095,15.084238095238096,15.269128896082627,4.3757631145349105,4.335573702524652,4.384061463987973,15.473666666666668,15.249741935483872,15.584434571262728,4.455412582995726,4.381091505912305,4.446836313347839,16.630833333333335,15.966879781420767,16.289970697427425,4.6327124175415575,4.522129095829469,4.589558125729073,7.451283983317836
2023-10-09,sz001338,14.74,14.44,14.76,14.4,26072,37566549.82,2.44,-2.04,-0.3,2.08,4.416174347457088,0.13230799898361933,14.702000000000002,14.648666666666667,14.684609272251246,4.29667215296237,4.32112495433077,4.3355514621950055,14.863000000000003,14.754363636363637,14.860050747329664,4.335282891283297,4.326477864732197,4.339299204490453,15.2375,15.001428571428571,15.190164239312853,4.366428697215346,4.3394223913743835,4.387119833842175,15.401000000000002,15.18305376344086,15.510600082794166,4.439788108105543,4.378560006845296,4.444858122000049,16.5655,15.89504918032787,16.22931592046259,4.627803497237102,4.515029486974242,4.583873411687368,7.574801310502802
2023-10-10,sz001338,14.49,14.29,14.61,14.26,25942,37183819.66,2.42,-1.04,-0.15,2.07,4.414003454997135,-0.0021708924599526114,14.585999999999999,14.511333333333333,14.5530728481675,4.326141851407153,4.360235388342359,4.361702126462383,14.754,14.650181818181817,14.756405156906087,4.337896223542274,4.340790694498349,4.352881795491667,15.151,14.911190476190479,15.104434311759247,4.355064586112833,4.343953320686935,4.389680178714076,15.341,15.111376344086024,15.431851690355835,4.430853365068412,4.376896480838302,4.4428674983224425,16.488833333333336,15.820442622950818,16.165731791922834,4.618229653313498,4.50801964952375,4.578303904910639,7.570354000068904
2023-10-11,sz001338,14.29,14.35,14.48,14.24,22256,31872135.82,1.68,0.42,0.06,1.77,4.347447112647971,-0.06655634234916441,14.52,14.432666666666668,14.485381898778334,4.3524086544737095,4.367337142089299,4.356950455190912,14.678999999999998,14.576727272727272,14.682513310195889,4.338298105881859,4.342527219790294,4.351893671338267,15.080000000000002,14.834904761904761,15.032583424925035,4.348620725874221,4.3432278470236145,4.385657981945876,15.280333333333333,15.047440860215053,15.362054807107071,4.422661318573036,4.371515432295047,4.436711344407961,16.41916666666667,15.750316939890709,16.106199602023725,4.609257918002531,4.499141533436356,4.570734829754485,7.503411167451149
2023-10-12,sz001338,14.44,14.46,14.46,14.28,17021,24397308.52,1.25,0.77,0.11,1.36,4.230985071713554,-0.11646204093441703,14.456,14.412666666666667,14.476921265852225,4.338495267057843,4.32686261450258,4.314961994031792,14.63,14.53690909090909,14.642056344705725,4.329375750997389,4.323015759032421,4.3299102895883195,15.01,14.775857142857145,14.97805167017027,4.337929499201249,4.332024451389265,4.370927228590417,15.238333333333333,14.994516129032258,15.303857722777584,4.412216536200233,4.359149222820241,4.423438681653483,16.360833333333332,15.686081967213115,16.052225844580324,4.597290604633461,4.4867391450334395,4.559595493425275,7.387341918167201
2023-10-13,sz001338,14.45,14.03,14.45,13.93,40300,56455416.41,3.6,-2.97,-0.43,3.21,4.605305046141109,0.3743199744275554,14.313999999999998,14.270666666666667,14.32794751056815,4.402783006591371,4.415799207530336,4.4117430114015646,14.565999999999999,14.427818181818179,14.530773372941047,4.349650887576175,4.373184721785824,4.379982063507009,14.934000000000001,14.682523809523808,14.887761034915957,4.3458554705432455,4.357488789193061,4.393248925500006,15.178666666666667,14.916559139784946,15.221673353566127,4.413604736455841,4.3716065460422335,4.435171995491395,16.28933333333333,15.609661202185793,15.985923357872773,4.593106753800841,4.48700191360746,4.56109416728481,7.751705615067521
2023-10-16,sz001338,14.04,13.84,14.06,13.79,29672,40972194.64,1.92,-1.35,-0.19,2.37,4.472346820320554,-0.1329582258205555,14.193999999999999,14.112666666666666,14.165298340378767,4.414017501164064,4.438987145440063,4.431944281041227,14.448000000000002,14.29581818181818,14.405178214224492,4.355344827063217,4.395493073193893,4.396775655654926,14.8475,14.578333333333335,14.787974269685865,4.35648475821934,4.369535584409948,4.4007820583400585,15.132,14.830193548387097,15.132533137207023,4.407044648657225,4.3753963579044735,4.437570371286824,16.21933333333333,15.529355191256833,15.915565214991698,4.588385224203249,4.4830425715261395,4.558184418204014,7.612489227182695
2023-10-17,sz001338,13.84,13.66,13.91,13.57,26316,35867814.56,2.46,-1.3,-0.18,2.1,4.420219877725148,-0.05212694259540562,14.068000000000001,13.934666666666665,13.996865560252512,4.415260785709667,4.4410546042937575,4.428036146602535,14.327000000000002,14.152545454545454,14.269691266183674,4.370701318558409,4.407288536950608,4.401038241485875,14.742500000000001,14.465238095238094,14.680548148763402,4.3594065281341035,4.375605595791454,4.402633279233877,15.079,14.735225806451613,15.0375309993227,4.399855788405355,4.376246372683049,4.436450984605426,16.157833333333333,15.445442622950821,15.841612257123117,4.579870865718561,4.477528953608823,4.553660990647329,7.554704915749086
2023-10-18,sz001338,13.71,13.54,13.74,13.52,22482,30469811.58,1.61,-0.88,-0.12,1.79,4.351834943477441,-0.06838493424770675,13.906,13.758666666666667,13.844577040168343,4.416138351875562,4.419912656883016,4.402635745560838,14.213,14.009454545454544,14.137020126877552,4.384273503174636,4.403858286935886,4.392092187302523,14.637499999999998,14.350714285714284,14.571924515547838,4.365679881515151,4.374884492490819,4.397795342495169,15.007666666666665,14.63593548387097,14.94091609614059,4.392564354447327,4.373148253655442,4.430991885177814,16.09466666666667,15.359612021857924,15.766149560168259,4.576010078717745,4.470052365994361,4.547043743199136,7.4838697686296545
2023-10-19,sz001338,13.46,13.36,13.67,13.36,26716,35843247.05,2.29,-1.33,-0.18,2.13,4.4267714347926965,0.07493649131525526,13.685999999999998,13.576666666666664,13.683051360112229,4.45529562449139,4.423457017855394,4.410680975304791,14.070999999999998,13.854363636363637,13.995743740172543,4.396895445774616,4.411585183593716,4.398397505028008,14.5315,14.229047619047622,14.456503133114712,4.367792718320503,4.380702735660109,4.400554970333028,14.930333333333332,14.52963440860215,14.83892150929281,4.389989333486753,4.375355162064821,4.430719598056194,16.0285,15.26995081967213,15.687259410654546,4.573759721954287,4.465159295701737,4.543100388825155,7.5544073456335425
2023-10-20,sz001338,13.35,13.34,13.61,13.31,26535,35446773.7,2.25,-0.15,-0.02,2.12,4.423819091965404,-0.002952342827292398,13.547999999999998,13.461333333333334,13.568700906741487,4.418998433656249,4.412964840346732,4.415060347524996,13.931000000000001,13.721454545454545,13.876517605595716,4.41089072012381,4.416480391992041,4.403019611743898,14.435500000000001,14.115571428571428,14.3501695013895,4.36934882525579,4.3860385807691475,4.402770600964683,14.85,14.427032258064514,14.74221689579005,4.3874723163978775,4.377537727127959,4.4302744041148525,15.955166666666665,15.181803278688527,15.610300085715052,4.564044091808066,4.460243209472593,4.539189526633033,7.549576712634721
2023-10-23,sz001338,13.27,13.15,13.47,13.06,26029,34213414.0,3.07,-1.42,-0.19,2.08,4.415457483406035,-0.00836160855936896,13.41,13.328666666666667,13.42913393782766,4.407620566273345,4.411784523596661,4.415192726152009,13.802000000000001,13.579454545454547,13.744423495487403,4.410819033718704,4.417310712588809,4.405281042955195,14.3325,13.993142857142857,14.235867644114311,4.373050962501001,4.390429881545361,4.403978875482907,14.758999999999999,14.317354838709674,14.639493225093917,4.381225476049798,4.379343221773648,4.429318473746542,15.875166666666669,15.089830601092896,15.52963450913423,4.554004615897659,4.4553715173938375,4.535132738330508,7.534196412606102
2023-10-24,sz001338,13.1,13.37,13.48,13.1,27802,36865999.84,2.89,1.67,0.22,2.22,4.444076039001569,0.028618555595533834,13.351999999999999,13.315333333333333,13.40942262521844,4.412391798528629,4.423936347839402,4.424820497101862,13.709999999999999,13.50090909090909,13.676346496307875,4.413826292119148,4.423357440822056,4.412334678599991,14.232,13.90147619047619,14.153404058960568,4.375861257830711,4.397194174545414,4.407797652960875,14.670666666666667,14.227741935483873,14.557590436378181,4.374651821448271,4.383398096802793,4.430270574730738,15.807333333333332,15.00769398907104,15.458826820310156,4.548052700376695,4.4517673017579,4.532147272778738,7.566626016866716
2023-10-25,sz001338,13.62,13.75,13.89,13.59,46456,63714913.08,2.24,2.84,0.38,3.7,4.667041813025268,0.22296577402369877,13.394,13.448,13.522948416812294,4.475433172438194,4.508819686004949,4.505560935742998,13.65,13.508181818181816,13.689738042433715,4.445785762156878,4.469396626441351,4.458645066677313,14.1645,13.855571428571428,14.114984624773848,4.392041934019368,4.424925655992516,4.432487572967007,14.603333333333333,14.168344086021502,14.50548782757959,4.381009071301773,4.402261967227116,4.445546138491676,15.739166666666666,14.94024043715847,15.402799711447528,4.54390917966296,4.455668584139821,4.5365700445901,7.804241094977897
2023-10-26,sz001338,13.71,13.79,13.85,13.6,28578,39059453.0,1.82,0.29,0.04,2.28,4.456031831895234,-0.21100998113003389,13.479999999999999,13.58,13.611965611208197,4.4812852518587025,4.5023525724906275,4.48905123446041,13.582999999999998,13.533636363636361,13.707967489263948,4.468290438175045,4.471259548211962,4.458169933080571,14.1065,13.819904761904763,14.08403370812872,4.398833094586218,4.4310199319806935,4.434729883341125,14.534333333333334,14.115870967741936,14.459327322574456,4.381383145525848,4.40710214532992,4.446222634840293,15.672833333333333,14.876333333333333,15.349921032383675,4.539058675925408,4.452787359622847,4.533929447452563,7.5917261570075185
2023-10-27,sz001338,13.68,14.05,14.1,13.68,39769,55374970.0,3.05,1.89,0.26,3.17,4.59954467069576,0.14351283880052623,13.622,13.770000000000001,13.757977074138799,4.516430367604773,4.541772378769648,4.525882379872193,13.584999999999999,13.618545454545455,13.770155218488684,4.467714400630511,4.495123954124819,4.483874430828787,14.0755,13.814523809523811,14.080792402592651,4.408682644103343,4.4501353201816025,4.450426529755852,14.484333333333332,14.084623655913976,14.432919108214815,4.386475113905667,4.421177082437657,4.4561143790890325,15.613999999999999,14.823125683060109,15.307300670666177,4.537358862981302,4.454770506992366,4.536080766247421,7.74331350394737
2023-10-30,sz001338,14.0,14.01,14.11,13.94,25715,35893403.64,1.21,-0.28,-0.04,2.05,4.410186528657109,-0.18935814203865142,13.794,13.899333333333335,13.841984716092533,4.515376176654987,4.506357765787093,4.4873170961338325,13.602,13.695818181818181,13.81376336058165,4.461498371464167,4.484664341038746,4.470476630433936,14.025,13.808285714285711,14.0740502690124,4.408421599263692,4.45027854728196,4.4465941486988285,14.432333333333334,14.054021505376344,14.40563400445902,4.391489295967616,4.422706851131297,4.453151291964392,15.550166666666666,14.770535519125682,15.264766222447612,4.531379123323281,4.450600922260425,4.5319530863264275,7.555014642840982
2023-10-31,sz001338,13.94,13.95,14.1,13.85,29651,41316468.36,1.78,-0.43,-0.06,2.36,4.47203934482198,0.061852816164871705,13.91,13.951333333333334,13.877989810728355,4.520968837819071,4.491912155176091,4.482224512363215,13.631,13.75909090909091,13.838533658657713,4.466680318173849,4.486580881649257,4.470760760322671,13.979,13.801142857142857,14.062235957677887,4.418690818366129,4.4563373801922745,4.449017500710557,14.372000000000002,14.02290322580645,14.376238262235859,4.395164458147352,4.4279036284767415,4.454369876019721,15.477833333333333,14.718071038251368,15.221659133187035,4.522322246231725,4.448655355752186,4.529988701359069,7.616123191905814
2023-11-01,sz001338,14.17,13.99,14.53,13.96,37979,53325214.0,4.09,0.29,0.04,3.03,4.579543525429977,0.1075041806079966,13.957999999999998,13.978000000000002,13.91532654048557,4.503469180300012,4.511437051046392,4.514664183385469,13.675999999999998,13.824363636363636,13.866072993447219,4.489451176369103,4.507101464786734,4.490539444887635,13.944500000000001,13.802190476190477,14.055356342660945,4.436862339771869,4.471656685626926,4.461448550683835,14.317,13.998258064516131,14.351319664672255,4.406936979799801,4.439799052172394,4.462445595336511,15.411666666666667,14.669289617486339,15.181276866525165,4.518303072489334,4.450531463266882,4.531613449689262,7.726932606996902
2023-11-02,sz001338,13.88,13.79,14.02,13.79,24393,33699635.56,1.64,-1.43,-0.2,1.94,4.387265215784176,-0.1922783096458014,13.957999999999998,13.921999999999999,13.87355102699038,4.4897158570778,4.47270239620778,4.472197860851705,13.719,13.845090909090908,13.852241540093178,4.485500554468251,4.488522199225839,4.47176231232337,13.895,13.78747619047619,14.030084310026568,4.4411980001214335,4.466933150009051,4.4543834711695816,14.260666666666667,13.964258064516132,14.315105492757915,4.407028663703087,4.4385299061068695,4.457595248268619,15.347833333333334,14.616120218579235,15.135661231557126,4.514018819452114,4.4462351400962214,4.526880720708768,7.527625204279742
2023-11-03,sz001338,13.86,14.0,14.14,13.83,24839,34707930.7,2.25,1.52,0.21,1.98,4.395134107477812,0.00786889169363647,13.947999999999999,13.936,13.915700684660255,4.448833744434211,4.441175146341118,4.446509943060407,13.785,13.896181818181818,13.87910671462169,4.482632056019492,4.472091936136668,4.457829911442359,13.857999999999999,13.797476190476191,14.027219137643087,4.446761388071652,4.462546112614419,4.448740674627508,14.218666666666667,13.947440860215055,14.294776106128372,4.407109902177024,4.437762515382658,4.453565497249858,15.287166666666668,14.571928961748634,15.098426437079842,4.512159255804241,4.442337280687228,4.522561159619228,7.540428721641425
2023-11-06,sz001338,14.02,14.11,14.14,14.01,22719,31863901.8,0.93,0.79,0.11,1.81,4.3563892115442755,-0.03874489593353658,13.967999999999998,13.990000000000002,13.980467123106838,4.4380742810116445,4.410360302044472,4.416469699221697,13.881,13.955272727272728,13.921087311963198,4.476725228833316,4.449138691686629,4.439386147824526,13.8415,13.821476190476186,14.035103029296126,4.443772131276011,4.453939238659432,4.439945297191009,14.181999999999999,13.94043010752688,14.282855067023316,4.407609051278439,4.43449021276119,4.447296059462401,15.214666666666666,14.533333333333333,15.066019012913289,4.49748428805283,4.4372300661213275,4.517112899026607,7.503298954969693
2023-11-07,sz001338,14.16,14.03,14.16,13.9,21989,30672763.0,1.84,-0.57,-0.08,1.75,4.342205479276342,-0.014183732267933458,13.984,14.010666666666664,13.996978082071225,4.412107507902516,4.378404034799372,4.391714959239913,13.947,13.982363636363635,13.94088961887898,4.466538172860793,4.424680555403542,4.42171693536122,13.8285,13.83942857142857,14.034617026506018,4.4401822324899705,4.4442662241832736,4.430636743103898,14.136999999999999,13.930623655913976,14.26654183689278,4.406086896174072,4.430270627470732,4.4405160220310425,15.142833333333332,14.494491803278688,15.032051176424329,4.489442413610704,4.432138957636852,4.511378229526598,7.486752898956269
2023-11-08,sz001338,14.04,13.93,14.09,13.87,22287,30988688.55,1.57,-0.71,-0.1,1.78,4.348051613068359,0.0058461337920165946,13.972,13.992666666666668,13.97465205471415,4.365809125430193,4.357052069854652,4.377160510516061,13.965,13.979272727272726,13.93890968817371,4.434639152865103,4.403137544532191,4.4083232403988815,13.8075,13.849095238095238,14.02465350017211,4.44021245751099,4.435491879476452,4.422771492624323,14.098,13.917268817204299,14.244829460319052,4.406241006967946,4.426526415657461,4.434550576291515,15.067833333333335,14.454726775956285,14.995918350967791,4.481389552356901,4.427503193684644,4.506023258495181,7.491203197163775
2023-11-09,sz001338,13.97,13.9,14.01,13.86,18144,25149929.12,1.08,-0.22,-0.03,1.45,4.258733037212813,-0.08931857585554592,13.994,13.968666666666667,13.949768036476101,4.34010268971592,4.32136004044886,4.337684686081646,13.975999999999999,13.967454545454546,13.931835199414854,4.4149092733968605,4.371154614413593,4.381125021637778,13.779500000000002,13.857904761904761,14.012781738250958,4.441599855785953,4.418208125162341,4.407148782585131,14.062999999999999,13.904494623655914,14.222582398362984,4.404191820856432,4.417009772447453,4.42320750925418,14.9925,14.416437158469945,14.959986601755732,4.47377952491391,4.4202029800733635,4.4979153823875615,7.400536765422314
2023-11-10,sz001338,13.91,13.86,13.94,13.73,18826,25910707.88,1.51,-0.29,-0.04,1.5,4.2747580543520085,0.016025017139195796,13.966,13.924000000000001,13.919845357650734,4.316027479090759,4.299578495327555,4.316709142171767,13.956999999999999,13.946363636363635,13.918774254066697,4.382430611762485,4.345672574587256,4.361785573040365,13.770999999999997,13.865571428571425,13.998231096512772,4.425072506196498,4.402318429787679,4.394540141801024,14.036,13.891397849462365,14.199189985565374,4.399931966656391,4.408659206866522,4.413630125066943,14.928666666666667,14.379306010928959,14.923921467271937,4.462491389306777,4.41367768595658,4.490598748681478,7.413479278064109
2023-11-13,sz001338,13.9,14.08,14.09,13.81,30829,42910232.68,2.02,1.59,0.22,2.46,4.488959437748713,0.2142013833967047,13.959999999999999,13.962,13.973230238433825,4.342541524331647,4.357222481546873,4.374125907364083,13.963999999999999,13.968727272727273,13.94808802605457,4.390307902671646,4.365041452039297,4.384908093896428,13.783000000000001,13.895,14.006018611130603,4.425903137067906,4.408402899459318,4.403532455700804,14.004666666666667,13.894236559139781,14.191500309077286,4.402383700399677,4.414402914678929,4.418490080723831,14.881499999999999,14.35148087431694,14.896251910967939,4.453652394722667,4.414545490823528,4.490545000782043,7.632560869493429
2023-11-14,sz001338,14.1,14.11,14.15,14.02,22867,32054821.2,0.92,0.21,0.03,1.82,4.359209191764298,-0.12975024598441554,13.975999999999999,14.012,14.018820158955885,4.345942266829239,4.36277837069109,4.369153668830821,13.98,13.995272727272727,13.977526566771921,4.379024887365878,4.359387140965234,4.38023556623604,13.8055,13.926142857142858,14.015921600546736,4.422852602769863,4.40205109514469,4.3993111924687565,13.979333333333333,13.901032258064518,14.186242224620688,4.405468841366045,4.4116174625089055,4.414665507242571,14.837666666666667,14.326185792349726,14.870473159788661,4.448262760056213,4.4114489923658775,4.4862389086831005,7.5058933587561745
2023-11-15,sz001338,14.14,14.12,14.2,14.09,26301,37043456.0,0.78,0.07,0.01,2.1,4.419972261274,0.06076306950970256,14.014000000000001,14.06,14.052546772637257,4.3603263964703665,4.387455035506011,4.386093199645214,13.993,14.020727272727274,14.003430827358844,4.36306776095028,4.366832118039438,4.3874604198793055,13.8345,13.956095238095239,14.025833829066094,4.426259468659692,4.4017767769069875,4.401278913307351,13.960666666666667,13.91010752688172,14.181968532709677,4.412264146831339,4.412553167019095,4.415007878470405,14.792499999999999,14.302655737704919,14.845867482418539,4.446467606975468,4.410521435028755,4.4840662317188675,7.568711497764552
2023-11-16,sz001338,14.13,13.1,14.19,12.93,228725,301731075.54,8.92,-7.22,-1.02,9.69,5.3593136362668385,0.9393413749928383,13.854,13.755333333333333,13.73503118175817,4.580442516281172,4.720450782104835,4.710500011852423,13.924000000000001,13.858363636363636,13.839170676929964,4.460272602998546,4.547967731733358,4.564161004677039,13.8215,13.886142857142858,13.937659178678846,4.472886578733399,4.490639078583859,4.4925203154939695,13.904666666666666,13.854580645161288,14.112164111244537,4.447556201080471,4.473653134079451,4.475930830586305,14.732333333333333,14.247163934426233,14.78862592561793,4.461847096302201,4.440450813038308,4.512762867933555,8.479620040836378
2023-11-17,sz001338,12.96,13.09,13.13,12.8,99317,128388036.72,2.52,-0.08,-0.01,4.21,4.997023592647295,-0.3622900436195433,13.7,13.500666666666666,13.520020787838781,4.724895623940229,4.859311140893542,4.80600787211738,13.832999999999998,13.706727272727273,13.702957826579059,4.520461551515494,4.645558820760403,4.642863293398904,13.808999999999997,13.816476190476191,13.856929733090384,4.501546803767493,4.540556889432801,4.540568246651429,13.849666666666666,13.802021505376343,14.046218039551341,4.4713281092195984,4.509102643212793,4.509549718461208,14.661666666666667,14.19331693989071,14.73293327231898,4.463370346107664,4.457997583410278,4.528640268743842,8.108524557778427
2023-11-20,sz001338,13.06,13.21,13.25,13.04,91663,120125647.14,1.6,0.92,0.12,3.88,4.962194066983879,-0.03482952566341613,13.526,13.337333333333333,13.416680525225857,4.819542549787262,4.938410621908093,4.85806993707288,13.743,13.593454545454545,13.613329130837412,4.581042037059454,4.7258738235728375,4.7009234340507176,13.812000000000001,13.759428571428574,13.795317377557968,4.5288836329463855,4.584428057358172,4.580723086683091,13.808666666666666,13.76075268817204,13.992268488612545,4.489528766537159,4.540771414681457,4.53875257965622,14.604833333333334,14.145721311475409,14.683001033882292,4.464658437321351,4.47435245950458,4.542855147374662,8.079635740310932
2023-11-21,sz001338,13.24,13.21,13.36,13.16,71281,93996738.31,1.51,0.0,0.0,3.02,4.8529737837818425,-0.10922028320203658,13.346,13.232000000000001,13.34778701681724,4.918295468190771,4.949554366572953,4.856371219309201,13.660999999999998,13.496545454545455,13.539996561594245,4.6321188675100045,4.775315959340545,4.728568952183649,13.803999999999998,13.702095238095236,13.73957286540959,4.549328520185399,4.615293786009167,4.6066517245020195,13.772666666666668,13.722129032258064,13.94179955386335,4.504161110829982,4.564219480310147,4.55902491540626,14.556833333333334,14.099989071038252,14.634705918017298,4.467507237949197,4.487084110208203,4.55302297151916,7.973112783827941
2023-11-22,sz001338,13.19,13.12,13.22,13.03,43281,56517786.24,1.44,-0.68,-0.09,1.83,4.636297286513132,-0.2166764972687103,13.146,13.156666666666666,13.271858011211494,4.961560473238597,4.855554972680407,4.783013241710512,13.580000000000002,13.39818181818182,13.46363355039529,4.660943434854482,4.776075671886567,4.711792285698101,13.772499999999999,13.636952380952383,13.680565925846773,4.547791293859793,4.623576525659428,4.60947511136022,13.731666666666666,13.680021505376347,13.888780227807649,4.5137894499588205,4.572744394870349,4.5640102296712195,14.506,14.052879781420767,14.585043428901976,4.468225384265929,4.492618210161119,4.555753276928798,7.752185142515142
2023-11-23,sz001338,13.06,13.16,13.16,12.97,38841,50590848.0,1.45,0.3,0.04,1.65,4.589290402721322,-0.04700688379181006,13.158000000000001,13.161333333333335,13.23457200747433,4.807555826529494,4.731464949174648,4.718438962047449,13.506,13.321818181818182,13.408427450323417,4.693999171405332,4.763047847862357,4.689519216065959,13.741,13.578619047619048,13.630988218623271,4.554454222401096,4.627528821741478,4.607552758156516,13.688333333333334,13.643139784946236,13.841762148594254,4.525732960992413,4.577615424080832,4.565641208577678,14.463333333333333,14.008748633879783,14.53832069352814,4.468974748596322,4.496587555028509,4.556852854823635,7.704071959081113
2023-11-24,sz001338,13.15,13.09,13.17,13.05,30269,39475872.0,0.91,-0.53,-0.07,1.28,4.4809980733630566,-0.1082923293582656,13.157999999999998,13.138666666666666,13.186381338316222,4.704350722672647,4.6226123647858355,4.639291999152651,13.428999999999998,13.246181818181817,13.350531550264613,4.714623173306437,4.724320375491034,4.651606281029067,13.693000000000001,13.516619047619049,13.57946553113534,4.548526892534461,4.620532998023569,4.59549993103333,13.657,13.6045376344086,13.79326136481398,4.5215893952331445,4.574729302298295,4.560180361144477,14.417833333333332,13.96372131147541,14.490834769150169,4.467597065844492,4.496981762397911,4.554365812808534,7.596331732109223
2023-11-27,sz001338,13.06,13.06,13.13,12.98,24439,31719176.23,1.15,-0.23,-0.03,1.04,4.388083431383649,-0.0929146419794078,13.128,13.106000000000002,13.144254225544149,4.589528595552601,4.5171899343561694,4.555555809896317,13.327000000000002,13.17909090909091,13.297707632034683,4.704535572669931,4.664949513323253,4.60369303563899,13.645499999999998,13.456333333333333,13.529992623408164,4.547421737670788,4.6052526683901585,4.575745978685741,13.631,13.56602150537634,13.74595417998727,4.518780615601914,4.566116014308005,4.549077333417972,14.381499999999999,13.919202185792349,14.443922153768197,4.46291263212957,4.494374757989359,4.548913931450341,7.501321899849509
2023-11-28,sz001338,13.01,13.06,13.1,12.96,31355,40721311.83,1.07,0.0,0.0,1.33,4.496306805111368,0.10822337372771962,13.097999999999999,13.083333333333334,13.116169483696101,4.518195199818505,4.486116004209093,4.5358061416346676,13.222,13.130545454545455,13.25448806257383,4.718245334004638,4.627089737403515,4.584168266452149,13.600999999999999,13.400571428571427,13.485231421178815,4.548635110685258,4.6003845795749765,4.56818034310723,13.610999999999999,13.529182795698922,13.701699071600995,4.521316846514789,4.564666091050551,4.545672783204642,14.345,13.875874316939889,14.398547656923338,4.460586317460071,4.495469648906794,4.547189107635948,7.609821760275494
2023-11-29,sz001338,13.0,12.86,13.04,12.86,30173,38795830.0,1.38,-1.53,-0.2,1.28,4.4796184927627545,-0.0166883123486139,13.046000000000001,13.004,13.030779655797403,4.48685944106843,4.4732571018571745,4.51707692534403,13.096,13.064727272727273,13.182762960287679,4.724209957153514,4.583703038995899,4.565159216690441,13.5445,13.329999999999998,13.425685571542738,4.543638859051897,4.593811568344263,4.55974588116966,13.588333333333335,13.480731182795699,13.647395905691255,4.525576298157632,4.561975874679452,4.54141121607936,14.298,13.827185792349727,14.348103471450441,4.45907032630248,4.496093654654423,4.544973677640105,7.588785047622175
2023-11-30,sz001338,12.86,12.76,12.91,12.66,38305,48600676.0,1.94,-0.78,-0.1,1.62,4.583255466675694,0.10363697391293947,12.966,12.908666666666667,12.940519770531601,4.485652453859304,4.5053891103929296,4.539136439121252,13.062000000000001,13.003636363636364,13.1058969675081,4.646604140194399,4.558074949818114,4.568449443960487,13.493,13.255285714285712,13.362286945681525,4.553438371596473,4.597584578594147,4.561984889313092,13.568333333333333,13.427290322580646,13.59014455693698,4.530792432553732,4.565697111358037,4.544110845150091,14.249333333333334,13.77675956284153,14.296034505173377,4.460390883020242,4.500165298601085,4.546228818264222,7.686642310024186
2023-12-01,sz001338,12.73,12.65,12.78,12.55,42127,52982113.0,1.8,-0.86,-0.11,1.79,4.624560532712514,0.04130506603681994,12.878,12.803333333333333,12.843679847021068,4.514364945729196,4.551691803343999,4.567611136985006,13.018,12.928727272727274,13.023006609779355,4.609357834200921,4.554067021185045,4.578651460097219,13.4255,13.175,13.294450093711855,4.564909692858207,4.604358117748056,4.567944474398751,13.545333333333332,13.36804301075269,13.52949006939266,4.53748381391197,4.571746666206988,4.549301147573473,14.197666666666667,13.724322404371586,14.242066160741462,4.462478065154923,4.505547910066406,4.548797071196953,7.724129274571653
2023-12-04,sz001338,12.63,12.53,12.66,12.5,31065,38785150.04,1.26,-0.95,-0.12,1.32,4.492271357949134,-0.13228917476337987,12.772,12.687333333333333,12.739119898014046,4.535202531042293,4.544327274083979,4.542497877306382,12.95,12.839999999999998,12.933369044364927,4.562365563297447,4.532778570957446,4.562945986979385,13.3465,13.089714285714285,13.221645322882155,4.571703800178451,4.5974401810900485,4.560737510927359,13.524666666666667,13.302537634408603,13.465006839109263,4.54004427639674,4.5688297335642245,4.545621806307387,14.141833333333333,13.669644808743168,14.18593284399584,4.460634876223269,4.5065247393383485,4.546943769123254,7.588665475847705
2023-12-05,sz001338,12.51,12.53,13.16,12.47,115144,145741696.23,5.51,0.0,0.0,4.88,5.061241312384646,0.568969954435512,12.666,12.606666666666666,12.669413265342698,4.648189432496949,4.71967353453143,4.715412355665803,12.882,12.763636363636362,12.860029218116757,4.583192316157727,4.623483252609665,4.653545137053069,13.2715,13.011952380952382,13.155774339750522,4.607655591833867,4.644062801300163,4.608404539637577,13.496666666666666,13.238365591397846,13.404683817231247,4.560616452176175,4.6024553487892526,4.578887580893016,14.083666666666666,13.61679781420765,14.131639963864828,4.467634136812223,4.52621675363872,4.563805983656414,8.163583819800014
2023-12-06,sz001338,12.36,12.68,12.78,12.18,71881,90327043.0,4.79,1.2,0.15,3.05,4.856614110332609,-0.20462720205203677,12.629999999999999,12.611333333333334,12.672942176895132,4.723588556010919,4.789148427143317,4.7624796072214055,12.838,12.72690909090909,12.827296633004618,4.605223998539675,4.673196306096007,4.690466768558439,13.209,12.955619047619049,13.11046249786952,4.633083716697078,4.667773136395281,4.632043546370436,13.461,13.185677419354839,13.357930022571168,4.5669355287530875,4.621551971896118,4.596805421502022,14.032166666666665,13.570775956284153,14.084045210951228,4.473972300027429,4.538970195393488,4.573406250104814,7.95581779314172
2023-12-07,sz001338,12.64,12.53,12.66,12.42,45239,56412352.0,1.89,-1.18,-0.15,1.92,4.655512996357709,-0.20110111397490016,12.584,12.578,12.625294784596756,4.738040061947323,4.766456573925581,4.72682407026684,12.775,12.67090909090909,12.77324269973105,4.611846257903314,4.68233976024474,4.6841115372492155,13.1405,12.890952380952381,13.05518035521528,4.6529227146543235,4.669909258267722,4.63427873208351,13.419,13.125612903225806,13.304515182405288,4.573584900901835,4.62726664722545,4.600593006976584,13.976666666666665,13.521524590163931,14.033092908952826,4.477484023213843,4.54492234937153,4.5760982745721215,7.751374207141229
2023-12-08,sz001338,12.53,12.31,12.58,12.29,50042,61974054.0,2.31,-1.76,-0.22,2.12,4.699334658567473,0.0438216622097638,12.516,12.486666666666668,12.520196523064506,4.752994887118314,4.753554772798964,4.717660933033718,12.697,12.586363636363636,12.689016754325404,4.633679916423755,4.698246742183678,4.686879377488898,13.062999999999999,12.811857142857145,12.984210797575727,4.674151544865096,4.674329443402308,4.640474534605793,13.361,13.054064516129033,13.240352912572689,4.576911233830893,4.635379534816781,4.606963436111481,13.922666666666666,13.466879781420765,13.976598059478961,4.48169317386828,4.5521961406945985,4.580138811752296,7.792209906222989
2023-12-11,sz001338,12.21,12.28,12.3,12.06,44657,54240242.73,1.95,-0.24,-0.03,1.89,4.649889544368922,-0.04944511419855058,12.466,12.408,12.440131015376338,4.784518524402272,4.719186325215833,4.695070470145453,12.619,12.510545454545452,12.614650071720785,4.659860527722282,4.701193947264618,4.680153953285266,12.973000000000003,12.737285714285711,12.917143102568515,4.682198050196107,4.672018776688387,4.641371202202281,13.303333333333333,12.98432258064516,13.178394660148646,4.58490133435462,4.640087812916009,4.609732862450671,13.867833333333332,13.413021857923496,13.920971893594405,4.488195315161118,4.557710775792981,4.582425721018415,7.734321624370506
2023-12-12,sz001338,12.27,12.24,12.3,12.18,34518,42006377.55,0.98,-0.33,-0.04,1.46,4.5380456244091425,-0.11184391995977983,12.408,12.332666666666666,12.37342067691756,4.679879386807171,4.63702869188479,4.642728854900016,12.537,12.441636363636363,12.54653187686246,4.66403440965206,4.679045783025865,4.654316075307789,12.879499999999998,12.66747619047619,12.852653283276275,4.69113987182835,4.658289974232485,4.631530670983887,13.246333333333332,12.915720430107529,13.117853069171314,4.587101543674192,4.637064863887267,4.605107879351218,13.809166666666666,13.359650273224041,13.865858061017539,4.491133000910772,4.559345212161769,4.580970635883685,7.623315231457595
2023-12-13,sz001338,12.2,12.01,12.26,12.0,42801,51649673.2,2.12,-1.88,-0.23,1.81,4.631453915961967,0.09340829155282471,12.274000000000001,12.2,12.252280451278374,4.634847347933043,4.6208868682697215,4.638970541920667,12.452,12.345818181818181,12.44898062652383,4.679217951971981,4.673122056900394,4.650159319063094,12.774,12.584666666666665,12.772400589630916,4.701713954562747,4.652605597483305,4.6315233609818,13.180333333333332,12.835956989247311,13.046378677611877,4.588831890025258,4.639926307260674,4.6068076236486855,13.748666666666667,13.300661202185792,13.805010255738274,4.49788443491253,4.563945897901152,4.582625825394448,7.713067577977891
2023-12-14,sz001338,12.05,12.03,12.19,12.0,32612,39211107.74,1.58,0.17,0.02,1.38,4.513377433651993,-0.11807648230997447,12.174,12.118666666666666,12.178186967518917,4.6064202353919,4.580396896842705,4.597106172497776,12.379,12.269090909090908,12.372802330792224,4.672230148669611,4.642969235387668,4.625289885351984,12.7205,12.513809523809524,12.70169577157083,4.659417144432005,4.634668785967996,4.62027136790277,13.121666666666668,12.761741935483872,12.980805859701434,4.593035630620852,4.635058277817237,4.600779869455351,13.691166666666666,13.244311475409834,13.746813198173085,4.50003214716197,4.564453865072937,4.5803553863209245,7.5934091115828855
2023-12-15,sz001338,12.07,11.93,12.12,11.9,38220,45610889.12,1.83,-0.83,-0.1,1.62,4.582290682718994,0.06891324906700103,12.097999999999999,12.037333333333333,12.095457978345946,4.5830114402222035,4.572353712618404,4.592167675904849,12.307,12.187454545454544,12.292292816102727,4.668003163670259,4.626616605214829,4.617471848509622,12.6625,12.43852380952381,12.628200936183132,4.6386804989355905,4.627323408661996,4.616654159790029,13.052666666666665,12.684860215053762,12.913011933269084,4.599274183128892,4.634365055371956,4.599587018698166,13.635666666666667,13.18656830601093,13.687245552331344,4.503192042652957,4.567150866238741,4.580418838661845,7.659068538282291
2023-12-18,sz001338,11.9,11.8,11.94,11.76,29064,34212357.25,1.51,-1.09,-0.13,1.23,4.463355384854658,-0.11893529786433543,12.001999999999999,11.937999999999999,11.996971985563965,4.545704608319351,4.532468360829222,4.549230245554786,12.234,12.095272727272727,12.202785031356775,4.665111566360812,4.589407918157447,4.589450673299628,12.591999999999999,12.356380952380952,12.549324656546643,4.613738564829129,4.610625778749525,4.602054276462851,12.975666666666665,12.604043010752688,12.841204711767855,4.602839722239238,4.625596100644585,4.590797881030843,13.578833333333334,13.126382513661202,13.625368648976218,4.505224386758838,4.565844746310929,4.57658069263538,7.534182998341699
2023-12-19,sz001338,11.8,11.81,11.91,11.75,27076,31829169.42,1.36,0.08,0.01,1.15,4.432584505425221,-0.030770879429437237,11.916,11.874,11.934647990375979,4.524612384522567,4.494761659864512,4.510348332178265,12.162,12.018181818181818,12.131369571110088,4.602245885664869,4.547130270714613,4.560929551867917,12.522,12.28190476190476,12.478912784494582,4.592719100911298,4.593373011187249,4.585914298268791,12.901666666666667,12.528838709677421,12.774675375524767,4.6058523564442,4.614611893108197,4.580590566475642,13.519333333333334,13.068387978142074,13.565848365403227,4.5059696263091364,4.563463110857367,4.571859506169473,7.502825305884051
2023-12-20,sz001338,11.84,11.64,11.84,11.63,30909,36075957.52,1.78,-1.44,-0.17,1.31,4.49008495454544,0.057500449120219344,11.841999999999999,11.782000000000002,11.836431993583986,4.496338592239261,4.483252516538802,4.503593872967324,12.058,11.923272727272726,12.042029649090072,4.565592970086152,4.5267373741474435,4.548048715991103,12.448,12.197904761904761,12.399016328828433,4.585408484312913,4.583598330580976,4.576787694104663,12.825333333333333,12.447440860215051,12.701470512587687,4.610586801160104,4.607143028469568,4.57475149473821,13.461666666666668,13.006770491803278,13.502705796045744,4.5084139040640245,4.562942301947083,4.569178373329341,7.557217866865563
2023-12-21,sz001338,11.59,11.91,11.93,11.55,52155,61069202.0,3.26,2.32,0.27,2.21,4.71729594973894,0.22721099519349952,11.818000000000001,11.804666666666666,11.860954662389325,4.53712229545665,4.556904969038696,4.574827898557863,11.996,11.896363636363638,12.018024258346422,4.571771265424275,4.554319734084315,4.5788209403088915,12.3855,12.146666666666665,12.352443345130485,4.591808761663794,4.596159041573931,4.5901694327364995,12.758999999999999,12.388387096774196,12.650407898872352,4.625872231577641,4.614027489668203,4.58394791118987,13.411,12.955896174863385,13.450485933880309,4.515032026217037,4.5697908936085545,4.574034687309983,7.785822245044812
2023-12-22,sz001338,11.86,11.72,11.94,11.7,45478,53332551.85,2.02,-1.6,-0.19,1.93,4.6578013573335815,-0.05949459240535848,11.776,11.772,11.813969774926218,4.552224430379568,4.597131322997672,4.602485718149769,11.937000000000001,11.846181818181817,11.963838029556163,4.567617935300886,4.5699615689769155,4.593181016131562,12.317,12.083285714285713,12.292210645594249,4.600648925862321,4.60244405068534,4.596610568412412,12.687666666666669,12.32135483870968,12.590381582816072,4.638640341677027,4.61608743326536,4.5887126496507555,13.361833333333333,12.900453551912568,13.393748690146527,4.519286154166709,4.574471855284507,4.576781135507479,7.726992364254026
2023-12-25,sz001338,11.68,11.62,11.71,11.55,27368,31588412.0,1.37,-0.85,-0.1,1.16,4.437243061177006,-0.2205582961565753,11.74,11.72,11.749313183284146,4.5470019656440375,4.558804199930152,4.547404832492181,11.871,11.788545454545453,11.901322024182315,4.546353286981694,4.546257046408937,4.564828660685279,12.245000000000001,12.016904761904764,12.228190584109083,4.603106907351989,4.586881587381977,4.5814327105804695,12.605666666666666,12.252473118279571,12.527776319408584,4.63691646245797,4.603094060329875,4.5789404181363205,13.305166666666668,12.843344262295082,13.335592995387625,4.519650081428822,4.571781917809434,4.572206116676971,7.49952779377561
2023-12-26,sz001338,11.7,11.56,11.7,11.46,24451,28080023.54,2.07,-0.52,-0.06,1.04,4.388296625651903,-0.04894643552510303,11.69,11.66,11.6862087888561,4.538144389689374,4.505902419932775,4.494368763545422,11.803,11.732,11.839263474330984,4.5313783871059705,4.517519471621703,4.532731927042847,12.17,11.951666666666664,12.164553385622503,4.597706398379015,4.566423465315301,4.56303879773013,12.520666666666665,12.185010752688171,12.465339137511258,4.637886043587556,4.587054070858515,4.566640818621197,13.25,12.786125683060106,13.277376831604423,4.521677442476801,4.5674752471282245,4.5661762972991,7.448397467534969
2023-12-27,sz001338,11.54,11.71,11.73,11.49,27168,31403662.22,2.08,1.3,0.15,1.15,4.434057668563859,0.045761042911955485,11.704,11.666666666666668,11.694139192570734,4.526938932493058,4.471206846224268,4.474265065218234,11.773,11.71509090909091,11.815761024452623,4.511638762366159,4.4998247955231365,4.51479115277394,12.1125,11.907857142857143,12.121262586991786,4.59542835716907,4.550837871999573,4.550754880666675,12.440333333333335,12.132709677419353,12.416607580252467,4.6383555571638855,4.573903853115051,4.558087067004595,13.2005,12.735633879781421,13.225987427289525,4.525309851997611,4.56460246765567,4.561844538979911,7.496980297410629
2023-12-28,sz001338,11.76,12.09,12.17,11.68,74380,88924804.51,4.18,3.25,0.38,3.15,4.871456174022954,0.437398505459095,11.74,11.795333333333334,11.826092795047156,4.557770977349861,4.586045926734233,4.606662101486474,11.779,11.772727272727273,11.865622656370327,4.547446636403256,4.565246143097099,4.5796393384555785,12.078999999999999,11.905714285714286,12.118285197754473,4.6098383925364335,4.577126235509466,4.581297860986321,12.406666666666666,12.11010752688172,12.395536123461985,4.622093641755756,4.588942602589829,4.578304428747716,13.155666666666667,12.699224043715848,13.188741937870196,4.534824921418113,4.575951527394205,4.571995740128863,7.949022919117064
2023-12-29,sz001338,12.12,12.12,12.29,12.02,78366,94607193.85,2.23,0.25,0.03,3.32,4.894127679838461,0.022671505815507587,11.82,11.921999999999999,11.92406186336477,4.605036241850836,4.698164827563768,4.702483960937137,11.797999999999998,11.834727272727275,11.911873082484812,4.578630336115202,4.628279060085319,4.63681903688883,12.052499999999998,11.909619047619048,12.118448512254048,4.623316749892731,4.604201405728706,4.611091177067477,12.374333333333334,12.091612903225807,12.377759599367664,4.618663777995462,4.6064931856919396,4.598680122366473,13.112,12.665267759562843,13.153701218595764,4.544995943607529,4.587731945703069,4.582557443070161,7.975924161037871
2024-01-02,sz001338,12.19,11.98,12.19,11.94,45265,54089108.0,2.06,-1.16,-0.14,1.92,4.655762524706514,-0.23836515513194723,11.892000000000001,11.975333333333333,11.942707908909847,4.648740134556737,4.7150735885156605,4.686910148860263,11.815999999999999,11.867818181818182,11.9242597947603,4.597871050100387,4.642303094374648,4.640263307401136,12.025,11.902714285714287,12.105262939658425,4.6314913082306,4.6072914795204944,4.615345591128338,12.333333333333334,12.06617204301075,12.352097689731043,4.608449393252882,4.608886653221685,4.602362858001315,13.071,12.628153005464481,13.11521921142869,4.54898907989502,4.5913636368866415,4.584957609681189,7.733109819418176
2024-01-03,sz001338,11.97,12.03,12.09,11.94,37683,45113421.42,1.25,0.42,0.05,1.6,4.576145470330555,-0.07961705437595867,11.986,12.021333333333333,11.971805272606566,4.686309903492468,4.690875367106932,4.649988589350361,11.838,11.906727272727272,11.943485286622062,4.6122271465909215,4.638352988961952,4.628605518842848,12.0,11.903190476190476,12.098095040643338,4.6072365161278945,4.602020447339539,4.611612246290454,12.294,12.046602150537634,12.331317193619363,4.599221782804506,4.606802529162181,4.600671413635459,13.033333333333333,12.594021857923495,13.07963825367693,4.551691446817244,4.592254010343545,4.584668687079529,7.654305765414693
2024-01-04,sz001338,12.03,11.92,12.03,11.86,30345,35982807.28,1.41,-0.91,-0.11,1.29,4.482087141826486,-0.0940583285040697,12.028,11.999333333333333,11.954536848404379,4.695915798144994,4.622801113218271,4.594021440175736,11.866,11.921636363636365,11.93921523450896,4.611427365319026,4.614691169913872,4.601965813930782,11.962,11.89557142857143,12.081133608201116,4.588510167702589,4.590101459310833,4.59927652205579,12.254,12.022473118279569,12.30478060048263,4.5940814446482845,4.599245455550695,4.593020815454236,12.992833333333333,12.557519125683061,13.041617327326867,4.5539354473035525,4.589971901983192,4.58130535772697,7.5560950427964455
2024-01-05,sz001338,12.03,11.76,12.03,11.74,46137,54389685.0,2.43,-1.34,-0.16,1.96,4.6640493516544295,0.18196220982794387,11.962,11.909999999999998,11.889691232269588,4.654434433671289,4.612178964388082,4.617364077335301,11.851,11.902363636363637,11.906630646416422,4.606102705510575,4.624258803793036,4.613253729880536,11.9235,11.876333333333331,12.050549455039103,4.588936985467425,4.597295667306246,4.605445362969946,12.207333333333333,11.990602150537637,12.26963346496762,4.596573409612721,4.60375951406722,4.597603301660699,12.947833333333334,12.517098360655735,12.99959708708664,4.561153185302567,4.593582193929123,4.584018275560657,7.73551654358888
2024-01-08,sz001338,11.84,11.56,11.84,11.56,31527,36580371.0,2.38,-1.7,-0.2,1.34,4.498682646757017,-0.16536670489741212,11.85,11.776000000000002,11.779794154846392,4.575345427055001,4.560261702083325,4.577803600475873,11.834999999999999,11.849454545454545,11.843606892522526,4.590190834452919,4.604727884019662,4.592422623858078,11.886,11.841714285714284,12.003830459321094,4.578904384876902,4.588700016000494,4.595277485235382,12.156333333333333,11.948838709677421,12.223850660776161,4.597162895392519,4.5974439809797545,4.591221323924978,12.906666666666668,12.4715956284153,12.952397182591994,4.559376145312831,4.59153397955058,4.581220386091685,7.563248105799658
2024-01-09,sz001338,11.56,11.49,11.69,11.44,36127,41474926.51,2.16,-0.61,-0.07,1.53,4.557831899084209,0.059149252327191704,11.751999999999999,11.656000000000002,11.68319610323093,4.555759301930539,4.554423859426395,4.5711463666786525,11.822,11.786727272727273,11.779314730245703,4.602249718243639,4.598844441225351,4.58613340117192,11.8465,11.804,11.954894225100038,4.574301502612666,4.586693112591665,4.591711238935271,12.104000000000001,11.90584946236559,12.17650545685512,4.602821177649205,4.594906497346962,4.5890671674836385,12.8675,12.425147540983607,12.904449733982421,4.56080089662556,4.591483348526691,4.580453550452096,7.617785625164638
2024-01-10,sz001338,11.51,11.59,11.69,11.28,48238,55416023.51,3.57,0.87,0.1,2.04,4.6833892931833,0.12555739409909084,11.664,11.602000000000002,11.652130735487287,4.577208066501088,4.596967189843982,4.6085606755135355,11.825,11.744545454545456,11.744893870201029,4.631758984996778,4.61359709121438,4.603816290628534,11.814,11.779571428571428,11.920142394138129,4.581568686051375,4.597082425979345,4.600442482196988,12.055,11.872688172043013,12.138666395122533,4.609057260584936,4.600104440284645,4.5951524659158745,12.833,12.383262295081968,12.861353021392834,4.565187053549862,4.595502640217108,4.583828492836725,7.743635358876312
2024-01-11,sz001338,11.5,11.69,11.74,11.46,34756,40194512.0,2.42,0.86,0.1,1.47,4.541029788550853,-0.14235950463244684,11.618,11.610666666666667,11.664753823658192,4.588996595845962,4.584907763860571,4.586050379859309,11.823,11.72,11.734913166528113,4.642456196995478,4.597100873678757,4.592400562978046,11.798,11.767761904761905,11.898224070886878,4.577047479680819,4.593221578598342,4.594784130421165,12.015999999999998,11.849139784946235,12.10972017608237,4.611104303777873,4.595715571121156,4.591660680279421,12.802166666666666,12.3457868852459,12.822948004297986,4.568340300967752,4.594710598741732,4.582425256630631,7.604166760278006
2024-01-12,sz001338,11.68,11.79,11.93,11.64,43794,51457752.0,2.48,0.86,0.1,1.86,4.641414614034124,0.1003848254832711,11.624,11.668,11.706502549105462,4.5844696483219005,4.602380436589957,4.604505124584247,11.793,11.714,11.74492895443209,4.6194520409965945,4.596911494958512,4.601312208624606,11.786,11.767000000000001,11.887917016516699,4.583449338699925,4.599351781870086,4.599225128860495,11.983666666666666,11.834559139784947,12.089093067948022,4.613042942023155,4.5976710750086545,4.5948706114894025,12.776,12.312601092896175,12.789080856616085,4.571917687288443,4.597106477858661,4.584359333922549,7.711450809559513
2024-01-15,sz001338,11.69,11.75,11.85,11.66,28450,33261790.0,1.61,-0.34,-0.04,1.21,4.45408227073109,-0.1873323433030345,11.662,11.71,11.721001699403642,4.5755495731167155,4.558917977393021,4.554364173299862,11.756,11.706181818181818,11.745850962717165,4.575447500085858,4.566844264001147,4.574543129007602,11.777,11.763571428571428,11.874782062562728,4.57703891810053,4.587031108730197,4.585401999514838,11.953666666666667,11.81948387096774,12.067216095822344,4.60736033329044,4.587415547828523,4.585787492730802,12.749500000000001,12.27896174863388,12.755012631808999,4.572422073601204,4.593243021578092,4.580087954801518,7.521945617288927
2024-01-16,sz001338,11.71,11.82,11.84,11.49,40373,46964807.38,2.98,0.6,0.07,1.71,4.60609102176696,0.1520087510358703,11.728,11.762666666666666,11.754001132935763,4.5852013976532655,4.569098460276436,4.571606456122229,11.74,11.717818181818183,11.759332605859498,4.570480349791902,4.572415813397711,4.580279109509303,11.778,11.767666666666669,11.86956472327104,4.584175699946146,4.589797975746047,4.5873723825864685,11.93,11.810860215053763,12.051266670285418,4.611154322084366,4.587333656762492,4.587097397829909,12.727333333333332,12.248486338797814,12.724356479946408,4.575599299240553,4.594346921517953,4.580940514374155,7.671772545474371
2024-01-17,sz001338,11.81,12.62,13.0,11.61,411386,525210127.23,11.76,6.77,0.8,17.43,5.614249508004785,1.008158486237825,11.934000000000001,12.059999999999999,12.042667421957177,4.7713734406175625,4.9121144970602755,4.919154140083082,11.799,11.877818181818181,11.915817586612317,4.674290753559325,4.762192023981872,4.768273727417572,11.8185,11.847857142857144,11.94103474962618,4.643258950075124,4.687900243180204,4.68517020405488,11.933,11.855376344086022,12.087959143170231,4.629587928605038,4.65204947520897,4.653365275905708,12.714833333333335,12.244967213114755,12.720934956013739,4.595102190390606,4.6284010267233375,4.61481949777188,8.720333091670492
2024-01-18,sz001338,12.31,12.12,12.32,11.62,318367,378668345.59,5.55,-3.96,-0.5,13.49,5.502928045056063,-0.11132146294872225,12.02,12.121999999999998,12.068444947971452,4.963753091918604,5.155966031873109,5.113745441740742,11.818999999999999,11.936181818181819,11.952941661773712,4.776374843882283,4.91285334970855,4.9018472397154795,11.8425,11.876571428571431,11.958079059185591,4.693901104600655,4.769773490321246,4.76305190319785,11.914333333333333,11.867440860215053,12.090026295223764,4.651131726429154,4.708393998850972,4.708175777141215,12.687666666666667,12.225464480874319,12.701232170570664,4.60903362759112,4.658165808843517,4.643937810797591,8.578259002215697
2024-01-19,sz001338,11.94,11.2,11.96,11.18,221860,254015223.36,6.44,-7.59,-0.92,9.4,5.346079008652942,-0.15684903640312076,11.902000000000001,11.848666666666666,11.778963298647636,5.104685970842368,5.283408004117888,5.19118996404481,11.763,11.823636363636362,11.816043177814855,4.844577809582134,5.016435925121399,4.982616652249563,11.806999999999999,11.815380952380954,11.885881053548868,4.725340257546355,4.831885671659559,4.818578294193573,11.87,11.821354838709675,12.032605243919006,4.6741505935056615,4.753229307381538,4.74933082433552,12.644499999999999,12.176688524590165,12.652011443666709,4.623867747203748,4.6823312311734115,4.666958833678094,8.404859745057442
2024-01-22,sz001338,10.87,10.38,11.17,10.36,159203,170916267.02,7.23,-7.32,-0.82,6.75,5.201951247265783,-0.14412776138715877,11.628,11.341333333333333,11.312642199098423,5.254259766149306,5.315829762925693,5.194777058451801,11.645,11.572181818181818,11.554944418212154,4.91490466963301,5.081412913791153,5.022495669525239,11.74,11.67947619047619,11.742463810353739,4.752547752042965,4.87727719448998,4.855090004009974,11.805666666666665,11.72522580645161,11.925985550762942,4.690904479795605,4.787280962462837,4.778532141943924,12.583333333333334,12.102442622950818,12.577519265185833,4.6339078568132495,4.701284788552495,4.684499568549821,8.232783398828524
2024-01-23,sz001338,10.38,10.76,11.22,10.21,142508,151866759.82,9.73,3.66,0.38,6.04,5.153839245104761,-0.04811200216102218,11.416,11.051999999999998,11.128428132732283,5.3638094108168675,5.2823562559108455,5.181131120669455,11.572,11.411272727272728,11.410409069446308,4.974505404235066,5.124855563876925,5.046376319630607,11.697,11.586142857142859,11.648895828415286,4.788377561239352,4.915495431924437,4.883542312685668,11.754999999999999,11.657763440860217,11.85076067652017,4.707702803153467,4.81714772151504,4.802745503438172,12.529166666666667,12.042661202185792,12.51792846960597,4.646302068754043,4.718331719316152,4.699887754666377,8.181462727078749
2024-01-24,sz001338,10.83,10.98,11.14,10.49,124306,134106741.11,6.04,2.04,0.22,5.27,5.094492091666607,-0.059347153438153555,11.088,10.906666666666666,11.07895208848819,5.259857927549231,5.192583816194091,5.152251444335173,11.511,11.303636363636365,11.332152875001524,5.015615684083397,5.146671325228114,5.055124641818971,11.668,11.51785714285714,11.585191463804307,4.823687334540088,4.944649196727033,4.90363276782671,11.713,11.607763440860214,11.79458256835758,4.726251018728715,4.84210186916105,4.8215678639690385,12.479666666666667,11.991868852459017,12.467504585356593,4.656676281201453,4.733026474165745,4.712825601781138,8.127450608972348
2024-01-25,sz001338,10.9,11.17,11.18,10.77,97144,106323268.96,3.73,1.73,0.19,4.12,4.987415982008771,-0.10707610965783676,10.898,10.934000000000001,11.109301392325461,5.156755514939773,5.101769834347271,5.097306290226372,11.459,11.241636363636363,11.302670534092156,5.060254303429188,5.141544106669092,5.042813976398934,11.641,11.470428571428572,11.545649419632468,4.851355250212333,4.96024240124786,4.911612121558335,11.685,11.5727311827957,11.754286918786123,4.738116420930276,4.85895122163073,4.832267742552247,12.432666666666666,11.948928961748635,12.424963451410475,4.663474155477767,4.743870398782377,4.72182856506729,8.0266283207325
2024-01-26,sz001338,11.07,11.09,11.33,11.07,75111,83528598.21,2.33,-0.72,-0.08,3.18,4.875703544054377,-0.11171243795439345,10.876000000000001,10.998000000000001,11.10286759488364,5.06268042202006,5.0080858440521405,5.023438708169041,11.389,11.174545454545456,11.264003164257218,5.083683196431214,5.107989423146398,5.012430261427196,11.591000000000001,11.41795238095238,11.502254236810328,4.851567618713904,4.962561286375673,4.908192257034148,11.653666666666664,11.534344086021504,11.711429698219277,4.750193957943688,4.867827810219382,4.835070052326579,12.387666666666666,11.904907103825137,12.381194157921605,4.671614794282271,4.750828739391446,4.726873646345555,7.921835193069091
2024-01-29,sz001338,11.16,10.88,11.35,10.82,80515,88651318.64,4.78,-1.89,-0.21,3.41,4.905876797266883,0.030173253212505635,10.976,10.999333333333334,11.028578396589095,5.0034655320202805,4.955817969134415,4.984251404534989,11.302000000000001,11.081999999999999,11.194184407119542,5.128862649084793,5.075660986934703,4.993056904307139,11.529,11.350238095238094,11.442991928542678,4.852155074585325,4.967733589095005,4.907971737056314,11.618666666666666,11.48443010752688,11.657789072527711,4.760980161761951,4.877871864369266,4.839638229419501,12.335666666666667,11.855475409836066,12.33197467733401,4.680127172445421,4.758509460800779,4.732742602113467,7.947685199878465
2024-01-30,sz001338,10.76,10.47,10.85,10.45,63200,66936103.83,3.68,-3.77,-0.41,2.68,4.800717078282385,-0.10515971898449816,10.918000000000001,10.830666666666668,10.842385597726064,4.932841098655804,4.888235151221782,4.923073295784121,11.167,10.930727272727273,11.06251451491599,5.148325254736336,5.015998155879719,4.958086026848092,11.4535,11.249380952380953,11.350326030586233,4.859402802264119,4.962834732304248,4.897757007649273,11.574333333333334,11.410322580645163,11.581157519461408,4.772225551542875,4.880435536402842,4.837127187410655,12.275,11.794306010928961,12.270926327257484,4.6875326368910555,4.762463228205268,4.734971273463268,7.825660429647447
2024-01-31,sz001338,10.45,9.98,10.61,9.94,71712,72938635.2,6.4,-4.68,-0.49,3.04,4.855591834854967,0.05487475657258223,10.718,10.518,10.554923731817377,4.885061047293476,4.862485396621503,4.900579475474403,10.903,10.714909090909092,10.865693694022172,5.072459487421353,4.96277389771947,4.939450719212978,11.350999999999999,11.109047619047617,11.21981878957802,4.87337512049034,4.962471783027187,4.893741276906958,11.513333333333334,11.307462365591398,11.477857034334868,4.786325795857199,4.885814006293945,4.838318454987708,12.207500000000001,11.719060109289618,12.195813988658879,4.6960890761507,4.767973365843429,4.738926045967914,7.862957632700627
2024-02-01,sz001338,9.88,9.96,10.21,9.67,62479,61811780.38,5.41,-0.2,-0.02,2.65,4.795734069877608,-0.05985776497735884,10.476,10.265333333333334,10.356615821211586,4.846724664867244,4.8327097374828805,4.865631006942139,10.687000000000001,10.543454545454546,10.701022113290866,5.0017400899035085,4.912460185438788,4.913320419333819,11.253,10.976571428571429,11.099836047713447,4.889057466892895,4.955077397254544,4.884407257189878,11.457333333333334,11.207247311827956,11.379930774055198,4.796514099701605,4.886420991714616,4.835571075303186,12.141333333333332,11.645371584699452,12.122508611981537,4.703550450430854,4.771240414818083,4.740788604128888,7.791071252863369
2024-02-02,sz001338,9.95,9.49,10.2,9.17,81104,78205376.0,10.34,-4.72,-0.47,3.44,4.909042273879327,0.1133082040017186,10.156,9.936666666666667,10.067743880807726,4.8533924108322335,4.853482273820242,4.880101429254536,10.516,10.325818181818182,10.480836274510708,4.958036416426147,4.895606037070756,4.912542574705729,11.139500000000002,10.808666666666669,10.946518328883595,4.90130711300414,4.956980712205633,4.88675344925554,11.376666666666667,11.08032258064516,11.257999756374218,4.802905643839619,4.893680873919631,4.840311152630679,12.067833333333333,11.55844262295082,12.036196854211651,4.714388937708629,4.77797785165246,4.746305117891197,7.893236608390852
2024-02-05,sz001338,9.4,8.66,9.41,8.55,100385,87912261.5,9.06,-8.75,-0.83,4.25,5.001668823327807,0.09262654944848059,9.712,9.437999999999999,9.598495920538484,4.872550816044418,4.902907744652099,4.920623893945626,10.344,9.988363636363637,10.149775133690579,4.938008174032349,4.903539201961967,4.928747347182471,10.9945,10.57252380952381,10.728754678513729,4.92645642183268,4.966538970331697,4.897697770595756,11.274666666666665,10.905053763440861,11.090386868866204,4.814367892706093,4.906504304854352,4.850721324933719,11.981166666666667,11.446710382513661,11.92550187538504,4.726504117191559,4.787396864295711,4.754677698397315,7.944049452211601
2024-02-06,sz001338,8.46,8.92,9.12,8.17,93170,79716402.68,10.97,3.0,0.26,3.95,4.969276095488932,-0.032392727838875146,9.402000000000001,9.174000000000001,9.372330613692323,4.906262619485728,4.935149504466938,4.936841294460061,10.16,9.729454545454546,9.926179654837744,4.919551859070767,4.909224278590436,4.936116210510918,10.866,10.37495238095238,10.556492328179088,4.947028631652916,4.970617034489436,4.904514753918916,11.184666666666667,10.753139784946239,10.950361909584515,4.832102327183156,4.916498382453245,4.85837001980825,11.895166666666666,11.34634426229508,11.826960830290448,4.734509394820563,4.7953566012890665,4.7617137114167125,7.901547692292931
2024-02-07,sz001338,9.02,9.11,9.33,8.79,100019,90672369.97,6.05,2.13,0.19,4.24,5.000082508113539,0.030806412624606594,9.228,9.076666666666664,9.284887075794883,4.935160754137442,4.966422800676208,4.95792169901122,9.973,9.538545454545455,9.777783353958153,4.910110900715459,4.9238662147800305,4.947746446438668,10.742,10.207714285714285,10.418731154066794,4.962863292399428,4.9756697846285425,4.913616444794594,11.103000000000002,10.619290322580646,10.83162888315971,4.8524951899318784,4.927335813481012,4.867512760989237,11.811833333333334,11.25502732240437,11.737880147330104,4.745190616759717,4.8040639164789996,4.769529081800215,7.957474967350554
2024-02-08,sz001338,9.19,9.71,9.75,9.12,97723,92467671.83,6.92,6.59,0.6,4.14,4.989996790919562,-0.010085717193976329,9.178,9.237333333333334,9.426591383863256,4.974013298345833,4.984701479603581,4.968613396314002,9.827000000000002,9.490727272727273,9.765459107783943,4.910368981606538,4.938390922089868,4.955428327253375,10.642999999999999,10.10942857142857,10.351232948917575,4.985311642517863,4.9782539273447455,4.920890763473163,11.036333333333333,10.529419354838709,10.75926572940747,4.871026494010402,4.936206884512474,4.875414956468613,11.738333333333335,11.18611475409836,11.671392273647148,4.754691025587143,4.812090348418669,4.776757531279538,7.965989923010931
2024-02-19,sz001338,9.83,9.77,9.86,9.61,85366,82553940.66,2.57,0.62,0.06,3.62,4.931284932134728,-0.05871185878483409,9.234,9.434666666666665,9.541060922575504,4.978461829996914,4.970458690866546,4.956170574920911,9.695,9.480363636363638,9.766284724550498,4.915927120414574,4.942193822185903,4.951038619049984,10.542,10.026285714285715,10.295877429973045,4.999805158422894,4.973108526355877,4.921880684298074,10.959000000000001,10.447720430107529,10.695442133961828,4.873020785947461,4.940094525681787,4.879019471027718,11.682833333333333,11.121579234972678,11.609051543363636,4.747557213851609,4.817880312567769,4.781824003438724,7.9167378088652685
2024-02-20,sz001338,9.72,9.71,9.74,9.56,51664,49466749.06,1.84,-0.61,-0.06,2.19,4.713188027673087,-0.21809690446164165,9.443999999999999,9.593333333333334,9.59737394838367,4.92076567086597,4.882034090091937,4.8751763925049705,9.578,9.483090909090908,9.756051138268589,4.896658243455194,4.905332168960178,4.907793056981458,10.440000000000001,9.947047619047618,10.24007957949942,5.0127604462699935,4.9458116567606565,4.902005193190932,10.878666666666668,10.367139784946238,10.631865222093325,4.866989464208615,4.929782734825376,4.868320668230646,11.626499999999998,11.056896174863388,11.54678755833532,4.742826621102038,4.816753454004539,4.779573643577556,7.694313369598148
2024-02-21,sz001338,9.66,10.0,10.28,9.58,111184,110995060.17,7.21,2.99,0.29,4.71,5.0460422943353755,0.3328542666622889,9.66,9.778666666666668,9.73158263225578,4.936118910635258,4.923792964581739,4.932131693115106,9.531,9.559818181818182,9.800405476765208,4.921190765060493,4.932492905483847,4.932929281954897,10.349,9.905142857142856,10.217214857642333,5.034758009898415,4.9489813565764065,4.915723012347546,10.812666666666667,10.310451612903227,10.591099723893755,4.879998789862911,4.941334530317424,4.879786579592242,11.573,11.003568306010928,11.49607321216039,4.744224091557896,4.826694951487599,4.788310320651583,8.04530365096099
2024-02-22,sz001338,9.91,10.04,10.1,9.87,77297,76830513.11,2.3,0.4,0.04,3.28,4.8881626386954435,-0.157879655639932,9.846,9.905333333333333,9.834388421503853,4.91373493675164,4.9078075406018,4.917475341641885,9.537,9.652363636363637,9.843968117353352,4.924447845444541,4.926487791599293,4.92478989227136,10.22,9.875714285714286,10.200337252152588,4.9984536664329475,4.935019892652314,4.91309821485687,10.746333333333334,10.260602150537634,10.555544902997385,4.89039936214174,4.941861230242102,4.880326970502127,11.520166666666666,10.953306010928962,11.448333106843656,4.744810572473123,4.83141424811506,4.791584167144824,7.885533733618881
2024-02-23,sz001338,10.05,10.32,10.32,9.94,74151,74768045.44,3.78,2.79,0.28,3.14,4.870117012297016,-0.018045626398427217,9.968,10.063333333333333,9.996258947669237,4.88975898102713,4.893268232450258,4.901689231860262,9.573,9.794727272727274,9.930519368743651,4.9318861396864815,4.916609458299742,4.914849368639661,10.129999999999999,9.885238095238096,10.211733704328532,4.966813114794995,4.922797354163178,4.909004766994027,10.693000000000001,10.233096774193546,10.540348457642715,4.903333691157425,4.940552691542445,4.879668263521152,11.4735,10.913956284153008,11.41133857875042,4.748707567902854,4.835522655978138,4.794159014526863,7.873716027621166
2024-02-26,sz001338,10.36,10.27,10.44,10.18,63896,65390536.77,2.52,-0.48,-0.05,2.71,4.805473671424415,-0.06464334087260148,10.068000000000001,10.163999999999998,10.087505965112825,4.864596728885067,4.865173129249354,4.869617378381647,9.651,9.921454545454546,9.992243119881168,4.921529279440991,4.893625373161185,4.894962878236889,10.0835,9.898571428571428,10.217282875344862,4.939782847933569,4.907431692889789,4.899144662654064,10.643333333333334,10.205806451612903,10.522906621665765,4.908047835149757,4.934239141882251,4.874881515643944,11.425333333333333,10.874497267759564,11.37391764174221,4.75231062238124,4.837383839700156,4.794529986884159,7.8155149023618815
2024-02-27,sz001338,10.26,10.43,10.43,10.16,55077,56612370.0,2.63,1.56,0.16,2.33,4.740970276557134,-0.0645033948672804,10.212,10.284666666666668,10.201670643408551,4.8701531786618775,4.8239643118067095,4.826735011106809,9.828,10.06309090909091,10.071835279902773,4.8954594247639225,4.860796463545939,4.866964223386025,10.086,9.931571428571429,10.237541649121543,4.916733799398136,4.888497162282509,4.884080435406737,10.605666666666668,10.192043010752686,10.516912646074427,4.916124089476428,4.923459944553694,4.86624208086415,11.381,10.841863387978142,11.342969522340827,4.756643492434474,4.837012025082973,4.792773930807862,7.7529113364139555
2024-02-28,sz001338,10.42,9.97,10.72,9.96,104240,107597303.37,7.29,-4.41,-0.46,4.42,5.0180344027045285,0.27706412614739406,10.206,10.204,10.124447095605703,4.864551600335707,4.87325805315426,4.890501474972716,9.933000000000002,10.088909090909091,10.053319774465905,4.900335255485483,4.883082823171503,4.8944315287166615,10.0465,9.920523809523809,10.212061492062347,4.909943557278124,4.89814483878788,4.8968379561017645,10.555,10.151032258064518,10.481627959230917,4.931464172930438,4.930034803471635,4.87603513388611,11.3295,10.795601092896177,11.297954128165717,4.767142675289821,4.845582218862319,4.800159520050376,8.031801387071967
2024-02-29,sz001338,9.87,10.23,10.24,9.82,62911,63289029.0,4.21,2.61,0.26,2.67,4.798726588555381,-0.2193078141491478,10.244,10.212,10.15963139707047,4.846664390307695,4.851316382560818,4.859909846166937,10.045,10.142909090909091,10.085443451835738,4.880199663529668,4.864608520093302,4.877030630505519,10.009,9.938,10.213769921389742,4.8951552821225635,4.887552746528572,4.887494016335442,10.509666666666668,10.130064516129034,10.465393897345052,4.935308749442841,4.921471088350664,4.871047485800257,11.282333333333334,10.759551912568305,11.26293923871766,4.772183005013889,4.846617757002172,4.800112538689884,7.801328432644418
2024-03-01,sz001338,10.23,10.35,10.53,10.11,85923,88118566.0,4.11,1.17,0.12,3.64,4.934109432004227,0.13538284344884666,10.25,10.247333333333334,10.22308759804698,4.859462874249137,4.880464729792995,4.884643041446035,10.109,10.198363636363638,10.133544642411056,4.874610927638134,4.874410296179587,4.887408594414375,9.968,9.970476190476191,10.226744214590719,4.892489954622336,4.891262665564921,4.891933579732469,10.465000000000002,10.119763440860217,10.457949129774404,4.94841140422462,4.921393713032044,4.875115998458578,11.240499999999999,10.728983606557376,11.233006804661343,4.779757854001247,4.851926820182183,4.804505879454289,7.945067421032584
2024-03-04,sz001338,10.4,10.28,10.44,10.16,56009,57162128.0,2.71,-0.68,-0.07,2.37,4.748257818725536,-0.18585161327869137,10.251999999999999,10.257333333333333,10.242058398697987,4.848019703709362,4.843396377951795,4.839181300539202,10.16,10.229454545454546,10.160172889245409,4.856308216297214,4.851437003650023,4.862108453380041,9.927499999999998,10.000190476190475,10.231816194153506,4.886117668355895,4.877526271669987,4.878250173922285,10.414666666666667,10.107827956989246,10.446468540756701,4.951972844381,4.908480578483717,4.866931599766124,11.199166666666667,10.697491803278691,11.201760679918348,4.7825078932020775,4.850894032140358,4.8026616807418705,7.757108388094
2024-03-05,sz001338,10.16,10.06,10.28,10.02,48016,48207923.28,2.53,-2.14,-0.22,2.03,4.681385978080778,-0.06687184064475815,10.178,10.193333333333333,10.18137226579866,4.83610284401409,4.787851802742267,4.7865828597197275,10.194999999999999,10.211272727272727,10.141959636655335,4.853128011337983,4.819632960337944,4.829249821507448,9.8865,10.012809523809524,10.215452747091268,4.8748931273965885,4.85802801545331,4.85950120288976,10.358333333333333,10.084946236559142,10.421535086514334,4.95954963462599,4.8910233613030565,4.854960914496102,11.156,10.660142076502732,11.164325903527581,4.783454983958214,4.847578559513429,4.798685428195605,7.683118423176379
2024-03-06,sz001338,10.05,10.07,10.15,9.9,47511,47385521.04,2.49,0.1,0.01,2.01,4.676794171440283,-0.004591806640494411,10.198,10.157333333333332,10.144248177199106,4.767854797761241,4.734748911884332,4.749986630293247,10.202,10.188545454545455,10.128876066354366,4.816203199048474,4.787572262174725,4.801530612404327,9.866499999999998,10.030285714285714,10.201600104511147,4.868696982054484,4.839161448219375,4.842100533227905,10.3,10.066344086021505,10.39885540351341,4.961906406281768,4.872781073355592,4.843466285911856,11.115000000000002,10.624535519125686,11.128446365707005,4.786530364183068,4.844081483693168,4.794688993547889,7.675645660386656
2024-03-07,sz001338,10.06,10.24,10.82,10.06,130093,134047106.04,7.55,1.69,0.17,5.51,5.114253928820148,0.4374597573798642,10.2,10.171333333333333,10.176165451466073,4.830960265814195,4.850215288903967,4.871409063135547,10.222,10.195454545454545,10.149080417926298,4.8388123280609445,4.841763303951393,4.858389397207203,9.8795,10.065857142857142,10.205257237414848,4.881630086752743,4.86254782410182,4.868019904236689,10.220666666666666,10.062473118279568,10.388606667802868,4.945239886975614,4.882609945777424,4.860936456422069,11.076833333333333,10.59584699453552,11.099316976667431,4.7874139077903255,4.854826518599303,4.805166532409274,8.127257442381369
2024-03-08,sz001338,10.28,10.1,10.42,9.99,78549,79309925.26,4.2,-1.37,-0.14,3.33,4.895140660448604,-0.21911326837154377,10.15,10.138,10.150776967644049,4.82316651150307,4.871608753782103,4.879319595573233,10.2,10.173272727272726,10.14015670557606,4.841314692876104,4.8520048189309675,4.865071445069276,9.8865,10.086857142857141,10.195232738613434,4.886600416281293,4.863834545406188,4.870602833399729,10.153333333333334,10.054688172043011,10.36998688278333,4.924980307488697,4.87937773761439,4.86314317926249,11.033833333333332,10.563819672131148,11.066552485629154,4.788056016958927,4.858358543276624,4.808116503820399,7.899327540607891
2024-03-11,sz001338,10.08,10.23,10.29,10.02,86756,87945813.6,2.67,1.29,0.13,3.68,4.938299520082884,0.04315885963428023,10.14,10.164666666666667,10.177184645096034,4.861174851774539,4.909986423308709,4.898979570409784,10.196,10.178727272727272,10.156491850016776,4.85459727774195,4.869638423877655,4.878385640526295,9.9235,10.11957142857143,10.198543906364536,4.888063278591471,4.868758269577769,4.877050136893362,10.121,10.05963440860215,10.360955470990858,4.911387657869696,4.880237041652724,4.867991975444451,10.9955,10.537464480874316,11.039124535280658,4.792769125687679,4.863284559772491,4.812384799435562,7.944215170982886
2024-03-12,sz001338,10.22,10.53,10.55,10.18,123023,127694118.02,3.62,2.93,0.3,5.21,5.089986313384849,0.15168679330196522,10.234,10.294666666666666,10.294789763397358,4.942894918835354,4.986256910512145,4.962648484734806,10.206,10.239454545454548,10.224402422740997,4.889498881424722,4.9124364303581824,4.91685849013694,10.017,10.177333333333332,10.230111153377436,4.892479153094323,4.887989034796184,4.8973297727496945,10.126000000000001,10.086021505376344,10.371861569636609,4.907655493406998,4.891759535556928,4.882314190795445,10.965833333333332,10.522202185792349,11.022431927566538,4.799279986601301,4.8730293855986275,4.821486488417506,8.106170892797557
2024-03-13,sz001338,10.51,10.43,10.51,10.29,72889,75323712.0,2.09,-0.95,-0.1,3.09,4.862661991970102,-0.22732432141474757,10.306000000000001,10.360000000000001,10.339859842264906,4.980068482941317,4.95951260155706,4.929319653813238,10.252,10.280181818181818,10.261783800424451,4.873961640351279,4.907556995911888,4.907004581379334,10.0925,10.216666666666667,10.24914818638911,4.887148447918381,4.885149305165307,4.894028079342114,10.115000000000002,10.10563440860215,10.375612436111666,4.897949584969177,4.888856729012613,4.881046307000262,10.935,10.504633879781421,11.003007929941406,4.802826194061321,4.87510748413531,4.822836504927427,7.876931714177785
2024-03-14,sz001338,10.37,10.4,10.61,10.28,58079,60247724.9,3.16,-0.29,-0.03,2.46,4.764019130105592,-0.09864286186450943,10.338000000000001,10.391333333333334,10.359906561509938,4.910021523198406,4.8874961506118195,4.874219479244022,10.269,10.307090909090908,10.286914018529096,4.8704908945063,4.887567448594489,4.88100722660229,10.157,10.245952380952382,10.263515025780624,4.875345279017983,4.873422703468851,4.881646274652921,10.095666666666666,10.124021505376344,10.377185827330269,4.886933819583809,4.880216054505283,4.873496166555445,10.904333333333334,10.487092896174865,10.983237178140048,4.806592419156262,4.873835121382663,4.820908066408678,7.77994065154514
2024-03-15,sz001338,10.39,10.58,10.6,10.29,70134,73278560.62,2.98,1.73,0.18,2.97,4.845928609016961,0.0819094789113688,10.434000000000001,10.472000000000001,10.433271041006627,4.9001791129120775,4.86613184588467,4.864789189168335,10.291999999999998,10.363636363636363,10.340202378796533,4.861672812207574,4.883101578505519,4.87462929613223,10.200500000000002,10.286238095238096,10.293656451896755,4.868141869922853,4.870621115849705,4.8782445922114,10.075999999999999,10.1552688172043,10.390270612663802,4.882217573817416,4.877570557049358,4.8717176144561884,10.880500000000001,10.476459016393441,10.970016287053488,4.8101669973738455,4.875124832525636,4.821728412067966,7.864976930079407
2024-03-18,sz001338,10.59,10.74,10.77,10.48,75112,79332903.8,2.74,1.51,0.16,3.18,4.875709326051567,0.029780717034605608,10.536,10.574000000000002,10.535514027337753,4.887661074105814,4.8579752502645,4.868429234796079,10.338,10.445090909090908,10.412892855378981,4.874417962940177,4.8856536719317,4.874825665208474,10.248999999999999,10.337619047619048,10.336165361239921,4.865363089618695,4.871341825957201,4.878003138291416,10.064333333333334,10.19810752688172,10.412833798943558,4.882217766550655,4.877150670096723,4.8719751442365355,10.859000000000002,10.471852459016395,10.962474769445176,4.8162058622471715,4.8772737613347426,4.823498278100215,7.899453350936075
2024-03-19,sz001338,10.71,10.9,11.21,10.69,135562,147351571.8,4.84,1.49,0.16,5.75,5.1321379675314995,0.25642864147993283,10.610000000000001,10.695333333333334,10.657009351558502,4.896091404935144,4.939467548073063,4.956332145707886,10.422,10.547272727272725,10.50145779076462,4.919493161885249,4.932511854584667,4.9216097201762965,10.308499999999999,10.399619047619048,10.389863898264691,4.886310586611616,4.896748957186993,4.9022064553619,10.065000000000001,10.252021505376344,10.444263876431071,4.889759805559476,4.89327455403097,4.888759842513631,10.841833333333334,10.473196721311476,10.960426416348614,4.825369983660713,4.887632191016196,4.833617612179928,8.1683547728322
2024-03-20,sz001338,10.93,11.0,11.05,10.82,91225,99437445.12,2.11,0.92,0.1,3.87,4.960113872036686,-0.17202409549481334,10.724,10.825333333333333,10.771339567705668,4.915581780948461,4.960808370440243,4.95759272115082,10.515,10.652363636363638,10.592101828807415,4.94782513194489,4.939897438248566,4.928610475060004,10.3585,10.46547619047619,10.44797209842996,4.882014165496682,4.9037778415131905,4.907721447426166,10.082666666666666,10.312344086021508,10.48011781988713,4.895073032017952,4.89781352606176,4.893363328289311,10.8285,10.478382513661202,10.961723910894563,4.8336492917804135,4.892050023421964,4.837765030535888,7.997549957301528
2024-03-21,sz001338,10.99,11.06,11.16,10.93,77485,85250741.69,2.09,0.55,0.06,3.28,4.889217637374215,-0.07089623466247108,10.856,10.937333333333333,10.867559711803779,4.940621482402186,4.952020322582161,4.934801026558619,10.597,10.751454545454546,10.677174223569704,4.925321502800296,4.929241530144806,4.921448140935315,10.4095,10.532285714285713,10.506260470008058,4.88206691543062,4.904463886453907,4.905959179802171,10.118666666666666,10.375397849462367,10.517529573442799,4.896193892101928,4.897435758665389,4.893095864359305,10.815999999999999,10.48597267759563,10.964946077750477,4.841259843979563,4.893871936392255,4.839452001251898,7.930698166086507
2024-03-22,sz001338,11.02,10.81,11.17,10.77,67946,73573305.0,3.62,-2.26,-0.25,2.88,4.832163894783588,-0.05705374259062701,10.902000000000001,10.922,10.84837314120252,4.937868539555511,4.915867793375962,4.900588649300275,10.668,10.79018181818182,10.701324364738847,4.919023826233794,4.912303783232677,4.905214641635,10.434000000000001,10.570428571428572,10.535188044293005,4.880169259554949,4.899711217820857,4.898931057419449,10.147,10.42,10.536398633220683,4.897408219598793,4.893304791096464,4.8891647695479685,10.802166666666666,10.485775956284154,10.95986587847997,4.8469611596502,4.893573708549763,4.8392130469414605,7.866720265503197
2024-03-25,sz001338,10.73,10.47,10.85,10.45,82532,87280308.0,3.7,-3.15,-0.34,3.5,4.916622369505801,0.08445847472221324,10.848,10.777999999999999,10.722248760801682,4.946051148246358,4.9087857366927246,4.905933222702117,10.692,10.75418181818182,10.659265389331784,4.916856111176086,4.911867154736679,4.907288773975146,10.443999999999999,10.573857142857143,10.52897965912224,4.885726694459018,4.903182942578081,4.900615944284816,10.179666666666666,10.44083870967742,10.532114850432253,4.897660889453008,4.89454441367111,4.890936227609764,10.778166666666667,10.474885245901639,10.943804702136363,4.850283266646314,4.895857682643389,4.841751057517341,7.9409162701474765
2024-03-26,sz001338,10.44,10.5,10.63,10.32,57497,59880953.0,2.96,0.29,0.03,2.44,4.759645185255976,-0.15697718424982554,10.768,10.662,10.648165840534455,4.871552591791254,4.846650415695931,4.857170543553404,10.689,10.719272727272726,10.630308045816914,4.8838219983631985,4.883283350023931,4.880444485117115,10.4475,10.579190476190476,10.526219691586789,4.88666043989396,4.891175179796838,4.887190157710641,10.241000000000001,10.461505376344087,10.530042924597915,4.889593434850614,4.885640174690656,4.882465837780488,10.757833333333334,10.465765027322403,10.929253728295826,4.851980663778353,4.892885942269936,4.839059061705492,7.77728870348377
2024-03-27,sz001338,10.49,10.23,10.65,10.22,54212,56255571.0,4.1,-2.57,-0.27,2.3,4.734095429655461,-0.025549755600514423,10.614,10.482666666666667,10.508777227022971,4.826348903315009,4.800831361650667,4.816145505587423,10.669,10.635818181818182,10.557524764759291,4.8709653421317345,4.856060337531616,4.853835565942269,10.4605,10.558476190476192,10.498008292388048,4.872463491241507,4.876645178821743,4.872609707419672,10.284666666666668,10.46079569892473,10.510685316559341,4.881754079322833,4.875608045323227,4.8728935533853255,10.734666666666666,10.448459016393443,10.906327376548422,4.856928203252995,4.889020852626562,4.835617631146474,7.750165537179048
2024-03-28,sz001338,10.24,10.33,10.48,10.18,61678,63436205.0,2.93,0.98,0.1,2.61,4.7901302826329415,0.05603485297748012,10.468,10.388,10.449184818015315,4.806531432366754,4.788758488089978,4.807473764602596,10.662,10.574181818181819,10.516156625712147,4.87357645738447,4.841363053986381,4.842252787158754,10.4655,10.54604761904762,10.482007502636806,4.872033675945385,4.8688039208590235,4.86475452410665,10.325333333333333,10.463720430107527,10.499028199361964,4.8747556718068115,4.869696832633555,4.867553987530334,10.714166666666667,10.435191256830603,10.887431396989458,4.863625430869345,4.886830756868527,4.83412624267062,7.802337193905116
2024-03-29,sz001338,10.37,10.45,10.51,10.27,43205,44654242.0,2.32,1.16,0.12,1.83,4.635534009471285,-0.15459627316165658,10.395999999999999,10.382,10.449456545343544,4.7672054553042935,4.731759347124822,4.75016051289216,10.649,10.535636363636364,10.504128148309938,4.852536997429903,4.798082608911256,4.8046675548519415,10.470500000000001,10.544571428571432,10.478959169052349,4.857104904818739,4.846280143099585,4.842923998903283,10.35,10.471763440860213,10.495865089725708,4.862940245758536,4.854263176999007,4.8525849566878145,10.693166666666666,10.42653005464481,10.87308938397341,4.866983369884469,4.879352349609574,4.827615021909986,7.649862721672146
2024-04-01,sz001338,10.45,10.88,10.95,10.45,86626,92800678.0,4.78,4.11,0.43,3.67,4.937648261091438,0.3021142516201527,10.478,10.543333333333333,10.59297103022903,4.77141063362142,4.788573615720537,4.8126564289585865,10.663,10.577636363636364,10.572468484980858,4.858730890933889,4.813557384122444,4.828845865077304,10.5005,10.58357142857143,10.517153533904507,4.866574426937033,4.85395093893508,4.851945357206916,10.386999999999999,10.505956989247311,10.520647987162759,4.86315235672376,4.859083048955967,4.858072911810629,10.673,10.432655737704916,10.873315961548052,4.868086571335611,4.881669231288491,4.831222669096262,7.967551149177732
2024-04-02,sz001338,10.89,10.9,10.99,10.82,56569,61320988.0,1.56,0.18,0.02,2.4,4.752578501556027,-0.18506975953541094,10.558,10.684,10.695314020152688,4.76999729688143,4.782296238365405,4.7926304531577335,10.663,10.620727272727272,10.632019669529793,4.820774944336342,4.794256949690105,4.814979071709799,10.5425,10.621619047619047,10.553615102104077,4.870134053110795,4.843094184136889,4.842481847144927,10.426666666666668,10.539053763440862,10.545122310571614,4.8644653725198586,4.851949251848371,4.851266820826462,10.652666666666667,10.44009836065574,10.874190848054674,4.865727418364236,4.877882081459652,4.828644171799861,7.787609143564781
2024-04-03,sz001338,10.91,10.92,11.01,10.81,48388,52395138.0,1.83,0.18,0.02,2.05,4.684737671976075,-0.06784082957995174,10.696000000000002,10.804666666666666,10.77020934676846,4.760125745345553,4.753876363396953,4.756666192763848,10.655,10.667454545454547,10.684379729615285,4.79323732433028,4.769522900170057,4.791298817212758,10.585,10.657571428571426,10.58850890190369,4.870531228137585,4.825437385933583,4.82745859236694,10.457333333333333,10.57088172043011,10.569307967954092,4.852421885107882,4.840353916329418,4.840523004771598,10.635,10.448863387978143,10.875692787462718,4.866210337485397,4.871947991414138,4.823925925904,7.719290988553612
2024-04-08,sz001338,10.91,10.67,10.92,10.66,56119,60154939.0,2.38,-2.29,-0.25,2.38,4.749109923611645,0.06437225163556981,10.764000000000001,10.796,10.736806231178974,4.751921673541294,4.750204422818984,4.75414743637978,10.616000000000001,10.67018181818182,10.681765233321595,4.779226552954023,4.7614997364030325,4.783628109285282,10.6065,10.665666666666667,10.596269958865243,4.85227402787716,4.813873452169207,4.819996814390246,10.478333333333332,10.584602150537636,10.575804228086087,4.847786794605088,4.833688628490951,4.834625386632247,10.612333333333334,10.450010928961749,10.868948761644267,4.869093078373414,4.868108633582214,4.821472942222283,7.7792712907346715
2024-04-09,sz001338,10.67,10.88,10.98,10.51,68955,73820616.0,4.4,1.97,0.21,2.92,4.838565762805991,0.08945583919434608,10.85,10.834666666666667,10.784537487452651,4.792528024208235,4.779085785907216,4.78228687852185,10.623000000000001,10.718181818181819,10.717807918172214,4.7798667397562635,4.772288683648844,4.793616773561775,10.645500000000002,10.691714285714287,10.623291867544744,4.849445282995029,4.81256790311481,4.821765285667936,10.496999999999998,10.61051612903226,10.595429761757952,4.84673508628872,4.833093723213589,4.834879604449909,10.595,10.458786885245901,10.86931109732806,4.875034388723074,4.867107737989838,4.8220333625692895,7.868177664867829
2024-04-10,sz001338,10.82,10.61,10.87,10.51,57448,60833136.0,3.31,-2.48,-0.27,2.43,4.759274913719113,-0.07929084908687756,10.796,10.754666666666667,10.726358324968434,4.75685335473377,4.768001415744177,4.774616223587604,10.637,10.715818181818182,10.698206478504538,4.764131994177595,4.768544715278453,4.7873727990449275,10.6645,10.688333333333333,10.622025975397625,4.84049405267684,4.803980248898057,4.815813821672809,10.508333333333333,10.617806451612905,10.596369777128407,4.845195127698544,4.827451131434906,4.830001882467277,10.575833333333334,10.459278688524588,10.860809094136977,4.87662148142415,4.863312345366758,4.819975708508628,7.784140205290638
2024-04-11,sz001338,10.48,10.6,10.68,10.38,46011,48343048.0,2.83,-0.09,-0.01,1.95,4.662861672294625,-0.09641324142448848,10.736,10.689333333333334,10.68423888331229,4.73890998888149,4.736670854931128,4.737364706489945,10.647,10.709090909090909,10.680350755140076,4.75445364288146,4.750131929481549,4.764734412363054,10.668,10.682190476190476,10.619928263454995,4.81913782062233,4.787062879337845,4.801246950303458,10.514000000000001,10.623720430107529,10.596603985055607,4.8425915075564605,4.815687682699169,4.8192186431013,10.559833333333332,10.460071038251366,10.85225797629642,4.879357798516444,4.856303827034643,4.814824428632759,7.684334028939852
2024-04-12,sz001338,10.59,10.45,10.74,10.41,47245,49664856.0,3.11,-1.42,-0.15,2.0,4.674355853325486,0.011494181030861306,10.642,10.594,10.606159255541527,4.736833625151371,4.715152809745793,4.716361755435125,10.669,10.673272727272726,10.638468799660062,4.748479685248463,4.735568695016828,4.748301947083496,10.669,10.661428571428571,10.603744619316423,4.809722513690098,4.773274120547669,4.789162083924603,10.530000000000001,10.619591397849462,10.587145663439117,4.8311355559104925,4.804833769522976,4.809872656664152,10.5425,10.456469945355193,10.83906919018834,4.881299864420466,4.849582451782479,4.810218901573504,7.696049180601144
2024-04-15,sz001338,10.41,10.05,10.46,9.88,84484,85111620.0,5.55,-3.83,-0.4,3.58,4.926774467888631,0.25241861456314485,10.517999999999999,10.396666666666667,10.420772837027686,4.772366534006769,4.778466423991546,4.786499326252961,10.641,10.560727272727272,10.531474472449142,4.762144103774031,4.767985928224131,4.780751496320793,10.6515,10.60247619047619,10.551007036524382,4.817860280579251,4.7844219257094345,4.80226802525451,10.524000000000001,10.58862365591398,10.552491104507562,4.835403818554934,4.811004021908663,4.817414709001215,10.516833333333333,10.440322404371583,10.813198069198558,4.885356283998887,4.851073422387993,4.814040395551048,7.929988856880982
2024-04-16,sz001338,9.89,9.14,9.95,9.14,98148,92041770.0,8.06,-9.05,-0.91,4.16,4.991881454238485,0.06510698634985435,10.17,9.937333333333333,9.993848558018458,4.803029672293269,4.851638064068784,4.854960035581469,10.51,10.287818181818183,10.278479113822025,4.7977788482507515,4.809756355581304,4.8191387613967365,10.5795,10.45852380952381,10.41662541399825,4.825157922840327,4.800995370819838,4.820326447062508,10.483666666666666,10.499333333333333,10.461362646152235,4.837329552629409,4.821099353243086,4.828670628048782,10.474333333333332,10.395180327868852,10.758339116110081,4.892870478427015,4.854566050920439,4.819871249934243,7.963984961733261
2024-04-17,sz001338,9.26,9.93,9.95,9.25,83650,80522758.44,7.66,8.64,0.79,3.55,4.922465945298414,-0.06941550894007165,10.034,9.857333333333335,9.97256570534564,4.835667878609128,4.891450155070499,4.877462005487117,10.415000000000001,10.182363636363636,10.215119274945291,4.796260616671449,4.832426736862697,4.837925522106132,10.539000000000001,10.396666666666668,10.370280136474607,4.82749575380267,4.810262801530132,4.83005401832307,10.472000000000001,10.463612903225807,10.427081185110156,4.843136490181839,4.8265920237378594,4.83472193883908,10.443333333333333,10.377333333333334,10.731180456565488,4.89755466728142,4.855536394096551,4.823235010437987,7.905918643945767
2024-04-18,sz001338,9.95,9.99,10.21,9.71,59492,59064250.09,5.04,0.6,0.06,2.52,4.774458569267267,-0.14800737603114644,9.912,9.842666666666666,9.978377136897095,4.857987258003656,4.8710470519565465,4.843127526747168,10.324,10.105090909090908,10.17418849768251,4.798448623442573,4.828462728243754,4.826386076135429,10.493500000000001,10.344380952380954,10.334062980619883,4.809611783889457,4.805211641098189,4.824759213651089,10.469666666666667,10.432516129032258,10.398882398974017,4.846238909888055,4.822161190130468,4.830833979511866,10.414,10.36246994535519,10.706879457989569,4.902894272257023,4.851500456456743,4.8216357828586185,7.771324694309117
2024-04-19,sz001338,9.96,10.01,10.09,9.86,48698,48245693.0,2.3,0.2,0.02,2.06,4.687511125346055,-0.08694744392121212,9.824,9.875333333333334,9.98891809126473,4.86061831240777,4.8142216744040125,4.7912553929467965,10.233,10.048,10.144336043558416,4.798725968779571,4.808292274044389,4.801136085082815,10.443999999999999,10.298333333333334,10.303199839608466,4.795981646554926,4.793583006951198,4.811687967145848,10.467666666666668,10.402860215053764,10.373793211943436,4.8465961416849135,4.811920687901952,4.821587343759234,10.383833333333333,10.349224043715846,10.684030951170238,4.90425127398334,4.844438713935072,4.817238253104108,7.6834585489788125
2024-04-22,sz001338,10.05,10.32,10.46,9.9,89417,91209851.88,5.59,3.1,0.31,3.79,4.951420094906854,0.26390896956079857,9.878,10.040666666666665,10.099278727509821,4.865547437811415,4.84448893523704,4.8446436269334825,10.197999999999999,10.063818181818183,10.176274944729613,4.818956985909091,4.836054842431167,4.828460450505367,10.407,10.28652380952381,10.30479985488385,4.799091769431557,4.808386668699001,4.824995788837372,10.470333333333334,10.393333333333334,10.370322682140635,4.841168347221138,4.818683523593691,4.829963650284887,10.345499999999998,10.347131147540981,10.672095510148264,4.893204117098375,4.8459852326538755,4.821637657753379,7.960041750456028
2024-04-23,sz001338,10.27,10.61,10.81,10.22,117530,124124369.1,5.72,2.81,0.29,4.98,5.070148736152306,0.11872864124545224,10.172,10.284666666666665,10.269519151673215,4.881200894194179,4.912689368017337,4.919811996673091,10.171000000000001,10.138727272727273,10.255134045687866,4.842115283243723,4.881726069748114,4.872403775168447,10.397,10.305857142857143,10.333866535371103,4.810991011499993,4.834201617910501,4.848343688581652,10.487333333333334,10.402344086021506,10.385785734905756,4.847001949744595,4.833456451911831,4.845459462276334,10.320333333333332,10.355803278688526,10.670059591782747,4.885991128616646,4.851786695573677,4.829785561963179,8.093857054074757
2024-04-24,sz001338,10.56,10.51,10.6,10.4,66638,69369417.45,1.89,-0.94,-0.1,2.82,4.8237219541550616,-0.24642678199724433,10.288,10.397333333333332,10.34967943444881,4.861452095965508,4.893529721337631,4.887781982500415,10.161,10.200363636363639,10.301473310108253,4.848559987287318,4.87838182809563,4.863552534984195,10.399000000000001,10.316619047619046,10.350641151050045,4.806345990732456,4.835414088639555,4.845998761493405,10.496666666666668,10.403806451612905,10.393799558460223,4.843182697546999,4.831954516712506,4.844057042397542,10.308833333333332,10.3620218579235,10.66481173631446,4.877285177708347,4.849745083296248,4.829586755149799,7.841168047399738
2024-04-25,sz001338,10.46,10.6,10.69,10.41,66554,70089581.31,2.66,0.86,0.09,2.82,4.823174162376028,-0.000547791779033524,10.41,10.501333333333331,10.433119622965874,4.87119521458726,4.880770410141138,4.866246042458952,10.160999999999998,10.280181818181818,10.35575089008857,4.864591236295459,4.873766223566306,4.8562110126918006,10.404,10.335761904761906,10.374389612854802,4.809522439588459,4.837016771653229,4.843824990148893,10.498999999999999,10.410473118279569,10.407102812753113,4.834288959180039,4.830663643475669,4.842709759815509,10.3125,10.371568306010932,10.66268676135333,4.870972226293518,4.8479709516460066,4.829376506206396,7.8456534656719485
2024-04-26,sz001338,11.61,10.95,11.62,10.84,191971,210579506.06,7.36,3.3,0.35,8.14,5.283235627186773,0.46006146481074506,10.597999999999999,10.681333333333333,10.60541308197725,4.990340114955404,5.018117214340975,5.00524257070156,10.211,10.423636363636362,10.463796182799738,4.925479213681587,4.949883385546544,4.933851851690886,10.44,10.387761904761906,10.429209649725774,4.836979449465025,4.882132313329258,4.885673622247738,10.516333333333334,10.439569892473118,10.442128437736784,4.848308080353928,4.859627944637393,4.871130783516882,10.315666666666667,10.392469945355193,10.672106867538465,4.873128832661552,4.861487784462179,4.844257133123785,8.323416102660762
2024-04-29,sz001338,10.91,11.21,11.5,10.9,159609,177566644.29,5.48,2.37,0.26,6.76,5.203057376614554,-0.08017825057221906,10.776,10.885333333333334,10.8069420546515,5.040667571296945,5.089022968227359,5.071180839339225,10.327000000000002,10.605272727272727,10.599469604108878,4.95310750455418,5.000352142443447,4.982798310767915,10.484,10.461095238095238,10.503570635466176,4.857625804164106,4.91699687781969,4.915900646473149,10.543333333333333,10.484322580645163,10.491668538527959,4.862942688570894,4.882514996009048,4.892545402426409,10.3195,10.421792349726774,10.68974270794704,4.874938254077351,4.872305113772114,4.8560210755333175,8.24936138733607
2024-04-30,sz001338,11.2,11.37,11.46,11.2,120616,136123559.5,2.32,1.43,0.16,5.11,5.081404921824103,-0.12165245479045073,10.928,11.083333333333334,10.994628036434333,5.042918808431304,5.102602085069745,5.074588866834185,10.549999999999999,10.79490909090909,10.739566039725446,4.962059851312741,5.023678945583433,5.000726785505403,10.530000000000001,10.545476190476188,10.58608771780273,4.879919349781746,4.93830917473969,4.931662958411335,10.569666666666668,10.537655913978497,10.548335084429382,4.870791898997798,4.8966093336382865,4.90472988754884,10.322833333333334,10.456234972677596,10.712046225719268,4.8765047364076075,4.87907451271463,4.863410709837933,8.13393329695475
2024-05-06,sz001338,11.54,11.6,11.69,11.42,123815,142697115.49,2.37,2.02,0.23,5.25,5.0927732619911,0.011368340166996838,11.146,11.307333333333332,11.196418690956222,5.096729069998512,5.119220236256344,5.08065033188649,10.717,10.985818181818182,10.896008577957183,4.9790905829820105,5.047445020252226,5.017462508502803,10.565999999999999,10.647380952380951,10.682650792297707,4.887675599826729,4.958580975902485,4.9470067968475036,10.598333333333333,10.604129032258065,10.616184433821035,4.8780273635291165,4.910930711895919,4.916861718158019,10.331333333333333,10.498109289617487,10.741159464220276,4.880122565039885,4.886165284045236,4.870930793515086,8.154415194281869
2024-05-07,sz001338,11.56,11.52,11.65,11.45,103042,118191004.12,1.72,-0.69,-0.08,4.37,5.013014279562848,-0.07975898242825252,11.33,11.431999999999999,11.304279127304149,5.134697093435875,5.091315306111122,5.058104981111943,10.870000000000001,11.131818181818181,11.009461563783148,5.0029461540115685,5.053612965085104,5.016653739604629,10.597,10.738238095238096,10.762398335888403,4.900697388727071,4.970517993020209,4.953293223772775,10.619,10.663591397849462,10.674495115510002,4.874056573930162,4.919639545188418,4.923065109216395,10.342,10.537081967213117,10.766695219491742,4.881908189744818,4.890522389439432,4.875589268467471,8.072584422317473
2024-05-08,sz001338,11.5,11.34,11.56,11.31,87082,98731333.0,2.17,-1.56,-0.18,3.69,4.939928394863652,-0.07308588469919552,11.408000000000001,11.435333333333334,11.316186084869432,5.066035646971252,5.026392406587047,5.018712785695846,11.003,11.217272727272729,11.069559461277121,5.028187880963328,5.042155190694575,5.002703676924451,10.617999999999999,10.809000000000001,10.817408018184745,4.91345692487145,4.974254279318932,4.952020382924287,10.630333333333333,10.71010752688172,10.717430914509357,4.8733837246910605,4.923889340087352,4.924153063129122,10.3565,10.569803278688527,10.785492097541193,4.884228378354506,4.892424691246606,4.8776987480214435,7.994455000587786
2024-05-09,sz001338,11.36,11.63,11.69,11.36,130284,150263182.0,2.91,2.56,0.29,5.52,5.114891083875486,0.1749626890118341,11.491999999999999,11.509333333333332,11.42079072324629,5.048402388423438,5.042677552221792,5.050772218422393,11.134,11.331272727272728,11.171457741044918,5.044534979860191,5.057919409405876,5.023101387279185,10.666,10.90538095238095,10.89479773073858,4.9317459828846415,4.993438484938364,4.967531878252973,10.649333333333333,10.774602150537634,10.776306339379722,4.880906172907769,4.939470460034735,4.936458741886953,10.383999999999999,10.61155737704918,10.813180881228366,4.888550032504848,4.899987402903033,4.885475545918298,8.17685258129869
2024-05-10,sz001338,11.64,11.67,11.8,11.51,102361,118598092.71,2.49,0.34,0.04,4.34,5.0101345200088225,-0.10475656386666365,11.552,11.568666666666667,11.503860482164193,5.034148308060383,5.029921596083587,5.037226318951204,11.239999999999998,11.428727272727274,11.262101788127659,5.0385335582458435,5.051664780341992,5.02074377504821,10.705499999999999,11.001000000000003,10.968626518287287,4.9403244207447825,5.000904059902571,4.97158927270591,10.677999999999999,10.840451612903228,10.833963994903613,4.886838527081944,4.947807772750933,4.941212017894816,10.4125,10.65372131147541,10.841273311352024,4.892123373340368,4.903973779542507,4.889562725396676,8.074077704777123
2024-05-13,sz001338,11.59,11.71,11.96,11.52,134589,157471863.28,3.77,0.34,0.04,5.7,5.129009566317986,0.11887504630916368,11.574,11.621333333333334,11.572573654776129,5.0413955689257595,5.0615420155027895,5.067820734740131,11.36,11.51418181818182,11.343537826649902,5.069062319462136,5.068114963627836,5.040428464369987,10.7605,11.096666666666666,11.03923351654564,4.958811153374727,5.018874073766686,4.986581681621345,10.719333333333333,10.907032258064516,10.890482446845317,4.893918100309017,4.9634317107661605,4.953327988760827,10.4495,10.696262295081967,10.869756153602777,4.895789494881013,4.911740539968003,4.897413441492456,8.197202966291606
2024-05-14,sz001338,11.74,11.85,12.18,11.7,153779,182697651.0,4.1,1.2,0.14,6.52,5.186897032430197,0.05788746611221107,11.64,11.713333333333333,11.665049103184087,5.076172119499229,5.110042503337602,5.107512833970153,11.485000000000001,11.603272727272726,11.435621858168101,5.105434606467552,5.089539456894756,5.067059113108207,10.823,11.200428571428573,11.11644937211272,4.9850129213815055,5.040596538438636,5.005659334079331,10.764333333333333,10.979978494623657,10.952386805113361,4.908159828548157,4.982333577354623,4.968396959320142,10.502666666666666,10.742180327868851,10.901895296107604,4.898876631699386,4.921285049395844,4.906904706769103,8.261732963530445
2024-05-15,sz001338,11.83,11.7,11.89,11.66,82561,96703725.24,1.94,-1.27,-0.15,3.5,4.916774944601108,-0.27012208782908953,11.712,11.733333333333333,11.676699402122726,5.07154142944672,5.0569101117048945,5.043933537513805,11.56,11.642363636363637,11.483690611228445,5.068788538208986,5.055237700191766,5.039734718834188,10.885499999999999,11.28395238095238,11.172025622387698,4.997133875945287,5.03409768350717,4.997194154129025,10.813333333333333,11.040344086021506,11.000619914460886,4.914249145713012,4.982889391293524,4.965066506757624,10.549000000000001,10.781437158469947,10.928062663448339,4.8980016125179215,4.921871879327049,4.90722832112425,7.98544320438304
2024-05-16,sz001338,11.7,11.63,11.84,11.6,79384,92587265.12,2.05,-0.6,-0.07,3.36,4.899732978347416,-0.01704196625369203,11.712,11.706,11.661132934748485,5.028509808341106,4.999640628005126,4.995866684458342,11.602,11.655090909090909,11.510292318277818,5.038456098382272,5.02450032567148,5.0142798569275016,10.964500000000001,11.354857142857142,11.215642229779347,4.995781801468226,5.024821407545468,4.987912137387919,10.856666666666666,11.093032258064516,11.041225081269861,4.917902568903495,4.98195286436671,4.960851440408578,10.591000000000001,10.816879781420765,10.95107700235167,4.896329120355153,4.921928645419819,4.906982572180747,7.966551255921109
2024-05-17,sz001338,11.62,11.76,11.82,11.59,78122,90872957.93,1.98,1.12,0.13,3.31,4.892773353123822,-0.006959625223593946,11.73,11.722,11.694088623165658,5.005037574964106,4.9543951429326984,4.9615022406801685,11.641000000000002,11.683818181818182,11.555693714954579,5.019592941512244,4.9980125538063085,4.9921877653268325,11.0955,11.430619047619047,11.267485826943217,4.990826396412492,5.015011079131715,4.978851300791338,10.900333333333332,11.15131182795699,11.087597656671806,4.926477213691912,4.980331624638991,4.956459305745046,10.625166666666667,10.855207650273224,10.977599067848336,4.894708729725225,4.921812062887644,4.9065166961460935,7.958434664640715
2024-05-20,sz001338,11.76,11.96,12.01,11.72,88677,105183094.0,2.47,1.7,0.2,3.76,4.947810992229052,0.05503763910523052,11.78,11.798666666666668,11.782725748777107,4.968797860146319,4.935319615354347,4.956938491196464,11.677,11.741818181818184,11.629203948599201,5.005096714536039,4.984961290300274,4.984119261127236,11.197000000000001,11.512952380952377,11.33343955771053,4.992093648759024,5.010914373971387,4.975895080928263,10.936333333333334,11.21967741935484,11.143881678822012,4.926815971396499,4.981707997447836,4.955901350034337,10.661666666666665,10.898972677595628,11.00980893447626,4.89498416406013,4.923553120674655,4.907870607493075,8.021945941599743
2024-05-21,sz001338,11.94,11.9,12.03,11.76,70367,83203327.0,2.26,-0.5,-0.06,2.98,4.847369035875787,-0.10044195635326503,11.790000000000001,11.838666666666667,11.821817165851407,4.900892260835437,4.894843340597503,4.920415339422905,11.715,11.782363636363636,11.678439594308438,4.988532190167333,4.956283530543864,4.95925558380879,11.2925,11.579904761904762,11.387397695071432,4.99573917208945,4.9971310775063165,4.9636545052089796,10.969666666666665,11.28184946236559,11.192663505994787,4.929975655873824,4.976582388704567,4.948899265249915,10.698166666666669,10.939573770491805,11.038995526788513,4.8972205141968415,4.921991968930906,4.905886949407262,7.920140692502897
2024-05-22,sz001338,11.87,11.81,11.96,11.76,50784,59790784.67,1.68,-0.76,-0.09,2.15,4.705726905074754,-0.14164213080103316,11.812000000000001,11.845333333333334,11.817878110567605,4.858682652930166,4.829788222010609,4.848852527973522,11.762,11.799636363636363,11.702359668070539,4.965112041188443,4.9048643877997575,4.913159460402602,11.382499999999999,11.629190476190477,11.427645533636056,4.996649961075885,4.969510861600156,4.939089971862863,10.999333333333334,11.336064516129033,11.23249166689835,4.930675296977114,4.9621147273626915,4.933210725883776,10.728333333333333,10.97602732240437,11.064274361975775,4.891548591042498,4.915713489943297,4.899324325002917,7.77663425296213
2024-05-23,sz001338,11.73,11.51,11.81,11.47,72675,83717493.03,2.88,-2.54,-0.3,3.08,4.861385040442466,0.15565813536771156,11.788,11.744666666666667,11.715252073711737,4.851013065349176,4.830689017848043,4.853030032129837,11.75,11.753818181818183,11.667385182966804,4.93976143684514,4.886004933118672,4.903745929500759,11.442,11.641333333333332,11.435488816146908,4.992148208352666,4.956628488206497,4.931689502203778,11.027333333333333,11.369010752688173,11.250395430324263,4.934417800871475,4.957644388231423,4.928576810694015,10.752833333333333,11.001655737704919,11.078888317320832,4.891102297738282,4.9147245210711645,4.898080414033722,7.922816214655433
2024-05-24,sz001338,11.5,11.52,11.67,11.46,54305,62485066.0,1.82,0.09,0.01,2.3,4.734839818031571,-0.12654522241089428,11.74,11.655333333333333,11.650168049141158,4.819426358330726,4.791964602075507,4.813633294097082,11.735,11.712000000000002,11.640587876972837,4.912231966647417,4.8487464569707495,4.873035727415452,11.4875,11.648761904761903,11.443537500323394,4.97538276244663,4.932122927223535,4.912941913234996,11.048666666666668,11.400795698924734,11.26778927352915,4.9309602693789945,4.944768389338527,4.916077649877083,10.772833333333333,11.026808743169397,11.09335099544146,4.888847677833858,4.90960116108078,4.892728263345127,7.7957762328835605
2024-05-27,sz001338,11.64,12.0,12.29,11.64,166362,197011890.19,5.64,4.17,0.48,7.05,5.221054132802194,0.4862143147706224,11.748000000000001,11.741999999999999,11.766778699427439,4.874074986445355,4.92584052689933,4.94944024033212,11.764,11.760181818181819,11.705935535705049,4.921436423295837,4.9048959417261635,4.936311801122132,11.562,11.697571428571429,11.496533928864023,4.9952493713789865,4.9555202005907315,4.942285934146158,11.095,11.462172043010753,11.315028675236947,4.946352910015097,4.963484122462604,4.935753552001284,10.801666666666668,11.067043715846996,11.123077192312232,4.89577401885682,4.920493175997776,4.903493045950277,8.294492437776196
2024-05-28,sz001338,11.87,11.51,12.02,11.47,140440,163082582.65,4.58,-4.08,-0.49,5.95,5.147490820793314,-0.07356331200888011,11.67,11.662666666666667,11.681185799618293,4.93409934342886,5.01697913834865,5.015457100485851,11.73,11.714000000000002,11.670310892849585,4.917495802132148,4.94599674127116,4.974707986516893,11.6075,11.692619047619047,11.497816411829353,5.01146520429985,4.97001938624924,4.9618292566839814,11.125333333333334,11.48894623655914,11.32760747038295,4.962507214965053,4.976460761867649,4.949414020955609,10.819666666666667,11.09026775956284,11.135763186006914,4.902549361260757,4.9287461858973325,4.911492972994311,8.212407580519647
2024-05-29,sz001338,11.45,11.44,11.56,11.31,68307,77737240.18,2.17,-0.61,-0.07,2.89,4.834465211816196,-0.3130256089771173,11.596,11.586,11.600790533078863,4.959847004777148,4.983767761144429,4.9551264709293,11.703999999999999,11.661272727272728,11.628436185058751,4.909264828853656,4.930900270304623,4.9492093002076745,11.632000000000001,11.676666666666666,11.492310086893225,4.989026683531321,4.953162244107938,4.949699347648955,11.158333333333333,11.509247311827957,11.334858601325987,4.96784419358141,4.968199987470949,4.941997968753066,10.844166666666666,11.110606557377048,11.145738163514883,4.899489874745951,4.926513918702428,4.908967472627816,7.890629118288139
2024-05-30,sz001338,11.45,11.31,11.5,11.26,53547,60444523.0,2.1,-1.14,-0.13,2.27,4.728735144263254,-0.10573006755294223,11.556,11.490666666666668,11.503860355385909,4.933317025541307,4.906730474306463,4.879662695373952,11.672,11.589636363636364,11.570538696866251,4.892165045445241,4.898076691288186,4.909123090035961,11.637,11.645999999999999,11.474947221474823,4.965310571913756,4.9283725737014565,4.928655137802697,11.200333333333333,11.519032258064517,11.333254820595279,4.961242882793897,4.952773597192358,4.928239076850498,10.862166666666665,11.125879781420764,11.151123797498002,4.898323350674416,4.920915402948897,4.903058215960125,7.781356954681647
2024-05-31,sz001338,11.34,11.42,11.5,11.34,46879,53374103.75,1.41,0.97,0.11,1.99,4.6709783389504365,-0.05775680531281768,11.536,11.445333333333334,11.475906903590607,4.920544729725078,4.819284245442841,4.810101243232781,11.638,11.543818181818182,11.54316802470875,4.8699855440279025,4.8578609264709485,4.865824044384047,11.6395,11.625333333333334,11.469714152762936,4.944789242770073,4.900340932466855,4.904114490292958,11.276333333333332,11.533204301075267,11.338851283782681,4.950546112284297,4.9340468524282635,4.9116416098892035,10.88,11.144169398907104,11.159939410694788,4.893937832456853,4.913461468138275,4.895449039664726,7.727330595486056
2024-06-03,sz001338,11.48,11.27,11.59,11.16,67411,76124282.59,3.77,-1.31,-0.15,2.86,4.82873076967344,0.15775243072300338,11.39,11.356666666666666,11.407271269060406,4.842080057099328,4.788679592092294,4.816311085379668,11.568999999999999,11.476909090909091,11.49350111112534,4.8580775217723415,4.850360058406501,4.859079812618481,11.623000000000001,11.590142857142856,11.450693757261703,4.93158711815419,4.889287744552888,4.896935088329195,11.321,11.532795698924733,11.334409265474122,4.9474216064301295,4.926187798066273,4.906292523423671,10.8965,11.156956284153008,11.163547954606434,4.895279048305984,4.911323531653573,4.893261555402716,7.881523212784808
2024-06-04,sz001338,11.17,11.33,11.34,11.12,44042,49177960.78,1.95,0.53,0.06,1.87,4.643867032580406,-0.18486373709303372,11.354000000000001,11.336666666666666,11.381514179373603,4.741355299456747,4.72260858391932,4.75882973444658,11.511999999999999,11.433454545454543,11.463773636375278,4.837727321442803,4.811412696735241,4.819950216247921,11.613499999999998,11.562238095238095,11.43919911371297,4.913129755805068,4.861885831641101,4.872833368734072,11.365666666666666,11.533376344086022,11.334124796733857,4.943068555207234,4.9066036320114526,4.889361846595073,10.917666666666667,11.171169398907105,11.1690053987177,4.894653732547645,4.903080514744539,4.885084685801984,7.691770516262096
2024-06-05,sz001338,11.29,10.87,11.33,10.61,74726,82145741.06,6.35,-4.06,-0.46,3.17,4.873471735575834,0.22960470299542823,11.239999999999998,11.175333333333333,11.211009452915736,4.749156604208674,4.766647395959016,4.797043734822999,11.418,11.31672727272727,11.355814793397954,4.8545018044929105,4.817911681123064,4.8296814015802685,11.59,11.491428571428571,11.384989674311734,4.909806922840677,4.858108877333554,4.872894165576144,11.394333333333332,11.501397849462366,11.304181261460705,4.949267242214893,4.902113514615879,4.8883366781422195,10.931,11.16960655737705,11.159201943022037,4.897931691949904,4.9023860230405445,4.884703933335553,7.914585051860087
2024-06-06,sz001338,10.94,10.54,11.09,10.36,92122,97352770.0,6.72,-3.04,-0.33,3.9,4.964363358075683,0.09089162249984906,11.086,10.942,10.987339635277158,4.796282246971161,4.838382980581353,4.852816942573894,11.321000000000002,11.15709090909091,11.207484830961961,4.864799636256233,4.8378865090472045,4.85416903003398,11.535499999999999,11.39142857142857,11.304514467234426,4.902280536550687,4.863304728308317,4.881605517242767,11.401666666666667,11.446279569892472,11.254879244592273,4.949698684320522,4.903087457574639,4.893241625234701,10.936,11.156786885245905,11.138900239972134,4.89543351577083,4.904564110454504,4.887315717753261,7.988348313109262
2024-06-07,sz001338,10.56,10.73,10.77,10.46,63750,67528152.0,2.94,1.8,0.19,2.7,4.804480189105993,-0.15988316896969046,10.947999999999999,10.823333333333332,10.901559756851439,4.822982617002272,4.8411156279596295,4.8367046914179275,11.241999999999999,11.049636363636363,11.120669407150695,4.8717636733636756,4.8269193368380705,4.845134695319801,11.4885,11.314714285714286,11.249798803688291,4.891997820005546,4.85399040950406,4.874260247896407,11.405666666666665,11.402946236559137,11.221016067521804,4.940843066085645,4.893718522399508,4.887515080968333,10.946500000000002,11.150032786885244,11.125493674727146,4.893922507915119,4.901582034170411,4.8845997987812195,7.829484864821852
2024-06-11,sz001338,10.69,10.68,10.76,10.49,48976,51833832.89,2.52,-0.47,-0.05,2.08,4.6899833122532595,-0.11449687685273346,10.830000000000002,10.734,10.827706504567626,4.795233125518235,4.796782526376626,4.787797565029705,11.11,10.947454545454544,11.040547696759658,4.818656591308781,4.793868362090722,4.816925352944065,11.437,11.237714285714286,11.195532250956074,4.87004650730231,4.834750932575271,4.856710063549441,11.411333333333333,11.356129032258064,11.186111805101044,4.936385111355585,4.877534022152257,4.874771095889942,10.954,11.141295081967213,11.11088732473609,4.889783904451292,4.894895503165105,4.878218930370467,7.714613324244318
2024-06-12,sz001338,10.67,10.89,10.91,10.64,48378,52145380.0,2.53,1.97,0.21,2.05,4.6846479101829965,-0.005335402070262951,10.741999999999999,10.754,10.848471003045084,4.803389301038753,4.759920787931547,4.753414346747469,11.048,10.907454545454545,11.013175388257903,4.77237230024775,4.769503147340578,4.792874908805689,11.389,11.18561904761905,11.166433941341209,4.8449340511899495,4.817093923325812,4.840323191800255,11.421,11.322494623655912,11.167007817675172,4.9317675696158165,4.861292912399187,4.862505083908849,10.96,11.139196721311475,11.103645117367693,4.883028264397928,4.888169732861226,4.871872339544648,7.717215836647736
2024-06-13,sz001338,10.86,10.77,10.93,10.69,44737,47880632.0,2.2,-1.1,-0.12,1.9,4.650666857562813,-0.03398105262018358,10.722,10.763333333333332,10.822314002030057,4.758828325436149,4.709013306772899,4.719165183685917,10.981,10.856909090909088,10.96896168130192,4.753992464822412,4.747374885034226,4.767018899488802,11.342500000000001,11.126666666666667,11.128678327880142,4.831628646838034,4.798592285837514,4.822260683777642,11.415,11.280494623655915,11.141394410083226,4.910681943961685,4.8431573825893155,4.848838101563945,10.965666666666666,11.132967213114753,11.092705933191702,4.879495012157807,4.880551326079747,4.864619700791145,7.680159874238573
2024-06-14,sz001338,10.77,10.8,10.94,10.69,72198,77482655.0,2.32,0.28,0.03,3.06,4.858525167084953,0.20785830952214024,10.774000000000001,10.789333333333333,10.814876001353372,4.737660687238003,4.742245587322501,4.765618511485597,10.93,10.823999999999998,10.938241375610662,4.766971467104581,4.766380830900143,4.783656402688102,11.301,11.075,11.097375629986795,4.829568256274912,4.801153859194363,4.825714444092624,11.401333333333334,11.240817204301075,11.119368964271406,4.899197536977365,4.83979242924243,4.849463073533042,10.972333333333333,11.127535519125683,11.08310901734935,4.881070112774129,4.879863790175719,4.864419880013893,7.889204493720978
2024-06-17,sz001338,10.81,10.81,11.0,10.66,76443,82150217.0,3.15,0.09,0.01,3.24,4.883337722572922,0.024812555487969234,10.79,10.801333333333334,10.813250667568916,4.753432193931389,4.790804599100809,4.804858248514705,10.869,10.802181818181818,10.914924761863269,4.78820740546683,4.787538331894387,4.801780279030797,11.253499999999999,11.028238095238095,11.070006522369004,4.829096474747367,4.806274760746555,4.831202375376462,11.382666666666667,11.202666666666666,11.099409676253895,4.892595297002326,4.838769215409886,4.851648534761421,10.976166666666666,11.122213114754096,11.074154623337897,4.881693598000061,4.879938138037974,4.865040137146975,7.914608714962537
2024-06-18,sz001338,10.76,10.55,10.85,10.47,77533,82159249.0,3.52,-2.41,-0.26,3.29,4.889486588538565,0.006148865965642791,10.764,10.721333333333336,10.725500445045945,4.793332849188451,4.836156063969867,4.833067695189325,10.797,10.744181818181818,10.848574805160855,4.794282987353343,4.8059527288165205,4.817726880759482,11.183,10.961238095238096,11.020482091667194,4.826180254562842,4.812026200155239,4.836753252820472,11.347666666666667,11.148946236559139,11.063963890689127,4.885819074553908,4.838568653573514,4.8540896995212375,10.973,11.108240437158472,11.056969225851407,4.881923219041512,4.880193645924483,4.8658416601434205,7.914656460815043
2024-06-19,sz001338,10.59,10.6,10.84,10.54,71069,74543625.0,2.84,0.47,0.05,3.01,4.851680204600478,-0.03780638393808733,10.706,10.666666666666666,10.683666963363965,4.8267393080719465,4.855605182440542,4.8392718649930435,10.724,10.708363636363638,10.8033793860407,4.81506430455535,4.816388586497818,4.823900212366936,11.118,10.905714285714286,10.980436178175081,4.826395812999077,4.814454766825492,4.838174867275711,11.317,11.100709677419355,11.03403073645112,4.880441272055162,4.836366145834583,4.853934248236028,10.967999999999998,11.096010928961746,11.041986628282508,4.877248922992662,4.879202071680514,4.865377350125619,7.872410508342926
2024-06-20,sz001338,10.55,10.36,10.64,10.36,53492,54969976.86,2.64,-2.26,-0.24,2.27,4.728288835934387,-0.12339136866609124,10.624,10.551333333333332,10.575777975575978,4.84226370374626,4.822788358394689,4.802277521973491,10.673,10.64218181818182,10.722764952215117,4.800546014591205,4.8006112285667335,4.806516325742836,11.0455,10.83352380952381,10.921347018348882,4.827523909542058,4.805111245200282,4.82770953095749,11.284333333333334,11.038967741935481,10.990544882486532,4.873386620090853,4.826549859633242,4.845828092603664,10.957333333333333,11.07607650273224,11.01962641096177,4.8733851723909565,4.874318134399915,4.8608826447423,7.74012555414644
2024-06-21,sz001338,10.34,10.32,10.49,10.29,34282,34973118.0,1.93,-0.39,-0.04,1.45,4.535066150579828,-0.19322268535455844,10.528,10.45,10.490518650383986,4.777571900445237,4.720389174005878,4.713207064842271,10.651,10.578000000000001,10.649534960903278,4.75761629384162,4.752342162382846,4.7571617484404705,10.986,10.764428571428573,10.864075873744227,4.811207965048927,4.7772581252991175,4.7998387328262835,11.240666666666668,10.976752688172045,10.947283922326111,4.854059122314331,4.804722732568015,4.82577893505374,10.945,11.055180327868852,10.996687840110566,4.867482647611051,4.863225707455289,4.850200136736973,7.543734353208003
2024-06-24,sz001338,10.22,9.88,10.24,9.81,75334,73820950.0,4.17,-4.26,-0.44,3.19,4.876991027724732,0.34192487714490394,10.342,10.234,10.287012433589325,4.776302561475598,4.753528883099043,4.767801719136425,10.566,10.43781818181818,10.509619513466317,4.764867377703493,4.7740466594525035,4.778948890128517,10.904,10.65909523809524,10.770354361959061,4.818315525533584,4.78352317888729,4.807186570435659,11.181000000000001,10.888967741935483,10.878426895079265,4.8496210059048614,4.806202210336428,4.829082941032514,10.929499999999999,11.020262295081968,10.960075124041365,4.868229766493402,4.863537457622949,4.8510785266054235,7.868179629820666
2024-06-25,sz001338,9.88,9.95,10.08,9.83,66833,65433605.34,2.53,0.71,0.07,2.83,4.82499095617387,-0.052000071550861726,10.222,10.103333333333333,10.174674955726218,4.763403435002659,4.769758347998468,4.7868647981489065,10.492999999999999,10.325818181818184,10.407870511017896,4.778368142095554,4.784978219174391,4.7873201748640355,10.8015,10.568238095238096,10.692225375105817,4.798512366702168,4.784158934186365,4.808882226220251,11.122333333333334,10.809548387096775,10.818528385719313,4.839487052233391,4.804613174869913,4.8288189420093754,10.920833333333333,10.988147540983606,10.92695790685968,4.866702576271203,4.862119791710834,4.85022319642734,7.815800850240744
2024-06-26,sz001338,9.88,10.18,10.23,9.86,44887,44474226.0,3.72,2.31,0.23,1.9,4.6521205805189725,-0.17287037565489793,10.138000000000002,10.089333333333334,10.176449970484146,4.723491510186358,4.7326640631705725,4.7419500589389285,10.422,10.268909090909093,10.366439509014642,4.775115409129152,4.762024117069557,4.76273843043766,10.735,10.50904761904762,10.643442006048119,4.773743854688451,4.770216859311775,4.793952545677272,11.066666666666666,10.748752688172043,10.777333005995487,4.821661170503017,4.7925250154044665,4.817419047719672,10.9155,10.963857923497269,10.902467483683953,4.864910499525587,4.8550843164402675,4.843728028692639,7.648108398647947
2024-06-27,sz001338,10.14,10.03,10.27,10.0,40405,40167951.12,2.65,-1.47,-0.15,1.71,4.606435111101875,-0.045685469417097835,10.072,10.053333333333335,10.127633313656098,4.699120765219855,4.693645263475744,4.696778409659911,10.348,10.197636363636363,10.305268689193797,4.770692234483058,4.731354971973689,4.734319645103881,10.6645,10.441904761904762,10.585018957853059,4.7623423496527355,4.75428269325591,4.7760937423843774,11.011,10.681870967741936,10.729117973350617,4.8113165093863755,4.778639463185037,4.803807180841105,10.912166666666668,10.934825136612021,10.873861992415627,4.862782827549694,4.846609713541129,4.835947933033925,7.603879679877762
2024-06-28,sz001338,10.0,9.97,10.17,9.96,47348,46855702.85,2.09,-0.6,-0.06,2.01,4.675301638939961,0.068866527838086,10.002,10.019333333333332,10.075088875770732,4.727167862891882,4.6857055547157795,4.6896194860865945,10.265,10.128909090909092,10.244310745704015,4.752369881668559,4.71401122732949,4.723589098528622,10.5975,10.375761904761903,10.526445723771815,4.75967067438657,4.745993101759455,4.76649449443729,10.955666666666668,10.614709677419357,10.680142620231223,4.803835464739461,4.769864310253011,4.795516500718451,10.906166666666667,10.903934426229508,10.844227172992163,4.860869016821478,4.840462789324417,4.830680841424286,7.670762456815223
2024-07-01,sz001338,9.97,9.96,10.04,9.77,48793,47443499.0,2.71,-0.1,-0.01,2.07,4.688357521194691,0.0130558822547302,10.018,10.005333333333335,10.036725917180489,4.689441161585874,4.672768774150049,4.689198831122627,10.18,10.073454545454547,10.192617882848738,4.732871861530736,4.702372616334241,4.71718335719518,10.5245,10.315047619047618,10.472498511984023,4.760539633498783,4.739201372884039,4.759052877937995,10.895666666666667,10.550473118279571,10.633681806022757,4.797021603675157,4.7624141203468975,4.788603018168531,10.898,10.87291256830601,10.81523611813996,4.861749408683535,4.834806674713704,4.826014503056102,7.676176711139406
2024-07-02,sz001338,9.96,10.04,10.12,9.88,44851,44252243.0,2.41,0.8,0.08,1.9,4.651772130538201,-0.03658539065648991,10.036,10.012666666666666,10.037817278120325,4.65479739645874,4.6602124304674915,4.6767232642611525,10.129000000000001,10.048,10.164869176876241,4.709100415730699,4.687627210699234,4.70529040689391,10.463,10.268904761904762,10.431308177509354,4.751691701542021,4.728842563078268,4.748835663899919,10.831666666666667,10.4952688172043,10.595379754021291,4.787153641618795,4.753043186596125,4.7797752189665745,10.883999999999999,10.844781420765026,10.789818540496027,4.856984806507646,4.827922173790905,4.820301638383384,7.645935288544239
2024-07-03,sz001338,10.0,10.0,10.11,9.96,33368,32881379.0,1.49,-0.4,-0.04,1.41,4.523330176837775,-0.12844195370042577,10.0,10.000666666666666,10.025211518746884,4.6290393157225,4.61639002392717,4.625592235120027,10.068999999999999,10.024545454545455,10.134892962898743,4.676265412954429,4.653850803627793,4.672206728701886,10.3965,10.224809523809524,10.39023120822275,4.745664858754889,4.707093846439769,4.727358950846382,10.768333333333334,10.441612903225804,10.55696815698766,4.776352346317527,4.736022317900576,4.76323037753891,10.869,10.815797814207652,10.763922850643697,4.853164001095677,4.816982677736156,4.810564869152381,7.516950022965702
2024-07-04,sz001338,9.96,9.6,10.01,9.57,45047,43156316.0,4.4,-4.0,-0.4,1.91,4.653665873520878,0.13033569668310285,9.913999999999998,9.867333333333333,9.883474345831257,4.638485468206301,4.62459887652663,4.634950114586977,9.992999999999999,9.939272727272726,10.037639696917154,4.668803116713078,4.6497417964580565,4.66883566412352,10.333,10.14895238095238,10.314971093153916,4.734674565652141,4.698332038322245,4.720340562529667,10.694666666666668,10.366236559139786,10.495228275891682,4.774616978599065,4.728107061591115,4.756161699860328,10.847000000000001,10.774191256830601,10.725761445704558,4.852646137788089,4.81044175552059,4.805420639787413,7.63504436443631
2024-07-05,sz001338,9.6,9.66,9.71,9.47,34308,32356922.6,2.5,0.63,0.06,1.45,4.535395401405614,-0.11827047211526409,9.852,9.782666666666668,9.808982897220838,4.610504220699431,4.5902355209264005,4.601765210193189,9.927000000000001,9.878727272727271,9.968977933841307,4.6688360417956565,4.625485848220336,4.64457379817481,10.289,10.084857142857144,10.252592893805925,4.713226167818638,4.679353070298766,4.70272673766071,10.633000000000001,10.299483870967741,10.441342580672865,4.7637506572978365,4.712673411449602,4.74191871286325,10.830166666666665,10.735273224043716,10.690818447484736,4.849084229084656,4.800040092032639,4.796567353283091,7.509967210054191
2024-07-08,sz001338,9.64,9.34,9.65,9.3,50482,46685122.0,3.62,-3.31,-0.32,2.14,4.703136552491182,0.16774115108556842,9.728,9.612,9.652655264813893,4.61346002695873,4.621112964856983,4.635555657625854,9.873,9.772,9.854618309506524,4.651450594272302,4.631722304710431,4.6552215716868774,10.2195,9.994476190476192,10.165679284872029,4.708158985987898,4.678392154553293,4.702765767644564,10.560333333333334,10.216064516129032,10.370288220629455,4.762693881779824,4.70876282404272,4.739416638000536,10.804499999999999,10.686415300546448,10.646529318059008,4.846827075579409,4.7952549223082634,4.793504048339094,7.669178498065388
2024-07-09,sz001338,9.28,9.53,9.65,9.18,53759,49627306.0,5.03,2.03,0.19,2.28,4.730451181576253,0.027314629085070763,9.626,9.546,9.611770176542596,4.629195837166341,4.660110016396158,4.6671874989426545,9.831,9.709636363636363,9.795596798687155,4.64199661681254,4.646086047856605,4.668899682575854,10.162,9.928809523809523,10.105138400598502,4.710182379454047,4.680515220799804,4.705402473733297,10.478,10.14959139784946,10.31607607736304,4.746340450072292,4.706682649836038,4.738838221457034,10.786499999999998,10.644628415300547,10.609921799434122,4.846346680043695,4.791439319226192,4.791436741232116,7.695720700321444
2024-07-10,sz001338,9.47,9.49,9.62,9.43,33665,31508825.0,1.99,-0.42,-0.04,1.43,4.527178618803965,-0.20327256277228845,9.524,9.500666666666666,9.571180117695064,4.629965525559578,4.626104276942033,4.620517872229758,9.762,9.647636363636364,9.740033744380398,4.62950242064104,4.6252100482186815,4.64313221643551,10.092,9.864809523809525,10.046553791017693,4.702308914885096,4.663086291214082,4.688428773263837,10.410666666666666,10.08584946236559,10.262780846565423,4.725663376672647,4.692543176850984,4.725182763221353,10.768,10.602120218579238,10.573203051911692,4.844085295818851,4.780974792628168,4.782772540496767,7.498432208139697
2024-07-11,sz001338,9.64,10.0,10.11,9.63,84600,82270556.0,5.06,5.37,0.51,3.59,4.9273703630390235,0.4001917442350589,9.604,9.659333333333333,9.714120078463377,4.684706423463207,4.725239222768514,4.7228020358328475,9.759,9.690909090909091,9.787300336311233,4.661595945834755,4.6793678559274055,4.69481187945433,10.0535,9.856047619047619,10.042120096635056,4.716144090158907,4.684520714847789,4.711185115147188,10.362666666666666,10.059354838709677,10.245827243561202,4.728760215046742,4.705556530810107,4.738227124499913,10.7605,10.576939890710385,10.554409509226062,4.848302204314076,4.783705450569813,4.787513452711266,7.915244432360479
2024-07-12,sz001338,10.48,10.6,10.79,10.27,207024,214581993.69,5.2,6.0,0.6,8.77,5.316020695521539,0.38865033248251546,9.792,9.991333333333333,10.009413385642251,4.840831482286392,4.935677313454624,4.920541589062411,9.822,9.84381818181818,9.935063911527372,4.725667851492912,4.7983541740522755,4.807758936921095,10.0435,9.908095238095237,10.095251516003145,4.739018866580735,4.7416518201204205,4.768788503754269,10.338999999999999,10.074666666666667,10.268677098815319,4.748336400088685,4.7434443037439635,4.775504129081954,10.769666666666668,10.571677595628413,10.55590427941537,4.8547896414412905,4.799040483068419,4.804841559032915,8.331593276021515
2024-07-15,sz001338,10.45,10.07,10.53,10.06,132514,133330466.41,4.43,-5.0,-0.53,5.62,5.122261763567583,-0.19375893195395566,9.938,10.084,10.0296089237615,4.924656524501673,5.029487407215021,4.987781647230802,9.833,9.88890909090909,9.959597745795122,4.769058275730201,4.870462158065853,4.864941269038638,10.006499999999999,9.910619047619047,10.092846609717132,4.750965068630469,4.778151143642977,4.80245262373649,10.294000000000002,10.05731182795699,10.255859221472397,4.763379180909255,4.7675685207426035,4.797875589371349,10.785166666666667,10.548737704918034,10.539972991565685,4.8569626465967755,4.807810060843051,4.815248778853724,8.124929398340527
2024-07-16,sz001338,10.07,10.1,10.17,10.02,67799,67268464.44,1.49,0.3,0.03,2.87,4.831223288296493,-0.2910384752710904,10.052000000000001,10.138,10.053072615841,4.944810945845721,4.998342995146628,4.935595527586033,9.839,9.937454545454544,9.985125428377826,4.787003391506031,4.881764887623359,4.858810727085521,9.983999999999998,9.919523809523806,10.093527884982167,4.748051903618365,4.785794783611171,4.805192687027919,10.254999999999999,10.04479569892473,10.245803787829018,4.763462264863358,4.771945559928876,4.800027053818133,10.788,10.526273224043717,10.525547647579923,4.855441935646744,4.806966147456156,4.815772533261684,7.827811514008858
2024-07-17,sz001338,10.09,10.07,10.19,10.03,52457,52106926.0,1.58,-0.3,-0.03,2.22,4.71980344979416,-0.11141983850233306,10.168000000000001,10.144,10.058715077227333,4.983335912043759,4.9233404964627745,4.863664834988742,9.846,9.979454545454546,10.000557168672767,4.806650718801669,4.86954671640302,4.833536676668909,9.9575,9.927714285714286,10.091287134031484,4.741458065878049,4.783104454675532,4.797060378719942,10.213,10.032860215053763,10.234461607969083,4.765993478770483,4.769128862182475,4.79485133742949,10.789333333333333,10.50273224043716,10.51061165913468,4.854531016988859,4.802518983985581,4.812626005934879,7.716895453120402
2024-07-18,sz001338,10.05,9.99,10.05,9.83,55786,54392194.0,2.18,-0.79,-0.08,2.36,4.746525222492889,0.026721772698729218,10.166,10.084666666666665,10.03581005148489,4.947166883934533,4.844403599945818,4.824618297490124,9.885000000000002,10.005636363636363,9.998637683459537,4.815936653698871,4.858614807983241,4.817716412273269,9.939,9.930809523809522,10.081640740314201,4.742369885205974,4.7835870410198025,4.792247506698318,10.183666666666666,10.018473118279568,10.218689891325917,4.761761928334384,4.767872845648438,4.791733523562613,10.789,10.476524590163937,10.493542424408952,4.855514585274639,4.798977810395549,4.810458767133502,7.735536577161849
2024-07-19,sz001338,9.95,9.94,10.02,9.82,44705,43583695.0,2.0,-0.5,-0.05,1.89,4.650356099216312,-0.09616912327657712,10.034,10.009333333333332,10.003873367656594,4.814033964673487,4.745466671706411,4.76653089806552,9.913,10.015636363636364,9.987976286466893,4.82743272347994,4.828509252622777,4.787287264444731,9.919999999999998,9.930904761904763,10.068151145998563,4.748134382637798,4.774823823306501,4.778734039319079,10.163666666666666,10.002752688172043,10.200709898337148,4.751295019705738,4.760685372802111,4.782612399411239,10.782666666666668,10.448688524590168,10.475393492461118,4.850496852013131,4.79225130265593,4.805209499332938,7.639324046701544
2024-07-22,sz001338,9.92,9.82,9.97,9.76,44909,43494489.72,2.11,-1.21,-0.12,1.9,4.652333384625905,0.001977285409592966,9.984,9.937999999999999,9.942582245104397,4.720048288885152,4.691566478357217,4.728465060252315,9.961,9.998727272727272,9.957435143472912,4.822352406693413,4.7966730091947705,4.762750195386762,9.917,9.921380952380952,10.044517703522509,4.7369015004828565,4.765699918733939,4.766695881729253,10.133333333333333,9.980580645161291,10.17614796941217,4.746223459556402,4.754300751184056,4.774207301683153,10.7695,10.417125683060107,10.453905181232884,4.843533262821024,4.785754139790777,4.800197167703199,7.638434240040149
2024-07-23,sz001338,9.75,9.57,9.85,9.57,44424,42408721.84,2.85,-2.55,-0.25,1.88,4.64761766046451,-0.004715724161394874,9.878,9.8,9.818388163402933,4.683327163318755,4.667422935550336,4.701515926989714,9.965,9.927636363636363,9.8869923901142,4.814069054582238,4.76490305533497,4.74181700721908,9.898,9.888333333333334,9.99932554128227,4.728032835697389,4.7571966958750505,4.755355098751658,10.096333333333332,9.944236559139787,10.137041648804933,4.744811271163444,4.747939086726516,4.766040228056144,10.753833333333334,10.377797814207652,10.424924683487543,4.840598191259515,4.779330677418431,4.795194560908487,7.627455183419389
2024-07-24,sz001338,9.52,9.37,9.61,9.36,52543,48798205.0,2.61,-2.09,-0.2,2.23,4.7205148656759786,0.07289720521146847,9.738,9.630666666666665,9.668925442268623,4.683469446495119,4.679818836336078,4.707848906551803,9.953,9.819454545454544,9.7929937737298,4.8334026792694385,4.7478932028065595,4.737943890574879,9.8575,9.838047619047618,9.939389775445862,4.73145254995524,4.7564806987301536,4.752036981315879,10.045666666666667,9.897376344086021,10.087555090817517,4.7460068363465435,4.746371576695066,4.763103107902586,10.733333333333333,10.332426229508197,10.390336988946968,4.838887202981181,4.775393519202577,4.7927460463106994,7.688403847147535
2024-07-25,sz001338,9.3,9.46,9.53,9.29,42970,39715733.0,2.56,0.96,0.09,1.82,4.6331653536839035,-0.08734951199207508,9.632000000000001,9.538,9.599283628179084,4.6607974727333215,4.663050805399006,4.68295438892917,9.899000000000001,9.729818181818182,9.732449451233473,4.803982178333928,4.711486416336462,4.718893247503792,9.828999999999999,9.800190476190476,9.89373360635578,4.732789062084341,4.747120013370979,4.740715873922357,10.002,9.859591397849462,10.047067665603485,4.745423452883913,4.739091481039412,4.754720026985251,10.708499999999999,10.290677595628416,10.359834136850347,4.828052698422799,4.768648540537093,4.787513892454083,7.598962582368667
2024-07-26,sz001338,9.46,9.62,9.74,9.46,43182,40788247.06,2.96,1.69,0.16,1.83,4.635302753071136,0.0021373993872328967,9.568,9.533999999999999,9.606189085452723,4.657786803504287,4.654552565511611,4.667070510309826,9.800999999999998,9.679090909090908,9.712004096463751,4.735910384088887,4.680817429925045,4.703694975788763,9.811499999999999,9.780285714285714,9.8676637390838,4.7307891177909,4.737835602988769,4.730676529079385,9.962666666666667,9.834946236559139,10.019514912983906,4.7379827057501185,4.731986919761168,4.747015686732728,10.682,10.254989071038253,10.335577279904433,4.8185901213637425,4.7623288701976945,4.782523363293986,7.610535041219822
2024-07-29,sz001338,9.66,9.59,9.66,9.53,34533,32586219.91,1.35,-0.31,-0.03,1.46,4.538234308637641,-0.0970684444334955,9.522,9.541333333333334,9.600792723635148,4.634966988306634,4.614701733889395,4.624125109752431,9.753,9.640727272727274,9.689821533470342,4.677507638595893,4.644876325297546,4.673611218124922,9.793,9.759190476190476,9.841219573456772,4.723282957163048,4.719497049736076,4.712348698561123,9.921999999999999,9.81090322580645,9.991804273436559,4.726479258618943,4.719099926399074,4.733545920404013,10.652333333333335,10.219185792349727,10.311132123186255,4.809537277810635,4.753136876337822,4.774513886092139,7.513033984047727
2024-07-30,sz001338,9.54,9.66,9.69,9.52,31706,29989846.35,1.77,0.73,0.07,1.34,4.501141455287782,-0.03709285334985868,9.540000000000001,9.587333333333333,9.620528482423433,4.6056717472712885,4.570093222883111,4.583130558264215,9.709,9.62381818181818,9.684399436475733,4.644499455295022,4.612809746514253,4.64225307942726,9.774,9.74652380952381,9.82396056646089,4.715751423400526,4.698340716224147,4.692233723011281,9.892333333333335,9.794,9.970397546118072,4.713534420843917,4.704562003603514,4.7185520839449016,10.620000000000001,10.186650273224043,10.289783528983426,4.799676747698912,4.74302553789445,4.765550855573963,7.476974240700572
2024-07-31,sz001338,9.62,10.12,10.15,9.62,72701,71296575.43,5.49,4.76,0.46,3.08,4.86154038460725,0.3603989293194676,9.69,9.780666666666665,9.787018988282288,4.6338768510575425,4.655382768661765,4.675933833711893,9.714,9.698545454545457,9.76359953893469,4.658673148776331,4.652271733661931,4.682123498550894,9.78,9.77947619047619,9.85215479822652,4.732661933789,4.712225379196215,4.708358166972802,9.876333333333333,9.808688172043011,9.980049317336261,4.71386309351081,4.714110775459213,4.727777135600538,10.596666666666668,10.170256830601092,10.284216855902002,4.797152182782986,4.745053853858658,4.768698053247185,7.853068669998118
2024-08-01,sz001338,10.12,10.1,10.27,10.04,54180,54000733.0,2.27,-0.2,-0.02,2.3,4.73383900069715,-0.12770138391010022,9.818,9.917333333333334,9.891345992188192,4.654011580460192,4.688703485208301,4.695235556040312,9.725,9.768727272727272,9.824763259128382,4.657404526596756,4.665938252192988,4.69152631712294,9.805,9.809952380952382,9.875759103157328,4.736670590147813,4.712337480806516,4.710784913041788,9.867666666666667,9.823118279569892,9.987788071056503,4.714048099002903,4.715399543664783,4.728168223671287,10.576,10.153972677595627,10.278176958987181,4.793717359546878,4.742978011823057,4.767555133491446,7.732399654928425
2024-08-02,sz001338,10.02,10.09,10.27,10.02,47835,47801609.0,2.48,-0.1,-0.01,2.03,4.67974577829864,-0.05409322239850933,9.912,10.008000000000001,9.957563994792128,4.662900185505693,4.69728155115445,4.690072296793089,9.739999999999998,9.835090909090908,9.872988121105038,4.66034349450499,4.6700002979569675,4.689384400973068,9.8265,9.83709523809524,9.896162998094725,4.743888108992465,4.706916070154214,4.707828804971012,9.860000000000001,9.837462365591398,9.994382389052857,4.7188707532601954,4.713186490716121,4.725044194937568,10.550333333333333,10.13803825136612,10.272007222626945,4.7864649377872635,4.739241238667376,4.764676138239222,7.679442515190797
2024-08-05,sz001338,10.25,10.14,10.72,10.14,127086,129857470.2,5.75,0.5,0.05,5.39,5.1040977106041066,0.4243519323054663,10.022,10.084,10.018375996528086,4.7760728658989855,4.844347392853922,4.828080768063428,9.772,9.90781818181818,9.921535735449575,4.705519927102809,4.750682882702261,4.764786820905984,9.8665,9.86695238095238,9.919385569704753,4.763936166898111,4.741221746498179,4.745568700745593,9.868666666666666,9.85552688172043,10.003777073630093,4.726440976022841,4.738039842802825,4.749499260464442,10.524833333333332,10.124584699453553,10.267679116967045,4.788030990963851,4.74965542794006,4.775804714382333,8.11346693797242
2024-08-06,sz001338,10.28,10.35,10.47,10.23,83642,84999618.0,2.37,2.07,0.21,3.54,4.9224244088727875,-0.18167330173131901,10.16,10.193333333333333,10.128917331018725,4.860329456615987,4.893131240511855,4.859528648333215,9.85,10.012909090909092,9.999438329004196,4.733000601943638,4.790120061205894,4.793448200536312,9.9075,9.913000000000002,9.96039646782811,4.773534828262937,4.756315864781482,4.762412101519612,9.882,9.886580645161288,10.026114036621701,4.7296887577794715,4.750683935244757,4.7606557216520775,10.502166666666666,10.118852459016393,10.270378162312388,4.784587905006432,4.754061769510845,4.780611917480381,7.929416973939412
2024-08-07,sz001338,10.36,10.32,10.43,10.24,57602,58589583.63,1.84,-0.29,-0.03,2.44,4.760437562830929,-0.16198684604185853,10.2,10.246666666666666,10.192611554012483,4.840108892260723,4.859833942583503,4.82649828649912,9.945,10.098363636363636,10.057722269185252,4.736992871659133,4.795108599549039,4.78744626640806,9.949,9.952285714285715,9.994644423273051,4.785197775464286,4.75506850616891,4.762224050215928,9.886666666666667,9.914838709677419,10.045074421355785,4.733299323856538,4.752667729119045,4.760641646889423,10.476666666666667,10.112879781420768,10.272005107810344,4.777480247179778,4.753269955013287,4.779950463229579,7.767820411681591
2024-08-08,sz001338,10.35,10.39,10.48,10.2,52518,53527107.57,2.71,0.68,0.07,2.23,4.720308178851134,-0.04012938397979493,10.258,10.31,10.25840770267499,4.8374027278915195,4.819900371446973,4.791101583949792,10.038,10.179272727272728,10.11813640206066,4.7457071541758555,4.792075019038493,4.775239341397709,9.9685,9.994285714285713,10.032297335342285,4.774844666254891,4.748888544586705,4.758232062466901,9.898666666666667,9.94731182795699,10.067327684494122,4.737095092781512,4.7518295907315995,4.758039487661146,10.454833333333333,10.11003825136612,10.275873792800168,4.774205801083943,4.751395460969725,4.777994978495859,7.728573776162673
2024-08-09,sz001338,10.43,10.36,10.53,10.35,47802,49108122.48,1.73,-0.29,-0.03,2.03,4.679446067549211,-0.040862111301922965,10.312000000000001,10.344,10.292271801783327,4.837342785741633,4.76724815133287,4.753883078482932,10.111999999999998,10.237818181818183,10.162111601685993,4.750121485623663,4.780027548742739,4.757822382516164,9.9565,10.031571428571429,10.063507112928734,4.743015934856276,4.739802963757592,4.750728634379502,9.911666666666667,9.977075268817204,10.08620976936547,4.737233240401821,4.748110298781128,4.752968944428119,10.433666666666666,10.106928961748633,10.278632029101802,4.770534352570641,4.748288584460389,4.774763866661543,7.691153330340875
2024-08-12,sz001338,10.28,10.32,10.46,10.22,56408,57375541.12,2.32,-0.39,-0.04,2.39,4.751340701668986,0.07189463411977481,10.348,10.346666666666666,10.30151453452222,4.76679138395461,4.738580789975321,4.75303561954495,10.185,10.275636363636366,10.19081858319763,4.771432124926798,4.780249224387344,4.756643895089404,9.969,10.066190476190474,10.08793500693552,4.724469881761345,4.740595798692137,4.75078692650231,9.923666666666668,10.00341935483871,10.101293010051569,4.739332679750963,4.749020457572558,4.752863896508176,10.409666666666665,10.10320218579235,10.279988356016498,4.76817714171306,4.747659284430828,4.773995894038835,7.758726794481211
2024-08-13,sz001338,10.36,10.33,10.37,10.23,28769,29136192.36,1.36,0.1,0.01,1.22,4.4589247662340945,-0.2924159354348914,10.344,10.340666666666667,10.31100968968148,4.67409145542687,4.635958584068484,4.654998668441332,10.251999999999999,10.302,10.216124295343516,4.767210456021429,4.723429704625034,4.702513144388439,9.980500000000001,10.100571428571428,10.110988815798805,4.705854955658226,4.715305787689541,4.72299053028629,9.933333333333334,10.02963440860215,10.11604829972566,4.73290443427416,4.730929624442438,4.733900081651783,10.3825,10.100590163934427,10.281628082048744,4.760029037946477,4.737519862283977,4.763665693127204,7.46443279571508
2024-08-14,sz001338,10.33,10.31,10.37,10.22,31799,32246746.4,1.45,-0.19,-0.02,1.35,4.502413462710515,0.04348869647642051,10.342,10.329333333333333,10.310673126454322,4.6224866354027885,4.578732586496364,4.604136933197727,10.271,10.312545454545456,10.233192605281058,4.731297763831755,4.675284796750322,4.666131384083362,9.9925,10.13195238095238,10.129942261913204,4.694985456304043,4.695930407408808,4.7019831905171685,9.943666666666667,10.053935483870967,10.128561312646587,4.732207210469919,4.716059239180267,4.718965461074927,10.355999999999998,10.098213114754099,10.282558308866818,4.754279778393723,4.729073449981158,4.755100046228296,7.508485902171017
2024-08-15,sz001338,10.31,10.28,10.43,10.25,34979,35537398.39,1.75,-0.29,-0.03,1.48,4.543807389456844,0.0413939267463288,10.32,10.308666666666666,10.300448750969549,4.587186477523931,4.55250617118105,4.5840270852841,10.289000000000001,10.314181818181817,10.241703040684502,4.712294602707725,4.641195637773066,4.64389065778763,10.007000000000001,10.159333333333333,10.144233475064325,4.684849564652241,4.681532496280502,4.686918828511423,9.966333333333331,10.075634408602149,10.138331550540357,4.728545261001117,4.703904412018134,4.707664940325374,10.3305,10.095721311475408,10.282474429887577,4.7515811198000915,4.722172715917653,4.748172418137429,7.5506856309475205
2024-08-16,sz001338,10.24,10.09,10.33,10.07,37642,37544999.0,2.53,-1.85,-0.19,1.6,4.575672690363307,0.03186530090646311,10.266,10.232000000000001,10.230299167313033,4.566431802086749,4.548668242127508,4.581242286977169,10.289,10.277999999999999,10.214120669650955,4.701887293914192,4.616355290074081,4.6314873909832075,10.014500000000002,10.167238095238094,10.139068382201057,4.68111539420959,4.671134698729175,4.676323958211603,9.980666666666668,10.083612903225804,10.135213385989367,4.7298878372997075,4.694041665525371,4.699149311295564,10.306833333333334,10.087836065573772,10.276163792842082,4.746819247298771,4.716405226427923,4.74251668935795,7.574552097096599
2024-08-19,sz001338,10.03,10.07,10.2,10.03,34674,34411963.0,1.68,-0.2,-0.02,1.47,4.540003944850027,-0.03566874551327981,10.216,10.166666666666666,10.176866111542022,4.524164450722958,4.539858956381934,4.5674961729347885,10.282,10.238181818181818,10.1879169115326,4.645477917338783,4.586921953880596,4.614854037140811,10.027,10.17252380952381,10.132490441039051,4.675498922220797,4.6576955130758835,4.663341099796215,10.004999999999999,10.089376344086022,10.131006070764247,4.724450083711669,4.6817910918189405,4.688881868299077,10.282666666666668,10.080071038251367,10.26940432422431,4.743571982745746,4.7096243968394385,4.735876927242936,7.53670944727225
2024-08-20,sz001338,10.07,9.67,10.1,9.63,67178,64525349.0,4.67,-3.97,-0.4,2.85,4.8272270700341755,0.2872231251841484,10.084,9.984666666666667,10.007910741028015,4.597824911482974,4.640879829485674,4.654073138634585,10.214,10.126909090909091,10.093750200344854,4.635958183454922,4.619967254370667,4.653467315848695,10.032,10.13852380952381,10.088443732368665,4.68447939269928,4.672145812867634,4.678949287437925,10.009666666666668,10.067763440860213,10.101263743618166,4.727675946660266,4.688421865130071,4.697807365185213,10.243833333333333,10.05998360655738,10.24975172343007,4.737008198366279,4.712367186586602,4.738872013891829,7.8097303622025676
2024-08-21,sz001338,9.62,9.56,9.71,9.51,42202,39703075.0,2.07,-1.14,-0.11,1.79,4.625333033150816,-0.20189403688335972,9.934000000000001,9.81,9.858607160685345,4.622408825571034,4.650049203374954,4.644493103473329,10.138,10.008,9.996704709373061,4.62244773048691,4.6180354088608295,4.648351991721808,10.0415,10.093571428571426,10.038115757857364,4.679720301073021,4.66651282624397,4.673842977505819,10.012,10.038752688172043,10.066343502094414,4.730947760471827,4.6818190965165565,4.6931316018281555,10.211333333333334,10.037562841530056,10.227136912825804,4.728305568572237,4.708705705759865,4.735149424359336,7.598824144138809
2024-08-22,sz001338,9.57,9.38,9.6,9.35,34524,32018909.81,2.62,-1.88,-0.18,1.46,4.53812110793795,-0.08721192521286536,9.754000000000001,9.625333333333334,9.699071440456898,4.621271569267256,4.62195329749726,4.6090357716282035,10.037,9.87018181818182,9.88457658039614,4.604229023395592,4.60270329567011,4.628310012852015,10.0375,10.03057142857143,9.975438066632853,4.674968088785724,4.653027188802535,4.660917085166022,9.991333333333333,9.997978494623656,10.02206327615284,4.717972785301792,4.6693786673208235,4.683130924802981,10.177,10.010306010928963,10.199361932077418,4.723366500174267,4.702470149673494,4.728689479558635,7.505406540838701
2024-08-23,sz001338,9.43,9.32,9.46,9.29,35423,32454873.0,1.81,-0.64,-0.06,1.5,4.54928533913167,0.011164231193719232,9.600000000000001,9.480666666666668,9.572714293637933,4.615994099020928,4.597957887452066,4.589118960796026,9.933,9.739818181818183,9.781926293051386,4.591212950553839,4.592713534894851,4.613941890357407,10.0225,9.962238095238094,9.9130153936202,4.6706672180887505,4.641057403121197,4.650285490305607,9.948666666666668,9.954666666666668,9.976768871239754,4.692414940088796,4.658495606277589,4.674495725727413,10.143833333333333,9.982207650273223,10.17053039332078,4.72037567008874,4.6967625706229175,4.722807376593816,7.511279914021538
2024-08-26,sz001338,9.32,9.34,9.47,9.28,45895,42105538.25,2.04,0.21,0.02,1.95,4.661765374193252,0.11248003506158266,9.454,9.394000000000002,9.49514286242529,4.640346384889573,4.613214979176173,4.613334431928434,9.834999999999999,9.632,9.701576057951133,4.582255417806265,4.605541248283835,4.622637069236651,10.010000000000002,9.897238095238093,9.858442498989705,4.676843771366531,4.640209608464482,4.651378812580621,9.924333333333331,9.915397849462366,9.935687008579126,4.6770650604429855,4.656518214929489,4.673674412725209,10.109166666666665,9.955852459016395,10.143299888621739,4.72022212067612,4.694840921577165,4.720805999465929,7.624339223465699
2024-08-27,sz001338,9.34,9.27,9.37,9.23,34900,31797592.72,1.5,-0.75,-0.07,1.48,4.54282542695918,-0.11893994723407264,9.374,9.332666666666666,9.42009524161686,4.583466056274574,4.580707993199376,4.5898314302720165,9.729,9.529272727272728,9.6231076837782,4.590645483878774,4.598372159038911,4.608125861549838,9.9905,9.826761904761904,9.80240035622878,4.678927969950101,4.627445956616163,4.641040394902388,9.896666666666668,9.873182795698925,9.892739459638538,4.667451798398408,4.647857593414406,4.6652325426757875,10.075833333333332,9.92833879781421,10.11466710538824,4.715457031630883,4.689024636537264,4.71497057085915,7.502394242374568
2024-08-28,sz001338,9.25,9.28,9.36,9.12,36435,33145183.99,2.59,0.11,0.01,1.54,4.561518773860811,0.018693346901631713,9.318000000000001,9.301333333333334,9.373396827744573,4.5707032044165725,4.573392232394789,4.580393878134949,9.626,9.447636363636363,9.560724468545798,4.596556014993803,4.593076393581099,4.599651845606378,9.9485,9.75909523809524,9.752647941349847,4.66392688941278,4.616264128417184,4.633466907184143,9.870333333333333,9.833397849462365,9.853207881597342,4.662175642533963,4.6410232047345605,4.658541331784499,10.041666666666666,9.902245901639347,10.087300970785346,4.714084560652223,4.683977480544804,4.709939364400188,7.520420434143109
2024-08-29,sz001338,9.24,9.37,9.4,9.23,38175,34994013.0,1.83,0.97,0.09,1.62,4.581779045728458,0.020260271867647006,9.315999999999999,9.318666666666667,9.372264551829716,4.579434791974674,4.57708417949875,4.580855600666119,9.535,9.401090909090907,9.526047292446561,4.600353180620965,4.590389671896491,4.596402245628575,9.912,9.703999999999999,9.716205280268909,4.656323891664345,4.608440524256772,4.628544253712174,9.849666666666668,9.801118279569893,9.822033179558805,4.656684103308482,4.635836327521302,4.653588926232497,10.016666666666667,9.880224043715847,10.063782906169433,4.709223015821433,4.679639594809597,4.70573738673882,7.543993748822471
2024-08-30,sz001338,9.33,9.57,9.74,9.26,63782,59708548.71,5.12,2.13,0.2,2.7,4.80469813320963,0.22291908748117173,9.366,9.403333333333332,9.438176367886477,4.6305173507902655,4.652171959910402,4.655469778180623,9.483,9.407454545454545,9.534038693819912,4.623255724905596,4.627543299639885,4.634274225188766,9.886,9.67142857142857,9.702280967862347,4.6625715094098945,4.622571404403942,4.645320813664313,9.837333333333333,9.783075268817205,9.80577297442598,4.661828837774926,4.645385619772989,4.663337907327796,10.000499999999999,9.86557923497268,10.047593302688467,4.706561928740332,4.682769926527243,4.708982001377207,7.77603651524645
2024-09-02,sz001338,9.57,9.28,9.6,9.28,49801,46052582.42,3.34,-3.03,-0.29,2.11,4.69723806344489,-0.10746006976474032,9.354,9.374666666666666,9.385450911924318,4.637611888640594,4.674412197461944,4.669392539935379,9.404,9.370545454545454,9.487849840398109,4.638979136765084,4.640994633919756,4.645722195780788,9.843,9.613714285714286,9.662063732827837,4.642228527051934,4.625872980978704,4.650265313643415,9.819333333333335,9.747118279569893,9.771852137366238,4.663325660402226,4.6476700859452444,4.665525014174061,9.976333333333333,9.841956284153005,10.022426309157698,4.704774559979314,4.682464226025753,4.708596954231885,7.663253988480972
2024-09-03,sz001338,9.27,9.3,9.4,9.25,36259,33136773.0,1.62,0.22,0.02,1.54,4.559415822360962,-0.13782224108392782,9.36,9.356666666666666,9.356967274616213,4.64092996772095,4.648346842035399,4.6327336340772405,9.366999999999999,9.351636363636363,9.453695323962089,4.612198011997762,4.62652857675537,4.630030127886274,9.7905,9.562,9.62758147255852,4.6240780977263425,4.617986056722421,4.641612981140324,9.810333333333334,9.713612903225807,9.741410063987772,4.660385599132108,4.640966225426452,4.658679259863538,9.953333333333335,9.819781420765027,9.998740200660723,4.702598435147776,4.677698365775972,4.703705769580379,7.520310212697338
2024-09-04,sz001338,9.27,9.19,9.38,9.17,44257,40159762.0,2.26,-1.18,-0.11,1.88,4.645981971552304,0.08656614919134231,9.341999999999999,9.3,9.30131151641081,4.657822607259249,4.650030843312518,4.637149746568928,9.33,9.319454545454546,9.405750719605344,4.6142629058379105,4.632671114856197,4.632930463098279,9.734,9.504809523809524,9.585907046600564,4.618355318162411,4.620072139943941,4.642029075465274,9.804333333333334,9.673591397849464,9.705835221149853,4.657901169327984,4.640036959130982,4.65786007997249,9.925,9.794754098360656,9.972224128507913,4.701954002837264,4.675842088281038,4.701813186038475,7.603791130372198
2024-09-05,sz001338,9.17,9.29,9.36,9.13,53066,48178357.0,2.5,1.09,0.1,2.25,4.724816352686888,0.07883438113458396,9.325999999999999,9.282666666666666,9.29754101094054,4.686430068650935,4.672362091788397,4.666371948608249,9.321,9.312181818181818,9.384705134222553,4.632932430312804,4.652771741556011,4.649636988478026,9.678999999999998,9.462523809523809,9.557725423114796,4.618580726854199,4.6302112860891285,4.6499135780578085,9.798666666666666,9.640408602150538,9.679007142365991,4.660956202628085,4.644354067734782,4.662179839502452,9.900333333333334,9.77393442622951,9.949856124294538,4.703189827755998,4.676591673522009,4.7025673882236685,7.682851985409098
2024-09-06,sz001338,9.28,9.18,9.36,9.17,47707,43419046.0,2.05,-1.18,-0.11,2.02,4.678582107306987,-0.046234245379901395,9.248,9.234,9.258360673960361,4.661206863470406,4.669746104673748,4.670442001507828,9.307,9.286545454545456,9.347486018909361,4.645862107130336,4.6610716828276795,4.654899737356018,9.620000000000001,9.415,9.521751573294338,4.618537528842087,4.635925703275109,4.652643914176778,9.783999999999999,9.600494623655914,9.64681313318109,4.66239884776928,4.645491222875357,4.663238050328551,9.873333333333333,9.750316939890709,9.924614939891438,4.700190776759699,4.675784863015484,4.701780985570663,7.63768027693767
2024-09-09,sz001338,9.07,9.18,9.26,9.04,34479,31013010.0,2.4,0.0,0.0,1.46,4.537554661422402,-0.1410274458845846,9.227999999999998,9.211333333333332,9.232240449306907,4.629270183065909,4.628528703991079,4.6261462214793525,9.291,9.263454545454545,9.317034015471295,4.6334410358532505,4.641379419971693,4.633564269004451,9.563,9.373095238095239,9.489203804409163,4.607848226829758,4.628213049235139,4.641683032962076,9.770333333333333,9.561526881720429,9.616696156846826,4.662376192862106,4.6374367592400745,4.655129444592671,9.846166666666667,9.727584699453551,9.900201335304834,4.694427725740524,4.670452531365081,4.696396515926458,7.4915439191864195
2024-09-10,sz001338,9.21,9.21,9.28,9.07,35030,31532720.0,2.29,0.33,0.03,1.48,4.544440137317692,0.006885475895289872,9.209999999999999,9.205333333333334,9.224826966204606,4.626275046057255,4.600252022075008,4.598910860092133,9.285,9.248727272727274,9.297573285385605,4.633602506889103,4.6251974384197725,4.61735988142504,9.507,9.33947619047619,9.462612965894005,4.6121239953839375,4.6221741835673225,4.632421804805468,9.755333333333333,9.525376344086022,9.590457695114774,4.663819482263102,4.629827981463015,4.647988198962027,9.823833333333333,9.706726775956282,9.877571783327625,4.68867695155351,4.665534905515153,4.69141433957863,7.498761434434581
2024-09-11,sz001338,9.23,9.06,9.24,9.02,36548,32629203.0,2.39,-1.63,-0.15,1.55,4.562863616239732,0.018423478922040104,9.184000000000001,9.155333333333335,9.169884644136404,4.6096513749947405,4.5791148788025,4.586895112141333,9.263,9.207818181818181,9.254378142588223,4.6337369911269946,4.612335821938068,4.607451469573165,9.4445,9.296904761904763,9.424268873904099,4.6151465030604,4.617482718886922,4.625797215418255,9.719999999999999,9.480516129032257,9.556234618010595,4.6538635899841845,4.623314699784088,4.642496290399299,9.798166666666669,9.68168306010929,9.850766151087376,4.6838633417474975,4.661409878127815,4.68719956176424,7.513606465852559
2024-09-12,sz001338,9.03,9.09,9.2,9.03,40506,36271776.23,1.88,0.33,0.03,1.72,4.607519358372464,0.044655742132731824,9.144,9.124,9.14325642942427,4.586191976131856,4.578404206595073,4.593769860885043,9.235,9.176363636363638,9.224491207572182,4.636311022391395,4.607568979619063,4.607463812991219,9.385,9.263142857142856,9.392433743056088,4.61833210150618,4.616756324154738,4.62405646712818,9.686333333333334,9.439870967741935,9.526154965235719,4.649652935240028,4.6203247493575255,4.640239714139503,9.777,9.658464480874319,9.825822998592708,4.681850517121465,4.658906796705682,4.684587096079263,7.55956882351535
2024-09-13,sz001338,9.09,8.96,9.13,8.96,34088,30168138.02,1.87,-1.43,-0.13,1.44,4.5326015211923965,-0.07491783718006761,9.1,9.062666666666667,9.082170952949514,4.556995858908937,4.560540721615255,4.5733804143208285,9.174000000000001,9.126363636363637,9.176401897104512,4.609101361189672,4.588712706673791,4.593852487209615,9.3285,9.222666666666665,9.351249577050746,4.616178543047635,4.608591506981997,4.615346472277153,9.648666666666665,9.393010752688172,9.489628838446318,4.64474812666982,4.612773045225421,4.6332953145945295,9.754333333333333,9.631677595628416,9.797435359294587,4.681809439965008,4.654013387003091,4.679603962476415,7.479548506310428
2024-09-18,sz001338,8.95,8.83,8.98,8.68,36234,31227463.03,3.35,-1.45,-0.13,1.54,4.559116279991961,0.02651475879956422,9.030000000000001,8.972666666666667,8.99811396863301,4.56130818262285,4.561247528642928,4.568625702877872,9.129000000000001,9.063818181818183,9.1134197339946,4.595289182844379,4.579624510092388,4.587536813170041,9.266499999999999,9.175190476190474,9.30160676018877,4.617134159804731,4.603157005738599,4.60999121586904,9.604999999999999,9.340193548387095,9.447072139191718,4.626582078982748,4.607248409955881,4.628509570426622,9.736833333333333,9.601371584699452,9.765716167186566,4.676511527502795,4.649990660446597,4.675653546657252,7.49453670287169
2024-09-19,sz001338,8.85,9.15,9.26,8.85,67009,59934786.0,4.64,3.62,0.32,2.84,4.826133136847682,0.2670168568557214,9.018,9.012666666666666,9.04874264575534,4.617646782528847,4.6495225133845395,4.6544615142011425,9.114,9.067636363636364,9.120070691450127,4.621960914293051,4.621596138092989,4.630917962929612,9.2405,9.164095238095237,9.287168021123174,4.617079463145407,4.623061670218879,4.630576160724148,9.565000000000001,9.31083870967742,9.427906194727736,4.623372369915245,4.620122671753619,4.641259477937658,9.7235,9.582131147540982,9.745528751868974,4.6765305638473595,4.654896286982495,4.680587303712676,7.777678958997989
2024-09-20,sz001338,9.15,9.17,9.19,9.07,37629,33721266.0,1.31,0.22,0.02,1.59,4.575522676989739,-0.25061045985794284,9.040000000000001,9.063333333333333,9.089161763836895,4.6201785946788485,4.635481144871504,4.628148568464009,9.111999999999998,9.077818181818182,9.129148747550104,4.614914984836795,4.61315282221966,4.620846092758725,9.221,9.157380952380953,9.276009161968586,4.614588945337353,4.619103881061197,4.625332971797062,9.526666666666666,9.285354838709676,9.411267085390463,4.617208540387206,4.617035594790682,4.637018394005535,9.706666666666667,9.563983606557377,9.726658956725728,4.675253932121871,4.651584552987164,4.677142561852907,7.527903871008845
2024-09-23,sz001338,9.12,9.1,9.27,9.08,34259,30729209.02,2.07,-0.76,-0.07,1.45,4.534774682014773,-0.04074799497496606,9.041999999999998,9.083333333333334,9.092774509224597,4.6056296594073105,4.6070131739834785,4.597023939647597,9.093,9.075636363636363,9.123848975268267,4.595910817769583,4.598581858070201,4.605196745350733,9.207,9.145857142857144,9.259246384638246,4.614421624041194,4.611502522649523,4.616708372770177,9.483666666666666,9.257827956989246,9.391185337945918,4.611024090492661,4.611717281347301,4.630422025490002,9.691166666666668,9.544092896174863,9.706112761423245,4.674059591637087,4.646978675934472,4.672474762513952,7.487551381516697
2024-09-24,sz001338,9.17,9.43,9.43,9.14,67568,61771785.0,3.19,3.63,0.33,2.86,4.8297410640808325,0.2949663820660593,9.136000000000001,9.212666666666667,9.205183006149731,4.665057567984997,4.68171697554132,4.674596314458675,9.117999999999999,9.136909090909091,9.179512797946764,4.611026713446967,4.64109644830861,4.646022985119842,9.2125,9.167095238095238,9.275508633720317,4.628444410288652,4.632009135986631,4.636997200514049,9.452666666666666,9.25436559139785,9.393689509691345,4.61603392371038,4.62582805383686,4.643281318302314,9.682166666666665,9.53553005464481,9.69705988399953,4.6766335820561,4.6520829865063975,4.677631034696472,7.790790151191175
2024-09-25,sz001338,9.52,9.45,9.69,9.44,68098,64048734.0,2.65,0.21,0.02,2.89,4.833134357115155,0.00339329303432212,9.26,9.317333333333332,9.286788670766487,4.719861183409637,4.737742571918039,4.727442328677502,9.145,9.197272727272727,9.22869228922917,4.640584683016243,4.681479656248281,4.680043234573535,9.218,9.189714285714285,9.292126859080287,4.637012859434747,4.651503416636775,4.655676929714154,9.423666666666666,9.254193548387098,9.39732244454997,4.61876037889192,4.639834533411361,4.65552990145153,9.673666666666666,9.527918032786886,9.688959559933974,4.679046529321441,4.657214159459152,4.68272950428397,7.806510549814539
2024-09-26,sz001338,9.47,10.01,10.04,9.4,94625,90777942.31,6.77,5.93,0.56,4.01,4.976005892508129,0.1428715353929748,9.431999999999999,9.567333333333332,9.527859113844325,4.749835734541726,4.823124141617537,4.810296849954378,9.225,9.354545454545455,9.370748236642047,4.683741258535287,4.742465330701351,4.73385462692528,9.254999999999999,9.265142857142857,9.36049572964407,4.658671882712194,4.683788467405669,4.686184449980248,9.413,9.292021505376344,9.436850028772554,4.635996416434387,4.66288263106402,4.6762057718422785,9.673166666666667,9.538945355191258,9.69948547600171,4.6844504253542745,4.666950532022651,4.692345123570008,7.957980334239165
2024-09-27,sz001338,10.15,10.39,10.53,10.06,126222,127718936.26,4.7,3.8,0.38,5.35,5.101135057332041,0.12512916482391123,9.675999999999998,9.886666666666667,9.815239409229552,4.854958210610187,4.940223915880975,4.907242919080266,9.358,9.566363636363636,9.556066739070765,4.737568402644517,4.81835511230076,4.800632886999236,9.310500000000001,9.373238095238095,9.458543755392254,4.6856526968857555,4.725927817369462,4.7257035554423235,9.415666666666665,9.35505376344086,9.498343575303357,4.655953802921772,4.692891575638062,4.703620564454521,9.679666666666666,9.562448087431695,9.72212529646067,4.694080506695844,4.680612323235037,4.7057480722179434,8.10625529274921
2024-09-30,sz001338,10.82,11.36,11.39,10.57,197181,214780302.52,7.89,9.34,0.97,8.36,5.294865064800438,0.19373000746839697,10.128,10.448,10.330159606153035,5.006976287167319,5.086859533944391,5.03645030098699,9.585,9.930363636363635,9.884054604694262,4.806302973287314,4.919681778147291,4.8904932829630905,9.41,9.568428571428573,9.639634826307278,4.7213069978393545,4.7839480428851475,4.77990941347643,9.451666666666666,9.480494623655913,9.618450441412818,4.680989058766558,4.73411165704959,4.7417653709284515,9.709,9.617540983606556,9.775826106412778,4.704767159883838,4.700310177599121,4.725063383450156,8.331994449750395
2024-10-08,sz001338,12.32,11.63,12.44,11.15,270815,313832868.17,11.36,2.38,0.27,11.48,5.432672715540484,0.1378076507400463,10.568,10.948666666666668,10.763439737435359,5.127562617459249,5.228758343402115,5.168524439171488,9.852,10.302181818181817,10.201499222022578,4.896310092722123,5.033567185829686,4.989071361613525,9.513,9.779857142857143,9.829193414278013,4.752705726955898,4.851697158856684,4.84207734700634,9.502999999999998,9.621032258064515,9.74822783228941,4.709555726272464,4.782607376841456,4.786340038322777,9.741833333333334,9.680524590163936,9.836618693087768,4.7197217817860855,4.724175933522291,4.74826368942033,8.496698425921863
2024-10-09,sz001338,11.26,10.5,11.32,10.5,195716,208816057.0,7.05,-9.72,-1.13,8.29,5.291626331164747,-0.1410463843757368,10.778,10.926,10.675626491623573,5.219261012269167,5.2834462479706135,5.2095584031692415,10.019,10.42,10.255772090745744,4.969561097839402,5.105442865546527,5.044081356077383,9.574000000000002,9.873857142857144,9.893079755775345,4.78242514034189,4.903022930686099,4.884891535973807,9.517333333333333,9.685354838709676,9.796729262464288,4.734609805816288,4.82016031909257,4.818939153990001,9.761166666666666,9.7053825136612,9.858368899871774,4.7295299447639785,4.7429269023543785,4.766078858002114,8.319763890874167
2024-10-10,sz001338,10.69,10.61,10.86,10.4,105205,110516605.0,4.38,1.05,0.11,4.46,5.022036380699923,-0.26958995046482404,10.898,10.870000000000001,10.653750994415716,5.228467109907527,5.2177047041141975,5.147051062346136,10.165,10.527454545454546,10.320177165155608,4.9891514222246265,5.114983826066622,5.0400731787360264,9.6395,9.97252380952381,9.961357874272931,4.805556168258838,4.925843048815435,4.897952949757247,9.548666666666666,9.755849462365592,9.849198342305302,4.741103449505146,4.8387039690850635,4.832042200874512,9.779166666666667,9.733213114754097,9.88301254249893,4.7343896980827065,4.752517277303097,4.774470907926632,8.043427535198395
2024-10-11,sz001338,10.65,10.25,10.66,10.12,83366,84913249.0,5.09,-3.39,-0.36,3.53,4.920988964030285,-0.10104741666963779,10.870000000000001,10.654,10.519167329610479,5.192437891247176,5.115211988821785,5.071697029574185,10.273,10.542909090909092,10.30741768058186,5.023698050928681,5.102590651849469,5.018421503334983,9.692499999999999,10.030666666666665,9.988847600532653,4.819306517882738,4.936836648412715,4.900146855878488,9.571666666666665,9.80109677419355,9.875056513769477,4.750958647201129,4.8503094861511995,4.837780701723272,9.791833333333333,9.748650273224046,9.895044918154703,4.740953203836478,4.75863528602269,4.7792747786185545,7.928975458426192
2024-10-14,sz001338,10.24,10.47,10.51,10.13,78068,79487528.6,3.71,2.15,0.22,3.31,4.892473053450895,-0.02851591057939018,10.692,10.520666666666667,10.502778219740321,5.111959488977267,5.015223709556357,5.011955704199755,10.41,10.578727272727274,10.33697810229425,5.059467888072293,5.078731561398961,4.9955217851742395,9.7515,10.104714285714286,10.034671638577162,4.827689352920937,4.9438048898953975,4.899416017552051,9.608,9.85905376344086,9.913439964494028,4.762770378718227,4.859439447844734,4.841309240544409,9.799666666666667,9.77088524590164,9.913895904444711,4.74037158201001,4.763603149944474,4.782986197465516,7.900298994252968
2024-10-15,sz001338,10.48,10.22,10.53,10.22,72218,73570368.0,2.96,-2.39,-0.25,3.06,4.858645456937789,-0.03382759651310607,10.41,10.363333333333333,10.408518813160216,4.997154037256728,4.930785698876531,4.960852288445767,10.489,10.544181818181817,10.315709356422566,5.062358327357988,5.0422183921017805,4.970635180040339,9.8035,10.149333333333331,10.05232195871267,4.836692520402478,4.946753090277954,4.89553310701736,9.638,9.898537634408601,9.933218031300866,4.773082382645098,4.865624936762125,4.842427706118176,9.793333333333333,9.784666666666668,9.923932104298984,4.732748661366947,4.767480981909319,4.7854668289236235,7.866702928394948
2024-10-16,sz001338,10.16,10.2,10.34,10.07,64594,64934478.0,2.64,-0.2,-0.02,2.74,4.810192179172952,-0.04845327776483721,10.35,10.293333333333333,10.339012542106811,4.900867206858369,4.868465079515273,4.910632252021495,10.564,10.491636363636363,10.294671291618464,5.060064109563768,4.996370001522682,4.941463725337177,9.854499999999998,10.187095238095237,10.066386534073368,4.850324396290006,4.944229248256094,4.887405399603606,9.666666666666666,9.934795698924729,9.95042977121694,4.778029942811087,4.868019117183277,4.8403479947023555,9.7955,9.797999999999998,9.93298351071541,4.727547501627035,4.770020113640663,4.786277496144913,7.812475353644833
2024-10-17,sz001338,10.3,10.0,10.32,10.0,67309,67106057.0,3.14,-1.96,-0.2,2.85,4.828073138354874,0.01788095918192223,10.228,10.176666666666668,10.226008361404542,4.862074558389359,4.844200390014108,4.883112547465955,10.562999999999999,10.38909090909091,10.24109469314238,5.045270834148442,4.954189824939247,4.920847254976758,9.894,10.20095238095238,10.060064007018761,4.864506046341864,4.942110080833701,4.881754708056108,9.690999999999999,9.956301075268815,9.953627850493268,4.78753819985761,4.871247710444167,4.839556068486389,9.793833333333334,9.804704918032785,9.935180772659166,4.72749499912801,4.773316036156331,4.78764784506983,7.826761721405322
2024-10-18,sz001338,10.02,10.19,10.35,9.97,97272,97375983.4,3.8,1.9,0.19,4.12,4.987987845453299,0.1599147070984248,10.216,10.164,10.214005574269695,4.875474334673962,4.886171485702088,4.9180709801284035,10.543,10.321272727272726,10.231804748934675,5.033956112960569,4.943774736085585,4.933054635063402,9.950500000000002,10.229142857142856,10.072438863493165,4.885762257802543,4.953870252177646,4.891872149712983,9.721333333333332,9.988494623655914,9.968877666590478,4.80175383557736,4.884179945643889,4.849132312161673,9.795833333333333,9.817693989071039,9.943535501424439,4.731964739055662,4.781856785216178,4.794216369672567,7.988451856642489
2024-10-21,sz001338,10.24,10.23,10.27,10.09,91538,91756649.0,1.77,0.39,0.04,3.88,4.961601419360097,-0.026386426093202076,10.168000000000001,10.168666666666667,10.21933704951313,4.889300007855803,4.914880513930799,4.9325811265389685,10.43,10.264363636363635,10.231476612764732,5.000629748416534,4.9306193372491345,4.938244959480983,10.0075,10.255761904761904,10.087444686017626,4.903466360851924,4.961093029468843,4.898513032536517,9.75,10.021311827956989,9.985724268745932,4.814414581365082,4.894492692984711,4.85638838359383,9.799833333333332,9.831928961748632,9.952927780066261,4.735549342336782,4.789385856701569,4.799704404088551,7.962637544525044
2024-10-22,sz001338,10.23,10.47,10.47,10.16,86541,88137624.04,3.03,2.35,0.24,3.67,4.937221909258508,-0.02437951010158912,10.218,10.269333333333332,10.302891366342088,4.905015298319946,4.930854481065035,4.934128054112149,10.314,10.271636363636363,10.274844501352963,4.951084667788337,4.919090639220403,4.938058950349623,10.083,10.299809523809524,10.123878525444518,4.92369738025523,4.964307843602802,4.902199592224326,9.78,10.067763440860215,10.016967864310711,4.81883204056671,4.90241574639719,4.861603449765745,9.808666666666666,9.853901639344262,9.969880967605071,4.740330439170818,4.795998072010477,4.804213174749861,7.945161338887478
2024-10-23,sz001338,10.45,10.43,10.54,10.37,92100,94610579.0,1.62,-0.38,-0.04,3.9,4.964259630196849,0.027037720938341003,10.264,10.34,10.345260910894726,4.935828788524725,4.950602591690669,4.944171912807049,10.306999999999999,10.292727272727273,10.30305459201606,4.918347997691547,4.921486086931041,4.942822710321845,10.163,10.332857142857144,10.15303295159266,4.9439545477654745,4.968170915025814,4.908110072031232,9.818333333333332,10.109698924731182,10.04361509887131,4.827732759458442,4.911798171534618,4.868226429148398,9.818833333333334,9.874273224043716,9.984966837519659,4.745529209930334,4.803340012699855,4.809460599518615,7.975939700296614
2024-10-24,sz001338,10.36,10.39,10.5,10.33,55644,56883493.0,1.63,-0.38,-0.04,2.36,4.745418341943429,-0.21884128825341964,10.342,10.382000000000001,10.360173940596486,4.919297829242436,4.887132442830237,4.8779207225191765,10.285,10.307818181818181,10.31886284801314,4.890686193815897,4.890044331340474,4.906931006980314,10.225,10.354476190476191,10.17560124191717,4.939918808020261,4.949262704947524,4.89261562154668,9.854666666666668,10.146580645161292,10.065962511847355,4.833932843444525,4.906487563953004,4.8603033267480775,9.832500000000001,9.892999999999999,9.998246613338686,4.747159221288316,4.80333637768389,4.807360853368609,7.7549862569208665
2024-10-25,sz001338,10.4,10.58,10.58,10.37,77671,80292217.28,2.02,1.83,0.19,3.29,4.8902588966530045,0.14484055470957546,10.42,10.461333333333334,10.433449293730991,4.899752039482378,4.87745279863376,4.8820334472304525,10.318000000000001,10.361454545454546,10.366342330192568,4.887613187078169,4.889966640947221,4.90389971419353,10.2955,10.388285714285717,10.21411540935363,4.955655619003425,4.944533189579214,4.892391171556806,9.901000000000002,10.19337634408602,10.099126220760429,4.842075407614549,4.910121502869679,4.862235944161299,9.852666666666666,9.91750819672131,10.017320494868565,4.7499882884712665,4.808028170318798,4.810078822000884,7.904673451179601
2024-10-28,sz001338,10.52,10.73,10.74,10.44,141764,147791579.28,2.84,1.42,0.15,6.01,5.15156595872906,0.2613070620760558,10.52,10.564666666666666,10.532299529153995,4.93774494735617,4.961390771715987,4.971877617729989,10.344,10.436363636363636,10.432461906521192,4.913522477605985,4.937958053974656,4.948929940472717,10.376999999999999,10.429666666666666,10.263247275129475,4.98649518283914,4.963191317172132,4.91707448462083,9.949000000000002,10.246860215053761,10.139827754904918,4.85630039448262,4.930088635199648,4.880902396714058,9.873833333333332,9.946273224043717,10.040687036020415,4.758628298555352,4.821194651310857,4.821275121565742,8.169649689969415
2024-10-29,sz001338,10.7,10.41,10.71,10.38,105246,108958299.32,3.08,-2.98,-0.32,4.46,5.02220559894059,-0.12936035978847027,10.508,10.528,10.491533019435998,4.9547416852925865,4.989544322244128,4.988653611466856,10.363000000000001,10.448363636363636,10.428377923517338,4.929878491806266,4.957718621490037,4.962252787466875,10.425999999999998,10.432809523809523,10.277223725117143,4.996118409582127,4.966592309181794,4.927086971698903,9.99,10.276602150537634,10.157258222330407,4.867754510870407,4.940792196777583,4.890018732341576,9.887,9.96385245901639,10.052795657790238,4.765076679319844,4.829836530012012,4.827863006069836,8.037260315918713
2024-10-30,sz001338,10.37,10.34,10.47,10.22,67930,69152349.5,2.4,-0.67,-0.07,2.88,4.832061614590727,-0.1901439843498629,10.49,10.472,10.441022012957333,4.928302082171362,4.948650965343508,4.936456279174814,10.376999999999999,10.444181818181818,10.41230921015055,4.9320654353480435,4.939933734723576,4.938581665125757,10.4705,10.424619047619048,10.28320241796313,4.996064772455906,4.950967852515946,4.9180369376886,10.028666666666668,10.299182795698924,10.169048014438124,4.877571409309351,4.938489429275667,4.886279563454425,9.899499999999998,9.978704918032786,10.062212193600395,4.769973801085728,4.832032757397943,4.828000665365603,7.8398069401582875
2024-10-31,sz001338,10.32,10.37,10.43,10.28,71601,72985898.9,1.45,0.29,0.03,3.03,4.854919087830888,0.022857473240160964,10.486,10.431999999999999,10.417348008638221,4.950202231348854,4.924189967230016,4.909277215393505,10.414,10.442909090909092,10.404616626486812,4.934750030295645,4.925907126084093,4.92337028743578,10.4885,10.41504761904762,10.291468854347594,4.990010432222045,4.937525406361182,4.9120257138926275,10.067333333333332,10.321204301075268,10.182012658667922,4.8879207076597915,4.937027989180283,4.884256306962585,9.911333333333333,9.994131147540985,10.072303597088906,4.775870094961446,4.834817848766636,4.828883236593972,7.86323896119619
2024-11-01,sz001338,10.32,10.16,10.39,10.13,90141,90841680.62,2.51,-2.03,-0.21,3.82,4.954922371707811,0.10000328387692292,10.402000000000001,10.323333333333332,10.331565339092148,4.963134926359816,4.925763347349668,4.924492267498274,10.411,10.396727272727272,10.360140876216482,4.931443482921096,4.9295748245226685,4.929107030030695,10.477,10.383761904761906,10.278948011076395,4.982699797940833,4.934183686312207,4.916111109875026,10.104000000000001,10.327182795698926,10.180592487140961,4.900989332842061,4.9413506771833795,4.88881540791389,9.912,10.002284153005464,10.07517888898763,4.777426461413123,4.840688415217339,4.833015667253442,7.958285160303758
2024-11-04,sz001338,10.1,10.39,10.41,10.1,82645,83467820.85,3.05,2.26,0.23,3.5,4.917216584004321,-0.03770578770348987,10.334,10.319333333333335,10.351043559394766,4.916265051414868,4.9104572332311704,4.922067039666956,10.427,10.392909090909091,10.365569807813484,4.9270049993855185,4.92698811562871,4.926945130753172,10.428500000000001,10.37547619047619,10.289524390973881,4.963817373901027,4.927947189746825,4.916216393125435,10.147333333333332,10.345634408602152,10.1941026492609,4.911312573696455,4.942397596613203,4.890647741855209,9.916833333333333,10.017956284153005,10.085500892627378,4.780482754468242,4.845271697925246,4.835776353048553,7.921519075233911
2024-11-05,sz001338,10.37,10.54,10.55,10.34,101871,104902996.22,2.02,1.44,0.15,4.32,5.008050569359983,0.0908339853556619,10.36,10.388,10.41402903959651,4.913434045498747,4.941052405879542,4.950728216231298,10.434000000000001,10.413454545454545,10.397284388211032,4.934087865395666,4.941723673805886,4.941691574136229,10.373999999999999,10.386095238095237,10.31337921088113,4.942586266592001,4.93215987502863,4.924962505147773,10.2,10.370967741935484,10.2164186073731,4.927160875302041,4.948638757623755,4.898222117823259,9.924333333333333,10.038387978142076,10.100402502705169,4.785954500985931,4.852732937757763,4.8414246880095835,8.020787892609473
2024-11-06,sz001338,10.54,10.59,10.63,10.41,112047,116158314.19,2.09,0.47,0.05,4.75,5.049400233018447,0.0413496636584636,10.41,10.464666666666666,10.472686026397675,4.95690176918429,4.986374468386108,4.983618888493682,10.45,10.441818181818181,10.43232359035448,4.942601925677826,4.96268955882821,4.961274966660269,10.3785,10.406666666666666,10.339724047940072,4.930474961684687,4.942332633735912,4.936813717325933,10.258666666666667,10.396129032258065,10.240520632703868,4.9435036737362585,4.956525167799006,4.9079755446100455,9.931833333333335,10.060213114754097,10.116454879665655,4.785042876359503,4.861370502742434,4.848243558337743,8.06505030046954
2024-11-07,sz001338,10.58,11.11,11.13,10.53,218362,235214861.36,5.67,4.91,0.52,9.25,5.3391770633999345,0.2897768303814878,10.558,10.698,10.68512401759845,5.0537533642981,5.113799566457991,5.1021382801290995,10.522,10.56181818181818,10.5555374830173,5.001977797823477,5.034794129323138,5.029984438794753,10.4035,10.476333333333335,10.41308366242197,4.946331995819687,4.9812566434230785,4.9751340359996465,10.324,10.451053763440859,10.296616075755232,4.960605137954667,4.982052483261178,4.9357949974352,9.944500000000001,10.098841530054646,10.149030129512683,4.791988753934956,4.87953883674376,4.864339738831585,8.371464757891951
2024-11-08,sz001338,11.15,11.0,11.26,10.89,156139,169434099.9,3.33,-0.99,-0.11,6.62,5.193511393576942,-0.14566566982299278,10.725999999999999,10.845333333333334,10.790082678398967,5.101471168671925,5.160385576217605,5.132595984611714,10.563999999999998,10.648727272727275,10.636348849741427,5.03230304751587,5.069618419460133,5.059716612391514,10.440999999999999,10.533142857142858,10.46898045647702,4.9599581172970195,5.004797538447578,4.995931879578436,10.385,10.494666666666665,10.341995683771023,4.981204761840908,4.997078693301325,4.95242186170241,9.955833333333334,10.133448087431695,10.17693078100407,4.799206651114056,4.892703513453334,4.875132252101925,8.229000819855678
2024-11-11,sz001338,10.94,11.0,11.0,10.77,107911,115683647.0,2.09,0.0,0.0,4.57,5.033065717118561,-0.16044567645838104,10.847999999999999,10.936666666666667,10.860055118932646,5.124640995294773,5.1375837590331495,5.099419228780663,10.591,10.728,10.702467240697532,5.02045302335482,5.069757086660621,5.054870995069159,10.4675,10.586380952380955,10.519553746336351,4.966987750480403,5.011760167002011,4.999468435534639,10.448333333333332,10.534344086021505,10.384447575140634,4.997814463011033,5.000424561383754,4.9576246910840975,9.966000000000001,10.16768306010929,10.203916657036725,4.8044192767518465,4.900371023814137,4.880310398495912,8.063271971573977
2024-11-12,sz001338,10.97,11.07,11.21,10.93,133820,146133178.85,2.55,0.64,0.07,5.67,5.126521025543412,0.0934553084248515,10.954,11.010666666666667,10.930036745955098,5.148335086531459,5.138210435782696,5.108453161034913,10.657,10.81509090909091,10.769291378752524,5.030884566015102,5.089042177967637,5.067898273337205,10.51,10.643761904761906,10.571977199066222,4.9803815289106845,5.026953812246108,5.0115686822021415,10.502999999999998,10.574451612903227,10.428676763841239,5.007707128393119,5.008728210579393,4.96852122879115,9.977833333333333,10.203879781420763,10.232312832215849,4.81187052605175,4.910931736889271,4.888382878071241,8.164748831646513
2024-11-13,sz001338,11.01,11.01,11.11,10.83,83282,89926751.91,2.53,-0.54,-0.06,3.53,4.920551146119846,-0.20596987942356648,11.038,11.029333333333334,10.956691163970067,5.122565269151739,5.062282455645492,5.045819156063224,10.724,10.879272727272728,10.813056582615701,5.039733519168014,5.0689815561685,5.041107886570412,10.550500000000001,10.69138095238095,10.61369365629801,4.9858994772580285,5.02125568055174,5.002900345432399,10.555,10.60716129032258,10.466181488754708,5.010621021359943,5.003105243981116,4.965426384747841,9.989333333333333,10.23772131147541,10.257810772143198,4.814690700125931,4.914495035907897,4.88943757538431,7.953888907290488
2024-11-14,sz001338,10.95,10.77,11.06,10.75,71071,76133975.48,2.82,-2.18,-0.24,3.01,4.851692426198394,-0.06885871992145187,10.97,10.94,10.894460775980045,5.025068341711431,4.971991507994376,4.9811102461082815,10.764,10.887636363636362,10.80522811304921,5.039410853004766,5.03479226653766,5.006668711957317,10.588999999999999,10.712285714285715,10.628579974745817,4.987080441650205,5.0084740566413,4.988499591219636,10.580333333333334,10.621032258064517,10.4857826830286,5.006477239149618,4.992851786228758,4.958088710002715,9.996666666666666,10.263316939890712,10.274603861581125,4.821236827792003,4.915708207254535,4.8882000295093615,7.881578507895888
2024-11-15,sz001338,10.78,10.66,10.9,10.64,65056,69061287.2,2.41,-1.02,-0.11,2.76,4.813287356957945,-0.03840506924044895,10.902,10.836666666666668,10.816307183986698,4.949023534387631,4.901397846409881,4.925169283058169,10.814,10.868727272727272,10.778823001585716,5.025247351529779,4.993678903620056,4.971508465593795,10.6125,10.719047619047618,10.631572358103357,4.978345417225437,4.991922334289656,4.971812711766142,10.589333333333334,10.626172043010753,10.49702250992998,4.9968823158038145,4.980387922861553,4.948746687225634,10.002500000000001,10.285065573770494,10.287239800545679,4.826418059362792,4.915447568866534,4.885743876310954,7.83923466869411
2024-11-18,sz001338,10.75,10.5,10.84,10.45,76495,80128395.6,3.66,-1.5,-0.16,3.24,4.8836330489657,0.07034569200775476,10.802,10.702666666666667,10.710871455991132,4.919137000757059,4.8796010179359035,4.911323871694012,10.825,10.811636363636364,10.728127910388313,5.021888998025917,4.967930848608406,4.955531117115959,10.626000000000001,10.708333333333334,10.619041657331609,4.974446998705718,4.9829021087411105,4.96341464864229,10.560666666666666,10.620408602150539,10.497214606063531,4.983174581942657,4.973081518549417,4.944545807337896,10.006166666666667,10.301377049180328,10.294215544790083,4.832081820354607,4.917323470164989,4.8856746688570105,7.903786447008569
2024-11-19,sz001338,10.48,10.57,10.57,10.34,70547,72744146.17,2.19,0.67,0.07,2.99,4.848478550178988,-0.03515449878671184,10.702,10.625333333333334,10.663914303994089,4.863528505684174,4.856048201076547,4.890375431189004,10.828,10.765272727272729,10.699377381226801,5.005931796107817,4.9364016762726,4.93606701403651,10.631,10.703000000000001,10.614371023300027,4.970009830751741,4.970905113643326,4.952468353550548,10.525333333333332,10.621010752688173,10.5019104379304,4.963701443097273,4.964391451984019,4.938347919779257,10.014166666666666,10.319863387978142,10.303257658075653,4.83662858468487,4.91786106786415,4.884455123982321,7.861798050738975
2024-11-20,sz001338,10.53,10.73,10.74,10.5,59175,61930173.6,2.27,1.51,0.16,2.51,4.772138266601121,-0.07634028357786704,10.646,10.634666666666668,10.685942869329393,4.833845929780429,4.825584788048862,4.850963042993043,10.841999999999999,10.747454545454545,10.704945130094655,4.978205599466084,4.893893761816837,4.9062617872300756,10.645999999999999,10.712428571428571,10.625383306795264,4.960403762571955,4.952060202771838,4.935294059555364,10.533,10.634215053763441,10.516625893547793,4.946385174278486,4.952032537371363,4.92762471634841,10.025166666666667,10.343333333333334,10.317249210269894,4.840497490047387,4.915746631205664,4.880772604068183,7.791902297406897
2024-11-21,sz001338,10.72,10.66,10.75,10.53,55060,57642510.0,2.05,-0.65,-0.07,2.33,4.740836207057312,-0.03130205954380916,10.623999999999999,10.639333333333333,10.677295246219597,4.811674685952212,4.794581547141157,4.8142540976811325,10.797,10.714363636363636,10.696773288259262,4.918371513831822,4.850735690469787,4.876184409016846,10.6595,10.713761904761904,10.628680134719524,4.960174655827649,4.931149007008538,4.916774264079359,10.534666666666668,10.642408602150539,10.52587583589955,4.937011835157066,4.938771313679675,4.9155738447812425,10.041666666666666,10.364147540983605,10.328486941080717,4.839057642331105,4.9124790481568095,4.876184525477663,7.7607428835822
2024-11-22,sz001338,10.67,10.24,10.7,10.22,73164,75239252.0,4.5,-3.94,-0.42,3.1,4.864297441069545,0.12346123401223341,10.540000000000001,10.511333333333335,10.5315301641464,4.821876702774533,4.812122465513601,4.830935212143936,10.721,10.613090909090909,10.61372359948485,4.885450118581082,4.840904040876646,4.874023142117336,10.6425,10.673809523809524,10.59166297903195,4.958876583048476,4.922017843698243,4.911776471411757,10.534333333333333,10.623397849462366,10.50743223358345,4.935122117725041,4.934080062448222,4.9122656897030685,10.052999999999999,10.370650273224046,10.325585729897742,4.8430403824630845,4.913306582541677,4.875794785005265,7.876444469309399
2024-11-25,sz001338,10.28,10.45,10.47,10.21,56845,57990599.0,2.54,2.05,0.21,2.41,4.754692270819595,-0.10960517024995031,10.530000000000001,10.481333333333334,10.504353442764266,4.796088547145312,4.789727654861954,4.805520898369156,10.666,10.563818181818181,10.583955672305786,4.857612773951186,4.817129886738194,4.852326620063201,10.628499999999999,10.655476190476191,10.578171266743192,4.939032898653003,4.902571718724063,4.89681607135536,10.533666666666667,10.617956989247313,10.503726928190968,4.930529424970664,4.922439427164,4.902099662678329,10.070833333333333,10.383666666666665,10.329664886294537,4.846649901844445,4.91040992314353,4.871824210769669,7.763357594712194
2024-11-26,sz001338,10.4,10.49,10.61,10.4,52062,53857946.0,2.01,0.38,0.04,2.21,4.71652084783545,-0.038171422984144776,10.514,10.467999999999998,10.499568961842845,4.769697006676604,4.763205088425334,4.775854214857921,10.608,10.531818181818181,10.566872822795643,4.8166127561803895,4.7914768092626066,4.8276346614763375,10.6325,10.642285714285713,10.569774003243841,4.923748661097745,4.881380094836677,4.879645097686797,10.542666666666667,10.615139784946237,10.502841319920584,4.925791938000586,4.908632422187535,4.890126835914272,10.090333333333335,10.397409836065576,10.334921775268485,4.849437160322841,4.906143396782579,4.866732297230842,7.731249786545309
2024-11-27,sz001338,10.44,10.64,10.65,10.22,69693,71632250.0,4.1,1.43,0.15,2.95,4.843189159532144,0.1266683116966938,10.495999999999999,10.509999999999998,10.546379307895231,4.783907185262809,4.787702472710515,4.798299196415996,10.571,10.537636363636363,10.580168673196436,4.80887655752162,4.796308882599288,4.830462752031938,10.6475,10.642999999999999,10.576462193411095,4.924305038344817,4.87370776135424,4.87617310357683,10.557333333333334,10.621419354838709,10.511690267022484,4.9268918373458925,4.9033032106734415,4.887098598728329,10.112,10.415431693989072,10.344924340013781,4.852460890078491,4.905938544297638,4.865960391076786,7.855108592750658
2024-11-28,sz001338,10.61,10.93,11.06,10.58,147070,157211362.16,4.51,2.73,0.29,6.23,5.1675240924202095,0.3243349328880658,10.55,10.654666666666666,10.674252871930154,4.869244762335389,4.915574775096314,4.921374161750734,10.587,10.60290909090909,10.643774368978903,4.8404597241438,4.861517525308122,4.8917466321025325,10.6755,10.66990476190476,10.610132460705277,4.939935288574283,4.89687148078999,4.903920816800009,10.588333333333335,10.645462365591397,10.538677991730712,4.938206869148071,4.918827872291139,4.90519056606329,10.139666666666667,10.442251366120216,10.36410714853792,4.8628725345028405,4.916268485358023,4.875847725547063,8.196483930666934
2024-11-29,sz001338,10.99,11.28,11.56,10.93,293248,326425483.24,5.76,3.2,0.35,12.43,5.467235058837266,0.29971096641705675,10.758,10.898,10.87616858128677,4.989832285888933,5.114904873930273,5.103327794112912,10.649000000000001,10.728909090909092,10.759451756437283,4.905854494331733,4.975476677070572,4.9963808915088475,10.7315,10.72747619047619,10.673929369209537,4.965550922930755,4.947090506529322,4.957569792232129,10.624666666666666,10.690086021505374,10.586505218070666,4.954181776260869,4.9529587232388295,4.941451501080966,10.173,10.479639344262292,10.394136422356349,4.8779678059191145,4.936083650090298,4.895237474179528,8.5137840557145
2024-12-02,sz001338,11.26,11.5,11.62,11.18,209533,236415270.8,3.9,1.95,0.22,8.88,5.321252431069714,-0.14598262776755266,10.968,11.145333333333333,11.084112387524513,5.103144317938956,5.2253782556571995,5.175969339765179,10.749,10.883636363636365,10.894096891630504,4.949616432542134,5.051003574659295,5.055448444156278,10.786999999999999,10.800666666666666,10.752602762618153,4.985752715284025,4.9809668406377945,4.992206234026185,10.667,10.746559139784948,10.645440365291915,4.966170143317856,4.976640700968432,4.965954786886692,10.208500000000003,10.523147540983604,10.430394244574174,4.890292362341469,4.950617572226383,4.909205177684124,8.373675525550919
2024-12-03,sz001338,11.77,11.38,11.9,11.33,226169,257108167.66,4.96,-1.04,-0.12,9.59,5.354433077815064,0.03318064674535037,11.146,11.282666666666668,11.18274159168301,5.23072676393488,5.309141175615903,5.235457252448475,10.83,10.998363636363639,10.982442911334047,5.000211885305742,5.124606601072554,5.109809286639694,10.828999999999999,10.857142857142854,10.812354880464044,5.003071840706779,5.016079256116941,5.026704028672745,10.697333333333331,10.792559139784947,10.69283130946663,4.980077182269741,5.0016899225488975,4.991017902430459,10.238666666666667,10.56155737704918,10.461528859506167,4.899454611418226,4.965835300602566,4.923802813753991,8.410115873271897
2024-12-04,sz001338,11.29,11.2,11.56,11.15,171521,191625012.64,3.6,-1.58,-0.18,7.27,5.234317300039354,-0.12011577777570981,11.258,11.300666666666666,11.18849439445534,5.308952392036322,5.3103380209840605,5.235077268312102,10.877,11.065636363636363,11.021998745636946,5.046429788649566,5.167171221933212,5.132447107257814,10.8595,10.892476190476192,10.849273463276992,5.012317694057825,5.0381026331962335,5.046476721183851,10.723,10.824989247311828,10.725551870146203,4.989079104597825,5.018092510792098,5.006714637760065,10.270666666666667,10.593076502732238,10.485741028046949,4.908405932028134,4.976814405147522,4.933983616583019,8.282452196509436
2024-12-05,sz001338,11.16,11.13,11.22,11.01,126107,137679576.5,1.88,-0.63,-0.07,5.34,5.100739194241577,-0.13357810579777674,11.298,11.258000000000001,11.168996262970229,5.295595412400596,5.2409336217191465,5.190297910288594,10.924,11.111636363636366,11.041635337339319,5.082420087367992,5.177045659313578,5.126682032163953,10.8605,10.918238095238095,10.876009323917279,5.0003958005999065,5.046523728451829,5.051644575760776,10.747666666666666,10.851247311827956,10.751645297878708,5.000923133007763,5.0252963875433085,5.012780738178227,10.301166666666665,10.621251366120218,10.506864273029016,4.917427988226145,4.983120413744684,4.939451012571824,8.138869521439231
2024-12-06,sz001338,11.14,11.33,11.38,11.06,139640,154495810.98,2.88,1.8,0.2,5.92,5.145009840142142,0.044270645900564176,11.308,11.268666666666666,11.222664175313486,5.23115036866157,5.190738430966328,5.175201886906444,11.033,11.185454545454544,11.094065276004898,5.110491327275251,5.188425614363424,5.130014360887261,10.877,10.96295238095238,10.919246531163253,4.997970722928168,5.060296494122519,5.060536505701859,10.772666666666668,10.888817204301077,10.788958504467178,5.009414831124067,5.034592304132623,5.021311647982351,10.336833333333335,10.654983606557376,10.533852329651015,4.925745119369308,4.990582113807503,4.946190646262654,8.188916708402056
2024-12-09,sz001338,11.31,11.21,11.37,11.1,95636,105762122.45,2.38,-1.06,-0.12,4.05,4.980621403346539,-0.164388436795603,11.25,11.236,11.218442783542326,5.163024163116935,5.1072287758613175,5.11034172571981,11.109,11.217636363636364,11.11514431673128,5.133084240527945,5.164812900921839,5.1028520049707655,10.8875,10.994666666666667,10.946937337719133,4.995348507239566,5.058644177971888,5.052925543572781,10.788666666666666,10.917032258064516,10.81612247192091,5.003716679277985,5.032734663630846,5.018686470909073,10.368833333333333,10.683612021857925,10.556021105728032,4.930008536880303,4.992381336232987,4.947319523544092,8.02433015771526
2024-12-10,sz001338,11.64,11.32,11.76,11.3,179273,203643789.74,4.1,0.98,0.11,7.6,5.253514886137867,0.2728934827913285,11.238,11.259333333333334,11.252295189028217,5.142840524781495,5.137392350201628,5.1580661125258285,11.192,11.256,11.152390804598319,5.186783644358188,5.186709381941825,5.130245256092056,10.900000000000002,11.035857142857143,10.982467115079217,5.0016982002692885,5.083231452152679,5.072029290483742,10.818999999999999,10.95131182795699,10.848630699538916,5.011426988851227,5.048850676976646,5.033836691246416,10.4045,10.714797814207651,10.581069594064818,4.939590749860817,5.002988101782415,4.957358715760281,8.308871170509551
2024-12-11,sz001338,11.32,11.88,12.22,11.32,304061,355215090.12,7.95,4.95,0.56,12.89,5.48296071948323,0.22944583334536262,11.374,11.473333333333334,11.461530126018811,5.192569208670271,5.25076574843554,5.266364314844963,11.315999999999999,11.38109090909091,11.284683385580442,5.250760800353296,5.240559759237286,5.194375340344997,10.9435,11.129190476190477,11.067946437452624,5.029818678937458,5.129065977792101,5.111165617055121,10.870333333333331,11.019763440860213,10.915170654407373,5.033123625680976,5.079272207985161,5.06281243500363,10.4495,10.76317486338798,10.623657476226628,4.955347517495165,5.0208035106224935,4.974591568341362,8.550491407040804
2024-12-12,sz001338,11.85,11.99,12.0,11.72,212144,248782470.98,2.36,0.93,0.11,8.99,5.326630753266245,-0.15632996621698503,11.546000000000001,11.678666666666667,11.637686750679208,5.237747520475205,5.295452929967531,5.286453127652057,11.422,11.503636363636362,11.41292277002036,5.2666714664379,5.2543542961305505,5.21842177905795,11.0045,11.228857142857144,11.155761062457136,5.05356559529085,5.157333794394844,5.131686106218086,10.924333333333333,11.091999999999999,10.984514483155284,5.0488473478621545,5.098208151700341,5.079832971665734,10.495833333333334,10.81368306010929,10.66845559176018,4.968384027760973,5.032976731467447,4.986133836699555,8.395819777044315
2024-12-13,sz001338,11.9,11.83,11.98,11.78,173080,202585414.99,1.67,-1.33,-0.16,7.34,5.238246886526687,-0.08838386673955778,11.646,11.773333333333335,11.701791167119474,5.256394929752114,5.295619385318025,5.270384380610267,11.477,11.57781818181818,11.488754993653021,5.243772649206841,5.249186190692147,5.222026344052265,11.062999999999999,11.30747619047619,11.219974294604077,5.074813571769288,5.174922488798256,5.141834751961762,10.979999999999999,11.150430107526882,11.039061935854944,5.058291498356118,5.110427476775471,5.090053224237408,10.542,10.857426229508198,10.706539014981157,4.979640415599089,5.04182469404993,4.994399838333231,8.306608175390654
2024-12-16,sz001338,11.77,11.54,11.82,11.47,133962,153524090.45,2.96,-2.45,-0.29,5.68,5.126981622762125,-0.1112652637645617,11.712,11.738,11.64786077807965,5.28566697363523,5.252481616321362,5.222583461327553,11.481,11.589272727272727,11.498072267534289,5.224345568376083,5.22795145861129,5.2047454856358755,11.114999999999998,11.352904761904762,11.250452933213213,5.086981000459109,5.179890874607098,5.140420168228464,11.018333333333334,11.186559139784947,11.071380520638495,5.065283666314711,5.1148590977048904,5.092435701561584,10.582833333333333,10.890147540983607,10.733865604653905,4.988298120005584,5.0466555533011785,4.998746782084998,8.186176533093997
2024-12-17,sz001338,11.5,11.2,11.51,11.17,119156,132407516.64,2.95,-2.95,-0.34,5.05,5.076115915765855,-0.050865706996270355,11.687999999999999,11.567333333333332,11.4985738520531,5.250187179560829,5.182631263698237,5.173760946140321,11.463,11.538181818181819,11.44387730980078,5.1965138521711625,5.201000612682158,5.181358291114053,11.1465,11.360999999999999,11.24564789195481,5.098362868738452,5.178856104636312,5.134295953708215,11.040333333333333,11.198279569892472,11.079678551565046,5.067552511194907,5.115557952508192,5.091382812155408,10.620166666666668,10.910382513661203,10.749148699583285,4.9973566932484745,5.049534825293316,5.001283474992567,8.12191264025937
2024-12-18,sz001338,11.25,11.23,11.33,11.08,94582,104413981.87,2.23,0.27,0.03,4.01,4.975808493225403,-0.10030742254045144,11.558,11.414666666666667,11.409049234702067,5.148756734309264,5.091171701586429,5.107776795168682,11.466,11.495818181818182,11.404990526200638,5.170662971489767,5.16087236560111,5.143985600588844,11.1715,11.368952380952381,11.244157616530543,5.108546380069666,5.167184259349354,5.119201909852709,11.061666666666667,11.210516129032257,11.089376709528592,5.065099453201806,5.109638983606932,5.083926404482505,10.660166666666665,10.930377049180327,10.76491431599039,5.004301563469032,5.048828326931905,5.000448229688725,8.018758658076283
2024-12-19,sz001338,11.09,11.12,11.18,10.9,110193,119755581.46,2.49,-0.98,-0.11,4.67,5.042154006875738,0.06634551365033481,11.383999999999999,11.268666666666665,11.312699489801378,5.091861385031162,5.0556374591085875,5.0859025324043685,11.465,11.43290909090909,11.35317406689143,5.164804452753183,5.137507099307651,5.12547076536828,11.194500000000001,11.36404761904762,11.232333081622873,5.123612270060588,5.160861176188028,5.111864014331093,11.062000000000001,11.214279569892476,11.091352405688038,5.055198684650999,5.108158632231057,5.08123141108852,10.693,10.945453551912566,10.776556469564476,5.007901911302833,5.050069390650157,5.001815632219447,8.078295763763347
2024-12-20,sz001338,11.12,11.38,11.47,11.06,116011,129998302.83,3.69,2.34,0.26,4.92,5.064499170371817,0.022345163496078513,11.294,11.267333333333333,11.33513299320092,5.057111841800188,5.046516720888805,5.078768078393518,11.47,11.417454545454547,11.358051509274805,5.156753385776151,5.119269775238311,5.114385020823468,11.2515,11.381714285714287,11.24639659765879,5.133622356525701,5.15523135717005,5.107353076811163,11.074666666666667,11.234795698924728,11.10997483112752,5.050898277210828,5.108758663567884,5.080151911687443,10.729833333333334,10.967978142076502,10.796341503349245,5.016051519525869,5.051925038488485,5.003870830191656,8.113937682488551
2024-12-23,sz001338,11.37,10.81,11.37,10.78,106995,115879445.94,5.18,-5.01,-0.57,4.53,5.029363483076365,-0.03513568729545202,11.148,11.106,11.160088662133948,5.037588213863036,5.037267267980864,5.062299879954467,11.43,11.297454545454546,11.258405780315748,5.161627593749133,5.096107974747442,5.098926559414903,11.2695,11.339666666666666,11.204835016929382,5.1473559171385395,5.145301940651066,5.099925496455468,11.068333333333333,11.217720430107526,11.090621616216067,5.050774869409421,5.107369322010823,5.076875238873825,10.758333333333333,10.97060655737705,10.796789322911565,5.024294666210227,5.052361496309814,5.004706654876401,8.064006410023476
2024-12-24,sz001338,10.83,11.05,11.15,10.83,65393,70654828.88,2.96,2.22,0.24,2.77,4.815531261717549,-0.21383222135881574,11.118,11.073333333333332,11.123392441422633,4.985471283053374,4.963248283932369,4.980043673875494,11.403,11.228363636363635,11.22051382025834,5.117829231307101,5.0331813689235165,5.047400141651748,11.297500000000001,11.318761904761905,11.190088824840869,5.152306437832644,5.113699592515732,5.0728403312423325,11.067666666666668,11.216537634408601,11.088000866782773,5.040408543948559,5.0921923150629596,5.060014337121808,10.785333333333334,10.980169398907105,10.805091312324299,5.02405783617084,5.045516794523167,4.998504182969553,7.849141848906042
2024-12-25,sz001338,11.04,10.86,11.04,10.69,67704,72248459.0,3.17,-1.72,-0.19,2.87,4.830614327866972,0.015083066149423452,11.044,10.987333333333334,11.035594960948423,4.956432449981689,4.911629298870236,4.930233891872653,11.301,11.129636363636363,11.154965852938641,5.052594592145476,4.980960477388948,5.007984539145425,11.308499999999999,11.277095238095237,11.158651793903642,5.151677696249386,5.083062248709479,5.049771188063727,11.062666666666669,11.203139784946236,11.07329113344195,5.037410650006796,5.078657204348018,5.045214336524722,10.808833333333332,10.982617486338798,10.806891597166125,5.02401583568337,5.039174384414845,4.992999597556354,7.858828588384519
2024-12-26,sz001338,10.85,10.9,10.95,10.83,55546,59586101.0,1.1,0.37,0.04,2.35,4.744652789820986,-0.08596153804598661,11.0,10.939333333333334,10.990396640632282,4.896932206570737,4.841036078816668,4.868373524522098,11.192,11.056727272727272,11.108608425131616,4.99439679580095,4.924971058784496,4.960106039268254,11.307,11.238190476190477,11.134018289722343,5.130534131119424,5.044297971906774,5.0207122929929895,11.067,11.19264516129032,11.062111060316663,5.03384266212755,5.059769600465063,5.02582326899545,10.823666666666666,10.985606557377048,10.80994433168527,5.0201599506385834,5.030014940288209,4.984857079269949,7.775144968415481
2024-12-27,sz001338,10.92,11.4,11.6,10.86,172359,191621940.49,6.79,4.59,0.5,7.3,5.236433965714881,0.4917811758938955,11.004000000000001,11.072666666666667,11.126931093754855,4.93131916563935,4.954203331864716,4.991060338253026,11.149,11.094545454545456,11.161588711471321,4.9942155037197695,4.968977816950666,5.010347480440368,11.313,11.247047619047619,11.159349881177357,5.118994076463305,5.054383670439674,5.041257214204598,11.091666666666667,11.214129032258064,11.083910346747848,5.047947549086115,5.072840007148117,5.039411055880574,10.8405,11.004502732240436,10.829290419170999,5.022414932444964,5.0371058916021845,4.99310550177634,8.282445233804152
2024-12-30,sz001338,11.37,11.17,11.45,11.12,93896,103759240.41,2.89,-2.02,-0.23,3.98,4.972647091574639,-0.2637868741402425,11.075999999999999,11.127999999999998,11.14128739583657,4.919975887339005,4.967979307176478,4.98492258936023,11.111999999999998,11.098363636363638,11.163118036658354,4.97878205060102,4.965056287469733,5.003492864282962,11.2965,11.233428571428572,11.160364178208084,5.101563809488551,5.04044586235504,5.034722916811268,11.114,11.219182795698927,11.089464517925407,5.050914683839746,5.067981913115118,5.035103703344708,10.837333333333333,11.015306010928962,10.840461225099817,5.017044632891201,5.035474159114634,4.992434734228743,8.016026783749183
2024-12-31,sz001338,11.19,11.05,11.55,11.02,140111,155883085.66,4.74,-1.07,-0.12,5.94,5.146472232728797,0.17382514115415848,11.076,11.119333333333334,11.110858263891048,4.986164081541255,5.0434780889730755,5.038772470483086,11.097,11.087090909090909,11.14255112090229,4.985817682297315,4.995545411492964,5.029489113091295,11.280000000000001,11.20995238095238,11.149853304093028,5.091165767234239,5.044722855044586,5.045365708803414,11.13,11.21505376344086,11.086918419994737,5.060847806591407,5.0741469162692505,5.042288769756585,10.827666666666666,11.02227868852459,10.847331348867035,5.01227462484434,5.039717686978161,4.99748514401563,8.19279899393774
2025-01-02,sz001338,11.05,11.09,11.37,10.95,148908,164064875.86,3.8,0.36,0.04,6.31,5.1729180306099645,0.026445797881167188,11.122,11.124,11.103905509260699,5.0546248220898535,5.105729405329312,5.0834876571920455,11.083,11.085818181818182,11.132996371647327,5.005528636035772,5.029563656640719,5.05556709809469,11.2745,11.191857142857142,11.144152989417503,5.088095803762768,5.052508784889894,5.057513548975466,11.142,11.21247311827957,11.08711723160798,5.074207132058367,5.081377253302706,5.05071646400519,10.8375,11.030879781420767,10.855287698084508,5.010296153168427,5.044984683888511,5.003237041936755,8.215015614246687
2025-01-03,sz001338,11.09,10.47,11.2,10.36,154929,163369319.34,7.57,-5.59,-0.62,6.57,5.190132717702155,0.017214687092190317,11.036,10.906666666666668,10.892603672840467,5.143720807666087,5.150898703866746,5.119036010695416,11.017999999999999,10.974363636363638,11.012451576802357,5.020326507118412,5.063128035125517,5.080033574386956,11.2415,11.115238095238096,11.079947942806312,5.092565479935798,5.062226586217455,5.070143945997055,11.135666666666667,11.169118279569892,11.047303216665531,5.089183682413196,5.08885632334424,5.0597110610178975,10.835166666666668,11.018830601092898,10.842655314540753,5.013097758785131,5.050880964692896,5.00936476901103,8.213170499611195
2025-01-06,sz001338,10.34,10.3,10.51,9.98,99736,100637343.0,5.06,-1.62,-0.17,4.23,4.998851946469444,-0.19128077123271048,10.815999999999999,10.661333333333333,10.695069115226978,5.096204403817,5.102609083467865,5.0789746559534255,10.91,10.84381818181818,10.882914926474657,5.013761784728175,5.059223569552976,5.065273278401953,11.19,11.025571428571428,11.005667186348568,5.085257585252163,5.053301487792088,5.06335423175633,11.137666666666668,11.11520430107527,10.999090105912916,5.093668832593193,5.083028469412386,5.055784666530901,10.836,11.001284153005466,10.824863337014826,5.014395475159117,5.050413888879265,5.009020086304749,8.00275916212672
2025-01-07,sz001338,10.3,10.27,10.39,10.06,72057,72311189.22,3.2,-0.29,-0.03,3.05,4.857676176873876,-0.1411757695955682,10.636,10.479333333333333,10.553379410151319,5.073210220876847,5.023099674486823,5.005208496260243,10.856,10.727454545454545,10.77147584893381,4.996593054107927,5.030844368124922,5.0275283508513935,11.143,10.937952380952382,10.935603644791561,5.07911032392853,5.031627067946537,5.043765845577049,11.131666666666666,11.059225806451614,10.952052034563696,5.097101629461668,5.067803136785334,5.043003473649803,10.832666666666665,10.982726775956284,10.806671096456961,5.013815527216166,5.04527555123057,5.004057990913572,7.859205503940693
2025-01-08,sz001338,10.25,10.09,10.26,9.88,85286,84474678.01,3.7,-1.75,-0.18,3.61,4.930877746035563,0.07320156916168674,10.443999999999999,10.297333333333334,10.398919606767546,5.0300913235382,4.975655516206396,4.980431579518683,10.760000000000002,10.588181818181818,10.64757114912766,5.008127702539728,5.018896130293584,5.009955513612152,11.0815,10.837666666666669,10.855069964335222,5.062978466923415,5.017509679575777,5.033014598001669,11.118333333333332,10.992021505376343,10.896435774269264,5.104246859401671,5.05707901527397,5.035769555739207,10.830499999999999,10.958377049180331,10.783173683458372,5.015019398701129,5.04255627971645,5.00165863862249,7.926726545060764
2025-01-09,sz001338,10.02,10.07,10.31,9.97,81022,81028850.92,3.37,-0.2,-0.02,3.43,4.908602959388711,-0.022274786646852007,10.239999999999998,10.172666666666666,10.289279737845032,4.97722830929395,4.9351593948232315,4.956488706142026,10.681000000000001,10.462727272727273,10.542558212922632,5.015926565691902,5.000800722447942,4.991527776480617,10.991,10.741333333333333,10.780301396303296,5.034260578918689,5.002807250286758,5.021165870514721,11.099333333333334,10.924387096774195,10.843117337219635,5.106427319396891,5.04445682817636,5.027565259200466,10.828333333333335,10.93344262295082,10.759790939738425,5.016659578371391,5.039067216132436,4.998607632745972,7.90863968016786
2025-01-10,sz001338,10.07,9.58,10.08,9.58,100988,97458753.0,4.97,-4.87,-0.49,4.28,5.004269771372708,0.09566681198399696,10.062000000000001,9.952666666666666,10.052853158563355,4.94005572002806,4.944173215516151,4.972415727885586,10.549,10.262545454545453,10.367547628754881,5.041888263847073,4.998681305299,4.993844502824633,10.870500000000002,10.606952380952379,10.665986977607743,5.018142529824012,4.999950982901427,5.019556718215481,11.054333333333334,10.826365591397847,10.76162589610869,5.100985508695307,5.037866018626413,5.0260623245019005,10.821333333333333,10.892513661202187,10.721109269583065,5.019596188921688,5.038660992952152,4.998793276635373,7.98882085021495
2025-01-13,sz001338,9.48,9.74,9.75,9.33,66198,62204991.0,4.38,1.67,0.16,2.81,4.820844868562287,-0.18342490281042068,9.95,9.845333333333334,9.948568772375571,4.904454304446629,4.9044362650275595,4.9218921081111535,10.383000000000001,10.115454545454545,10.253448059890356,5.000329354131814,4.958491597065402,4.962390023867843,10.766,10.499285714285714,10.577797741645101,4.9972724289257915,4.981160729447929,5.000631780153273,11.003000000000002,10.741569892473116,10.695714547972646,5.079439169019476,5.019792428940412,5.0128224886348285,10.813833333333331,10.85706010928962,10.688941752547555,5.016810472640172,5.032144556219057,4.99295890260019,7.793825231584708
2025-01-14,sz001338,9.75,9.94,9.99,9.74,102412,99445260.36,2.57,2.05,0.2,4.34,5.010350847542579,0.18950597898029198,9.884,9.842,9.945712514917048,4.9349892385803695,4.93973511272621,4.951378354588296,10.260000000000002,10.03490909090909,10.196457503546654,5.004099729728609,4.96031368677645,4.971110173626886,10.686,10.420619047619049,10.517055099583663,4.991440890164815,4.9824062931257185,5.001557405618922,10.951,10.672989247311827,10.646958770684089,5.069075782901904,5.015335117877386,5.0126630279192,10.809000000000001,10.828409836065575,10.664386285250913,5.017622963109881,5.031932765232251,4.9935291303032185,7.99758408913416
2025-01-15,sz001338,9.95,9.94,10.04,9.86,66307,64901102.0,1.81,0.0,0.0,2.81,4.821559379097062,-0.1887914684455172,9.854000000000001,9.860666666666667,9.943808343278032,4.9131255651926695,4.901925159565108,4.908105362757885,10.149000000000001,9.976727272727274,10.14982886653817,4.971608444365435,4.927124532116169,4.943919120076008,10.623,10.349571428571428,10.462097471051885,4.978713063331375,4.966227101595456,4.984414736426364,10.903,10.607763440860214,10.601348527414148,5.051313326277971,4.999366317631913,5.000333760253256,10.800166666666666,10.799918032786886,10.640635915242687,5.015695254273856,5.025504451002323,4.9878907778046555,7.812252071044681
2025-01-16,sz001338,10.67,10.92,10.92,10.45,117422,124663082.0,4.73,9.86,0.98,4.98,5.069749473261595,0.2481900941645332,10.024000000000001,10.216000000000001,10.269205562185356,4.945354867967246,4.954133128921415,4.961986732925789,10.132000000000001,10.11690909090909,10.289859981713048,4.961291588630599,4.944968355551834,4.966797366109751,10.6075,10.377857142857142,10.505707235713611,4.983410112333185,4.974897235874525,4.992541854220195,10.893666666666666,10.608860215053765,10.621906686935816,5.045827732052046,5.000555746469566,5.004812193350569,10.808333333333334,10.803846994535519,10.649795393431452,5.017453418324935,5.027276720477331,4.990574669458981,8.0957378595931
2025-01-17,sz001338,11.27,10.95,11.28,10.72,322206,348041153.0,5.13,0.27,0.03,13.66,5.508133623428418,0.4383841501668231,10.298,10.524666666666667,10.496137041456905,5.046127638378389,5.141726047408473,5.144035696426665,10.180000000000001,10.265636363636364,10.409885439583402,4.993091679203225,5.044394180060528,5.065222140167691,10.599,10.410476190476192,10.548020832312314,5.0067090931608185,5.02487090359788,5.041645832240026,10.887666666666666,10.612494623655914,10.643073997456087,5.0594075463582735,5.030381933009977,5.0372845436781715,10.817666666666666,10.808491803278686,10.659638167417306,5.030165339683019,5.043364596054494,5.007543815490766,8.541630598728572
2025-01-20,sz001338,10.96,10.91,11.05,10.77,157285,169165149.34,2.56,-0.37,-0.04,6.67,5.196687306680165,-0.3114463167482535,10.532,10.728666666666667,10.63409136097127,5.121296126001964,5.191912603509065,5.161586233177832,10.241,10.398363636363635,10.500815359659146,5.012875215224296,5.081411566874517,5.089124897715413,10.5755,10.440095238095239,10.58249503875876,5.0133184999762355,5.0429640667902,5.056411686948611,10.873666666666667,10.61393548387097,10.660295029878275,5.061130128576208,5.0392386917404215,5.047568592904106,10.823166666666669,10.81151912568306,10.66784675209215,5.035272479850137,5.048824332677352,5.013745241431401,8.228310896479062
2025-01-21,sz001338,10.98,10.8,11.07,10.73,94599,100643372.52,3.12,-1.01,-0.11,4.01,4.975886545526768,-0.22080076115339686,10.704,10.818,10.689394240647514,5.114403265598801,5.143442743350667,5.099686337294145,10.294,10.5,10.555212566993845,5.024696252089585,5.07468635420224,5.068536106408386,10.575,10.46147619047619,10.60320979697221,5.010644653098756,5.039399118747393,5.048742625860816,10.860000000000001,10.609182795698926,10.669308253757098,5.060972299982215,5.033739105737233,5.042943944686214,10.824333333333334,10.810759562841527,10.672179645466176,5.0323444896301,5.046877252863469,5.012503972713216,8.002785181383047
2025-01-22,sz001338,10.77,10.67,10.8,10.64,61507,64703005.0,1.48,-1.2,-0.13,2.61,4.788924544854682,-0.1869620006720858,10.85,10.806666666666668,10.68292949376501,5.107876298750325,5.034949836435961,4.996099073147658,10.352,10.568363636363637,10.5760830093586,5.010500931971498,5.031818771068621,5.017697640671349,10.556,10.47052380952381,10.609570768689142,5.009314317255613,5.018282917962243,5.023998046717375,10.838333333333335,10.596924731182797,10.669352882546962,5.045485955272776,5.016187637664488,5.026555596309986,10.828666666666665,10.805699453551913,10.6721081816804,5.028456472062001,5.038896271067555,5.0051734996686745,7.8109244510645635
2025-01-23,sz001338,10.82,10.7,10.88,10.7,72467,77026703.62,1.69,0.28,0.03,3.07,4.860140282700729,0.07121573784604696,10.806,10.756666666666666,10.688619662510007,5.065954460638152,4.952371164419429,4.950779476332015,10.415000000000001,10.631636363636364,10.5986133712934,5.005654664302699,5.004480471201209,4.989050848313054,10.548,10.484238095238098,10.618183076433034,5.0107906149973,5.004075867052254,5.008392545382456,10.799000000000001,10.588000000000001,10.671330115931028,5.024725274046692,5.004229852337259,5.015819124464228,10.834666666666667,10.801480874316939,10.673022667526944,5.028924449863834,5.0333777074819395,5.000418312227103,7.886641312501256
2025-01-24,sz001338,10.68,10.73,10.73,10.62,68090,71569806.0,1.03,0.28,0.03,2.89,4.833083334178343,-0.027056948522385937,10.762,10.731333333333335,10.702413108340005,4.930944402788137,4.874747455599492,4.911547428947458,10.53,10.688909090909092,10.622501849240054,4.988536020583263,4.973103865724052,4.960693118470379,10.5395,10.501571428571427,10.628832307248937,5.0152121422151685,4.987151364117114,4.991696430029684,10.757000000000001,10.583548387096773,10.675115269741928,5.008273693410429,4.9918658562167195,5.004029718639332,10.840666666666667,10.798049180327869,10.674890776788356,5.028560520636292,5.026956687295531,4.994931919504192,7.854729839999416
2025-01-27,sz001338,10.73,10.68,10.9,10.68,65503,69598209.92,2.05,-0.47,-0.05,2.78,4.816261190886586,-0.016822143291756575,10.716000000000001,10.704,10.69494207222667,4.854859179629422,4.836519718298975,4.879785349593834,10.623999999999999,10.716181818181818,10.632956058469134,4.988077652815693,4.941781169415567,4.934432768000598,10.503499999999999,10.514952380952378,10.633705420844276,4.994203503473754,4.968203654466773,4.974988312016055,10.718666666666666,10.57858064516129,10.675430413629547,4.994207503555758,4.979477952828085,4.991915620074639,10.849333333333332,10.792781420765026,10.675058292303492,5.026249500955939,5.019996053533245,4.989073862828205,7.842598069612519
2025-02-05,sz001338,10.73,10.64,10.81,10.54,49731,52002019.0,2.53,-0.37,-0.04,2.11,4.696627192192519,-0.11963399869406732,10.684000000000001,10.678666666666667,10.676628048151114,4.7990073089625715,4.783775722486674,4.818732630460063,10.693999999999999,10.719090909090909,10.634236775111109,4.956705287280686,4.8887901765749895,4.891195390580947,10.477,10.527952380952383,10.634304904573392,4.980402508504648,4.93986305339237,4.9484777291757185,10.688666666666668,10.573505376344087,10.673144580492156,4.979862355870106,4.960279223062716,4.972864753759664,10.853499999999999,10.785918032786887,10.67390884009682,5.022573011092408,5.00918876472133,4.9794854473975265,7.7160202056258935
2025-02-06,sz001338,10.59,10.71,10.71,10.56,63212,66227692.16,1.41,0.66,0.07,2.68,4.800799531432379,0.10417233923985947,10.692,10.687333333333333,10.687752032100743,4.801382306278111,4.7843731299766095,4.812754930784168,10.770999999999999,10.722000000000001,10.648011906909089,4.954629302514219,4.860443675511661,4.874759779826661,10.459999999999999,10.550142857142857,10.641513961280689,4.963118873439827,4.922758007956916,4.934413138914447,10.672333333333334,10.574881720430108,10.675522349492663,4.970685143058989,4.9487267827764105,4.961763771674033,10.856333333333334,10.781213114754095,10.675092156814957,5.019118827126948,5.00191750309313,4.973626892775718,7.821039621427075
2025-02-07,sz001338,10.69,10.7,10.85,10.62,86858,91938847.84,2.15,-0.09,-0.01,3.68,4.938809825038139,0.13801029360576056,10.692,10.690000000000001,10.691834688067162,4.817116214745593,4.830182302896619,4.854773228868825,10.748999999999999,10.709090909090909,10.657464287471072,4.941535337691873,4.857567406879646,4.886405242592384,10.4405,10.573,10.647084060206337,4.951413463161236,4.920442860490089,4.934831870926227,10.654666666666666,10.576666666666668,10.677101552751202,4.969451854119414,4.946670310646033,4.9602828718910725,10.858166666666667,10.776087431693988,10.675908807411187,5.01727565366061,4.999284421057432,4.9724853495712065,7.963499056953277
2025-02-10,sz001338,10.69,11.03,11.03,10.69,103641,111338505.77,3.18,3.08,0.33,4.39,5.01553159470733,0.07672176966919064,10.751999999999999,10.802666666666665,10.804556458711442,4.853605866851391,4.896320762883864,4.908359350814994,10.757,10.760181818181819,10.725198053385423,4.892275134819764,4.871021271791547,4.9098827611587375,10.4685,10.629142857142856,10.683552244948592,4.9426834070114944,4.926549349208765,4.942517558905379,10.651666666666667,10.600881720430108,10.699869194509189,4.968564440380467,4.949643197135577,4.963847305621154,10.856833333333332,10.78172131147541,10.68751835470918,5.011881562515733,4.999227238796669,4.973896701870752,8.046645388515753
2025-02-11,sz001338,11.05,11.1,11.17,10.96,84416,91978825.0,1.9,0.63,0.07,3.58,4.926424769530253,-0.08910682517707702,10.836,10.918666666666667,10.903037639140962,4.875638582580124,4.920593730443485,4.9143811570534135,10.776,10.822545454545455,10.7933438618608,4.8652488811047725,4.877230296284363,4.912890399044468,10.508500000000002,10.689285714285715,10.723213935905868,4.939062048164535,4.925000907543884,4.940984912298225,10.642333333333333,10.629806451612902,10.725684085186016,4.963961960352416,4.946924508693628,4.961432948453999,10.8585,10.789693989071038,10.701042343079372,5.007430118781622,4.996425376731571,4.972340245072703,7.963687857300688
2025-02-12,sz001338,11.06,11.03,11.25,11.01,86140,94178625.96,2.16,-0.63,-0.07,3.65,4.935204867426581,0.008780097896328165,10.913999999999998,10.983333333333333,10.945358426093975,4.923354117626936,4.940449158725637,4.92132239384447,10.799,10.868727272727272,10.836372250613381,4.861180713294754,4.889949566524693,4.916947575113943,10.5465,10.73895238095238,10.752431656295785,4.94293848269217,4.924633556997413,4.940434431834259,10.649666666666667,10.654817204301073,10.745317370012724,4.960823339830755,4.94506921237583,4.959740814194166,10.859,10.795316939890713,10.71182784002759,5.005799104620089,4.994057335703537,4.971122691707255,7.973952349917035
2025-02-13,sz001338,11.01,10.99,11.18,10.97,74782,81564038.2,1.9,-0.36,-0.04,3.17,4.873797075920484,-0.0614077915060971,10.969999999999999,11.008666666666667,10.960238950729316,4.937953626524558,4.923930144823487,4.905480621203141,10.831,10.903454545454544,10.864304568683675,4.869667966401335,4.892243450638462,4.909102029806041,10.5915,10.781190476190474,10.775057212839044,4.940084449186416,4.918048661114395,4.934088016985328,10.647666666666668,10.676774193548384,10.761103346140937,4.96276553363752,4.939454614704199,4.954196056886187,10.857666666666667,10.799612021857923,10.72094823871521,5.00158703879304,4.989729400336336,4.967931687910968,7.911498719369001
2025-02-14,sz001338,10.97,10.92,11.01,10.85,58484,62830421.0,1.46,-0.64,-0.07,2.48,4.767037068438849,-0.10676000748163528,11.014,10.991999999999999,10.94682596715288,4.903599075204698,4.866957958794917,4.859332770281711,10.853,10.919636363636364,10.874431010741189,4.860357644975147,4.873583287372555,4.883272036830188,10.634,10.812476190476191,10.788861287806753,4.933006154638923,4.901567958186056,4.918178402838044,10.649666666666665,10.694344086021507,10.771354743164103,4.960646291656582,4.926826971788158,4.942121283437972,10.856166666666667,10.80165573770492,10.727474525970448,4.999028470831689,4.982039237373905,4.961344979075816,7.798169969748795
2025-02-17,sz001338,10.93,11.1,11.13,10.89,66328,71903880.0,2.2,1.65,0.18,2.81,4.821696902136925,0.05465983369807681,11.028,11.020666666666667,10.99788397810192,4.864832136690619,4.839657234438992,4.846787480900116,10.89,10.964545454545453,10.91544355424279,4.859219001771004,4.8665540614019696,4.872076557795049,10.709999999999999,10.856857142857143,10.818493546110872,4.923877511177134,4.8909670769953895,4.908989688485557,10.656333333333333,10.723397849462366,10.792557662959968,4.963214428733781,4.917862495044953,4.934351968515324,10.861666666666668,10.809650273224042,10.739688475938632,4.9985285454306645,4.976225087580634,4.95676635360241,7.856752325947906
2025-02-18,sz001338,11.09,10.87,11.13,10.81,65427,70741180.01,2.88,-2.07,-0.23,2.77,4.8157570072108555,-0.005939894926069833,10.982,10.967999999999998,10.95525598540128,4.842698584226739,4.823298857945738,4.836443989670363,10.909,10.96090909090909,10.90718108983501,4.859168583403432,4.858651880572851,4.861836639507014,10.7665,10.872095238095238,10.82339892267174,4.923623118109562,4.880669886141458,4.900110385507014,10.638666666666667,10.737182795698923,10.797553942769003,4.949191863450312,4.908349113011217,4.92670068068923,10.865166666666665,10.809923497267759,10.74396098492425,4.998569706268214,4.970232578130804,4.95214309634367,7.849672299860375
2025-02-19,sz001338,10.85,10.94,10.95,10.81,56362,60324325.0,1.29,0.64,0.07,2.39,4.750986395607524,-0.06477061160333175,10.963999999999999,10.953999999999999,10.950170656934187,4.805854889862927,4.792728128406,4.8079581249827505,10.939,10.966545454545455,10.913148164410462,4.864604503744932,4.838982391882686,4.8416820497071065,10.816500000000001,10.888619047619049,10.834503787179194,4.91065489551281,4.864228293522216,4.885908100754682,10.631,10.756623655913979,10.806744010977454,4.941803173584742,4.895561663472972,4.915364275200087,10.872499999999999,10.812377049180329,10.750388493615258,4.996358928712244,4.962115092535372,4.9455477946801905,7.7804924710629555
2025-02-20,sz001338,10.94,11.07,11.07,10.89,59288,64241255.0,1.65,1.19,0.13,2.51,4.77296680025871,0.021980404651186447,10.98,10.989333333333331,10.990113771289458,4.785688834730573,4.781765431871261,4.796294350074737,10.975,10.990363636363634,10.941666679972194,4.861821230627565,4.822320991248828,4.829188367989216,10.873000000000001,10.912761904761906,10.856931997924033,4.908225266570891,4.851115141593254,4.875151786421732,10.631666666666666,10.78494623655914,10.823728268333749,4.929352992502406,4.884668994226132,4.906177341332902,10.880833333333333,10.818852459016393,10.760867559398363,4.995100399546906,4.954790760454928,4.939889401420469,7.807814016614505
2025-02-21,sz001338,11.07,10.98,11.11,10.9,65138,70452799.01,1.9,-0.81,-0.09,2.76,4.813834419836803,0.04086761957809237,10.992,10.989333333333333,10.986742514192972,4.795048305010164,4.791147293573337,4.802141039995425,11.003,10.991272727272728,10.948636374522703,4.849323690107432,4.813596116559598,4.826396741052413,10.876,10.922952380952381,10.868652760026507,4.895429513899652,4.842125537142389,4.869312037223167,10.628000000000002,10.807419354838707,10.833810315538024,4.917383538809967,4.877216183086415,4.900219733494444,10.885,10.822103825136612,10.768052229582022,4.995795335434167,4.948847613579186,4.935756451204611,7.847898251816566
2025-02-24,sz001338,11.0,11.49,11.5,11.0,199880,222391774.99,4.55,4.64,0.51,8.47,5.300769340770549,0.4869349209337468,11.069999999999999,11.155333333333335,11.154495009461982,4.890862792736888,4.959720972160132,4.968350473587134,11.049,11.079818181818181,11.047066124609485,4.877847464713754,4.895677143952892,4.912646304637528,10.903,10.981428571428573,10.92782868764303,4.885061299766758,4.880729330177712,4.910403208989584,10.662,10.863032258064518,10.876145133890411,4.92107142624558,4.90195075095484,4.926061643641289,10.898833333333334,10.841939890710384,10.791722648284251,5.0051275543293885,4.958846761295134,4.947724086928084,8.347118721118154
2025-02-25,sz001338,11.34,11.28,11.44,11.19,138017,153625342.0,2.18,-1.83,-0.21,5.85,5.1399325831510865,-0.16083675761946292,11.152,11.225333333333333,11.196330006307988,4.955697907924934,5.042744235631532,5.0255445101084515,11.067,11.121818181818181,11.08941773831685,4.899198246075837,4.9433289836687715,4.953971082549084,10.9215,11.017333333333335,10.96136881262941,4.882223563590305,4.905002785738125,4.932263149385918,10.694666666666667,10.902903225806451,10.902200286542644,4.925774114134968,4.916070825593905,4.939859768770954,10.916166666666667,10.854437158469947,10.807731741783128,5.009721473364081,4.963266598305681,4.954026004837035,8.18646286271988
2025-02-26,sz001338,11.19,11.29,11.39,11.18,115014,127484990.86,1.86,0.09,0.01,4.87,5.06075070776824,-0.07918187538284638,11.222,11.271333333333333,11.227553337538659,5.017650770357077,5.0777618355793,5.037279909328381,11.093,11.162363636363635,11.12588724044106,4.911752830110002,4.972702158521935,4.973385559861658,10.946,11.052428571428573,10.992667020950417,4.886466771702379,4.922005370897927,4.944500059708044,10.728666666666667,10.941311827956989,10.927219622894732,4.932543265164781,4.9247789929250825,4.947659184190134,10.930166666666667,10.866693989071038,10.823543815823026,5.014822447313225,4.964939687958276,4.9575251754249425,8.105459057159162
2025-02-27,sz001338,11.29,11.35,11.37,11.2,99072,110356636.73,1.51,0.53,0.06,4.2,4.9959509303307605,-0.06479977743747956,11.278,11.313999999999998,11.26836889169244,5.0622475963714875,5.070528555570529,5.023503582995842,11.129,11.209090909090909,11.16663501490632,4.92396821555103,4.988010904016619,4.977488354492404,10.98,11.090904761904763,11.026698733240854,4.896818090976183,4.932432433624442,4.949400142624493,10.770666666666667,10.981397849462367,10.954495776256364,4.934712371307954,4.928869810032566,4.950774780715336,10.9445,10.880459016393443,10.840804674320632,5.019479615354813,4.964320949696557,4.958785036241526,8.042798456288304
2025-02-28,sz001338,11.35,11.16,11.45,11.14,100888,112367113.0,2.73,-1.67,-0.19,4.28,5.003839512681803,0.007888582351042395,11.313999999999998,11.274666666666667,11.23224592779496,5.100248614940488,5.051059194340634,5.016948892891163,11.153,11.214727272727272,11.165428648559715,4.947648459975325,5.002532958040395,4.982279474163203,11.003,11.10804761904762,11.03939409197982,4.904003052475236,4.942624949977357,4.954584844534714,10.806999999999999,11.006516129032258,10.967754113272083,4.93788692308439,4.933329625605071,4.954198311809947,10.953166666666666,10.887524590163933,10.851270094834709,5.022157121240641,4.963808159444983,4.960262232190387,8.050639222865552
2025-03-03,sz001338,11.18,11.09,11.31,11.02,73704,81004649.35,2.6,-0.63,-0.07,3.12,4.867491058154675,-0.13634845452712785,11.234,11.2,11.184830618529974,5.013592958417313,4.973473342078695,4.967129614645668,11.152,11.203272727272726,11.151714348821585,4.9522278755771,4.987958884982095,4.9614088530707425,11.021,11.116333333333335,11.044213702267458,4.905723438674053,4.939147617184922,4.946290198212806,10.857333333333333,11.024774193548389,10.975640944673884,4.93332763264379,4.928787956899929,4.948604295445091,10.955833333333334,10.892010928961747,10.859097304840127,5.017156570669548,4.958737140983147,4.9572205543531505,7.908509946398422
2025-03-04,sz001338,11.05,11.13,11.13,10.99,48166,52551684.11,1.26,0.36,0.04,2.04,4.682740581335016,-0.1847504768196595,11.204,11.165333333333335,11.166553745686649,4.922154558054099,4.863189216384596,4.8723332702087845,11.178,11.199272727272728,11.147766285399477,4.938926232989516,4.938961195119898,4.910741894573338,11.0435,11.126714285714286,11.052383825861034,4.899047408196474,4.917911154581204,4.921190234700635,10.903666666666664,11.042365591397848,10.985599593404602,4.928724156402881,4.912621050363879,4.93145179776057,10.953333333333331,10.897721311475411,10.867979360419138,5.004081662711177,4.947772682316441,4.948221210975507,7.72058663830832
2025-03-05,sz001338,11.11,11.23,11.33,10.92,116671,127879472.2,3.68,0.9,0.1,4.94,5.066962920268946,0.3842223389339301,11.192,11.174000000000001,11.187702497124434,4.923397000554241,4.911458670456212,4.937209820228839,11.206999999999999,11.208727272727273,11.1627178698723,4.970523885455659,4.962240592807068,4.939145717427085,11.073,11.144476190476189,11.069299651969507,4.9175641946002955,4.933903108111917,4.935073347611902,10.946666666666665,11.06341935483871,11.001367361572049,4.9306112254937595,4.9215396802907225,4.940194450825627,10.948833333333333,10.906792349726775,10.879848889585723,4.999843504197831,4.949834362892107,4.952114381772013,8.106800835129361
2025-03-06,sz001338,11.23,11.28,11.31,11.13,96511,106678420.8,1.6,0.45,0.05,4.09,4.98457681559295,-0.0823861046759955,11.178,11.203333333333335,11.21846833141629,4.921122177606678,4.931851942135783,4.952998818683543,11.228,11.222000000000001,11.18404189353188,4.991684886989082,4.964795671013847,4.947405917093605,11.1015,11.164190476190473,11.089366351781935,4.926753058808324,4.940285262492169,4.939787963610097,10.991333333333333,11.084924731182795,11.019343660825466,4.936045140043622,4.925021331264864,4.943057829197712,10.947166666666666,10.917650273224046,10.892968598123895,4.993679233160796,4.949333815724732,4.953178723864503,8.028076578044065
2025-03-07,sz001338,11.26,11.32,11.39,11.19,83431,92940843.0,1.77,0.35,0.04,3.54,4.921327449048033,-0.06324936654491697,11.21,11.250666666666666,11.252312220944194,4.904619764879923,4.931920365949567,4.9424416954717065,11.262,11.238727272727273,11.208761549253357,5.002434189910206,4.952003409570019,4.942664377448955,11.132499999999999,11.184999999999999,11.111331461136036,4.925878940008818,4.9397685377530935,4.938029819366091,11.004666666666669,11.106129032258066,11.038740843998017,4.931097739236503,4.924071802813536,4.941655869188056,10.949166666666667,10.92987431693989,10.906969627693604,4.988462735644275,4.946961626081691,4.952134419772159,7.968206607335747
2025-03-10,sz001338,11.38,11.38,11.42,11.28,64627,72191490.0,1.24,0.53,0.06,2.74,4.81041399634221,-0.11091345270582309,11.268,11.307333333333334,11.294874813962798,4.893204352517431,4.900518443103662,4.898432462428541,11.251000000000001,11.260181818181817,11.239895813025473,4.953398655467372,4.9170906471031115,4.918618853611365,11.15,11.20857142857143,11.136918941027842,4.915623060090563,4.9287718764515125,4.925875931459054,11.019,11.130344086021505,11.060757563740081,4.90784041833363,4.916285754884871,4.933188651585098,10.953333333333335,10.944000000000003,10.922478820228239,4.983623982345951,4.9411239624980166,4.947487848512161,7.858486005549316
2025-03-11,sz001338,11.31,11.64,11.9,11.25,162933,184986049.78,5.71,2.28,0.26,6.91,5.212009054022761,0.4015950576805505,11.370000000000001,11.431333333333335,11.409916542641866,4.999058047054979,5.0067866769387726,5.002957992959948,11.287,11.33090909090909,11.312642028839024,4.960606302554539,4.964110719567727,4.971962526413437,11.177,11.255238095238097,11.184831422834714,4.929902274315188,4.956999113968864,4.95312670503655,11.043333333333333,11.17040860215054,11.098128043498786,4.90835114324505,4.935909537832558,4.951177064645593,10.958499999999999,10.966513661202187,10.94600410481092,4.9847406359106285,4.948611997634961,4.956160674922344,8.267138978500288
2025-03-12,sz001338,11.63,11.62,11.85,11.52,123343,141473397.98,2.84,-0.17,-0.02,5.23,5.09111450731066,-0.12089454671210031,11.448,11.514666666666667,11.479944361761245,5.0038883644633225,5.0374721636906665,5.032343497743519,11.319999999999999,11.391454545454545,11.368525296322838,4.963642682508782,4.987839484068841,4.993626522940204,11.2065,11.297428571428572,11.226276049231409,4.937697756309392,4.972352659968432,4.966268400491227,11.070666666666666,11.20761290322581,11.131797201982737,4.912192075304513,4.947700722610983,4.960205286753017,10.965333333333332,10.98820218579235,10.968102330882692,4.986582187643363,4.952099665549718,4.960585390738355,8.1506747847605
2025-03-13,sz001338,11.62,11.55,11.67,11.43,88462,100649130.55,2.07,-0.6,-0.07,3.75,4.946756753925118,-0.1443577533855427,11.502,11.548666666666666,11.503296241174164,4.996324352129756,5.018428293511264,5.003814583137386,11.34,11.433272727272728,11.401520696991412,4.958723264868217,4.9847693152354475,4.985104746755642,11.2345,11.330142857142857,11.25710690168556,4.941345740209624,4.97321542164612,4.964410148437311,11.1,11.238537634408603,11.158778027661272,4.9174531489401945,4.949930701876829,4.959337639473798,10.969166666666666,11.007371584699452,10.987180942984898,4.981469552106485,4.950793913624529,4.960131992810052,8.002810027620418
2025-03-14,sz001338,11.55,11.98,12.03,11.55,200574,234047545.74,4.16,3.72,0.43,8.5,5.302274635621812,0.3555178816966942,11.634,11.708,11.66219749411611,5.072513789444512,5.12041172134195,5.103301267298861,11.422,11.549636363636363,11.506698752083881,4.988566777162218,5.04723320082701,5.042771999276764,11.2875,11.401142857142858,11.325953863429794,4.968107618568771,5.007589602161567,4.996587718645358,11.142666666666665,11.295311827956986,11.211760090392804,4.93219096070423,4.974757894565965,4.981462606967218,10.970833333333333,11.040513661202183,11.019732387477196,4.978458117375461,4.961312113084047,4.971349784377651,8.369304091405937
2025-03-17,sz001338,12.1,12.19,12.49,12.03,207900,250725187.48,3.84,1.75,0.21,8.81,5.317854489331469,0.01557985370965742,11.796,11.893333333333334,11.838131662744074,5.174001888042364,5.202191954637602,5.174819007976398,11.532,11.689272727272728,11.630935342614084,5.033603120279897,5.107103693948693,5.0927869974685285,11.342,11.48709523809524,11.408243971674574,4.992915497928499,5.0408988279484905,5.027184553948798,11.191333333333331,11.362881720430106,11.274872342625528,4.948349999209335,4.999639412541916,5.003165309055235,10.974166666666667,11.080486338797817,11.058101817395977,4.9783118463098806,4.972439862984245,4.982710594376137,8.399197964728506
2025-03-18,sz001338,12.17,12.11,12.2,12.06,109773,131082927.59,1.15,-0.66,-0.08,4.65,5.040495533256486,-0.2773589560749832,11.889999999999999,11.997999999999998,11.928754441829383,5.139699183889109,5.157689836375642,5.130044516403094,11.63,11.794363636363638,11.71803800759334,5.069378615472044,5.108356859944435,5.0832794585208845,11.404,11.560238095238093,11.47507787913414,5.00415242423078,5.04543025988449,5.028452266263816,11.239,11.422150537634408,11.328751546327108,4.955824477288331,5.005584285706249,5.005573710616606,10.978833333333334,11.117726775956282,11.092590282399387,4.975015990422045,4.97447867239233,4.984605182536148,8.117546132298255
2025-03-19,sz001338,12.07,12.08,12.15,12.02,64268,76549795.0,1.07,-0.25,-0.03,2.72,4.807994785012644,-0.23250074824384193,11.982,12.061333333333334,11.979169627886257,5.0830752394295065,5.0471217034168205,5.022694605939611,11.715,11.876181818181816,11.783849278940004,5.043481801946415,5.060832527133636,5.033227699701204,11.461,11.624619047619047,11.532689509692794,5.007002843701036,5.026748579958952,5.007456315668466,11.286999999999999,11.476408602150535,11.377219188499554,4.959536730382335,4.99604688620459,4.9928266831582855,10.987833333333333,11.153830601092897,11.124964371501047,4.969699543126221,4.96900256729694,4.978814677699312,7.883944031997206
2025-03-20,sz001338,12.45,12.18,12.66,12.08,178148,215417667.0,4.8,0.83,0.1,7.55,5.250780951055042,0.4427861660423975,12.108,12.127333333333333,12.046113085257506,5.14388007885549,5.103023607291999,5.098723387644755,11.805,11.96072727272727,11.855876682769093,5.070102215492623,5.098523281517023,5.072782836310992,11.5165,11.693095238095239,11.59433812781729,5.030893551240853,5.049965542564095,5.030630090467187,11.336,11.53402150537634,11.429011498918937,4.974536111036424,5.0148368359254105,5.009468893990335,11.004166666666666,11.192918032786885,11.15955570358298,4.972610627047707,4.978218351163456,4.987731604694582,8.333281318116903
2025-03-21,sz001338,12.05,11.82,12.14,11.81,144313,169906357.51,2.71,-2.96,-0.36,6.12,5.159305454960185,-0.09147549609485672,12.075999999999999,12.031333333333333,11.970742056838338,5.115286242723165,5.108165399326897,5.118917410083232,11.855,11.963454545454548,11.849353649538347,5.093900016083839,5.114742052329306,5.088514221519937,11.5585,11.722000000000001,11.615829734691834,5.048167102997022,5.062195247680224,5.042884887085568,11.373333333333333,11.565247311827957,11.454236563504812,4.981885965367159,5.026757438759202,5.019135768891616,11.014,11.219666666666665,11.181209614940915,4.975668909743286,4.984339493062228,4.993356976834438,8.230209629486204
2025-03-24,sz001338,11.78,11.79,11.88,11.57,85778,99082249.03,2.62,-0.25,-0.03,3.64,4.933375916010192,-0.2259295389499929,11.996,11.936,11.910494704558893,5.03839052805891,5.047528623755907,5.057070245392219,11.895999999999999,11.951636363636364,11.838562076895009,5.106196208050637,5.085555852315917,5.060307256881801,11.5735,11.74404761904762,11.632417379006897,5.029797431759005,5.051262753681476,5.032455461268865,11.398666666666665,11.592129032258063,11.47589872069805,4.979147442743921,5.023627758155527,5.013602875157331,11.025166666666669,11.245109289617487,11.201169955434656,4.973855941562194,4.982952837529996,4.991390384676266,7.995995855909694
2025-03-25,sz001338,11.78,11.83,11.86,11.65,61618,71455868.0,1.78,0.34,0.04,2.61,4.789707597858559,-0.14366831815163295,11.940000000000001,11.880666666666666,11.883663136372597,4.988232940979325,4.964634313689123,4.967949362880999,11.915,11.939636363636362,11.83700533564137,5.063966062434217,5.028012468644628,5.011107318877575,11.601,11.768476190476191,11.65123477148243,5.012286182494377,5.028397055214768,5.00933661713455,11.423,11.61995698924731,11.498743964523984,4.974590203688197,5.011405832679052,4.999158018557411,11.032666666666668,11.271497267759562,11.221787333944995,4.969276082020306,4.976915186916762,4.9847778342888,7.8540378991224715
2025-03-26,sz001338,11.82,11.88,11.97,11.72,70086,82114989.0,2.11,0.42,0.05,2.97,4.845631274315126,0.05592367645656715,11.9,11.860666666666667,11.882442090915067,4.995760238839821,4.917100424801057,4.927176666692375,11.941,11.933272727272726,11.84482254734294,5.039417739134663,4.988315234441158,4.981020765320766,11.630500000000001,11.795047619047619,11.67302193610315,5.0015302108217226,5.012525159197696,4.993745632104129,11.451333333333332,11.649440860215051,11.52334112810308,4.971604417251149,5.003085901751757,4.989253067315974,11.0505,11.29927868852459,11.24336807709434,4.966213878540953,4.972861258795281,4.98021565199458,7.914422439041839
2025-03-27,sz001338,11.82,11.87,11.95,11.72,60946,71091296.0,1.94,-0.08,-0.01,2.58,4.78494520733039,-0.06068606698473644,11.838,11.850666666666665,11.87829472727671,4.90259309009489,4.846828747631247,4.879766180238381,11.972999999999999,11.920363636363634,11.849400266007859,5.023236584475191,4.942047501385835,4.94537066386797,11.6565,11.817857142857145,11.691781751712375,4.990979924671704,4.991898016008046,4.973859877363773,11.480666666666666,11.676451612903229,11.54570621661256,4.9686426882981465,4.991043372079449,4.9760719150588395,11.064166666666667,11.326147540983603,11.263913386042065,4.965704110967833,4.966918023673622,4.973813342333459,7.851816431523471
2025-03-28,sz001338,11.87,11.73,11.96,11.69,66997,78008784.0,2.27,-1.18,-0.14,2.84,4.826055356243877,0.04111014891348752,11.82,11.814666666666666,11.828863151517808,4.835943070351629,4.82131616968091,4.861862572240213,11.948,11.87618181818182,11.827691126733702,4.975614656537397,4.906196368980142,4.92367697157268,11.684999999999999,11.824857142857143,11.695421584882626,4.982090716849807,4.9761909142530145,4.9597832563047355,11.507666666666667,11.692537634408602,11.55759613812143,4.970609964558315,4.981844189366272,4.966393427393358,11.078666666666667,11.347978142076503,11.279194914368555,4.965628128107448,4.962339375977755,4.968968818199374,7.8921435081768925
2025-03-31,sz001338,11.65,11.56,11.74,11.37,82025,93290716.0,3.15,-1.45,-0.17,3.48,4.9139462390580855,0.0878908828142082,11.774000000000001,11.728000000000002,11.739242101011873,4.832057134961208,4.847317225916394,4.879223794512837,11.885,11.805636363636365,11.77902001278212,4.93522383151006,4.894983929438449,4.921907747479117,11.7085,11.81295238095238,11.68252429108428,4.984413475894978,4.969700963987136,4.955417826090769,11.523,11.695913978494625,11.557751225984564,4.9736849424556855,4.978188465140451,4.963009737823341,11.089666666666668,11.363759562841528,11.288401638487617,4.9684496855947335,4.960644887812201,4.967164799211135,7.969838426269663
