date,stock_code,open,close,high,low,volume,amount,amplitude,pct_change,change,turnover,volume_log,volume_log_diff,p_SMA:5,p_WMA:5,p_EMA:5,v_log_SMA:5,v_log_WMA:5,v_log_EMA:5,p_SMA:10,p_WMA:10,p_EMA:10,v_log_SMA:10,v_log_WMA:10,v_log_EMA:10,p_SMA:20,p_WMA:20,p_EMA:20,v_log_SMA:20,v_log_WMA:20,v_log_EMA:20,p_SMA:30,p_WMA:30,p_EMA:30,v_log_SMA:30,v_log_WMA:30,v_log_EMA:30,p_SMA:60,p_WMA:60,p_EMA:60,v_log_SMA:60,v_log_WMA:60,v_log_EMA:60,amount_log
2022-05-12,sz001319,17.87,21.44,21.44,17.87,13424,28649758.0,23.98,43.99,6.55,3.8,4.127881943484625,0.0,21.44,21.44,21.44,4.127881943484625,4.127881943484625,4.127881943484625,21.44,21.44,21.44,4.127881943484625,4.127881943484625,4.127881943484625,21.44,21.44,21.44,4.127881943484625,4.127881943484625,4.127881943484625,21.44,21.44,21.44,4.127881943484625,4.127881943484625,4.127881943484625,21.44,21.44,21.44,4.127881943484625,4.127881943484625,4.127881943484625,7.457120957901716
2022-05-13,sz001319,23.58,23.58,23.58,23.58,2314,5455987.0,0.0,9.98,2.14,0.65,3.3643633546157306,-0.7635185888688945,22.509999999999998,22.866666666666664,22.153333333333336,3.7461226490501778,3.6188695509053623,3.8733757471949937,22.509999999999998,22.866666666666664,21.829090909090908,3.7461226490501778,3.6188695509053623,3.9890603818720987,22.509999999999998,22.866666666666664,21.643809523809526,3.7461226490501778,3.6188695509053623,4.055165887401873,22.509999999999998,22.866666666666664,21.578064516129032,3.7461226490501778,3.6188695509053623,4.0786226796866325,22.509999999999998,22.866666666666664,21.51016393442623,3.7461226490501778,3.6188695509053623,4.102848547128268,6.736873326854619
2022-05-16,sz001319,25.94,25.94,25.94,25.94,3328,8631950.0,0.0,10.01,2.36,0.94,3.5221833176186865,0.15781996300295598,23.653333333333336,24.403333333333336,23.415555555555557,3.671476205239681,3.5705264342620247,3.7563116040028914,23.653333333333336,24.403333333333336,22.576528925619833,3.671476205239681,3.5705264342620247,3.9041736429169327,23.653333333333336,24.403333333333336,22.052970521541955,3.671476205239681,3.5705264342620247,4.0044056426606165,23.653333333333336,24.403333333333336,21.859479708636837,3.671476205239681,3.5705264342620247,4.04272336600483,23.653333333333336,24.403333333333336,21.655404461166356,3.671476205239681,3.5705264342620247,4.083810342882052,6.936108916060051
2022-05-17,sz001319,28.53,28.53,28.53,28.53,3970,11325753.0,0.0,9.98,2.59,1.12,3.598790506763115,0.07660718914442866,24.872500000000002,26.054000000000002,25.120370370370374,3.653304780620539,3.5818320632624605,3.703804571589633,24.872500000000002,26.054000000000002,23.65897821187077,3.653304780620539,3.5818320632624605,3.848649436343511,24.872500000000002,26.054000000000002,22.669830471871293,3.653304780620539,3.5818320632624605,3.9657756297179976,24.872500000000002,26.054000000000002,22.28983585646672,3.653304780620539,3.5818320632624605,4.014082536376332,24.872500000000002,26.054000000000002,21.88080103621008,3.653304780620539,3.5818320632624605,4.067908053173235,7.054067085993783
2022-05-18,sz001319,31.38,31.38,31.38,31.38,3301,10357816.0,0.0,9.99,2.85,0.93,3.5186455243303114,-0.08014498243280377,26.174,27.829333333333338,27.20691358024692,3.6263729293624936,3.560769883618411,3.642084889169859,26.174,27.829333333333338,25.062800355166992,3.6263729293624936,3.560769883618411,3.7886487250683833,26.174,27.829333333333338,23.499370426931172,3.6263729293624936,3.560769883618411,3.923191810157266,26.174,27.829333333333338,22.876298059275317,3.6263729293624936,3.560769883618411,3.9821188581798146,26.174,27.829333333333338,22.192250182563846,3.6263729293624936,3.560769883618411,4.049899445670188,7.015268191785713
2022-05-19,sz001319,34.52,34.52,34.52,34.52,13306,45933451.0,0.0,10.01,3.14,3.76,4.1240475191100305,0.6054019947797191,28.79,30.611333333333334,29.64460905349795,3.625606044487575,3.7266614135342566,3.8027390991499166,27.564999999999998,29.740952380952383,26.782291199682085,3.7093186943204164,3.7217063509017305,3.8496303239850462,27.564999999999998,29.740952380952383,24.54895419579487,3.7093186943204164,3.7217063509017305,3.942320925295624,27.564999999999998,29.740952380952383,23.627504636096266,3.7093186943204164,3.7217063509017305,3.9912755459817646,27.564999999999998,29.740952380952383,22.59643870116831,3.7093186943204164,3.7217063509017305,4.052330530045264,7.662129075375571
2022-05-20,sz001319,37.97,37.97,37.97,37.97,26204,99495790.0,0.0,9.99,3.45,7.41,4.418367590759902,0.29432007164987173,31.668,33.67133333333334,32.419739368998634,3.836406891716409,3.9909152622916992,4.007948596353246,29.051428571428573,31.798214285714288,28.816420072467157,3.810611393811772,3.8958716608662733,3.953037099762293,29.051428571428573,31.798214285714288,25.827149034290596,3.810611393811772,3.8958716608662733,3.987658702958889,29.051428571428573,31.798214285714288,24.55282691763844,3.810611393811772,3.8958716608662733,4.018829871451322,29.051428571428573,31.798214285714288,23.100489891293936,3.810611393811772,3.8958716608662733,4.064331745150662,7.997804704680894
2022-05-23,sz001319,40.69,41.77,41.77,39.15,288934,1180800400.0,6.9,10.01,3.8,81.74,5.460798649990833,1.042431059230931,34.834,37.03866666666667,35.53649291266576,4.224129958190838,4.5323791817165064,4.4922319475657755,30.64125,34.01416666666667,31.17161642292767,4.016884800834155,4.243633214005064,4.227175563440209,30.64125,34.01416666666667,27.34551579292959,4.016884800834155,4.243633214005064,4.12795774553336,30.64125,34.01416666666667,25.6636122777908,4.016884800834155,4.243633214005064,4.1118601152280645,30.64125,34.01416666666667,23.712604976825283,4.016884800834155,4.243633214005064,4.110117545309357,9.072176491597668
2022-05-24,sz001319,41.0,38.5,44.5,37.65,272610,1109914016.0,16.4,-7.83,-3.27,77.12,5.435541782772181,-0.025256867218652168,36.828,38.260666666666665,36.52432860844384,4.591480213392652,4.936183123243621,4.806668559301244,31.514444444444443,34.91133333333333,32.50404980057718,4.174513354382824,4.482014927758488,4.446878512409659,31.514444444444443,34.91133333333333,28.40784762217439,4.174513354382824,4.482014927758488,4.252489558603724,31.514444444444443,34.91133333333333,26.491766324384944,4.174513354382824,4.482014927758488,4.1972589324889755,31.514444444444443,34.91133333333333,24.197437600535928,4.174513354382824,4.482014927758488,4.153574077685187,9.045289335702753
2022-05-25,sz001319,34.65,34.65,36.67,34.65,205773,718675504.0,5.25,-10.0,-3.85,58.21,5.31338838927834,-0.12215339349384102,37.482000000000006,37.534666666666666,35.89955240562923,4.950428786382258,5.176819181872185,4.975575169293609,31.827999999999996,34.86381818181818,32.894222564108595,4.288400857872376,4.633173738943916,4.604425762749418,31.827999999999996,34.86381818181818,29.00233832482445,4.288400857872376,4.633173738943916,4.353527542477497,31.827999999999996,34.86381818181818,27.018103980876237,4.288400857872376,4.633173738943916,4.269267284539902,31.827999999999996,34.86381818181818,24.54014456445278,4.288400857872376,4.633173738943916,4.191600776425946,8.856532842214571
2022-05-26,sz001319,32.65,31.19,33.0,31.19,148839,468978768.0,5.22,-9.99,-3.46,42.1,5.172716743478354,-0.14067164579998614,36.816,35.437333333333335,34.329701603752824,5.160162631255922,5.250915167570883,5.041289027355191,32.803000000000004,34.74781818181818,32.58436391608885,4.392884337871749,4.79395844541773,4.7077513956092245,31.770000000000003,34.25151515151515,29.21068705579355,4.368793211109283,4.723097573032989,4.431545561620436,31.770000000000003,34.25151515151515,27.28725856275519,4.368793211109283,4.723097573032989,4.327554346406899,31.770000000000003,34.25151515151515,24.758172611519903,4.368793211109283,4.723097573032989,4.223768513050615,8.671153181416223
2022-05-27,sz001319,29.5,30.31,31.61,29.5,155221,475907360.0,6.76,-2.82,-0.88,43.91,5.190950477019804,0.018233733541450192,35.284000000000006,33.26866666666667,32.98980106916855,5.314679208507902,5.26117778282551,5.091176177243396,33.476,34.29454545454546,32.17084320407269,4.575543050112156,4.939061379808285,4.7956057740475115,31.64833333333333,33.6451282051282,29.315383526670356,4.437306316601826,4.795074942877114,4.5038698392775185,31.64833333333333,33.6451282051282,27.482274139351635,4.437306316601826,4.795074942877114,4.383257322575473,31.64833333333333,33.6451282051282,24.940199739011053,4.437306316601826,4.795074942877114,4.255479397115178,8.67752242129943
2022-05-30,sz001319,30.38,30.5,31.57,29.6,128136,394462624.0,6.5,0.63,0.19,36.25,5.107671162569515,-0.08327931445028902,33.029999999999994,31.674,32.1598673794457,5.244053711023638,5.192175100846047,5.096674505685436,33.932,33.753454545454545,31.867053530604927,4.734091834607239,5.035811945709623,4.852344935596967,31.56,33.19582417582417,29.428204143177943,4.488872843214725,4.839731545690314,4.56137472721009,31.56,33.19582417582417,27.67696613036121,4.488872843214725,4.839731545690314,4.429993699349282,31.56,33.19582417582417,25.12248827215823,4.488872843214725,4.839731545690314,4.283420110736632,8.596005859359012
2022-05-31,sz001319,30.0,31.8,31.8,29.64,126799,390413680.0,7.08,4.26,1.3,35.87,5.103115828496862,-0.004555334072652961,31.689999999999998,31.264,32.03991158629714,5.177568520168575,5.145195806670456,5.098821613289245,34.259,33.365818181818184,31.85486197958585,4.884524366780613,5.102907217325918,4.897939643396947,31.577142857142857,33.00971428571428,29.654089462875284,4.532747342163449,4.874849450064521,4.612969117808831,31.577142857142857,33.00971428571428,27.942968315499197,4.532747342163449,4.874849450064521,4.473420933487835,31.577142857142857,33.00971428571428,25.34142308290714,4.532747342163449,4.874849450064521,4.310295380171394,8.591525026833853
2022-06-01,sz001319,31.0,34.98,34.98,30.61,184565,623405296.0,13.74,10.0,3.18,52.21,5.266149347025585,0.1630335185287226,31.756,32.36066666666667,33.019941057531426,5.168120711718023,5.174722748956125,5.154597524534692,34.619,33.49690909090909,32.423068892388414,5.059274749050141,5.172293577370459,4.964886862238517,31.804,33.25599999999999,30.161319037839544,4.5816408091542575,4.923761937184653,4.675176758686616,31.804,33.25599999999999,28.396970359660543,4.5816408091542575,4.923761937184653,4.5245647021031745,31.804,33.25599999999999,25.65744199822166,4.5816408091542575,4.923761937184653,4.341634854494481,8.794770487407947
2022-06-02,sz001319,36.54,32.0,36.91,31.48,206487,689462624.0,15.52,-8.52,-2.98,58.41,5.314892714559074,0.04874336753348896,31.918,32.442,32.67996070502095,5.196555905934168,5.223646749903142,5.2080292545428195,34.367000000000004,33.02072727272728,32.34614727559052,5.178359268595044,5.218769571099356,5.028524289933164,31.81625,33.10823529411764,30.336431510426255,4.627469053242059,4.969777322758114,4.7361020878173266,31.81625,33.10823529411764,28.62942388484373,4.627469053242059,4.969777322758114,4.575553606132588,31.81625,33.10823529411764,25.865394719591443,4.627469053242059,4.969777322758114,4.3735449482670905,8.838510727900522
2022-06-06,sz001319,30.22,28.81,30.79,28.8,162676,476079008.0,6.22,-9.97,-3.19,46.02,5.211323485104046,-0.10356922945502767,31.618000000000002,31.405999999999995,31.389973803347303,5.200630507551017,5.2285692762931015,5.209127331396562,33.451,32.01036363636363,31.703211407301332,5.2576548580294595,5.224763065010083,5.06176050723696,31.639411764705883,32.63065359477124,30.19105708086185,4.661813431586882,4.996615785240995,4.7813612685113,31.639411764705883,32.63065359477124,28.6410739567893,4.661813431586882,4.996615785240995,4.616571017679134,31.639411764705883,32.63065359477124,25.961939155014672,4.661813431586882,4.996615785240995,4.401013097015843,8.677679032323587
2022-06-07,sz001319,28.41,27.72,29.05,27.33,108563,306102544.0,5.97,-3.78,-1.09,30.71,5.0356818359914355,-0.1756416491126105,31.062,30.10666666666667,30.166649202231536,5.1862326422354,5.173586385773242,5.151312166261521,32.046,30.968363636363637,30.97899115142836,5.215143176629519,5.184404333730443,5.057018930646865,31.421666666666667,32.11374269005848,29.95571831125596,4.682583898498247,5.000728001109462,4.805582274937979,31.421666666666667,32.11374269005848,28.58164983054483,4.682583898498247,5.000728001109462,4.643610425312186,31.421666666666667,32.11374269005848,26.019580494194518,4.682583898498247,5.000728001109462,4.421821908129798,8.48586693900789
2022-06-08,sz001319,27.4,28.24,28.27,27.19,81096,225365199.0,3.9,1.88,0.52,22.94,4.908999433486502,-0.12668240250493312,30.35,29.165999999999997,29.52443280148769,5.147409363233328,5.081175316190275,5.070541255336515,31.02,30.27636363636364,30.480992760259568,5.162488941700952,5.128741834977166,5.030106294799525,31.25421052631579,31.726368421052634,29.79231656732682,4.694500505602892,4.991555144347166,4.815431528133077,31.25421052631579,31.726368421052634,28.559607905993552,4.694500505602892,4.991555144347166,4.6607322968073035,31.25421052631579,31.726368421052634,26.09238113372912,4.694500505602892,4.991555144347166,4.4377949417480504,8.35288685292947
2022-06-09,sz001319,27.8,26.15,27.94,26.02,85085,228062502.0,6.8,-7.4,-2.09,24.07,4.929853003193611,0.020853569707108832,28.583999999999996,27.766000000000002,28.39962186765846,5.080150094466934,5.008656529510369,5.02364517128888,30.169999999999998,29.39090909090909,29.693539531121463,5.124135403092478,5.086444391612195,5.011878423598449,30.999000000000002,31.195285714285717,29.445429275200457,4.706268130482427,4.98567874995159,4.826328811472176,30.999000000000002,31.195285714285717,28.404149331413326,4.706268130482427,4.98567874995159,4.678094923025775,30.999000000000002,31.195285714285717,26.094270276885542,4.706268130482427,4.98567874995159,4.453927992942987,8.35805388451728
2022-06-10,sz001319,25.94,26.57,26.88,25.88,52851,140073057.0,3.82,1.61,0.42,14.95,4.723053209058264,-0.206799794135347,27.498,27.094666666666665,27.78974791177231,4.961782193366771,4.889624234374145,4.923447850545342,29.708,28.73636363636363,29.125623252735743,5.07916904965047,5.013520356333246,4.959364748227506,31.255499999999994,30.77347619047619,29.17157886803851,4.73602669376111,4.987277328863575,4.816493039813708,30.788095238095234,30.774805194805197,28.285817116483436,4.7070674199384195,4.96180370077947,4.680995457608516,30.788095238095234,30.774805194805197,26.10986797272536,4.7070674199384195,4.96180370077947,4.462751770520537,8.146354606938065
2022-06-13,sz001319,26.57,27.3,27.75,26.2,72309,197086225.0,5.83,2.75,0.73,20.46,4.859192355483747,0.13613914642548242,27.195999999999998,27.028666666666663,27.626498607848205,4.891355967442712,4.855427621746471,4.9020293521914775,29.407,28.298545454545454,28.793691752238335,5.045993237496864,4.97352459375748,4.941151585910458,31.4415,30.396761904761902,28.993333261558654,4.81076814380451,4.999007391884779,4.820559641306093,30.629545454545454,30.472648221343878,28.222216012194185,4.713982189735934,4.95288097510158,4.692492031664982,30.629545454545454,30.472648221343878,26.148888694931088,4.713982189735934,4.95288097510158,4.475749822486544,8.294656271080314
2022-06-14,sz001319,26.8,26.65,27.0,25.8,60245,158957498.0,4.4,-2.38,-0.65,17.04,4.779921008715502,-0.07927134676824465,26.982,26.846666666666668,27.300999071898804,4.840203801987526,4.818282635504067,4.861326571032819,29.022000000000002,27.797272727272727,28.403929615467725,5.013218222111464,4.925147824888141,4.911836935511375,31.476999999999997,29.94042857142857,28.770158665219736,4.873655028359351,4.99606956949535,4.816689295345085,30.456521739130434,30.154094202898552,28.120782721084883,4.716849094908959,4.938467644569407,4.698132610829532,30.456521739130434,30.154094202898552,26.165318573785804,4.716849094908959,4.938467644569407,4.4857226482645425,8.201281018335873
2022-06-15,sz001319,26.55,27.31,28.48,26.55,82196,226637391.0,7.24,2.48,0.66,23.25,4.914850683474405,0.1349296747589026,26.796,26.955999999999996,27.30399938126587,4.841374051985106,4.843164929333027,4.879167941846681,28.573,27.485999999999997,28.205033321746317,4.994391707609217,4.907262817863222,4.9123848896864715,31.415999999999997,29.543571428571425,28.63109593519881,4.939458037194915,4.999992965220593,4.826037998976449,30.325416666666666,29.926566666666666,28.068474158434245,4.725099161099186,4.936578287681807,4.712114421967911,30.325416666666666,29.926566666666666,26.202849112350204,4.725099161099186,4.936578287681807,4.499792419910767,8.355331562038215
2022-06-16,sz001319,26.93,26.61,27.0,26.32,64481,171298423.0,2.49,-2.56,-0.7,18.24,4.809431764081064,-0.10541891939334036,26.887999999999998,26.894000000000002,27.07266625417725,4.817289804162596,4.832517500031681,4.855922549258143,27.736,27.12909090909091,27.915027263246984,4.948719949314765,4.873633737221739,4.893666139576397,31.1775,29.08585714285714,28.43861060803702,5.003997349182453,4.987609510638321,4.824456452795936,30.1768,29.67144615384615,27.97437905143849,4.728472465218461,4.926797785866365,4.718392960168759,30.1768,29.67144615384615,26.216198321781345,4.728472465218461,4.926797785866365,4.509944529555694,8.233753364801176
2022-06-17,sz001319,26.05,27.19,27.68,25.92,70215,189632727.0,6.61,2.18,0.58,19.86,4.846429900183123,0.03699813610205904,27.012,26.994666666666664,27.111777502784836,4.841965142387568,4.842230865371856,4.852758332899803,27.255000000000003,27.029818181818182,27.783204124474803,4.901873667877171,4.855035546470531,4.885077732413984,30.811,28.706095238095237,28.319695312033495,5.040116468236108,4.972603086924099,4.826549162070907,30.061923076923076,29.487635327635328,27.923773951345684,4.7330092896401785,4.920844609149088,4.726653407911622,30.061923076923076,29.487635327635328,26.248126245657364,4.7330092896401785,4.920844609149088,4.52097683678938,8.27791329043337
2022-06-20,sz001319,27.53,27.22,28.3,27.17,74005,204774607.0,4.16,0.11,0.03,20.93,4.869261062961412,0.02283116277828867,26.996,27.064000000000004,27.147851668523224,4.843978883883101,4.851329505563138,4.85825924292034,27.095999999999997,27.023454545454545,27.680803374570292,4.867667425662907,4.8491059819403945,4.882201974331697,30.273500000000002,28.36409523809523,28.214962425173162,5.062661141846183,4.956331143564604,4.830616962155717,29.956666666666667,29.325661375661376,27.878369180291127,4.738055651615039,4.917160070135683,4.735853901785802,29.956666666666667,29.325661375661376,26.279990958914496,4.738055651615039,4.917160070135683,4.53239599174584,8.311276101114757
2022-06-21,sz001319,27.02,27.7,28.5,26.52,78765,215533008.0,7.27,1.76,0.48,22.28,4.896333277342738,0.027072214381326454,27.206,27.29866666666667,27.331901112348817,4.867261337608548,4.868780970049683,4.8709505877278065,27.094,27.133272727272725,27.684293670102964,4.853732569798036,4.854317954973091,4.884771302151886,29.57,28.119000000000003,28.16591838468048,5.034437873213778,4.940490394564276,4.836875658840196,29.87607142857143,29.213546798029558,27.866861491240087,4.743708423962458,4.9157237395982385,4.74620740988625,29.87607142857143,29.213546798029558,26.326548632392708,4.743708423962458,4.9157237395982385,4.544328361765411,8.33351379001654
2022-06-22,sz001319,27.37,30.47,30.47,27.18,164599,484453552.0,11.88,10.0,2.77,46.56,5.216427192384142,0.3200939150414035,27.838,28.386666666666663,28.377934074899212,4.927576639390496,4.985169588308214,4.986109455946585,27.316999999999997,27.747090909090907,28.19078573008424,4.884475345687801,4.920262431806926,4.945072373103206,29.1685,28.204714285714285,28.385354728996624,5.023482143694376,4.95782271067574,4.873023423939619,29.896551724137932,29.297310344827586,28.03480591116008,4.760009071149411,4.935770636450632,4.776544170047405,29.896551724137932,29.297310344827586,26.46239949690442,4.760009071149411,4.935770636450632,4.566364388998811,8.685252144488773
2022-06-23,sz001319,31.6,33.52,33.52,31.6,148677,488368928.0,6.3,10.01,3.05,42.06,5.172243789331205,-0.04418340305293711,29.220000000000006,30.28066666666667,30.09195604993281,5.000139044440525,5.066725304955116,5.048154233741458,28.054000000000002,28.874909090909092,29.15973377915983,4.90871442430156,4.9725839670148195,4.986376266962841,29.112000000000002,28.619142857142858,28.87436856433028,5.01642491369702,4.971990486450675,4.90152060159596,30.017333333333333,29.569741935483872,28.388689400762658,4.773750228422139,4.951026968894541,4.802073177743135,30.017333333333333,29.569741935483872,26.69379623471083,4.773750228422139,4.951026968894541,4.586229287370364,8.68874802458608
2022-06-24,sz001319,35.0,31.26,36.0,31.2,228858,750300624.0,14.32,-6.74,-2.26,64.74,5.359566098302009,0.18732230897080449,30.034,30.96066666666667,30.481304033288545,5.102766284064301,5.186534322908945,5.151958188594976,28.523000000000003,29.45781818181818,29.54160036476713,4.972365713225934,5.054556998651265,5.054228963569963,29.115499999999997,28.823714285714285,29.101571558203588,5.025767381438202,5.004670599270199,4.945143982234631,30.344666666666665,29.649913978494617,28.573935245874747,4.81480636691605,4.988821541144853,4.838040462940482,30.057419354838707,29.67538306451613,26.84350783357277,4.792647514547295,4.976560664482508,4.611584592646811,8.875235307638548
2022-06-27,sz001319,30.06,30.63,32.06,30.0,139628,428599776.0,6.59,-2.02,-0.63,39.5,5.144972517328314,-0.21459358097369563,30.715999999999998,31.159333333333333,30.530869355525695,5.157908574937681,5.200603067330282,5.149629631506089,28.856,29.840909090909093,29.739491207536744,5.000943729410392,5.085940053942606,5.070727791526027,29.1315,28.967952380952383,29.247136171708007,5.0234684834536285,5.0160234693549715,4.964175271291173,30.579666666666665,29.668322580645164,28.70658458485057,4.8741600056731365,5.010122583106935,4.857842530965503,30.0753125,29.733238636363637,26.967655117717925,4.803657670884202,4.986767443442859,4.629072721324893,8.632051939729633
2022-06-28,sz001319,30.3,32.28,33.59,29.65,165328,522810080.0,12.86,5.39,1.65,46.77,5.218346412045154,0.0733738947168403,31.632000000000005,31.68066666666667,31.113912903683797,5.222311201878165,5.220749013032774,5.172535225019111,29.419000000000004,30.463454545454546,30.201401897075513,5.044786269743357,5.125467814421654,5.097567540711323,29.220500000000005,29.267809523809532,29.535980345831053,5.02900224592741,5.034583272077974,4.9883820466010755,30.791,29.778021505376344,28.93712751486021,4.930698775487353,5.032328157711581,4.881100845873868,30.142121212121214,29.883048128342253,27.141830359759958,4.816223996373928,5.000389735713582,4.648393170200967,8.718343952370969
2022-06-29,sz001319,32.06,29.18,32.49,29.1,132330,405313872.0,10.5,-9.6,-3.1,37.43,5.12165831249807,-0.0966880995470838,31.374000000000002,30.863333333333337,30.469275269122534,5.20335742590095,5.187198049906075,5.155576254178764,29.606,30.419999999999998,30.0156924612436,5.0654670326457225,5.1394445494679655,5.101947681036185,29.089499999999997,29.263952380952382,29.502077455751902,5.02992937012747,5.043407659370418,5.0010750243055515,30.812666666666665,29.674086021505378,28.952796707449878,4.981461035678518,5.044648127841305,4.896620682430268,30.113823529411764,29.842873949579836,27.208655593866187,4.825207358612873,5.007319368672696,4.663910060112347,8.607791467866925
2022-06-30,sz001319,28.69,28.87,29.7,28.67,74959,217620182.0,3.53,-1.06,-0.31,21.2,4.87482378415802,-0.2468345283400497,30.444,30.02866666666667,29.936183512748357,5.143873424866313,5.0776868359917655,5.0619920975051835,29.832,30.28618181818182,29.80738474101749,5.0720062346534185,5.104782140652019,5.060652427058336,28.784,29.24304761904762,29.441879602823146,5.010363091984092,5.0286356988018985,4.989051096672454,30.729,29.548752688172044,28.947454984388596,5.026666977672775,5.037768305162564,4.895214430928833,30.078285714285716,29.788825396825402,27.263125902264015,4.826624970771306,4.999958502866325,4.670825264179418,8.33769916917317
2022-07-01,sz001319,29.0,28.12,29.28,28.03,64487,183994203.0,4.33,-2.6,-0.75,18.24,4.809472173591847,-0.06535161056617333,29.815999999999995,29.253999999999998,29.330789008498904,5.033854639924281,4.96621975223361,4.977818789534072,29.925,29.974909090909094,29.500587515377944,5.068310461994291,5.057048675004461,5.014983290064429,28.590000000000003,29.17980952380952,29.31598630731618,4.98509206493573,5.009503230383589,4.971948342093349,30.515666666666668,29.38043010752688,28.894070791847398,5.049514466155502,5.023755737157344,4.889682672390963,30.023888888888887,29.69861861861862,27.29122013497667,4.826148504182988,4.989661944527164,4.675371064488022,8.264804140157517
2022-07-04,sz001319,28.36,28.53,28.57,27.68,41910,118398671.0,3.17,1.46,0.41,11.86,4.622317660833844,-0.18715451275800277,29.396000000000004,28.825333333333333,29.063859338999272,4.929323668625388,4.8290407592034645,4.859318413300663,30.056,29.721272727272723,29.3241170580365,5.043616121781534,4.975959074793471,4.943589539295232,28.576,29.174095238095237,29.24113046852416,4.9556417737222205,4.97495328713579,4.9386501819733954,30.201,29.25232258064516,28.870582353663696,5.0563128018246335,4.996194652943042,4.872433316806633,29.983513513513515,29.637112375533434,27.33183586825612,4.820639562470849,4.970328034859095,4.673631608630508,8.073346827550704
2022-07-05,sz001319,28.35,27.89,28.77,27.28,53133,148468430.0,5.22,-2.24,-0.64,15.03,4.725364337774282,0.1030466769404379,28.518,28.32333333333333,28.672572892666185,4.8307272537712125,4.76105431558643,4.81466705479187,30.075,29.32745454545454,29.06336850202986,5.026519227824688,4.918095114064879,4.903912229927786,28.5845,29.108761904761902,29.112451376283765,4.940125898811362,4.953022102759795,4.918337244430623,29.738333333333333,29.10322580645162,28.807318976007977,5.031798324750748,4.974843139133343,4.86294499557874,29.928421052631577,29.54751686909582,27.350136331591987,4.818132319715676,4.95776579398295,4.675327763684402,8.171634116047882
2022-07-06,sz001319,27.99,27.5,28.28,27.0,42711,117945792.0,4.59,-1.4,-0.39,12.08,4.630539739757373,-0.0948245980169089,28.182,27.983999999999998,28.281715261777457,4.732503539223073,4.694325144248483,4.753291283113705,29.778000000000002,28.859272727272728,28.779119683478974,4.967930482562012,4.846098843507186,4.854208140805893,28.547499999999996,29.005476190476195,28.958884578542456,4.926202914124906,4.923537706659416,4.8909279582712655,29.371666666666666,28.958817204301077,28.722975816265528,5.004964923316922,4.948955488488608,4.847951108106394,29.866153846153846,29.44514102564103,27.35504989449061,4.813322253562899,4.941404491271672,4.673859303883516,8.071682450997113
2022-07-07,sz001319,27.4,27.8,28.07,27.15,46933,130384631.0,3.35,1.09,0.3,13.28,4.671478315597623,0.04093857584024985,27.968,27.85666666666667,28.121143507851638,4.691834445510994,4.67398340304,4.726020293941678,29.206,28.499636363636363,28.60109792284643,4.917853935188654,4.792198449513661,4.8209845362225705,28.630000000000003,28.934285714285718,28.84851461868127,4.913284179745107,4.89927822108539,4.870027992302346,29.143333333333334,28.857419354838708,28.663428989409688,4.983567920860898,4.927440223474461,4.836565766654216,29.8145,29.364890243902437,27.369638422540095,4.809776155113767,4.928237360750986,4.673781238693814,8.11522640224511
2022-07-08,sz001319,27.57,27.18,28.05,27.13,43166,118795513.0,3.31,-2.23,-0.62,12.21,4.635141806395128,-0.03633650920249476,27.78,27.593999999999998,27.807429005234425,4.65696837207165,4.655085856668044,4.6957274647594955,28.798000000000002,28.131272727272727,28.342716482328896,4.845411505997966,4.740796244278474,4.787194948981217,28.660500000000003,28.79619047619048,28.68960846452115,4.90888860961195,4.872788471242534,4.847657879358802,29.009666666666664,28.730752688172046,28.567723893318743,4.965648756291457,4.904961119315379,4.823570672443952,29.750243902439024,29.260847851335658,27.36342076934206,4.805516780754776,4.914280429591183,4.67251437206107,8.07480003731065
2022-07-11,sz001319,27.31,26.76,27.37,26.5,31080,83017496.0,3.2,-1.55,-0.42,8.79,4.492481010128877,-0.1426607962662514,27.426,27.254,27.45828600348962,4.631001041930657,4.6002567360204525,4.627978646549289,28.411,27.760727272727276,28.054949849178186,4.780162355278022,4.676627063211367,4.73361059646261,28.633499999999998,28.615190476190474,28.50583622980485,4.890553042344207,4.833130604625099,4.813831510860714,28.891333333333332,28.5856129032258,28.451096545362695,4.942366440728425,4.87443416795005,4.802210049068787,29.67904761904762,29.144529346622374,27.343636481822646,4.798063548120826,4.894661851941773,4.666611638882965,7.919169629912377
2022-07-12,sz001319,26.72,28.72,29.44,26.13,115501,329013181.83,12.37,7.32,1.96,32.67,5.06258574433727,0.5701047342083934,27.592000000000002,27.685333333333332,27.878857335659745,4.698445323243254,4.744118303489325,4.772847679145283,28.055,27.816909090909093,28.175868058418516,4.764586288507234,4.727976770313048,4.793424259712548,28.737000000000002,28.623428571428573,28.526232779347247,4.904686279125295,4.8495146714815816,4.8375223902394335,28.832,28.574559139784945,28.468445155339296,4.940863593454017,4.882190252053847,4.8190084810215925,29.656744186046513,29.125232558139537,27.38876315454977,4.8042152271026035,4.902294756141568,4.679594396438843,8.517213298197232
2022-07-13,sz001319,27.4,27.51,27.71,26.72,83934,228118391.1,3.45,-4.21,-1.21,23.74,4.923937920557798,-0.13864782377947193,27.594,27.658,27.75590489043983,4.75712495940334,4.819282502594173,4.823211092949455,27.887999999999998,27.71781818181818,28.054801138706054,4.744814249313206,4.756949794322242,4.817154016229866,28.747000000000003,28.506571428571434,28.4294487051237,4.905140640979465,4.851348161141819,4.845752440745945,28.689,28.489268817204298,28.406609984027085,4.934890996522715,4.881098273157315,4.825778122281993,29.607954545454547,29.053444444444445,27.39273813308912,4.806936197408404,4.903256674560068,4.687605659524711,8.358160299881085
2022-07-14,sz001319,27.18,27.53,27.78,27.08,48581,133438769.6,2.54,0.07,0.02,13.74,4.686466450156474,-0.23747147040132432,27.540000000000003,27.63666666666667,27.68060326029322,4.76012258631511,4.79572966617855,4.777629545351795,27.754,27.652727272727276,27.959382749850406,4.725978515913052,4.746341103566472,4.793392640580158,28.793,28.39066666666667,28.34378692368335,4.898992375283235,4.830522047730106,4.830582346404091,28.44066666666667,28.414494623655916,28.35005450118663,4.915568233293745,4.865070883069173,4.816790272467443,29.561777777777777,28.987207729468597,27.397238522168166,4.804259091913916,4.893831012629477,4.687568308397884,8.125282028809295
2022-07-15,sz001319,27.3,28.82,29.5,27.2,105283,303121522.13,8.35,4.69,1.29,29.78,5.022358251506231,0.3358918013497565,27.868000000000002,28.063333333333336,28.060402173528814,4.83756587533733,4.883141554575591,4.859205780736607,27.824,27.846545454545456,28.115858613513964,4.74726712370449,4.800228328219778,4.835022751657625,28.8745,28.39323809523809,28.389140549999222,4.907788792849391,4.842271178798963,4.84884671831858,28.33466666666667,28.43896774193549,28.380373565626204,4.905817084525316,4.871960561663525,4.830052722728011,29.54565217391304,28.98009250693802,27.443886439474127,4.809000377992009,4.899300256836998,4.698545027844059,8.481616773089714
2022-07-18,sz001319,29.25,30.55,31.0,29.13,113783,342973482.57,6.49,6.0,1.73,32.19,5.056077380181178,0.03371912867494764,28.625999999999998,28.957333333333334,28.890268115685878,4.95028514934779,4.955978722856874,4.924829647218131,28.026,28.34218181818182,28.55842977469324,4.790643095639224,4.856375647579176,4.875214502298271,29.040999999999997,28.552809523809525,28.594936688094535,4.917129608710379,4.85639390140199,4.868582971829304,28.392666666666667,28.58189247311828,28.520349464618064,4.900642214361222,4.881654774286485,4.844634958692732,29.567021276595746,29.045505319148933,27.545726228343828,4.814257335485396,4.905832636976339,4.7102674000518325,8.535260543311828
2022-07-19,sz001319,30.3,32.12,33.55,29.61,146022,456254149.29,12.9,5.14,1.57,41.31,5.164418292488658,0.10834091230747944,29.306,30.122000000000003,29.966845410457253,4.970651658978069,5.027356437237163,5.0046925289749735,28.449,29.086545454545455,29.205987997476285,4.834548491110661,4.924334774279072,4.927797009605614,29.262,28.84604761904762,28.930657003514103,4.930533859467674,4.879945204618969,4.896757764273052,28.53933333333333,28.822365591397848,28.752584983029802,4.904933429577795,4.898672585778578,4.865266141518276,29.620208333333334,29.17099489795918,27.695702417578453,4.8215523554229645,4.916387153527863,4.725157593246482,8.659206827065752
2022-07-20,sz001319,31.0,30.34,31.57,30.11,122231,377070497.45,4.55,-5.54,-1.78,34.58,5.0871813648390045,-0.07723692764965318,29.872000000000003,30.46666666666666,30.09123027363817,5.003300347834309,5.0661996725241405,5.0321888075963175,28.732999999999997,29.430363636363637,29.41217199793514,4.880212653618825,4.970268024047862,4.956775983284412,29.2555,28.948714285714285,29.064880146036568,4.924071568090418,4.894864014654333,4.914893345279333,28.609333333333332,28.938537634408604,28.854998855092397,4.9108728272895465,4.910430517085753,4.879583252700259,29.63489795918367,29.217755102040815,27.782400698969322,4.826973355615129,4.923218921980308,4.737027225101975,8.576422553896206
2022-07-21,sz001319,30.15,30.25,30.95,29.65,77850,235406753.56,4.28,-0.3,-0.09,22.02,4.891258616904139,-0.19592274793486553,30.416000000000004,30.592666666666666,30.14415351575878,5.044258781183842,5.028852428880752,4.985212077365592,28.977999999999998,29.70618181818182,29.56450436194693,4.902190683749476,4.972276381008829,4.944863734851635,29.092000000000002,29.043428571428574,29.177748703556894,4.910022309469065,4.891738971684212,4.91264241876741,28.746,29.044387096774198,28.944998928957407,4.909586347746564,4.909165084157662,4.880336502003735,29.647199999999998,29.258235294117647,27.863305594085084,4.828259060840909,4.9219655766832044,4.742083992046307,8.371818918115606
2022-07-22,sz001319,29.92,30.0,30.46,29.39,60629,181035293.42,3.54,-0.83,-0.25,17.15,4.78268040514634,-0.10857821175779936,30.651999999999997,30.454,30.09610234383919,4.996323211911864,4.941659636868251,4.9177015199591745,29.259999999999998,29.892,29.64368538704749,4.916944543624597,4.950547239444623,4.915375856723399,29.029000000000003,29.12990476190476,29.25605835083719,4.881178024811281,4.879611171272525,4.900265084136832,28.860333333333337,29.125290322580646,29.013063514185966,4.9115739209494995,4.900977603989905,4.874036108658097,29.654117647058822,29.28676470588235,27.933361148377372,4.827365361709642,4.9166084547010165,4.743415021984013,8.257763250246866
2022-07-25,sz001319,30.0,29.3,30.63,28.85,50485,149766536.53,5.93,-2.33,-0.7,14.28,4.703162360595733,-0.07951804455060696,30.401999999999997,30.003333333333334,29.830734895892792,4.9257402079947745,4.843939353096207,4.8461884668380275,29.514,29.899272727272727,29.581197134857035,4.938012678671283,4.911677751621192,4.876791584700187,28.9625,29.155714285714286,29.260243269805077,4.859087516974652,4.862657298490091,4.881493396180536,28.927,29.153655913978497,29.03157554552881,4.906372921119898,4.887531696870307,4.86301199587988,29.647307692307695,29.287264150943397,27.978168979578115,4.824976842457452,4.908553885112138,4.742095262594233,8.175414786501936
2022-07-26,sz001319,28.9,29.93,29.99,27.9,64933,188506076.44,7.13,2.15,0.63,18.37,4.81246546837942,0.10930310778368746,29.964,29.846000000000004,29.86382326392853,4.855349643172927,4.806181106557756,4.834947467351825,29.635,29.97490909090909,29.6446158376103,4.913000651075498,4.888850986113581,4.86509592718732,28.845000000000006,29.247857142857143,29.324029625061737,4.838793469791366,4.858217103385783,4.874919307818526,29.036333333333335,29.218365591397852,29.08953841355921,4.907457736442029,4.881473151532212,4.859750929589529,29.65264150943396,29.311069182389936,28.042163439264076,4.8247407787956025,4.904995054862778,4.744402482456043,8.275325354127107
2022-07-27,sz001319,29.91,31.49,32.29,29.53,109163,338168573.76,9.22,5.21,1.56,30.88,5.038075462372929,0.22560999399350923,30.194,30.354666666666667,30.405882175952357,4.845528462679712,4.867089712957756,4.902656799025527,30.032999999999998,30.31218181818182,29.98014023077206,4.924414405257011,4.911591860894932,4.896546751766522,28.960500000000003,29.499761904761904,29.530312517913,4.8346143272851085,4.877196340774503,4.890457989204659,29.175666666666668,29.376666666666665,29.244406903007004,4.91156522907198,4.88990010159227,4.871255738156201,29.686666666666664,29.39030303030303,28.155207260927547,4.828691421084072,4.909834342408601,4.7540311047484,8.52913324584963
2022-07-28,sz001319,31.29,32.49,34.64,31.18,185495,616371418.37,10.99,3.18,1.0,52.47,5.268332207742573,0.23025674536964402,30.642000000000003,31.119999999999997,31.100588117301577,4.920943180847399,5.008024294645377,5.024548601931209,30.529000000000003,30.758909090909086,30.436478370631683,4.98260098101562,4.974122370437762,4.964144107398531,29.1415,29.83590476190476,29.812187516207,4.854289748464336,4.918502805579975,4.926446010017794,29.37166666666667,29.59049462365591,29.453800006038815,4.926861910527364,4.91291732602263,4.896873574903709,29.737636363636362,29.50100649350649,28.29733161302828,4.836684889932408,4.9226378375991,4.77089343599411,8.78984249193479
2022-07-29,sz001319,31.92,34.44,35.74,31.78,197153,673713380.03,12.19,6.0,1.95,55.77,5.2948033899485925,0.026471182206019073,31.53,32.386,32.213725411534384,5.02336777780785,5.132644364345775,5.1146335312703375,31.091,31.47,31.164391394153192,5.009845494859857,5.030886444789212,5.024263976953088,29.4575,30.34052380952381,30.252931562282527,4.878556309282173,4.960456485721334,4.961527665249299,29.613333333333333,29.917483870967743,29.77549032822986,4.9418076935195465,4.936655485985291,4.922546466196928,29.821607142857143,29.674304511278198,28.498730576535547,4.844865577432698,4.935696278032417,4.7880708115336015,8.828475172579774
2022-08-01,sz001319,32.48,33.71,34.09,31.0,146559,480906221.09,8.97,-2.12,-0.73,41.46,5.1660124930598315,-0.128790896888761,32.412,33.11266666666667,32.71248360768959,5.115937804300669,5.180192602763102,5.1317598518668355,31.407,31.946181818181817,31.627229322488972,5.020839006147723,5.059280444461934,5.0500364344270405,29.716500000000003,30.745523809523807,30.582176175398477,4.905741050893473,4.98783326512873,4.981002410755064,29.829666666666665,30.181784946236558,30.029329661892454,4.95169940785616,4.951120311762083,4.938253951800986,29.889824561403508,29.8134664246824,28.66959186910815,4.850499733847208,4.943638216481638,4.800462342075445,8.682060395222244
2022-08-02,sz001319,34.5,37.08,37.08,33.72,209919,747453945.1,9.97,10.0,3.37,59.38,5.322051748833541,0.15603925577370958,33.842,34.66866666666667,34.168322405126396,5.217855060391494,5.2488972509407255,5.195190484189071,31.903,32.97763636363636,32.61864217294552,5.03660235178221,5.114046397677537,5.099493764319131,30.176,31.446809523809524,31.20101653964624,4.935575421446436,5.027481903027784,5.013483300095871,30.142333333333333,30.64954838709677,30.484211619189715,4.965890023572519,4.9750140111799785,4.963015099996635,30.013793103448275,30.05978959672706,28.9453429553669,4.858629941002145,4.956465793849499,4.8175636341003,8.873584438461187
2022-08-03,sz001319,35.68,33.37,36.45,33.37,180800,634243357.73,8.31,-10.01,-3.71,51.15,5.257198426139344,-0.06485332269419697,34.218,34.51133333333333,33.90221493675093,5.2616796531447765,5.262011706190009,5.215859798172496,32.206,33.24436363636364,32.75525268695542,5.053604057912244,5.15415477483338,5.128167339195533,30.4695,31.750999999999994,31.407586393013265,4.9669083557655345,5.058112665379489,5.036694264480964,30.238999999999997,30.857784946236556,30.670391514725864,4.967249064697694,4.9938081016681615,4.981994669425197,30.070677966101695,30.17012994350283,29.090413678141758,4.865385339055318,4.966490214925827,4.83197788957699,8.802255927661504
2022-08-04,sz001319,31.66,31.94,32.29,31.06,108687,344240083.44,3.69,-4.29,-1.43,30.75,5.036177601437733,-0.22102082470161122,34.108,33.751999999999995,33.24814329116729,5.2152487318838086,5.186844355620995,5.155965732594242,32.375,33.196000000000005,32.6070249256908,5.068095956365603,5.15098632820165,5.111441932330479,30.676499999999997,31.89104761904762,31.458292450821524,4.9851433200575395,5.064709736395889,5.036645058476847,30.186333333333334,30.967526881720435,30.752301739582265,4.962713525101245,4.998255104038486,4.985490342458264,30.10183333333333,30.22815846994536,29.183842737874812,4.8682318767616914,4.96877504727048,4.838672962097014,8.536861438342704
2022-08-05,sz001319,31.5,31.01,32.24,30.4,93187,290235201.96,5.76,-2.91,-0.93,26.36,4.96935533057227,-0.06682227086546266,33.422000000000004,32.71933333333333,32.502095527444865,5.150159120008544,5.104879888517148,5.093762265253585,32.476,32.947818181818185,32.316656757383385,5.086763448908196,5.133033487148317,5.085608004738077,30.868000000000002,31.92280952380952,31.415597931695665,5.001853996266396,5.063206118349672,5.030236512962126,30.178,31.020666666666664,30.768927433802766,4.9497064995102535,4.998683607617262,4.984449373949491,30.26133333333333,30.257934426229507,29.24371674646908,4.882256433213152,4.972090570346237,4.842957629915874,8.46275008587504
2022-08-08,sz001319,30.8,32.79,33.16,30.02,105512,337161827.14,10.13,5.74,1.78,29.85,5.023301855249017,0.05394652467674721,33.238,32.50866666666666,32.59806368496325,5.1216169924463815,5.062594133597306,5.07027546191873,32.825,33.00490909090909,32.402719165131856,5.118777398373526,5.121495015573921,5.074279613921885,31.1695,32.10585714285715,31.546493366772268,5.028395038522404,5.065248771586114,5.029576069370401,30.25,31.189182795698926,30.899319212267102,4.945650810774278,5.00343169508428,4.986955985646234,30.414833333333334,30.340841530054643,29.35998832855206,4.9099054082237075,4.976715010412985,4.848870555336633,8.527838398690244
2022-08-09,sz001319,32.27,32.38,32.96,32.05,72814,236233783.84,2.78,-1.25,-0.41,20.6,4.86221488945307,-0.16108696579594728,32.298,32.22266666666667,32.5253757899755,5.029649620570287,4.97612676593287,5.00092193776351,33.07,32.924,32.398588407835156,5.123752340480889,5.074847286679293,5.035722391291191,31.3525,32.22114285714286,31.625874950889195,5.018376495778194,5.049422090722367,5.013636909378274,30.253333333333334,31.326602150537628,30.994847005024067,4.933779760021207,4.998048732418395,4.978908172988611,30.522166666666667,30.40527322404372,29.459005104665106,4.93223926775428,4.975151386846735,4.849308074487992,8.373342006258474
2022-08-10,sz001319,32.1,32.65,33.1,31.65,74921,243167342.56,4.48,0.83,0.27,21.19,4.874603565440834,0.012388675987764053,32.154,32.34,32.566917193316996,4.9531306484305855,4.924444747556384,4.958815813655952,33.186,32.84763636363637,32.44429960641058,5.10740515078768,5.029547509399283,5.006428059318399,31.609500000000004,32.34471428571429,31.72341066985213,5.015909778022346,5.035729430690238,5.000395638527089,30.369000000000003,31.48122580645162,31.10163106921606,4.925544601785966,4.99423091341321,4.9721788434694,30.590833333333332,30.475038251366115,29.56362788811871,4.953502818732242,4.973261691688918,4.850137434847102,8.38590524865033
2022-08-11,sz001319,32.7,32.3,32.82,31.75,61053,196048556.89,3.28,-1.07,-0.35,17.27,4.785707009008745,-0.08889655643208894,32.226,32.38866666666667,32.477944795544666,4.903036529944788,4.868636867749105,4.901112878773549,33.166999999999994,32.68654545454545,32.41806331433593,5.059142630914298,4.971056938166749,4.966296959262098,31.848000000000003,32.410476190476196,31.77832393939002,5.020871805964959,5.013805357450847,4.979949102382484,30.483333333333334,31.6058064516129,31.178945193782766,4.922574042614324,4.985209133234034,4.960148402536454,30.60616666666667,30.53107650273224,29.653345006541045,4.9746205101435494,4.96776018973077,4.848024961868795,8.292363649813902
2022-08-12,sz001319,32.15,33.92,34.8,31.38,122838,404395042.68,10.59,5.02,1.62,34.75,5.089332736816662,0.3036257278079164,32.80800000000001,32.95333333333333,32.958629863696444,4.927032011193665,4.930735603373063,4.963852831454587,33.114999999999995,32.823454545454545,32.6911427117294,5.0385955656011046,4.976546048330816,4.988667100635655,32.102999999999994,32.60780952380952,31.982293088019542,5.0242205302304805,5.0203254461033895,4.990366591376215,30.676666666666666,31.827526881720438,31.35578743934517,4.93190272805515,4.995967758666443,4.968482875715823,30.596166666666665,30.639726775956284,29.793235334195437,4.990708597105327,4.971521246343003,4.855936692194954,8.606805823106113
2022-08-15,sz001319,33.6,34.0,34.6,33.12,88117,298316184.1,4.36,0.24,0.08,24.93,4.9450597028951595,-0.14427303392150215,33.05,33.35066666666667,33.3057532424643,4.9113835807228945,4.936744833940228,4.9575884552681115,33.144,32.98436363636363,32.929116764142236,5.0165002865846375,4.959539527838825,4.9807384828646555,32.2755,32.78847619047619,32.1744556510653,5.018669646366179,5.012786319690502,4.9860516496161145,30.858999999999998,32.041935483870965,31.5263817980971,4.94266079612386,4.996816595752895,4.966971703275781,30.530000000000005,30.75132786885246,29.931162044549684,4.999486798974248,4.970024561286933,4.858858758119551,8.474676815127612
2022-08-16,sz001319,33.8,34.08,34.92,33.52,73472,251793582.67,4.12,0.24,0.08,20.78,4.8661218620458415,-0.07893784084931799,33.39,33.693999999999996,33.5638354949762,4.912164975241448,4.921657594381211,4.9270995908606885,32.844,33.154545454545456,33.13836826157092,4.9709072979058675,4.932197996104498,4.959899097261235,32.3735,32.96033333333333,32.35593606524956,5.003754824844039,4.998257959279041,4.974629765085613,31.065333333333335,32.24974193548387,31.69113135951019,4.94735271359958,4.991878600005926,4.960465261906108,30.401833333333332,30.86772131147541,30.06718951849887,4.989575519175164,4.965651940404033,4.859096892674511,8.401044657278902
2022-08-17,sz001319,33.8,33.31,33.95,32.75,62377,207389567.9,3.52,-2.26,-0.77,17.65,4.795024483682169,-0.0710973783636728,33.522,33.66733333333333,33.47922366331747,4.896249158889715,4.882610763861451,4.883074555134516,32.838,33.239272727272734,33.16957403219438,4.92468990366015,4.900219302609281,4.929921894792313,32.522,33.04952380952381,32.44679929713055,4.989146980786197,4.978378879168387,4.957524500190047,31.259,32.39455913978494,31.79557449760631,4.952835538397072,4.9820509722693185,4.949791663311014,30.31533333333333,30.963071038251368,30.173511173630054,4.978900230856997,4.959273217928853,4.856996157953451,8.316786906742454
2022-08-18,sz001319,33.12,34.31,34.46,33.12,69299,235394685.85,4.02,3.0,1.0,19.6,4.84072696769095,0.045702484008780964,33.924,33.93,33.75614910887832,4.907253150626156,4.864103366795195,4.868958692653328,33.075,33.50690909090909,33.37692420815904,4.905144840285471,4.884953314251244,4.9137046353193385,32.725,33.21980952380952,32.62424698311812,4.986620398325537,4.964243639825983,4.946400925666324,31.476,32.59139784946237,31.957795497760745,4.9584771601335165,4.97481816125602,4.942755231335527,30.309666666666665,31.094043715846997,30.309133758101197,4.9710225404972075,4.954742947005378,4.85646274187927,8.371796654208046
2022-08-19,sz001319,34.16,31.99,34.25,31.68,70465,231619974.33,7.49,-6.76,-2.32,19.93,4.847973456264566,0.0072464885736165385,33.538,33.285333333333334,33.16743273925221,4.858981294515738,4.844343468674665,4.861963613857074,33.173,33.309636363636365,33.12475617031194,4.893006652854702,4.874558517156534,4.901753511854834,32.8245,33.14980952380952,32.56384250853544,4.989885050881449,4.95103916915351,4.937026880961394,31.636333333333333,32.62455913978495,31.959873207582632,4.965571548462498,4.967688890038669,4.936640278105143,30.322999999999997,31.14913661202186,30.364244126688043,4.965610152376978,4.950708550801027,4.856184404646001,8.364776009145398
2022-08-22,sz001319,31.94,31.55,32.3,30.99,34966,110500956.14,4.1,-1.38,-0.44,9.89,4.543645953233247,-0.3043275030313195,33.048,32.62266666666667,32.62828849283481,4.778698544583355,4.739231688247169,4.755857726982465,33.049,33.014545454545456,32.838436866618856,4.845041062653125,4.811038389952633,4.8366430466509085,32.937,33.02842857142857,32.46728607915111,4.981909230513326,4.908540207472728,4.89956203070157,31.796,32.61898924731183,31.933429774835368,4.967277046565978,4.940467883894846,4.911285805532763,30.343666666666667,31.189366120218583,30.403121368435972,4.9548217436472015,4.936873659025824,4.845937242304599,8.043366035890173
2022-08-23,sz001319,31.4,31.12,32.07,30.9,39363,123444210.77,3.71,-1.36,-0.43,11.14,4.595088190211429,0.05144223697818262,32.456,31.980000000000004,32.125525661889874,4.724491810216472,4.67802823678986,4.70226788139212,32.923,32.663818181818186,32.52599379996088,4.818328392728961,4.765592413145051,4.79272398184373,32.9965,32.855380952380955,32.33897311923196,4.971040366604925,4.871700108396357,4.870564522083462,31.875999999999998,32.575376344086024,31.88095043452341,4.951693794761782,4.916455699613908,4.890885959383,30.354,31.214819672131142,30.4266255858643,4.9462786941079,4.925079116290224,4.837712683219576,8.091470727402028
2022-08-24,sz001319,31.15,29.29,31.15,29.29,46918,139163209.47,5.98,-5.88,-1.83,13.27,4.671339490922681,0.07625130071125152,31.652000000000005,30.924666666666667,31.180350441259918,4.699754811664574,4.660310797025263,4.691958417902307,32.587,32.00327272727272,31.93763129087708,4.7980019852771445,4.738867158271184,4.77065407440354,32.8865,32.50238095238095,32.04859472692415,4.952703568032413,4.843157167855191,4.851590709591958,31.935333333333336,32.4085376344086,31.713792341973516,4.943273847107279,4.898368325172675,4.876721671095237,30.312166666666666,31.17993442622951,30.389359173213013,4.939082421814997,4.91606471618579,4.832257824455743,8.143524436165215
2022-08-25,sz001319,29.3,28.74,29.57,28.43,33008,93970358.6,3.89,-1.88,-0.55,9.34,4.518619210629076,-0.15272028029360474,30.538,29.954,30.36690029417328,4.6353332602522,4.599932263346763,4.634178682144563,32.231,31.303818181818183,31.35624378344488,4.771293205439178,4.688070290153353,4.7248295537172735,32.699,32.10747619047619,31.733490467217088,4.915217918176738,4.801815800483444,4.81987913826216,31.975666666666665,32.202387096774196,31.521934771523615,4.937678939123033,4.870971251851501,4.853618286549033,30.208166666666667,31.12838797814208,30.3352818232716,4.926623586208389,4.902279037130514,4.8219745912155245,7.9729908841683645
2022-08-26,sz001319,28.85,29.01,29.59,28.65,30512,87945447.08,3.27,0.94,0.27,8.63,4.484470675701931,-0.03414853492714531,29.942,29.444666666666667,29.914600196115522,4.562632704139673,4.549644735163341,4.584276013330353,31.740000000000002,30.71818181818182,30.929654004636717,4.710806999327705,4.635920739292034,4.681127939532666,32.4275,31.75614285714286,31.474110422720223,4.874701282464406,4.760792253581082,4.787935475161186,31.982000000000003,32.011053763440856,31.359874463683383,4.919749353262889,4.841732009050139,4.829802311655672,30.158333333333335,31.089103825136608,30.291829960213512,4.912783218894103,4.887782220392599,4.810908889067537,7.944213361028112
2022-08-29,sz001319,28.42,29.47,29.77,28.23,27947,80862921.1,5.31,1.59,0.46,7.91,4.446335194928242,-0.03813548077368889,29.526,29.287333333333336,29.766400130743683,4.5431705524786725,4.51087889875953,4.53829574052965,31.287,30.305454545454545,30.66426236743004,4.660934548531013,4.587834956673951,4.638438349604589,32.2155,31.47447619047619,31.283242763413533,4.838717417557826,4.7199954833395426,4.755402115139001,31.946,31.848989247311835,31.23794707892962,4.899424613754458,4.8111891601253225,4.805062497673257,30.169333333333334,31.06653551912568,30.264884715616347,4.90003341405784,4.872488842557652,4.798955653194118,7.90774942577699
2022-08-30,sz001319,30.05,28.79,30.05,28.6,25720,73740236.91,4.92,-2.31,-0.68,7.28,4.4102709642521845,-0.03606423067605746,29.059999999999995,29.041999999999998,29.44093342049579,4.506207107286823,4.466579036017367,4.495620815103829,30.758000000000003,29.851454545454544,30.323487391533668,4.6153494587516475,4.542259759532346,4.596953370449606,31.801000000000005,31.148238095238096,31.045791071659863,4.793128378328758,4.679191059215196,4.722532481721209,31.835,31.645376344086028,31.080015009321258,4.874286369479909,4.779630860157435,4.77959207616222,30.187166666666666,31.02131147540984,30.216527839694496,4.889609899528852,4.8564310573181215,4.786211892900939,7.867704528558143
2022-08-31,sz001319,28.79,27.42,28.79,27.41,27873,76486207.12,4.79,-4.76,-1.37,7.88,4.445183714796111,0.03491275054392684,28.686,28.49533333333334,28.767288946997194,4.460975952061508,4.446237905187131,4.47880844833459,30.169,29.244545454545456,29.795580593072998,4.580365381863042,4.511320533358611,4.569358887603515,31.503500000000003,30.731,30.700477636263688,4.752527642761596,4.646053472212087,4.6961183134426285,31.737666666666666,31.360537634408605,30.843885008719887,4.852886447811812,4.75194681791977,4.758017343170859,30.1735,30.930584699453554,30.124838402327462,4.8818796375506786,4.841859706999015,4.7750306411597965,7.883583125196105
2022-09-01,sz001319,27.63,27.45,27.96,27.36,16013,43652925.24,2.19,0.11,0.03,4.53,4.204472703648964,-0.24071101114714732,28.427999999999997,28.083333333333332,28.328192631331465,4.3981466506654865,4.360736822382949,4.387363200106048,29.483000000000004,28.75018181818182,29.369111394332453,4.516739955458843,4.442976410046961,4.503015945066324,31.279000000000003,30.344952380952382,30.390908337571908,4.710942397872158,4.59385776372517,4.649294922033708,31.644333333333336,31.08391397849463,30.62492468557667,4.8299935840366395,4.710113673135071,4.72230478578235,30.19516666666667,30.84128961748634,30.037138782579017,4.869789965891601,4.8196496435924026,4.756323823536491,7.640013351661822
2022-09-02,sz001319,27.69,28.31,28.74,27.53,28227,78441591.5,4.41,3.13,0.86,7.98,4.450664723252152,0.24619201960318815,28.288,28.043999999999997,28.322128420887644,4.39138546017553,4.3782428465785035,4.408463707821416,29.115000000000002,28.53690909090909,29.176545686272007,4.477009082157602,4.430962731463927,4.493497541100111,31.144,30.062190476190477,30.192726591136488,4.685007867506152,4.569069413761359,4.630377760244989,31.588,30.868795698924732,30.475574705862048,4.818926394640166,4.68564084340704,4.704779620457821,30.22416666666667,30.779480874316942,29.980511281510854,4.865250157794833,4.805907832358322,4.746302213691102,7.894546396477851
2022-09-05,sz001319,28.3,27.68,28.41,27.45,21050,57979032.04,3.39,-2.23,-0.63,5.95,4.323252100171687,-0.12741262308046508,27.93,27.841333333333335,28.1080856139251,4.36676884122422,4.355531726577222,4.38005983860484,28.727999999999998,28.275999999999996,28.904446470586187,4.454969696851446,4.403006916557396,4.46254382456767,30.8885,29.732285714285716,29.953419296742535,4.650005379752285,4.534616483539029,4.601127697380865,31.534,30.61666666666667,30.295215047419337,4.8062627192926985,4.653661856667138,4.680164941729684,30.230500000000003,30.696065573770493,29.905084682117057,4.856317820206298,4.788137404239531,4.732431718165875,7.763270960532677
2022-09-06,sz001319,27.69,28.23,28.33,27.16,27108,74295414.24,4.23,1.99,0.55,7.67,4.433097476967988,0.1098453767963008,27.818,27.941333333333333,28.148723742616735,4.37133414376738,4.377641271825145,4.397739051392556,28.439,28.185454545454547,28.781819839570517,4.438770625527101,4.399030149305858,4.457189943185909,30.681,29.479095238095237,29.7892841256242,4.628549509128031,4.513958588035763,4.585124819246305,31.47733333333333,30.403505376344086,30.16197536694067,4.793617119578984,4.629586679742963,4.664225105293445,30.256833333333336,30.630475409836073,29.850163872867313,4.850537428010507,4.774261327412045,4.722617480749552,7.870962008488365
2022-09-07,sz001319,27.95,28.58,28.91,27.87,29165,82224287.91,3.68,1.24,0.35,8.25,4.464861980766035,0.03176450379804674,28.05,28.19533333333333,28.292482495077827,4.375269796961366,4.408817217491364,4.420113361183716,28.368000000000002,28.211090909090906,28.745125323284967,4.418122874511438,4.403774032076574,4.4585848591095685,30.4775,29.278999999999993,29.674114208898082,4.608062429894291,4.498369299620334,4.573671215581517,31.380333333333333,30.21658064516129,30.059912440041273,4.774510003525421,4.608376670787288,4.651362968227161,30.278000000000002,30.575497267759566,29.80851915572412,4.843037616298701,4.761616230781078,4.714166480750092,7.915000121034635
2022-09-08,sz001319,28.54,28.13,28.85,28.07,23860,67181414.64,2.73,-1.57,-0.45,6.75,4.377670439334323,-0.0871915414317117,28.186,28.222,28.238321663385218,4.409909344098438,4.4096174316156835,4.405965720567252,28.307,28.16781818181818,28.63328435541497,4.404027997381962,4.3964190438625526,4.44387314642316,30.269,29.05542857142858,29.52705571281255,4.58766060141057,4.47642720528129,4.555004474986546,31.235,30.006881720430105,29.935401960038615,4.744821277911813,4.582774118258831,4.6337053857179455,30.30333333333333,30.50507103825137,29.753485740782345,4.8358415942195885,4.746358290552739,4.703133823654492,7.827249144546989
2022-09-09,sz001319,28.11,27.63,28.13,27.38,18597,50713825.2,2.67,-1.78,-0.5,5.26,4.269442891071236,-0.10822754826308678,28.05,28.036666666666665,28.035547775590146,4.373664977662254,4.362795280606616,4.360458110735247,28.169,28.044727272727272,28.45086901806679,4.382525218918891,4.37194902453333,4.412158554540992,29.954500000000003,28.80409523809524,29.346383740163738,4.546666109123299,4.446120756677544,4.527808133661279,31.008,29.774301075268816,29.786666349713542,4.710642594615901,4.552104544914276,4.610204579611707,30.31066666666667,30.417420765027327,29.683863257478002,4.826225144067723,4.727787841269187,4.688914448815697,7.705126369384363
2022-09-13,sz001319,27.65,28.2,28.22,27.56,18822,51854819.24,2.39,2.06,0.57,5.32,4.2746657690813885,0.005222878010152421,28.153999999999996,28.086666666666666,28.090365183726764,4.363947711444195,4.329795544412994,4.331860663517295,28.042,28.050363636363635,28.40525646932737,4.365358276334208,4.352338215471966,4.387159866275609,29.664500000000004,28.637,29.23720433633862,4.51314641243261,4.4202159623878385,4.5036993370346226,30.824333333333335,29.593139784946235,29.684300778764285,4.680931037149952,4.523977007783018,4.588556914416203,30.327,30.34821857923497,29.63521200313446,4.816315222503056,4.709703927335208,4.675332524889982,7.714789124699576
2022-09-14,sz001319,27.69,29.19,29.49,27.6,47844,136741039.26,6.7,3.51,0.99,13.53,4.679827481710019,0.40516171262863043,28.346000000000004,28.432000000000002,28.456910122484512,4.4132937123925995,4.435088801168268,4.44784960291487,28.082,28.259090909090908,28.547937111267846,4.39231392807999,4.4095144346312045,4.4403721599909565,29.419999999999998,28.591809523809527,29.232708685258753,4.503831693415819,4.436090349938069,4.520473446051327,30.561333333333334,29.48769892473118,29.652410405940785,4.659523561579168,4.523905810657862,4.594445338112578,30.351833333333335,30.310939890710383,29.62061488827759,4.8127067925758436,4.705228919440353,4.675479900523427,8.135898876303877
2022-09-15,sz001319,29.23,27.89,29.33,27.6,35050,98290297.72,5.93,-4.45,-1.3,9.91,4.544688022302678,-0.13513945940734118,28.208,28.279999999999998,28.267940081656345,4.429258920699929,4.478886904471628,4.48012907604414,28.128999999999998,28.224181818181815,28.428312181946417,4.402264358830647,4.437218815398965,4.459338680411269,29.149,28.44609523809524,29.10483166761506,4.491314870346844,4.439981428879673,4.522779596170504,30.378666666666668,29.315354838709677,29.538706508783317,4.635773214784613,4.5164970661884105,4.591235188705489,30.308833333333332,30.23022404371585,29.563873416530782,4.801511139741153,4.696441418775659,4.671191642221107,7.992510650541957
2022-09-16,sz001319,27.6,25.96,27.63,25.95,37884,99183570.35,6.02,-6.92,-1.93,10.72,4.578455827939842,0.033767805637164194,27.774,27.53066666666667,27.49862672110423,4.469415998421033,4.528619206884932,4.512904660009374,27.98,27.82981818181818,27.97952814886525,4.439662671259734,4.4692536279642745,4.4809963435982825,28.7315,28.14238095238095,28.80532388974696,4.478201313359289,4.4482805676980535,4.52808209443425,30.179333333333332,29.030279569892464,29.307822217894074,4.620515822334683,4.512799170262941,4.590410713817382,30.182833333333335,30.087639344262296,29.445713632382233,4.791614673717963,4.689128129864141,4.668151123720082,7.996439737705793
2022-09-19,sz001319,25.93,25.95,26.31,25.7,17539,44977421.93,2.35,-0.04,-0.01,4.96,4.2440048280914535,-0.33445099984838844,27.438,26.922666666666668,26.98241781406949,4.464328385825077,4.453482150108406,4.423271382703401,27.744,27.460727272727276,27.61052303088975,4.418996681743665,4.43367947466095,4.437906977142495,28.4295,27.87747619047619,28.533388281199628,4.448002881950633,4.425976140529689,4.501027116687316,30.01066666666667,28.75741935483871,29.09118852641704,4.59633747225199,4.4885081383762815,4.568061946996355,30.094333333333335,29.948857923497275,29.33110007066478,4.773021985881121,4.67117370869606,4.654244687797832,7.652994558399239
2022-09-20,sz001319,26.01,27.23,27.35,26.01,34923,92945443.51,5.16,4.93,1.28,9.88,4.543111543953438,0.2991067158619849,27.244,26.85333333333333,27.06494520937966,4.518017540799486,4.47974320281786,4.463218103120081,27.699,27.367272727272724,27.541337025273428,4.44098262612184,4.456245813244545,4.45703508019903,28.2135,27.763238095238094,28.40925606394252,4.447976161486642,4.4350341083394795,4.505035157379329,29.825333333333333,28.57802150537634,28.97111184729336,4.580331128542137,4.485074207518309,4.566452243574232,30.037666666666667,29.85494535519126,29.262211543757736,4.7629909696582065,4.663635661419741,4.65060097816359,7.968228104092122
2022-09-21,sz001319,26.85,27.23,27.45,26.6,19827,53085852.76,3.12,0.0,0.0,5.61,4.297257006590092,-0.24585453736334628,26.851999999999997,26.848666666666666,27.11996347291977,4.441503445775501,4.406156358081396,4.407897737610085,27.599,27.282,27.484730293405534,4.42739857908405,4.43011388242059,4.427984521361041,28.019,27.66957142857143,28.296945962614664,4.433084602305575,4.420679903111236,4.485246762066067,29.653666666666666,28.410580645161286,28.858782050693794,4.561499199113371,4.466811360940759,4.549084808930093,29.953500000000002,29.762890710382514,29.195581657077152,4.7476394795672885,4.6483656954175085,4.639015929915279,7.724978798164662
2022-09-22,sz001319,26.93,27.77,28.22,26.93,28575,78190671.86,4.74,1.98,0.54,8.08,4.455986239067319,0.15872923247722692,26.827999999999996,27.15466666666667,27.336642315279846,4.423763089128429,4.410983955845335,4.42392723809583,27.518,27.31309090909091,27.536597512786344,4.426511004914179,4.435311638781185,4.433075742762182,27.942999999999994,27.645857142857142,28.246760632841838,4.422316939712808,4.42286101137426,4.4824600455899954,29.490999999999996,28.28905376344086,28.78853804742323,4.547545288234253,4.460004073195852,4.543078449584108,29.930000000000003,29.691300546448087,29.1488412748779,4.73654494501011,4.63880329408964,4.633014956444853,7.893154944858182
2022-09-23,sz001319,27.84,26.69,28.15,26.3,28668,76097586.17,6.66,-3.89,-1.08,8.11,4.457397395797503,0.0014111567301835493,26.974,27.108666666666668,27.121094876853235,4.399551402699961,4.422195391401693,4.435083957329721,27.374000000000002,27.162545454545455,27.38267069227973,4.434483700560497,4.440927346214517,4.437497861495877,27.840500000000002,27.526523809523813,28.098497715428326,4.419255848971229,4.42620200719185,4.480073126562139,29.304,28.108344086021507,28.653148495976573,4.536601634460546,4.454188080135417,4.537550639662392,29.893666666666665,29.585071038251368,29.06822352816059,4.7295878385374355,4.629650915426931,4.6272570036367435,7.8813708810849565
2022-09-26,sz001319,26.37,26.61,26.93,26.0,15077,39431586.58,3.48,-0.3,-0.08,4.27,4.1783149348321595,-0.27908246096534306,27.106,26.987333333333332,26.95072991790216,4.3864134240481025,4.348449902112425,4.349494283163867,27.272000000000002,27.023636363636367,27.242185111865233,4.42537090493659,4.394351206991183,4.390373693011564,27.720499999999998,27.40933333333333,27.956736028244677,4.403948061927741,4.403255253464319,4.451334251159284,29.060333333333336,27.934537634408596,28.521332463978084,4.506234374394396,4.431072809191651,4.51437414257657,29.8685,29.477409836065576,28.987626035434012,4.719068551224773,4.611576393993972,4.61253759154479,7.595844251815213
2022-09-27,sz001319,26.62,26.6,26.94,25.93,17321,45051935.97,3.8,-0.04,-0.01,4.9,4.238572961696629,0.060258026864469016,26.98,26.818666666666665,26.833819945268107,4.32550570759674,4.2991697479952675,4.312520509341455,27.112000000000002,26.901454545454545,27.12542418243519,4.421761624198114,4.360387944583918,4.362773560045212,27.577000000000005,27.30261904761905,27.827523073173758,4.393559950266161,4.387505243918499,4.43107127121046,28.81366666666667,27.7758064516129,28.39737553081821,4.482684816354445,4.413804330953083,4.496580518003671,29.836333333333332,29.370245901639336,28.90934321460011,4.712672806239152,4.595822440238951,4.600276456139932,7.653713458201272
2022-09-28,sz001319,26.35,24.71,26.66,24.71,25130,63354693.82,7.33,-7.11,-1.89,7.11,4.400192488592576,0.16161952689594727,26.476,26.062,26.125879963512077,4.346092803997236,4.324065341660546,4.341744502425162,26.664000000000005,26.46472727272727,26.68625614926515,4.393798124886369,4.356466283564728,4.369577001599278,27.372999999999998,27.02957142857143,27.530616113823875,4.393056026483179,4.3881369142353,4.428130434770661,28.50133333333333,27.511053763440856,28.15948033528155,4.467153837239336,4.408482245291029,4.49036193546102,29.783333333333335,29.2021693989071,28.771659830514857,4.707253275419458,4.585577183922671,4.593716326056413,7.801778796403502
2022-09-29,sz001319,25.21,24.52,25.34,24.35,17064,41722555.39,4.01,-0.77,-0.19,4.83,4.2320808424413725,-0.16811164615120333,25.826,25.41,25.590586642341385,4.301311724672048,4.286061354475257,4.305189949097232,26.326999999999998,26.07490909090909,26.292391394853304,4.3625374069002385,4.327063141302001,4.344577699934204,27.227999999999998,26.75785714285714,27.24389076965017,4.382400882865443,4.372805944326557,4.409459045025015,28.208333333333332,27.254193548387093,27.924675152360162,4.448389049197976,4.393316245626644,4.473698639137172,29.733666666666668,29.029601092896176,28.632261147547155,4.700612293797524,4.569997759890601,4.58185942495428,7.620370899893266
2022-09-30,sz001319,24.52,23.36,24.77,23.36,20597,48211068.26,5.75,-4.73,-1.16,5.83,4.31380396899415,0.08172312655277736,25.160000000000004,24.588,24.847057761560926,4.272593039311377,4.290225435915959,4.308061289062872,26.067,25.53545454545454,25.759229323061792,4.3360722210056695,4.318202516228168,4.338982476126922,27.023499999999995,26.389476190476184,26.873996410635872,4.387867446132701,4.366272904910243,4.400349037783981,27.84333333333333,26.941397849462366,27.630179981240154,4.430824949241416,4.384633337226396,4.463382853966655,29.65966666666667,28.820628415300543,28.459400126316098,4.694651054687467,4.557315519733114,4.573070721480177,7.6831467546790915
2022-10-10,sz001319,23.45,22.49,23.75,22.24,18258,41211099.0,6.46,-3.72,-0.87,5.16,4.26145320274181,-0.052350766252339476,24.336000000000002,23.698,24.061371841040618,4.289220692893307,4.286512157059437,4.292525260289185,25.720999999999997,24.885090909090906,25.16482399159601,4.337817058470705,4.304635421998375,4.3248862446023555,26.732499999999998,25.957714285714285,26.456472942956264,4.3784068701071845,4.354233453158731,4.387120863018059,27.526666666666664,26.596021505376346,27.298555466321435,4.411274274123991,4.373706127774809,4.450355134532794,29.581500000000002,28.585557377049184,28.2636820893877,4.6884229112932445,4.5431123114725995,4.56285375365269,7.615014196258912
2022-10-11,sz001319,23.29,22.88,23.33,22.55,12242,27504304.23,3.47,1.73,0.39,3.46,4.087852375163169,-0.1736008275786416,23.592,23.212666666666664,23.66758122736041,4.259076575586615,4.2193893844827235,4.22430096524718,25.285999999999998,24.368545454545455,24.74940144766946,4.292291141591678,4.259187297760641,4.281789177431594,26.4925,25.590809523809522,26.115856472198526,4.366636883856759,4.3265615964973945,4.358619102269975,27.237666666666666,26.296236559139786,27.013487371720053,4.396081154854987,4.352840198809595,4.426967859734754,29.516833333333334,28.365836065573767,28.08716792252253,4.6816791007104825,4.523421474222434,4.547279937964509,7.439400663178038
2022-10-12,sz001319,23.4,23.8,23.91,22.61,18578,42639558.04,5.68,4.02,0.92,5.26,4.2689989585426735,0.18114658337950473,23.41,23.281999999999996,23.711720818240277,4.2328378695766355,4.222696845468076,4.239200296345678,24.943,24.098363636363633,24.57678300263865,4.289465336786936,4.254952355388094,4.279463683088154,26.270999999999997,25.334380952380954,25.895298712941525,4.358431957935493,4.317262746467483,4.350083850486422,26.99366666666667,26.074451612903225,26.806165605802633,4.385211513799363,4.344641347434606,4.416776317722362,29.434833333333334,28.178398907103823,27.946605039816873,4.668452654280572,4.509890977757915,4.538155971426088,7.629812694569549
2022-10-13,sz001319,23.7,23.79,24.18,23.63,18125,42736100.86,2.31,-0.04,-0.01,5.13,4.2582780152430315,-0.010720943299642016,23.264000000000003,23.408666666666665,23.737813878826852,4.238077304136967,4.231176894023542,4.2455595359781295,24.545,23.888727272727273,24.433731547613437,4.269694514404508,4.249281933289203,4.275611743479949,26.0315,25.098095238095237,25.69479407361376,4.348102759659343,4.307724275734867,4.3413404376061,26.810333333333332,25.86776344086022,26.611574276396013,4.3714427979433745,4.33645208946323,4.406550620788211,29.372833333333332,27.99332240437159,27.81032290736386,4.657358322525327,4.496442628937012,4.528979644993856,7.630794895641959
2022-10-14,sz001319,24.24,24.01,24.24,23.76,15365,36356908.64,2.02,0.92,0.22,4.35,4.186532564592397,-0.07174545065063409,23.394,23.657333333333334,23.82854258588457,4.212623023256616,4.213995314175352,4.225883878849553,24.276999999999997,23.791454545454542,24.35668944804736,4.242608031283997,4.234161578777909,4.259415529136758,25.825499999999998,24.905571428571427,25.534337495174352,4.338545865922248,4.292336638109444,4.326596830652414,26.65266666666667,25.687096774193545,26.443730774693048,4.360373243075485,4.324522396988974,4.392355907485256,29.31416666666667,27.817491803278685,27.685722156302752,4.649026091099258,4.481005718840851,4.517751871865939,7.560586948871556
2022-10-17,sz001319,23.98,24.35,24.41,23.65,16938,40304560.2,3.17,1.42,0.34,4.79,4.2288621285305625,0.042329563938165116,23.766,23.976000000000003,24.00236172392305,4.206104808414367,4.219408349266668,4.226876628743223,24.051,23.804727272727273,24.35547318476602,4.247662750653837,4.231662323731832,4.253860365390177,25.6615,24.765047619047618,25.42154344801489,4.336516827795213,4.281890567881664,4.317288763783666,26.497333333333334,25.538537634408602,26.30865136987414,4.351852958169773,4.316037808953817,4.381807921746244,29.23966666666667,27.65473224043716,27.57635421675184,4.635801155716331,4.467229851215648,4.508280077002484,7.605354186529533
2022-10-18,sz001319,24.55,24.24,24.66,24.17,14991,36006150.24,2.01,-0.45,-0.11,4.24,4.1758306041622495,-0.05303152436831304,24.038,24.134,24.081574482615366,4.223700454214184,4.209316947849294,4.209861287216231,23.815,23.83909090909091,24.334478060263105,4.241388514900399,4.218601933460634,4.239673136076008,25.463500000000003,24.629666666666665,25.309015500584902,4.331575069549256,4.266587118011858,4.303816558105436,26.323,25.392903225806453,26.175189991172584,4.3428361384775735,4.304681528050107,4.368519062547277,29.1345,27.490808743169403,27.466965553907517,4.621130376116016,4.45214884952535,4.49738009428641,7.556376689299571
2022-10-19,sz001319,24.09,23.99,24.71,23.94,15300,36574505.8,3.18,-1.03,-0.25,4.33,4.184691430817598,0.00886082665534893,24.076,24.118,24.051049655076913,4.2068389486691675,4.196313940050434,4.201471335083355,23.743000000000002,23.87090909090909,24.27184568566981,4.219838409122902,4.208293372718306,4.229676462392661,25.2035,24.48933333333333,25.183394976719672,4.306818267004635,4.252598200037414,4.2924713078875465,26.163,25.24238709677419,26.034209991742095,4.33531682069642,4.294478643684947,4.356659215338911,28.999000000000002,27.322136612021858,27.352966683287598,4.604801595088164,4.437839375909008,4.487128006959564,7.563178466587287
2022-10-20,sz001319,23.82,23.72,24.09,23.4,17094,39995864.88,2.88,-1.13,-0.27,4.84,4.23284369962312,0.048152268805521814,24.062,23.999333333333333,23.94069977005128,4.201752085545185,4.204982190368417,4.211928789929944,23.663,23.866727272727275,24.171510106457117,4.219914694841076,4.210657970991074,4.2302523237072895,24.994999999999997,24.34804761904762,25.044024026555892,4.291226050870657,4.245553003143937,4.286792488052839,26.039666666666665,25.084774193548387,25.884906121307125,4.328238820190654,4.287867474583443,4.348671117550795,28.88866666666667,27.149054644808736,27.23385302154046,4.590562634001233,4.4256440350740895,4.47879081655509,7.602015092512198
2022-10-21,sz001319,23.91,23.64,24.02,23.42,11591,27039673.72,2.53,-0.34,-0.08,3.28,4.064120905829622,-0.1687227937934983,23.988,23.858666666666668,23.84046651336752,4.177269753792631,4.15910513046323,4.162659495229837,23.691,23.862545454545455,24.074871905283096,4.194946388524623,4.182331827534446,4.200046611365895,24.878999999999998,24.219000000000005,24.91030745259819,4.265509304765146,4.223923941711457,4.265585670698247,25.912666666666667,24.92995698924731,25.74007346831957,4.323560426930009,4.270827609140796,4.330313039375236,28.7785,26.976967213114754,27.116021774932577,4.576777005483324,4.408383650543873,4.465195081777206,7.432001446794063
2022-10-24,sz001319,23.72,23.45,24.13,23.23,15824,37019109.0,3.81,-0.8,-0.19,4.48,4.199316274253104,0.13519536842348234,23.808,23.679333333333332,23.71031100891168,4.1713605829371385,4.166453970616721,4.174878421570927,23.787,23.818727272727273,23.96125883159526,4.1887326956757525,4.183126352212351,4.1999138227999335,24.753999999999998,24.08290476190476,24.771230552350744,4.263274877073229,4.217619843567454,4.259274299608234,25.750666666666667,24.771075268817203,25.592326792944114,4.315182145296707,4.262811857355189,4.321861635173808,28.669333333333334,26.80226229508197,26.995824339688884,4.5670542699684376,4.396007888864194,4.456477743825596,7.568425961660535
2022-10-25,sz001319,23.5,23.93,24.08,22.75,19629,45352608.54,5.67,2.05,0.48,5.55,4.292898175018025,0.09358190076492079,23.746000000000002,23.719999999999995,23.78354067260779,4.194774097108294,4.206966501310349,4.214218339386626,23.892,23.84472727272727,23.95557540766885,4.209237275661239,4.202065530274582,4.216820068657769,24.589,24.004428571428576,24.69111335688877,4.2507642086264585,4.220441110038386,4.2624765734567855,25.62566666666667,24.653612903225802,25.485079903076752,4.314170347791586,4.261374181853339,4.319993024841177,28.579833333333333,26.646874316939897,26.89530550887941,4.5602165335421425,4.3870191644395895,4.451114479274528,7.656602271372906
2022-10-26,sz001319,23.68,24.05,24.23,23.65,16402,38788520.89,2.42,0.5,0.12,4.64,4.214896807560221,-0.07800136745780417,23.758000000000003,23.82133333333333,23.872360448405193,4.200815172456818,4.213674071460992,4.214444495444491,23.916999999999998,23.873454545454546,23.972743515365423,4.203827060562993,4.2030945360743965,4.216470384821851,24.43,23.953095238095237,24.630054941946984,4.246646198674965,4.217025167079697,4.257945167180923,25.486333333333334,24.551956989247312,25.392494102878253,4.30689699214466,4.254969437322283,4.313212623726278,28.481833333333334,26.49835519125683,26.80201680367025,4.550257055861822,4.375697206210674,4.443369637578977,7.588703219106151
2022-10-27,sz001319,23.92,23.53,24.4,23.53,15257,35990548.04,3.62,-2.16,-0.52,4.32,4.18346914623151,-0.031427661328710776,23.72,23.74533333333333,23.758240298936798,4.190940261778497,4.207892062719223,4.204119379040165,23.891,23.803090909090905,23.892244694389888,4.196346173661841,4.199393097105037,4.210470159623608,24.218,23.867380952380955,24.5252878046187,4.233020344033174,4.211008304942225,4.250852212804788,25.317999999999998,24.42574193548387,25.272333193015143,4.297517230993509,4.247006350489177,4.3048420767911315,28.34916666666667,26.336,26.69473756420565,4.536013617259465,4.363671373108041,4.434848309993813,7.556188459849236
2022-10-28,sz001319,23.46,22.31,23.64,22.25,19619,43994767.88,5.91,-5.18,-1.22,5.55,4.292676867185116,0.10920772095360576,23.454,23.275333333333332,23.27549353262453,4.236651454049595,4.24180426452143,4.233638541755148,23.721,23.51563636363636,23.60456384086445,4.206960603921113,4.216907768654723,4.2254168337257,23.999,23.685666666666666,24.314308013702632,4.224784317602555,4.216689878575744,4.254835513221963,25.124000000000002,24.231677419354842,25.081214922498038,4.294684111921869,4.246694068953151,4.304057224558486,28.1795,26.137994535519127,26.550975676854645,4.519752694916842,4.355693119007242,4.4301869512132,7.6434010306690086
2022-10-31,sz001319,22.27,22.8,23.17,22.27,14932,33635593.26,4.03,2.2,0.49,4.22,4.174117981254267,-0.11855888593084885,23.324,23.057333333333336,23.116995688416353,4.231611795449828,4.220959773589653,4.213798354921521,23.566000000000003,23.34818181818182,23.458279506161823,4.201486189193483,4.210936382715296,4.216089769639985,23.8085,23.57147619047619,24.17008820287381,4.2245744699236605,4.21186451320924,4.247148129225039,24.963,24.081741935483873,24.934039766207846,4.29150661492797,4.238915608910081,4.295674047571118,27.985500000000002,25.9616174863388,26.427992867777444,4.501074604771935,4.344360833313387,4.421791247280121,7.526799092113131
2022-11-01,sz001319,23.08,23.29,23.3,22.83,12462,28407385.32,2.06,2.15,0.49,3.53,4.095587746918743,-0.07853023433552409,23.195999999999998,23.046,23.17466379227757,4.192149709829971,4.175618424079292,4.174394818920595,23.471,23.298,23.427683232314216,4.1934619034691325,4.1916821204835255,4.194180310963395,23.643,23.52209523809524,24.08627027879059,4.217425209184766,4.199580063399249,4.232713807100629,24.79933333333333,23.9738064516129,24.827972684517018,4.285537347522548,4.226275681941743,4.282765253980641,27.811833333333333,25.80766666666667,26.325107855719168,4.483234192336251,4.331066182236234,4.41109605054696,7.453431262115994
2022-11-02,sz001319,23.3,24.11,24.2,23.1,21340,50026883.96,4.72,3.52,0.82,6.04,4.329194415088451,0.233606668169708,23.208,23.350666666666665,23.486442528185048,4.215009231335617,4.221299992498785,4.22599468430988,23.482999999999997,23.414181818181813,23.551740826438902,4.207912201896217,4.216360758959766,4.218728329895223,23.613,23.566571428571425,24.088530252239103,4.21387530550956,4.210224749675789,4.241902436432803,24.63,23.929333333333332,24.78165186616108,4.273849578635163,4.229092266945995,4.285760683729532,27.595666666666666,25.686295081967213,26.252481368646407,4.466686570107166,4.326015697736306,4.40841075102373,7.699203452691073
2022-11-03,sz001319,23.96,24.14,24.55,23.78,17127,40804369.24,3.19,0.12,0.03,4.85,4.233681297726346,-0.09551311736210533,23.330000000000002,23.661333333333335,23.704295018790035,4.225051661634584,4.227524014629028,4.228556888782036,23.525,23.53363636363636,23.658697039813646,4.2079959617065406,4.221046049110698,4.221447051319063,23.594,23.61676190476191,24.093432132978236,4.2139553282738085,4.212111034648816,4.241119470841713,24.505,23.897720430107533,24.740254971570046,4.2634826878159515,4.226500764951878,4.28240072334223,27.44183333333333,25.572994535519125,26.183219684428494,4.4496279513002825,4.318376180609066,4.4026819164893904,7.610706668855236
2022-11-04,sz001319,24.11,24.71,24.93,24.1,22272,54057067.7,3.44,2.36,0.57,6.3,4.347759217930468,0.11407792020412266,23.81,24.121333333333332,24.03953001252669,4.2360681317836555,4.268426533394321,4.2682909984981805,23.631999999999998,23.749090909090906,23.8498430325748,4.236359792916625,4.2464575502423205,4.244412899793864,23.661499999999997,23.723047619047616,24.152152882218402,4.215653090720624,4.224854262235165,4.251275637231117,24.46333333333333,23.910946236559138,24.738303037920367,4.255792800815639,4.231937960443138,4.286617400412439,27.321333333333335,25.483426229508197,26.13491739969313,4.438154311575161,4.315036222137925,4.400881172274343,7.732852483903432
2022-11-07,sz001319,24.71,24.59,24.84,24.45,16257,39491277.2,1.58,-0.49,-0.12,4.6,4.211040405732053,-0.1367188121984153,24.168,24.381333333333334,24.223020008351128,4.243452616679212,4.260083958043788,4.249207467576138,23.746,23.92327272727273,23.98441702665211,4.23753220606452,4.241854025299671,4.238345173600807,23.7665,23.81147619047619,24.19385260772141,4.213132450870137,4.22441495890292,4.247443710421683,24.418,23.919118279569894,24.728735099990022,4.254693986736992,4.229050709147422,4.281741465271769,27.214333333333332,25.39387431693989,26.084264370194994,4.425515729494491,4.307589864569297,4.394656884846728,7.596501179620126
2022-11-08,sz001319,24.84,24.64,24.9,24.4,13529,32723524.65,2.03,0.2,0.05,3.83,4.131265696780032,-0.0797747089520211,24.438000000000002,24.538666666666664,24.362013338900752,4.25058820665147,4.222688318077394,4.2098935439774365,23.817,24.085818181818183,24.10361393089718,4.221368958240721,4.2225328417934005,4.218876177815211,23.8545,23.894666666666666,24.23634283555747,4.215303116950979,4.216618125180053,4.236379137693906,24.331666666666667,23.933440860215057,24.723010254829376,4.240965791831212,4.2210875936663275,4.272033351175528,27.0785,25.309469945355193,26.036911440024664,4.410648460186675,4.297942322513086,4.386021108188803,7.514860075366183
2022-11-09,sz001319,24.64,24.39,24.74,24.38,10401,25150731.76,1.46,-1.01,-0.25,2.94,4.017075096376059,-0.11419060040397255,24.494000000000003,24.522666666666666,24.371342225933837,4.188164342908992,4.144850614652258,4.145620728110311,23.851,24.19,24.155684125279507,4.201586787122304,4.185388503272553,4.182185072099001,23.884,23.945666666666668,24.250976851218663,4.2027069238426495,4.197739266077679,4.215493038520778,24.237000000000002,23.937204301075273,24.701525722259742,4.231626394824078,4.206643032669222,4.255584431511046,26.945333333333334,25.221322404371588,25.982914343630412,4.396562796968724,4.285038277797984,4.373924517637565,7.400550625364386
2022-11-10,sz001319,24.43,24.14,24.43,23.85,12980,30907433.07,2.38,-1.03,-0.25,3.67,4.11327469246435,0.0961995960882911,24.494000000000003,24.404666666666667,24.294228150622562,4.164083021856593,4.119887397837377,4.134838716228324,23.912,24.242545454545457,24.152832466137777,4.194567341745588,4.169331758789289,4.169655912165428,23.9015,23.97004761904762,24.240407627293077,4.195456757703715,4.189221910708318,4.205757957943976,24.116,23.930946236559137,24.6652982563075,4.220202676603979,4.199007438968593,4.246403158024163,26.8035,25.129344262295085,25.92249092252778,4.383873982419116,4.275750143224069,4.365378621730247,7.490062937453257
2022-11-11,sz001319,24.45,24.07,24.73,24.01,17748,42501126.78,2.98,-0.29,-0.07,5.02,4.2491494200445175,0.13587472758016705,24.366,24.263333333333335,24.21948543374838,4.144361062279403,4.148242863900019,4.172942284167055,24.088,24.271272727272727,24.137772017749093,4.190214597031529,4.179255773025457,4.184109277234353,23.904500000000002,23.98609523809524,24.22417832945564,4.198587600476321,4.194335497597919,4.209890478144027,24.028666666666666,23.927978494623655,24.626891917190893,4.213261077412213,4.200874970803467,4.246580336219025,26.666333333333334,25.03972131147541,25.861753515231783,4.374931355936379,4.271332944457691,4.361567828232354,7.628400444117357
2022-11-14,sz001319,24.08,23.65,24.21,23.54,16231,38110547.0,2.78,-1.74,-0.42,4.59,4.21034527775002,-0.0388041422944978,24.178,24.02466666666667,24.029656955832255,4.144222036682995,4.170237602390225,4.18540994869471,24.173,24.191636363636363,24.049086196340166,4.193837326681104,4.182915896792456,4.188879459146293,23.8695,23.96185714285714,24.169494679031295,4.1976617579372935,4.19545527638589,4.209933792392217,23.93,23.903548387096777,24.56386663221084,4.214328755509475,4.200686854696229,4.244242590511347,26.495166666666663,24.94082513661202,25.789237006535657,4.360281564951935,4.265936679599121,4.356609711823096,7.581045182237839
2022-11-15,sz001319,23.8,24.23,24.23,23.54,14160,33487926.35,2.92,2.45,0.58,4.01,4.15106325335375,-0.059282024396269506,24.095999999999997,24.041999999999998,24.096437970554838,4.14818154799774,4.172518007947143,4.173961050247724,24.267,24.201999999999998,24.081979615187407,4.199384877324605,4.175138792551119,4.18200378536583,23.869,23.99619047619048,24.175257090552126,4.196423390396869,4.191017323568409,4.204327074388553,23.851,23.922903225806447,24.54232684948756,4.211411765231379,4.196605209395859,4.238231020372147,26.33233333333333,24.866557377049183,25.73811448173121,4.3470482907929116,4.259077062825408,4.34987048367656,7.524888255851761
2022-11-16,sz001319,24.24,24.23,24.5,24.06,13705,32821569.09,1.82,0.0,0.0,3.88,4.1368790398755175,-0.014184213478232621,24.064,24.086666666666662,24.140958647036562,4.172142336697631,4.1687505052397364,4.161600380123655,24.279000000000003,24.195272727272727,24.10889241242606,4.1801533398033115,4.163774094833102,4.173799286185773,23.881,24.030571428571427,24.180470700975736,4.1940327708497644,4.185346433042566,4.197903452053978,23.835,23.947354838709675,24.522176730165782,4.202634650274144,4.191796646469674,4.231692182920752,26.168166666666664,24.797628415300544,25.688668105281003,4.3348942437567395,4.2521862677133635,4.3428871576502965,7.516159339387382
2022-11-17,sz001319,24.23,23.76,24.27,23.48,17186,40089183.68,3.26,-1.94,-0.47,4.86,4.235174807456458,0.09829576758094039,23.988,23.985333333333337,24.013972431357708,4.196522359696052,4.189761328826012,4.186125189234589,24.241,24.100909090909095,24.04545742834859,4.1803026907763225,4.173777998042765,4.184958471871352,23.883,24.01904761904762,24.14042587231138,4.1941493262414316,4.189264722243204,4.201453104949453,23.80966666666667,23.942516129032256,24.47300403789702,4.2027377824413135,4.193896011449178,4.231916868374669,26.009,24.71867213114754,25.625433085435724,4.325563415819644,4.2489167779986,4.339355605184924,7.603027212975866
2022-11-18,sz001319,23.92,23.06,23.92,23.01,19847,45762759.08,3.83,-2.95,-0.7,5.61,4.297694869693073,0.0625200622366151,23.786,23.676000000000002,23.695981620905137,4.206231449625764,4.223485498825018,4.223315082720751,24.076,23.886181818181818,23.866283350467025,4.175296255952583,4.195122030573084,4.205455998748028,23.854,23.940666666666665,24.037528170186487,4.205828024434604,4.1991262025719305,4.210618987305988,23.799666666666667,23.89415053763441,24.381842487064958,4.202200812464611,4.20002227514284,4.236160610395212,25.821500000000004,24.62198360655737,25.541320525257504,4.316512880853013,4.248003055174778,4.337989679431093,7.66051220059914
2022-11-21,sz001319,23.14,23.47,23.47,22.69,15135,34472118.38,3.38,1.78,0.41,4.28,4.179982425292592,-0.1177124444004809,23.75,23.570666666666664,23.62065441393676,4.200158879134278,4.2147358240472945,4.208870863578031,23.964000000000002,23.776,23.79423183220029,4.172190457908637,4.195974061362177,4.200824439937948,23.855,23.904095238095238,23.983477868263964,4.204861331986579,4.19666471693936,4.207701219495188,23.832333333333334,23.87288172043011,24.323013939512382,4.19948511988297,4.198588830809162,4.232536211356333,25.6795,24.54488524590164,25.473408376888404,4.305379697003479,4.243526646795749,4.332809113721634,7.537467972484712
2022-11-22,sz001319,23.4,22.88,23.49,22.83,13137,29975048.84,2.81,-2.51,-0.59,3.72,4.118496199911788,-0.06148622538080417,23.48,23.280666666666665,23.373769609291173,4.193645468445886,4.187514930973132,4.178745975689283,23.788,23.57890909090909,23.628007862709325,4.170913508221813,4.1862114689991134,4.185855669024101,23.802500000000002,23.8112380952381,23.878384737953112,4.196141233231267,4.18843946626557,4.1992055033443885,23.832333333333334,23.811440860215054,24.229916265995456,4.200506580707924,4.193363739198118,4.2251787912631364,25.535,24.45309836065574,25.388378594039605,4.298293867781456,4.237399319022249,4.325782460809836,7.476759899391411
2022-11-23,sz001319,23.0,22.67,23.01,22.4,14614,32528787.27,2.67,-0.92,-0.21,4.13,4.164769103009198,0.04627290309741028,23.168,23.01066666666667,23.13917973952745,4.199223481072622,4.177889475827568,4.174087018129255,23.616000000000003,23.375636363636364,23.45382461494399,4.185682908885126,4.185094304415002,4.182021747930483,23.7335,23.703380952380954,23.763300477195674,4.1936348480037156,4.1854516443396586,4.195925846169608,23.794666666666664,23.736451612903227,24.129276506898975,4.197032252190142,4.191058095475619,4.2212813920209475,25.394166666666667,24.359163934426228,25.29925142702191,4.291121882994752,4.2330214578821765,4.320503334324569,7.512267872326897
2022-11-24,sz001319,22.7,22.9,23.08,22.68,11083,24965886.97,1.76,1.01,0.23,3.14,4.044657333234866,-0.12011176977433191,22.996,22.921333333333333,23.059453159684967,4.161119986228304,4.126367426548316,4.130943789831125,23.491999999999997,23.245454545454546,23.35312923040872,4.178821172962178,4.15945329066041,4.157046399804007,23.701999999999998,23.623999999999995,23.68108138412942,4.186694257353883,4.171263309599768,4.181519321128204,23.765,23.678731182795698,24.04996834516356,4.189911562789869,4.181227455543021,4.209886291454104,25.287666666666667,24.277387978142077,25.220587445808075,4.280677180366622,4.224940652972015,4.3114592031413,7.397346999965888
2022-11-25,sz001319,22.91,22.58,22.98,22.55,8930,19924468.0,1.88,-1.4,-0.32,2.53,3.9508514588885464,-0.09380587434631993,22.9,22.782666666666668,22.89963543978998,4.091751304067398,4.056277917435064,4.070913012850266,23.343,23.07963636363636,23.212560279425315,4.148991376846581,4.118004251737931,4.11955641054665,23.7155,23.517142857142858,23.57621649040281,4.169602986939055,4.148802090698307,4.159550953295856,23.717333333333332,23.60227956989247,23.955131677733654,4.182055525933074,4.165804223033259,4.193174366772456,25.185000000000002,24.18861202185792,25.134010808240596,4.27121438450428,4.214126694890768,4.299635998411702,7.299386734196186
2022-11-28,sz001319,22.35,22.24,22.49,22.02,11013,24082238.34,2.08,-1.51,-0.34,3.12,4.041905639223649,0.0910541803351026,22.654,22.56266666666666,22.679756959859986,4.064135946853609,4.039662695820481,4.06124388830806,23.201999999999998,22.87909090909091,23.03573113771162,4.132147412993943,4.09853411762467,4.105438088487922,23.6875,23.376619047619048,23.44895777703111,4.162992369837523,4.1366404385349345,4.148346637669931,23.647,23.506967741935483,23.844478021105676,4.175823642956177,4.156762294858457,4.183415094027372,25.072166666666668,24.092054644808744,25.03912520797041,4.263838300562975,4.206608375373371,4.291185822700617,7.381696850257424
2022-11-29,sz001319,22.24,22.61,22.62,22.18,11199,24742101.94,1.98,1.66,0.37,3.17,4.049179244645967,0.007273605422318141,22.6,22.548,22.656504639906657,4.050272555800445,4.0346771284179335,4.057222340420696,23.04,22.771454545454542,22.958325476309504,4.121959012123165,4.083448996106856,4.0952092077893845,23.6535,23.274,23.369057036361482,4.160671944723886,4.1258010932785965,4.1389021240486015,23.592666666666666,23.440064516129027,23.764834277808536,4.171601930972301,4.148591688515863,4.174754716647927,24.957833333333333,24.01132786885246,24.95948175852876,4.257219034724937,4.199570373540025,4.283251180797186,7.393436591904525
2022-11-30,sz001319,22.65,23.1,23.44,22.46,24165,54724031.17,4.33,2.17,0.49,6.84,4.383186799474899,0.33400755482893185,22.686,22.71466666666667,22.80433642660444,4.093956095093586,4.145648542976085,4.165877160105431,22.927,22.782363636363637,22.984084480616865,4.146589788083103,4.1309449574435355,4.147568769914024,23.603,23.221285714285717,23.343432556708006,4.163371563943207,4.146992984207263,4.162167331232058,23.563,23.408279569892475,23.721941743756375,4.178218443260878,4.16224232519345,4.1882019477980545,24.863,23.950415300546446,24.89851514349503,4.256767631978649,4.203700464187565,4.2865277584587504,7.738178081592232
2022-12-01,sz001319,23.43,23.14,24.02,23.08,26174,60374041.32,4.07,0.17,0.04,7.4,4.417870098076645,0.03468329860174624,22.734,22.866,22.91622428440296,4.168598648061941,4.2536198773037714,4.2498748060958365,22.865000000000002,22.821090909090906,23.012432756868343,4.1648593171451225,4.180268650169633,4.196714465943591,23.553,23.177190476190475,23.32405802749772,4.1725810039607225,4.1712309398390195,4.1865199756934475,23.54366666666667,23.380989247311827,23.68439711512693,4.184385989875995,4.177703722278338,4.203019247816028,24.791666666666668,23.893923497267764,24.840858909282076,4.2563124050333245,4.208982512256352,4.290834064675731,7.780850247647941
2022-12-02,sz001319,23.14,23.22,23.35,22.97,14842,33860821.96,1.64,0.35,0.08,4.2,4.171492427252901,-0.24637767082374395,22.862000000000002,23.028,23.017482856268643,4.212726841734812,4.254584470367424,4.223747346481525,22.881,22.885636363636365,23.050172255619554,4.152239072901105,4.18147467018923,4.192128640727102,23.4785,23.145476190476188,23.314147739164603,4.163767664426844,4.171127265866847,4.185088780603872,23.529666666666667,23.36010752688172,23.654436010925195,4.187965040590105,4.17687187952846,4.200985259392601,24.721166666666665,23.842393442622953,24.787715994223646,4.255762733760057,4.206201529378305,4.28692122410449,7.529697496252527
2022-12-05,sz001319,23.39,23.25,23.45,23.15,12630,28927643.38,1.29,0.13,0.03,3.57,4.101403350555331,-0.07008907669757036,23.064,23.157333333333334,23.094988570845764,4.224626384001148,4.217476639974264,4.1829660145061265,22.859,22.952727272727273,23.08650457277963,4.1443811654273786,4.172231811580907,4.175633133423143,23.411499999999997,23.123714285714282,23.308038430672738,4.158285811668008,4.1651878074028925,4.177118739646867,23.523000000000003,23.34206451612903,23.628343365059056,4.184701276466845,4.171287254364927,4.194560620112777,24.636833333333335,23.794158469945355,24.737299076380246,4.249941710881776,4.201140565994544,4.2808386708733694,7.461313054845712
2022-12-06,sz001319,23.2,23.35,23.47,22.99,15021,34363220.15,2.06,0.43,0.1,4.25,4.176698846118572,0.07529549556324078,23.212,23.252666666666663,23.179992380563846,4.250130304295669,4.201500794013405,4.180876958376942,22.906,23.041999999999998,23.134412832274243,4.150201430048058,4.178107753524761,4.175826899367767,23.347,23.117857142857144,23.31203477060867,4.160557469134934,4.166941429731518,4.17707874978703,23.503666666666664,23.330903225806452,23.610385728603635,4.18082796550353,4.170770968536006,4.193408247597022,24.564666666666664,23.751967213114757,24.69181386076122,4.2474991566475575,4.1987391605924715,4.277424250389606,7.536093854456294
2022-12-07,sz001319,23.17,23.23,23.54,23.13,14499,33276925.46,1.76,-0.51,-0.12,4.1,4.161338049858543,-0.015360796260028842,23.238,23.258666666666667,23.196661587042566,4.205760554372398,4.171903375867696,4.174363988870809,22.961999999999996,23.10090909090909,23.151792317315287,4.149858324732992,4.1801325934903035,4.173192563093362,23.289,23.106714285714286,23.304221935312604,4.167770616809059,4.167015770752815,4.175579635508126,23.476333333333333,23.313247311827958,23.585844713855018,4.179042673580141,4.1695135546234265,4.191339202581636,24.481333333333332,23.708207650273227,24.64388553745757,4.242969832862401,4.195914206271519,4.2736181454541615,7.522143193897582
2022-12-08,sz001319,23.35,22.97,23.35,22.96,12388,28152258.42,1.68,-1.12,-0.26,3.5,4.0930011966847495,-0.06833685317379334,23.204,23.16933333333333,23.121107724695044,4.140786774094019,4.134316923305147,4.147243058142123,22.969,23.102363636363634,23.118739168712505,4.15469271107798,4.169794933845168,4.158612314655433,23.2305,23.07633333333333,23.272391274806644,4.166756942020079,4.159894873598118,4.167715022286853,23.457666666666668,23.280580645161294,23.546112796832112,4.176027075261915,4.163962491597918,4.184994815104417,24.387833333333333,23.65865573770492,24.589004044426176,4.2367721531277125,4.190997201806678,4.267696278281393,7.449513240395227
2022-12-09,sz001319,23.11,22.74,23.11,22.7,12781,28745561.84,1.78,-1.0,-0.23,3.62,4.106564834846764,0.013563638162014335,23.108,23.014666666666663,22.994071816463364,4.127801255612792,4.122909610222728,4.133683650377003,22.985,23.060727272727274,23.04987750167387,4.170264048673802,4.161044410894038,4.149149136508402,23.163999999999998,23.02961904761905,23.22168734387268,4.159627712760192,4.154162291962564,4.161891194911606,23.471999999999998,23.234279569892475,23.49410551961714,4.1698233408506375,4.159481056732424,4.179934816378117,24.298000000000002,23.604628415300546,24.528380961002366,4.2322537263862525,4.186728109404025,4.262413280135996,7.45857080147137
2022-12-12,sz001319,22.74,22.73,23.01,22.35,9084,20295733.52,2.9,-0.04,-0.01,2.57,3.9582771255476974,-0.14828770929906643,23.004,22.88866666666667,22.906047877642244,4.099176010611265,4.066401566867696,4.075214808767235,23.034,23.014363636363637,22.991717955914982,4.161901197306207,4.122501333962019,4.114445134515547,23.118000000000002,22.98828571428572,23.174859977789566,4.147024305150075,4.134986045561375,4.14249937878171,23.46966666666667,23.186408602150536,23.44480838931926,4.162628645660418,4.145832913809653,4.16563432019551,24.216333333333335,23.553218579234972,24.469417650805564,4.2270676302941945,4.177745270032269,4.252441602936379,7.3074047520283525
2022-12-13,sz001319,22.71,22.43,22.75,22.4,11007,24413137.64,1.54,-1.32,-0.3,3.11,4.04166896647561,0.08339184092791285,22.82,22.697333333333336,22.747365251761497,4.072170034682673,4.047232552155812,4.064032861336694,23.016,22.90454545454545,22.889587418475895,4.161150169489171,4.100640928356456,4.101213103962831,23.028,22.92276190476191,23.103920932285796,4.141554590806169,4.124952203782854,4.1328964823716055,23.441,23.119333333333334,23.37933688033092,4.16083135297898,4.1380290635396655,4.157636555439388,24.120166666666666,23.494650273224046,24.402551498320136,4.223184350250764,4.171666625316906,4.245531024691764,7.387623599661685
2022-12-14,sz001319,22.5,22.18,22.55,22.15,12315,27066094.64,1.78,-1.11,-0.25,3.48,4.090434416175122,0.0487654496995118,22.610000000000003,22.483999999999998,22.55824350117433,4.057989307945989,4.053320679319961,4.07283337961617,22.924,22.752545454545455,22.76057152420755,4.131874931159194,4.087783518662992,4.099253342546883,22.9255,22.842,23.01592846254429,4.139232359621149,4.120083615722754,4.128852476067179,23.37666666666667,23.037978494623655,23.301960307406347,4.152872686348536,4.133487325681353,4.153300933551371,24.00333333333333,23.43103825136612,24.329680957391606,4.213361132491849,4.167314168461966,4.2404458899863,7.432425596049222
2022-12-15,sz001319,22.2,22.65,22.75,22.05,13131,29065369.0,3.16,2.12,0.47,3.71,4.118297801332776,0.027863385157654186,22.546,22.497333333333337,22.588829000782887,4.063048628875594,4.07342351044889,4.087988186855039,22.875,22.702727272727273,22.740467610715264,4.1019177014848065,4.085314949603643,4.102715971417045,22.87,22.815761904761903,22.98107813277817,4.1333885093149645,4.1180898482667185,4.127847268949616,23.327,22.991096774193547,23.25989835208981,4.149026569802084,4.1312566879384,4.151042666956623,23.916,23.38666666666667,24.274609450591882,4.206254628809018,4.164197337932161,4.2364410346206105,7.463375840922084
2022-12-16,sz001319,22.52,21.85,22.56,21.81,15860,34473986.79,3.31,-3.53,-0.8,4.49,4.200303182981585,0.0820053816488091,22.368000000000002,22.265333333333334,22.342552667188592,4.081796298502558,4.119175028484221,4.125426518897221,22.738,22.51636363636364,22.578564408767033,4.104798777057675,4.103203218966694,4.1204591007924165,22.8095,22.718619047619047,22.873356405846916,4.1285189249793905,4.124462674330206,4.134747832190756,23.23166666666667,22.895806451612906,23.168937168084017,4.144111368637121,4.134564856530626,4.154220764764685,23.8475,23.318928961748632,24.195114058769196,4.19995208472638,4.1640022085607695,4.235256187025889,7.537491510874622
2022-12-19,sz001319,21.85,21.45,22.18,21.42,10604,22651220.72,3.48,-1.83,-0.4,3.0,4.025469719061056,-0.17483346392052912,22.112000000000002,21.959333333333333,22.04503511145906,4.095234817205229,4.100399502003721,4.0921075856185,22.558,22.28218181818182,22.373370879900296,4.097205413908247,4.0887797538764,4.103188304113987,22.7085,22.589142857142853,22.737798652909113,4.120793289667813,4.114648464242746,4.12434039284507,23.127,22.780860215053764,23.058037995949565,4.137925679081421,4.126910556557976,4.145914245687032,23.772499999999997,23.240322404371586,24.10511031913742,4.196309832909207,4.158281475260267,4.228377942174583,7.3550916119856815
2022-12-20,sz001319,21.39,21.75,21.88,21.21,10888,23109173.48,3.12,1.4,0.3,3.08,4.036948112195279,0.011478393134222387,21.976,21.838666666666665,21.94669007430604,4.0942906463491635,4.080970600333737,4.073721094477426,22.398,22.135272727272728,22.260030719918422,4.083230340515919,4.077823880837679,4.0911446328560395,22.652,22.497857142857143,22.643722590727293,4.116715885281987,4.1066632092453625,4.116017318497471,23.030666666666665,22.692021505376342,22.973648447823788,4.1347817595952625,4.120395874823386,4.138884172558532,23.681166666666666,23.174010928961753,24.02789358736242,4.187873775713237,4.15305650081063,4.222101554306409,7.363784412831154
2022-12-21,sz001319,21.82,21.43,21.85,21.16,8367,17607457.06,3.17,-1.47,-0.32,2.37,3.922569768985712,-0.11437834320956641,21.826,21.65666666666667,21.77446004953736,4.060717716911282,4.023730307879252,4.023337319313521,22.218,21.959272727272726,22.109116043569614,4.059353512428635,4.048612867832186,4.060494657606888,22.589999999999996,22.381476190476192,22.528129963038978,4.1046059185808135,4.08817310293143,4.097593742353494,22.932000000000002,22.588752688172043,22.874058225383546,4.131631582015584,4.106704778655029,4.124928404586092,23.5845,23.10020218579235,23.942716748432506,4.181628988419831,4.144358008786777,4.212280840033599,7.245696637934578
2022-12-22,sz001319,21.43,20.75,21.45,20.6,12274,25290094.28,3.97,-3.17,-0.68,3.47,4.088986118947913,0.1664163499622009,21.446,21.298000000000002,21.43297336635824,4.05485538043431,4.03315310855813,4.045220252524985,21.996000000000002,21.692363636363634,21.862004035647864,4.058952004654952,4.054000614472056,4.065674923305257,22.482499999999998,22.206238095238092,22.35878425227336,4.1068223578664655,4.086685502966392,4.096773968695819,22.819000000000003,22.447978494623655,22.737022210842674,4.13082196289837,4.103953458457114,4.122609547448145,23.467499999999998,23.007267759562843,23.83803751077898,4.175512319751174,4.141320537656551,4.208238390161937,7.402950448371982
2022-12-23,sz001319,20.7,20.55,20.78,20.31,8823,17844050.0,2.27,-0.96,-0.2,2.5,3.9456162792267317,-0.14336983972118134,21.186,20.999333333333333,21.138648910905495,4.003917999683338,3.996740074822271,4.0120189280922345,21.776999999999997,21.429454545454544,21.623457847348252,4.042857149092948,4.033394118939651,4.043846078927343,22.381,22.022190476190474,22.18651908539018,4.106560598883375,4.071332543095942,4.082377998270192,22.701666666666664,22.301591397849467,22.595924003691533,4.120704191537778,4.092004704671847,4.111190626917732,23.365166666666667,22.911612021857923,23.73023300222885,4.166982634474994,4.133782962557388,4.199627829147667,7.251493431488076
2022-12-26,sz001319,20.73,21.03,21.06,20.56,6092,12513244.87,2.43,2.34,0.48,1.72,3.784759894664005,-0.16085638456272688,21.102,20.947333333333336,21.10243260727033,3.955776034803928,3.9236873731491593,3.936265916949491,21.607,21.293636363636367,21.51555642055766,4.025505426004579,3.986467345407117,3.9967394999703725,22.320500000000003,21.89352380952381,22.076374410591114,4.093703311655394,4.040684856979811,4.054033416974365,22.61433333333333,22.19374193548387,22.49489664861466,4.106518012101577,4.070330879067088,4.090130579675556,23.272166666666667,22.835049180327868,23.641700772647578,4.160423383805526,4.121251069448832,4.186025601787548,7.097369943298751
2022-12-27,sz001319,21.12,21.06,21.16,20.7,7270,14942327.34,2.19,0.14,0.03,2.06,3.8615344108590377,0.07677451619503284,20.964000000000002,20.933333333333334,21.08828840484689,3.9206932945366804,3.8922734985008627,3.91135541491934,21.47,21.194181818181818,21.432727980456267,4.007491970442922,3.9566544335624725,3.972156756495584,22.243000000000002,21.77347619047619,21.979576847677677,4.084321069966046,4.018573533094444,4.035700178296715,22.508666666666667,22.093462365591396,22.402322671284683,4.096867050685087,4.054525485438537,4.07538243975191,23.17983333333333,22.76251912568306,23.557054845675527,4.154139407958232,4.111451430991569,4.175386546347269,7.174418246221063
2022-12-28,sz001319,21.06,20.9,21.06,20.35,7322,14904880.12,3.37,-0.76,-0.16,2.07,3.8646297245455123,0.0030953136864746433,20.857999999999997,20.912,21.02552560323126,3.90910528564864,3.87358564183714,3.8957801847947313,21.342,21.090545454545456,21.335868347646038,3.984911501279961,3.9306794797629436,3.9526063870501162,22.133,21.645571428571426,21.876760005041707,4.058393216219577,3.9976505478162974,4.019407754129933,22.397666666666666,21.98967741935484,22.305398627975993,4.087792073507419,4.039542432139209,4.061785490383755,23.116333333333333,22.68777049180328,23.469938293358297,4.145213361890781,4.101959310223939,4.165197798091474,7.173328487350745
2022-12-29,sz001319,20.58,20.49,20.87,20.48,6968,14133827.92,1.87,-1.96,-0.41,1.97,3.8431081419996067,-0.021521582545905638,20.806,20.78933333333333,20.84701706882084,3.8599296902589786,3.851586593954129,3.8782228371963567,21.125999999999998,20.935636363636366,21.182074102619485,3.9573925353466444,3.904897050802879,3.9326976152227506,22.0005,21.48909523809524,21.744687623609163,4.029655118415725,3.9771472074143963,4.0026173148794255,22.288666666666664,21.866602150537638,22.18827613584851,4.074723184658858,4.023756372041931,4.047677274358971,23.049166666666668,22.60166120218579,23.37223539849409,4.138730483550085,4.092054221047178,4.154637481498298,7.150259799455753
2022-12-30,sz001319,20.52,20.58,21.0,20.46,5864,11911536.95,2.64,0.44,0.09,1.66,3.7681939616330715,-0.07491418036653519,20.812,20.714,20.758011379213894,3.8244452267402465,3.8210080177454935,3.8415465453419286,20.999,20.836363636363636,21.072606083961396,3.914181613211793,3.8704973101276847,3.9027878600246266,21.8685,21.353809523809524,21.633764992789246,4.009490195134734,3.9522461448636665,3.9802912812369153,22.206000000000003,21.75636559139785,22.08451638514861,4.057073154390191,4.003980293137042,4.029646092892785,23.00283333333333,22.520704918032788,23.28068669690412,4.1296369834274005,4.079905482623671,4.141967202158455,7.0759678022753
2023-01-03,sz001319,20.53,21.23,21.26,20.43,12530,25835590.44,4.03,3.16,0.65,3.54,4.09795107099415,0.3297571093610787,20.851999999999997,20.85333333333333,20.91534091947593,3.887083462006276,3.912176632496795,3.9270147205593364,20.977,20.878363636363634,21.10122315960478,3.921429748405102,3.9039099388153855,3.9382720802009032,21.767500000000002,21.293000000000003,21.595311183952173,4.009317581156674,3.9606709901836115,3.991496975499509,22.13133333333333,21.693397849462357,22.029386295784185,4.054338775913576,4.006617578079232,4.034052865673519,22.98183333333333,22.46257923497268,23.213451067497427,4.126911947898273,4.078866600248809,4.140524050317002,7.412218391250511
2023-01-04,sz001319,21.05,21.07,21.38,20.96,6290,13078936.28,1.98,-0.75,-0.16,1.78,3.798650645445269,-0.29930042554888114,20.854,20.926,20.96689394631729,3.874506708923522,3.8826990269764594,3.8842266955213143,20.909,20.895272727272726,21.095546221494818,3.8976000017301002,3.8815864655499612,3.9128863647907877,21.6535,21.22657142857143,21.5452815473853,3.99041517112301,3.9406074724968105,3.973130658351486,22.071,21.624924731182794,21.967490405733592,4.043677257431359,3.9901215696619223,4.018865625658793,22.951666666666664,22.399896174863386,23.143173983317183,4.122091919069642,4.068103934594614,4.129315086222847,7.116572423918533
2023-01-05,sz001319,21.23,21.31,21.51,21.08,9764,20459391.46,2.04,1.14,0.24,2.76,3.989627770745151,0.19097712529988176,20.936,21.078,21.081262630878193,3.89950631816345,3.9210727142503354,3.9193603872625933,20.897,20.968181818181815,21.13453781758667,3.9043058019060446,3.8983187871890617,3.9268393476915806,21.557499999999997,21.193857142857144,21.522873780967654,3.98182965716734,3.9405324819846346,3.9747018119127873,22.025666666666666,21.575827956989247,21.925071669879813,4.037839213022557,3.9866345060047474,4.016979312438559,22.91016666666667,22.34607103825136,23.083069918290388,4.117435732606349,4.063760847764302,4.124735174239971,7.310892712001048
2023-01-06,sz001319,21.31,21.32,21.75,21.21,13414,28324989.86,2.53,0.05,0.01,3.79,4.1275583020046325,0.13793053125948163,21.101999999999997,21.206000000000003,21.160841753918795,3.956396350164455,3.9970900421973967,3.9887596921766066,20.954,21.04509090909091,21.16825821438909,3.908163020211717,3.93891015084335,3.963333703021226,21.475,21.171238095238095,21.503552468494544,3.983557512433334,3.954411400540567,3.9892595728739155,21.973,21.530301075268817,21.886034787952084,4.040602578648216,3.9924228343261725,4.02411344079766,22.869000000000003,22.293934426229505,23.0252643471989,4.115257070719043,4.0640927352855565,4.124827735806026,7.452169763063349
2023-01-09,sz001319,21.25,21.68,21.73,21.25,12486,26548194.99,2.25,1.69,0.36,3.53,4.096423330595271,-0.03113497140936161,21.322000000000003,21.398666666666667,21.33389450261253,4.022042223956895,4.043765702341002,4.024647571649496,21.067,21.17709090909091,21.261302175409256,3.9232437253485712,3.9731392981858145,3.9875318171255976,21.422,21.190761904761903,21.52035699530459,3.983050437220759,3.9651605260797984,3.999465645037854,21.942999999999998,21.511397849462362,21.872742220987433,4.045454974371774,3.9960241731614654,4.028778594978151,22.830166666666667,22.254950819672136,22.981157319421886,4.113755250152424,4.063475235609367,4.123896443831903,7.424034998768485
2023-01-10,sz001319,21.75,21.84,21.87,21.38,14233,30346934.44,2.26,0.74,0.16,4.03,4.153296449355305,0.0568731187600342,21.444,21.57133333333333,21.50259633507502,4.033111299629126,4.087517110807139,4.067530530884765,21.148,21.317636363636364,21.366519961698483,3.960097380817701,4.0149670661870385,4.017670841167362,21.377499999999998,21.23057142857143,21.550799186227962,3.99280140341114,3.981374431997375,4.014116197829992,21.929666666666666,21.50475268817204,21.870629819633407,4.049168001376162,4.002981687676533,4.036812004937968,22.788333333333334,22.22248633879781,22.94374232534248,4.11249582216617,4.064771668370118,4.1248603784392275,7.482114826448029
2023-01-11,sz001319,21.75,21.52,22.01,21.46,12524,26717385.4,2.52,-1.47,-0.32,3.54,4.097743058944878,-0.055553390410427284,21.534,21.59666666666667,21.50839755671668,4.092929782329048,4.109061030579055,4.077601373571469,21.194,21.385272727272728,21.39442542320785,3.9837182456262843,4.039993553119253,4.032229426217819,21.332,21.244142857142855,21.54786593039673,3.995605108034603,3.99136887538154,4.022080660793314,21.89333333333333,21.478322580645163,21.84800854094738,4.050786795186125,4.006115562358385,4.040743040680349,22.743,22.18090163934426,22.897062249101744,4.111194363079213,4.064287971215322,4.12397128599679,7.426793955228969
2023-01-12,sz001319,21.64,21.56,21.95,21.45,12353,26383981.0,2.32,0.19,0.04,3.49,4.091772441419683,-0.00597061752519501,21.583999999999996,21.60533333333333,21.525598371144454,4.113358716463954,4.108675250275934,4.082325062854207,21.259999999999998,21.45181818181818,21.42452989171551,4.006432517313702,4.059639770536234,4.043055428981794,21.301000000000002,21.265857142857143,21.54902155607323,3.9956720092968316,4.000527669037262,4.0287179732339204,21.842,21.45681720430107,21.829427344757228,4.041072983250952,4.008759797599259,4.044035260082887,22.702499999999997,22.142114754098362,22.853224142573815,4.109645713255914,4.063651186898616,4.12291558617459,7.4213403255503625
2023-01-13,sz001319,21.63,21.75,22.16,21.55,14999,32201737.04,2.83,0.88,0.19,4.24,4.176062305125079,0.08428986370539615,21.669999999999998,21.660666666666668,21.600398914096303,4.123059517088043,4.129576446496309,4.113570810277832,21.386,21.54090909090909,21.48370627503996,4.039727933626248,4.090481550138303,4.0672384973714815,21.256,21.30861904761905,21.568162360256736,3.998560234486446,4.017707697211381,4.042750766747364,21.795666666666666,21.450881720430107,21.824302999934183,4.0330127234859,4.017468786107268,4.052553133956577,22.669666666666664,22.11088524590164,22.817052859210737,4.1086993566809475,4.065828780074654,4.124658101550015,7.507879299228121
2023-01-16,sz001319,21.74,21.65,21.92,21.55,9787,20908579.0,1.7,-0.46,-0.1,2.77,3.9906495883188544,-0.1854127168062245,21.663999999999998,21.654,21.616932609397537,4.101904768632759,4.085439803573246,4.072597069624839,21.493000000000002,21.588909090909087,21.513941497759966,4.0619734962948275,4.081558214627868,4.053313241180095,21.246000000000002,21.34614285714286,21.575956421184664,3.9880775547533096,4.016954302338276,4.0377887497541725,21.743333333333332,21.44148387096774,21.813057645099722,4.026984628854765,4.0147356806126195,4.04855935681866,22.6365,22.077453551912566,22.778788831039893,4.107474834722434,4.06195829586606,4.1202643798047305,7.320324518067349
2023-01-17,sz001319,21.56,21.46,21.78,21.42,8483,17987920.59,1.66,-0.88,-0.19,2.4,3.928549467001664,-0.06210012131719056,21.588,21.586,21.56462173959836,4.056955372162031,4.027654703029548,4.024581202083781,21.516,21.58290909090909,21.5041339527127,4.045033335895578,4.0572993002109285,4.030628918602198,21.246499999999997,21.366523809523805,21.56491295250041,3.98323154215034,4.011284960647643,4.027385008539648,21.683666666666667,21.423204301075266,21.790279732512644,4.021222832736309,4.0083850250091935,4.04081678328208,22.603333333333335,22.03887978142076,22.735549852973012,4.102962054601577,4.056091890367019,4.113978644958729,7.254980961651023
2023-01-18,sz001319,21.57,21.52,21.69,21.46,7093,15058691.0,1.07,0.28,0.06,2.01,3.850829959848531,-0.07771950715313292,21.588,21.563333333333333,21.549747826398907,4.007572752342762,3.958946232258381,3.966664121338698,21.561,21.583636363636362,21.507018688583116,4.050251267335904,4.021989595475101,3.9979381988288036,21.235,21.392571428571426,21.560635528452753,3.9739256345330034,3.9986752861427095,4.010570241997637,21.622666666666667,21.412645161290325,21.772842330415052,4.010360536527308,3.9973919364357897,4.028559568867012,22.563166666666667,22.0033606557377,22.695695759432912,4.095594251015418,4.047825264309542,4.10535081921741,7.177787221786024
2023-01-19,sz001319,21.61,21.73,21.91,21.55,9112,19466192.76,1.67,0.98,0.21,2.58,3.959613711071044,0.10878375122251294,21.622,21.610666666666663,21.60983188426594,3.9811410062730346,3.9429598851678085,3.9643139845828133,21.603,21.614363636363635,21.547560745204365,4.047249861368494,4.005510039790582,3.9909701101455743,21.25,21.439714285714288,21.576765478123917,3.97577783163727,3.997312245812999,4.005717239052246,21.57266666666667,21.41956989247312,21.770078309097954,4.0036363919010585,3.994117947696675,4.024111449009208,22.5245,21.976043715846995,22.66403360338593,4.0913395327406,4.04336688595071,4.100572553376545,7.289281019573103
2023-01-20,sz001319,21.8,21.96,22.1,21.66,11465,24745525.24,2.02,1.06,0.23,3.24,4.0593740590659575,0.09976034799491362,21.664,21.723333333333336,21.726554589510627,3.95780335706121,3.9690375694321163,3.9960006760771947,21.666999999999998,21.67927272727273,21.62254970062175,4.040431437074626,4.007714439371939,4.003407191767462,21.3105,21.50733333333333,21.61326400401688,3.9742972286431724,4.005273791282398,4.0108274123868854,21.538999999999998,21.444559139784946,21.78233132141422,4.002515487313765,3.9977139262234416,4.026386456109644,22.498333333333335,21.957535519125685,22.640950534422455,4.08927128128784,4.042318837633509,4.09922178307128,7.393496676430173
2023-01-30,sz001319,22.44,24.12,24.12,22.44,38581,89342427.27,7.65,9.84,2.16,10.91,4.586373480146992,0.5269994210810349,22.157999999999998,22.541999999999998,22.524369726340417,4.0769481354268375,4.178560943794043,4.192791610767127,21.910999999999998,22.125272727272726,22.07663157323598,4.089426452029799,4.106976629021459,4.109401062381922,21.489,21.77490476190476,21.85200076553908,4.006335088689185,4.063566767616095,4.065641323602134,21.584999999999997,21.611075268817206,21.933148655516526,4.018509108823773,4.035382183825586,4.062514651208828,22.5285,22.010704918032783,22.689443959523356,4.094166224837205,4.058617270382989,4.1151939698606474,7.951057747281189
2023-01-31,sz001319,24.77,24.42,25.3,24.2,105496,256367219.45,4.56,1.24,0.3,29.84,5.023235993180055,0.4368625130330628,22.75,23.296000000000003,23.156246484226948,4.295885440662516,4.493990229711782,4.46960640490477,22.169,22.581454545454545,22.502698559920347,4.176420406412274,4.2767601819578696,4.275552867981583,21.658499999999997,22.054047619047616,22.096572121202023,4.068258893614987,4.1604144728057015,4.156840815942888,21.641333333333332,21.79397849462366,22.093590677741265,4.054007737744851,4.100203273138894,4.124496673271488,22.5555,22.072721311475412,22.746183501834064,4.108318191702635,4.089078574263082,4.144965839477678,8.408862493069424
2023-02-01,sz001319,24.45,25.02,25.21,24.01,74655,181705083.02,4.91,2.46,0.6,21.12,4.873058899799704,-0.1501770933803508,23.45,24.052666666666664,23.7774976561513,4.50033122865275,4.686381382757513,4.604090569869749,22.519,23.099818181818183,22.96038973084392,4.2539519904977565,4.40342172621013,4.38419032831215,21.8565,22.374190476190474,22.374993823944685,4.11883511806202,4.237062092442341,4.22505206202449,21.727666666666668,22.011956989247313,22.28239127917731,4.081720735522321,4.1530452835940475,4.172791010466857,22.584333333333333,22.153524590163933,22.820734862429667,4.121276044250651,4.114152040102331,4.168837743094793,8.2593670764366
2023-02-02,sz001319,24.72,24.88,25.02,24.61,43492,106332944.0,1.64,-0.56,-0.14,12.3,4.638409379359801,-0.23464952043990372,24.080000000000002,24.529333333333334,24.144998437434204,4.636090362310503,4.732407432993195,4.6155301730330995,22.851,23.529090909090908,23.30940977978139,4.308615684291769,4.4733230696395925,4.4304119739571775,22.055500000000002,22.662142857142857,22.613565840711857,4.157524100802735,4.286545355423083,4.264419425580234,21.817666666666664,22.21533333333333,22.44997893858523,4.099986567628477,4.188960679970658,4.202830905234144,22.597166666666666,22.228792349726774,22.88825175218607,4.126429626988506,4.131107231417385,4.184233534447744,8.026667838190548
2023-02-03,sz001319,25.0,24.9,25.12,24.37,31872,77759106.95,3.01,0.08,0.02,9.02,4.503409316743605,-0.13500006261619557,24.668,24.802666666666667,24.396665624956135,4.724897413846032,4.6881804178042294,4.578156554269935,23.166,23.901636363636367,23.598608001639317,4.34135038545362,4.5087400937217454,4.443684218100164,22.276,22.93304761904762,22.831321474929773,4.190539159539935,4.319486804560309,4.287180367595794,21.892666666666667,22.414193548387093,22.608044813515214,4.112823618142171,4.2149879541071185,4.222223060815399,22.60983333333333,22.304295081967215,22.954210711130784,4.130925093972127,4.143467221245421,4.194698314195149,7.89075126414926
2023-02-06,sz001319,24.91,25.23,25.23,24.59,44191,108771270.34,2.57,1.33,0.33,12.5,4.64533382934161,0.14192451259800531,24.889999999999997,24.990000000000002,24.67444374997076,4.736689483684955,4.661659222969423,4.600548979293826,23.524,24.276909090909086,23.895224728613982,4.406818809555896,4.564009810792289,4.480347783780426,22.5085,23.21438095238096,23.059767048745986,4.2343961529253615,4.362800582636658,4.321290221095396,22.005333333333333,22.629505376344085,22.77720321264327,4.127657973020839,4.249343451603857,4.249520529752575,22.618499999999997,22.39020218579235,23.028826753388792,4.13588467082898,4.16033308142147,4.209473249117984,8.036514200688936
2023-02-07,sz001319,25.26,25.05,25.53,24.75,39369,97169589.16,3.09,-0.71,-0.18,11.14,4.59515438354823,-0.05017944579338085,25.016000000000002,25.043333333333333,24.799629166647172,4.65107316175859,4.61448085625718,4.598750780711962,23.883,24.554363636363636,24.105183868865986,4.473479301210554,4.598252642427258,4.501221711010936,22.6995,23.456428571428575,23.249313044103513,4.259256318553065,4.397158509362646,4.34737252228138,22.125333333333334,22.82593548387097,22.92383526344048,4.146647461837078,4.279504510347558,4.271819488061972,22.626166666666666,22.46992349726776,23.095094728687517,4.14228657045925,4.1753911047893135,4.222118532214058,7.987530366505468
2023-02-08,sz001319,24.85,24.75,25.45,24.45,36173,88612696.38,3.99,-1.2,-0.3,10.23,4.558384528375029,-0.036769855173200305,24.962,24.954666666666665,24.783086111098118,4.5881382874736545,4.583584645129327,4.585295363266318,24.206,24.712,24.222423165435806,4.544234758063203,4.613689956457163,4.51161495053168,22.8835,23.651714285714288,23.39223561133175,4.297243012699553,4.425646910298071,4.367468903814109,22.22533333333333,22.995268817204302,23.041652343218516,4.164028675709736,4.306068192059685,4.290307555178944,22.628,22.53955737704918,23.14935391791088,4.149405217652499,4.189033660786553,4.2331436468422865,7.947495951827639
2023-02-09,sz001319,24.68,25.7,26.85,24.59,76948,196137728.31,9.13,3.84,0.95,21.77,4.886197336314973,0.32781280793994405,25.125999999999998,25.200666666666667,25.088724074065414,4.637695878864689,4.682937661409767,4.685596020949204,24.603,24.98363636363636,24.49107349899293,4.636893120587596,4.675864970684757,4.5797208388559145,23.103,23.919952380952385,23.612022695966818,4.342071490978045,4.481737798261444,4.416871611671334,22.367666666666665,23.21944086021505,23.21315864365603,4.196149594620712,4.3526597185503455,4.32875205718772,22.649833333333333,22.64027868852459,23.232981658307242,4.163890588318148,4.2131907794312236,4.25455524321844,8.2925611409439
2023-02-10,sz001319,25.35,24.92,25.44,24.86,41218,101959055.59,2.26,-3.04,-0.78,11.66,4.615086914904705,-0.27111042141026864,25.13,25.132,25.03248271604361,4.66003139849691,4.675401340089772,4.662092985601038,24.899,25.041272727272727,24.56906013553967,4.692464406171471,4.671900206015141,4.586151034501149,23.283,24.093,23.7365919630176,4.366447921623049,4.507739267206841,4.435749259598322,22.506666666666664,23.384107526881717,23.323277440839515,4.213686287819272,4.3796879327622165,4.347225273814622,22.66283333333333,22.714710382513655,23.288293735084054,4.172254125358821,4.227984101614389,4.266375953765531,8.008425804102535
2023-02-13,sz001319,24.73,25.18,25.32,24.67,27030,66606415.24,2.61,1.04,0.26,7.65,4.431846045698725,-0.1832408692059797,25.12,25.148666666666667,25.081655144029078,4.617333841768332,4.59933955582371,4.5853440056336,25.005000000000003,25.09236363636364,24.68014011089609,4.677011662726644,4.624515049565551,4.558095581991617,23.458,24.27366666666667,23.87405939511116,4.383219057378222,4.513967659975952,4.4353775249412175,22.661,23.556580645161294,23.44306599304342,4.2298939467016705,4.3937627558512125,4.352684678452307,22.68133333333333,22.797240437158468,23.350316891310804,4.175299069119724,4.236495312117337,4.271801202681373,7.823516060538997
2023-02-14,sz001319,25.18,25.03,25.31,24.85,20130,49634471.04,1.83,-0.6,-0.15,5.69,4.303843774888654,-0.12800227081007076,25.116000000000003,25.11866666666667,25.064436762686054,4.5590717200364175,4.494842866863817,4.491510595385286,25.066,25.09690909090909,24.743750999824073,4.605072440897503,4.556666342685917,4.511867980700169,23.6175,24.423380952380956,23.984148976529145,4.390746423654889,4.506408109262661,4.422850501126688,22.794333333333334,23.709419354838708,23.54544883220191,4.24719674270916,4.3985337125084385,4.349533652415943,22.704333333333334,22.87424590163935,23.405388468644876,4.1768573774053674,4.240709892634351,4.272851778819317,7.695783397916285
2023-02-15,sz001319,24.9,25.17,25.4,24.9,25358,63022467.06,2.0,0.56,0.14,7.17,4.404114997505595,0.1002712226169411,25.200000000000003,25.136666666666667,25.09962450845737,4.528217813862531,4.44319062602021,4.462378729425389,25.081,25.11581818181818,24.82125081803788,4.558178050668092,4.52012862570557,4.492276529210246,23.8,24.57123809523809,24.097087169240655,4.406065020582925,4.507681306772251,4.421066167448489,22.93133333333333,23.862688172043015,23.65025858496308,4.265282762264045,4.408657470882401,4.353055029518501,22.720000000000002,22.955087431693986,23.463244584427013,4.181074906474565,4.248160962145834,4.277155490907392,7.799495399941969
2023-02-16,sz001319,25.17,24.16,25.54,23.93,32429,78814254.06,6.4,-4.01,-1.01,9.17,4.510933556715591,0.10681855920999528,24.892000000000003,24.790000000000003,24.786416338971584,4.453165057942654,4.43742920697123,4.478563671855456,25.009000000000004,24.948363636363634,24.701023396576446,4.545430468403671,4.511538717714205,4.4956687160293995,23.93,24.605523809523813,24.10307886740821,4.42702307634772,4.5176687864039335,4.429624966426308,23.040000000000003,23.941956989247313,23.683145127868688,4.28682622333638,4.424505909234113,4.363240740950571,22.718833333333336,23.002300546448087,23.486089024281867,4.1873091484219,4.258975999858655,4.284820345524054,7.8966047695171815
2023-02-17,sz001319,24.18,24.76,25.0,24.15,28856,69904068.43,3.52,2.48,0.6,8.16,4.4602361293103066,-0.050697427405284046,24.860000000000003,24.746,24.777610892647726,4.422194900823774,4.439786230760448,4.472454491007073,24.995,24.90309090909091,24.711746415380723,4.541113149660342,4.496048837879047,4.489226427535018,24.080499999999997,24.68457142857143,24.165642784797907,4.441231767556982,4.520831934305132,4.432540315272404,23.182333333333336,24.05292473118279,23.75261963574813,4.307397156246737,4.4356936451034,4.369498507941522,22.735500000000002,23.069224043715852,23.527856597256232,4.191060170452798,4.267924425461553,4.290571682697373,7.844502452502208
2023-02-20,sz001319,24.46,25.5,25.71,24.46,47111,117703587.24,5.05,2.99,0.74,13.33,4.673122322872762,0.21288619356245508,24.924,24.959333333333337,25.01840726176515,4.470450156258582,4.5234287047767765,4.539343768295636,25.022,24.99490909090909,24.855065248947863,4.543891999013456,4.520050505735852,4.522662044869153,24.273,24.819761904761904,24.29272442434096,4.475355404284676,4.542916749097112,4.455452887424819,23.346333333333334,24.20245161290323,23.865353852796638,4.3375614349547265,4.459288817143789,4.389087141162893,22.776166666666665,23.159863387978145,23.592517036690452,4.197317294672459,4.283729741934339,4.30311432663755,8.07078969899294
2023-02-21,sz001319,25.42,26.59,26.78,25.16,74932,193194233.07,6.35,4.27,1.09,21.2,4.874667324448788,0.20154500157602673,25.236,25.514666666666667,25.542271507843438,4.584614866170608,4.658167760840178,4.651118287013354,25.176000000000002,25.28,25.170507930957342,4.5718432931035125,4.5801914739968215,4.586663004792723,24.529500000000002,25.040428571428574,24.511512574403724,4.5226612971570335,4.580946455779407,4.495378071903293,23.525,24.41172043010753,24.041137475196855,4.363451976736548,4.493940810014372,4.420414894923273,22.828166666666668,23.284907103825137,23.690795166635027,4.208895376325062,4.305937939631923,4.3218537691887375,8.28599415839802
2023-02-22,sz001319,26.55,25.93,26.55,25.81,37615,96542985.78,2.78,-2.48,-0.66,10.64,4.575361066155207,-0.2993062582935817,25.387999999999998,25.746000000000002,25.671514338562297,4.618864079900531,4.655083160835045,4.625865880060639,25.294,25.41709090909091,25.308597398056005,4.573540946881531,4.580831069097129,4.584608106858629,24.75,25.173809523809528,24.646606614936704,4.558887852472367,4.585965481398282,4.502995499927284,23.687,24.566881720430107,24.162999573571252,4.389342324093546,4.507612364170415,4.430411422099528,22.879,23.386606557377046,23.764211718548633,4.216509790762452,4.317953208150945,4.330165483843375,7.984720726093678
2023-02-23,sz001319,25.83,28.49,28.49,25.83,80308,221250753.59,10.26,9.87,2.56,22.72,4.904758810319751,0.32939774416454437,26.254,26.779999999999998,26.611009559041534,4.697629130621363,4.7503814043081185,4.71883019014701,25.573,25.99818181818182,25.887034234773093,4.575397094282009,4.641052498813169,4.642817325669742,25.088,25.53,25.012644080180827,4.606145107434802,4.618905572621841,4.541258672345615,23.926333333333336,24.876752688172044,24.442160891405365,4.419846692079366,4.540865040701138,4.461014479404059,22.976,23.57057377049181,23.919155596629007,4.228842952550961,4.340518749775774,4.349004609301617,8.344884758598885
2023-02-24,sz001319,28.79,27.55,28.95,27.01,117370,320441919.1,6.81,-3.3,-0.94,33.2,5.069557104582695,0.164798294262944,26.812,27.212,26.924006372694357,4.8194933256758405,4.874357395628563,4.835739161625572,25.836000000000002,26.357636363636367,26.18939164663253,4.620844113249808,4.730899773413293,4.720406376381187,25.3675,25.764476190476184,25.25429702492551,4.656654259710638,4.663040048540689,4.591572808749146,24.134,25.110537634408605,24.642666640346956,4.451246652165301,4.5827818415078045,4.500275293931714,23.0535,23.720540983606554,24.038199675428057,4.245924615406759,4.368083148203043,4.372629281278045,8.505749324025782
2023-02-27,sz001319,27.41,26.73,27.47,26.35,58627,154433774.9,4.07,-2.98,-0.82,16.58,4.768097671486861,-0.30145943309583423,27.058,27.184666666666665,26.85933758179624,4.83848839539866,4.8572255108989015,4.813191998246001,25.991000000000003,26.520181818181815,26.28768407451752,4.654469275828621,4.757673147638212,4.729077520945855,25.497999999999998,25.894238095238094,25.394840165408795,4.665740469277632,4.673653706805092,4.608384700438453,24.302333333333333,25.27802150537634,24.77733330871167,4.4736357968616876,4.603223842754357,4.517554156999788,23.122666666666664,23.841081967213114,24.12645542377468,4.259545385616731,4.385203576271244,4.385595458006203,8.188742287247097
2023-02-28,sz001319,26.25,26.95,27.12,26.09,57671,151740320.6,3.85,0.82,0.22,16.31,4.76095748202849,-0.007140189458370472,27.129999999999995,27.148666666666667,26.889558387864163,4.815746426914601,4.831381873108845,4.795780492840164,26.183,26.69454545454545,26.40810515187797,4.700180646542605,4.777034639674552,4.734873877506334,25.6245,26.03252380952381,25.542950625846053,4.6526265437200545,4.682721993733744,4.622915441542267,24.47266666666667,25.44883870967742,24.917505353310915,4.493891164617461,4.621760725668344,4.533257597324221,23.201166666666666,23.966568306010927,24.219030655782067,4.271529582996811,4.401643317137204,4.397902409613491,8.18110099731513
2023-03-01,sz001319,27.12,27.14,28.42,26.9,74163,201305883.94,5.64,0.71,0.19,20.98,4.8701872893281015,0.10922980729961118,27.372000000000003,27.151999999999997,26.97303892524278,4.87471167154918,4.8495288272466786,4.820582758336144,26.380000000000003,26.868545454545455,26.54117694244561,4.746787875724856,4.807944938362825,4.7594763160193825,25.7305,26.176857142857145,25.69505056624167,4.652482963196475,4.703442064744034,4.646465141331394,24.660000000000004,25.6209247311828,25.060892104710213,4.519639305630235,4.646037895004515,4.554994996808343,23.276666666666664,24.09571038251366,24.314800142477736,4.28521305040818,4.4212714386562615,4.413387159768068,8.303856469003549
2023-03-02,sz001319,26.8,26.05,26.8,25.93,55794,144192736.78,3.21,-4.02,-1.09,15.78,4.746587498095348,-0.12359979123275355,26.884000000000004,26.711333333333336,26.66535928349519,4.843077409104299,4.806820769428736,4.795917671589212,26.569,26.808545454545456,26.451872043819137,4.770353269862831,4.807908506066551,4.757132894578649,25.788999999999998,26.207285714285714,25.728855274218652,4.657891869133252,4.712404401401069,4.656000603880342,24.809666666666665,25.710602150537635,25.124705517309554,4.54146647418609,4.660679713873232,4.5673558033429895,23.325833333333335,24.186639344262296,24.37169194108502,4.291269728718521,4.436398469727973,4.4243117610247005,8.158943384823
2023-03-03,sz001319,25.92,25.1,25.92,24.98,48598,121188766.03,3.61,-3.65,-0.95,13.75,4.686618396693641,-0.05996910140170719,26.394,26.116666666666667,26.14357285566346,4.766489667526488,4.75466776529185,4.7594845799573555,26.602999999999998,26.541454545454545,26.20607712676111,4.792991496601164,4.792683983672153,4.744312076781374,25.799,26.141666666666666,25.668964295721636,4.667052323130752,4.715140261168726,4.658916584148275,24.921333333333333,25.729333333333333,25.123111612967005,4.55848501057171,4.670044354035008,4.575050164204322,23.3585,24.2448087431694,24.39557089383633,4.295748867028805,4.449360721136992,4.432911978587616,8.083462363416867
2023-03-06,sz001319,25.32,24.87,25.32,24.63,26951,66053215.18,2.75,-0.92,-0.23,7.62,4.430574884046865,-0.2560435126467757,26.022000000000002,25.608666666666668,25.719048570442308,4.69898511003849,4.642696170798642,4.649848014653859,26.54,26.226363636363637,25.963154012804544,4.768736752718575,4.726790054116825,4.687268950829645,25.781,26.053190476190473,25.592872458033863,4.656314375866016,4.692618600303593,4.6371697555671885,25.028666666666666,25.726021505376345,25.106781831485264,4.573149187095976,4.661792087807599,4.565729178387713,23.386,24.29436612021858,24.41112594649743,4.30006690797537,4.453781246285126,4.4328353525371,7.81989396201032
2023-03-07,sz001319,24.85,24.14,25.0,24.11,31727,76446962.24,3.58,-2.94,-0.73,8.98,4.5014290085945206,0.0708541245476555,25.46,24.981333333333335,25.19269904696154,4.647079415351695,4.576844136983985,4.60037501263408,26.294999999999998,25.79,25.6316714650219,4.731412921133148,4.678188646094269,4.653479870423258,25.735500000000002,25.89690476190476,25.45450365250683,4.651628107118331,4.677867612944404,4.624242065379315,25.118,25.668688172043012,25.04440881009912,4.592245171815738,4.657164979517183,4.56158078033654,23.40083333333333,24.319087431693994,24.402236571202437,4.306734002276024,4.460383282370999,4.4350843248668514,7.883360232604885
2023-03-08,sz001319,24.23,24.46,24.48,23.97,18220,43539821.68,2.11,1.33,0.32,5.15,4.260548372636979,-0.2408806359575415,24.924,24.648000000000003,24.948466031307696,4.525151632013471,4.448000456079081,4.48709946596838,26.148000000000003,25.456363636363633,25.41864028956337,4.699931651781325,4.592576910004057,4.582037779916662,25.720999999999997,25.775428571428566,25.35978901893475,4.636736299331428,4.64062192394618,4.589604570832426,25.216,25.626236559139784,25.00670501589918,4.605902452242019,4.6357651860217794,4.542159334678503,23.419333333333334,24.353814207650274,24.40413045411383,4.308131494384664,4.458868999432014,4.429361834629806,7.638886646029132
2023-03-09,sz001319,24.4,24.2,24.42,24.1,14387,34328786.68,1.31,-1.06,-0.26,4.07,4.157970243604713,-0.10257812903226604,24.554000000000002,24.40666666666667,24.698977354205134,4.407428181115344,4.325606659942827,4.377389725180491,25.719,25.10218181818182,25.197069327824572,4.625252795109821,4.494038472153764,4.504934591496307,25.645999999999997,25.63057142857143,25.249332921893345,4.600324944695915,4.595025156734112,4.548496539667883,25.298333333333332,25.56068817204301,24.95465953100246,4.612514336659809,4.60686633385163,4.517372941706001,23.4355,24.379409836065573,24.397437652339605,4.308075364280433,4.453945679734311,4.420463749678164,7.535658453950284
2023-03-10,sz001319,24.19,23.52,24.19,23.51,21893,51154210.3,2.81,-2.81,-0.68,6.19,4.340305277062427,0.18233503345771407,24.238,24.061999999999998,24.305984902803424,4.338165557189101,4.303232358591855,4.3650282424744695,25.316,24.70236363636364,24.892147631856467,4.552327612357795,4.442229832508784,4.4750019888719645,25.576,25.428095238095235,25.084634548379693,4.586585862803801,4.570261378864256,4.528668800372126,25.35033333333333,25.44595698924731,24.862100851582944,4.621878710593024,4.589304459038896,4.505949221406416,23.444666666666667,24.382180327868852,24.36866920472191,4.312197098953394,4.4550023981861795,4.417835603035025,7.708881384574208
2023-03-13,sz001319,23.21,22.91,23.5,22.75,20396,46132759.54,3.19,-2.59,-0.61,5.77,4.309545003295436,-0.030760273766991197,23.845999999999997,23.619333333333334,23.84065660186895,4.313959581038814,4.293692173960634,4.346533829414792,24.934,24.26490909090909,24.53175715333711,4.506472345538652,4.398087539951992,4.444918900585323,25.462500000000002,25.174190476190475,24.877526496153056,4.580470810683637,4.543876535101554,4.507799867317203,25.310000000000002,25.288516129032253,24.736158861158238,4.612651094697973,4.5691538972777614,4.493277981528288,23.447499999999998,24.364650273224044,24.32084398489496,4.315580101760872,4.454915444230181,4.414285091568153,7.6640094337357265
2023-03-14,sz001319,23.05,22.54,23.07,22.25,17593,39196494.72,3.58,-1.62,-0.37,4.98,4.245339902695324,-0.06420510060011164,23.526000000000003,23.184,23.407104401245967,4.262741759858976,4.270818947846137,4.312802520508303,24.493,23.829636363636364,24.169619489093996,4.454910587605335,4.3506089139804764,4.408631810059869,25.338,24.895857142857142,24.65490492509086,4.57754561707397,4.511959305769334,4.482803680210358,25.247333333333334,25.109806451612897,24.594471192696417,4.586721225015149,4.545456401019526,4.477281976442291,23.444333333333336,24.334896174863392,24.262455657521354,4.3203644813799995,4.45261248688377,4.408745905047732,7.593247230494208
2023-03-15,sz001319,22.67,22.63,22.91,22.6,10844,24288875.0,1.38,0.4,0.09,3.07,4.035189508908448,-0.2101503937868765,23.16,22.88533333333333,23.148069600830645,4.21766998711327,4.194968197529294,4.220264849975019,24.042,23.49090909090909,23.889688672895087,4.37141080956337,4.2742959905810425,4.340733209850519,25.211,24.637952380952388,24.462056836986967,4.559099342644113,4.460306343086903,4.440173759133986,25.167666666666666,24.94094623655914,24.467731115748265,4.558792245318773,4.509873709657803,4.4487598817626886,23.447666666666667,24.308196721311475,24.208932521209178,4.320256490420547,4.443262487786342,4.39649815435464,7.3854073998357235
2023-03-16,sz001319,22.77,22.42,22.98,22.3,15965,35533451.12,3.0,-0.93,-0.21,4.52,4.203168922875464,0.1679794139670161,22.804,22.63866666666667,22.9053797338871,4.226709722967419,4.190134509450025,4.214566207608501,23.679,23.195999999999998,23.622472550550526,4.317068952041382,4.243706556637787,4.3157215213096,25.124000000000002,24.372142857142858,24.2675752334644,4.543711110952106,4.426408207870842,4.417601869966507,25.085666666666665,24.76367741935484,24.335619430861282,4.544284230102628,4.486930269500171,4.432915303769965,23.451666666666668,24.274502732240435,24.15027899592363,4.322135398865552,4.43942355114552,4.390159491027454,7.550637389577306
2023-03-17,sz001319,22.57,22.39,22.64,22.3,12844,28368472.0,1.52,-0.13,-0.03,3.63,4.108700296894465,-0.09446862598099859,22.578,22.500666666666667,22.733586489258066,4.180388726933828,4.150798034092374,4.179277570703823,23.407999999999998,22.961636363636366,23.39838663226861,4.259277142061464,4.205821346611075,4.278081298688666,25.0055,24.111761904761906,24.088758544563028,4.526134319331314,4.384978606532018,4.388182672531075,25.002000000000002,24.589763440860214,24.21009559661217,4.531127262774324,4.458828080260935,4.411998206552191,23.447333333333333,24.23969398907104,24.092564930483512,4.321975440458248,4.4324256789497465,4.380931320728012,7.452835944190646
2023-03-20,sz001319,22.53,22.62,22.71,22.09,14801,32691064.0,2.77,1.03,0.23,4.19,4.170291058625393,0.06159076173092792,22.520000000000003,22.514666666666667,22.695724326172044,4.152537937999819,4.1474321446562294,4.17628206667768,23.183,22.818363636363635,23.256861790037952,4.233248759519317,4.189642058713608,4.2584830732226155,24.8615,23.88457142857143,23.948876778414167,4.500992756118945,4.351088772179074,4.367431090254343,24.915000000000003,24.436086021505375,24.107508783927518,4.51529250375045,4.435548325154551,4.396404197008526,23.46016666666667,24.212568306010926,24.04428411309061,4.321475238385644,4.427452420528996,4.374025082626287,7.514429055845246
2023-03-21,sz001319,22.62,23.03,23.04,22.46,15140,34108732.6,2.56,1.81,0.41,4.28,4.1801258751640535,0.009834816538660363,22.618000000000002,22.684666666666665,22.807149550781364,4.139495132493565,4.156628123710974,4.177563336173138,23.072,22.790545454545455,23.215614191849234,4.20111844617627,4.179983352467197,4.24423630993924,24.683500000000002,23.71014285714286,23.861364704279488,4.466265683654709,4.320530021611941,4.349592498340982,24.84766666666667,24.31447311827957,24.037992088190258,4.501458220137644,4.413924671697365,4.382450756889528,23.4865,24.19846448087432,24.01102889626797,4.324052840987361,4.422818015177469,4.3676677315619505,7.532865582349277
2023-03-22,sz001319,23.21,22.85,23.21,22.77,13583,30674187.94,1.91,-0.78,-0.18,3.84,4.132995700692265,-0.047130174471788244,22.662,22.762,22.821433033854245,4.159056370850328,4.154461646443874,4.162707457679515,22.911,22.750181818181822,23.149138884240283,4.188363178981798,4.167597398742831,4.224010744621609,24.5295,23.53552380952381,23.76504425625287,4.444147415381562,4.288790023234565,4.328964231898247,24.784333333333336,24.185591397849464,23.961347437339274,4.487278592548218,4.390152896249276,4.366356882296157,23.504833333333334,24.1775956284153,23.972962375078854,4.325653634128978,4.416553846643204,4.359973566615404,7.486773074158774
2023-03-23,sz001319,22.86,22.61,22.86,22.51,10204,22715766.0,1.53,-1.05,-0.24,2.89,4.008770449937752,-0.12422525075451318,22.7,22.744666666666667,22.750955355902832,4.120176676262786,4.104366339473016,4.111395121765594,22.752000000000002,22.695454545454545,23.05111363256023,4.173443199615103,4.134944175280277,4.18487614558818,24.2355,23.352714285714285,23.655040041371645,4.399347997362462,4.247325550335155,4.298469585997248,24.681333333333335,24.04531182795699,23.87416373170448,4.458031029668977,4.359281403177634,4.343286789885937,23.5245,24.14825683060109,23.92827508409266,4.327090312144844,4.406164234046771,4.34845871033089,7.356327386273431
2023-03-24,sz001319,22.61,22.63,22.74,22.48,8614,19185666.74,1.15,0.09,0.02,2.44,3.9352048674265814,-0.07356558251117074,22.748,22.721333333333334,22.710636903935224,4.0854775903692095,4.042709069860947,4.052665036985923,22.663,22.673272727272728,22.974547517549276,4.132933158651518,4.091628114882364,4.139481367740617,23.9895,23.199809523809527,23.55741718028863,4.342630385504657,4.203121442722214,4.263872946133374,24.605000000000004,23.912967741935482,23.79389510385258,4.435368294753041,4.325550683032962,4.316958923920817,23.555833333333332,24.118928961748633,23.8857086878929,4.324527291286156,4.393315530941254,4.334909404006159,7.282976896391848
2023-03-27,sz001319,22.65,22.43,22.68,22.26,10551,23292304.0,1.86,-0.88,-0.2,2.98,4.023293623036605,0.08808875561002383,22.71,22.615333333333336,22.61709126929015,4.056078103251451,4.021981080750079,4.042874565669484,22.615000000000002,22.630909090909093,22.87553887799486,4.104308020625635,4.071693653861471,4.118356323248978,23.7745,23.051285714285715,23.450044115499235,4.305390183082143,4.172708417725255,4.240960629647968,24.513333333333332,23.772645161290324,23.70590187134596,4.421749880664303,4.298965220341579,4.298012775476674,23.58716666666667,24.082016393442625,23.837980534191495,4.325821913682987,4.383439017228153,4.324692493154697,7.367212449676625
2023-03-28,sz001319,22.53,22.17,22.53,22.12,10656,23337862.31,1.83,-1.16,-0.26,3.01,4.027594211826226,0.004300588789620363,22.538,22.435333333333332,22.468060846193435,4.025571770583886,4.012486450275005,4.037781114388398,22.578000000000003,22.55,22.747259081995793,4.082533451538725,4.057745688625215,4.101854121172114,23.535500000000003,22.898476190476188,23.328135152118357,4.26872201957203,4.146251658558026,4.22064001842685,24.418,23.6214623655914,23.60681142803332,4.412541561895555,4.273535822352026,4.280566416531483,23.60616666666667,24.035551912568305,23.78329264782456,4.329869152302357,4.373661059790226,4.314951565898026,7.368061073239399
2023-03-29,sz001319,22.18,22.35,22.61,22.18,11895,26301710.34,1.94,0.81,0.18,3.36,4.075364446373285,0.047770234547059864,22.438,22.372666666666667,22.428707230795624,4.01404551972009,4.029084008871471,4.0503088917166945,22.550000000000004,22.508545454545455,22.67503015799656,4.086550945285209,4.056442233140589,4.097037816663236,23.296,22.785571428571426,23.23497942334518,4.22898087742429,4.127836651586717,4.206804249659844,24.324,23.488043010752694,23.52572681977311,4.401583210191145,4.251782460060267,4.267327579747084,23.627666666666666,23.99436612021858,23.736299446256538,4.333432986227595,4.365316643202389,4.307096250503772,7.419983990583775
2023-03-30,sz001319,22.26,21.79,22.34,21.71,15049,32318102.18,2.82,-2.51,-0.56,4.26,4.177507642194916,0.10214319582163078,22.274,22.15666666666667,22.215804820530415,4.047792958171523,4.083571383029746,4.092708475209435,22.487000000000002,22.370363636363635,22.514115583815364,4.083984817217155,4.0729798143969,4.111668694032632,23.083000000000002,22.642142857142858,23.097362335407546,4.200526884629268,4.12293443870773,4.204014096567946,24.244999999999997,23.32455913978495,23.413744444303877,4.390469013040455,4.237325971802446,4.261532745066299,23.6425,23.93411475409836,23.672486349657962,4.338647618188418,4.360204336840661,4.302847443673973,7.509445849721566
2023-03-31,sz001319,21.92,22.04,22.28,21.79,8578,18594679.0,2.25,1.15,0.25,2.43,3.9333860419030544,-0.2441216002918618,22.156,22.078666666666667,22.157203213686945,4.047429193066817,4.04543574427359,4.039600997440642,22.452,22.28909090909091,22.427912750394388,4.066453391718013,4.045598218885246,4.079253666372709,22.93,22.542809523809527,22.996661160606827,4.162865266889739,4.097492453686185,4.17823999612367,24.154333333333334,23.182301075268818,23.325115770477822,4.372907343460214,4.207836747858098,4.240361990023509,23.668333333333333,23.881573770491805,23.618962207046227,4.3401522498534755,4.34691707204442,4.290733955091319,7.269388685532744
2023-04-03,sz001319,21.94,22.26,22.27,21.94,9168,19953601.51,1.5,1.0,0.22,2.59,3.962274604623315,0.028888562720260413,22.122,22.113333333333337,22.19146880912463,4.035225389384159,4.017050881459089,4.0138255331682,22.416000000000004,22.25418181818182,22.39738315941359,4.045651746317805,4.0266566212316635,4.057984746054637,22.799500000000002,22.478999999999996,22.92650295483475,4.139450252918561,4.078388581089383,4.157671863599827,24.046333333333333,23.060086021505377,23.256398623995384,4.349212419518566,4.181344313094426,4.222420868384788,23.69633333333333,23.835398907103823,23.574406069110285,4.343386927236646,4.334527641053267,4.2799647960595815,7.300021294747282
2023-04-04,sz001319,22.3,21.76,22.31,21.72,12333,26558674.0,2.65,-2.25,-0.5,3.49,4.0910687315000125,0.12879412687669767,22.04,21.99266666666667,22.047645872749754,4.047920293318917,4.0356653288310405,4.039573265945471,22.289,22.134909090909094,22.281495312247483,4.036746031951401,4.034914254901157,4.064000016135615,22.680500000000002,22.380000000000003,22.81540743532668,4.118932239063836,4.073780817144759,4.151328708161749,23.885333333333335,22.91258064516129,23.159856777286006,4.323092466420273,4.164689881609358,4.213946536972867,23.705166666666667,23.77191256830601,23.514917345532897,4.3432722215784105,4.326254913324196,4.273771482467465,7.4242063881335305
2023-04-06,sz001319,21.76,21.55,21.77,21.38,8556,18144940.7,1.79,-0.97,-0.21,2.42,3.9322707758994904,-0.15879795560052212,21.88,21.829333333333334,21.881763915166506,4.019301559224158,3.997115489691232,4.003805769263478,22.159,22.00054545454546,22.148496164566122,4.016673539472125,4.0159187538008085,4.040049245183591,22.535,22.272333333333332,22.694892441486047,4.102518359226961,4.056003534938632,4.130466047946296,23.73933333333333,22.76191397849463,23.05599504971917,4.301656123411749,4.139475578995114,4.195773907226197,23.71316666666667,23.701251366120214,23.450493826007225,4.345499223752648,4.312779456088823,4.2625747379898264,7.258755553208669
2023-04-07,sz001319,21.55,21.59,21.74,21.52,5730,12187855.47,1.02,0.19,0.04,1.62,3.75815462196739,-0.17411615393210056,21.84,21.732666666666667,21.784509276777673,3.935430955178652,3.9100665106056423,3.9219220534981156,22.057,21.897090909090913,22.04695140737228,3.9916119566750874,3.968915314254493,3.9887956773260997,22.4045,22.182333333333332,22.589664589915948,4.082527578145095,4.023206988532958,4.095007816900686,23.509333333333334,22.623247311827964,22.961414723930837,4.2634359838000035,4.104410965998703,4.167540404951436,23.71783333333333,23.631639344262293,23.389494028433216,4.341641337939686,4.29352225603029,4.246036373530075,7.085927295488801
2023-04-10,sz001319,21.6,21.36,21.69,21.33,9334,19698108.0,1.67,-1.07,-0.23,2.64,3.970067796549137,0.2119131745817473,21.704,21.57266666666667,21.64300618451845,3.9427673061078687,3.921612124395803,3.937970634515123,21.93,21.770363636363633,21.922051151486407,3.9950982495873433,3.964998194231593,3.9853906080939243,22.2965,22.08285714285714,22.47255367659062,4.064015704119431,4.012496533142867,4.083108767343395,23.303,22.48458064516129,22.858097644967557,4.226786340198886,4.085483986176068,4.154800236667417,23.718500000000002,23.554333333333332,23.322953240615732,4.339016496182094,4.281339516968305,4.236988223465126,7.294424514251955
2023-04-11,sz001319,21.36,21.12,21.37,21.05,8955,18605945.22,1.5,-1.12,-0.24,2.53,3.9520655901850503,-0.01800220636408678,21.476000000000003,21.378,21.468670789678967,3.9407255032202158,3.9247115524215306,3.942668953071766,21.799,21.62309090909091,21.776223669397968,3.9879754463021877,3.9571740743402675,3.9793315139286745,22.207,21.970809523809518,22.34373904072485,4.046141733463911,4.0018346175300685,4.0706284647568864,23.116,22.343741935483877,22.74596231303417,4.199585270822158,4.067760066820336,4.141720582055652,23.709166666666665,23.469136612021853,23.250725265513577,4.336610533841923,4.268652602017581,4.2276464977838115,7.26965173796426
2023-04-12,sz001319,21.12,21.08,21.23,20.92,8886,18367341.0,1.47,-0.19,-0.04,2.51,3.948706308904852,-0.0033592812801983563,21.34,21.246,21.33911385978598,3.912253018701184,3.927371820983076,3.9446814050161283,21.689999999999998,21.49236363636364,21.649637547689245,3.9800866560100503,3.950034231177115,3.9737632948334336,22.134,21.863476190476195,22.223382941608197,4.031310053774387,3.992555053286349,4.0590168308662165,22.920333333333335,22.21238709677419,22.63848087348358,4.172510231718037,4.0515743273417995,4.129268048303988,23.6965,23.38293442622951,23.179553945332803,4.333200698167748,4.25593443070817,4.218500917820567,7.264046288988906
2023-04-13,sz001319,21.12,20.81,21.12,20.72,10411,21338346.0,1.9,-1.28,-0.27,2.95,4.017492446477275,0.06878613757242347,21.192,21.069333333333336,21.162742573190656,3.9292973528167408,3.9624516302417736,3.9689517521698443,21.535999999999998,21.332363636363635,21.49697617538211,3.974299456020449,3.956835283989338,3.9817140496777683,22.043,21.73738095238095,22.088775042407416,4.030425200652829,3.9912390906866233,4.055062127591079,22.709333333333333,22.076236559139787,22.5205143655169,4.144087070289676,4.041573179906913,4.122056719153878,23.68466666666667,23.28829508196721,23.1018636520432,4.331863187959955,4.24558334048881,4.21191047613718,7.32916075290888
2023-04-14,sz001319,20.82,20.95,20.98,20.82,7677,15788477.82,0.77,0.67,0.14,2.17,3.885191540606848,-0.13230090587042742,21.064,20.988666666666667,21.091828382127105,3.9547047365446324,3.947749692838476,3.9410316816488455,21.452,21.225818181818184,21.39752596167627,3.9450678458616424,3.9406338448232288,3.9641645025739645,21.9695,21.633285714285712,21.98032027646385,4.014526331539399,3.9774073135393873,4.038883976449724,22.539333333333335,21.9627311827957,22.419190858064198,4.115373871706726,4.02487024250802,4.106775094731489,23.674500000000002,23.19863387978142,23.031310745418832,4.328420172946409,4.230938368444445,4.201198379890283,7.198340261342
2023-04-17,sz001319,21.05,21.21,21.35,21.04,12221,25530514.69,1.48,1.24,0.26,3.46,4.087106744099093,0.2019152034922449,21.034,21.037333333333333,21.13121892141807,3.9781125260546233,3.991883695356629,3.9897233691322613,21.369,21.181818181818183,21.363430332280583,3.9604399160812465,3.9664590990482194,3.9865176373967146,21.910500000000003,21.560952380952376,21.90695644061015,4.01344665389963,3.984319733783168,4.043476620987759,22.409666666666666,21.87696774193548,22.3411785446407,4.095390149953575,4.023046556855914,4.105506168884238,23.6655,23.117830601092898,22.971595639011653,4.3269375802626415,4.223026452744533,4.19745767052008,7.407059570181208
2023-04-18,sz001319,21.23,20.93,21.35,20.91,8708,17979569.11,2.07,-1.32,-0.28,2.46,3.939918420369057,-0.14718832373003599,20.996,21.002666666666663,21.064145947612047,3.975683092091425,3.9791523267947735,3.9731217195445265,21.235999999999997,21.101999999999997,21.284624817320474,3.9582042976558207,3.9627279180096404,3.978045052482595,21.826,21.467571428571432,21.813912970075847,4.001928021986813,3.977317044875494,4.033613935214549,22.278333333333332,21.78150537634409,22.25013476756711,4.079034934497647,4.013016122689172,4.094823088334872,23.6535,23.028142076502732,22.904658077076842,4.326092060796812,4.210337299961137,4.189013760679063,7.254779279422145
2023-04-19,sz001319,20.86,20.55,20.87,20.5,8961,18189653.08,1.77,-1.82,-0.38,2.53,3.9523564773237907,0.012438056954733767,20.889999999999997,20.854,20.8927639650747,3.9764131257752124,3.9713767885388958,3.966199972137615,21.115000000000002,20.977272727272727,21.151056668716752,3.944333072238199,3.9616646779492704,3.9733744024537216,21.701999999999998,21.34604761904762,21.6935403062591,3.9905395520948006,3.9725959453837776,4.025875129701143,22.158666666666665,21.669999999999995,22.140448653530523,4.060732516788623,4.004843319000535,4.085631694076093,23.638333333333332,22.926387978142078,22.827456172910388,4.3264888443021805,4.198083674273497,4.181254505487086,7.259824416112498
2023-04-20,sz001319,20.55,19.99,20.55,19.85,13330,26321143.08,3.41,-2.73,-0.56,3.77,4.124830149413859,0.17247367209006859,20.726,20.554,20.59184264338313,3.997880666362529,4.020849129751778,4.019076697896363,20.958999999999996,20.772727272727273,20.939955456222794,3.963589009589635,3.994482328344845,4.000911810991928,21.559,21.183,21.531298372329662,3.9901312745308792,3.9853855260808317,4.035299417292831,22.009666666666664,21.53008602150538,22.0017100307221,4.0562085760145195,4.008978650137647,4.08816062667853,23.612833333333334,22.80677049180328,22.734424822978898,4.331055514128269,4.191471913785356,4.179404526599439,7.420304745981303
2023-04-21,sz001319,20.0,19.55,20.19,19.55,8798,17156765.92,3.2,-2.2,-0.44,2.49,3.944383957640844,-0.18044619177301513,20.446,20.162,20.244561762255422,4.009719149769329,4.003016893511216,3.9941791178111905,20.755000000000003,20.51654545454545,20.687236282364104,3.982211943156981,3.990990500717793,3.990634019473549,21.406,20.991666666666667,21.342603289250647,3.986911949916034,3.9810286387579703,4.02664080208788,21.85466666666667,21.37139784946236,21.843535190030355,4.049089033149056,4.001764158629668,4.078884712547066,23.5765,22.67356284153006,22.63001745173369,4.330801684904433,4.178794157834949,4.171698934174566,7.234435425967867
2023-04-24,sz001319,19.56,19.68,19.86,19.21,7244,13915269.8,3.32,0.66,0.13,2.05,3.8599784416420206,-0.08440551599882351,20.139999999999997,19.90666666666667,20.056374508170283,3.9642934892779147,3.953103324135446,3.949445559088134,20.587,20.32109090909091,20.504102412843356,3.9712030076662694,3.9687662277150726,3.9668784598678166,21.2585,20.827285714285715,21.184260118845824,3.983150628626806,3.9689397332080647,4.0107681963311315,21.72666666666667,21.23109677419355,21.703952274544527,4.033078138635044,3.9895634753066336,4.064761727327386,23.5385,22.5458087431694,22.53329556807029,4.327478424614033,4.163357330187,4.161478590157105,7.143491631188588
2023-04-25,sz001319,19.83,18.93,19.83,18.61,11617,21643749.64,6.2,-3.81,-0.75,3.29,4.065093989357153,0.20511554771513207,19.740000000000002,19.503333333333334,19.68091633878019,3.9893286030755335,3.9867034908285253,3.987995035844474,20.368000000000002,20.01981818181818,20.217901974144564,3.9825058475834796,3.985837315295233,3.984735828865878,21.0835,20.60552380952381,20.969568678955746,3.9852406469428336,3.9767438628014307,4.015942081381229,21.593999999999998,21.050666666666665,21.52498761167069,4.024929771503768,3.991629014062899,4.064783163587371,23.452,22.394710382513665,22.415154729772905,4.31879043310087,4.1547545618179225,4.158318439311205,7.335332501669926
2023-04-26,sz001319,19.18,19.6,19.65,18.93,11923,22741282.76,3.8,3.54,0.67,3.37,4.076385543954533,0.011291554597380404,19.55,19.456666666666667,19.65394422585346,4.014134416401682,4.015722471121525,4.017458538547827,20.220000000000002,19.880181818181814,20.10555616066373,3.995273771088448,4.002906350999061,4.0013994134274515,20.955,20.464238095238095,20.839133566674246,3.987680213549249,3.985424329183498,4.021698601626305,21.496,20.922021505376343,21.400794862530645,4.0192979595457405,3.994948741317788,4.06553170425622,23.371666666666666,22.26841530054645,22.322854574698383,4.3030095922804446,4.1468068605344355,4.155632114873281,7.356814958147554
2023-04-27,sz001319,19.55,19.51,19.78,19.37,5788,11136808.0,2.09,-0.46,-0.09,1.64,3.762528522447,-0.31385702150753314,19.454,19.44333333333333,19.605962817235643,3.94167409100831,3.9318538398032983,3.9324818665142183,20.09,19.75109090909091,19.997273222361233,3.96977737868542,3.9605890330642524,3.957968342340097,20.813000000000002,20.326619047619047,20.712549417467176,3.972038417352935,3.9639813109832835,3.997015736942562,21.392,20.793892473118277,21.27880809720609,4.010209259997025,3.978382971182384,4.045983111881432,23.279833333333332,22.141803278688528,22.230629834544338,4.2845007526579,4.129086169720225,4.1427434724986485,7.046760732432743
2023-04-28,sz001319,19.49,19.7,19.7,19.37,6360,12211059.87,1.69,0.97,0.19,1.8,3.803457115648414,0.04092859320141384,19.484,19.525333333333332,19.63730854482376,3.9134887226098236,3.885781514683333,3.889473616225617,19.964999999999996,19.680181818181815,19.94322354556828,3.9616039361895767,3.9303489852393425,3.9298753920325176,20.7085,20.220619047619046,20.616116139613162,3.953335891025609,3.947925948916186,3.9785815825335953,21.301333333333332,20.6847311827957,21.176949510289568,3.9968855330894573,3.9650441231598936,4.030336273414786,23.193500000000004,22.024431693989076,22.147658364559277,4.270584881596043,4.113314247195323,4.131619329651099,7.0867533605637245
2023-05-04,sz001319,19.57,19.75,19.88,19.55,5198,10066611.0,1.68,0.25,0.05,1.47,3.715836275164994,-0.08762084048342,19.498,19.613999999999997,19.67487236321584,3.884660289314419,3.8198973655350565,3.831594502538743,19.819,19.64109090909091,19.90809199182859,3.924476889296166,3.8856639559621455,3.890959188965695,20.594,20.12933333333333,20.533628888221433,3.9424584026887066,3.9253069378818406,3.953558219927062,21.21333333333333,20.58464516129032,21.08488825156121,3.9837900656984755,3.946911912971218,4.010045950947058,23.107666666666667,21.91153005464481,22.069046614901595,4.257458664236399,4.0951257682959445,4.117987098356473,7.002883286668647
2023-05-05,sz001319,19.75,19.42,19.85,19.24,6672,12738717.18,3.09,-1.67,-0.33,1.89,3.824256037629682,0.10841976246468832,19.596,19.588,19.589914908810563,3.8364926989689243,3.7997626149734773,3.829148347569056,19.668,19.568545454545454,19.819347993314302,3.912910651022229,3.867441982931876,3.878831343268238,20.451999999999998,20.017523809523812,20.427568994105105,3.935557474339025,3.9140495697809823,3.9412437263749305,21.106666666666666,20.46894623655914,20.9774761062992,3.9722555649986186,3.936619395031296,3.9980595049265824,23.010833333333334,21.79062295081967,21.98219262752777,4.243774034374534,4.080922403489167,4.108356571775266,7.10512569568394
2023-05-08,sz001319,19.42,19.39,19.62,19.34,4936,9421041.0,1.44,-0.15,-0.03,1.4,3.6933751510251853,-0.13088088660449682,19.554,19.519333333333336,19.52327660587371,3.759890620383055,3.7520567656588977,3.783890615387766,19.552,19.518,19.74128472180261,3.8870125183923685,3.827526437477868,3.8451120355876824,20.3335,19.916380952380955,20.32875289942843,3.9156727953152832,3.8909845866082358,3.9176371953892404,20.985333333333333,20.3581935483871,20.875058292989575,3.9560305408606564,3.918627110258816,3.97840244983617,22.9165,21.671907103825134,21.89720270531374,4.22874438049915,4.062876538461319,4.094750623553952,6.974098893830753
2023-05-09,sz001319,19.42,20.67,21.05,19.0,30799,61031893.38,10.57,6.6,1.28,8.71,4.488536615801344,0.7951614647761587,19.786,19.891333333333332,19.90551773724914,3.905092239053924,3.9949387641316605,4.018772615525625,19.62,19.72127272727273,19.910142045111225,3.9233831650311166,3.9368944551885905,3.962098322899257,20.289499999999997,19.948428571428572,20.36125262329239,3.9434860873103768,3.9455430457021463,3.9720085687618214,20.912666666666667,20.33784946236559,20.861828725699926,3.9678819046976255,3.9529823409001517,4.011314331511343,22.8485,21.598251366120216,21.85696655104116,4.227580248622922,4.071394316667949,4.107661639693211,7.785556843194857
2023-05-10,sz001319,20.52,20.83,20.95,20.25,23055,46684332.78,3.39,0.77,0.16,6.52,4.362765126555426,-0.12577148924591786,20.012,20.23933333333333,20.21367849149943,4.016953841235326,4.1474963932988285,4.133436785868892,19.748,19.941272727272725,20.07738894600009,3.965221281922575,4.016782084556647,4.034946832654923,20.2515,19.99990476190476,20.405895230597878,3.9737166125397776,3.9854743827731034,4.009223479027879,20.85333333333333,20.33251612903226,20.859775259525737,3.9796817272515477,3.9784586777942037,4.033988576352898,22.767333333333333,21.53207103825137,21.823295516580796,4.218856378460263,4.075826607747703,4.116025688442791,7.669171156180575
2023-05-11,sz001319,20.68,20.19,20.68,20.1,16539,32958500.74,2.78,-3.07,-0.64,4.68,4.218509247198932,-0.14425587935649453,20.1,20.29866666666667,20.205785660999624,4.117488435642114,4.21468152862003,4.161794272978906,19.799,20.021636363636365,20.097863683090985,4.001074362478266,4.062834441879621,4.06832181711747,20.193,19.99404761904762,20.385333780064748,3.9861386850722673,4.008787967026356,4.029155456948931,20.772,20.289720430107526,20.81656395245956,3.9891252065772926,3.993866904887582,4.045893135762319,22.688499999999998,21.44756830601093,21.769744843906015,4.212246750665167,4.075815226394872,4.11938580512332,7.517967447710933
2023-05-12,sz001319,20.15,20.01,20.38,19.93,7329,14475935.96,2.23,-0.89,-0.18,0.92,3.865044721693099,-0.3534645255058324,20.218,20.268666666666668,20.140523773999753,4.125646172454797,4.130533623970359,4.062877755883637,19.907,20.060000000000002,20.081888467983532,3.9810694357118606,4.038101779918681,4.03136234522213,20.1375,19.97661904761905,20.34958770577287,3.98178764164767,3.997255208609292,4.013525863115043,20.691333333333333,20.24055913978495,20.764527568429912,3.9838502431991762,3.985861712314409,4.03422549614495,22.602333333333334,21.35974863387978,21.7120482916468,4.202800061931739,4.064431553313822,4.111046753207575,7.160646653167846
2023-05-15,sz001319,20.18,20.44,20.47,20.01,9787,19544653.0,2.3,2.15,0.43,1.23,3.9906495883188544,0.1256048666257552,20.428,20.342666666666666,20.240349182666503,4.185101059913531,4.085534762591711,4.03880170002871,19.991,20.156909090909092,20.146999655622892,3.9724958401482935,4.039843625847225,4.02396002578517,20.1055,20.005428571428574,20.358198400461166,3.983884805618371,3.9980992035303577,4.011347170277311,20.63366666666667,20.22434408602151,20.743590305950566,3.9826187557489305,3.9863003797414853,4.031414147252945,22.525833333333335,21.288852459016393,21.67034179028133,4.197580158822243,4.057475800080612,4.107099305178437,7.291027964278474
2023-05-16,sz001319,20.44,20.12,20.47,20.1,7205,14320765.0,1.81,-1.57,-0.32,0.9,3.857633985150008,-0.1330156031688463,20.318,20.240000000000002,20.20023278844434,4.0589205337832635,3.9763790710038696,3.9784124617358096,20.052,20.180363636363637,20.14209062732782,3.9820063864185933,4.018959652211174,3.993718927487868,20.071,20.006809523809526,20.335512838512482,3.975891882552007,3.9860753158667044,3.9967078193128063,20.55933333333333,20.191204301075274,20.703358673308593,3.9753610737081546,3.9782368461544575,4.020202523891466,22.441666666666666,21.20997267759563,21.61951091191145,4.188472141949649,4.046330023894637,4.098920114357833,7.155966218139761
2023-05-17,sz001319,20.15,20.17,20.34,19.85,7240,14296107.84,2.44,0.25,0.05,0.91,3.859738566197147,0.0021045810471389537,20.186,20.19066666666667,20.190155192296228,3.958315221711608,3.9099850818084976,3.9388544965562557,20.099,20.201818181818183,20.147165058722763,3.987634531473467,3.9967291394436373,3.969358861798646,20.032000000000004,20.016238095238094,20.319749711035104,3.974619233831522,3.9750130952614793,3.9836631285398862,20.505333333333336,20.16608602150538,20.668948436320942,3.9647687711748953,3.970777329540844,4.009850010491832,22.375166666666665,21.135491803278686,21.571985963979927,4.177618892107676,4.035551873869966,4.091078096385352,7.155217815528665
2023-05-18,sz001319,20.18,20.36,20.4,19.96,8571,17043353.83,2.18,0.94,0.19,1.08,3.9330314951024055,0.0732929289052584,20.220000000000002,20.24866666666667,20.246770128197486,3.901219671292303,3.9015571729387633,3.9369134960716394,20.16,20.249272727272725,20.185862320773168,4.0093540534672085,3.9868013146488996,3.962753886035693,19.9895,20.04747619047619,20.323583071888905,3.966915471381687,3.9710523582396586,3.9788410682125073,20.449333333333335,20.156709677419354,20.649016279138948,3.964756952948207,3.96872976334262,4.0048939772409025,22.30183333333333,21.06942076502732,21.53224871925927,4.168832148204211,4.02753261495176,4.0858962406055825,7.231555060298125
2023-05-19,sz001319,20.36,20.34,20.39,20.08,5374,10712927.78,1.52,-0.1,-0.02,0.67,3.7302976620971497,-0.20273383300525571,20.286,20.288666666666664,20.27784675213166,3.8742702593731133,3.8445831698737125,3.8680415514134765,20.252000000000002,20.282000000000004,20.213887353359866,3.999958215913955,3.9360637889452526,3.920489118046867,19.96,20.08085714285714,20.325146588851865,3.9564344334680923,3.9485173287839883,3.955170267630092,20.38533333333333,20.1496559139785,20.629079745000954,3.957024388197335,3.9536033574812603,3.9871780859413057,22.215833333333332,21.00509836065574,21.493158597316345,4.15311840385795,4.013154435079397,4.07423727081842,7.029908177174817
2023-05-22,sz001319,20.46,20.52,20.61,20.2,9416,18919807.54,2.02,0.88,0.18,1.18,3.9738664498353784,0.24356878773822865,20.302,20.366666666666667,20.358564501421107,3.870913631676417,3.8777819000278004,3.903316517554111,20.365,20.330727272727273,20.269544198203526,4.0280073457949745,3.9313198314764204,3.9301940874629597,19.9585,20.134190476190472,20.343704056580258,3.9575099320936706,3.9501775208189684,3.956950856411548,20.344,20.158344086021508,20.622042342097668,3.95311764547518,3.954689942103071,3.986319270708665,22.11466666666667,20.94949726775956,21.461251758060072,4.138105055947727,4.007277321832755,4.070946424228812,7.276916714267618
2023-05-23,sz001319,20.51,20.41,20.61,20.33,7010,14133500.28,1.36,-0.54,-0.11,0.88,3.8457180179666586,-0.12814843186871983,20.36,20.40266666666667,20.375709667614075,3.8685304382397474,3.8693833621245477,3.884117017691627,20.339000000000002,20.338909090909087,20.295081616711975,3.9637254860115063,3.8981763173258175,3.9148348020999957,19.9795,20.177190476190475,20.350017955953568,3.943554325521311,3.9395306718544902,3.94635725275013,20.306,20.16260215053763,20.608362190994594,3.950232553544086,3.947760933876714,3.9772482221446652,22.022666666666666,20.893606557377048,21.426784487304,4.125944338477918,3.9976908615710807,4.063561886318578,7.150249731843911
2023-05-24,sz001319,20.36,20.42,20.65,20.25,8963,18072496.0,1.96,0.05,0.01,1.12,3.9524533964230333,0.10673537845637471,20.41,20.422666666666668,20.39047311174272,3.887073404284925,3.897357681518976,3.906895810602096,20.298,20.353636363636365,20.317794050037072,3.9226943129982663,3.89612684649155,3.9216745465223655,20.023000000000003,20.21914285714286,20.35668291252942,3.9439577974604214,3.940378202416559,3.946937837861835,20.267,20.16995698924731,20.59620979157559,3.956709179359274,3.947904214062452,3.975648555969076,21.888166666666667,20.841060109289618,21.39377515985141,4.110072581579639,3.992002633962723,4.059918985010527,7.2570181372962725
2023-05-25,sz001319,20.32,20.75,20.75,20.16,12508,25150920.6,2.89,1.62,0.33,1.57,4.0971878725708955,0.14473447614786217,20.488,20.536,20.51031540782848,3.919904679778623,3.967395837614299,3.9703264979250297,20.354,20.43581818181818,20.39637695003033,3.9105621755354627,3.9278529482320277,3.953586060349371,20.076500000000003,20.288380952380955,20.39414168276471,3.9558182690068646,3.9549715429032712,3.9612473649769835,20.246666666666666,20.201118279569894,20.6061317405062,3.960946515226666,3.956967355559976,3.983489802201452,21.774833333333333,20.803743169398906,21.372667777561198,4.093866427712776,3.9915801844870273,4.061140915750211,7.400553886178538
2023-05-26,sz001319,20.84,20.87,21.32,20.27,17607,36018279.8,5.06,0.58,0.12,2.21,4.2456853642332355,0.14849749166234005,20.594,20.663333333333338,20.630210271885655,4.02298222020584,4.0759893990991705,4.062112786694431,20.44,20.52963636363636,20.482490231842995,3.948626239789477,3.988784437086168,4.006695024691892,20.1735,20.363952380952384,20.439461522501407,3.9648478377506686,3.9825779329248303,3.988336698239484,20.238333333333333,20.241333333333337,20.62315549918322,3.970733841028272,3.97533760388298,4.00040564491318,21.67716666666667,20.774076502732242,21.356186866821485,4.085159555925215,3.996557854536878,4.067191553405392,7.556522967472763
2023-05-29,sz001319,20.8,20.33,20.87,20.32,10187,20505686.48,2.64,-2.59,-0.54,1.28,4.0080463061583504,-0.23763905807488506,20.556,20.575333333333333,20.530140181257103,4.029818191470435,4.071010761083341,4.044090626515738,20.429000000000002,20.509636363636364,20.454764735144266,3.9503659115734258,3.999588085516872,4.0069407122312475,20.21,20.378857142857143,20.42903661559651,3.9614308758608603,3.98669207277318,3.9902138037555663,20.21333333333333,20.247247311827955,20.604242241171402,3.972711840936723,3.977744859697824,4.000898590799966,21.56683333333333,20.72990710382514,21.322541395778156,4.0726110363273795,3.9940295512658337,4.065252364971062,7.31187431297905
2023-05-30,sz001319,20.49,20.55,20.99,20.35,12486,25388218.0,3.15,1.08,0.22,1.57,4.096423330595271,0.08837702443692041,20.584,20.573333333333334,20.536760120838068,4.079959253996156,4.093212474124953,4.061534861208916,20.472,20.531636363636363,20.472080237845308,3.9742448461179527,4.0261439798844805,4.023210279206524,20.262,20.411238095238094,20.44055693792065,3.9781256162682737,3.9995484970336013,4.000328996787919,20.204666666666665,20.268967741935484,20.600742741740987,3.975342870407322,3.985726246127407,4.007061477238373,21.457,20.696568306010924,21.297212169687068,4.059714970348499,3.9948102822254357,4.066274363843987,7.404632218797055
2023-05-31,sz001319,20.46,20.2,20.6,20.13,9178,18362998.0,2.29,-1.7,-0.35,1.15,3.9627480533586406,-0.1336752772366303,20.54,20.445333333333334,20.42450674722538,4.082018185383278,4.0541420739124465,4.028605925258824,20.475,20.482181818181818,20.422611103691615,3.9845457948341014,4.024053653928242,4.012217147234182,20.287,20.405333333333328,20.41764675335678,3.986090163153785,3.9980839672326836,3.9967498593184643,20.179666666666666,20.268666666666668,20.574888371306088,3.977928087499049,3.9849136772855576,4.0042025466654865,21.3595,20.655355191256824,21.26123800018913,4.046650979602887,3.9916310390454415,4.062880058582172,7.263943586917809
2023-06-01,sz001319,20.2,20.23,20.44,20.01,7238,14380242.0,2.13,0.15,0.03,0.91,3.8596185787721806,-0.10312947458645993,20.436,20.342,20.35967116481692,4.034504326623535,3.9800088717087476,3.9722768097632764,20.462,20.43763636363636,20.387590903020413,3.9772045032010794,4.001339614644256,3.984471952968363,20.311,20.399904761904764,20.399775633989467,3.9932792783341435,3.986039054434435,3.9836897373616758,20.147000000000002,20.27191397849462,20.55263750864118,3.970345148654818,3.977280805754792,3.9948745487368864,21.278333333333332,20.61832240437159,21.227426918215713,4.032867649304197,3.9854988291821405,4.0562157477687295,7.157766194696396
2023-06-02,sz001319,20.35,20.68,20.7,20.19,9353,18901839.08,2.52,2.22,0.45,1.17,3.970950934345424,0.11133235557324328,20.398,20.423333333333336,20.46644744321128,3.9795574406459737,3.9588244076160435,3.9718348512906587,20.496000000000002,20.477272727272727,20.440756193380338,4.0012698304259064,4.0002026021250465,3.98201358594601,20.374,20.435047619047616,20.426463668847614,4.0006140231699305,3.9839125454831286,3.9824765180267945,20.138666666666666,20.306301075268816,20.560854443567557,3.971379565787364,3.9773198887025725,3.993331089743889,21.208500000000004,20.598704918032784,21.209478494667657,4.025207250142506,3.983468772953983,4.0534201801155065,7.2765040614980645
2023-06-05,sz001319,20.84,20.56,20.84,20.43,5337,10799268.24,1.98,-0.58,-0.12,0.67,3.7272972028035873,-0.24365373154183656,20.444,20.477333333333334,20.49763162880752,3.9234076199750207,3.8747376616685814,3.8903223017949684,20.5,20.488909090909093,20.462436885493002,3.9766129057227273,3.950389397102806,3.935701516283751,20.432499999999997,20.452761904761903,20.43918141467165,4.002310125758852,3.957882372114906,3.9581737261007746,20.139000000000003,20.333483870967736,20.560799318176105,3.9638775899700236,3.9615726394778132,3.9761676131670955,21.148833333333336,20.57744262295082,21.188184117793305,4.012305053379324,3.97370123041828,4.042727623482329,7.033394328626126
2023-06-06,sz001319,20.52,19.96,20.55,19.96,8537,16946041.0,2.87,-2.92,-0.6,1.07,3.931305281421673,0.2040080786180858,20.326,20.316,20.318421085871684,3.890384010140301,3.8773702154841327,3.90398329500387,20.455,20.390727272727272,20.371084724494274,3.9851716320682287,3.942151647229887,3.934902200854282,20.397000000000002,20.407761904761905,20.39354508946483,3.9744485590398675,3.9511200059875557,3.955614826607527,20.137999999999998,20.321935483870966,20.522038071842164,3.9574267610369507,3.9594712002166297,3.97327326918352,21.073833333333333,20.538464480874318,21.147915786062377,4.006817668525735,3.9710455001901606,4.039074431939357,7.229068252823385
2023-06-07,sz001319,19.93,19.5,20.03,19.37,10696,20576340.08,3.31,-2.3,-0.46,1.34,4.029221394253928,0.09791611283225476,20.186,20.040666666666667,20.04561405724779,3.903678678319358,3.9236493435220083,3.945729328087223,20.363,20.21709090909091,20.212705683677132,3.9928484318513187,3.950160694900014,3.9520511451087628,20.3305,20.322333333333336,20.308445557134846,3.957771372424793,3.956336466484132,3.962624975907184,20.13633333333333,20.280774193548385,20.456100131723318,3.96025467559072,3.964103112037079,3.9768828256396755,20.9955,20.486863387978147,21.09388576028984,4.004671854369889,3.9717800485746917,4.038751381523441,7.313368129201304
2023-06-08,sz001319,19.47,19.36,19.61,19.3,4610,8795682.0,1.59,-0.72,-0.14,0.58,3.663700925389648,-0.3655204688642799,20.012,19.765333333333334,19.817076038165194,3.8644951476428515,3.8436567592121045,3.8517198605213654,20.224,20.034727272727274,20.057668286644926,3.949499737133194,3.890315693725165,3.89962383243256,20.288999999999998,20.22990476190476,20.21811740883629,3.9300309563343285,3.9283297572426905,3.9341560187150377,20.125666666666667,20.230688172043006,20.385383994192782,3.953712091715641,3.9449706120241066,3.956677541752577,20.926166666666667,20.433240437158467,21.037037046837714,3.993395115175342,3.9606006738540285,4.026454645256759,6.944269519444806
2023-06-09,sz001319,19.36,19.63,19.79,19.36,6633,12791767.36,2.22,1.39,0.27,0.83,3.8217099972983766,0.1580090719087286,19.802,19.637999999999998,19.754717358776794,3.8346469602334423,3.829395042430613,3.8417165727803693,20.1,19.926727272727273,19.97991041634585,3.907102200439708,3.8670811955733804,3.885457680589981,20.27,20.16714285714286,20.162106227042354,3.927864220114592,3.9180134754297424,3.9234468738182127,20.149,20.198709677419355,20.33664954295454,3.9455992919803484,3.9364543478681546,3.947969958239403,20.871500000000005,20.390743169398906,20.99090468464631,3.9852645317420583,3.954971653595767,4.019741705979436,7.10693055242775
2023-06-12,sz001319,19.48,20.67,20.83,19.48,24903,49988274.88,6.88,5.3,1.04,3.13,4.396251668580277,0.5745416712819003,19.824,19.927333333333333,20.059811572517866,3.9684378533887803,4.0165966118795575,4.026561604713672,20.134,20.03036363636364,20.105381249737512,3.9459227366819007,3.956017462508029,3.9783293147700345,20.2815,20.205238095238094,20.21047706256213,3.948144324127663,3.962621803855046,3.9684759018907902,20.18466666666667,20.232322580645164,20.358156024054246,3.9562614961345397,3.965528694745569,3.976891358906556,20.84033333333333,20.384136612021855,20.980383219575938,3.987779727840141,3.9684466416888227,4.032086294917168,7.698868149294613
2023-06-13,sz001319,20.75,20.98,21.26,20.55,21558,44479048.52,3.43,1.5,0.31,2.71,4.333608467588293,-0.0626432009919835,20.028,20.31266666666667,20.366541048345244,4.048898490622105,4.138320149946062,4.128910559005213,20.177,20.184181818181816,20.264402840694327,3.9696412503812026,4.026505777218283,4.042925524373354,20.3245,20.271761904761906,20.283764961365737,3.971943048249578,3.999332674660821,4.00325043195722,20.233666666666668,20.283634408602154,20.398274990244296,3.975297494305917,3.9898736606458116,3.9999053659182815,20.812833333333334,20.38871584699454,20.980370654999675,3.9927533771514714,3.979785288893681,4.04197226779163,7.64815548840014
2023-06-14,sz001319,21.13,20.66,21.13,20.58,11300,23028493.0,2.62,-1.53,-0.32,1.42,4.05307844348342,-0.2805300241048734,20.259999999999998,20.523333333333333,20.464360698896833,4.053669900468003,4.139713467566501,4.103633187164616,20.223,20.271999999999995,20.336329596931723,3.9786742893936813,4.04167617596414,4.044771509666093,20.348999999999997,20.303714285714285,20.319596869807096,3.9816100421138914,4.007059855159281,4.007995956864477,20.265666666666668,20.311139784946235,20.415160474744663,3.9836182052337503,3.9948917863991986,4.0033358870515166,20.7835,20.383704918032784,20.969866699098045,3.990251869161604,3.9817631599209578,4.042336404699557,7.362265518372454
2023-06-15,sz001319,20.8,20.79,20.9,20.53,8809,17954693.2,1.79,0.63,0.13,1.11,3.9449266099862155,-0.10815183349720447,20.546,20.7,20.57290713259789,4.109915037387316,4.103465704072572,4.050730994771816,20.279,20.37509090909091,20.418815124762318,3.987205092515084,4.035540234253692,4.026617891542479,20.3705,20.345714285714283,20.364397167920707,3.982204797858082,4.003566194956646,4.001989352399881,20.300333333333334,20.344967741935484,20.439343669922426,3.9912545497277905,3.992395554447745,3.999567546595691,20.756833333333336,20.383918032786884,20.963969430275156,3.9875223077131334,3.9802770858496337,4.039142640938464,7.254177988538371
2023-06-16,sz001319,20.85,20.8,20.92,20.71,7643,15636088.0,1.01,0.05,0.01,0.96,3.8832638595849738,-0.061662750401241695,20.78,20.784666666666666,20.648604755065264,4.122225809844636,4.02791531147179,3.9949086163762018,20.291,20.469818181818184,20.488121465714624,3.978436385039039,4.016641828266399,4.000553522095659,20.3935,20.38661904761905,20.405883151928258,3.989853107732473,3.9941432484544444,3.990682162607985,20.346333333333334,20.377204301075267,20.462611820250014,3.9932214771263,3.985428413148208,3.9920640829175804,20.726499999999998,20.385333333333335,20.958593383380887,3.9827385210624593,3.9768587760749394,4.034031861221956,7.194128105979119
2023-06-19,sz001319,20.9,20.93,21.15,20.75,9324,19219483.12,1.92,0.63,0.13,1.17,3.969602264848539,0.0863384052635654,20.832,20.834666666666667,20.74240317004351,4.036895929098288,3.9770407964730916,3.986473165866981,20.328000000000003,20.586000000000002,20.568463017402873,4.002666891243535,4.015035624595399,3.994926020778001,20.414,20.437714285714286,20.455799042220804,3.9896398984831314,3.9922145967512126,3.9886745532975616,20.39766666666667,20.414860215053764,20.49276589636292,4.002429047587079,3.983904593001257,3.990614933364739,20.6915,20.392005464480874,20.957655895401185,3.9792297942238672,3.9764280791498923,4.031919415439221,7.283741703772158
2023-06-20,sz001319,20.93,21.41,21.52,20.61,23067,48084910.36,4.35,2.29,0.48,2.9,4.362991115623569,0.3933888507750294,20.918,21.027333333333335,20.964935446695677,4.042772458705343,4.085739191981518,4.111979149119177,20.473000000000003,20.78272727272727,20.72146974151144,4.045835474663724,4.080549119937223,4.061846947113558,20.464,20.53257142857143,20.54667532391406,4.015503553365977,4.027771855526492,4.024323749709562,20.42233333333333,20.48017204301075,20.55194229014596,3.998244197581153,4.007166661906837,4.0146392031878895,20.667500000000004,20.415562841530058,20.972486849650327,3.983063051139389,3.9890104175564414,4.042774225281331,7.682008810770108
2023-06-21,sz001319,21.51,21.43,21.78,21.12,23226,49136747.89,3.08,0.09,0.02,2.92,4.365974421702599,0.002983306079030079,21.072,21.198,21.119956964463785,4.10535165434918,4.1934731796472695,4.196644239980317,20.666,20.95672727272727,20.850293424872994,4.079510777408592,4.138756201217019,4.117142851584292,20.514499999999998,20.624571428571432,20.63080148354129,4.036179604629955,4.0611500334633135,4.056861908946994,20.442333333333337,20.545182795698924,20.608591174652673,3.998351174086059,4.030891192495316,4.037305991479161,20.64783333333333,20.440562841530056,20.987487280809333,3.9890164506688035,4.001564888722448,4.053370953032848,7.691406409364953
2023-06-26,sz001319,21.35,21.06,21.72,20.91,16392,34362428.2,3.78,-1.73,-0.37,2.06,4.214631945393139,-0.15134247630945996,21.125999999999998,21.194000000000003,21.099971309642527,4.159292721430564,4.229899943328589,4.202640141784592,20.836,21.028363636363636,20.8884218930779,4.134603879408941,4.163323686305118,4.134868141367718,20.529999999999998,20.67652380952381,20.671677532727834,4.042051808271067,4.078145494488378,4.071887626703769,20.471333333333334,20.585032258064516,20.637714324675084,3.998221930692532,4.044844790644161,4.048746375602644,20.62166666666667,20.45407650273224,20.989864747012305,3.9936735686349127,4.0089621180576716,4.058658198684006,7.536083845397865
2023-06-27,sz001319,21.08,21.19,21.29,20.94,8884,18452964.0,1.66,0.62,0.13,1.12,3.9486085498764365,-0.2660233955167022,21.204,21.21533333333333,21.12998087309502,4.172361659488856,4.15967188614388,4.1179629444818735,20.991999999999997,21.09272727272727,20.943254276154644,4.147293734666746,4.129506353662845,4.101002761096576,20.546,20.73938095238095,20.721041577229947,4.027197967553227,4.069246136546034,4.060146762244023,20.51066666666667,20.631397849462367,20.673345658567015,4.001007391631977,4.041643927365703,4.042285870717082,20.601,20.472710382513664,20.99642655858567,3.992428817415577,4.007484576459033,4.055050013477199,7.266066134476484
2023-06-28,sz001319,21.2,21.46,21.5,20.77,12786,26711149.32,3.45,1.27,0.27,1.6,4.106734700097846,0.1581261502214093,21.31,21.300666666666665,21.239987248730014,4.199788146538718,4.137796233013543,4.114220196353864,21.071,21.177818181818186,21.037208044126526,4.118342037818503,4.122131983741227,4.1020449318240795,20.6025,20.826428571428572,20.791418569874715,4.0321323872502015,4.076821063455045,4.064583708706292,20.544666666666664,20.69264516129032,20.724097551562693,4.004876895357943,4.04846504404092,4.04644385970939,20.589166666666664,20.50087431693989,21.01162568781237,3.9937478255534367,4.011232310317468,4.056744593366401,7.4266925751271495
2023-06-29,sz001319,21.46,21.62,22.05,21.46,15300,32318314.0,2.75,0.75,0.16,1.92,4.184691430817598,0.07795673071975262,21.352,21.404,21.366658165820013,4.164128209577524,4.132763994439838,4.137710607841775,21.134999999999998,21.277636363636365,21.1431702179217,4.103450334141433,4.134195509741063,4.117071568004719,20.656,20.923333333333332,20.870331087029502,4.036545792261318,4.091350496175749,4.076022539383559,20.59466666666667,20.762021505376346,20.78189770952639,4.01577881021353,4.06006598181251,4.055363057845404,20.577,20.534672131147538,21.03157238657262,3.995569941960842,4.017492756391703,4.060939571643488,7.509448696174466
2023-06-30,sz001319,21.61,21.56,21.94,21.52,12989,27401793.88,1.94,-0.28,-0.06,2.37,4.113575716800568,-0.07111571401703021,21.378,21.473333333333336,21.431105443880007,4.113648468597118,4.115913163514185,4.129665644161373,21.225,21.35490909090909,21.218957451026846,4.109500061473148,4.136036488406359,4.116435958694874,20.723999999999997,21.009428571428575,20.936013840645742,4.044087175433415,4.098686679465201,4.0795990324708935,20.641000000000002,20.824301075268817,20.832097857298884,4.024240048566977,4.066375459656835,4.059118713261866,20.57316666666667,20.566901639344263,21.048897882094828,3.994504409870936,4.021361798189727,4.062665346894541,7.437778995181095
2023-07-03,sz001319,21.56,21.71,21.97,21.52,12801,27079564.2,2.09,0.7,0.15,2.33,4.107243897578974,-0.006331819221593982,21.508000000000003,21.584,21.524070295920005,4.092170859034285,4.113778306508138,4.122191728633907,21.317,21.443090909090905,21.30823791447651,4.125731790232424,4.135626276789236,4.1147646748556195,20.798000000000002,21.10333333333333,21.00972680820329,4.056468441373754,4.104701605383826,4.082231876766901,20.685999999999996,20.8932688172043,20.888736705215088,4.03004712864953,4.071730546689867,4.06222356386297,20.56766666666667,20.60417486338798,21.070573361370407,3.997402040798868,4.025058174835892,4.06412693872026,7.432641670830752
2023-07-04,sz001319,21.73,22.25,22.32,21.61,27618,59530801.76,3.27,2.49,0.54,5.03,4.441192225277618,0.3339483276986437,21.72,21.831333333333337,21.76604686394667,4.190687594114522,4.230118761922582,4.228525227515144,21.462,21.61272727272727,21.47946738457169,4.181524626801688,4.192982719524727,4.17411513856871,20.8765,21.241619047619047,21.127848064564883,4.079980505920364,4.141341965755622,4.1164185766250645,20.749666666666666,20.99417204301075,20.97656014358831,4.053743614088878,4.098256036794906,4.0866731549219795,20.567500000000003,20.65933333333334,21.109243087227114,4.005384001143106,4.039608672687655,4.076489735000829,7.774741731663109
2023-07-05,sz001319,22.31,21.93,22.31,21.88,14736,31549292.76,1.93,-1.44,-0.32,2.68,4.168379612852774,-0.2728126124248442,21.814,21.901333333333334,21.82069790929778,4.203016576665506,4.222682768168666,4.208476689294354,21.561999999999998,21.697818181818178,21.561382405558657,4.201402361602112,4.190592716988561,4.173072315711267,20.945,21.34195238095238,21.204243486987274,4.102034626422823,4.149760928320614,4.121367246741989,20.796666666666667,21.070322580645158,21.038072392389065,4.060227386189458,4.1056519076828994,4.091944539304611,20.57033333333333,20.704005464480876,21.136153149940977,4.006672515832319,4.044952791104365,4.07950251788122,7.498989628116696
2023-07-06,sz001319,21.9,22.23,22.23,21.6,15802,33887913.88,2.87,1.37,0.3,2.88,4.198712057460401,0.03033244460762763,21.936,22.040000000000003,21.957131939531855,4.2058207019940665,4.221247928433631,4.2052218120163705,21.644,21.81927272727273,21.68294924091163,4.184974455785795,4.190103570780976,4.177734086938382,21.0585,21.464333333333336,21.301934583464675,4.1154049652247595,4.158968302705146,4.128733419191361,20.857333333333333,21.16279569892473,21.114970947718803,4.071993854172583,4.114586402603605,4.0988327662824044,20.581666666666663,20.758420765027328,21.172016981090454,4.011113203858335,4.0512491695184005,4.08341102737562,7.530044834747968
2023-07-07,sz001319,22.21,22.0,22.56,21.93,11822,25494356.64,2.83,-1.03,-0.23,2.15,4.0726909550128685,-0.12602110244753284,22.024,22.061333333333334,21.971421293021237,4.197643749636527,4.176871346106565,4.16104485968187,21.701,21.883999999999997,21.74059483347315,4.155646109116822,4.169688388822262,4.158635335679198,21.1835,21.554000000000002,21.368417004087085,4.1175784432627065,4.154900301732585,4.123396041650552,20.910000000000004,21.236516129032257,21.172069596253074,4.076001772792244,4.114631376851365,4.0971461978134025,20.5885,20.80492349726776,21.199163965317,4.016355476075759,4.053268112179205,4.0830595495932345,7.406444056851704
2023-07-10,sz001319,22.1,21.84,22.3,21.83,10291,22012415.0,2.14,-0.73,-0.16,1.87,4.012457578200774,-0.06023337681209462,22.05,22.0,21.927614195347495,4.178686485760887,4.1151426222946474,4.111515765854838,21.779000000000003,21.909272727272732,21.758668500114396,4.135428672397586,4.14365411047389,4.1320575615922115,21.3075,21.616523809523812,21.413329670364504,4.135016275903263,4.144888790774305,4.112830473702954,20.94633333333333,21.29651612903226,21.21516188036578,4.073177429646573,4.110531751393851,4.091682415902911,20.5965,20.845956284153008,21.22017498284759,4.01706197243662,4.053140312248877,4.080744730859055,7.342667691968986
2023-07-11,sz001319,21.98,22.6,22.6,21.72,23164,50273613.21,4.03,3.48,0.76,4.22,4.364813556261336,0.3523559780605625,22.12,22.183333333333334,22.151742796898333,4.163410751957631,4.177184979128131,4.195948362657004,21.92,22.058545454545456,21.91163786372996,4.177049173036076,4.185360452994573,4.174376833350234,21.456,21.739619047619048,21.526345892234552,4.162171453851411,4.1667742460465025,4.136828862518038,21.004,21.403204301075274,21.30450627518089,4.0771483693808435,4.129346985368997,4.109303779797003,20.621166666666667,20.91164480874317,21.265415147344388,4.023941105204558,4.064542003521819,4.090058462839457,7.701340099486555
2023-07-12,sz001319,22.6,22.44,22.97,22.38,23812,52666565.0,2.61,-0.71,-0.16,4.34,4.376795873879716,0.011982317618379312,22.222,22.290000000000003,22.247828531265558,4.205094004163019,4.248313353102159,4.2562308663979085,22.018,22.15309090909091,22.007703706688147,4.204055290414263,4.221678034966143,4.211180295264685,21.5445,21.833333333333332,21.6133605691646,4.161198664116383,4.187214667001579,4.159682863600103,21.074333333333335,21.495849462365594,21.377763934846644,4.089440021638222,4.14867908243344,4.126561334253952,20.643833333333337,20.971278688524592,21.303926126119983,4.031075931287472,4.07611101233084,4.099459689430941,7.721534993880679
2023-07-13,sz001319,22.43,22.19,22.43,22.02,13594,29343514.0,1.83,-1.11,-0.25,2.48,4.133347265586243,-0.24344860829347237,22.214,22.279333333333334,22.22855235417704,4.192021045788188,4.224397773576567,4.215269666127353,22.075,22.18436363636364,22.0408484872903,4.198920873891128,4.208822030451958,4.197028835323151,21.605,21.894809523809524,21.66827861019654,4.1511856040162805,4.184562152855851,4.157174711408307,21.129,21.567827956989248,21.43016626163073,4.090670819471255,4.151511807849441,4.126999136275391,20.666833333333333,21.021972677595627,21.33297772854228,4.033006844939289,4.0794641708324395,4.100570757501607,7.467512121076006
2023-07-14,sz001319,22.13,21.86,22.26,21.71,11336,24197172.28,2.48,-1.49,-0.33,2.06,4.054459837239404,-0.0788874283468397,22.186,22.161333333333335,22.105701569451362,4.188374822233494,4.178544037393639,4.16166638983137,22.105,22.145272727272726,22.00796694414661,4.193009285935011,4.182556387424371,4.171107199307924,21.665,21.919095238095235,21.686537790177823,4.151254673704079,4.175350175067578,4.14739234243984,21.18433333333333,21.614989247311826,21.457897470557782,4.093727878933946,4.149175615447387,4.1223191814988756,20.682000000000002,21.061092896174863,21.350257147278597,4.035827983216498,4.080167547629165,4.099058924050387,7.383764616602486
2023-07-17,sz001319,21.76,21.61,21.78,21.4,10615,22236768.4,1.74,-1.14,-0.25,1.93,4.025919998502018,-0.028539838737385637,22.14,21.969333333333335,21.940467712967575,4.191067306293744,4.124392429483147,4.116417592721586,22.095,22.055272727272726,21.935609317938134,4.1848768960273155,4.15217651698201,4.144709526434123,21.706,21.913857142857143,21.679248476827553,4.1553043431298695,4.163413539334048,4.135823547779095,21.23033333333333,21.64245161290323,21.46771053697341,4.099271259591608,4.144800913484037,4.116099879370046,20.68866666666667,21.091519125683057,21.35877330638422,4.0348082041232125,4.079842695671313,4.096660926491424,7.347071672837023
2023-07-18,sz001319,21.52,22.03,22.27,21.38,12212,26037744.91,4.12,1.94,0.42,2.22,4.086786795626624,0.06086679712460619,22.026,21.932666666666666,21.97031180864505,4.135461954166801,4.089632259260774,4.106540660356599,22.073,22.043454545454548,21.9527712601312,4.149436353062216,4.134341953272793,4.134178120832759,21.767500000000002,21.944714285714287,21.712653383796358,4.165480489931952,4.156888058619454,4.131153380907431,21.275333333333332,21.694043010752686,21.503987276523514,4.103132454967648,4.143995464195973,4.1142087126769225,20.707,21.13549726775956,21.380780738961786,4.037256010377506,4.0815469117861785,4.096337184495856,7.4156033679317535
2023-07-19,sz001319,22.04,21.66,22.24,21.59,8398,17770365.9,2.95,-1.68,-0.37,1.53,3.9241758703019207,-0.16261092532470345,21.869999999999997,21.81066666666667,21.866874539096703,4.044937953451242,4.019203564639146,4.04575239700504,22.046,21.968363636363637,21.899540121925526,4.125015978807131,4.093385501861829,4.095995893463516,21.804,21.93447619047619,21.707638775815752,4.163209170204621,4.133906666273736,4.11144123704024,21.312,21.718860215053763,21.514052613522,4.109695077217592,4.132449878088507,4.10194852929789,20.7255,21.166743169398902,21.38993546883189,4.036786333593808,4.077839366209931,4.090692551243595,7.249696370220322
2023-07-20,sz001319,21.66,21.13,21.78,21.11,8739,18134682.12,3.09,-2.45,-0.53,1.59,3.94146173934733,0.017285869045409186,21.658,21.564,21.621249692731137,4.006560848203459,3.9847114932711767,4.01098884445247,21.936,21.80181818181818,21.759623736120886,4.099290946995824,4.06001200377823,4.0678987745333,21.79,21.870285714285714,21.652625559071392,4.142132701390809,4.112787863334946,4.095252713450439,21.351000000000003,21.70711827956989,21.48927502555284,4.110033625815114,4.121596114354941,4.091594542849467,20.744500000000002,21.180005464480875,21.38141299444396,4.033730193426033,4.074713969677259,4.0857997377388,7.258509947303282
2023-07-21,sz001319,21.1,20.87,21.22,20.87,6337,12944338.0,1.66,-1.23,-0.26,1.15,3.80188370712524,-0.1395780322220901,21.46,21.301333333333336,21.370833128487426,3.956045622180626,3.9164857795784362,3.9412871320100598,21.823,21.608,21.59787396591709,4.07221022220706,4.005937960165396,4.0195323986409255,21.762,21.782666666666664,21.578089791540783,4.1139281656619415,4.080383197214415,4.067312808086134,21.39666666666667,21.676086021505377,21.44932179809782,4.102455702910825,4.101715474439465,4.07290352118984,20.7665,21.18412021857923,21.364645355281862,4.031355189250772,4.0671124455362495,4.076491015423601,7.1120798446280835
2023-07-24,sz001319,20.99,20.8,21.03,20.71,5315,10751831.0,1.53,-0.34,-0.07,0.97,3.7255032688593155,-0.07638043826592433,21.298000000000002,21.081333333333337,21.18055541899162,3.895962276252086,3.8396383284713322,3.869359177626478,21.719,21.422,21.45280597211398,4.043514791272914,3.9429003322839886,3.9660725568624504,21.749000000000002,21.69104761904762,21.50398600187023,4.089471731835251,4.043390349899879,4.034759518635961,21.444666666666667,21.637591397849462,21.407430069188287,4.10451578102648,4.077395962565174,4.050490601684645,20.785166666666665,21.185218579234974,21.3461323928136,4.02911393637106,4.0570845137201355,4.06498322045428,7.031482429412851
2023-07-25,sz001319,20.92,21.76,21.78,20.92,13529,28309157.4,4.13,4.62,0.96,2.46,4.131265696780032,0.4057624279207164,21.244,21.235333333333337,21.37370361266108,3.9048580564827673,3.918072801980648,3.956661350677663,21.634999999999998,21.429454545454544,21.50865943172962,4.020160005324785,3.9588550423761912,3.9961076732111014,21.7775,21.692095238095238,21.5283682874064,4.098604589180431,4.047370727513669,4.04395058322111,21.515666666666668,21.65793548387097,21.43017651633743,4.114834304342535,4.079121763581533,4.055701898142412,20.832333333333334,21.217180327868853,21.359701822557415,4.030216798161442,4.060433751766332,4.067156416399387,7.451926943120797
2023-07-26,sz001319,21.73,21.26,21.82,21.18,7222,15024341.0,2.94,-2.3,-0.5,1.32,3.858657484090808,-0.27260821268922397,21.164,21.240666666666666,21.335802408440724,3.8917543792405453,3.9026726111833283,3.9239933951487114,21.517000000000003,21.361272727272727,21.4634486259606,3.9683461663458934,3.929490947606377,3.971116729734684,21.7675,21.64280952380952,21.502809402891508,4.086200728380079,4.024518622267038,4.026303621399176,21.53533333333333,21.641440860215056,21.419197386251145,4.096914498192887,4.062594226791099,4.0429893553003735,20.860000000000003,21.23120218579235,21.35643291034242,4.026587997163713,4.054808856223032,4.060320385831892,7.176795431999891
2023-07-27,sz001319,23.23,22.17,23.23,22.05,48507,105905883.48,5.55,4.28,0.91,8.83,4.6858044157570795,0.8271469316662716,21.372,21.576000000000004,21.613868272293818,4.040622914522495,4.16735595668884,4.177930402018168,21.515,21.479999999999997,21.59191251214958,4.023591881362977,4.059937902044775,4.10105994537512,21.795,21.681142857142852,21.566351364520887,4.111256377627052,4.081623735350563,4.089113220861834,21.575000000000003,21.682387096774196,21.467636264557523,4.108654363131846,4.100587124698467,4.084461294684678,20.904333333333334,21.27415300546448,21.383107241150864,4.041975928718881,4.076422509291667,4.080828058944193,8.024920087509964
2023-07-28,sz001319,21.61,21.86,22.25,21.25,32482,68774950.56,4.51,-1.4,-0.31,5.91,4.511642762016879,-0.17416165374020043,21.57,21.73866666666667,21.695912181529213,4.182574725500823,4.324362572520301,4.289167855351072,21.515,21.54272727272727,21.640655691758745,4.069310173840725,4.14867442580003,4.175711366582712,21.810000000000002,21.687333333333335,21.594317901233186,4.131159729887868,4.119755771959117,4.129354129543267,21.615,21.700774193548387,21.49295005394091,4.123939840416295,4.126586376239437,4.112021389351272,20.940333333333335,21.305486338797813,21.39874306930985,4.053779022825022,4.091821421858814,4.094953131176084,7.83743028686213
2023-07-31,sz001319,21.87,21.98,22.25,21.72,17203,36769411.0,2.42,0.55,0.12,3.13,4.2356041893398375,-0.27603857267704157,21.806,21.875333333333334,21.790608121019474,4.284594909596928,4.34203906046664,4.271313300013993,21.552,21.62727272727273,21.70235465689352,4.0902785929245065,4.178909701345323,4.186600970720371,21.823500000000003,21.703523809523812,21.631049529687168,4.1375777444759105,4.129702863335495,4.139473182857226,21.654666666666667,21.724322580645165,21.52437263110601,4.1336290930614155,4.133790527782891,4.119994473221502,20.977500000000003,21.339573770491803,21.417800673594773,4.062441821394603,4.097782902728152,4.099564641279813,7.565486673069879
2023-08-01,sz001319,22.15,21.77,22.24,21.68,14312,30577622.0,2.55,-0.96,-0.21,2.61,4.155700327559317,-0.07990386178052056,21.808,21.863333333333337,21.78373874734632,4.289481835752784,4.2990741997874355,4.232775642529102,21.526000000000003,21.66690909090909,21.714653810185602,4.097169946117775,4.190804562188015,4.1809826719638155,21.799500000000002,21.698428571428572,21.6442829078122,4.123303149589995,4.131428823629152,4.1410186252098065,21.687,21.731763440860217,21.540219558131433,4.14271030866056,4.135214478395659,4.1222980767271675,21.016666666666666,21.365557377049182,21.429348192493304,4.06796589289343,4.100840558667979,4.101405155584059,7.485403707615375
2023-08-02,sz001319,21.63,21.86,22.01,21.4,9063,19200886.2,2.8,0.41,0.09,1.65,3.957271979992943,-0.19842834756637417,21.928,21.880666666666666,21.809159164897547,4.309204734933211,4.188337581200822,4.140941088350383,21.546,21.727636363636364,21.741080390151858,4.100479557086878,4.165368568347137,4.1403080006963835,21.796,21.704190476190472,21.66482739278247,4.112747767947004,4.115616331286576,4.123518944712962,21.718,21.742924731182793,21.56085055438102,4.142299299165374,4.123250715255812,4.111651231776572,21.057833333333335,21.39320765027322,21.443467923886967,4.072364173376226,4.097211250048291,4.096679477695826,7.283321273645634
2023-08-03,sz001319,21.61,21.57,21.94,21.47,7939,16691491.0,2.15,-1.33,-0.29,1.45,3.899765801944386,-0.057506178048556844,21.808,21.76133333333333,21.729439443265033,4.151997012170673,4.0518579368712135,4.0605493262150505,21.59,21.732,21.7099748646697,4.096309963346584,4.12887515832123,4.096573055468747,21.763,21.682666666666666,21.655796212517473,4.097800455171204,4.095332334524422,4.102209121592145,21.723333333333336,21.73337634408602,21.561440841195147,4.126858455376068,4.107603392854458,4.097981204045464,21.07283333333333,21.409999999999997,21.447616516546407,4.06255132647861,4.0915522870505265,4.090223291605614,7.222495132613973
2023-08-04,sz001319,21.66,21.37,21.69,21.28,8947,18652848.16,1.9,-0.93,-0.2,1.63,3.951677437343301,0.05191163539891486,21.71,21.615333333333336,21.609626295510026,4.040003947235957,3.9850847452620903,4.024258696591135,21.64,21.692,21.648161252911574,4.111289336368389,4.1025783354115415,4.070228397627757,21.731500000000004,21.645238095238096,21.628577525611046,4.091749779287725,4.081415856636051,4.087872770711303,21.721333333333334,21.71058064516129,21.54908981918256,4.113048555897424,4.096301391691054,4.088542251355002,21.081833333333336,21.419743169398902,21.445071712725213,4.055699864991742,4.08791707757068,4.08568080458062,7.270745154950641
2023-08-07,sz001319,21.45,21.14,21.45,21.1,6764,13935835.12,1.64,-1.08,-0.23,1.23,3.830203598925704,-0.12147383841759662,21.542,21.425333333333334,21.453084197006685,3.95892382915313,3.915151295825339,3.9595736640359913,21.674,21.601090909090914,21.555768297836742,4.121759369375029,4.05147183769469,4.026587525136474,21.6965,21.58890476190476,21.582046332695707,4.0826370803239715,4.056506696601573,4.063332849588865,21.724,21.673075268817204,21.522696927622395,4.100234277681843,4.078053329950944,4.071875241520854,21.097666666666665,21.421650273224042,21.43506936148832,4.049228104187188,4.080523757371794,4.077304502755869,7.144132999395952
2023-08-08,sz001319,21.14,20.88,21.32,20.81,7064,14402183.57,2.41,-1.23,-0.26,1.29,3.8490506905695123,0.018847091643808156,21.364,21.204666666666665,21.262056131337793,3.8975939017551697,3.8785269162974667,3.9227326728804988,21.586000000000002,21.456727272727274,21.432901334593698,4.093537868753977,4.001888441548233,3.9943081006697536,21.610500000000002,21.511142857142858,21.51518477720088,4.056848937039381,4.034260373767815,4.042925024920356,21.713666666666665,21.61862365591398,21.481232609711274,4.096915682371613,4.061847937234019,4.057499464040123,21.112166666666667,21.41451366120219,21.416870366029688,4.048961537001794,4.0739605634826885,4.069820771208775,7.158428342130637
2023-08-09,sz001319,20.96,20.62,20.96,20.55,6541,13115908.82,1.96,-1.25,-0.26,1.19,3.8156441491319653,-0.033406541437547066,21.116000000000003,20.956666666666667,21.048037420891866,3.869268335582974,3.851210332089732,3.887036498297655,21.522,21.28109090909091,21.285101091940298,4.089236535258093,3.9513623107078666,3.961823745844701,21.5195,21.416809523809523,21.429929084134127,4.028791350801994,4.011288489205203,4.021279227226223,21.68566666666667,21.548064516129035,21.425669215536356,4.087212664006083,4.043701386702429,4.041895895336371,21.115166666666664,21.398377049180322,21.39074346878281,4.0460447796820125,4.066310813060727,4.061487111468551,7.1177983888521235
2023-08-10,sz001319,20.85,20.6,20.85,20.51,5395,10787932.0,1.65,-0.1,-0.02,0.98,3.7319914490189294,-0.08365270011303583,20.922,20.784666666666666,20.898691613927912,3.8357134649978826,3.805451369901717,3.8353548152047465,21.365000000000002,21.11345454545454,21.160537257042062,3.9938552385842767,3.886408658664382,3.9200360555127425,21.439999999999998,21.329238095238097,21.350888218978497,4.008723559973626,3.98302183189253,3.9937280102541,21.651666666666667,21.47802150537634,21.37240023388885,4.0721226646127935,4.020783888961322,4.021902060090084,21.12316666666667,21.38148633879782,21.36481745341288,4.043950737413161,4.056013982547184,4.050683974994793,7.0329382002838345
2023-08-11,sz001319,20.74,20.3,20.74,20.29,8000,15856605.0,2.18,-1.46,-0.3,1.46,3.9030899869919438,0.17109853797301433,20.708000000000002,20.577333333333332,20.69912774261861,3.8259959749276105,3.8279102105664036,3.8579332058004794,21.209,20.91981818181818,21.004075937579866,3.9329999610817836,3.869905885647594,3.9169549521453244,21.362000000000002,21.220666666666666,21.250803626694832,4.001155067461254,3.9729614916085603,3.985095817562466,21.609666666666666,21.390817204301076,21.303213122025053,4.065106473619172,4.009878554921266,4.0142367650514945,21.125333333333334,21.354497267759562,21.329905405759998,4.044673261093076,4.051395597287471,4.045844827847159,7.20021020772325
2023-08-14,sz001319,20.46,20.37,20.46,19.98,6926,13521131.68,2.36,0.34,0.07,1.26,3.840482487213442,-0.06260749977850155,20.554000000000002,20.46466666666667,20.589418495079077,3.8280517525851585,3.832739047995014,3.8521162996048006,21.048000000000002,20.76727272727273,20.888789403474433,3.893487790869144,3.853084526762441,3.9030508676122544,21.3,21.126190476190477,21.166917567009612,3.991883191896826,3.9576593411087693,3.9713231194339875,21.565,21.310838709677423,21.243005823829886,4.056214426606989,3.9953866848305744,4.003026811642588,21.125500000000002,21.32973224043716,21.298433097374424,4.043130777628259,4.0447008178160075,4.039111636350971,7.131013042331273
2023-08-15,sz001319,20.37,20.54,20.55,20.15,5425,10731680.76,1.96,0.83,0.17,0.99,3.734399742520567,-0.10608274469287515,20.486,20.459999999999997,20.57294566338605,3.805121562975369,3.8015217113068176,3.8128774472433897,20.925,20.674909090909093,20.825373148297263,3.85135773236527,3.8241594270626997,3.872387026686493,21.2255,21.053809523809523,21.107211132056314,3.974263839241523,3.93313710783484,3.948758988299376,21.508,21.24470967741935,21.19765060938925,4.032654677181754,3.97462444714758,3.9856960329895545,21.128833333333333,21.310535519125683,21.273566438444114,4.043199145635316,4.034578488796084,4.029121082454892,7.030667745044204
2023-08-16,sz001319,20.53,20.0,20.53,19.92,9892,19418067.92,2.97,-2.63,-0.54,1.8,3.9952841076892596,0.2608843651686925,20.362000000000002,20.298000000000002,20.3819637755907,3.8410495546868284,3.8649092262114473,3.8736796673920133,20.739,20.50672727272727,20.675305303152307,3.855158945134901,3.8503278589397887,3.894731950505178,21.142500000000002,20.93709523809524,21.001762452812855,3.9778192511108896,3.9351390381631957,3.9531899520507934,21.443666666666665,21.14741935483871,21.12038282813833,4.026884827009637,3.972213442664193,3.9863146184540517,21.120166666666666,21.273524590163937,21.23181016177381,4.043556106599548,4.033007503945393,4.028011673446183,7.288206015817834
2023-08-17,sz001319,19.94,20.51,20.55,19.8,11283,22143503.52,3.75,2.55,0.51,2.05,4.0524245881420615,0.057140480452801956,20.344,20.347333333333335,20.42464251706047,3.9051361825114546,3.935367570696525,3.9332613076420295,20.633000000000003,20.465090909090907,20.64524979348825,3.870424823754669,3.8861943394865452,3.923403339166429,21.1115,20.876857142857144,20.954927933497345,3.983367393550626,3.94224430835664,3.962640869773771,21.386333333333333,21.087182795698922,21.081003290839085,4.0220085780323585,3.973861169188865,3.990579777788762,21.121833333333335,21.253519125683063,21.208144254830408,4.047001216102471,4.033298273832034,4.028812096878834,7.345246335559289
2023-08-18,sz001319,20.51,20.57,20.89,20.49,10509,21104420.75,1.95,0.29,0.06,1.91,4.021561392037355,-0.03086319610470678,20.398000000000003,20.422666666666668,20.473095011373648,3.928830463520537,3.9741759738718248,3.9626946691071385,20.553,20.453636363636363,20.631568012854025,3.8774132192240742,3.9136737155379433,3.9412502578702333,21.0965,20.825285714285712,20.918268130307123,3.994351277796232,3.945881832022043,3.968252348084589,21.338666666666665,21.03451612903226,21.048035336591404,4.020304259266508,3.97383231847951,3.9925785916112524,21.124333333333333,21.235426229508196,21.18722149237695,4.048153016029376,4.032464181239734,4.0285743688512445,7.324373436635845
2023-08-21,sz001319,20.58,20.51,20.86,20.51,5299,10616824.0,1.7,-0.29,-0.06,0.96,3.7241939195143297,-0.2973674725230251,20.426,20.459999999999997,20.4853966742491,3.9055727499807142,3.9059637925364217,3.883194419242869,20.490000000000002,20.445818181818183,20.609464737789658,3.866812251282936,3.885815661045262,3.9017854690782507,21.082,20.76942857142857,20.879385451230252,3.994285810328983,3.920152559804719,3.9450086882207547,21.294333333333334,20.981053763440862,21.01332337939196,4.010695470643627,3.954728425592273,3.9752634514759673,21.120333333333335,21.215284153005467,21.165017509020327,4.0419364501451,4.02184257151793,4.018594681987739,7.025994617916434
2023-08-22,sz001319,20.7,20.52,20.7,20.1,6938,13685375.7,2.93,0.05,0.01,1.26,3.841234295506041,0.11704037599171135,20.422000000000004,20.491333333333333,20.496931116166067,3.9269396605778093,3.8845176410448645,3.8692077113305934,20.454,20.451272727272727,20.5931984218279,3.8660306117765892,3.8811651236312814,3.890776164792394,21.020000000000003,20.715904761904763,20.845158265398798,3.979784240265283,3.9055762250596775,3.935125412724115,21.225,20.931096774193552,20.98149606459248,3.9932428286184503,3.9437954465511376,3.966616409155327,21.1145,21.195601092896172,21.14386939397048,4.035195598999647,4.015262173005174,4.012779587348995,7.136256724449627
2023-08-23,sz001319,20.45,20.28,20.64,20.25,6142,12204463.3,1.9,-1.17,-0.24,1.12,3.78830981210705,-0.05292448339899103,20.478,20.444,20.42462074411071,3.885544801461367,3.8383076915546117,3.8422417449227457,20.419999999999998,20.419636363636368,20.536253254222824,3.863297178074098,3.86703406914591,3.872145918849604,20.971,20.64542857142857,20.79133366869415,3.976266856666095,3.887340565235083,3.9211429745701087,21.153000000000002,20.870129032258067,20.936238253973613,3.973626626559361,3.930573961614919,3.955112757732858,21.113666666666667,21.168240437158474,21.115545807282924,4.031533324098792,4.007167557041482,4.005419922586964,7.086518685762759
2023-08-24,sz001319,20.28,20.31,20.55,19.87,9680,19036005.0,3.35,0.15,0.03,1.76,3.9858753573083936,0.19756554520134362,20.438,20.387999999999998,20.386413829407143,3.8722349552946342,3.871751210170287,3.8901196157179623,20.391,20.399636363636365,20.495116298909583,3.888685568903045,3.8893210108248732,3.8928239985693835,20.878,20.582476190476193,20.745492366913755,3.9412704037436606,3.88825566053435,3.9273079634023262,21.090333333333334,20.81574193548387,20.895835785975315,3.9687108962834325,3.931364202308405,3.957097441576441,21.10966666666667,21.141890710382512,21.08913446933922,4.029690857877344,4.005670574523764,4.0047791171679945,7.27957581019859
2023-08-25,sz001319,20.31,19.53,20.44,19.52,11001,21106108.76,4.53,-3.84,-0.78,2.0,4.041432164680265,0.05555680737187174,20.23,20.08533333333333,20.100942552938097,3.876209109823216,3.928150279965498,3.9405571320387303,20.314,20.243090909090906,20.31964060819875,3.9025197866718764,3.917093119148004,3.9198436651349984,20.7615,20.454095238095235,20.629731189112444,3.9177598738768302,3.8977948758616456,3.938176934952606,21.012666666666668,20.715075268817206,20.80771734817046,3.968276640531462,3.9360558970436843,3.9625383914541072,21.0985,21.09009836065574,21.038015306410067,4.031002259732704,4.006055535402548,4.005980856430692,7.324408171733334
2023-08-28,sz001319,20.85,19.7,20.85,19.61,8513,16563847.56,6.35,0.87,0.17,1.55,3.930082633392371,-0.11134953128789427,20.068,19.908666666666665,19.967295035292068,3.917386852598824,3.946108121155216,3.9370656324899445,20.247,20.131454545454545,20.20697867943534,3.9114798012897696,3.9221045458244572,3.921705295727248,20.6475,20.352999999999994,20.541185361577927,3.902483796079457,3.8989684720059823,3.9374060490897267,20.949,20.630387096774196,20.736251712804624,3.9650820616944737,3.9335917675508396,3.9604444715791565,21.089666666666666,21.04424590163934,20.99414595210154,4.0321766606430405,4.002746695194668,4.003492390101567,7.219161224960293
2023-08-29,sz001319,19.71,20.85,20.89,19.69,17957,35923855.53,6.09,5.84,1.15,3.27,4.254233782650147,0.32415114925777555,20.134,20.169333333333334,20.261530023528046,3.999986750027645,4.058390431172324,4.042788349210012,20.278,20.241090909090904,20.323891646810733,3.9634632053027268,3.984423451526345,3.98216502062232,20.601499999999998,20.372285714285717,20.57059627952289,3.907410468833999,3.932468470727001,3.9675801189526236,20.90966666666667,20.623999999999995,20.74359031197852,3.9706636279285914,3.952246717289915,3.979398620680511,21.092499999999998,21.036387978142077,20.989419855311326,4.0368980414481195,4.010027256571951,4.011713419365455,7.555382941178623
2023-08-30,sz001319,20.92,21.19,21.4,20.86,11473,23671806.0,2.59,1.63,0.34,2.09,4.059676993584756,-0.1945567890653903,20.316,20.521333333333335,20.571020015685367,4.054260186323186,4.078287179024694,4.048417897334927,20.397,20.40690909090909,20.481365892845144,3.9699024938922767,4.001916867577623,3.99625810661549,20.568,20.42833333333333,20.62958711004452,3.912530719513589,3.9469700445127867,3.97635124986997,20.894,20.642086021505374,20.772390937012165,3.9751803320380192,3.9579895150741837,3.9845778705453014,21.103,21.039584699453552,20.995996253497836,4.0424377046278055,4.010774107461676,4.013285995569366,7.374231392948676
2023-08-31,sz001319,21.11,21.27,21.35,21.11,8216,16958571.67,1.13,0.38,0.08,1.5,3.9146604305892216,-0.14501656299553467,20.508000000000003,20.839333333333336,20.804013343790245,4.040017200979352,4.031753927113372,4.0038320750863585,20.473000000000003,20.565636363636365,20.624753912327844,3.956126078136993,3.991872856067977,3.9814221655198043,20.553,20.495190476190476,20.690578813849804,3.91327545094583,3.9471728741390377,3.9704759337479936,20.898666666666664,20.666344086021507,20.80449474752751,3.974286955079415,3.9540850053032943,3.98006706796749,21.124833333333335,21.045060109289622,21.00497998289135,4.042160290447265,4.006584688640739,4.01005237048805,7.229389271154212
2023-09-01,sz001319,21.1,21.42,21.53,21.1,9094,18906013.0,2.02,0.71,0.15,1.66,3.9587549498690895,0.04409451927986785,20.886,21.143333333333334,21.0093422291935,4.023481758017117,4.004666510076618,3.9888063666806026,20.558,20.737818181818184,20.769344110086415,3.9498454339201663,3.9923508327465393,3.9773008535833103,20.555500000000002,20.577761904761903,20.76004749824506,3.91362932657212,3.9515042549888726,3.9693596495690504,20.916999999999998,20.699978494623654,20.84420476381606,3.97951599650421,3.9530829404510146,3.978692092606303,21.15683333333333,21.05473770491803,21.018587196567044,4.040985849707517,4.003850087310308,4.008370487844806,7.276599952183811
2023-09-04,sz001319,21.58,21.4,21.59,21.22,6819,14148297.0,1.73,-0.09,-0.02,1.24,3.833720690444633,-0.12503425942445645,21.226000000000003,21.314666666666668,21.139561486129,4.004209369427569,3.9414128208857897,3.937111141268613,20.647,20.89090909090909,20.884008817343428,3.9607981110131973,3.9712372430237153,3.951195369376278,20.5685,20.658190476190473,20.820995355555056,3.9138051811480663,3.9438939086910167,3.956441653461963,20.937,20.73113978494624,20.880062520989217,3.9831232438903874,3.9436767916729782,3.969339098918454,21.190833333333334,21.062710382513668,21.031092534384516,4.043819512458433,3.997054508318082,4.002644264979226,7.150704167915918
2023-09-05,sz001319,21.4,21.31,21.58,21.26,4458,9263261.84,1.5,-0.42,-0.09,0.81,3.649140064144219,-0.18458062630041416,21.318,21.342666666666666,21.196374324086,3.883190625726384,3.82305638579134,3.841120782227149,20.726000000000003,21.011454545454544,20.96146175964462,3.9415886878770143,3.914572143592992,3.8962762229704486,20.59,20.728809523809524,20.867567226454575,3.903809649826802,3.918687707071602,3.9271748354317015,20.922,20.75520430107527,20.90780042286088,3.9670523894691936,3.9221294897538703,3.9486810966749553,21.218833333333333,21.0666174863388,21.040237041453874,4.040943346905864,3.9841141985372883,3.9910539633125044,6.966763940210285
2023-09-06,sz001319,21.39,21.41,21.55,21.22,6955,14477128.0,1.55,0.47,0.1,1.27,3.8422971343280654,0.19315707018384654,21.362000000000002,21.373333333333335,21.267582882724003,3.8397146538750455,3.8094252219919,3.8415128995941212,20.839000000000002,21.135818181818184,21.043014166981962,3.9469874200991164,3.896519133856819,3.8864618432172877,20.6295,20.80690476190476,20.91922749060176,3.9051422990866067,3.912829372262199,3.919091244850403,20.927000000000003,20.78668817204301,20.940200395579534,3.966507044477102,3.9140807636157326,3.9418176152332207,21.23116666666667,21.072885245901638,21.052360417143912,4.0317107713349944,3.9776012079609666,3.9861766902310474,7.160682414246205
2023-09-07,sz001319,21.41,20.93,21.49,20.91,7163,14654094.0,2.71,-2.24,-0.48,1.3,3.855094951158622,0.012797816830556474,21.294,21.22933333333333,21.155055255149335,3.8278015579889257,3.8145519877530925,3.8460402501156215,20.901000000000003,21.152363636363635,21.022466136621603,3.933909379484139,3.8798114122312746,3.880758771933894,20.646,20.83552380952381,20.920253443877783,3.9112974741935913,3.908062958173819,3.9129963597369004,20.885666666666665,20.786881720430106,20.939542305542147,3.9388167289904867,3.906892886627444,3.936222604647763,21.230333333333338,21.063010928961756,21.048348600188373,4.023735546061166,3.9718105253322333,3.981878928294247,7.1659589730328195
2023-09-08,sz001319,20.9,20.96,21.1,20.81,6091,12412119.0,1.39,0.14,0.03,1.11,3.7846885995014214,-0.07040635165720044,21.202,21.118,21.090036836766224,3.792988287915392,3.80018100159059,3.8255896999108883,21.044,21.163090909090908,21.011108657235855,3.9082350229662546,3.8526803613253264,3.8632914678552623,20.679000000000002,20.865428571428573,20.92403883017514,3.9053774048190655,3.8960049701078976,3.9007765730478074,20.855666666666668,20.791677419354837,20.940862156797493,3.914584923573305,3.896949136337827,3.9264462172189667,21.235333333333333,21.054147540983603,21.045451924772358,4.0192623819948,3.963972920526995,3.9754136716125146,7.093845930688764
2023-09-11,sz001319,20.96,21.97,22.34,20.83,34332,72717891.52,7.2,4.82,1.01,6.25,4.535699103852887,0.7510105043514659,21.316,21.374000000000002,21.383357891177482,3.9333839705970433,4.047751273569756,4.062292834558221,21.270999999999997,21.331454545454545,21.185452537738428,3.9687966700123063,3.96676473966835,3.9855474016730117,20.759,20.98838095238095,21.023654179682268,3.9401382356510375,3.9560356081111197,3.961245385505434,20.855333333333338,20.863569892473116,21.00725814668153,3.9245880873904064,3.9370210189365094,3.9657528550663166,21.255,21.0782349726776,21.075764976419165,4.029108590225911,3.980905272063326,3.99378368578433,7.861641277880239
2023-09-12,sz001319,22.2,22.14,22.34,21.6,29116,62418324.0,3.37,0.77,0.17,5.3,4.464131710707957,-0.07156739314493077,21.482000000000003,21.648666666666667,21.635571927451657,4.09638229990979,4.224667186940061,4.196239126608133,21.4,21.489454545454546,21.359006621785987,3.9897864628180875,4.056825656158469,4.072562730588456,20.839,21.119904761904763,21.129972829236337,3.976624834060407,4.005939748592731,4.009139321239008,20.86766666666667,20.94645161290322,21.080338266250465,3.9348691334953614,3.971830284956997,3.9979063296238415,21.277333333333335,21.10725136612022,21.110657928011978,4.03878972107796,3.9951683251938848,4.009204932503137,7.795312103205896
2023-09-13,sz001319,22.03,21.73,22.25,21.42,18028,38257081.6,3.75,-1.85,-0.41,3.28,4.25594754939894,-0.20818416130901696,21.546,21.731333333333335,21.66704795163444,4.179112382923965,4.277855603436444,4.216141934205069,21.454,21.549454545454545,21.42645996327944,4.009413518399506,4.105218580991351,4.105905424917634,20.9255,21.204761904761906,21.187118274070972,3.9896580061458913,4.032541911958305,4.032644866778049,20.863333333333337,21.002086021505374,21.12225192649237,3.9448249858088946,3.9925450214669045,4.014554150254493,21.290666666666667,21.122092896174866,21.130964225454207,4.043562142487135,4.002288253991294,4.017294854368573,7.582711837271058
2023-09-14,sz001319,21.55,22.16,23.37,21.36,42618,92551309.64,9.25,1.98,0.43,7.76,4.6295930650556985,0.37364551565675885,21.792,21.936,21.83136530108963,4.33401200570338,4.428015830813687,4.353958977821946,21.543,21.67781818181818,21.559830879046814,4.080906781846153,4.217978498565204,4.201121359488191,21.008000000000003,21.322333333333333,21.279773676540405,4.018516429991573,4.093488108044954,4.089497076137825,20.883,21.08574193548387,21.18920341510577,3.9691525612459384,4.036723607224764,4.054234080241668,21.303166666666662,21.150595628415303,21.164703103308167,4.048005508311003,4.021502382600099,4.037370205538642,7.966382568582182
2023-09-15,sz001319,22.21,22.35,22.68,21.82,45617,98696048.56,3.88,0.86,0.19,8.31,4.659126720522243,0.02953365546654485,22.07,22.122,22.004243534059754,4.508899629907544,4.536387402419975,4.455681558722045,21.636000000000003,21.824545454545458,21.703497991947394,4.150943958911468,4.323109396506311,4.284395061494382,21.097,21.45014285714286,21.38169999306037,4.050394696415817,4.154498611905017,4.143747518460151,20.915666666666667,21.18038709677419,21.26409351735701,3.9927342040185696,4.0812380691135575,4.093259411872673,21.318500000000004,21.184918032786886,21.203565296642324,4.052891379957996,4.041539143656205,4.057755665046301,7.994299765405805
2023-09-18,sz001319,22.15,24.53,24.53,21.96,58601,136386089.05,11.5,9.75,2.18,10.67,4.767905027123489,0.10877830660124577,22.582,22.942,22.846162356039837,4.555340814561665,4.62272253482529,4.559756048189193,21.949,22.350727272727273,22.21740744795696,4.2443623925793545,4.435284136181225,4.372305964336038,21.298000000000002,21.777095238095235,21.681538088959382,4.102580251796275,4.222832929115271,4.203191090713802,21.028666666666666,21.413569892473117,21.474797161398495,4.023990918291829,4.131249089959036,4.136784935437242,21.37633333333333,21.2902131147541,21.3126287295393,4.062112597986836,4.064982214055075,4.081039250688176,8.134770075914911
2023-09-19,sz001319,26.92,26.92,26.92,26.92,26223,69019883.52,0.0,9.74,2.39,4.78,4.418682374955734,-0.3492226521677555,23.538,24.388,24.204108237359893,4.54625094741122,4.577169721623312,4.512731490444708,22.509999999999998,23.254545454545454,23.072424275601147,4.321316623660506,4.466978678431475,4.380738038994164,21.618000000000002,22.312523809523807,22.180439223344205,4.13145265576876,4.252937893225696,4.223714070165414,21.23,21.793655913978494,21.82610057034053,4.042978641104703,4.156713054905095,4.15497186701908,21.471833333333336,21.471972677595627,21.496476967915058,4.069947161738158,4.076673026414711,4.092109517057604,7.838974222027853
2023-09-20,sz001319,29.55,26.89,29.55,26.86,259068,722684406.57,9.99,-0.11,-0.03,47.17,5.413413772377225,0.9947313974214911,24.57,25.505333333333333,25.099405491573265,4.777744192006878,4.86622399661198,4.812958917755546,23.058,24.050909090909094,23.766528952764574,4.478428287465421,4.665541796379969,4.5684972632456295,21.948500000000003,22.81461904761905,22.628968821120946,4.212707853782269,4.375029428140788,4.337018803709396,21.439,22.158817204301076,22.152803759350817,4.096237628546212,4.245128224664612,4.236161667364767,21.562333333333335,21.649617486338798,21.673313788639156,4.091725146276148,4.120721112009433,4.135430968051689,8.858948684005865
2023-09-21,sz001319,25.08,25.14,26.42,24.26,198339,492084234.35,8.03,-6.51,-1.75,36.12,5.297408119245396,-0.11600565313182898,25.166,25.695333333333334,25.112936994382178,4.911307202844817,5.039445305691487,4.97444198491883,23.479,24.429454545454547,24.01625096135283,4.622659604274099,4.814447220339964,4.701026509791042,22.19,23.118571428571432,22.868114647680855,4.278284491879119,4.478334215327753,4.428484452808063,21.590333333333334,22.397591397849464,22.345526097457217,4.148418184220428,4.3226230950323,4.304629180389324,21.621,21.76691803278689,21.786975631634593,4.110270424416611,4.160251701287114,4.173528579566236,8.69203945110504
2023-09-22,sz001319,25.19,24.49,27.14,24.22,187001,465522058.59,11.61,-2.59,-0.65,34.05,5.271843928960674,-0.025564190284721455,25.594,25.470000000000002,24.905291329588117,5.033850644532504,5.159624214396772,5.0735759662661115,23.832,24.613272727272726,24.10238715019777,4.771375137220025,4.932480733919342,4.8048114950946115,22.438,23.337619047619047,23.022579919330298,4.339805080093139,4.572958923621234,4.508804402917836,21.73,22.584666666666664,22.483879252459978,4.1940433156193855,4.395102175338123,4.367030131910057,21.669833333333333,21.860983606557383,21.875599381417064,4.129574894619279,4.19833607848528,4.209538918890644,8.667940264687806
2023-09-25,sz001319,24.1,26.88,26.88,24.1,170015,420040175.13,11.35,9.76,2.39,30.96,5.230487239789125,-0.041356689171549554,26.064,25.898666666666667,25.563527553058748,5.12636708706563,5.225169746148979,5.125879724107117,24.323,25.167454545454547,24.60740766834363,4.840853950813648,5.015955661659179,4.882207085039068,22.797,23.760666666666665,23.38995326034646,4.404825310412977,4.657785795973233,4.577536101667482,21.947,22.916924731182792,22.767499945849657,4.2403768073719075,4.461969525284559,4.422737042095804,21.755999999999997,22.031808743169403,22.039678090223063,4.148295616989448,4.2344315652121605,4.243012634329938,8.62329083088084
2023-09-26,sz001319,26.26,25.2,26.49,25.0,164823,413712490.3,5.54,-6.25,-1.68,30.01,5.217017814619085,-0.01346942517003935,25.72,25.610666666666663,25.442351702039165,5.286034174998301,5.255386655333464,5.156259087611106,24.628999999999998,25.32690909090909,24.715151728644788,4.916142561204761,5.084349091441985,4.943081763144526,23.0145,23.98952380952381,23.562338664122986,4.452964512011424,4.735137463040481,4.638439121948586,22.102333333333334,23.126795698924735,22.924435433214196,4.289797409775192,4.524978622526311,4.473980962903758,21.805166666666665,22.144726775956283,22.14329520201903,4.1612260434784725,4.26947163726559,4.274947230404992,8.616698632779684
2023-09-27,sz001319,24.61,25.52,26.39,24.5,151078,377366436.8,7.5,1.27,0.32,27.51,5.179201226918573,-0.03781658770051255,25.446,25.543999999999997,25.46823446802611,5.239191665906571,5.219775672640222,5.163906467380262,25.008000000000003,25.488909090909093,24.8614877779821,5.008467928956724,5.1321779397535865,4.9860125747398065,23.231,24.228142857142856,23.74878260087318,4.508940723678114,4.80430286446021,4.689940274802871,22.286333333333335,23.347290322580644,23.091891211716508,4.329261313749502,4.582359513954917,4.519479044453101,21.865000000000002,22.266524590163936,22.254006834739716,4.17807307037957,4.302847872788218,4.30459490242183,8.576763271131645
2023-09-28,sz001319,25.52,25.73,26.56,24.49,128946,323009663.96,8.11,0.82,0.21,23.48,5.110407874547849,-0.06879335237072404,25.564,25.63866666666667,25.55548964535074,5.2017916169670615,5.176847742187315,5.146073603102791,25.365000000000002,25.620181818181816,25.019399091076263,5.056549409905939,5.1507124753156095,5.008629901977632,23.454,24.46614285714286,23.937469972218594,4.568728095876047,4.861585450257327,4.729984808111917,22.46033333333333,23.569462365591395,23.26209177870254,4.364527423296362,4.632756066264488,4.557603485104376,21.923333333333336,22.393245901639343,22.367973823764643,4.19326800066436,4.3334162270232435,4.331014999868585,8.509215515958708
2023-10-09,sz001319,27.6,28.24,28.24,27.22,147815,405176310.02,3.96,9.76,2.51,26.92,5.169718507717005,0.05931063316915619,26.314,26.530666666666665,26.45032643023383,5.181366532718327,5.1661567057706295,5.153955237974197,25.953999999999997,26.142909090909093,25.604962892698758,5.107608588625416,5.171288674917622,5.037918739384791,23.794999999999998,24.921952380952384,24.347234736769202,4.629276273768442,4.9188226323374185,4.771864208074306,22.716,23.942344086021507,23.583247147818504,4.4027993271523505,4.684703878162593,4.597094776885835,22.027333333333335,22.60034972677596,22.5604992721658,4.211551793209429,4.36543099774628,4.358513475535746,8.607644044959818
2023-10-10,sz001319,28.6,27.27,29.27,26.98,204328,557681641.99,8.11,-3.43,-0.97,37.21,5.310327884068905,0.1406093763519003,26.391999999999996,26.849333333333334,26.723550953489223,5.197334661574283,5.209143822887488,5.2060794533391,26.227999999999998,26.382181818181824,25.90769691220807,5.161850874319957,5.20814672863462,5.087447674781902,24.0885,25.252904761904766,24.62559333326737,4.703106633449655,4.983684690461272,4.823146462930934,22.941333333333333,24.236150537634412,23.82110217053989,4.455670459304169,4.74325410764108,4.643109816058937,22.117833333333333,22.77224043715847,22.71490913209479,4.2331829649738975,4.401456443348231,4.3897205053237185,8.74638634842976
2023-10-11,sz001319,26.2,25.6,26.5,25.21,121911,305955652.16,4.73,-6.12,-1.67,22.2,5.0860428936722775,-0.22428499039662775,26.472,26.58533333333333,26.34903396899282,5.171139677384922,5.172046566920153,5.166067266783493,26.095999999999997,26.268,25.85175201907933,5.228586926191611,5.194363459425951,5.087192260034698,24.303,25.396857142857144,24.71839396819429,4.774951774926058,5.020154810482474,4.848184218239633,23.110666666666667,24.407677419354837,23.935869772440544,4.497164079243044,4.783923296955153,4.671686143646895,22.16783333333333,22.886409836065575,22.809502275304794,4.245203453930746,4.429419063961292,4.412550747564655,8.48565848067117
2023-10-12,sz001319,25.3,26.01,26.15,24.9,97949,244679670.92,4.88,1.6,0.41,17.84,4.991000006469613,-0.09504288720266452,26.57,26.43133333333333,26.236022645995213,5.13349943329513,5.1120000099483835,5.107711513345533,26.008,26.25236363636364,25.880524379246726,5.18634554960085,5.151165837658314,5.0697027593865,24.533,25.55942857142857,24.841404066461504,4.832386918533136,5.0407308325342415,4.861785721880584,23.301666666666666,24.594731182795694,24.069684625831478,4.537253752388463,4.815783679356867,4.692287038022554,22.227333333333334,23.01238251366121,22.914436626934144,4.255440189473912,4.453871409946173,4.431516297036948,8.388597887725208
2023-10-13,sz001319,25.57,27.2,28.31,25.4,142390,370945521.63,11.19,4.58,1.19,25.93,5.153479490021924,0.16247948355231134,26.863999999999997,26.641333333333332,26.557348430663478,5.142113756389945,5.118660028857315,5.122967505570998,26.214,26.46909090909091,26.1204290375655,5.1719526866785035,5.145190190462148,5.084934892229304,24.8465,25.81342857142857,25.066032250608025,4.897306145476302,5.071311077437936,4.889566080751187,23.531333333333336,24.846236559139786,24.271640456422997,4.576173890145581,4.855540178559025,4.722041389764449,22.31083333333333,23.175420765027326,23.05494690146089,4.272442393214506,4.48331532143955,4.455187221397111,8.569310132276073
2023-10-16,sz001319,26.9,25.86,27.16,25.7,101347,260782065.51,5.37,-4.93,-1.34,18.45,5.0058108975506945,-0.14766859247122976,26.387999999999998,26.30666666666667,26.32489895377565,5.109332234356683,5.073225742577565,5.083915302897564,26.351,26.40472727272728,26.073078303462683,5.145349383537505,5.114982592438909,5.070548711378647,25.0915,25.909952380952383,25.141648226740593,4.958362260378765,5.081644863349782,4.900637015684474,23.74233333333333,24.99647311827957,24.37411526568603,4.608319847907928,4.883258695165807,4.740349099944207,22.3775,23.2917868852459,23.146915855511352,4.288298244219694,4.50736019043418,4.473240456680834,8.416277720810404
2023-10-17,sz001319,26.0,23.77,26.0,23.34,118235,277030722.8,10.29,-8.08,-2.09,21.53,5.0727460557063395,0.06693515815564499,25.688,25.434,25.473265969183768,5.061815868684169,5.061030349694117,5.080192220500489,26.04,25.935454545454547,25.654336793742196,5.129575265129227,5.101781987378697,5.0709482285291365,25.1815,25.784095238095237,25.011015062289108,4.985214607971438,5.092538558142885,4.917028352829413,23.878,24.998258064516133,24.335140087254675,4.646408628651727,4.913221676314092,4.761794064832087,22.4135,23.337442622950814,23.167344843855243,4.3057453451731,4.533079790810791,4.492896377960358,8.442527935138903
2023-10-18,sz001319,23.53,26.09,26.09,22.62,119297,292510569.66,14.6,9.76,2.32,21.72,5.076629522464746,0.003883466758406229,25.786,25.567999999999998,25.678843979455845,5.059933194442663,5.0659682342876415,5.079004654488575,26.129,25.94454545454545,25.73354828578907,5.115536435913793,5.092155488712428,5.071981191062884,25.379,25.870619047619048,25.113775532547287,5.015839498559276,5.101244740475581,4.932228464223254,24.052666666666664,25.140967741935487,24.44835685581889,4.673821819978881,4.940977863011706,4.782106029840646,22.481166666666663,23.457983606557377,23.263169603073102,4.322242723953735,4.558354681869535,4.512035169583453,8.466141563621886
2023-10-19,sz001319,26.58,26.72,28.1,26.2,204212,537491882.74,7.28,2.41,0.63,37.19,5.31008125871396,0.23345173624921411,25.927999999999997,25.87933333333334,26.025895986303897,5.123749444891533,5.1493509223780745,5.15603018923037,26.249000000000002,26.052,25.912903142918328,5.128624439093331,5.127527274676094,5.115272112453988,25.628500000000003,25.99833333333333,25.26674929135231,5.068546184025028,5.129267765252216,4.96821444465094,24.237000000000002,25.313053763440863,24.594914478024123,4.715501962149855,4.982026859059131,4.816168947832473,22.5655,23.596961748633877,23.37650830461169,4.345341147093936,4.590742830550196,4.538200615128716,8.730371909875371
2023-10-20,sz001319,26.46,26.96,27.4,26.3,125467,328351758.58,4.12,0.9,0.24,22.85,5.098529513845081,-0.21155174486887862,25.880000000000003,26.223333333333336,26.337263990869268,5.112759449656164,5.140944278695923,5.136863297435275,26.372000000000003,26.181272727272724,26.10328438966045,5.127436603023055,5.1220554700855025,5.112228003616004,25.8685,26.125142857142862,25.428011263604468,5.091993006464497,5.132123320473175,4.9806254036218105,24.42666666666667,25.4887311827957,24.747500640732245,4.754964264925049,5.00673831400721,4.834385758542965,22.662666666666667,23.741043715846995,23.493999835608026,4.364625610002232,4.615437531099414,4.556572054430892,8.516339346615831
2023-10-23,sz001319,27.04,27.54,29.3,26.97,152842,419519871.06,8.64,2.15,0.58,27.83,5.184242711974242,0.08571319812916034,26.215999999999998,26.776666666666667,26.738175993912847,5.148445812540873,5.16477203280195,5.15265643561493,26.302,26.393636363636364,26.364505409722184,5.128889023448778,5.132383853531174,5.1253215869538655,26.128000000000004,26.284333333333333,25.62915304802309,5.118248806037097,5.1409090067121985,5.000017528226804,24.630666666666666,25.689591397849462,24.927661889717264,4.795813856995221,5.034433697687803,4.85695717489337,22.773833333333336,23.900956284153004,23.626655578702845,4.387664926749715,4.642310222967348,4.577151420251986,8.622752536529013
2023-10-24,sz001319,25.97,26.45,27.54,25.73,125757,327432459.28,6.57,-3.96,-1.09,22.9,5.099532168493472,-0.08471054348077,26.752,26.854666666666667,26.642117329275234,5.1538030350983,5.148467484786149,5.134948346574444,26.22,26.42054545454545,26.380049880681785,5.107809451891235,5.1270462435393,5.120632601779247,26.224,26.314999999999998,25.707328948211366,5.134830163105596,5.139126469803283,5.009495113014106,24.799,25.80696774193548,25.02587725167099,4.838007572930182,5.0540284274618825,4.872607174480474,22.868000000000002,24.021486338797814,23.71922424825357,4.410565408410284,4.665650132532718,4.594278657899247,8.515121730016167
2023-10-25,sz001319,26.45,29.04,29.04,26.39,52850,148841161.68,10.02,9.79,2.59,9.62,4.723044991643445,-0.3764871768500262,27.342000000000002,27.61733333333333,27.44141155285016,5.08308612893404,5.004881470301197,4.997647228264112,26.564,26.933272727272726,26.863677175103277,5.071509661688351,5.057089068948792,5.048343945390919,26.330000000000002,26.583190476190477,26.024726191238855,5.150048293939982,5.099908834425935,4.982214149074044,25.05666666666667,26.080580645161287,25.28485291285351,4.8738044038468225,5.046611486733706,4.862958001394214,22.98933333333333,24.223846994535524,23.893675912245257,4.420428396658008,4.675895364769871,4.598500504907253,8.17272305095743
2023-10-26,sz001319,30.42,31.88,31.88,28.64,190792,561937914.54,11.16,9.78,2.84,34.74,5.280560160574078,0.5575151689306326,28.374000000000002,29.129999999999995,28.92094103523344,5.077181909306064,5.070706147514543,5.091951539034101,27.151,27.899818181818183,27.775735870539044,5.100465677098798,5.095098250564379,5.09056507542422,26.579500000000003,27.111761904761906,26.582371315882774,5.143405613349824,5.1123385360101326,5.01062805493119,25.405666666666665,26.520795698924733,25.710346273314578,4.921746504721691,5.072853793619337,4.889900076180012,23.166333333333334,24.515344262295084,24.15552260364705,4.444126774599396,4.704096406209742,4.620863116568461,8.749688335387305
2023-10-27,sz001319,35.01,35.01,35.01,32.88,280968,951025340.99,6.68,9.82,3.13,51.16,5.448656860065958,0.16809669949187978,29.983999999999998,31.342,30.950627356822295,5.147207378550239,5.194531131101175,5.210853312711387,27.932,29.32872727272727,29.091056621350127,5.129983414103202,5.158405738376589,5.155672672631809,27.073,27.914666666666665,27.38500261913203,5.150968050390853,5.141410083316432,5.052345083991645,25.875,27.140430107526882,26.310323933100733,4.9748652350186005,5.106848010093159,4.925948900946848,23.380333333333336,24.903661202185795,24.511407108445507,4.456840982004545,4.73703181884799,4.6480038950437885,8.978192089288093
2023-10-30,sz001319,32.15,31.57,33.58,31.57,159314,501697704.83,5.74,-9.83,-3.44,29.01,5.202253941875131,-0.24640291819082716,30.79,31.870666666666672,31.1570849045482,5.1508096245304165,5.212879985542805,5.207986855765968,28.502999999999997,29.990181818181817,29.541773599286465,5.149627718535646,5.171545834335122,5.164141994312413,27.427,28.342952380952376,27.783573798262314,5.1474885510365755,5.146294453933982,5.066622118075786,26.228666666666665,27.50784946236559,26.649657872900686,5.0221174130977255,5.1215182492451925,4.94377503261964,23.542166666666667,25.172174863387973,24.742836383578442,4.468351168335515,4.761471588024074,4.666176027726784,8.700442114219008
2023-10-31,sz001319,30.2,28.99,30.9,28.68,137065,396549735.1,7.03,-8.17,-2.58,22.48,5.136926570417334,-0.06532737145779688,31.297999999999995,31.270666666666667,30.4347232696988,5.158288504915189,5.208252300838444,5.18430009398309,29.025,30.07872727272727,29.44145112668892,5.156045770006744,5.169236534677248,5.159193735422398,27.5325,28.491809523809525,27.898471531761142,5.142810517567986,5.145288551017864,5.073317780203553,26.462666666666667,27.686000000000007,26.800647687552257,5.042158328649873,5.1289252916529104,4.9562364221549755,23.659,25.350792349726774,24.88208764969062,4.48337320802014,4.783392093010363,4.6816104717494245,8.598297664099825
2023-11-01,sz001319,28.92,29.46,29.95,28.45,106009,305489949.24,5.17,1.62,0.47,17.39,5.025342737759235,-0.11158383265809846,31.381999999999998,30.658,30.109815513132535,5.218748054138347,5.163937045119793,5.1313143085751385,29.362000000000002,30.15781818181818,29.444823649109114,5.1509170915361935,5.1454723469958825,5.134857190392732,27.7455,28.675380952380955,28.04718852873627,5.133226763724993,5.134101143417031,5.0687487285421895,26.706666666666663,27.879376344086022,26.97221880448437,5.060865362884916,5.127840414821256,4.960694894129444,23.787166666666668,25.540989071038243,25.03218313658601,4.497867248190138,4.801161585788695,4.692880382110402,8.48499692632518
2023-11-02,sz001319,29.6,29.88,30.49,28.58,106474,309763994.24,6.48,1.43,0.42,17.46,5.027243569886699,0.0019008321274638362,30.982,30.157333333333334,30.03321034208836,5.168084736000871,5.100102217035911,5.09662406234566,29.678000000000004,30.252,29.523946621998366,5.122633322653468,5.12298625215052,5.1152910775734535,27.9635,28.878666666666668,28.22174200218996,5.1256288808734,5.1240075059086205,5.064795856289286,26.97833333333333,28.084107526881716,27.159817591291834,5.086575230234507,5.125671266885888,4.964988357081526,23.920833333333334,25.740754098360654,25.19112795177991,4.515700108021701,4.818518186500057,4.703843109578477,8.491030935658024
2023-11-03,sz001319,29.13,30.17,30.4,28.69,104301,302153654.59,5.72,0.97,0.29,17.11,5.018288472303808,-0.00895509758289137,30.014,29.886666666666667,30.078806894725574,5.082011058448441,5.050170129136889,5.070512198998376,29.998999999999995,30.34145454545455,29.641410872544114,5.11460921849934,5.1040144611778535,5.0976542402517,28.185499999999998,29.088809523809523,28.407290382933773,5.121022910761197,5.113784609854375,5.0603665816240015,27.245333333333335,28.29002150537634,27.354022907982685,5.099531743809445,5.121265669600037,4.9684270741926415,24.06416666666667,25.945644808743165,25.35436965827893,4.5343421525276915,4.8349964935257,4.714152793602258,8.480227851467719
2023-11-06,sz001319,29.86,31.23,32.58,29.7,138468,420079743.1,9.55,3.51,1.06,22.71,5.141349419399408,0.12306094709559989,29.946000000000005,30.291999999999998,30.462537929817053,5.069830153953297,5.069949582787212,5.09412460579872,30.368000000000002,30.565272727272724,29.930245259354276,5.110319889241857,5.108876315886958,5.105598818278556,28.335,29.37876190476191,28.676119870273414,5.119604456345318,5.115720467819918,5.068079232840707,27.541333333333334,28.547096774193548,27.604085946177353,5.115605833772017,5.123963584154226,4.979583354528562,24.2285,26.18059016393443,25.54701327604028,4.5541700188952925,4.854898371128052,4.728159240349705,8.62333173968605
2023-11-07,sz001319,30.74,30.65,31.53,30.41,94368,284631756.0,3.59,-1.86,-0.58,15.48,4.974824750871704,-0.1665246685277033,30.278,30.526666666666667,30.525025286544704,5.037409790044171,5.038281115093347,5.054357987489715,30.788,30.616545454545456,30.061109757653497,5.09784914747968,5.084240836183294,5.081821715113674,28.503999999999998,29.599238095238096,28.864108454056897,5.102829299685458,5.1019319244414785,5.059197853605563,27.745333333333335,28.74765591397849,27.800596530294943,5.122503157896958,5.114880933644531,4.979276347841022,24.387,26.39113114754098,25.714324316170106,4.573247038094394,4.868690329553509,4.736246634137312,8.454283352129822
2023-11-08,sz001319,30.24,30.43,30.5,28.6,100609,293450707.44,6.2,-0.72,-0.22,16.5,5.002636832365111,0.027812081493406637,30.472,30.577333333333332,30.493350191029805,5.032868608965346,5.026690129200328,5.0371176024481805,30.927,30.551454545454543,30.128180710807406,5.125808331551847,5.066929506162462,5.067424463704844,28.745500000000003,29.782666666666675,29.013240982241953,5.0986589966201,5.0923897846966835,5.053811089677901,27.862333333333332,28.92086021505376,27.970235463824306,5.14196830647727,5.107147622319895,4.980783475874834,24.546166666666668,26.589262295081966,25.868936633672725,4.592473473790987,4.882768683464024,4.744980738997239,8.467535160831762
2023-11-09,sz001319,30.13,29.2,30.14,29.1,65750,189327755.64,3.42,-4.04,-1.23,10.78,4.8178957571617955,-0.1847410752033154,30.336000000000002,30.15333333333333,30.062233460686535,4.990999046420365,4.955032511932477,4.964043654019386,30.659000000000002,30.237454545454543,29.959420581569695,5.079541891210619,5.010945401727908,5.022055607969745,28.904999999999994,29.82595238095238,29.031027555361767,5.0900037841547086,5.065650428557798,5.031342962771605,27.939333333333334,29.007161290322582,28.049575111319513,5.122117705970089,5.086239715912444,4.970274590796574,24.68916666666667,26.741846994535518,25.97815182601132,4.609177667258151,4.8901595780007705,4.747371395330503,8.277214286640382
2023-11-10,sz001319,29.41,29.38,30.16,29.32,59094,171881542.74,2.88,0.62,0.18,9.69,4.771543387832646,-0.04635236932914921,30.177999999999997,29.834666666666667,29.83482230712436,4.941650029526133,4.881880625736572,4.899876898623806,30.096000000000004,30.00490909090909,29.85407138492066,5.011830543987287,4.954945673841003,4.976507931581181,29.014,29.87119047619048,29.064263026279697,5.070906979045245,5.035320867003317,5.006600146110752,28.080666666666666,29.100107526881715,28.135408975105353,5.104588881589663,5.063622017968093,4.957453222863418,24.8355,26.895644808743178,26.089687831715864,4.626503532905046,4.895483044249115,4.748163919674835,8.235229243082975
2023-11-13,sz001319,28.95,29.64,29.88,28.75,67608,194444642.85,3.85,0.88,0.26,11.09,4.829998088697379,0.0584547008647327,29.860000000000003,29.65533333333333,29.769881538082906,4.879379763385726,4.844663312126986,4.876583961981664,29.903000000000002,29.922,29.815149314935084,4.974604958669511,4.921885227424657,4.949869778329581,29.202999999999996,29.93080952380953,29.119095119014965,5.0621163386025785,5.012377163160662,4.989780902547573,28.252333333333336,29.200709677419358,28.23247936380824,5.0898606869142204,5.045906482942785,4.949230310981737,24.99116666666667,27.0531693989071,26.206091509364523,4.641952001266803,4.9021549968980445,4.75084700718377,8.288795982388425
2023-11-14,sz001319,29.44,28.8,29.44,28.6,63113,178744085.66,2.83,-2.83,-0.84,10.35,4.80011882432752,-0.02987926436985866,29.49,29.302,29.446587692055274,4.844438578076891,4.818242999107584,4.851095582763616,29.884000000000004,29.721454545454545,29.630576712219614,4.94092418406053,4.8901604757261135,4.9226423321473884,29.454500000000003,29.89242857142857,29.08870510768021,5.048484977033637,4.98742501894399,4.971717847478997,28.316333333333333,29.236043010752685,28.26909359840126,5.075515073065501,5.027213459550093,4.939610215068562,25.131666666666664,27.17804918032787,26.291137689385355,4.6579459402187045,4.907340794375444,4.752462476598319,8.252231680639717
2023-11-15,sz001319,28.9,31.62,31.62,28.8,123410,367838187.3,9.79,9.79,2.82,20.24,5.091350352313579,0.2912315279860582,29.728,30.011999999999997,30.171058461370183,4.862181282066584,4.900546923853146,4.931180505946937,30.1,30.03709090909091,29.992290037270593,4.947524945515965,4.917510688135758,4.95331651763215,29.731,30.098666666666666,29.329780811710666,5.0492210185260795,4.991507435637319,4.983111419368004,28.53033333333333,29.449182795698928,28.485281108181823,5.071326157655317,5.028235090469326,4.949399901342435,25.316333333333333,27.390781420765027,26.46585448645469,4.6805617837152536,4.921550775099868,4.763573554490623,8.565656813735048
2023-11-16,sz001319,34.72,34.11,34.72,33.74,253219,861891620.24,3.1,7.87,2.49,41.53,5.403496289361012,0.31214593704743354,30.71,31.47266666666667,31.484038974246793,4.979301388506427,5.0809852596179566,5.0886191004182955,30.522999999999996,30.766181818181817,30.740964575948666,4.985150217463396,5.000414568834858,5.035167385219215,30.1005,30.51571428571428,29.785039782023937,5.053891770058432,5.0252479376215975,5.023148073653053,28.816666666666666,29.809161290322578,28.848166197976546,5.0788026597367315,5.049665421547112,4.978696442504924,25.551499999999997,27.679098360655743,26.716482208210273,4.704031986743117,4.945253545776778,4.784554627765062,8.935452658294603
2023-11-17,sz001319,32.8,31.4,33.32,30.91,215930,672314516.07,7.07,-7.94,-2.71,35.42,5.334312984758231,-0.06918330460278099,31.113999999999997,31.70266666666667,31.456025982831196,5.091855307891544,5.199322458368557,5.170517061864941,30.646000000000004,30.925636363636364,30.860789198503454,5.016752668708839,5.06389870834301,5.089557494226309,30.3225,30.639476190476195,29.938845517069275,5.0656809436040895,5.051954719973959,5.052782827091642,29.005666666666666,29.975827956989253,29.01280063681677,5.086266163410412,5.066149958645274,5.001639445230944,25.733,27.87085245901639,26.870040168596823,4.725396793353386,4.965918496531371,4.802579491928773,8.827572488290334
2023-11-20,sz001319,31.43,31.17,31.97,30.9,145804,448324270.52,3.41,-0.73,-0.23,23.92,5.163769438619119,-0.17054354613911205,31.419999999999998,31.721333333333337,31.360683988554133,5.158609577875891,5.223293835277748,5.168267854116334,30.639999999999997,31.02090909090909,30.9170093442301,5.01899467063081,5.090629030144878,5.1030505750250015,30.503999999999998,30.720190476190474,30.05609832496744,5.064657279936332,5.0612964814039625,5.063352980570449,29.103333333333335,30.115462365591394,29.151974789280207,5.086067861107148,5.07115016994906,5.012099444804375,25.909666666666666,28.049114754098355,27.01102245815102,4.74443359412975,4.980291370146641,4.814421785262883,8.651592250504407
2023-11-21,sz001319,30.9,31.32,32.15,30.73,139038,427986669.4,4.56,0.48,0.15,22.81,5.143133512015905,-0.020635926603214116,31.924,31.688000000000002,31.34712265903609,5.227212515413569,5.218135146657754,5.159889740082858,30.707000000000004,31.144545454545455,30.990280372551897,5.0358255467452295,5.113199728578533,5.11033838175062,30.747500000000002,30.79790476190476,30.17646991306578,5.066837347112455,5.068770408268683,5.070951126422397,29.238333333333333,30.258473118279575,29.291847383520192,5.0804947153720486,5.074831824846399,5.020553255592216,26.089833333333335,28.22650273224043,27.15230041034279,4.768082587338109,4.993363498601925,4.825199218926916,8.631430242152934
2023-11-22,sz001319,30.83,29.69,31.32,29.63,93553,276714100.0,5.4,-5.2,-1.63,15.34,4.971057718747365,-0.17207579326854017,31.538,30.94333333333334,30.79474843935739,5.203153988700327,5.132750214435686,5.096945732971028,30.633000000000003,30.959636363636367,30.753865759360643,5.032667635383455,5.101423759851647,5.085014624840937,30.779999999999994,30.697190476190478,30.130139445154754,5.07923798346765,5.059648538900579,5.061437468548585,29.374666666666666,30.28761290322581,29.317534649099535,5.076661876207885,5.067771373451259,5.017359995150613,26.242666666666665,28.34454098360656,27.23550367557745,4.786912977725464,5.000018420943212,4.829981464822668,8.442031289231949
2023-11-23,sz001319,29.5,31.03,31.26,29.5,101301,303738185.35,5.93,4.51,1.34,16.62,5.005613732550195,0.03455601380283024,30.922000000000004,30.774,30.873165626238265,5.123577477338164,5.066903462385642,5.0665017328307504,30.815999999999995,31.03181818181818,30.804071984931433,5.051439432922296,5.096504868427418,5.070578098969893,30.7375,30.721,30.21584045037811,5.065490662066457,5.052636705479869,5.056120922263024,29.541999999999998,30.39440860215054,29.4280162846415,5.077149000410571,5.063187622247537,5.016602171757038,26.421833333333336,28.501502732240436,27.359913391132288,4.807201376399516,5.007188937494842,4.835739899830128,8.482499393973969
2023-11-24,sz001319,30.8,29.23,31.26,29.04,94393,275467446.1,7.15,-5.8,-1.8,15.48,4.974939789064033,-0.03067394348616226,30.488,30.209999999999997,30.32544375082551,5.051702838199323,5.017357566294264,5.035981084908512,30.801,30.743454545454544,30.517877078580263,5.071779073045434,5.082595842271371,5.053189315350645,30.448499999999996,30.577428571428573,30.12195088367543,5.0418048085163605,5.044012812812971,5.048389385767882,29.609666666666666,30.374279569892472,29.415241040471084,5.071197677045307,5.056593479580019,5.013914276099424,26.570499999999996,28.5935737704918,27.42122770617713,4.823685783595445,5.012688557582204,4.8403038306246815,8.44007028262703
2023-11-27,sz001319,29.39,29.53,30.25,28.5,69678,200304177.75,5.99,1.03,0.3,11.43,4.843095676422261,-0.13184411264177154,30.160000000000004,29.890666666666668,30.060295833883675,4.987568085759952,4.9478218457019105,4.971685948746429,30.79,30.512363636363638,30.33826306429294,5.073088831817922,5.04101704288534,5.01499047190912,30.346500000000002,30.489952380952378,30.065574609039675,5.023846895243716,5.025088133565914,5.028837603925441,29.732000000000003,30.369139784946235,29.422644844311662,5.065773836341027,5.041877221475306,5.002893721281542,26.737166666666667,28.69060655737705,27.490367781384435,4.837046842124478,5.013324947510951,4.840395366552471,8.301690007480548
2023-11-28,sz001319,29.66,31.1,32.42,29.66,157506,487751326.68,9.35,5.32,1.57,25.83,5.197297102362184,0.3542014259399231,30.116000000000003,30.204,30.406863889255785,4.998400803829208,5.017731517902655,5.046889666618347,31.02,30.568727272727273,30.476760688966948,5.112806659621389,5.063600364802478,5.048137131991496,30.451999999999998,30.56171428571429,30.16409131294066,5.026865421840959,5.041607200910529,5.044881365681322,29.976333333333333,30.45739784946237,29.530861305968976,5.069925537896221,5.050362593476671,5.015435874899648,26.92716666666667,28.833650273224038,27.608716378716093,4.858167083273974,5.025136431453171,4.852097062808527,8.68819845934594
2023-11-29,sz001319,30.23,31.1,31.76,30.23,128529,391935897.64,4.92,0.0,0.0,21.08,5.109001128593501,-0.08829597376868303,30.398000000000003,30.532,30.63790925950386,5.025989485798435,5.054598292824085,5.067593487276732,30.967999999999996,30.583272727272732,30.590076927336593,5.11457173724938,5.062908450070135,5.05920331319186,30.534,30.62342857142857,30.25322547361298,5.031048341382673,5.0494296491726764,5.050988009768196,30.143333333333334,30.529892473118277,29.632096060422594,5.071004591433846,5.0528835993281085,5.021472342879896,27.098,28.970464480874316,27.723184694168022,4.872413205706364,5.0333604985128275,4.8605201469326245,8.59321504258754
2023-11-30,sz001319,30.79,29.86,30.98,29.3,92836,272719139.56,5.4,-3.99,-1.24,15.23,4.967716419856352,-0.1412847087371496,30.163999999999998,30.352666666666668,30.378606173002577,5.0184100232596665,5.0351739375100575,5.034301131469939,30.543,30.381818181818183,30.457335667820846,5.070993750298915,5.0362074832714026,5.042569332585404,30.532999999999998,30.559238095238097,30.21577542850698,5.028071983881155,5.043398037598743,5.043057382157545,30.248,30.511612903225803,29.64679954039533,5.059592430138593,5.046219846323107,5.018004218813861,27.2425,29.0610218579235,27.793244212392022,4.887547196144223,5.03648519405873,4.864034778831763,8.435715618006206
2023-12-01,sz001319,29.76,28.48,29.76,27.31,104341,287639944.34,8.2,-4.62,-1.38,17.11,5.018454994667368,0.05073857481101651,30.014,29.791333333333334,29.745737448668386,5.027113064380333,5.035188927979292,5.029019085869082,30.250999999999998,30.00672727272727,30.097820091853418,5.039407951289828,5.026654982247485,5.038184907509398,30.448500000000003,30.363714285714288,30.050463482934887,5.028080309999334,5.042482133864096,5.040714297634671,30.298666666666666,30.39754838709678,29.571522150692406,5.056923279499335,5.043565818228192,5.01803330112699,27.362666666666666,29.1015956284153,27.815760795592283,4.905943772212193,5.040777253026701,4.869097736728012,8.458849196042783
2023-12-04,sz001319,28.39,27.8,28.75,27.73,76246,209205020.12,3.58,-2.39,-0.68,12.51,4.882217064759879,-0.13623792990748917,29.668,29.053333333333335,29.09715829911226,5.034937342047857,4.986890261439141,4.980085078832682,29.914000000000005,29.561090909090908,29.68003462060734,5.011252713903904,4.9980748210602215,5.009827117918576,30.276999999999997,30.111476190476193,29.83613362741728,5.015123692267357,5.028590396222242,5.0256193230751665,30.307333333333336,30.236344086021507,29.45723039903483,5.046855757925524,5.032294449535322,5.009270963296854,27.469,29.1159344262295,27.81524404819581,4.921334807460371,5.039999328192199,4.869527878630696,8.320572101726096
2023-12-05,sz001319,27.6,26.67,27.6,26.6,65546,172468264.78,3.6,-4.06,-1.13,10.75,4.816546193647264,-0.06567087111261483,28.782000000000004,28.054,28.288105532741508,4.9587871603048725,4.9140932119722756,4.92557211710421,29.449,28.97127272727273,29.132755598678735,4.978593982067041,4.962673635559015,4.974685131687427,30.078000000000003,29.767952380952384,29.534597091472776,5.007209764406135,5.00967825349652,5.005707596462985,30.314666666666664,30.00167741935484,29.27740908296807,5.037422892097316,5.017435767968983,4.996837107190429,27.556833333333334,29.089737704918026,27.777695063009062,4.937715232513749,5.036563635936031,4.86779077420501,8.236709193908561
2023-12-06,sz001319,26.6,26.69,27.32,26.5,44727,117467471.0,3.07,0.07,0.02,7.34,4.650569769463977,-0.16597642418328729,27.9,27.35666666666667,27.75540368849434,4.8671008884789675,4.811354081691977,4.833904667890799,29.149,28.469636363636365,28.68861821710078,4.946545187138701,4.9030328696311845,4.915755065828618,29.891,29.44528571428571,29.26368308276108,4.989606411261078,4.975712539692505,4.971884946272604,30.236333333333334,29.767827956989255,29.110479464712068,5.035007051358002,4.9924775019926395,4.974497278950014,27.6465,29.061316939890713,27.742032929795652,4.954405727602412,5.027149030590138,4.860668774049565,8.06991761876892
2023-12-07,sz001319,26.42,26.52,26.81,26.3,35937,93323035.13,1.91,-0.64,-0.17,5.89,4.555541819633662,-0.09502794983031482,27.232,26.89666666666667,27.34360245899623,4.78466596843443,4.707501058743543,4.741117051805087,28.698,27.991636363636367,28.294323995809727,4.901537995847049,4.831941348266632,4.850261748338626,29.756999999999998,29.124238095238095,29.00237993202193,4.976488714384671,4.934373054775608,4.9322332199260375,30.057666666666666,29.528064516129035,28.94335175731129,5.010839773326653,4.961544261236231,4.947467894477992,27.731666666666666,29.024382513661198,27.70196627635973,4.966293139024172,5.014071525410834,4.8506646116097,7.969988854840701
2023-12-08,sz001319,26.39,26.1,26.75,26.06,38537,98816946.39,2.6,-1.58,-0.42,6.32,4.585877902998278,0.030336083364615796,26.756,26.519333333333336,26.92906830599749,4.698150550100612,4.641238370264825,4.6893706688694845,28.385,27.51927272727273,27.895355996571592,4.862631807240473,4.77454860411231,4.802191958276745,29.593,28.775952380952383,28.725962795638893,4.967205440142953,4.897172025119762,4.899246999266251,29.76066666666667,29.272731182795695,28.7599097084525,4.982080474757732,4.934127366376336,4.924139507930914,27.817833333333333,28.97088524590164,27.64944279188892,4.9784728548881665,5.001598894721461,4.841983080179817,7.994831429330133
2023-12-11,sz001319,26.2,26.37,26.38,25.83,31169,79859567.21,2.11,1.03,0.27,5.11,4.493722868961196,-0.09215503403708158,26.47,26.390666666666668,26.742712203998327,4.620451710940875,4.57309580988502,4.624154735566722,28.069,27.15290909090909,27.61801854264948,4.827694526494366,4.707474251697896,4.746106669310281,29.4295,28.468999999999994,28.501585386530426,4.9503916791561435,4.852078446911975,4.860625653522912,29.587333333333333,29.053978494623653,28.605721985326536,4.958462772327267,4.902620424066881,4.896370692513512,27.908,28.923415300546452,27.60749384789256,4.990290092712496,4.9857054525599205,4.830564712598878,7.902326952254285
2023-12-12,sz001319,26.36,26.56,26.6,26.05,32909,84989269.0,2.09,0.72,0.19,5.4,4.51731468566477,0.023591816703573798,26.448,26.42066666666667,26.681808135998885,4.560605409344377,4.5387168014596515,4.588541385599405,27.615,26.878545454545453,27.425651534895028,4.759696284824625,4.651041553365242,4.704508126829279,29.317500000000003,28.195714285714285,28.316672492575147,4.936251472223007,4.810833018960415,4.827929370869756,29.50633333333333,28.858666666666664,28.473739921757083,4.937809042835514,4.874159257185429,4.871915466265206,27.984500000000004,28.879218579234976,27.57314978730592,4.989983685742694,4.970198062164913,4.8202942199125145,7.929364093852036
2023-12-13,sz001319,26.62,26.07,26.62,26.05,31853,81737526.44,2.15,-1.84,-0.49,5.22,4.503150341603528,-0.014164344061241785,26.324,26.294666666666664,26.477872090665926,4.531121523772287,4.519565112212702,4.560077704267447,27.112000000000002,26.597636363636365,27.179169437641384,4.699111206125627,4.604396836415953,4.667897620424597,29.04,27.88642857142857,28.102703683758467,4.906841471687504,4.76958529223475,4.796998034749164,29.393333333333334,28.63696774193549,28.318659926805015,4.920402629630323,4.846116760331753,4.848124167899938,28.05,28.816448087431688,27.523866187722117,4.99063399625762,4.954236313176743,4.809896059967958,7.912421490854005
2023-12-14,sz001319,26.08,25.74,26.3,25.64,32164,81187590.0,2.53,-1.27,-0.33,5.28,4.507370053444048,0.004219711840519835,26.168,26.099999999999998,26.231914727110617,4.521487170534364,4.511647955436623,4.542508487326314,26.7,26.34818181818182,26.91750226716113,4.653076569484397,4.569534808655665,4.638710790064497,28.621499999999997,27.57214285714286,27.87768428530528,4.862035159891656,4.7315403952591835,4.76941441748201,29.255333333333336,28.401268817204304,28.15229477023695,4.9030735124155695,4.819469497351993,4.826140031483429,28.116833333333332,28.740710382513665,27.465378771731228,4.994824371325039,4.938391593740233,4.799977174508157,7.909489649851828
2023-12-15,sz001319,25.68,25.38,25.81,25.32,30540,75914231.0,1.9,-1.4,-0.36,5.01,4.484869032720402,-0.022501020723646015,26.024,25.83733333333333,25.94794315140708,4.501285396478789,4.499441909498635,4.52329533579101,26.389999999999997,26.10818181818182,26.63795640040456,4.599717973289701,4.538951620153121,4.61073956145648,28.3205,27.26342857142857,27.63980959146668,4.819562962289764,4.695619811719063,4.742314857028524,29.095666666666666,28.151247311827955,27.97343704312489,4.885292864429456,4.792488563178112,4.804122547692266,28.1705,28.650978142076507,27.397005697248236,4.99241230411945,4.921671746572868,4.789645760023312,7.8803231970474945
2023-12-18,sz001319,25.46,25.74,26.19,25.21,44416,111769980.28,3.86,1.42,0.36,7.29,4.647539444438742,0.16267041171833974,25.897999999999996,25.742666666666665,25.87862876760472,4.532048711574298,4.5481932588186185,4.564710038673588,26.183999999999997,25.99,26.474691600331,4.576250211257587,4.54764643308931,4.617430449271437,28.049,27.017666666666667,27.45887534466033,4.793751462580746,4.679236619542776,4.7332886272580685,28.912666666666667,27.934752688172043,27.82934433066522,4.868832531930766,4.777149632856129,4.794020411998491,28.226999999999997,28.57128961748634,27.342677641600755,4.992219182851391,4.91036443969809,4.784986536561522,8.048325174307012
2023-12-19,sz001319,25.64,25.63,25.73,25.4,24720,61660528.0,1.28,-0.43,-0.11,4.05,4.393048466416778,-0.2544909780219635,25.712,25.65333333333333,25.79575251173648,4.5071954677247,4.501859843766113,4.507489514587984,26.080000000000002,25.88927272727273,26.321111309361726,4.533900438534538,4.514337024936435,4.576633725116044,27.764499999999998,26.787285714285716,27.284696740406968,4.756247210300789,4.641074429431922,4.700884802416041,28.745333333333335,27.72296774193548,27.687451148041657,4.849439989115603,4.746453886693937,4.768151254219026,28.245333333333335,28.48614207650274,27.28652427630237,4.98597157350628,4.890719498175644,4.7721361080321865,7.790007239276391
2023-12-20,sz001319,25.68,25.36,25.89,25.34,20065,50209408.0,2.15,-1.05,-0.27,3.29,4.302439164069858,-0.09060930234692055,25.57,25.536,25.65050167449099,4.467053232217966,4.433607742547832,4.439139397748609,25.947000000000003,25.758363636363633,26.146363798568686,4.499087377995126,4.472253156851948,4.526780168562192,27.548000000000002,26.558285714285713,27.10139228893964,4.722816282566915,4.597854615505166,4.662937598764024,28.57633333333333,27.504559139784945,27.537293009458327,4.826100066839094,4.711163510884535,4.738105312919079,28.21933333333333,28.391540983606557,27.2233595459318,4.984034186658182,4.868308599505599,4.7567362082301425,7.700785100803764
2023-12-21,sz001319,25.35,25.69,25.77,24.92,29575,73316590.0,3.35,1.3,0.33,4.85,4.470924753299968,0.16848558923011048,25.56,25.576,25.663667782993993,4.459764172189149,4.434898249575166,4.449734516265729,25.863999999999997,25.711636363636366,26.06338856246529,4.490625671361757,4.4671326796346476,4.516624638514515,27.281,26.381333333333334,26.96697397570729,4.696081833604403,4.573864946051171,4.64465066110078,28.459333333333333,27.318344086021508,27.418112815299725,4.814534366710366,4.688248974527172,4.7208678574597815,28.199333333333335,28.308612021857922,27.173085462458623,4.968326036340228,4.851485339395492,4.747365340855382,7.865202257454628
2023-12-22,sz001319,25.7,26.0,26.07,25.6,44387,112061027.9,1.83,1.21,0.31,7.28,4.647255793201218,0.17633103990124965,25.683999999999997,25.722666666666665,25.775778521995996,4.492241524285314,4.497395456579189,4.515574941910892,25.854000000000003,25.736363636363638,26.05186336928978,4.49676346038205,4.495610883605458,4.540375757548461,27.119500000000006,26.259333333333334,26.874881216116123,4.679697633811261,4.569214846965154,4.6448987689198695,28.346666666666668,27.15967741935484,27.32662166592555,4.81039144688932,4.677456808494323,4.716118692023746,28.213666666666665,28.23650273224044,27.134623644017356,4.957490164239491,4.840958446177821,4.744083060604426,8.049454601794324
2023-12-25,sz001319,26.24,25.99,26.65,25.3,57487,145261090.77,5.19,-0.04,-0.01,9.43,4.75956964527076,0.11231385206954236,25.733999999999998,25.824666666666666,25.847185681330664,4.5146475644517166,4.586504830241004,4.596906509697515,25.815999999999995,25.76109090909091,26.040615483964366,4.523348138013008,4.543393826312497,4.580229191679788,26.942499999999995,26.151761904761905,26.790606814581253,4.675521332253687,4.576821705199392,4.655819804762811,28.225,27.00763440860215,27.240388010059387,4.8080438321084324,4.674177982583448,4.718921979330005,28.238666666666667,28.163595628415298,27.097094999951214,4.9489522595113264,4.834469248834583,4.744590817478732,8.162149300968247
2023-12-26,sz001319,25.85,25.1,25.9,25.09,32893,81227295.0,3.12,-3.42,-0.89,5.4,4.517103485037208,-0.24246616023355205,25.627999999999997,25.613333333333333,25.598123787553778,4.539458568175802,4.587323470436169,4.570305501477414,25.669999999999998,25.630909090909093,25.869594486879933,4.523327017950251,4.542258434862351,4.568751790472046,26.642500000000002,25.97628571428571,26.62959664176399,4.641511651387438,4.561734291178775,4.642608726693706,28.10166666666667,26.80602150537634,27.102298461023302,4.798609987465421,4.655407637611111,4.705901431311115,28.209,28.060688524590162,27.031616475362647,4.937062530265462,4.820310272622317,4.737132216415076,7.909701990768086
2023-12-27,sz001319,26.27,25.58,26.75,25.34,68449,173021401.2,5.62,1.91,0.48,11.23,4.835367107727068,0.31826362268985964,25.672000000000004,25.59733333333333,25.592082525035856,4.646044156907245,4.68595965028659,4.658659370227299,25.621,25.614545454545453,25.81694094381085,4.556548694562605,4.598992996639954,4.617227302700231,26.366499999999995,25.875095238095234,26.529635056834085,4.6278299503441165,4.5801967155920735,4.6609666677445025,27.900333333333332,26.643333333333327,27.004085657086314,4.790077212645872,4.657779064724766,4.714254055596015,28.215333333333334,27.974491803278692,26.98402249256387,4.930701685150594,4.816975996473517,4.740353032523665,8.23809982479483
2023-12-28,sz001319,25.26,25.82,25.99,24.81,55843,138607644.32,4.61,0.94,0.24,9.16,4.746968741428291,-0.08839836629877684,25.698,25.646666666666665,25.668055016690573,4.701252954532909,4.719601178460272,4.688095827294296,25.628999999999998,25.650727272727277,25.81749713584524,4.580508563361029,4.633614823342805,4.640816655196241,26.164499999999997,25.82304761904762,26.46205076570703,4.616792566422713,4.5915432671239,4.669157341428673,27.624000000000002,26.509118279569893,26.927693034048488,4.768192961048114,4.654997873033309,4.716364680488421,28.220333333333333,27.89595628415301,26.94585782067653,4.923497810392423,4.810951965531802,4.740569941012341,8.141787182616662
2023-12-29,sz001319,25.62,26.17,26.37,25.62,44520,113772052.7,2.9,1.36,0.35,7.3,4.64855515566267,-0.09841358576562076,25.732,25.804000000000006,25.83537001112705,4.7015128270252,4.702035245503526,4.674915603417087,25.708,25.74909090909091,25.88158856569156,4.596877175655256,4.645986931034013,4.642223655281047,26.049,25.823571428571423,26.434236407068266,4.598297574472478,4.594568275622943,4.667195228498578,27.449666666666666,26.41531182795699,26.878809612496973,4.745334366744928,4.647279304943926,4.711989872435147,28.227666666666668,27.828732240437155,26.92041985934287,4.915800265077669,4.801937452261973,4.737553062804154,8.056035593792092
2024-01-02,sz001319,26.17,26.46,26.83,26.11,65949,171245917.44,2.75,1.11,0.29,10.82,4.819208214624241,0.17065305896157046,25.826,26.046666666666667,26.043580007418036,4.7134405408958955,4.7412670413698725,4.723013140486138,25.78,25.885818181818188,25.986754281020367,4.6140440526738065,4.6864107563011,4.674402666070718,25.982,25.862714285714283,26.436690082585574,4.595147131965697,4.6156073842088245,4.681672655748641,27.292666666666666,26.3514623655914,26.85178963749717,4.733848992611766,4.6520453596458164,4.718907184834444,28.198,27.77077595628415,26.90532412624966,4.909958426859458,4.798770499788091,4.740230280896616,8.233620226562042
2024-01-03,sz001319,26.21,25.96,26.34,25.62,33358,84369249.05,2.72,-1.89,-0.5,5.47,4.523200004345746,-0.29600821027849467,25.998,26.09133333333334,26.015720004945358,4.714659844757604,4.67785352918649,4.656408761772674,25.813,25.918545454545455,25.981889866289393,4.627059206466703,4.66989365660509,4.646911273029814,25.946500000000004,25.860619047619046,26.391291027101232,4.58047982250062,4.608755276816448,4.666580022281699,27.114,26.26548387096774,26.794254822174775,4.713184542356093,4.638455102338331,4.706280915125496,28.176166666666667,27.69739890710383,26.87432989260213,4.896839628864071,4.786089895771249,4.733114534124455,7.926184183575707
2024-01-04,sz001319,25.76,25.6,25.82,25.38,21769,54295368.0,1.69,-1.39,-0.36,3.57,4.337838479364621,-0.18536152498112468,26.002,25.958666666666666,25.877146669963572,4.615154119085114,4.55224640738883,4.550218667636657,25.837,25.879818181818184,25.912455345145865,4.63059913799618,4.6173080698592575,4.590716219636143,25.891999999999996,25.82761904761905,26.315929976901117,4.564843257995653,4.585646577470163,4.6352713039086435,26.977666666666664,26.167806451612904,26.71720612396995,4.692077234376669,4.614239227306624,4.682510435398989,28.17616666666667,27.612934426229508,26.832548584647963,4.8843695552922775,4.767761989230283,4.720154663476592,7.734762781009732
2024-01-05,sz001319,25.6,25.12,25.96,25.03,21985,54593240.0,3.63,-1.88,-0.48,3.61,4.342126469955725,0.004287990591103963,25.862000000000002,25.66466666666667,25.62476444664238,4.5341856647906,4.461237191012367,4.4808546017430135,25.78,25.749454545454547,25.768372555119342,4.617719309661755,4.564858493851902,4.545518083330612,25.821999999999996,25.754095238095235,26.20203188386292,4.554172490511756,4.564435454799694,4.60735274829408,26.780666666666665,26.04795698924731,26.614160567584797,4.669960992290187,4.591661758634305,4.6605501795639395,28.16133333333333,27.51273224043716,26.77639945072508,4.873554996350379,4.749983527415969,4.707760296475907,7.737138869582859
2024-01-08,sz001319,24.08,24.2,24.63,23.03,41524,97519970.0,6.37,-3.66,-0.92,6.81,4.618299182370602,0.2761727124148763,25.468,25.110666666666667,25.149842964428256,4.528134470132187,4.4892750302057,4.52666946195221,25.6,25.462181818181815,25.483213908734008,4.614823648578694,4.564963925253511,4.558751010428792,25.726999999999997,25.599619047619047,26.011362180637878,4.555793554480372,4.57054275878625,4.608395265825177,26.613,25.881462365591396,26.45840827290191,4.658072972067073,4.588328738639493,4.657824308777273,28.111333333333334,27.382852459016398,26.691927337586552,4.86463532455619,4.741614484334665,4.704827145193766,7.989093559008639
2024-01-09,sz001319,24.4,24.55,24.84,24.21,22301,53457831.0,2.6,1.45,0.35,3.66,4.3483243377003875,-0.26997484467021415,25.086000000000002,24.804666666666666,24.94989530961884,4.433957694747416,4.4293383193951,4.467221087201603,25.456,25.271272727272727,25.313538652600553,4.573699117821656,4.516509505093818,4.520491615387264,25.636000000000003,25.48752380952381,25.872184830100938,4.548523627917332,4.550783785759585,4.583626606003768,26.447,25.748365591397853,26.335285158521145,4.6415805941096755,4.5683449557771265,4.637856568707797,28.089499999999997,27.26608743169399,26.621700211764043,4.853677215225351,4.724686255257425,4.6931385285546385,7.728011333697715
2024-01-10,sz001319,24.47,24.21,24.58,23.98,17363,41096115.0,2.44,-1.38,-0.34,2.85,4.239624765246138,-0.10869957245424988,24.735999999999997,24.512666666666668,24.703263539745894,4.3772426469274945,4.364560676228008,4.391355646549782,25.367,25.044727272727272,25.112895261218632,4.5459512458425495,4.455768713716451,4.469424915361604,25.5185,25.351714285714284,25.713881512948465,4.5346391318964,4.521364846457566,4.550864525931613,26.217333333333332,25.60404301075269,26.198169987003656,4.609658182872475,4.542412321656897,4.612164194290916,28.096833333333333,27.138890710382512,26.54262807367342,4.839791860384349,4.704553388044993,4.678269224839606,7.613800768012065
2024-01-11,sz001319,24.05,24.58,24.66,23.98,19320,46064186.0,2.81,1.53,0.37,3.17,4.286007122079474,0.04638235683333658,24.532,24.46066666666667,24.66217569316393,4.366876375470466,4.334148834612001,4.3562394717263455,25.267000000000003,24.901636363636364,25.016005213724334,4.491015247277789,4.408506145759529,4.436076225673944,25.444,25.262333333333334,25.60589279742956,4.523781970920197,4.497685607427384,4.5256400112790285,26.0,25.498408602150537,26.093771923326003,4.582225049322008,4.521531608057348,4.59112180253534,28.071666666666665,27.023584699453554,26.478279612241504,4.826614820377927,4.686396511379259,4.665408172290093,7.663363401150943
2024-01-12,sz001319,24.59,24.4,24.88,24.35,14418,34591348.0,2.16,-0.73,-0.18,2.36,4.158905021187544,-0.1271021008919302,24.387999999999998,24.416666666666668,24.574783795442624,4.330232085716829,4.264825049851027,4.290461321546745,25.125,24.743999999999996,24.904004265774454,4.432208875253716,4.348122468288575,4.385681461221871,25.377000000000002,25.162904761904766,25.491045864341032,4.506358719307372,4.4629354217385595,4.490712869365554,25.817999999999998,25.395182795698926,25.984496315369487,4.55526466936638,4.494220638500287,4.563236848899998,28.033,26.90320218579235,26.410139297086044,4.807428549752487,4.66450438681564,4.648801511598206,7.53896748648833
2024-01-15,sz001319,24.23,24.29,24.51,24.04,14560,34511817.0,1.93,-0.45,-0.11,2.39,4.163161374977018,0.004256353789473977,24.406,24.384,24.479855863628416,4.2392045242381124,4.209134812937757,4.248028006023503,24.937,24.59218181818182,24.792367126542736,4.383669497185149,4.299204740965538,4.345223263722807,25.3225,25.05938095238096,25.3766605439276,4.490273336420204,4.4302499603737635,4.459517488947599,25.678333333333335,25.296602150537634,25.875173972442425,4.5267548820433685,4.46892365176549,4.537425528001742,27.9885,26.78048087431694,26.340626533247157,4.791839080771352,4.643380872888576,4.6328788841680035,7.5379678249043645
2024-01-16,sz001319,24.18,24.33,24.5,23.93,14825,35013640.0,2.35,0.16,0.04,2.43,4.1709947020363005,0.007833327059282524,24.362,24.358666666666668,24.429903909085613,4.2037385971052945,4.186398205537153,4.222350238027769,24.724,24.481818181818177,24.708300376262237,4.3188481459263555,4.260536596393022,4.313545343416169,25.252000000000002,24.964857142857145,25.276978587363068,4.4664460993000805,4.3998424713848205,4.4320391282893805,25.562666666666665,25.209612903225803,25.775485329059045,4.503047469952582,4.445971382087613,4.5137848295523595,27.935,26.660530054644806,26.274704351829214,4.774951613939053,4.623025319487426,4.617735140491554,7.544237262142926
2024-01-17,sz001319,24.28,23.68,24.48,23.67,13013,30431861.0,3.33,-2.67,-0.65,2.13,4.114377429786155,-0.056617272250145234,24.256,24.131333333333334,24.17993593939041,4.178689130013298,4.156611149764107,4.186359301947231,24.496,24.291999999999998,24.521336671487283,4.277965888470396,4.223360102549349,4.277332995483439,25.154500000000002,24.81514285714286,25.124885388566586,4.452512547468549,4.3663121219073044,4.401785633193835,25.463,25.08815053763441,25.640292727184267,4.479641844490546,4.4208958956252635,4.488016610212604,27.88883333333333,26.5210218579235,26.18963207799875,4.758532368293931,4.6013671495152,4.601231608993016,7.483328511586485
2024-01-18,sz001319,23.47,23.44,23.75,22.83,23182,52406878.0,3.89,-1.01,-0.24,3.8,4.365150901493603,0.2507734717074479,24.028,23.859333333333332,23.933290626260277,4.194517885896124,4.218765073590875,4.245956501796022,24.28,24.1,24.32473000394414,4.280697130683295,4.239211923099022,4.293299887485287,25.058500000000002,24.651857142857143,24.964420113465007,4.455648134339737,4.357991965147786,4.398296611127146,25.354666666666667,24.95763440860215,25.49833835768851,4.470127882224867,4.413509383173848,4.480089790295249,27.7955,26.375158469945355,26.099480206588954,4.752567466791434,4.588469396505354,4.593491257927462,7.719388288537591
2024-01-19,sz001319,23.38,22.91,23.48,22.91,14360,32343131.0,2.43,-2.26,-0.53,2.36,4.157154439906281,-0.20799646158732177,23.729999999999997,23.486666666666668,23.592193750840188,4.194167769639872,4.20631059159426,4.216355814499442,24.059,23.85090909090909,24.067506366863384,4.262199927678351,4.21674961568502,4.268546169743649,24.9195,24.447238095238095,24.768761055039768,4.439959618670052,4.329563994249361,4.375330690058493,25.234333333333332,24.799913978494626,25.331348786224737,4.456848302900621,4.393317548185553,4.459255251560478,27.646,26.2149781420765,25.994907085061445,4.733844038113637,4.568947657918955,4.5791851327464395,7.509782059794367
2024-01-22,sz001319,23.07,21.69,23.07,21.38,26628,57643665.16,7.38,-5.33,-1.22,4.37,4.425338548279633,0.2681841083733518,23.21,22.806666666666665,22.958129167226794,4.246603204300395,4.283367517807515,4.286016725759506,23.808,23.420181818181817,23.63523248197913,4.242903864269254,4.246411183067072,4.2970538749320095,24.704,24.139666666666663,24.475545716464552,4.428863756423974,4.328171511355035,4.380093343222411,25.087333333333333,24.57124731182796,25.096423058081207,4.451496991076666,4.39128466079065,4.457067077155263,27.423999999999996,26.019699453551915,25.853762590469266,4.716788732917198,4.558832723826036,4.574140982436052,7.760751586787299
2024-01-23,sz001319,21.6,21.62,21.87,21.3,18681,39103179.28,2.63,-0.32,-0.07,3.06,4.271400120441062,-0.15393842783857092,22.668,22.276666666666667,22.512086111484532,4.266684287981347,4.291633156521071,4.281144523986692,23.515,23.022363636363636,23.26882657616474,4.235211442543322,4.251592320552854,4.292389555933656,24.4855,23.845952380952376,24.203588981563165,4.404455280182488,4.313174974594758,4.369741607719425,24.929,24.347548387096772,24.872137699495322,4.444086232792661,4.379665507846417,4.445088563818863,27.258166666666668,25.829404371584697,25.71495070225716,4.701274502559965,4.54422981849895,4.5642150525345775,7.592212069099915
2024-01-24,sz001319,21.66,21.62,21.91,20.91,17892,37379384.54,4.63,0.0,0.0,2.93,4.252658889500619,-0.01874123094044311,22.256,21.927333333333333,22.214724074323023,4.29434057992424,4.286958023694161,4.271649312491334,23.256,22.677818181818182,22.969039925952966,4.236514854968769,4.254764583636001,4.285165798400376,24.311500000000002,23.573047619047614,23.95753288808096,4.391233050405659,4.2987181754821995,4.358590872650968,24.764333333333337,24.134064516129033,24.662322364044012,4.435264372920523,4.367315356666286,4.432673746120912,27.13533333333333,25.64454644808743,25.58069002349463,4.686536707878019,4.529521109874055,4.5540000963695295,7.572632146345052
2024-01-25,sz001319,21.6,22.2,22.25,21.33,21602,46000395.0,4.26,2.68,0.58,3.54,4.334493961741386,0.08183507224076703,22.008000000000003,21.908666666666665,22.20981604954868,4.288209191973797,4.300342484299876,4.2925975289080185,23.018,22.485818181818182,22.829214484870608,4.24136353893496,4.272578966685567,4.2941345553714685,24.1425,23.37195238095238,23.79014880350182,4.366189393106375,4.293314452752268,4.356295928754817,24.63533333333333,23.968623655913976,24.503462856686337,4.429642493591785,4.360814039816019,4.426339566483524,27.014333333333333,25.48273224043716,25.469847727642346,4.675022561611055,4.517978724754819,4.546803173922704,7.662761560933396
2024-01-26,sz001319,22.07,22.06,22.59,21.95,16769,36325647.0,2.88,-0.63,-0.14,2.75,4.224507164727077,-0.10998679701430891,21.838,21.926000000000002,22.159877366365787,4.301679736937955,4.279108475217637,4.269900740847705,22.784,22.31163636363636,22.689357305803224,4.247923753288914,4.269514171375042,4.281475029799761,23.9545,23.17361904761905,23.625372726977837,4.340066314271314,4.2798209071923345,4.343744617895032,24.512666666666668,23.80247311827957,24.34582009173883,4.420213730634553,4.347579502469909,4.413318121208915,26.884,25.320295081967213,25.358049441490138,4.661643621525061,4.503207728135673,4.536236091653995,7.5602133583046065
2024-01-29,sz001319,22.06,21.5,22.35,21.35,12785,26933553.76,4.53,-2.54,-0.56,2.1,4.106700732362354,-0.11780643236472343,21.8,21.813333333333333,21.93991824424386,4.2379521737545,4.214115473692436,4.215500738019255,22.505000000000003,22.078181818181818,22.47311052292991,4.242277689027447,4.243837258479306,4.249697884811141,23.720999999999997,22.939857142857143,23.42295627678947,4.312973593106298,4.257595613677196,4.321169009749063,24.383333333333333,23.60810752688172,24.162218795497616,4.407608120622617,4.327352857420089,4.393536354186557,26.7395,25.143770491803274,25.231556017178985,4.6464504925260375,4.485012879310666,4.522152965119843,7.430293660375218
2024-01-30,sz001319,21.6,20.7,21.6,20.69,12863,26355056.08,4.23,-3.72,-0.8,2.11,4.109342269637973,0.0026415372756192212,21.616,21.446666666666665,21.52661216282924,4.205540603593882,4.1712455056535935,4.180114581892162,22.142,21.75,22.15072679148811,4.236112445787614,4.219667182226672,4.224178682052383,23.433,22.65214285714286,23.163627107571426,4.277480295856985,4.238202154299261,4.300995034500388,24.21533333333333,23.37047311827957,23.938849840949384,4.3896682147959245,4.308109899292048,4.375201251957615,26.564,24.945754098360663,25.08298041005836,4.629250373363346,4.467402773642205,4.508618188218798,7.4208639446719635
2024-01-31,sz001319,20.55,19.65,20.87,19.6,19483,38012062.88,6.14,-5.07,-1.05,3.2,4.28965583052675,0.18031356088877715,21.222,20.791333333333334,20.901074775219495,4.212939991799108,4.199283914631216,4.216628331437025,21.739,21.29690909090909,21.696049193035726,4.253640285861674,4.229402343088333,4.236083618138632,23.1175,22.291857142857143,22.828995954469384,4.265803087166036,4.239361729029714,4.299915110312422,24.016,23.075935483870968,23.662149851210714,4.386221793599591,4.301657487403714,4.369682192510464,26.38066666666667,24.719065573770493,24.904849904810547,4.617830891357597,4.456268526336088,4.501439094523977,7.5799214390082765
2024-02-01,sz001319,19.59,19.37,19.74,18.83,17138,32153993.61,4.63,-1.42,-0.28,2.81,4.233960138494771,-0.05569569203197933,20.656,20.174,20.390716516813,4.1928332271497855,4.206290630196437,4.222405600456274,21.332,20.86618181818182,21.273131157938323,4.24052120956179,4.225824134476169,4.235697530930657,22.806,21.934952380952378,22.499567768329445,4.260609170122543,4.236329067251498,4.293633684425027,23.81633333333333,22.7761935483871,23.38523695758422,4.383939159413755,4.291834154816305,4.360925930961064,26.19633333333333,24.48920765027322,24.723379416128232,4.605019613126425,4.443682600012716,4.492669292686953,7.507234921119424
2024-02-02,sz001319,19.36,18.1,19.78,17.6,26281,47080888.0,11.25,-6.56,-1.27,4.31,4.419641886238553,0.1856817477437822,19.863999999999997,19.322,19.627144344542003,4.23186017145208,4.281893516559361,4.2881510290503675,20.851,20.27854545454546,20.696198220131357,4.266769954195018,4.25839153023558,4.269141959168456,22.455000000000002,21.486761904761906,22.080561314202832,4.2644849409366845,4.251475040214928,4.305634465550124,23.563333333333333,22.407397849462367,23.04425392806266,4.382229730511708,4.294137556546938,4.3647140571079985,26.011333333333333,24.223754098360658,24.506219435271568,4.598382048611038,4.437604641754097,4.490274951491923,7.672844645544867
2024-02-05,sz001319,18.07,16.35,18.07,16.35,16888,27206436.88,9.5,-9.67,-1.75,2.77,4.2275782202996,-0.19206366593895297,18.833999999999996,18.150666666666666,18.534762896361336,4.256035669039529,4.280466199508533,4.267960092800112,20.317,19.460181818181816,19.905980361925653,4.2469939213970145,4.2512657604364135,4.261584915737755,22.0625,20.905333333333328,21.534793569993038,4.2449488928331345,4.247960114439968,4.298200537431027,23.241666666666667,21.942021505376342,22.61236657786507,4.368240478081654,4.28416003975906,4.355866583765522,25.79416666666667,23.90698907103825,24.238802404606925,4.589315962485486,4.42544713918651,4.481661943911846,7.434671667664314
2024-02-06,sz001319,14.84,15.35,15.96,14.78,60689,87948264.92,7.22,-6.12,-1.0,9.95,4.783109981483548,0.5555317611839481,17.764000000000003,16.989333333333335,17.47317526424089,4.390789211408645,4.456157636989873,4.439676722361257,19.689999999999998,18.55709090909091,19.07762029612099,4.2981649075012625,4.348741407724875,4.356407654964262,21.6025,20.266047619047622,20.945765610946083,4.266688175022292,4.299213551454292,4.344382389245553,22.887,21.432881720430107,22.14382679864797,4.369025155955414,4.310925814172086,4.383430673940879,25.555999999999997,23.564557377049184,23.947366260193583,4.588534494031922,4.431801041448741,4.491545486127311,7.944227275935576
2024-02-07,sz001319,15.45,14.25,15.54,14.11,65779,92434310.19,9.32,-7.17,-1.1,10.79,4.818087266869606,0.03497728538605749,16.684,15.818000000000001,16.398783509493928,4.496475498677215,4.598590322143527,4.5658135705307075,18.952999999999996,17.568,18.199871151371717,4.354707745238162,4.4432727457918455,4.440349402583415,21.1045,19.565809523809524,20.30807364799884,4.295611300103465,4.3517277506778465,4.389497139495463,22.525333333333332,20.87565591397849,21.634547650348104,4.37905794868316,4.3398975632633245,4.41147303477499,25.313499999999998,23.193868852459016,23.629419825433136,4.588833968074291,4.4393273618696485,4.5022517740205,7.965833204557639
2024-02-08,sz001319,14.15,15.46,15.51,13.6,59207,83259830.88,13.4,8.49,1.21,9.71,4.772373056075185,-0.045714210794420396,15.902000000000001,15.41,16.085855672995955,4.604158082193298,4.690556174609516,4.634666732378867,18.279,16.932909090909092,17.701712760213223,4.3984956546715415,4.5192118932167595,4.500717339581918,20.6485,19.0282380952381,19.846352348189427,4.319929596803251,4.397133632198963,4.425961512503055,22.188000000000002,20.419827956989245,21.23618973742242,4.376958146961431,4.365272731482165,4.434756907116938,25.044166666666666,22.870803278688523,23.361569995091063,4.583517679803651,4.445345036886071,4.511108209497704,7.920435524398976
2024-02-19,sz001319,15.71,16.39,16.71,15.7,53534,83410830.45,6.53,6.02,0.93,8.78,4.728629694588849,-0.04374336148633606,15.560000000000002,15.572666666666665,16.18723711533064,4.665955643863358,4.732046712074701,4.665987719782194,17.712,16.589454545454544,17.463219531083546,4.448907907657718,4.579236264110815,4.542155949583178,20.247999999999998,18.622666666666667,19.517175934076146,4.348415830473316,4.436057451035687,4.4547870536540835,21.87366666666667,20.04576344086022,20.923532335008073,4.376346845400116,4.387961218425869,4.453716441792546,24.748833333333334,22.587060109289617,23.132993929678243,4.5722699032241145,4.450102807862635,4.518240061467905,7.921222445113631
2024-02-20,sz001319,16.38,16.84,16.87,15.92,36864,58759048.34,5.8,2.75,0.45,6.05,4.566602457407099,-0.16202723718174994,15.658000000000001,15.999333333333334,16.40482474355376,4.733760491284857,4.698928983255948,4.632859298990496,17.246000000000002,16.43090909090909,17.349906889068354,4.494898080162193,4.600635273156158,4.546600769187527,19.8755,18.29809523809524,19.262206797497466,4.368587884594821,4.4568371297912845,4.465436139725799,21.562666666666665,19.721010752688176,20.660078635975296,4.373615088791596,4.400235774039223,4.460999410541872,24.506166666666665,22.327754098360657,22.926666259852727,4.559474727768263,4.4499169899669955,4.51982571379378,7.769074753353182
2024-02-21,sz001319,16.68,17.33,17.92,16.5,52847,89352881.28,8.43,2.91,0.49,8.67,4.723020338466041,0.1564178810589416,16.054,16.556666666666665,16.713216495702508,4.721742562681356,4.695348932316341,4.662912978815678,16.909,16.446181818181817,17.346287454692288,4.556265887045,4.642112047393221,4.578677054510893,19.5255,18.055666666666667,19.078187102497708,4.396189166416308,4.490592601588543,4.489967968177251,21.258333333333333,19.44793548387097,20.445234853009147,4.37040882625299,4.422778048211766,4.47790398653698,24.275500000000005,22.09246994535519,22.743169005431326,4.552128909432378,4.455279141137414,4.5264878326354925,7.951108561361298
2024-02-22,sz001319,17.47,17.98,18.0,17.18,41729,70858086.6,4.73,3.75,0.65,6.84,4.620437977338462,-0.10258236112757935,16.8,17.198666666666668,17.135477663801673,4.682212704775127,4.661580737202043,4.648754644989939,16.742,16.64090909090909,17.461507917475508,4.589344101726171,4.65377970017385,4.58626994957045,19.2405,17.90847619047619,18.973597854640786,4.421492193793923,4.511949631200178,4.502393683335462,20.99233333333333,19.23643010752688,20.28618744313759,4.373650092019415,4.438908961185024,4.487099727879011,24.053166666666662,21.88606010928962,22.586999529843414,4.543417317187754,4.457518782708106,4.529568165248705,7.8503894207846106
2024-02-23,sz001319,17.98,18.63,18.8,17.78,46574,82256545.0,5.67,3.62,0.65,7.64,4.668143538841618,0.047705561503156524,17.434,17.808666666666667,17.633651775867783,4.661366801328414,4.656891015224207,4.655217609607165,16.668,16.984181818181817,17.67396102338905,4.632762441760856,4.668106870558476,4.601156056710662,19.0,17.85033333333333,18.940874249436902,4.436641825661324,4.535440235490434,4.518179383859857,20.76,19.084021505376345,20.17933664035452,4.384660260668648,4.45790853839936,4.498779973747567,23.868833333333335,21.708251366120223,22.45726184034035,4.538368747522658,4.461608167024625,4.534111620120603,7.915170463999478
2024-02-26,sz001319,19.05,19.38,19.84,18.79,48416,90736352.0,5.64,4.03,0.75,7.94,4.684988906343093,0.016845367501474584,18.032,18.45733333333333,18.215767850578523,4.652638643679262,4.664765050229101,4.665141375185808,16.796,17.477272727272727,17.984149928227403,4.65929714377131,4.67760259139161,4.616398393007468,18.823500000000003,17.88652380952381,18.98269574949053,4.463033548983164,4.559092338412507,4.534066005048736,20.56866666666667,18.99498924731183,20.127766534525197,4.396089008548226,4.477284580055776,4.5107934532698595,23.674666666666663,21.561076502732238,22.35636800950952,4.533025000419206,4.466415385346607,4.539058416390192,7.957781314734741
2024-02-27,sz001319,19.24,20.5,20.53,19.22,52119,101818366.36,6.76,5.78,1.12,8.55,4.716996074372699,0.03200716802960635,18.764,19.279999999999998,18.97717856705235,4.6827173670723825,4.686217527126912,4.682426274914772,17.211000000000002,18.150727272727273,18.441577214004237,4.70823892917862,4.688093306046408,4.634688880528419,18.764000000000003,18.046190476190475,19.12720091620572,4.477616425287818,4.583279245592463,4.551487916412923,20.445333333333334,18.99055913978495,20.151781596813898,4.399378904948295,4.497988261721869,4.52409684817972,23.529166666666665,21.45698907103825,22.29550348460757,4.528725938507685,4.472447223836885,4.544892437963389,8.007826124654482
2024-02-28,sz001319,20.75,18.51,20.8,18.51,68144,130089276.28,11.17,-9.71,-1.99,11.18,4.8334276227296735,0.11643154835697445,19.0,19.195333333333334,18.8214523780349,4.704798823925109,4.736454279012675,4.732760057519739,17.527,18.38690909090909,18.454017720548922,4.713270693303233,4.710854886692054,4.6708231972922825,18.6085,18.022,19.06841987656708,4.505717800402248,4.617166026301212,4.578339317014518,20.244000000000003,18.86569892473118,20.04586020347107,4.4155490144492715,4.52599140480454,4.5440536723442335,23.3455,21.292426229508198,22.17138861625978,4.5285648042794735,4.482437442991705,4.554352607955726,8.114241497604068
2024-02-29,sz001319,17.7,19.21,19.22,17.7,49570,89871134.75,8.21,3.78,0.7,8.13,4.695218918905151,-0.13820870382452277,19.246000000000002,19.265333333333334,18.950968252023266,4.719755012238447,4.733260977339357,4.72024634464821,18.023000000000003,18.692909090909094,18.591469044085482,4.7009838585067865,4.707572745892403,4.675258783040077,18.488,18.079285714285717,19.081903697846407,4.527845801872475,4.635213751872916,4.589470707670769,20.077333333333335,18.79898924731183,19.991933738731,4.430735486237906,4.544034624446854,4.553806268896551,23.147333333333332,21.15683606557377,22.07429390752995,4.520196834555191,4.487901512323694,4.558971175527839,7.953620225306442
2024-03-01,sz001319,19.13,19.31,19.37,18.78,37266,69111880.0,3.07,0.52,0.1,6.11,4.571312779629195,-0.12390613927595595,19.381999999999998,19.28666666666667,19.070645501348842,4.700388860395963,4.683780233136273,4.670601822975205,18.408,18.926909090909092,18.72211103606994,4.680877830862189,4.683996186096477,4.656359509692643,18.3435,18.15757142857143,19.103627155194367,4.539686742766865,4.639353464040223,4.587741381190618,19.901666666666664,18.749483870967744,19.94793801365158,4.440245674822896,4.553104127246292,4.554935721201883,22.950833333333335,21.031021857923495,21.983661320397818,4.511235362072452,4.489577444949071,4.55937581828526,7.839552706925284
2024-03-04,sz001319,19.19,19.11,19.4,18.68,28100,51760259.8,3.73,-1.04,-0.2,4.61,4.44870631990508,-0.12260645972411499,19.328000000000003,19.196,19.083763667565897,4.653132343108359,4.5998860529726455,4.596636655285163,18.68,19.05454545454545,18.79263630223904,4.6528854933938115,4.641783184104276,4.618604384276722,18.196,18.23057142857143,19.104234092794904,4.550896700525765,4.63068866186291,4.574499946782472,19.72533333333333,18.69840860215054,19.893877496641803,4.449905718113482,4.553649975316111,4.548082211440799,22.771666666666665,20.905092896174864,21.88944291645035,4.502585193739931,4.487527312418993,4.555747310141647,7.7139964475181255
2024-03-05,sz001319,19.04,18.75,19.27,18.5,24460,44575541.84,4.03,-1.88,-0.36,4.01,4.388456452700266,-0.06024986720481351,18.978,19.003333333333334,18.9725091117106,4.587424418773873,4.511660756169948,4.5272432544235315,18.871,19.067272727272726,18.784884247286485,4.635070892923128,4.593705176705449,4.576759305808275,18.058500000000002,18.283333333333335,19.07049751252872,4.564984486542661,4.615218162070005,4.556781518774644,19.540666666666667,18.635483870967743,19.820078948471366,4.45741555403759,4.549685506579776,4.537783775393023,22.6095,20.7732349726776,21.78651036181263,4.4920852180404784,4.483785386483267,4.550262363996027,7.649096630965549
2024-03-06,sz001319,18.76,19.13,19.34,18.75,26043,48073421.38,3.15,2.03,0.38,4.27,4.415691010940724,0.027234558240457396,19.102,19.054,19.025006074473733,4.503877096416083,4.45441628689223,4.490059173262596,19.051,19.114363636363635,18.847632565961668,4.6043379601705965,4.553817925435921,4.547474161286901,17.979999999999997,18.385380952380952,19.076164416097413,4.580301923607798,4.600999735822202,4.543344327552366,19.36733333333333,18.60898924731183,19.775557725989344,4.465572097667737,4.546993600573525,4.529906822847714,22.465,20.659153005464482,21.69941166142533,4.48430978381016,4.481280658381635,4.545850188486017,7.68190503191808
2024-03-07,sz001319,19.16,19.3,19.97,19.1,35365,66735699.24,4.55,0.89,0.17,5.8,4.548573662418466,0.13288265147774236,19.119999999999997,19.12,19.116670716315824,4.4745480451187465,4.469315142226359,4.50956400298122,19.183,19.15963636363636,18.92988119033227,4.597151528678596,4.543678962208261,4.547674070583549,17.9625,18.511095238095237,19.097482090754802,4.593247815202384,4.597977996661314,4.543842359444376,19.221333333333337,18.60464516129032,19.74487658237713,4.480045305422148,4.5523485402348625,4.531111135078085,22.342166666666667,20.555382513661197,21.6207424266245,4.479843574956346,4.483387670795023,4.54593948271331,7.82435821525675
2024-03-08,sz001319,19.25,19.1,19.3,18.87,24428,44961443.0,2.23,-1.04,-0.2,4.01,4.387887911323828,-0.160685751094638,19.077999999999996,19.113333333333333,19.111113810877217,4.437863071457673,4.440428430961386,4.4690053057620895,19.229999999999997,19.144545454545455,18.96081188299913,4.569125965926817,4.505631031780121,4.5186220416272365,17.949,18.61942857142857,19.0977218916353,4.600944203843836,4.578419910577641,4.528989554861467,19.076666666666664,18.596817204301075,19.70327164157861,4.4808032057498215,4.546402901905938,4.52187092709394,22.215666666666667,20.449081967213115,21.538095133948286,4.475465543987344,4.480372731003793,4.5407574639792285,7.652840241103727
2024-03-11,sz001319,19.1,19.68,19.84,18.92,34557,65266331.84,4.82,3.04,0.58,5.67,4.538536032996736,0.15064812167290764,19.192,19.314000000000004,19.300742540584814,4.455829014076004,4.4739860848077395,4.492182214840305,19.259999999999998,19.226363636363637,19.09157335881747,4.554480678592181,4.500069225792835,4.5222427673307815,18.028,18.784285714285716,19.153176949574796,4.606888911181747,4.57247627525887,4.529898743255302,18.969,18.635741935483868,19.70177024534773,4.493515925519503,4.550127600437997,4.522946095216701,22.10166666666667,20.36594535519126,21.477173982015554,4.475182114210061,4.482440615889346,4.540684630176524,7.81468920475338
2024-03-12,sz001319,19.6,20.18,20.18,19.54,42344,81824578.6,3.25,2.54,0.5,6.95,4.626791880983212,0.0882558479864759,19.478,19.64333333333333,19.593828360389878,4.503496099732592,4.530973707110143,4.537052103554608,19.228,19.393636363636364,19.289469111759747,4.545460259253233,4.513216717136658,4.541251697085769,18.2195,18.989238095238097,19.250969621043865,4.626849594215926,4.5743717961923425,4.5391266611341505,18.918666666666663,18.713870967741936,19.732623777905943,4.500231036609622,4.558726049177591,4.52964582333067,22.003,20.302939890710388,21.434643687523238,4.475864013843144,4.4874114279146955,4.543507818727562,7.912883777351066
2024-03-13,sz001319,20.16,20.39,20.58,19.99,36617,72300897.0,2.92,1.04,0.21,6.01,4.563682760041693,-0.06310912094151888,19.73,19.947333333333333,19.859218906926586,4.533094449552786,4.551035927213176,4.545928989050303,19.416,19.60490909090909,19.489565636894337,4.518485772984435,4.516529899098195,4.545330072168664,18.4715,19.19595238095238,19.359448704753973,4.6158782331438335,4.568355907223368,4.541465337220583,18.877666666666663,18.808795698924733,19.775035147073304,4.509973791262977,4.562819708753854,4.5318417547313805,21.903333333333332,20.250054644808746,21.400393074817558,4.47703001202782,4.490290731068746,4.544169292213271,7.859143685395965
2024-03-14,sz001319,20.26,20.33,20.73,19.81,34002,67082629.0,4.51,-0.29,-0.06,5.58,4.53150446302514,-0.032178297016552726,19.936,20.147333333333332,20.01614593795106,4.529680609674122,4.5505059317039604,4.541120813708583,19.528,19.771090909090912,19.64237188473173,4.502114327396434,4.5188969336510505,4.542816325051659,18.7755,19.37295238095238,19.451882161444072,4.60154909295161,4.560320310069207,4.540516682535302,18.834666666666667,18.902494623655915,19.810839331133092,4.5192686437137946,4.564208784351413,4.531819993976139,21.7995,20.198469945355196,21.365298219905505,4.477266508317158,4.492076778642429,4.54375405191202,7.826610074473994
2024-03-15,sz001319,20.33,20.86,20.95,20.1,44968,90000041.0,4.18,2.61,0.53,7.38,4.652903572284881,0.12139910925974107,20.288,20.455333333333332,20.297430625300706,4.582683741866332,4.5915802525742135,4.578381733234016,19.683,20.013272727272728,19.863758814780507,4.5102734066620025,4.546313159994406,4.562832188184972,19.0455,19.57147619047619,19.585988622258924,4.595575618762095,4.565211212862851,4.5512201958447855,18.790000000000003,19.033161290322578,19.878527116221278,4.5298822973985775,4.572830392646322,4.539631837737994,21.712666666666667,20.16766666666667,21.348731065154503,4.4797623954951815,4.497835370903666,4.54733272471113,7.954242707284544
2024-03-18,sz001319,21.1,20.76,21.21,20.43,52066,104497208.0,3.74,-0.48,-0.1,8.54,4.7165542140372105,0.06365064175232948,20.503999999999998,20.612666666666666,20.451620416867136,4.618287378074427,4.636203743297839,4.624439226835081,19.848000000000003,20.20909090909091,20.026711757547684,4.537058196075216,4.583818761335352,4.590781647430833,19.264000000000003,19.734761904761907,19.697799229662838,4.594971844734514,4.576732983841434,4.5669662928154935,18.746666666666666,19.160258064516125,19.935396334529585,4.546283865708915,4.584873742106879,4.551046184596008,21.629666666666665,20.13643169398907,21.329428407280584,4.483248798171734,4.505599037085371,4.552880970262804,8.01910468694093
2024-03-19,sz001319,20.51,20.7,20.93,20.51,39696,79792219.9,2.02,-0.29,-0.06,6.51,4.598746746928134,-0.11780746710907675,20.608,20.678,20.53441361124476,4.612678351263411,4.6296901995824085,4.615875066866099,20.043,20.364,20.149127801629923,4.558087225498002,4.595034861490428,4.592229847339433,19.457,19.87152380952381,19.7932469220759,4.596579059210565,4.577092498336064,4.569993002730983,18.719999999999995,19.286279569892475,19.984725603269613,4.5626853995277745,4.5882584441210215,4.554123640230339,21.55166666666667,20.10595081967213,21.308791410320566,4.485146760075196,4.509385855077384,4.554384766219044,7.9019605477514805
2024-03-20,sz001319,20.57,20.72,20.95,20.55,28770,57953233.34,1.93,0.1,0.02,4.72,4.458939861890326,-0.13980688503780758,20.674,20.715333333333334,20.59627574082984,4.591729771633139,4.5784440364580465,4.563563331874175,20.202,20.48709090909091,20.252922746788116,4.562412110592963,4.577008068107214,4.567995304530504,19.6265,19.991809523809522,19.881509119973433,4.5833750353817795,4.563984003353184,4.55941651312711,18.720666666666666,19.415311827956987,20.032162661123188,4.574338652602853,4.581565183628283,4.547982751305177,21.468000000000004,20.07868306010929,21.28948677391661,4.482003433699389,4.508526612513947,4.551255425093512,7.763077671232264
2024-03-21,sz001319,20.73,20.62,20.83,20.33,28497,56991688.26,2.41,-0.48,-0.1,4.67,4.454799142393656,-0.004140719496669831,20.732,20.697333333333333,20.60418382721989,4.576388707506842,4.532800493378219,4.527308602047336,20.334,20.56309090909091,20.319664065553912,4.553034658590482,4.557442073889159,4.547414184141986,19.758499999999998,20.08642857142857,19.951841584737867,4.575093093634539,4.551738680211458,4.549452954009638,18.753,19.537849462365593,20.070087650728148,4.579843429665084,4.573852957163174,4.541970905568951,21.3845,20.050879781420765,21.267536387886558,4.4830326116323365,4.50763466853671,4.548092924021385,7.755811522233387
2024-03-22,sz001319,20.54,20.25,20.69,20.02,23465,46168476.44,3.25,-1.79,-0.37,3.85,4.370420558548513,-0.08437858384514296,20.610000000000003,20.53666666666667,20.48612255147993,4.519892104759569,4.464144443725443,4.475012587547729,20.449,20.547818181818183,20.306997871816836,4.55128792331295,4.524239510245165,4.515233524943173,19.839499999999997,20.1332380952381,19.98023762428664,4.560206944619884,4.532246057822314,4.532402249680007,18.782333333333334,19.634430107526878,20.081694899068268,4.584392110333541,4.56034180418791,4.530903141245052,21.299333333333333,20.01368306010929,21.234174539103392,4.484165634873648,4.503942470074945,4.542267600563258,7.664345543067096
2024-03-25,sz001319,20.19,19.6,20.35,19.57,20570,39915859.44,3.85,-3.21,-0.65,3.37,4.313234291694724,-0.05718626685378947,20.378,20.2,20.19074836765329,4.43922812029107,4.395258506037162,4.421086488930061,20.441,20.393454545454542,20.178452804213773,4.528757749182749,4.480957031769123,4.478506391625273,19.8505,20.11042857142857,19.944024517211723,4.541619213887466,4.508724852781821,4.511529110824265,18.832333333333334,19.687182795698924,20.0506178088058,4.580845190515413,4.542847751372504,4.516859989661159,21.197833333333335,19.957967213114756,21.180595046018034,4.481537460513561,4.498338163741209,4.534758311747896,7.601145484628772
2024-03-26,sz001319,19.56,20.3,20.38,19.48,27956,54238445.0,4.59,3.57,0.7,4.59,4.4464750318017865,0.13324074010706255,20.298000000000002,20.174,20.227165578435528,4.408773777265802,4.397674143207401,4.429549336553969,20.453,20.367818181818183,20.200552294356722,4.510726064264607,4.465996537699857,4.472682508021003,19.8405,20.1532380952381,19.97792694414394,4.528093161758919,4.499663502106995,4.505333484250696,18.964,19.781870967741934,20.06670698243123,4.588141750898819,4.53417870887485,4.512319024637974,21.102833333333333,19.92853005464481,21.151723077296133,4.478191114490236,4.497188575914594,4.531863777979171,7.7343072299445526
2024-03-27,sz001319,20.39,19.64,20.83,19.6,53634,104999036.98,6.06,-3.25,-0.66,8.8,4.729440187661316,0.28296515585952964,20.082,19.954666666666665,20.03144371895702,4.46287384242,4.504562946672572,4.529512953589752,20.378,20.220000000000002,20.09863369538277,4.52730180702657,4.505762741953805,4.5193657225010595,19.897,20.13414285714286,19.94574342565404,4.522893790005502,4.518839409335794,4.526676979813613,19.107000000000003,19.825483870967748,20.039177499693732,4.5863527577714125,4.543294737053076,4.526326841607222,20.997,19.880568306010925,21.102158386237242,4.477688956863413,4.505426250444793,4.538341693050717,8.021185315868129
2024-03-28,sz001319,19.5,20.05,20.35,19.2,33345,64443364.12,5.86,2.09,0.41,5.47,4.5230307217546715,-0.20640946590664466,19.968,19.944000000000003,20.03762914597135,4.476520158292202,4.524615239784129,4.527352209644725,20.35,20.160363636363638,20.089791205313173,4.526454432899522,4.504986180995278,4.520032086001716,19.939,20.148714285714284,19.9556726232108,4.514284380147979,4.518852450454763,4.526329717141332,19.300333333333334,19.88632258064516,20.039875725519945,4.576517539600914,4.5392094444068345,4.5261141887135095,20.91283333333333,19.849519125683056,21.06766138996717,4.477787744142036,4.50691286568713,4.53783969399183,7.809178203699651
2024-03-29,sz001319,20.07,20.11,20.47,19.86,23220,45413210.0,3.04,0.3,0.06,3.81,4.365862215402555,-0.1571685063521162,19.94,19.991333333333333,20.061752763980902,4.475608489663011,4.487729258820914,4.473522211564003,20.275,20.116727272727275,20.093465531619866,4.497750297211289,4.475787595995829,4.4920012004382315,19.979000000000003,20.165,19.970370468619294,4.504011851936646,4.504717006193293,4.511047097928115,19.455333333333332,19.938559139784946,20.044399872260595,4.5629671782451595,4.5256187783295205,4.515775351725706,20.821666666666665,19.823196721311472,21.036262655869887,4.469962662603295,4.503243176220261,4.532201088136444,7.657182200778214
2024-04-01,sz001319,20.3,20.88,20.99,20.12,38312,77052460.0,4.33,3.83,0.77,6.28,4.5833348240345515,0.21747260863199624,20.196,20.304666666666666,20.334501842653935,4.529628596130976,4.52363803694476,4.510126415720853,20.287,20.226727272727274,20.23647179859807,4.484428358211024,4.491348419054604,4.50860731381938,20.067500000000003,20.250809523809526,20.057001852560315,4.510743277143119,4.512271574964523,4.517931643271585,19.605,20.03047311827957,20.098309557921205,4.55812401589335,4.526932819993353,4.5201340273585355,20.73933333333333,19.82510928961749,21.03113929010366,4.467235430646733,4.506960296267187,4.533877604067529,7.886786508691957
2024-04-02,sz001319,21.32,20.93,21.45,20.45,50549,102481189.48,4.79,0.24,0.05,8.29,4.70371256845763,0.12037774442307825,20.322000000000003,20.549333333333333,20.533001228435957,4.581076103462144,4.5816660277203125,4.574655133299779,20.31,20.343636363636364,20.362567835216602,4.4949249403639735,4.531218275463078,4.544080996480879,20.1765,20.33295238095238,20.140144533268856,4.526506082930988,4.530649602708762,4.535625064717875,19.741333333333333,20.115956989247312,20.151967005797257,4.562694352928367,4.53632562983621,4.531977804203639,20.651999999999997,19.831360655737704,21.027823247805177,4.4681547208599826,4.514713645047872,4.539445963555728,8.010644157540712
2024-04-03,sz001319,20.66,20.03,20.9,19.83,36088,70580622.32,5.11,-4.3,-0.9,5.92,4.557362814089654,-0.14634975436797593,20.4,20.451999999999998,20.36533415229064,4.546660628747812,4.573761597929481,4.568891026896404,20.241,20.29272727272727,20.30210095608631,4.5047672355839055,4.542570616140475,4.546495872409747,20.2215,20.319,20.12965457771944,4.533589673088434,4.5335883390095875,4.537695326562806,19.831333333333337,20.13458064516129,20.144098166713565,4.557172435449155,4.5359816595885505,4.533615546776931,20.54483333333333,19.810967213114758,20.995107731483692,4.463790630851073,4.517638500563599,4.540033401278152,7.848685483280828
2024-04-08,sz001319,20.12,20.48,21.46,20.0,62634,125517369.86,7.29,2.25,0.45,10.27,4.796810147969161,0.23944733387950734,20.485999999999997,20.478666666666665,20.403556101527094,4.60141651399071,4.657144771003264,4.64486406725399,20.227,20.336181818181817,20.334446236797888,4.538968336141457,4.5956693274832485,4.592007558875095,20.2805,20.343619047619047,20.163020808412828,4.546001497365969,4.558656955664895,4.562372928601507,19.914666666666665,20.176430107526883,20.165769252732044,4.563051507803511,4.551442157170486,4.5505958436280425,20.453500000000002,19.808841530054647,20.97821895340226,4.4683507999114624,4.528557173255996,4.548452311005726,8.098703830298
2024-04-09,sz001319,20.32,21.54,21.85,20.0,112282,230336638.76,9.03,5.18,1.06,18.42,5.0503101398123125,0.2534999918431513,20.772,20.83,20.782370734351396,4.738306098872662,4.806775979610465,4.780012758106764,20.356,20.574909090909088,20.553637830107363,4.606957294267836,4.688640564514313,4.67533530086368,20.402499999999996,20.463571428571427,20.29416168380208,4.579122608790394,4.606686350183596,4.608843139193012,20.011666666666667,20.28129032258065,20.25442930094288,4.575790394502534,4.582878197945248,4.582835475639931,20.38583333333333,19.84446448087432,20.99663800411038,4.4802253275855906,4.547637807351106,4.564906666048565,8.362363025005887
2024-04-10,sz001319,21.31,20.86,21.7,20.47,80746,164104218.8,5.71,-3.16,-0.68,13.24,4.907121017430941,-0.14318912238137127,20.768,20.859333333333332,20.808247156234266,4.80306333755194,4.863047619129891,4.82238217788149,20.482,20.666545454545457,20.609340042815113,4.666345966841458,4.743215786907606,4.717478158421364,20.4615,20.507142857142856,20.348051047249502,4.597551858012103,4.637924293863647,4.637250556168053,20.061,20.336021505376344,20.293498378301408,4.583194798205463,4.604254367166435,4.603757123497416,20.314833333333336,19.860010928961746,20.992158069549383,4.489641903376845,4.561634387346035,4.5761268087168405,8.215119746062289
2024-04-11,sz001319,20.6,20.2,20.63,20.01,52003,102127476.87,2.97,-3.16,-0.66,8.53,4.716028398362953,-0.19109261906798825,20.621999999999996,20.67,20.605498104156176,4.805526503533004,4.834035972733562,4.786930918041978,20.472,20.61527272727273,20.53491458048509,4.693301303497575,4.7522489562751495,4.717214565683471,20.4625,20.4822380952381,20.333950947511454,4.602013683881091,4.649207773897061,4.644753207805662,20.051,20.34498924731183,20.28746622486261,4.583162542338471,4.612824276854015,4.611000431553257,20.24816666666667,19.856245901639344,20.966185673826452,4.4912707236433835,4.569056895378367,4.580713746082287,8.00914260249449
2024-04-12,sz001319,20.01,19.35,20.17,19.25,47931,91175938.01,4.55,-4.21,-0.85,7.86,4.680616489912953,-0.03541190844999953,20.485999999999997,20.246,20.18699873610412,4.830177238697664,4.7923993015268795,4.751492775332304,20.443,20.411272727272724,20.319475565851437,4.688418933722739,4.7499426265324916,4.710560370088831,20.4105,20.376285714285718,20.240241333462745,4.607860370374653,4.656693755423905,4.648168758482546,20.079,20.299763440860215,20.22698453293599,4.578068837911248,4.619111628310435,4.615491790157108,20.1615,19.82679781420765,20.913195979602634,4.49680892618026,4.575264953288844,4.583989245880014,7.959880239992087
2024-04-15,sz001319,19.4,18.46,20.0,18.16,45613,82898019.72,9.51,-4.6,-0.89,7.48,4.659088637042495,-0.021527852870458553,20.082,19.570666666666668,19.611332490736082,4.802632936512331,4.735369767641823,4.720691395902367,20.284,20.050727272727272,19.981389099332993,4.702024725251521,4.7446098453179015,4.701201873171315,20.317,20.190523809523807,20.070694539799625,4.614239579075521,4.6615726379637,4.649208746916828,20.054,20.19531182795699,20.112985530811088,4.576864495182492,4.624338712125353,4.618304489956166,20.06566666666667,19.77101092896175,20.832763324533694,4.503799990710198,4.580585599546623,4.586451521000095,7.918544156184185
2024-04-16,sz001319,18.46,16.67,18.46,16.67,52691,85900286.58,9.7,-9.7,-1.79,8.64,4.721736440940614,0.06264780389811886,19.107999999999997,18.433333333333334,18.63088832715739,4.7369181967379905,4.708404269117917,4.72103974424845,19.94,19.393636363636364,19.37931835399972,4.737612147805327,4.748193793625009,4.70493543094755,20.107499999999998,19.843190476190475,19.746818869342516,4.617681222508308,4.671810434331804,4.656116146347665,19.966,19.976989247311828,19.89085743204908,4.581878617226207,4.633685289271037,4.624977519051937,19.933833333333336,19.659677595628416,20.696279281106357,4.5110621460245515,4.587731056931227,4.590887092145685,7.9339946127242
2024-04-17,sz001319,17.0,18.08,18.09,17.0,48332,82821803.26,6.54,8.46,1.41,7.93,4.6842347668126285,-0.03750167412798522,18.552,18.090666666666667,18.447258884771593,4.692340946614328,4.690843125809463,4.708771418436509,19.66,19.055454545454545,19.143078653272497,4.747702142083134,4.7384888152627,4.70117167383211,19.973499999999998,19.65009523809524,19.588074215119416,4.616065250147079,4.678148867122691,4.6587941102014705,19.93166666666667,19.85531182795699,19.774027920303983,4.589729565456457,4.640288911825,4.6288005672945625,19.828500000000002,19.59889617486339,20.61049963254549,4.519817641784969,4.593408847776737,4.593947671642962,7.918144682062782
2024-04-18,sz001319,17.99,18.19,18.74,17.86,32738,57983522.1,4.87,0.61,0.11,5.37,4.5150521443644145,-0.16918262244821403,18.150000000000002,17.970000000000002,18.361505923181063,4.652145695814621,4.631746858392825,4.6441983270791445,19.386000000000003,18.78818181818182,18.96979162540477,4.728836099673812,4.69618881567748,4.667331759383438,19.848,19.480238095238096,19.45492428986995,4.611880520018893,4.668528571333866,4.64510439916937,19.913,19.742946236559142,19.671832570606952,4.593949421845263,4.6354710136900295,4.621461959363586,19.726833333333335,19.545174863387977,20.531138988855474,4.525682487941427,4.59325260195967,4.591360933043664,7.763304592221748
2024-04-19,sz001319,18.17,17.84,18.32,17.75,27049,46994023.0,3.13,-1.92,-0.35,4.44,4.432151213896942,-0.08290093046747238,17.848000000000003,17.866666666666667,18.187670615454042,4.6024526406114195,4.558415364420266,4.573515956018411,19.167,18.50709090909091,18.764374966240265,4.716314939654541,4.642246109172594,4.624571660204075,19.704,19.289,19.301121976549002,4.610541087619223,4.651411494560346,4.624823143429139,19.87,19.60920430107527,19.553649824116185,4.594498095277136,4.625032419628848,4.609248362881868,19.61866666666667,19.483311475409835,20.442904923647095,4.530035096472437,4.590186002810671,4.586140942251968,7.672042625101991
2024-04-22,sz001319,17.68,17.6,17.87,17.0,24674,41773106.0,4.88,-1.35,-0.24,4.05,4.392239560398111,-0.03991165349883108,17.676,17.784,17.991780410302695,4.549082825282542,4.488344337682496,4.513090490811644,18.878999999999998,18.22218181818182,18.552670426923854,4.6758578808974365,4.583323312944151,4.582329460239354,19.553000000000004,19.088619047619048,19.13911035973481,4.607413108519447,4.630620872920242,4.602672325997612,19.813333333333333,19.462752688172042,19.42760789997966,4.589286958543124,4.611983481894717,4.59524779497969,19.517333333333333,19.417125683060107,20.34969492615047,4.534666131982635,4.585668116382004,4.579783519896104,7.620896768023339
2024-04-23,sz001319,17.84,17.86,17.87,17.56,19483,33419550.0,1.76,1.48,0.26,3.2,4.28965583052675,-0.10258372987136077,17.914,17.845333333333333,17.947853606868463,4.46266670319977,4.401868672763898,4.43861227071668,18.511000000000003,18.03690909090909,18.426730349301334,4.599792449968881,4.513104758331299,4.52911607301888,19.433500000000002,18.927380952380954,19.017290325474352,4.603374872118358,4.600358275016174,4.572861231190863,19.772000000000002,19.3367311827957,19.326471906432584,4.586012555849889,4.592652441377533,4.575532184369823,19.424333333333333,19.362786885245903,20.26806558430947,4.533407880799856,4.577634991744105,4.570271136638092,7.524000597746702
2024-04-24,sz001319,18.1,18.54,18.54,17.9,27978,49705830.0,3.58,3.81,0.68,4.59,4.446816665838136,0.15716083531138558,18.006,18.054,18.14523573791231,4.415183083004871,4.3965853269766875,4.441347069090499,18.279000000000003,18.04218181818182,18.447324831246544,4.5537620148096,4.485290979398437,4.514152544440562,19.3805,18.842285714285715,18.971834104000603,4.610053990825529,4.585447969656154,4.560856986871556,19.733999999999998,19.25724731182796,19.275731783436935,4.582955243611268,4.583672061376775,4.567227957367779,19.351499999999998,19.333792349726778,20.21140769629932,4.538235584565386,4.574795935515852,4.56622344907088,7.696407330148587
2024-04-25,sz001319,18.43,19.03,19.15,18.43,31619,57967343.0,3.88,2.64,0.49,5.19,4.4999481305756515,0.05313146473751562,18.174,18.395333333333333,18.44015715860821,4.412162280247118,4.4248403428336145,4.460880756252217,18.162,18.178727272727276,18.5532657710199,4.53215398803087,4.475506636810446,4.51156992373785,19.317,18.80890476190476,18.977373713143404,4.612727645764222,4.5749616972514024,4.555056143414803,19.695666666666668,19.211827956989247,19.25987811998939,4.578727118597683,4.578316763761573,4.56288732338119,19.307166666666667,19.32325136612022,20.17267301773213,4.539479077603653,4.5735406091555335,4.564050487808741,7.763183394438675
2024-04-26,sz001319,18.97,18.9,19.0,18.5,37238,67808458.38,2.63,-0.68,-0.13,6.11,4.570986347596933,0.07103821702128155,18.386,18.637333333333334,18.593438105738805,4.439929306987116,4.477781698616886,4.497582620033789,18.117,18.31290909090909,18.61630835810719,4.521190973799267,4.482567065822458,4.522372909894047,19.28,18.769190476190474,18.97000478808213,4.604804953761003,4.5709863355211855,4.556573305717864,19.646,19.160494623655918,19.23666017676427,4.578970571516192,4.577817359180879,4.563409841072528,19.261833333333335,19.309901639344265,20.13094603354419,4.544472181389584,4.574573634401215,4.564277893047698,7.831283870838154
2024-04-29,sz001319,19.14,19.42,19.45,19.0,30218,56441843.0,2.38,2.75,0.52,4.96,4.480265716862462,-0.09072063073447101,18.75,18.982000000000003,18.868958737159204,4.457534538279987,4.491227168575334,4.491810318976681,18.213,18.549818181818182,18.76243411117861,4.503308681781264,4.475126110015766,4.514717056615576,19.2485,18.78252380952381,19.01286147493145,4.602666703516393,4.559125455816562,4.549305916303064,19.615666666666666,19.145913978494626,19.2484885524569,4.577262613310769,4.571449304041929,4.558045704026718,19.225166666666667,19.315087431693986,20.107636327526347,4.548265628512282,4.572468504416721,4.561523395467854,7.75160118636619
2024-04-30,sz001319,19.67,19.53,19.96,19.25,32613,61957933.42,3.66,0.57,0.11,5.35,4.513390750462478,0.033125033600016174,19.084,19.242,19.089305824772804,4.502281522267133,4.509845905969498,4.499003796138614,18.499000000000002,18.789272727272724,18.901991545509773,4.482474112733451,4.47695921341235,4.514475910042286,19.2195,18.809333333333335,19.062112763033216,4.610043130269388,4.550622984097142,4.5458854243182465,19.57133333333333,19.14038709677419,19.26665058133065,4.572612185916689,4.567328538696879,4.555164739280638,19.18066666666667,19.325081967213116,20.088697431541878,4.5512472416576335,4.571325065792135,4.559945275959481,7.792096923624642
2024-05-06,sz001319,19.68,19.85,19.96,19.66,27035,51995004.38,1.54,1.64,0.32,4.43,4.431926373911644,-0.0814643765508345,19.345999999999997,19.497333333333337,19.342870549848538,4.499303463881834,4.486394189851002,4.47664465539629,18.676,19.034909090909093,19.074356719053448,4.457243273443352,4.467768715444749,4.499466903473078,19.168,18.869380952380954,19.137149642744337,4.602472707763243,4.533659483491642,4.5350321814223795,19.541,19.158365591397853,19.304286027696417,4.5631245912458365,4.558252034696552,4.547213876998768,19.143833333333337,19.34702732240437,20.080871286245422,4.554704228477376,4.567412906193906,4.555747934908732,7.715961619126698
2024-05-07,sz001319,19.84,19.79,20.04,19.68,27259,52374325.0,1.81,-0.3,-0.06,4.47,4.435509919640698,0.003583545729054727,19.497999999999998,19.645333333333333,19.491913699899026,4.486415821694843,4.465129675103957,4.462933076811093,18.836000000000002,19.237454545454543,19.204473679225547,4.449289050970981,4.463817196571539,4.487838360958099,19.110999999999997,18.928619047619048,19.199325867244877,4.589062575322397,4.5177582655752095,4.525553870776505,19.510666666666665,19.174430107526884,19.335622413006327,4.557683363669589,4.550018830076866,4.540007170072442,19.115333333333336,19.368213114754095,20.071334522761966,4.560184381598682,4.563504896068114,4.5518057048999445,7.719118438825629
2024-05-08,sz001319,19.8,19.41,19.85,19.37,21482,40854678.87,2.43,-1.92,-0.38,3.52,4.332074712247686,-0.10343520739301226,19.6,19.616,19.46460913326602,4.438633494624994,4.413682638621571,4.419313621956624,18.993000000000002,19.34181818181818,19.241842101184538,4.439281400806055,4.442505498621849,4.459517697556206,19.080000000000002,18.957095238095242,19.219390070364412,4.577798170230298,4.493283230996666,4.50712728424995,19.467,19.167935483870966,19.340420967005922,4.553454525348168,4.535463433210936,4.526592172793426,19.093833333333336,19.37787431693989,20.049651423655014,4.563896588975511,4.556025890515622,4.5446014100588865,7.611241801163675
2024-05-09,sz001319,19.41,19.62,19.78,19.41,15626,29799721.0,1.91,1.08,0.21,2.56,4.193847819973557,-0.13822689227412877,19.64,19.622666666666667,19.516406088844015,4.381349915247212,4.332087413737758,4.344158354628935,19.195,19.455818181818184,19.310598082787347,4.4194422267636,4.397881211197759,4.411214083450269,19.037,19.00852380952381,19.257543396996372,4.547650053830518,4.456716530972214,4.477291144795056,19.433666666666667,19.177806451612902,19.358458323973284,4.544756147934164,4.512263000606124,4.5051247951921445,19.09333333333333,19.39512568306011,20.035564491731897,4.562299788799623,4.543893143990968,4.533101292351171,7.4742121980115686
2024-05-10,sz001319,19.7,19.28,19.7,19.22,15461,29004799.0,2.45,-1.73,-0.34,2.54,4.189237580166831,-0.004610239806726035,19.59,19.502666666666663,19.437604059229344,4.316519281188083,4.268049968710966,4.2925180964749,19.337,19.47127272727273,19.305034795007828,4.409400401727607,4.356025820907438,4.370854719216917,18.924,19.031666666666666,19.259682121091956,4.504596425848243,4.4225820096709105,4.449857471973321,19.401333333333337,19.16789247311828,19.353396496620167,4.538716715321442,4.489326318814683,4.4847449748679304,19.091833333333334,19.401245901639342,20.010791885445606,4.561554412827491,4.531661596166942,4.521827072279553,7.462469860202053
2024-05-13,sz001319,19.15,18.45,19.15,18.43,21239,38237961.0,3.73,-4.3,-0.83,3.48,4.327134064918578,0.13789648475174676,19.31,19.122666666666667,19.108402706152898,4.29556081938947,4.271588229954464,4.3040567526227935,19.328,19.31,19.14957392318822,4.397432141635652,4.341068305123978,4.3629055093444915,18.8035,18.986523809523813,19.182569538130817,4.475597078222625,4.405680832439514,4.4381695284442975,19.363,19.106516129032258,19.295112851676933,4.5391800410955705,4.475675825240304,4.474576529064747,19.097666666666665,19.38020218579235,19.959618381004763,4.560012615805491,4.5239756831207485,4.515443694989029,7.582494725914259
2024-05-14,sz001319,18.5,18.81,18.96,18.5,19435,35396801.0,2.49,1.95,0.36,3.19,4.288584544967285,-0.0385495199512933,19.113999999999997,18.956000000000003,19.008935137435266,4.266175744454787,4.2692628051470685,4.298899350070958,19.306,19.21581818181818,19.08783320988127,4.376295783074815,4.321277833002456,4.349392606730454,18.734,18.987142857142857,19.1470867249755,4.454224885552843,4.387870114986624,4.423923339541725,19.313333333333336,19.070838709677417,19.26381524834294,4.533917024867753,4.459508373877189,4.462577046219749,19.138666666666666,19.37077049180328,19.921925975070177,4.561029387883286,4.515076402109659,4.508005690070283,7.54896401426236
2024-05-15,sz001319,18.99,18.69,18.99,18.61,13636,24845246.62,2.02,-0.64,-0.12,2.24,4.134686992556854,-0.1538975524104309,18.970000000000002,18.814666666666664,18.902623424956843,4.226698200516621,4.225433221181091,4.244161897566257,19.285000000000004,19.103818181818184,19.015499898993767,4.332665847570807,4.2773489619991905,4.310355222335254,18.701,18.98295238095238,19.103554655930218,4.426928410685038,4.357437934701292,4.396377020781261,19.281666666666663,19.03062365591398,19.22679490974017,4.5140919183642705,4.433751597599065,4.44142284920924,19.194333333333336,19.35606010928962,19.881534959494108,4.550222338067841,4.501097962918629,4.495765732774761,7.395243312016289
2024-05-16,sz001319,18.75,18.77,18.95,18.7,11431,20835363.45,1.34,0.43,0.08,1.88,4.058084224750925,-0.07660276780592934,18.8,18.748,18.858415616637895,4.199545481472095,4.169228562592525,4.182136006627813,19.22,19.01018181818182,18.97086355372217,4.290447698359654,4.227425030577394,4.264487768229012,18.716500000000003,18.98952380952381,19.071787545841623,4.396878190070458,4.322309916993281,4.364158659254563,19.238999999999997,18.997612903225804,19.197324270402095,4.498593701797479,4.4043317463982055,4.41669132505064,19.26966666666667,19.34214754098361,19.845091190330365,4.537555620699196,4.484962287072173,4.48141551939693,7.318801080648959
2024-05-17,sz001319,18.88,18.94,19.03,18.69,13678,24994966.0,1.81,0.91,0.17,2.24,4.136022599397011,0.07793837464608622,18.732,18.794666666666668,18.885610411091932,4.188902485318129,4.148054268567497,4.166764870884212,19.161,18.959272727272726,18.96525199849996,4.252710883253107,4.199347739856913,4.241130464805011,18.830000000000002,19.010809523809527,19.059236350999562,4.367592497993279,4.2974665274053345,4.342431415458606,19.2,18.978322580645163,19.180722704569703,4.490932381263962,4.380940062372368,4.398583665331051,19.32766666666667,19.331338797814208,19.815416069335928,4.526949779754561,4.471797269980297,4.470091161364146,7.39785255032956
2024-05-20,sz001319,18.93,18.82,19.08,18.77,12838,23516622.0,1.64,-0.63,-0.12,2.11,4.1084973713482595,-0.027525228048751238,18.806,18.824,18.86374027406129,4.145175146604067,4.121252563910874,4.147342371038896,19.058,18.89727272727273,18.93884254422724,4.220367982996769,4.173127101328759,4.217015356903784,18.867,19.009857142857147,19.03645193661865,4.33880562822006,4.272790801058189,4.320151982686192,19.13133333333333,18.95380645161291,19.15745027201682,4.475104466174418,4.356266835926195,4.379868420557968,19.368166666666664,19.31469398907104,19.782779476898682,4.516614241033883,4.458077518885008,4.458235627265264,7.371374938487418
2024-05-21,sz001319,18.91,18.55,18.92,18.33,18459,33098934.0,3.13,-1.43,-0.27,3.03,4.266208169807691,0.1577107984594317,18.753999999999998,18.73866666666667,18.759160182707525,4.140699871572148,4.161596904978749,4.186964303961828,18.934000000000005,18.804909090909092,18.868143899822286,4.203437808013468,4.181461680748926,4.225959504704494,18.885,18.97966666666667,18.990123180750206,4.326363429492224,4.265876757399869,4.315014476697764,19.052000000000003,18.916301075268816,19.1182599318867,4.460520986219421,4.342789655515439,4.372535501154724,19.396666666666665,19.287868852459013,19.742360477656103,4.511607669573894,4.449867483762838,4.45193964505354,7.519814006906452
2024-05-22,sz001319,18.56,18.55,18.74,18.42,11997,21525745.0,1.73,0.0,0.0,1.97,4.0790726588531845,-0.18713551095450676,18.726,18.670666666666666,18.68944012180502,4.129577004831414,4.141054500739093,4.151000422258948,18.848,18.73509090909091,18.810299554400054,4.178137602674018,4.158849835447056,4.199252805458801,18.9205,18.947761904761904,18.948206687345426,4.308709501740036,4.242325255434246,4.292543827379232,19.002666666666663,18.883913978494625,19.081598000797236,4.444577981044872,4.318180086007939,4.353602414554626,19.416999999999998,19.260109289617485,19.703266691503444,4.500875208247013,4.435686008001503,4.439714497965004,7.332958191196075
2024-05-23,sz001319,18.62,18.1,18.7,18.02,12751,22509084.0,3.67,-2.43,-0.45,2.09,4.105544245746573,0.02647158689338891,18.592000000000002,18.462,18.49296008120335,4.139069009030544,4.133043581044147,4.1358483634214895,18.696,18.59909090909091,18.68115418087277,4.16930724525132,4.145651043278431,4.182214885511123,18.945500000000003,18.869619047619047,18.867425098074435,4.294374736007459,4.222976183434868,4.274734343414217,18.923333333333336,18.82567741935484,19.018269097519998,4.421535784304118,4.296306941795145,4.3375986617283,19.419,19.216928961748632,19.650700570470544,4.492293646053815,4.422724337099849,4.428758096252924,7.352357821884582
2024-05-24,sz001319,18.12,17.88,18.17,17.8,14897,25838218.0,2.04,-1.22,-0.22,2.44,4.1730988177662285,0.06755457201965509,18.380000000000003,18.224666666666668,18.288640054135566,4.146484252704388,4.144386850622708,4.148265181536402,18.556,18.45072727272727,18.535489784350446,4.167693369011259,4.146340420099324,4.180557418648415,18.9465,18.768142857142855,18.773384612543534,4.288546885369433,4.211426095983322,4.26505476954298,18.801333333333332,18.758365591397848,18.944832381550967,4.392295406902582,4.2802787504056035,4.326985768569457,19.4065,19.166469945355196,19.59264481406167,4.484042900702559,4.4122589328937,4.42037582482713,7.412262558105803
2024-05-27,sz001319,17.9,17.96,18.14,17.64,13593,23399097.0,2.8,0.45,0.08,2.23,4.133315316898848,-0.03978350086738036,18.208,18.08466666666667,18.17909336942371,4.151447841814505,4.139997205354195,4.143281893323884,18.506999999999998,18.342363636363636,18.430855278104907,4.1483114942092865,4.140089865169793,4.171967945603039,18.9175,18.674190476190475,18.69591941134891,4.272871817922469,4.196642137081362,4.252508155005443,18.704666666666665,18.704086021505375,18.881294808547683,4.366501883551512,4.263570357502138,4.31449090071974,19.382833333333334,19.119043715846995,19.539115475895716,4.474848340878489,4.400759667850956,4.410964004895056,7.369199097774066
2024-05-28,sz001319,18.03,17.69,18.03,17.67,11012,18932395.44,2.0,-1.5,-0.27,1.81,4.041866202721293,-0.0914491141775553,18.036,17.912,18.016062246282473,4.106579448397225,4.103469992323125,4.10947666312302,18.395,18.193818181818184,18.296154318449467,4.123639659984687,4.12073617580834,4.148313083260903,18.850500000000004,18.55728571428572,18.600117562649015,4.249967721529751,4.174641602300298,4.232447016692666,18.621,18.63862365591398,18.80443707896396,4.344029810363457,4.24262612002922,4.296902210526292,19.336000000000002,19.06354098360656,19.4784887389811,4.463596176350964,4.38656353217367,4.39886243761067,7.277205566977891
2024-05-29,sz001319,17.69,18.02,18.22,17.61,16257,28222673.33,3.45,1.87,0.33,2.67,4.211040405732053,0.16917420301076014,17.93,17.90666666666667,18.017374830854983,4.132972997773,4.138290311434734,4.143331243992698,18.328,18.125636363636364,18.245944442367744,4.131275001302207,4.13662722048968,4.15971805098293,18.8065,18.478190476190477,18.544868270968156,4.231970424436507,4.170934238890993,4.230408291839275,18.576666666666664,18.599849462365594,18.753828235159837,4.328377274224094,4.234046158440097,4.2913627392492435,19.32783333333333,19.02039344262295,19.430669436063685,4.453223056067671,4.378283015104197,4.392704338204814,7.450598148946267
2024-05-30,sz001319,18.02,18.04,18.33,17.85,13805,24169874.77,2.66,0.11,0.02,2.26,4.140036410975282,-0.07100399475677133,17.918,17.94333333333333,18.024916553903324,4.139871430818741,4.140644782502162,4.1422329663202255,18.255,18.07327272727273,18.20849999830088,4.139470219924642,4.138220204066603,4.156139570981539,18.737500000000004,18.405190476190477,18.496785578494997,4.214958959142147,4.162178618561352,4.221801446042704,18.562666666666665,18.56522580645161,18.7077748006334,4.311075533355187,4.22189513500469,4.2815997503283425,19.308333333333334,18.978169398907106,19.38507371684848,4.44397001426884,4.368014600511004,4.384420143869418,7.383274400228136
2024-05-31,sz001319,18.17,18.37,18.43,17.98,14706,26035603.25,2.49,1.83,0.33,2.41,4.1674945616357215,0.027458150660439884,18.016,18.094,18.139944369268882,4.13875057959264,4.149852492774488,4.1506534980920575,18.198,18.09418181818182,18.237863634973447,4.142617416148513,4.143315538923162,4.1582041147368445,18.6795,18.370190476190476,18.48471076149547,4.1976641497008105,4.157658199751217,4.216629361813467,18.619333333333334,18.55279569892473,18.685982878011888,4.292600804045024,4.2126318465066594,4.274238125251399,19.292666666666666,18.9474043715847,19.351792611378038,4.437239710635614,4.358949831572213,4.377307829697822,7.415567644816052
2024-06-03,sz001319,18.41,17.87,18.53,17.73,15135,26413562.28,4.35,-2.72,-0.5,2.48,4.179982425292592,0.012487863656870601,17.998,18.045333333333335,18.04996291284592,4.148084001271388,4.16359644134114,4.160429807158903,18.103,18.034545454545455,18.170979337705546,4.149765921542946,4.150109176949359,4.162163807565162,18.5805,18.29309523809524,18.42616687944828,4.185066952269858,4.155974225998053,4.213139177382908,18.612333333333332,18.504451612903225,18.63333882136596,4.275792392661022,4.205366144651665,4.268157112350831,19.272,18.90075956284153,19.30320924707056,4.432760979058741,4.350515166479,4.370838144307486,7.421826976527579
2024-06-04,sz001319,17.9,17.36,17.9,17.13,17600,29512678.89,4.31,-2.85,-0.51,2.89,4.2455126678141495,0.06553024252155737,17.932,17.832666666666668,17.819975275230615,4.188813294289959,4.19607266352206,4.188790760710652,17.984,17.899454545454546,18.02352854903181,4.147696371343592,4.167517676271396,4.17731814579225,18.459,18.17685714285714,18.324627176643684,4.17556708967853,4.161730960811795,4.216222366947789,18.58466666666667,18.423655913978493,18.551187929664934,4.266807743442681,4.203412614016382,4.266696180445239,19.248833333333334,18.838071038251364,19.23949746847808,4.430378582643971,4.344375877585734,4.366729112291311,7.470008632554531
2024-06-05,sz001319,17.32,16.96,17.41,16.96,13307,22020802.64,2.59,-2.3,-0.4,2.18,4.1240801568797,-0.12143251093444984,17.72,17.508666666666667,17.533316850153746,4.171421244519489,4.174494951051973,4.167220559433668,17.825,17.713272727272727,17.830159721935118,4.152197121146243,4.163223819096142,4.167638511444514,18.3365,18.034095238095237,18.19466268363,4.165167361910131,4.156827443402383,4.207446918369875,18.555333333333333,18.318838709677415,18.4485306438801,4.256538708208772,4.194204382625222,4.257495146666817,19.212666666666667,18.76302732240437,19.164759846560766,4.425518401742954,4.334333306249201,4.358773408835193,7.342833144598045
2024-06-06,sz001319,16.97,16.14,17.05,15.96,26396,41392723.57,6.43,-4.83,-0.82,4.33,4.421538119690085,0.2974579628103857,17.340000000000003,16.982000000000003,17.0688779001025,4.227721586262449,4.2578672427755055,4.25199307951914,17.629,17.40690909090909,17.52285795431055,4.1837965085405955,4.212194909740477,4.213802076580071,18.1625,17.824904761904765,17.998980523284285,4.1765518768959575,4.181243706048092,4.227836556590848,18.506666666666664,18.16301075268817,18.299593182984612,4.257515326851838,4.204849505946598,4.268078564281222,19.16,18.662284153005466,19.065587392575168,4.4234011426974815,4.334202805198287,4.360831268207484,7.616924003170682
2024-06-07,sz001319,16.25,16.56,16.56,16.16,21792,34443008.08,2.48,2.6,0.42,3.57,4.338297090232691,-0.08324102945739398,16.978,16.721999999999998,16.899251933401665,4.261882091981843,4.29472574409892,4.280761083090324,17.497000000000003,17.212545454545452,17.34779287170863,4.200316335787241,4.240285924593586,4.23643753360782,18.026500000000002,17.672285714285714,17.861934759161972,4.184004852399251,4.196648012080162,4.2383566074138805,18.46333333333333,18.037419354838708,18.187361364727543,4.25913670217537,4.210061232616329,4.272608791761962,19.117666666666665,18.577038251366123,18.98343698626123,4.422574629012629,4.331412508396164,4.360092442700114,7.5371010735451645
2024-06-11,sz001319,16.42,16.75,16.77,15.99,16135,25561156.66,4.71,1.15,0.19,2.65,4.207768969739924,-0.13052812049276774,16.753999999999998,16.646,16.849501288934444,4.267439400871309,4.276688036684946,4.256430378640191,17.376,17.076727272727272,17.239103258670696,4.207761701071349,4.241640948948619,4.23122506745002,17.9415,17.550714285714285,17.756036210670356,4.178036597640317,4.198911261350704,4.23544349906398,18.403666666666666,17.926881720430107,18.0946283734548,4.251168445638762,4.206747185362429,4.268425577437959,19.06883333333333,18.499409836065574,18.91020954408873,4.417061844625016,4.324369699895418,4.355098230471911,7.407580502056388
2024-06-12,sz001319,16.77,16.92,17.01,16.7,12869,20980898.14,1.85,1.01,0.17,2.11,4.109544800878346,-0.09822416886157725,16.666,16.70133333333333,16.873000859289633,4.2402458274841495,4.2240565033539585,4.207468519386243,17.299,16.993818181818185,17.18108448436693,4.214529560887054,4.22378333073171,4.209101382618806,17.847,17.45342857142857,17.676413714416036,4.1690846104358705,4.192388233087659,4.223453146855825,18.333333333333332,17.83116129032258,18.018845897748037,4.238155001315519,4.197610176023049,4.258175204756695,19.014499999999998,18.428956284153003,18.844956772151395,4.408441059956601,4.314287173870938,4.347047298354089,7.321824075320702
2024-06-13,sz001319,16.85,16.9,17.13,16.83,11486,18809849.19,1.77,-0.12,-0.02,1.88,4.060168811945148,-0.04937598893319883,16.654000000000003,16.779333333333334,16.882000572859756,4.22746355849724,4.164030831507625,4.158368616905878,17.187,16.92127272727273,17.129978214482033,4.199442401508364,4.195717740014999,4.182022733405414,17.7575,17.363238095238096,17.60246955113832,4.165358701405285,4.182015299898065,4.207902257816713,18.266666666666666,17.73868817204301,17.94666229144171,4.221127750127126,4.186127196063669,4.245400598768853,18.956333333333337,18.359628415300545,18.781187697654627,4.400049160821658,4.302868411641054,4.3376414463406805,7.274385313561364
2024-06-14,sz001319,16.9,16.74,17.23,16.64,11491,18582372.0,3.49,-0.95,-0.16,1.88,4.060357824648616,0.00018901270346827204,16.773999999999997,16.808,16.83466704857317,4.155227499488945,4.10832892022475,4.125698352820124,17.057,16.84,17.05907308457621,4.191474542875698,4.170429635131407,4.159901840904178,17.656,17.266333333333336,17.520329593887052,4.1654723814001695,4.172015216397431,4.1938504070387985,18.17733333333333,17.6401935483871,17.868813111348697,4.207130820386664,4.175754942806991,4.233462355277225,18.896500000000003,18.28696174863388,18.71426351084628,4.392196716848717,4.291730990782922,4.328550180055695,7.269101149956884
2024-06-17,sz001319,16.73,16.69,16.91,16.56,13121,21193038.16,2.09,-0.3,-0.05,2.15,4.117966935491767,0.0576091108431509,16.8,16.779999999999998,16.786444699048783,4.11116146854076,4.09590873222569,4.123121213710672,16.889000000000003,16.773272727272726,16.991968887380533,4.186521780261302,4.157064615607057,4.152277312647376,17.5435,17.174333333333333,17.44125058494543,4.164569598204908,4.167490888215678,4.186623409748606,18.082666666666668,17.544236559139787,17.79276065255201,4.193950026554307,4.170002434104094,4.226011037871712,18.826999999999998,18.214617486338796,18.647894215408694,4.383281106235498,4.282739850410563,4.321645811381467,7.326193220115339
2024-06-18,sz001319,16.69,17.2,17.23,16.6,16957,27840585.0,3.77,3.06,0.51,2.78,4.229349020167703,0.11138208467593635,16.89,16.913333333333334,16.924296466032523,4.115477478626316,4.135304582768005,4.158530482529683,16.822,16.829818181818183,17.029792726038618,4.191458439748812,4.16485138649913,4.166290350378345,17.4625,17.141619047619052,17.41827433876015,4.170612180645881,4.173660356974038,4.190692515502805,17.99433333333333,17.487290322580648,17.754518029806718,4.1871974480961764,4.172286240143669,4.226226391568227,18.767666666666667,18.161273224043715,18.600422273919886,4.3751610196710065,4.277692896768995,4.3186196870793765,7.444678356642643
2024-06-19,sz001319,17.19,16.96,17.34,16.95,11912,19687111.0,2.27,-1.4,-0.24,1.95,4.07598468474412,-0.15336433542358296,16.898000000000003,16.936666666666667,16.936197644021682,4.108765455399471,4.122140318140606,4.131015216601162,16.782000000000004,16.85490909090909,17.017103139486142,4.17450564144181,4.143856158316458,4.1498711384448494,17.383,17.09376190476191,17.374629163640137,4.161101006392701,4.1646482145072055,4.1797679601924544,17.9,17.420559139784945,17.703258802077254,4.175213273599623,4.165111223153213,4.216533378224737,18.705333333333332,18.10200546448087,18.546637937070052,4.366448318634607,4.267883836607457,4.310664441101171,7.294181989941421
2024-06-20,sz001319,17.0,16.49,17.09,16.47,15686,25171597.36,3.66,-2.77,-0.47,2.57,4.195512210674072,0.11952752592995175,16.816,16.800666666666665,16.787465096014458,4.135834135145255,4.15105590323214,4.152514214625466,16.735,16.80181818181818,16.921266205034115,4.181648846821248,4.147675534540506,4.158169515213799,17.279999999999998,17.008714285714284,17.29037876710298,4.166922983983746,4.167925472057812,4.181267412619275,17.802666666666667,17.329591397849462,17.624984040652915,4.170661190213837,4.166420831996726,4.21517717386663,18.634833333333333,18.029371584699454,18.479207185034966,4.362057857781002,4.262279374051374,4.306888958136348,7.400910776240523
2024-06-21,sz001319,16.46,16.57,16.69,16.2,9106,14471651.0,2.97,0.49,0.08,1.49,3.959327645972171,-0.23618456470190097,16.782,16.718666666666667,16.714976730676305,4.115628099409966,4.092220406841112,4.088118691741034,16.778,16.77181818181818,16.85739962230064,4.135427799449455,4.107253498022493,4.122016448078957,17.2035,16.94109523809524,17.221771265474125,4.159612153995026,4.1481544874852805,4.160130291986217,17.701000000000004,17.250064516129033,17.55692055415918,4.162843851080457,4.152786409787587,4.198670752712149,18.567333333333334,17.96167213114754,18.416610228148574,4.353799999507311,4.249075104811741,4.295493505278506,7.160518080482369
2024-06-24,sz001319,16.4,15.63,16.44,15.63,20699,31661060.4,4.89,-5.67,-0.94,3.4,4.315949364540375,0.3566217185682037,16.57,16.334666666666667,16.353317820450872,4.155224585219688,4.158994161884581,4.164062249340814,16.685,16.56309090909091,16.634236054609616,4.133193026880224,4.140075600766296,4.15727697834467,17.091,16.791238095238096,17.070174002095637,4.1667546813337335,4.163043745632457,4.174970203658042,17.579333333333334,17.116451612903223,17.432603099052137,4.167067577226242,4.1626641848495165,4.2062371147655835,18.490333333333336,17.86536612021858,18.32524595837321,4.352892146273842,4.247834100386595,4.2961641891887306,7.5005254562672246
2024-06-25,sz001319,15.88,17.13,17.13,15.72,24757,39893320.6,9.02,9.6,1.5,4.06,4.393698016665414,0.07774865212503901,16.556,16.521333333333335,16.61221188030058,4.18809438451923,4.238485305699823,4.240607505115681,16.723,16.644000000000002,16.724374953771502,4.151785931572773,4.187440144363603,4.200262621675714,17.049500000000002,16.79495238095238,17.075871716181766,4.1797738163220615,4.1846573966164256,4.195801423944458,17.535333333333334,17.0874623655914,17.41308031846813,4.169286375617803,4.177285503523012,4.218331366501057,18.449166666666663,17.820765027322405,18.2860575662954,4.354233208356686,4.249171997776483,4.299362019597802,7.600900187180638
2024-06-26,sz001319,17.1,17.19,17.55,16.37,76118,124357628.5,6.89,0.35,0.06,12.49,4.881487368679949,0.4877893520145351,16.601999999999997,16.732666666666667,16.80480792020039,4.349194921306396,4.469616300420062,4.454234126303771,16.75,16.728909090909088,16.809034053085774,4.228980188352933,4.320113132928544,4.324121666585574,17.0245,16.808333333333334,17.086741076545408,4.221754874619994,4.251487258745749,4.261104847252599,17.481333333333335,17.065182795698927,17.398688039857284,4.189049803074891,4.223233954688312,4.2611156247061475,18.397333333333332,17.779480874316942,18.25012125264637,4.361483413971323,4.266459019426426,4.318448096616889,8.094672431454267
2024-06-27,sz001319,16.98,17.65,18.03,16.97,88452,146782936.74,6.17,2.68,0.46,14.51,4.9467076572473685,0.06522028856741979,16.834,17.082,17.086538613466928,4.499434010621056,4.668787212400387,4.618391969951637,16.825,16.892545454545456,16.961936952524724,4.3176340728831555,4.450609036363896,4.437319119433173,17.006,16.867904761904764,17.140384783541084,4.25853823719576,4.3205303809007365,4.326400352966387,17.446666666666665,17.076064516129033,17.414901714705202,4.216117158564575,4.272115106570406,4.3053473687410655,18.36416666666667,17.7549781420765,18.230445146002225,4.365104538464423,4.285646699533837,4.33904677073592,8.166675572539368
2024-06-28,sz001319,17.31,17.28,17.61,17.0,56266,91985924.52,3.46,-2.1,-0.37,9.23,4.750246041870273,-0.19646161537709528,16.976000000000003,17.230666666666668,17.151025742311287,4.657617689800675,4.752391222816793,4.662343327257849,16.878999999999998,16.975272727272728,17.019766597520228,4.386622894605321,4.5292657579979165,4.494214923512645,16.967999999999996,16.894,17.153681470822885,4.289048718740509,4.367359695631643,4.366766609052472,17.397,17.06531182795699,17.40619837827261,4.239189219135221,4.306575034525613,4.3340505089429495,18.318,17.71943169398907,18.199283010067724,4.36889146046635,4.298274289809439,4.3525287140518,7.963721377661189
2024-07-01,sz001319,17.3,17.25,17.38,16.75,38398,61701553.14,3.65,-0.17,-0.03,6.3,4.584308604274195,-0.16593743759607804,17.3,17.322000000000003,17.184017161540858,4.71128953774744,4.7279548609746325,4.636331752929965,16.935,17.04272727272727,17.06162721615291,4.433257061483564,4.565208614301349,4.510595592742018,16.912,16.920857142857145,17.162854664077848,4.309889420872432,4.395479684730089,4.387484894311683,17.340666666666667,17.055827956989248,17.396121063545344,4.25413208596446,4.328840801308772,4.3501961925127075,18.270333333333333,17.68441530054645,18.168158976950746,4.372532233614211,4.305337146983467,4.36012805471483,7.790296096150618
2024-07-02,sz001319,17.27,17.47,17.54,17.13,39676,65037838.44,2.38,1.28,0.22,6.51,4.598527881589679,0.014219277315484113,17.368000000000002,17.378666666666664,17.279344774360574,4.752255510732293,4.690367642255379,4.623730462483203,16.962,17.14,17.13587681321602,4.470174947625762,4.595257854320643,4.52658328162341,16.892000000000003,16.974000000000004,17.19210660083234,4.330816693687288,4.422969061941256,4.407584226433397,17.295666666666666,17.064172043010753,17.40088744654242,4.27046643630584,4.351059884897496,4.366217591807997,18.213500000000003,17.65817486338798,18.145268518690063,4.372785451240129,4.312746840359712,4.367944442481218,7.813166098865531
2024-07-03,sz001319,17.71,16.97,17.81,16.94,44866,73407749.04,4.98,-2.86,-0.5,7.36,4.651917352007694,0.053389470418014895,17.324,17.246,17.176229849573716,4.706341507397842,4.65692158934718,4.633126092324701,16.963,17.141454545454543,17.105717392631288,4.527768214352119,4.628301927844631,4.549371294420553,16.8725,16.981428571428573,17.17095359122926,4.351136927896965,4.45355007701939,4.430854047916664,17.243,17.043161290322583,17.37308825644291,4.28332340904584,4.37566962139439,4.384649834401526,18.1475,17.617404371584698,18.10673512463465,4.371922197632631,4.321898705958648,4.377255029678808,7.865741907159655
2024-07-04,sz001319,16.81,16.41,17.16,16.38,35725,56228067.16,4.6,-3.3,-0.56,5.86,4.552972237463008,-0.09894511454468624,17.076,16.941333333333333,16.920819899715813,4.6275944234409705,4.605798499368901,4.606408140704136,16.955000000000002,17.040909090909093,16.97922332124378,4.563514217031012,4.632884477501156,4.550026011337363,16.845,16.937380952380952,17.098481820635996,4.37258153192613,4.47277248745425,4.442484351682982,17.171666666666667,16.989419354838713,17.310953530220786,4.2991200616661684,4.39306632000195,4.395509344276461,18.08716666666667,17.560437158469945,18.051104464810564,4.371849021355519,4.327834772838332,4.383016249606158,7.749953154891694
2024-07-05,sz001319,16.32,16.58,16.8,15.95,23777,36502939.0,5.18,1.04,0.17,3.9,4.376157057783254,-0.17681517967975413,16.936,16.776,16.80721326647721,4.552776626623566,4.521986044149662,4.52965777973051,16.956,16.972727272727273,16.90663726283582,4.605197158212121,4.598819539456109,4.518413474327525,16.866999999999997,16.912142857142857,17.049102599623044,4.3703124788307885,4.473113013726358,4.436167466549675,17.121,16.951247311827956,17.26379523794848,4.3081404887340575,4.398036448783697,4.394260809663996,18.02216666666667,17.511021857923495,18.002871531538087,4.364838136519087,4.327976019934324,4.382791358070981,7.562327832678315
2024-07-08,sz001319,16.5,15.94,16.55,15.88,21536,32672688.36,4.04,-3.86,-0.64,3.53,4.333165042543883,-0.04299201523937057,16.674,16.444,16.518142177651473,4.502547914277504,4.448782182789768,4.464160200668301,16.987000000000002,16.788,16.730885033229306,4.606918726012472,4.549359154789156,4.484731941275953,16.836,16.823857142857143,16.943473780611324,4.370055876446348,4.469575162651415,4.426357711882456,17.056333333333335,16.875053763440857,17.178389093564707,4.313476029559979,4.399650936126266,4.390319147269151,17.928833333333333,17.44275409836066,17.935236399356512,4.35288571823128,4.326937557836776,4.381164265758617,7.514184870376219
2024-07-09,sz001319,16.02,16.69,16.86,15.81,30473,46746377.0,6.59,4.71,0.75,5.0,4.4839152116664085,0.15075016912252526,16.518,16.449333333333335,16.575428118434317,4.479625380292849,4.4425712819194025,4.470745204334337,16.943,16.734,16.723451390823975,4.615940445512571,4.526994879453508,4.484583444983309,16.833,16.80995238095238,16.9193334205531,4.383863188542672,4.480418908862849,4.431839378528547,17.014,16.851419354838708,17.146880119786342,4.325162692718897,4.410647012391197,4.396357603036717,17.859333333333332,17.40213661202186,17.89440897642679,4.345832288135204,4.331233606801863,4.384533149231004,7.669747957243186
2024-07-10,sz001319,16.7,16.78,17.14,16.58,28396,45236198.0,3.36,0.54,0.09,4.66,4.453257167502123,-0.030658044164285414,16.48,16.536666666666665,16.64361874562288,4.439893343391735,4.433781877655829,4.464915858723599,16.902,16.704363636363638,16.733732956128705,4.573117425394789,4.497416101633426,4.478887758168547,16.826,16.804904761904762,16.906063570976617,4.401048806873861,4.48702785923994,4.433879167954602,16.983666666666668,16.83632258064516,17.123210434638835,4.3388757248782595,4.4189111720546315,4.400028542679646,17.80233333333333,17.36674863387978,17.85787097719968,4.341452767620859,4.334755733994221,4.386786395731696,7.655486096319564
2024-07-11,sz001319,17.03,17.3,17.3,17.03,26189,42527428.36,1.61,3.1,0.52,4.3,4.418118915654199,-0.03513825184792374,16.658,16.81,16.862412497081923,4.412922679029974,4.426523735076648,4.449316877700467,16.866999999999997,16.776727272727275,16.83669060046894,4.520258551235472,4.4692345544078655,4.467838877711392,16.846,16.85004761904762,16.943581326121702,4.4189463120593135,4.488653583885687,4.43237819154504,16.959666666666667,16.8567311827957,17.134616213049235,4.345778341875663,4.424023635975659,4.401195663516714,17.768166666666666,17.35027868852459,17.83958012548822,4.337077808049879,4.337269378192035,4.387813691466859,7.62866912165527
2024-07-12,sz001319,17.22,17.44,17.47,17.16,25702,42130665.0,1.79,0.81,0.14,4.22,4.409966919252241,-0.008151996401958073,16.830000000000002,17.070666666666668,17.054941664721284,4.419684651323771,4.425538481817404,4.4362002248843915,16.883,16.880909090909093,16.946383218565497,4.486230638973669,4.449181530410915,4.457316703446092,16.881,16.906619047619046,16.990859295062492,4.436426766789495,4.487798403618346,4.4302437846600125,16.939666666666668,16.887720430107525,17.15431839285251,4.354776025484896,4.4281648345160844,4.401761550983522,17.751166666666666,17.339519125683065,17.826479137767294,4.332925779420041,4.339659185116703,4.388540026804084,7.624598314183842
2024-07-15,sz001319,17.44,17.03,17.54,16.94,18478,29798849.8,3.44,-2.35,-0.41,3.03,4.266654962773224,-0.1433119564790175,17.048000000000002,17.137333333333338,17.046627776480857,4.406382635369639,4.374528585633889,4.379685137514002,16.861,16.907636363636364,16.961586269735406,4.454465274823572,4.409258680192651,4.422650932414661,16.898,16.920809523809524,16.994586981247018,4.443861168153568,4.471629660378701,4.414663896861271,16.895,16.893548387096775,17.146297851378154,4.358081372189479,4.422479604663719,4.393044996905439,17.757166666666663,17.31587431693989,17.800365067676562,4.325341088117252,4.337486371456151,4.384543795196515,7.474199501151641
2024-07-16,sz001319,16.92,16.91,17.13,16.78,15713,25081262.0,2.06,-0.7,-0.12,2.58,4.196259110505376,-0.07039585226784784,17.092000000000002,17.091333333333335,17.001085184320573,4.348851415137433,4.304487410679134,4.318543128511127,16.805,16.916545454545453,16.952206947965333,4.414238397715141,4.362312104862071,4.381488782976609,16.8835,16.92195238095238,16.98653107827111,4.4422066726704506,4.448048512031254,4.393863441017852,16.863000000000003,16.894516129032258,17.131052828708597,4.358623928363239,4.412039458748615,4.380349133266725,17.737666666666666,17.288098360655738,17.771172770375692,4.31720816051213,4.333254175468877,4.378370526845986,7.3993493848639105
2024-07-17,sz001319,16.91,16.38,16.91,16.36,16784,26136341.0,3.25,-3.13,-0.53,2.75,4.224895470849483,0.028636360344107104,17.012,16.854,16.79405678954705,4.303179075806905,4.263168762583152,4.287327242623913,16.746000000000002,16.83927272727273,16.848169321062542,4.37153620959932,4.327886118159224,4.353017271680767,16.8545,16.874,16.92876621367386,4.449652211975719,4.4273522070959235,4.377771253382769,16.830333333333336,16.86335483870968,17.082597807501593,4.357936688464417,4.403411816328373,4.370319864723677,17.707499999999996,17.243584699453553,17.72556054839616,4.312372215953548,4.330227529906167,4.37333855779692,7.417244787730476
2024-07-18,sz001319,16.43,16.2,16.43,15.8,19302,29083575.92,3.85,-1.1,-0.18,3.17,4.285602311285613,0.06070684043613017,16.791999999999998,16.583333333333332,16.596037859698033,4.276675754933187,4.257309841076054,4.286752265511147,16.725,16.74,16.730320353596625,4.34479921698158,4.312261773011277,4.340760006154375,16.84,16.811666666666667,16.859359907609683,4.454156717006297,4.4117284070302,4.3689932588973255,16.805,16.822688172043012,17.025656013469234,4.363320760277946,4.398745082316837,4.36485421611477,17.680166666666665,17.194158469945354,17.67554216976022,4.309929734243359,4.3293498281137754,4.3704619595506475,7.463647803385297
2024-07-19,sz001319,16.13,16.24,16.41,16.05,14049,21456455.0,2.22,0.25,0.04,2.3,4.147645412501743,-0.1379568987838704,16.552,16.399333333333335,16.477358573132022,4.224211453583088,4.214299726932239,4.240383314508013,16.691000000000003,16.65181818181818,16.641171198397238,4.321948052453429,4.2764156267422155,4.3056482618538965,16.823500000000003,16.754523809523814,16.800373249742094,4.463572605332775,4.382536854220241,4.347912511621556,16.808333333333334,16.786236559139784,16.974968528729285,4.354191003371668,4.384830543750629,4.35084074491393,17.657500000000002,17.14693989071038,17.62847521337464,4.3058531651117535,4.3240290306796245,4.363156498991667,7.331557970140917
2024-07-22,sz001319,16.23,16.41,16.43,16.15,12635,19399876.16,1.72,1.05,0.17,2.07,4.101575246255933,-0.046070166245809396,16.428,16.351999999999997,16.45490571542135,4.19119551027963,4.173420991156521,4.194113958423987,16.738,16.600727272727273,16.59914007141592,4.2987890728246345,4.236347843797216,4.268544077199721,16.8625,16.715142857142855,16.76319484500475,4.452853899418553,4.348060915260543,4.324451819681973,16.80333333333333,16.760537634408603,16.938518946230623,4.34630027523911,4.36853275296897,4.334759099839221,17.633333333333333,17.10603825136612,17.588525206378748,4.30271848870724,4.317331393995827,4.3545800644757415,7.287798957600313
2024-07-23,sz001319,16.41,16.12,16.58,16.1,13048,20090317.0,2.93,-1.77,-0.29,2.14,4.11554394803222,0.013968701776286174,16.27,16.249333333333333,16.343270476947566,4.175052477784998,4.148203803740718,4.167923954960065,16.681,16.488363636363637,16.51202369479484,4.261951946461215,4.203030548380414,4.240725871896538,16.812,16.644428571428573,16.701938193099537,4.438946195986893,4.315936157985654,4.304555831905805,16.782333333333334,16.716451612903228,16.88571127228026,4.343226107848853,4.35364524798788,4.320616186819415,17.593,17.056420765027323,17.54037683895649,4.297197276743807,4.31119452380976,4.346742814756281,7.302986789424438
2024-07-24,sz001319,16.09,15.74,16.17,15.69,17790,26441127.0,2.98,-2.36,-0.38,2.92,4.250175948083925,0.13463200005170517,16.142000000000003,16.072666666666667,16.142180317965042,4.180108573231887,4.173244960507026,4.1953412860013515,16.576999999999998,16.317272727272726,16.37165575028669,4.241643824519396,4.20088945776636,4.242444067566972,16.7395,16.542333333333335,16.61032503185196,4.407380624957092,4.297958039137752,4.29937679535134,16.743,16.649204301075265,16.811794416004116,4.3479138127557055,4.3476420118740124,4.316071655288094,17.538166666666665,16.99566666666667,17.481348090138244,4.293034407035612,4.30965284090288,4.343576687980138,7.422279962139247
2024-07-25,sz001319,15.74,16.0,16.1,15.48,14667,21752817.76,3.94,1.65,0.26,2.41,4.166341291983498,-0.08383465610042684,16.102,16.025333333333332,16.09478687864336,4.156256369371464,4.168655866757564,4.185674621328734,16.447000000000003,16.212363636363637,16.30408197750729,4.2164660621523256,4.187198088214379,4.228607199279068,16.657,16.47190476190476,16.55219883834225,4.368362306693898,4.275001912187886,4.286706747411546,16.713,16.6012688172043,16.759420582713528,4.351452895423651,4.335927655695162,4.306411631849088,17.48983333333333,16.945234972677596,17.432779300297646,4.286290322775389,4.305498968278219,4.337765691390084,7.337515521445011
2024-07-26,sz001319,15.89,16.35,16.36,15.89,15603,23829017.0,2.94,2.19,0.35,2.56,4.1932081084944945,0.02686681651099665,16.124000000000002,16.108,16.179857919095575,4.165368908570014,4.180973113131908,4.188185783717321,16.338,16.19472727272727,16.312430708869602,4.19479018107655,4.182969369367501,4.2221710009546,16.610500000000002,16.442666666666668,16.53294180611918,4.34051041002511,4.258320559978419,4.277802115133731,16.7,16.57784946236559,16.733006351570722,4.3558812382185135,4.325718314602957,4.299108178729438,17.43866666666667,16.90786338797814,17.39727833963215,4.281506029302589,4.302447092400158,4.333026098508261,7.37710612710176
2024-07-29,sz001319,16.43,16.34,16.47,16.23,10128,15560381.1,1.47,-0.06,-0.01,1.66,4.00552369267328,-0.18768441582121476,16.11,16.18,16.233238612730386,4.146158597853483,4.127691374499662,4.127298420035974,16.269000000000002,16.195090909090908,16.317443307256948,4.168677054066556,4.148557280566907,4.182780581267087,16.565,16.416904761904764,16.51456639601259,4.3115711644450645,4.226417063087768,4.251870836804164,16.688333333333333,16.55462365591398,16.707651103082288,4.352133130124563,4.303114601987136,4.28016724414517,17.385499999999997,16.871841530054645,17.362613476037655,4.273041578339435,4.293398491199197,4.322288314710393,7.192020229388904
2024-07-30,sz001319,16.33,16.18,16.34,16.08,9904,15080835.0,1.59,-0.98,-0.16,1.62,3.9958106316760427,-0.009713060997237122,16.122000000000003,16.203333333333333,16.215492408486924,4.122211934582248,4.07757538577385,4.08346915724933,16.195999999999998,16.17890909090909,16.29245361502841,4.148632206183623,4.1171270219504486,4.148786044977806,16.5005,16.380238095238095,16.482702929725676,4.281435301949382,4.196344631395481,4.2274841506014855,16.654333333333334,16.521827956989245,16.673609096431818,4.344348517174842,4.280126053700136,4.261821656243936,17.324333333333335,16.832316939890713,17.323839263708553,4.265772982635509,4.284308951964331,4.311584128381398,7.17842538834098
2024-07-31,sz001319,16.23,16.7,16.7,16.18,15703,24411546.0,3.21,3.21,0.52,2.58,4.195982630688358,0.20017199901231564,16.314,16.396,16.37699493899128,4.111373271103135,4.102165617809219,4.1209736483956725,16.228,16.270545454545456,16.366552957750518,4.14574092216751,4.125736190042219,4.157367242379724,16.487000000000002,16.399238095238097,16.503397888799423,4.258638565883415,4.188206281751573,4.224484005847854,16.645666666666667,16.524774193548385,16.6753117353717,4.348348448706317,4.270554061023589,4.257573977175834,17.272833333333335,16.811846994535518,17.30338551735745,4.26178086115297,4.282020743703769,4.307793915342282,7.387595284456428
2024-08-01,sz001319,16.98,16.64,16.98,16.56,13370,20962490.04,2.51,-0.36,-0.06,2.19,4.126131407261984,-0.06985122342637418,16.442,16.504666666666665,16.464663292660855,4.103331294158831,4.107084996528836,4.12269290135111,16.272,16.345454545454544,16.416270601795876,4.129793831765148,4.122170823695759,4.151687999631044,16.4985,16.413809523809526,16.516407613675668,4.237296524373364,4.175586552359055,4.215117091696818,16.65066666666667,16.524408602150537,16.67303355889611,4.346035755259248,4.256217477704599,4.249093811374941,17.22666666666667,16.791098360655738,17.28163517252606,4.258348472736541,4.277573220625376,4.30183776753637,7.321442869265946
2024-08-02,sz001319,16.55,16.36,16.67,16.36,10852,16855709.0,1.86,-1.68,-0.28,1.78,4.035509785089559,-0.0906216221724252,16.444,16.477333333333334,16.429775528440572,4.071791629477845,4.084477826839078,4.09363186259726,16.284,16.361454545454546,16.406039583287534,4.11858026902393,4.105028269754744,4.130564687896228,16.4875,16.400619047619045,16.501511650468462,4.2202641607386795,4.15636876766536,4.198011633924699,16.643666666666668,16.505655913978497,16.65283784541894,4.348575159896494,4.236183544145263,4.235314196775884,17.172333333333334,16.762683060109286,17.25141762588586,4.255709505488475,4.270267034145148,4.2931057025381145,7.226747024926507
2024-08-05,sz001319,16.31,15.74,16.46,15.73,17509,26327019.0,4.46,-3.79,-0.62,2.87,4.243261342720585,0.20775155763102582,16.324,16.242666666666665,16.199850352293716,4.119339159487306,4.141634397919992,4.143508355971702,16.217,16.262545454545453,16.284941477235254,4.1327488786703945,4.127697555881409,4.151054988773383,16.4775,16.329428571428572,16.428986731376227,4.215768975747514,4.158558975473161,4.202321130000497,16.647333333333332,16.447354838709675,16.593945081198363,4.346152225835834,4.2293891043274625,4.235826915869091,17.113333333333333,16.715721311475413,17.20186294962731,4.2566099015310375,4.269858897660954,4.2914714612326215,7.420401686863639
2024-08-06,sz001319,15.88,15.82,16.11,15.7,13410,19915599.08,2.6,0.51,0.08,2.2,4.127428777851599,-0.11583256486898552,16.252,16.074666666666666,16.07323356819581,4.145662788722417,4.1443309373747566,4.138148496598334,16.187,16.190363636363635,16.200406663192478,4.133937361652333,4.126730264823445,4.146759314060332,16.434,16.266809523809524,16.370987995054683,4.197944654056775,4.150145623292598,4.195188525033935,16.603666666666665,16.393978494623656,16.54401314047589,4.33727658454204,4.215277914134932,4.228833487609898,17.0695,16.67331693989071,17.156555967672315,4.253281480079921,4.26562345098294,4.286093012597178,7.299193374929379
2024-08-07,sz001319,15.83,16.01,16.07,15.75,13456,20138064.0,2.02,1.2,0.19,2.21,4.128915978453837,0.001487200602237948,16.114,15.994000000000002,16.052155712130542,4.1322494582755125,4.138748667285229,4.135070990550169,16.214000000000002,16.15818181818182,16.165787269884753,4.121811364689323,4.125817286060083,4.143515071222787,16.3955,16.22642857142857,16.336608186001857,4.181727594604359,4.143571463711365,4.188876853931069,16.56433333333333,16.35567741935484,16.50956067980003,4.3121908715345025,4.201835294387306,4.222387196696604,17.022833333333335,16.638579234972678,17.11896396873224,4.250620337304698,4.261545893552576,4.280939667215429,7.304017716737405
2024-08-08,sz001319,15.98,15.77,15.98,15.6,12399,18322353.0,2.37,-1.5,-0.24,2.03,4.093386660001371,-0.03552931845246654,15.940000000000001,15.879333333333335,15.958103808087028,4.125700508823391,4.125794401193849,4.121176213700569,16.191,16.077454545454547,16.093825948087524,4.114515901491111,4.120649157935,4.1344008146370745,16.319,16.166857142857143,16.282645501620728,4.165490981821718,4.135158041368223,4.179782549747288,16.50166666666667,16.304430107526883,16.461847087554865,4.283746838292969,4.187718893643233,4.214064581425944,16.97416666666667,16.59750273224044,17.07473564188856,4.249931998428773,4.256390691018042,4.274790388290377,7.2629812460401295
2024-08-09,sz001319,15.86,15.64,15.91,15.64,9253,13697489.0,1.71,-0.82,-0.13,1.52,3.9662825621674633,-0.1271040978339073,15.796000000000001,15.779333333333334,15.852069205391352,4.111855064238972,4.072655085641873,4.069544996522867,16.119999999999997,15.97727272727273,16.011312139344337,4.0918233468584075,4.093697641694337,4.1038338596426,16.229,16.102190476190476,16.22144116813304,4.143306763967479,4.116185810924961,4.159449217596828,16.447,16.24883870967742,16.40882469480939,4.257614722302876,4.167237327441588,4.198078644699591,16.922,16.55375956284153,17.027695129039753,4.248401970719048,4.247090709501277,4.264675377597823,7.136640960339365
2024-08-12,sz001319,15.76,15.48,15.86,15.43,10750,15636289.0,2.75,-1.02,-0.16,1.76,4.031408464251625,0.06512590208416125,15.744,15.674000000000001,15.728046136927569,4.069484488545179,4.045839552312758,4.05683281909912,16.034,15.86090909090909,15.91470993219082,4.094411824016243,4.082713117584014,4.09066560593515,16.151500000000002,16.030857142857144,16.150827723548943,4.1315444390414,4.105528829999642,4.14725486013538,16.388,16.186451612903227,16.34890052095072,4.239184717635457,4.152643375309248,4.18732572983198,16.864333333333335,16.50648087431694,16.976951026448283,4.246658401799959,4.239976168305623,4.257027282078275,7.1941336887457155
2024-08-13,sz001319,15.47,15.57,15.57,15.34,7489,10843261.0,1.49,0.58,0.09,1.23,3.874423830586502,-0.1569846336651226,15.693999999999999,15.615999999999998,15.675364091285047,4.018883499092159,3.9808193329931982,3.9960298229282474,15.973000000000003,15.776545454545456,15.852035399065215,4.082273143907289,4.042715300596788,4.051348919508123,16.0845,15.975476190476192,16.09551079749666,4.115452675045455,4.0810411530039366,4.121270952559296,16.324666666666666,16.13367741935484,16.298648874437774,4.215047915935351,4.129110414854478,4.16713851052582,16.810166666666667,16.464043715846994,16.93082148459752,4.2427571761205956,4.227771756134691,4.244482906619528,7.035159911475905
2024-08-14,sz001319,15.61,15.57,15.76,15.5,7277,10629224.0,1.67,0.0,0.0,1.19,3.8619523749214517,-0.012471455665050257,15.606,15.574666666666666,15.640242727523365,3.965490778385683,3.9285089582696298,3.9513373402593155,15.86,15.70327272727273,15.800756235598811,4.048870118330598,4.0026569789629995,4.016913184128728,16.044,15.92647619047619,16.045462150116027,4.097305520249054,4.056898267277841,4.096573945165216,16.278000000000002,16.084989247311828,16.251639269635337,4.188715750032476,4.10633005736971,4.1474490824223125,16.7605,16.423382513661206,16.886204386741863,4.236019579539159,4.215286352816686,4.23194092197369,7.026501559460298
2024-08-15,sz001319,15.58,15.66,15.77,15.39,9751,14281422.0,2.44,0.58,0.09,1.6,3.9890491564382202,0.1270967815167685,15.584,15.592666666666666,15.646828485015579,3.9446232776730525,3.9363617509538087,3.963907945652284,15.762,15.666909090909092,15.775164192762663,4.035161893248221,3.9917804404371116,4.011846997275908,16.017000000000003,15.889904761904758,16.008751469152596,4.082477862506684,4.046588137391097,4.086333489095978,16.253,16.045118279569895,16.213468994174995,4.169918313998316,4.093448341653951,4.137229732358823,16.712333333333333,16.38730054644809,16.846000964225734,4.234519187832243,4.207188961895343,4.223977257529905,7.154771452258553
2024-08-16,sz001319,15.66,16.0,16.72,15.66,39019,59112915.0,6.77,2.17,0.34,6.4,4.591276134867647,0.6022269784294272,15.656,15.731333333333335,15.764552323343722,4.069621992213089,4.151912703352007,4.173030675390739,15.725999999999999,15.710181818181818,15.816043430442178,4.09073852822603,4.092892120731554,4.117197749565316,16.005000000000003,15.888285714285715,16.007917995899966,4.10465939862498,4.095045115711189,4.134423264883756,16.233666666666668,16.028795698924732,16.199696801002418,4.17708894990113,4.120632717193908,4.166523048649715,16.677333333333333,16.36394535519126,16.81826322769374,4.242614719317593,4.2188859109784715,4.236019843672126,7.771682375982287
2024-08-19,sz001319,16.0,17.5,17.5,15.77,57077,90758057.4,10.81,9.38,1.5,9.36,4.756461138274332,0.16518500340668485,16.06,16.346,16.343034882229148,4.21463252701763,4.380859085372421,4.367507496351937,15.902000000000001,16.032727272727275,16.122217352179963,4.142058507781405,4.21393259528579,4.2334274566033185,16.059500000000003,16.03066666666667,16.150021043909494,4.1374036932259,4.157121471868268,4.193664967111429,16.285666666666668,16.110494623655917,16.283587329970004,4.191198819758812,4.158011568056695,4.204583570560981,16.671,16.390918032786885,16.840615253015258,4.2523374246593955,4.235733334550823,4.253083492675477,7.957885191603716
2024-08-20,sz001319,17.39,17.1,17.42,16.68,91866,146069612.29,4.23,-2.29,-0.4,15.07,4.9631548068754485,0.20669366860111626,16.366,16.692666666666664,16.595356588152768,4.432378722275421,4.630366511991694,4.566056599859775,16.029999999999998,16.250545454545453,16.29999601541997,4.225631110683789,4.363222831484706,4.366105156652797,16.1085,16.129761904761907,16.240495230203827,4.179784236168062,4.235764435072987,4.266949713755621,16.299333333333333,16.163032258064515,16.33625911513323,4.207173472932446,4.207815180128737,4.253523650323205,16.656666666666666,16.404983606557376,16.849119670949182,4.266168082825672,4.259038822492333,4.276364519370558,8.16455987652689
2024-08-21,sz001319,16.86,16.9,17.04,16.56,48910,77430760.06,2.81,-1.17,-0.2,8.02,4.689397662821282,-0.2737571440541666,16.631999999999998,16.87066666666667,16.696904392101846,4.597867779855386,4.716039492173648,4.607170287513611,16.119,16.408727272727273,16.409087648979977,4.281679279120534,4.4475440227824325,4.424885612319794,16.166500000000003,16.20514285714286,16.303305208279653,4.201745321904928,4.284299047135199,4.307182851761874,16.303333333333335,16.201784946236558,16.372629494802055,4.2150448227764175,4.23892641818608,4.2816445543553385,16.6435,16.41296174863388,16.850787878459045,4.2769602738273385,4.27291520216432,4.2899065896476305,7.888913522317178
2024-08-22,sz001319,16.9,16.71,17.07,16.48,37505,58800112.96,3.49,-1.12,-0.19,6.15,4.574089169798587,-0.1153084930226953,16.842000000000002,16.89666666666667,16.701269594734566,4.714875782527459,4.708113288821381,4.59614324827527,16.213,16.51618181818182,16.46379898552907,4.329749530100256,4.50070945745117,4.452013531861392,16.202,16.256904761904764,16.342038045586353,4.222132715795683,4.319760365982214,4.332602501098704,16.283666666666665,16.228021505376347,16.394395333847086,4.220243831247897,4.262090569606865,4.3005119489000645,16.621666666666666,16.41514207650273,16.84617188244399,4.283011086561781,4.282657133179772,4.299224051291924,7.769378160393444
2024-08-23,sz001319,16.7,17.35,17.37,16.39,90769,146156042.54,5.86,3.83,0.64,14.89,4.957937550859372,0.3838483810607851,17.112000000000002,17.066,16.917513063156377,4.788208065725804,4.789133878265352,4.716741349136638,16.384,16.72290909090909,16.624926442705604,4.428915028969447,4.614925461225553,4.543999717133752,16.252000000000002,16.366238095238096,16.438034422197177,4.260369187913927,4.38983701694066,4.392158220123529,16.28066666666667,16.296817204301075,16.456047247792437,4.238509518968135,4.3096837128076055,4.342926503865182,16.610166666666668,16.4390218579235,16.862690837117956,4.296642772226516,4.304785869714118,4.320821215212168,8.164816775133282
2024-08-26,sz001319,16.99,17.62,18.11,16.78,78184,127542092.88,7.67,1.56,0.27,12.82,4.893117885762238,-0.06481966509713377,17.136000000000003,17.235333333333337,17.151675375437584,4.815539415223386,4.8241038182774965,4.775533528011838,16.598000000000003,16.947636363636363,16.80584890766822,4.515085971120508,4.699325980642426,4.607475747793476,16.316000000000003,16.496523809523808,16.55060257246411,4.304748897568375,4.45009879768812,4.439868664470073,16.300333333333334,16.383225806451616,16.531140973741312,4.259391616401102,4.35191651066529,4.37842272205209,16.597666666666665,16.472131147540985,16.887520645737037,4.308736494295291,4.32434243081365,4.339585040476105,8.105653539190188
2024-08-27,sz001319,17.26,16.92,17.27,16.81,39901,63831495.92,2.61,-3.97,-0.7,6.54,4.600983780123833,-0.2921341056384046,17.1,17.163333333333338,17.074450250291726,4.743105209873062,4.752585273244312,4.717350278715837,16.732999999999997,17.00618181818182,16.826603651728544,4.587741966074241,4.714943764097576,4.606295390035359,16.353,16.554047619047623,16.58578327984848,4.335007554990765,4.478311643645781,4.455212961199003,16.300666666666665,16.42320430107527,16.556228652854777,4.272882438721718,4.373954714776434,4.392781499992203,16.581833333333332,16.482699453551916,16.88858554259812,4.315753183542478,4.3339243090375374,4.348155490956358,7.805035022436834
2024-08-28,sz001319,16.69,17.06,17.21,16.57,36656,58610643.4,3.78,0.83,0.14,6.01,4.5641450718453225,-0.03683870827851088,17.132,17.15,17.069633500194485,4.71805469167787,4.692931893901733,4.666281876425666,16.881999999999998,17.065636363636365,16.869039351414262,4.657961235766628,4.710653419692318,4.598631695818988,16.371000000000002,16.62138095238095,16.630946777005768,4.353415677048613,4.5001342642985955,4.4655874479272235,16.323333333333334,16.472193548387096,16.588730030089955,4.284190758754913,4.3927458523973115,4.403837214305307,16.576833333333333,16.498377049180327,16.894205688742442,4.321063723609664,4.342068305375336,4.355237116559274,7.767976488887777
2024-08-29,sz001319,16.88,16.84,17.23,16.6,51115,81575321.4,3.69,-1.29,-0.22,8.38,4.708548365130561,0.14440329328523838,17.157999999999998,17.052666666666667,16.993089000129658,4.744946530744265,4.689763118385963,4.6803707059939645,17.0,17.058,16.86375946933894,4.729911156635862,4.719851079576669,4.618616544784729,16.381,16.666047619047617,16.650856607767125,4.382536524942042,4.533956425068307,4.48872658289897,16.34466666666667,16.505526881720428,16.604940995890605,4.298288960549743,4.420123762486063,4.423495998229518,16.574833333333334,16.507005464480876,16.892428453045966,4.330804860413846,4.3547727198514306,4.366821091922267,7.91155879354752
2024-08-30,sz001319,16.93,17.47,17.5,16.83,63249,102852865.55,3.98,3.74,0.63,10.37,4.801053663477656,0.09250529834709553,17.182,17.15666666666667,17.15205933341977,4.713569753267922,4.70846549596376,4.7205983584885285,17.147,17.143454545454546,16.973985020368225,4.750888909496863,4.732786080820631,4.651786930001625,16.436500000000002,16.769761904761904,16.728870264170254,4.420813718861448,4.573815200166935,4.518472019144559,16.385666666666665,16.578129032258065,16.660751254220244,4.320069235582275,4.452560194933025,4.447854557277785,16.597,16.53635519125683,16.911365225077244,4.337130119476971,4.370190713394507,4.381058225415886,8.012216395935617
2024-09-02,sz001319,17.64,19.12,19.12,17.64,103463,184389826.58,8.47,9.44,1.65,16.97,5.014785067003244,0.21373140352558728,17.482,17.802666666666667,17.80803955561318,4.737903189516123,4.8088706005422015,4.8186605946601,17.309,17.50218181818182,17.364169562119457,4.776721302369754,4.780767200367246,4.7177865912746455,16.6055,17.025333333333336,16.95659690567785,4.45938990507558,4.630383899989964,4.565739928464433,16.476000000000003,16.754537634408603,16.81941246362539,4.350509562940518,4.497380571153733,4.484430719195557,16.639666666666667,16.61907650273224,16.983779479992744,4.348404919089814,4.3924089083953675,4.401836154648258,8.2657369558605
2024-09-03,sz001319,19.1,19.15,20.53,18.26,186295,341463737.51,11.87,0.16,0.03,30.56,5.270201198956632,0.2554161319533881,17.928,18.358666666666668,18.255359703742123,4.871746673282683,4.9863032703557035,4.96917412942561,17.514000000000003,17.836909090909092,17.688866005370464,4.807425941577873,4.870490817928497,4.8182256108531885,16.772,17.26766666666667,17.165492438470434,4.5165285261308314,4.707604023216731,4.6328314780351185,16.577,16.92705376344086,16.969772949843108,4.388998137971331,4.556715515412837,4.535125588857562,16.679666666666666,16.701382513661205,17.05480310359954,4.366112122910093,4.422631737243459,4.430307139707549,8.53334458961197
2024-09-04,sz001319,18.83,20.18,20.97,18.63,189395,354484597.9,12.22,5.38,1.03,31.07,5.277368509508476,0.007167310551844608,18.552,19.109333333333332,18.896906469161415,5.014391360815314,5.121510549097635,5.071905589453232,17.842000000000002,18.321636363636365,18.14179945893947,4.866223026246592,4.955934921188606,4.901706137881423,16.9805,17.592238095238095,17.452588396711345,4.573951152683564,4.780064974014602,4.694215957223057,16.725,17.159505376344086,17.176884372433875,4.423237890018816,4.614029732931363,4.583012228899556,16.734,16.816147540983607,17.15726857561267,4.3855758513872605,4.452508995820456,4.458079643635448,8.54959737014714
2024-09-05,sz001319,19.18,19.38,19.67,19.03,121280,222413515.84,3.17,-3.96,-0.8,19.89,5.083789188287978,-0.19357932122049792,19.059999999999995,19.38533333333333,19.05793764610761,5.089439525446798,5.14464315825519,5.075866789064815,18.109,18.601272727272725,18.366926830041383,4.917193028095531,4.995492405196132,4.934812147046251,17.160999999999998,17.820761904761905,17.63615140654836,4.623471279097894,4.828620977405499,4.731318169705431,16.837666666666667,17.33079569892473,17.319020864534917,4.453819486562299,4.6566459457229215,4.615320419827842,16.775333333333336,16.90290163934426,17.230145015756516,4.402636190992975,4.475401236374578,4.478594710673236,8.34716117533976
2024-09-06,sz001319,19.08,18.38,19.38,18.08,96631,170530926.2,6.71,-5.16,-1.0,15.85,4.98511647392241,-0.09867271436556813,19.241999999999997,19.158666666666665,18.831958430738407,5.1262520875357485,5.109868807747061,5.045616684017347,18.212,18.650545454545455,18.36930377003386,4.9199109204018345,5.0078421226192,4.943958388296462,17.298,17.936857142857143,17.706994129734234,4.674412974685641,4.863063376912595,4.755489436773715,16.90533333333333,17.43030107526882,17.38747113133912,4.480216432076563,4.690923170713896,4.639178229769428,16.802666666666667,16.955513661202183,17.267845179174333,4.418048835147538,4.494498950568986,4.495201981599438,8.23180315083616
2024-09-09,sz001319,17.97,18.63,18.91,17.79,70558,123428437.04,6.09,1.36,0.25,11.57,4.848546262015005,-0.13657021190740526,19.144,18.954666666666665,18.764638953825603,5.0930043265381,5.017300199240146,4.9799265433499,18.313,18.726545454545455,18.416703084573157,4.915453758027112,4.99486673018523,4.926610728972561,17.4555,18.063714285714283,17.794899450711927,4.71526986457381,4.879647499515392,4.764351991558599,16.98166666666667,17.541569892473117,17.467634284155952,4.508317184387954,4.714686385548634,4.652685844753014,16.835,17.015426229508194,17.312505992971893,4.430225157256259,4.508613620302346,4.506787039973719,8.091415229606156
2024-09-10,sz001319,18.48,19.39,19.57,18.18,103710,188569794.37,7.46,4.08,0.76,17.01,5.015820634262069,0.1672743722470642,19.192,19.03666666666667,18.973092635883738,5.042128213599187,4.991572301814802,4.991891240320623,18.559999999999995,18.922363636363638,18.59366616010531,4.9569374434409355,5.013115253137041,4.942830711752471,17.6465,18.24795238095238,17.946813788739362,4.772339704757589,4.908271382342845,4.788301386101787,17.088666666666665,17.696946236559143,17.591657878726537,4.542317517807488,4.74742854360503,4.676113895689083,16.8715,17.099196721311475,17.38062055057937,4.443333017491166,4.527813472007454,4.523476666015959,8.27547212748389
2024-09-11,sz001319,19.05,18.7,19.06,18.38,67180,119051624.66,3.51,-3.56,-0.69,11.02,4.827239999505646,-0.1885806347564234,18.896,18.872666666666667,18.882061757255826,4.952102511598621,4.919942897116954,4.937007493382297,18.724,18.947818181818185,18.612999585540706,4.983246936206968,4.989533899694261,4.921814218616685,17.803,18.348285714285712,18.018545808859425,4.8206040859867985,4.91349998184266,4.792009825473582,17.15533333333333,17.800903225806454,17.6631638220345,4.563359430101398,4.765810639198458,4.685863966903055,16.9005,17.159147540983607,17.423878893183325,4.455853939403857,4.540400586171863,4.533436119572998,8.075735326461256
2024-09-12,sz001319,18.68,18.18,18.87,18.15,54361,94879728.66,3.85,-2.78,-0.52,8.92,4.735287437215853,-0.09195256228979254,18.656,18.634,18.648041171503884,4.882402161384197,4.847671205656032,4.86976747466015,18.858,18.84890909090909,18.53427238816967,4.985920843415498,4.944450354423149,4.887900258361988,17.929,18.38419047619048,18.03392239849186,4.85791600002568,4.905374586721618,4.78660769325856,17.206666666666663,17.86701075268817,17.696508091580665,4.583664631099861,4.776902768689714,4.689052577890977,16.92866666666667,17.201098360655738,17.44866974914453,4.4648501931795535,4.549562340198485,4.540054195561288,7.977173434013092
2024-09-13,sz001319,18.08,18.87,18.94,17.68,77145,134922321.6,6.93,3.8,0.69,12.65,4.887307783376771,0.15202034616091797,18.753999999999998,18.705333333333332,18.72202744766926,4.862840423275069,4.8493064129868895,4.875614244232358,18.998,18.851090909090907,18.59531377213882,4.9945462554054085,4.926520707143381,4.887792535637403,18.072499999999998,18.473809523809525,18.11354883673073,4.872717582451136,4.908173804183626,4.796198178031723,17.290333333333333,17.97432258064516,17.77221724696256,4.612057897709434,4.796492649481772,4.701843236309416,16.967,17.26474863387978,17.495270740975858,4.480316528802963,4.5634134087295415,4.551439559096221,8.13008380545961
2024-09-18,sz001319,18.63,18.17,18.63,17.45,59444,101709500.12,6.25,-3.71,-0.7,9.75,4.774108025508218,-0.11319975786855352,18.662,18.51066666666667,18.538018298446175,4.847952775973711,4.819728947064607,4.841778837990978,18.903,18.700545454545455,18.517983995386306,4.970478551255906,4.886441028980256,4.867122624704824,18.106,18.483095238095242,18.118925137994466,4.8735999268128305,4.8987824178081105,4.7940943539818655,17.371333333333332,18.031075268817204,17.79788065038433,4.629752787135688,4.806947496436532,4.706505480773854,17.009333333333334,17.304191256830602,17.517393011763534,4.487952506485761,4.57304591681824,4.558740164552352,8.007361519854909
2024-09-19,sz001319,18.12,18.27,18.48,17.77,48551,83513687.0,3.91,0.55,0.1,7.96,4.686198179455338,-0.08790984605287999,18.438,18.380000000000003,18.448678865630782,4.782028285012364,4.765810748225149,4.789918618479097,18.815,18.585454545454546,18.47289599622516,4.912078249305777,4.834753688652881,4.834227271023099,18.1645,18.498714285714286,18.13331322009023,4.8597520954418245,4.880934632345492,4.783818527836482,17.453,18.089053763440855,17.82833996326276,4.648378433855814,4.810589134650703,4.705195332301693,17.028333333333332,17.345524590163933,17.542068650722104,4.492827509198928,4.579545774948389,4.562919115860647,7.921757657536928
2024-09-20,sz001319,18.41,19.07,19.15,18.2,83305,148224340.35,5.2,4.38,0.8,13.66,4.920671068720615,0.23447288926527765,18.512,18.590666666666667,18.655785910420523,4.800714498855359,4.812025009461233,4.833502768559604,18.704,18.631818181818183,18.581460360547858,4.8764085052269905,4.8363160194555785,4.84994432514992,18.273,18.58495238095238,18.22252148484354,4.871315765736791,4.886736439324425,4.7968521031587805,17.555,18.193376344086023,17.9084470624071,4.674770270198039,4.828156401416175,4.719096992715817,17.05966666666667,17.41246448087432,17.592164760534494,4.493480570866271,4.5935734326376245,4.574648688085564,8.17091952625942
2024-09-23,sz001319,18.8,19.47,19.48,18.64,96838,176449198.1,4.4,2.1,0.4,15.88,4.986045811356919,0.06537474263630383,18.770000000000003,18.91,18.927190606947015,4.850866173683572,4.873802113628418,4.884350449492042,18.713,18.771090909090912,18.743013022266428,4.866634167533884,4.8562500751155655,4.874690049914829,18.410999999999998,18.69895238095238,18.34132896247749,4.891913597814709,4.897663110335865,4.814870551558603,17.678333333333335,18.316924731182798,18.009192413219548,4.704525575243224,4.848238694394166,4.736319497144275,17.09,17.491491803278688,17.653733129041562,4.494136206768096,4.609723112653711,4.588137118356756,8.246619688983682
2024-09-24,sz001319,19.36,19.66,20.17,18.88,94182,173353129.0,6.63,0.98,0.19,15.45,4.973967908656515,-0.012077902700403875,18.928,19.206666666666667,19.171460404631343,4.868198198739521,4.914836025286066,4.9142229358802005,18.841,18.943272727272724,18.909737927308896,4.865519311007295,4.8757653007742245,4.892740569686045,18.5265,18.81790476190476,18.466916680336777,4.892715115704566,4.905477806606514,4.830022680806024,17.812333333333335,18.444774193548387,18.11569612849571,4.73811508679286,4.865622070743413,4.751651652725711,17.129666666666665,17.575754098360655,17.71951237071233,4.497864904547868,4.625455299600873,4.60078730820265,8.238931685018489
2024-09-25,sz001319,19.36,19.57,19.85,19.24,92481,171995813.98,3.1,-0.46,-0.09,15.17,4.966052517141915,-0.007915391514599968,19.208,19.420666666666662,19.304306936420897,4.906587097066261,4.947454131420198,4.931499462967439,18.935,19.075818181818182,19.029785576889097,4.877269936519986,4.894044065525974,4.906070014678021,18.624,18.917285714285715,18.57197223459042,4.896361847273549,4.9124623210291185,4.842977903314203,17.948666666666668,18.558172043010757,18.209522184721795,4.769269888555869,4.880327711411094,4.765483966559014,17.168333333333333,17.655765027322403,17.780184096262744,4.5042273030956625,4.640805713128547,4.6127632166924615,8.235517877212725
2024-09-26,sz001319,19.42,19.61,19.64,19.1,65885,121604666.0,2.76,0.2,0.04,10.81,4.818786550273234,-0.1472659668686811,19.476,19.554666666666666,19.406204624280598,4.93310477122984,4.918187282489188,4.893928492069371,18.957,19.198545454545457,19.135279108363804,4.857566528121103,4.8834107225720205,4.89020029387715,18.7585,19.011190476190475,18.670832021772284,4.907251985781019,4.90507419750528,4.8406739649293495,18.083333333333332,18.665354838709675,18.2998755921591,4.800748645878759,4.883522334747696,4.768922842927673,17.204,17.735819672131147,17.8401780603197,4.507898280907055,4.651119131068796,4.619518080088553,8.084950239239141
2024-09-27,sz001319,19.64,20.62,21.37,19.49,119858,229516402.4,9.59,5.15,1.01,19.66,5.078667026604162,0.2598804763309275,19.785999999999998,19.936,19.81080308285373,4.964703962806549,4.96670803428063,4.955508003580968,19.149,19.50090909090909,19.405228361388566,4.8827092308309545,4.923610813205302,4.9244669725547885,18.936500000000002,19.18847619047619,18.85646706731778,4.932978083518961,4.921399439488436,4.863339970803141,18.251666666666665,18.82901075268817,18.449561037826257,4.84130580093485,4.901452552859013,4.788906338648737,17.264833333333335,17.84781967213115,17.931319763260035,4.515010775483663,4.669832860435913,4.634572143908737,8.360813727857002
2024-09-30,sz001319,20.95,22.41,22.52,20.64,136070,280585185.96,9.12,8.68,1.79,22.32,5.133762384787346,0.05509535818318412,20.374000000000002,20.81066666666667,20.67720205523582,4.994247277492635,5.0230608416075615,5.014926130649761,19.572,20.093818181818182,19.951550477499737,4.9225567255881035,4.969256841197373,4.962520683869799,19.214999999999996,19.519285714285715,19.194898775192275,4.9542387845018,4.940521753894949,4.889094486420684,18.47666666666667,19.097290322580644,18.70507322893424,4.879462908546488,4.920320719559173,4.811155115818971,17.36483333333333,18.016513661202186,18.078161738235117,4.524690611272403,4.69011979844587,4.650939037052298,8.448064737876724
2024-10-08,sz001319,24.53,23.71,24.53,20.98,138000,306297274.41,15.84,5.8,1.3,22.64,5.139879086401237,0.006116701613890996,21.184,21.922666666666668,21.688134703490547,5.027429513041579,5.071604777910429,5.056577115900254,20.056,20.84618181818182,20.63490493613615,4.94781385589055,5.0087699977088525,4.994767666148242,19.527,19.94738095238095,19.624908415650154,4.971180055647979,4.958201782647276,4.91297873403788,18.733666666666668,19.434924731182793,19.027971730293324,4.897749673597607,4.937121763291739,4.832363113921053,17.483666666666668,18.2245519125683,18.262812173047077,4.537419311749368,4.71028991238452,4.666969858342427,8.486143132249069
2024-10-09,sz001319,22.72,21.44,22.72,21.44,76352,160614186.52,5.4,-9.57,-2.27,12.52,4.882820417654229,-0.2570586687470078,21.558,22.008,21.605423135660367,5.010783093144042,5.023401746114646,4.9986582164849125,20.383000000000003,21.097818181818184,20.781285856838664,4.958685095105151,4.996953008938613,4.974413620967511,19.643,20.129571428571428,19.79777428082633,4.964581823180529,4.949786579028823,4.9101065134299136,18.865000000000002,19.60952688172043,19.183586457371174,4.901961649576937,4.93615858548894,4.835618423839323,17.575333333333333,18.35426775956284,18.36698226573406,4.546580234667874,4.721614538807632,4.674046925860847,8.205783902432385
2024-10-10,sz001319,21.1,21.92,22.14,20.8,68270,140934318.26,6.25,2.24,0.48,11.2,4.8342299028516775,-0.04859051480255161,22.020000000000003,22.128666666666668,21.710282090440245,5.013871763659731,4.964550682683859,4.943848778607168,20.747999999999998,21.37727272727273,20.988324791958906,4.973488267444785,4.9743247921652545,4.948925672219177,19.7815,20.34642857142857,19.999891015985728,4.942783258375281,4.937372110426074,4.90288016956532,19.025666666666666,19.806623655913977,19.360129266573036,4.897664152776145,4.931788795377633,4.83552884184012,17.6625,18.496715846994533,18.48347465046409,4.552418812854295,4.731045675469395,4.679298826745792,8.149016759015455
2024-10-11,sz001319,22.16,21.73,22.38,21.42,47076,98588386.96,4.38,-0.87,-0.19,7.72,4.6727995541771605,-0.161430348674517,22.242,22.032,21.716854726960165,4.93269826917433,4.850859946189669,4.853499037130499,21.014,21.555818181818182,21.12317482978456,4.94870111599044,4.919654117025686,4.898720923484265,19.859,20.532,20.164663300177562,4.9125548106087145,4.9116593766929215,4.880967730004542,19.186666666666667,19.981096774193546,19.513024152600583,4.897110882488008,4.917281401919634,4.82503017811993,17.745,18.630076502732244,18.589918104547234,4.556077852632213,4.734992585020964,4.679085735841903,7.9938257610241505
2024-10-14,sz001319,21.18,21.88,21.88,20.78,44049,89715103.92,5.06,0.69,0.15,7.23,4.643936053510575,-0.02886350066658583,22.136000000000003,21.911333333333335,21.771236484640113,4.834733002918976,4.754605874301749,4.783644709257191,21.255000000000003,21.713272727272727,21.260779406187364,4.914490140205805,4.864242287483893,4.852396401670866,19.984,20.724476190476192,20.32802870016065,4.890562153869845,4.886076637921669,4.858393284624164,19.358999999999998,20.154860215053763,19.665732271787643,4.899439111945073,4.900947541985607,4.81334668620965,17.82133333333333,18.765650273224047,18.69778964210306,4.559841471596486,4.737873181771074,4.677933287240876,7.952865564525877
2024-10-15,sz001319,21.85,20.97,21.85,20.9,39641,80773939.98,4.34,-4.16,-0.91,6.5,4.598144601640786,-0.04579145186978906,21.588,21.52266666666667,21.50415765642674,4.726386105966886,4.675743073875686,4.7218113400517225,21.386000000000003,21.661454545454543,21.207910423244204,4.876907809504233,4.806724916835707,4.806168801665397,20.113500000000002,20.818380952380952,20.389168823954876,4.871213560255764,4.858227347233187,4.833607695768604,19.479666666666667,20.258795698924736,19.749878576833602,4.8874460136377875,4.881509186482103,4.799462680753594,17.880166666666664,18.868885245901637,18.772288342361975,4.562977766302962,4.739129022100395,4.675317264762184,7.907271267353781
2024-10-16,sz001319,20.46,20.41,21.07,20.37,29038,57048608.0,3.34,-2.67,-0.56,4.76,4.462966700909762,-0.13517790073102365,21.381999999999998,21.13,21.139438437617827,4.642415362617992,4.5879366055233115,4.635529793671069,21.470000000000002,21.483999999999998,21.062835800836165,4.826599227881017,4.731462897091257,4.743768419709826,20.202499999999997,20.846619047619047,20.391152745482984,4.851934582200501,4.81934669396214,4.798308553401096,19.572666666666667,20.318817204301073,19.792467055747565,4.873107640809371,4.854123424370619,4.777753262699154,17.936500000000002,18.9518306010929,18.825983806546827,4.566249628605237,4.7358499707760275,4.668354951193252,7.756245051991846
2024-10-17,sz001319,20.64,20.3,20.73,20.29,26554,51827494.0,2.16,-0.54,-0.11,4.36,4.424129950919555,-0.0388367499902067,21.058,20.769333333333332,20.859625625078554,4.560395372231567,4.515174801623832,4.565063179420565,21.538999999999998,21.271272727272727,20.924138382502317,4.7871335679456495,4.658286664916446,4.685652334475231,20.247999999999998,20.85590476190476,20.382471531627463,4.822350048033376,4.778603395744907,4.762672496021902,19.685333333333336,20.36574193548387,19.825211116667077,4.86721251316923,4.825157121797081,4.754938855487567,17.993000000000002,19.029322404371587,18.874312206332178,4.570047475945474,4.731190309212563,4.660347574135098,7.714560210030283
2024-10-18,sz001319,20.26,20.91,21.27,20.03,43789,86533015.19,6.11,3.0,0.61,7.18,4.641365027415445,0.21723507649589013,20.894,20.720000000000002,20.876417083385704,4.554108466879224,4.542164686685125,4.590497128752192,21.568,21.15690909090909,20.921567767501895,4.743403368026778,4.631783293910955,4.677600096827997,20.3585,20.91895238095238,20.432712338139133,4.813056299428865,4.761366727114628,4.751119403773668,19.813666666666666,20.44475268817204,19.895197496236943,4.8697865116882335,4.81058631626458,4.747611511740979,18.068499999999997,19.124961748633876,18.94105606841965,4.576988635221572,4.733528589588628,4.659725195554126,7.9371818367043385
2024-10-21,sz001319,21.16,22.03,22.03,20.77,79045,162141944.44,6.03,5.36,1.12,12.97,4.897874403792751,0.25650937637730564,20.924,21.098666666666666,21.260944722257136,4.604896136935659,4.656753332322967,4.692956220432379,21.53,21.240909090909092,21.12310090068337,4.719814569927317,4.659868936777496,4.717649970821588,20.551,21.078142857142858,20.58483497260207,4.82118564775771,4.769444641815951,4.765096070442152,19.986666666666668,20.58774193548387,20.03292669002811,4.87609737964364,4.812398438335839,4.757305891873352,18.165666666666667,19.25484699453552,19.0423329186354,4.5871931700966915,4.744049434459814,4.667533366316048,8.209895376862452
2024-10-22,sz001319,22.48,22.12,22.63,21.66,77021,163154934.9,4.4,0.41,0.09,12.63,4.8866091529735804,-0.011265250819170625,21.154000000000003,21.497333333333337,21.54729648150476,4.66258904720222,4.750657671002274,4.757507197946113,21.371000000000002,21.34818181818182,21.3043552823773,4.694487576584551,4.690195224604089,4.74836982212195,20.7135,21.22757142857143,20.731041165687586,4.821150716237551,4.775675451836509,4.776668744968955,20.141666666666666,20.725376344086023,20.167576580994037,4.878949229293505,4.813076617260351,4.765648037750786,18.263666666666666,19.384497267759556,19.143240036057186,4.59950923243789,4.753866351931188,4.674716178993344,8.212600214301803
2024-10-23,sz001319,21.89,23.38,24.17,21.51,105158,229087082.05,12.03,5.7,1.26,17.25,5.021842317666128,0.13523316469254798,21.748,22.23933333333333,22.158197654336508,4.774364170553492,4.87040876115691,4.845618904519451,21.564999999999998,21.713454545454546,21.681745231035972,4.708389766585742,4.749714268437103,4.798092094039074,20.974,21.481523809523807,20.983322959431625,4.833537430845446,4.7947889376868496,4.8000186090353525,20.283666666666665,20.934301075268817,20.374829704800874,4.879184470982266,4.822295526187617,4.782176700971132,18.379833333333337,19.55224590163935,19.28215019880941,4.6148470169613915,4.767713338332114,4.686097363867861,8.360000600526911
2024-10-24,sz001319,23.48,22.46,23.54,22.38,60400,131364880.25,4.96,-3.93,-0.92,9.91,4.781036938621132,-0.24080537904499622,22.18,22.476666666666667,22.25879843622434,4.8457455680938075,4.8726330171794565,4.824091582553345,21.619,21.87618181818182,21.823246098120343,4.703070470162688,4.76292284517081,4.794991156690357,21.183500000000002,21.623047619047618,21.123958868057187,4.838279368803737,4.789788890808345,4.798210830900665,20.394000000000002,21.074709677419353,20.509356820620173,4.862878995637749,4.815963427325609,4.782103167916293,18.4855,19.686021857923496,19.386341995569758,4.62593856680454,4.773162188222598,4.689210136810591,8.118479274262846
2024-10-25,sz001319,22.73,22.18,22.81,22.15,50933,109174161.0,2.94,-1.25,-0.28,8.35,4.706999257269334,-0.07403768135179778,22.434,22.47666666666667,22.232532290816227,4.858872414064585,4.826384246904634,4.785060807458676,21.663999999999998,21.978181818181817,21.888110443916645,4.706490440471905,4.763637170099292,4.778992629522898,21.339,21.717952380952383,21.224534213956503,4.8275957782311725,4.777286023043163,4.789524014364347,20.460666666666665,21.18993548387097,20.617140251547905,4.843866687229778,4.8059066700115185,4.7772577543261665,18.59283333333333,19.807153005464478,19.477937339977306,4.633552288624298,4.775819915778819,4.689793386661698,8.038119863066742
2024-10-28,sz001319,21.99,22.41,22.66,21.98,49440,105651120.52,3.07,1.04,0.23,8.11,4.69407846208076,-0.012920795188574807,22.509999999999998,22.468666666666664,22.291688193877487,4.818113225722187,4.771452929576692,4.7547333589993706,21.717,22.113818181818182,21.982999454113617,4.711504681328924,4.761380446755446,4.763553689987964,21.486,21.819952380952383,21.337435717389216,4.812997410767364,4.764570088171696,4.78043396176591,20.561666666666667,21.31569892473118,20.73280862241578,4.830876329689537,4.79624291355029,4.77189134837485,18.699666666666666,19.932306010928958,19.574070541945265,4.642347908125918,4.777804380482309,4.689933880937733,8.02387410747515
2024-10-29,sz001319,22.35,22.1,22.88,21.65,52882,111473356.36,5.49,-1.38,-0.31,8.67,4.723307871828162,0.02922940974740218,22.506,22.331999999999997,22.22779212925166,4.785452969493103,4.739851144945349,4.744258196608968,21.83,22.183454545454545,22.004272280638414,4.724021008347661,4.763526481391672,4.756236268504363,21.608,21.87842857142857,21.41006088716167,4.800464408925946,4.756028227320343,4.774993381771838,20.685666666666666,21.41494623655914,20.821014517743798,4.822149376286395,4.789303013043104,4.7687569305331285,18.7955,20.04379234972678,19.656887901225748,4.65118290418148,4.780458805521727,4.691028110147256,8.047171077531672
2024-10-30,sz001319,21.98,23.05,23.18,21.72,85218,185555485.34,6.61,4.3,0.95,13.98,4.930531337431247,0.2072234656030849,22.44,22.513333333333335,22.50186141950111,4.767190773446127,4.788210600924731,4.806349243549728,22.094,22.405272727272727,22.19440459324961,4.770777471999809,4.801073813952323,4.7879262810365235,21.782,22.015761904761902,21.566245564574846,4.798688349940414,4.768415553844656,4.789806520406068,20.833000000000002,21.56748387096774,20.96482003272807,4.824882212133605,4.796295397633097,4.779193989042684,18.90733333333333,20.183284153005467,19.76813747823474,4.66659969826078,4.789617770546309,4.698880674976239,8.268473797368074
2024-10-31,sz001319,23.37,23.2,23.96,22.78,99377,221973282.41,5.12,0.65,0.15,16.3,4.997285882094448,0.06675454466320119,22.588,22.766666666666666,22.734574279667406,4.810440562140791,4.864908970474171,4.869994789731301,22.384,22.606363636363636,22.377240121749683,4.828093065117299,4.842257161242258,4.825991663047055,21.9615,22.150809523809524,21.721841225091527,4.807613316531474,4.787329604525993,4.809566459614485,20.959999999999997,21.7201935483871,21.109025191906905,4.82426438706135,4.807418215049923,4.793264433755702,19.024333333333335,20.324027322404376,19.880657560915566,4.68329095243442,4.80045994050807,4.7086644522588035,8.34630070417952
2024-11-01,sz001319,22.98,24.01,24.18,21.88,122404,272358422.7,9.91,3.49,0.81,20.08,5.0877956102077695,0.09050972811332159,22.954,23.240666666666666,23.15971618644494,4.886599832728477,4.957360653163164,4.942595063223457,22.694000000000003,22.902,22.67410555415883,4.872736123396532,4.889475805804162,4.873592380712639,22.131,22.34590476190476,21.939761108416143,4.808069745711654,4.814013632495165,4.836064473956704,21.137,21.91696774193548,21.29618485694517,4.832949574084754,4.824420229446467,4.812266445139707,19.146166666666666,20.48749180327869,20.01604583760686,4.698154502093076,4.813722388303918,4.721094982027622,8.435140810398838
2024-11-04,sz001319,24.23,26.31,26.31,23.98,262049,645230778.7,9.7,9.58,2.3,42.98,5.418382506739202,0.3305868965314325,23.734,24.359333333333332,24.209810790963296,5.031460641660166,5.134621544500073,5.101190877728706,23.122000000000003,23.559454545454546,23.3351772715845,4.924786933691176,4.988684239139193,4.972645130899286,22.326,22.743904761904762,22.355974336186037,4.822300751809247,4.872138657354931,4.891523334221704,21.408,22.25070967741936,21.619656801658387,4.855719409735532,4.862190096069335,4.851370707178384,19.30733333333333,20.722371584699452,20.22240499047221,4.719692020417696,4.837336421243136,4.743956868083739,8.809715075860057
2024-11-05,sz001319,25.93,28.84,28.84,25.33,252858,657678780.9,13.34,9.62,2.53,41.47,5.402876698529739,-0.015505808209463012,25.082,26.061333333333334,25.753207193975534,5.167374407000481,5.2584268967899295,5.201752817995716,23.794,24.599090909090904,24.336054131296407,4.976413688246792,5.075609650928023,5.05086905228664,22.5825,23.364285714285714,22.973500589882605,4.8354506324156725,4.927431604661645,4.940223654631993,21.740333333333336,22.730193548387103,22.08548539509978,4.872905040240631,4.897490566314122,4.886951738878471,19.515333333333334,21.03491803278689,20.504949089145253,4.742481468975032,4.8597359188861535,4.765560796950821,8.818013830172013
2024-11-06,sz001319,30.98,28.28,31.63,27.73,292714,851706561.22,13.52,-1.94,-0.56,48.01,5.466443494478013,0.06356679594827419,26.127999999999997,27.127333333333333,26.59547146265036,5.2745568384098345,5.358116592615774,5.289983043489816,24.284000000000002,25.414727272727273,25.053135198333422,5.020873805927981,5.164705979333698,5.126428041775981,22.924500000000002,23.906904761904766,23.478881486084262,4.8646317862568615,4.987526162953295,4.990339829855423,22.077333333333335,23.152107526881718,22.48513149864173,4.895982889206291,4.935783369813308,4.924338303755861,19.724333333333334,21.32228415300547,20.75986879114049,4.7628678381709895,4.88347237873871,4.788540557525483,8.930289992896176
2024-11-07,sz001319,29.03,27.68,30.18,26.64,208665,566548991.8,12.52,-2.12,-0.6,34.23,5.319449609671148,-0.14699388480686526,27.024,27.644666666666662,26.95698097510024,5.338989583925174,5.373080849702879,5.299805232216927,24.806,26.03218181818182,25.530746980454616,5.074715073032982,5.218992489105184,5.161522872302374,23.2125,24.359809523809524,23.878988011219093,4.888892771597836,5.030842146135609,5.021683618409302,22.391000000000002,23.51356989247312,22.820284305180977,4.917091270213485,4.963103803391686,4.9498293557503965,19.922000000000004,21.58312568306011,20.98675833897195,4.7827348520346495,4.901720961410846,4.805947411694193,8.75323747103688
2024-11-08,sz001319,26.98,26.98,28.42,26.64,139191,366291100.9,6.43,-2.53,-0.7,22.83,5.1436111549821595,-0.1758384546889884,27.618000000000002,27.629999999999995,26.96465398340016,5.3501526928800525,5.3079547067218735,5.2477405398053385,25.286,26.427454545454545,25.794247529462865,5.118376262804264,5.231519049459579,5.158266196425971,23.475,24.71861904761905,24.174322486341083,4.912433351638085,5.05510103979126,5.033295764749574,22.654666666666667,23.80963440860215,23.08865305968543,4.924522606422204,4.977717989505795,4.962331407313736,20.104833333333335,21.814535519125684,21.18325806556303,4.799646438310122,4.913552971343551,4.817018354097077,8.56382636753986
2024-11-11,sz001319,26.58,27.16,27.34,26.23,119692,309076480.0,4.11,0.67,0.18,19.63,5.078065123907142,-0.06554603107501755,27.788,27.477333333333334,27.029769322266773,5.282089216313641,5.21725885039757,5.191182067839273,25.761000000000003,26.76818181818182,26.042566160469615,5.156774928986904,5.224189751478284,5.14368418324073,23.739,25.069571428571425,24.45867272573717,4.934139805157913,5.070875494293073,5.037559513240771,22.910999999999998,24.100301075268813,23.351320604221858,4.927589916840544,4.9876239583757895,4.9697980987068595,20.294666666666668,22.04585245901639,21.379216817511782,4.816057746041883,4.9226814528385345,4.825577264582653,8.490065957522514
2024-11-12,sz001319,27.22,26.09,27.22,25.86,91563,234180462.76,5.01,-3.94,-1.07,15.02,4.961720013601691,-0.11634511030545092,27.238,26.91133333333333,26.716512881511182,5.19385787932803,5.110469116160255,5.1146947164267464,26.160000000000004,26.828,26.051190494929685,5.180616143164256,5.188725221408246,5.110599788760904,23.994999999999997,25.29347619047619,24.614037228047913,4.9523185757559585,5.073502180811531,5.030336703751335,23.125333333333334,24.30539784946237,23.528009597497867,4.92718165367205,4.989825900102315,4.969276931925881,20.468833333333336,22.235863387978142,21.533668725134344,4.832648370232454,4.927457264889676,4.830040961271801,8.369550659867624
2024-11-13,sz001319,26.12,27.49,27.53,24.96,139392,354018696.12,9.85,5.37,1.4,22.86,5.144237849403643,0.1825178358019519,27.080000000000002,26.995333333333335,26.974341921007458,5.1294167503131565,5.093929106185458,5.124542427419046,26.604000000000003,27.069818181818185,26.312792223124283,5.2019867943614955,5.182110986179044,5.116715799786856,24.349,25.62633333333333,24.8879384444243,4.986382133180653,5.091780206873213,5.041184431908698,23.389333333333333,24.58698924731183,23.783621881530266,4.93312116474744,5.003829525633387,4.980564733053479,20.669,22.466065573770493,21.72895827512994,4.851195526651654,4.9376733133870925,4.840342498587599,8.54902619820472
2024-11-14,sz001319,27.18,26.13,27.21,26.1,80021,205552489.71,4.04,-4.95,-1.36,13.13,4.903203974333259,-0.24103387507038398,26.77,26.678666666666665,26.69289461400497,5.046167623245578,5.018524847525493,5.0507629430571175,26.897000000000002,26.98363636363636,26.279557273465322,5.1925786035853765,5.127786837083001,5.0778954678862025,24.6405,25.79595238095238,25.006230021145797,5.010335834351338,5.083858477459176,5.028043435949132,23.60666666666667,24.7638064516129,23.93500111497993,4.935935078882776,5.001899384316342,4.975573716361852,20.845000000000002,22.64511475409837,21.87325472512568,4.868341862380768,4.939378508393047,4.8424035305792605,8.312922741446052
2024-11-15,sz001319,25.88,25.46,26.54,25.44,55298,137675715.3,4.21,-2.56,-0.67,9.07,4.742709424167789,-0.16049455016546954,26.466,26.242,26.28192974266998,4.965987277082705,4.917372114499562,4.948078436760675,27.042,26.722363636363635,26.130546860107987,5.1580699849813785,5.045992440825258,5.01695255084649,24.868000000000002,25.874,25.049446209608103,5.015403054188956,5.058370247917886,5.000868768160433,23.768000000000004,24.883376344086024,24.033388139819934,4.924736492134896,4.989433213044407,4.960550213639655,21.009833333333336,22.796426229508192,21.990852930859262,4.8830211465348725,4.935259412058195,4.839134871352655,8.138857341554525
2024-11-18,sz001319,25.5,23.98,25.79,23.69,58675,138277480.8,8.25,-5.81,-1.48,9.62,4.76845309827063,0.025743674102840508,25.830000000000002,25.41333333333333,25.514619828446655,4.904064871955402,4.851527388228871,4.888203323930661,26.808999999999997,26.165636363636363,25.73953834008835,5.093077044134522,4.975153006877849,4.971770832196333,24.9655,25.78942857142857,24.947594189645425,5.008931988912849,5.034851204497093,4.978733942456642,23.820333333333334,24.89705376344086,24.02994374370252,4.912559515917672,4.979350413440262,4.9481568513577825,21.148500000000002,22.8938087431694,22.0560708675524,4.89601121223208,4.931503082606908,4.836817436169638,8.14075145877444
2024-11-19,sz001319,24.06,24.93,24.93,24.06,52489,123653455.0,3.63,3.96,0.95,8.61,4.720068298837508,-0.048384799433121906,25.598000000000003,25.113333333333337,25.319746552297772,4.855734529002566,4.790195197189573,4.832158315566277,26.418,25.823999999999998,25.592349550981375,5.024796204165298,4.907333235005664,4.926006735222001,25.106,25.78604761904762,24.945918552536337,5.000604946206045,5.00734037687087,4.95409911925482,23.861,24.96864516129032,24.088011889270103,4.89856582299888,4.96693162524154,4.933441460872603,21.297333333333334,23.017792349726776,22.150298052222812,4.898157748298244,4.925734462495612,4.832989595601371,8.092206255484799
2024-11-20,sz001319,24.92,25.82,26.06,24.63,63411,155459796.83,5.74,3.57,0.89,10.4,4.802164602123367,0.0820963032858586,25.264,25.187333333333335,25.48649770153185,4.78731987954651,4.772338554896506,4.8221604110853065,26.171999999999997,25.715272727272726,25.633740541712033,4.958368314929833,4.866854761907132,4.903489983749522,25.228,25.85404761904762,25.029164404675736,4.989621060428908,4.988441296482042,4.9396291652423,24.007,25.095032258064517,24.19975305770429,4.895877295814518,4.960712191636669,4.924971986114588,21.436,23.16607650273224,22.270616148871245,4.898919472695728,4.922587146227583,4.831978940077502,8.191618095791522
2024-11-21,sz001319,25.73,25.27,25.73,24.83,50919,123822631.0,3.49,-2.13,-0.55,8.35,4.706879865941036,-0.09528473618233058,25.092,25.18933333333333,25.414331801021234,4.748055057868066,4.745525217028015,4.783733562703883,25.931,25.551272727272725,25.567605897764388,4.8971113405568225,4.821129589363714,4.867742689602524,25.3685,25.858047619047618,25.05210112803995,4.985913206794902,4.961513563673674,4.917462565308846,24.11866666666667,25.17651612903226,24.26880124752982,4.891632294584165,4.948518809064187,4.910901526748553,21.572166666666664,23.291781420765027,22.368956603006612,4.8946482236801545,4.916290765678247,4.827877331089422,8.09280002772278
2024-11-22,sz001319,25.04,23.81,25.16,23.78,45290,106482832.0,5.46,-5.78,-1.46,7.43,4.6560023206829575,-0.05087754525807853,24.762,24.762,24.879554534014154,4.7307136371711,4.714840971299646,4.741156482030242,25.613999999999997,25.165636363636363,25.248041189079952,4.8483504571269025,4.777291585750283,4.829244440708057,25.45,25.709619047619046,24.933805782512334,4.983363359965583,4.9300934792820605,4.892561589630191,24.188,25.15660215053763,24.239201167044026,4.891072386801024,4.933316875264108,4.894456416679805,21.687333333333335,23.36515300546448,22.4162039274982,4.894091634644516,4.908466309842275,4.822242084846587,8.027279593045293
2024-11-25,sz001319,23.88,24.8,25.33,23.5,57280,135182209.76,7.69,4.16,0.99,9.4,4.7580030092998,0.10200068861684208,24.926,24.77466666666667,24.853036356009437,4.7286236193769335,4.723937428675878,4.746771991120095,25.378,25.017636363636363,25.16657915470178,4.816344245666167,4.760864777054446,4.816291453179282,25.569499999999998,25.647714285714287,24.921062374654014,4.986559587326536,4.9086305887424615,4.879746486741582,24.285333333333334,25.196086021505373,24.275381736912156,4.8948746186606655,4.9247317541349975,4.8856529710423855,21.822166666666664,23.467207650273227,22.494361175776945,4.897156865302869,4.904004387699824,4.820135885648331,8.130919541373125
2024-11-26,sz001319,24.44,24.01,24.46,23.69,40071,92251628.0,3.1,-3.19,-0.79,6.57,4.602830180692315,-0.15517282860748427,24.741999999999997,24.469333333333335,24.572024237339626,4.705175995747895,4.682006282447672,4.698791387644169,25.169999999999998,24.76890909090909,24.956292035665093,4.78045526237523,4.722044037968292,4.777480312727106,25.665,25.499190476190474,24.83429452944887,4.9805357027697434,4.872084930967774,4.853373505213081,24.386666666666667,25.178322580645165,24.25826033453073,4.895030804629049,4.905890177491878,4.867406339406897,21.93316666666667,23.53893989071038,22.544054251980977,4.891238409133418,4.894354332466692,4.813011108436659,7.964974039060668
2024-11-27,sz001319,23.97,24.09,24.18,23.15,33688,76041201.0,4.29,0.33,0.08,5.53,4.527475228412209,-0.07535495228010625,24.396,24.252000000000002,24.411349491559754,4.650238121005663,4.622772693335777,4.641686001233516,24.830000000000002,24.572545454545455,24.79878439281689,4.718779000276087,4.6760476681568335,4.73202484285167,25.717000000000002,25.34919047619048,24.763409336168024,4.960382897318791,4.828936314362295,4.8223355740891884,24.509333333333334,25.15918279569893,24.247404829077134,4.897181088879131,4.882176914510146,4.845475299987885,22.041,23.60965573770492,22.594740997817667,4.885144364844251,4.882427670803701,4.80364927630471,7.881048967524728
2024-11-28,sz001319,23.86,23.9,24.09,23.63,28840,65942698.88,1.91,-0.79,-0.19,4.73,4.459995256047391,-0.06747997236481762,24.122,24.086666666666666,24.240899661039837,4.600861199026935,4.559358405016353,4.581122419504808,24.607000000000003,24.403454545454547,24.635369048668366,4.6744581284475,4.628996078297071,4.682564917978165,25.752,25.176142857142857,24.681179875580593,4.933518366016438,4.7812803485269235,4.787826972370922,24.62933333333333,25.119870967741935,24.224991614297966,4.898376599050058,4.853971376908099,4.8206056197336595,22.15733333333333,23.67060655737705,22.637536374938396,4.882794556109644,4.868488355761181,4.79238193137824,7.819166717825411
2024-11-29,sz001319,23.93,24.94,25.18,23.69,63690,150201200.0,6.23,4.35,1.04,10.45,4.804071248885661,0.3440759928382695,24.348000000000003,24.359333333333332,24.473933107359894,4.630474984667475,4.627095088302595,4.655438695965093,24.555,24.464000000000002,24.690756494365026,4.680594310919288,4.652562100194919,4.704656978143164,25.7985,25.09880952380953,24.705829411239584,4.919332147950334,4.768952051657326,4.789374046324707,24.763666666666666,25.139913978494626,24.27112118756907,4.903800139765732,4.84788716076846,4.819538886130563,22.288666666666664,23.76184153005465,22.713026985596155,4.886793325726982,4.86590726372105,4.792765187689959,8.17667340238384
2024-12-02,sz001319,25.22,26.07,26.35,25.22,102289,254568212.76,4.53,4.53,1.13,16.78,5.0098289328699295,0.20575768398426852,24.602,24.933333333333334,25.0059554049066,4.680840169381502,4.75354640437008,4.773568774933372,24.764,24.739454545454546,24.941528040844112,4.704731894379217,4.71242294054958,4.760142788093485,25.7865,25.124666666666663,24.835750419692957,4.89890446925687,4.77757079307824,4.810369749805204,24.898333333333333,25.2241935483871,24.38717788514526,4.9075319574016385,4.854727728065504,4.8318156633395555,22.4425,23.88581967213114,22.823091674593,4.891814668522639,4.869941218053606,4.79988203179422,8.40580417353292
2024-12-03,sz001319,26.26,25.9,26.45,25.58,79295,198292690.68,3.34,-0.65,-0.17,13.01,4.89924580344787,-0.11058312942205983,24.98,25.366,25.303970269937736,4.740123293932612,4.826348282392202,4.815461117771537,24.861,24.946000000000005,25.115795669781548,4.722649644840254,4.74778910583479,4.785434245430645,25.639499999999998,25.13547619047619,24.93710752257934,4.873722924502776,4.7776033010964305,4.81883413586641,25.024333333333335,25.28881720430108,24.484779311910085,4.907953179084115,4.854193137487843,4.8361659949594475,22.583000000000002,23.99918032786885,22.92397391477028,4.89345120418881,4.870184861821646,4.803139860373028,8.297306705855087
2024-12-04,sz001319,25.43,26.18,26.88,25.43,89721,227199998.0,5.6,1.08,0.28,14.72,4.952894105437698,0.05364830198982862,25.398,25.766000000000002,25.59598017995849,4.82520706933771,4.897271886227232,4.861272113660258,24.897000000000002,25.185818181818178,25.309287366184904,4.737722595171687,4.789651735034325,4.815881492704654,25.5345,25.18695238095238,25.055478234714638,4.848045455050761,4.785143413566423,4.831601752016057,25.117666666666665,25.363376344086017,24.59414838856105,4.905654905343167,4.8570925520913,4.843696840796754,22.700666666666667,24.11711475409836,23.03072886838437,4.892419688162716,4.872133809403577,4.808049835621049,8.356408323215966
2024-12-05,sz001319,26.44,27.28,27.38,26.43,124251,323453755.08,3.63,4.2,1.1,20.38,5.0942998927191265,0.14140578728142827,26.074,26.39333333333333,26.15732011997233,4.952067996672057,4.986969494021037,4.938948040013214,25.098000000000003,25.619090909090907,25.667598754151285,4.776464597849496,4.8544839709520415,4.866503019980012,25.514499999999998,25.35319047619048,25.2673374504561,4.836787969203159,4.8085962171538865,4.8566206225592055,25.278333333333332,25.502881720430107,24.767429137686147,4.916097003813101,4.869263196438137,4.859864779630456,22.836166666666667,24.267256830601095,23.170049233355375,4.889487999725424,4.878752832503787,4.817435083394757,8.509812197371875
2024-12-06,sz001319,28.49,27.52,28.49,26.5,130843,343051252.96,7.29,0.88,0.24,21.46,5.116750493176188,0.022450600457061043,26.590000000000003,26.875333333333334,26.61154674664822,5.0146038455301625,5.041863659522414,4.998215524400872,25.469,26.059454545454546,26.004398980669233,4.822539415098818,4.916354133738713,4.912002560561135,25.541500000000003,25.544190476190472,25.481876740888854,4.835444936112861,4.835259314675127,4.881394895951299,25.456333333333337,25.647505376344085,24.945014354609626,4.929755378343329,4.882208582848657,4.876438051472117,22.9585,24.420825136612024,23.312670569966674,4.886811032786554,4.8862040617972555,4.82724870338759,8.53535900988199
2024-12-09,sz001319,30.17,30.17,30.17,30.17,51168,149360267.7,0.0,9.63,2.65,8.39,4.70899844206614,-0.4077520511100472,27.410000000000004,28.06866666666667,27.797697831098816,4.954437747369404,4.939995191701073,4.901809830289295,26.006,26.914181818181817,26.761780984183915,4.817638958375452,4.895710320460043,4.875092720834772,25.692,25.985000000000003,25.928364670328012,4.816991602020811,4.823216791432582,4.864976186057474,25.714999999999996,25.951612903225808,25.28211020269933,4.930252711009508,4.867966199863031,4.86563549602657,23.138333333333335,24.65726775956284,23.537501043082518,4.880564520349523,4.880374140790029,4.823371645639345,8.174235083332348
2024-12-10,sz001319,32.86,30.66,32.86,30.27,271517,827688296.97,8.58,1.62,0.49,44.54,5.433797026466516,0.7247985844003759,28.362000000000002,29.152,28.75179855406588,5.061347991973134,5.0997816180667765,5.0791388956817025,26.671,27.76036363636364,27.470548077968655,4.900735642952872,5.007739060112965,4.976675321858725,25.920499999999997,26.458142857142857,26.37899660648725,4.8405954526640524,4.881960165189317,4.919149599429764,26.000333333333334,26.270645161290318,25.629070834783242,4.953935682830787,4.900452929892516,4.902291078635599,23.343,24.903879781420763,23.771025599047025,4.888042529558591,4.898512911482388,4.843385592551711,8.917866814571468
2024-12-11,sz001319,29.86,28.82,30.13,28.34,184626,518326787.8,5.84,-6.0,-1.84,30.28,5.266292860619563,-0.16750416584695316,28.889999999999997,29.304666666666662,28.774532369377255,5.124027743009506,5.168096574282254,5.14152355066099,27.144,28.15109090909091,27.71590297288344,4.974617406173609,5.0742040087796365,5.029333056178877,25.987000000000002,26.734285714285715,26.61147312015513,4.846698203224848,4.922502775470794,4.952210862400221,26.192666666666664,26.452559139784942,25.834937232539165,4.9651277336037305,4.9206050058788895,4.925775064570049,23.512833333333333,25.08345355191257,23.936565743340562,4.895004972868667,4.910914561681108,4.85725140461951,8.71460365432109
2024-12-12,sz001319,29.68,31.6,31.6,29.68,272045,818568096.6,6.66,9.65,2.78,44.62,5.434640748281385,0.16834788766182207,29.754,30.208000000000002,29.71635491291817,5.192095914121959,5.271634242706213,5.239229283201122,27.913999999999998,28.961272727272725,28.42210243235918,5.0720819553970085,5.157844616435595,5.103025363833878,26.2605,27.268857142857144,27.086570918235594,4.873270041922254,4.978497303571416,4.9981565658174745,26.47266666666667,26.801419354838714,26.206876765923738,4.979706229143295,4.9508961681161585,4.958605108680458,23.716333333333335,25.348606557377053,24.187825882903166,4.901985308102323,4.928607537924149,4.876182202772358,8.913054814166353
2024-12-13,sz001319,30.69,30.8,33.08,30.29,258611,786135196.73,8.83,-2.53,-0.8,42.42,5.412646993621327,-0.02199375466005815,30.410000000000004,30.55666666666667,30.07756994194545,5.251275214210986,5.345151269206002,5.297035186674524,28.5,29.486,28.85444744465751,5.1329395298705744,5.21976553247638,5.1593202056134135,26.527499999999996,27.701190476190476,27.440230830784586,4.906766920394931,5.0298665370665665,5.0376318446559365,26.699,27.080602150537636,26.503207297154468,4.990534608590413,4.978827830340546,4.987898133515353,23.918,25.58085792349727,24.404618476906343,4.911742091337584,4.94535054400674,4.89377121230839,8.895497240880001
2024-12-16,sz001319,30.05,28.86,30.35,28.64,149386,423425136.37,5.55,-6.3,-1.94,24.5,5.174309898633041,-0.23833709498828615,30.148000000000003,30.040000000000003,29.6717132946303,5.344337505524367,5.319496164013354,5.256126757327364,28.779000000000003,29.551454545454554,28.855457000174322,5.149387626446885,5.227287417705919,5.162045604344255,26.771500000000003,27.923333333333332,27.575446942138434,4.9270597604130515,5.055346820708291,5.050648802177566,26.784,27.22002150537634,26.65525843927354,4.982398854986875,4.990684300665878,4.999924699006817,24.096000000000004,25.742890710382508,24.550696559630726,4.919059132361204,4.9539593245738045,4.902969202023951,8.62677663607062
2024-12-17,sz001319,28.4,26.95,28.66,26.85,107480,284705009.57,6.27,-6.62,-1.91,17.63,5.031327657761131,-0.14298224087190992,29.406,28.974,28.764475529753533,5.26384363178329,5.215159548092275,5.18119372413862,28.884000000000004,29.218909090909094,28.5090102728699,5.162595811878211,5.2058219688539635,5.138278704965505,26.872500000000002,27.94033333333333,27.51588056669668,4.9426227283592326,5.065277096646203,5.048808693185524,26.721,27.2307311827957,26.67427402383654,4.9700138869612545,4.993840997619055,5.001950696345806,24.230666666666664,25.836464480874316,24.62936224620021,4.921459463600942,4.957640259832819,4.907177675982547,8.454395108908342
2024-12-18,sz001319,26.8,26.63,27.63,26.39,74666,193240904.28,4.6,-1.19,-0.32,12.25,4.873122885967887,-0.158204771793244,28.968,28.04866666666667,28.052983686502355,5.185209636852954,5.084919299487142,5.078503444748376,28.929000000000002,28.80909090909091,28.16737204143901,5.1546186899312305,5.153190527779359,5.090068556056847,26.913,27.917238095238105,27.431510988916045,4.946170642551459,5.058658064037504,5.032076711545749,26.666,27.224860215053763,26.671417635201927,4.95023653334425,4.987589965296902,4.993639224708521,24.371666666666666,25.915131147540986,24.694956926652658,4.923109711275271,4.956055454008784,4.906061125490263,8.286099061120916
2024-12-19,sz001319,26.33,26.86,27.21,26.04,73143,188876250.0,4.39,0.86,0.23,12.0,4.864172769192155,-0.008950116775731765,28.02,27.346,27.655322457668237,5.071116041035108,4.9779070102668745,5.007059886229636,28.887,28.43290909090909,27.92966803390464,5.131605977578533,5.100382178554073,5.048996594808721,26.9925,27.912190476190478,27.377081370924042,4.954035287714015,5.050848742765188,5.0160858598930265,26.63866666666667,27.237376344086016,26.68358423938245,4.935060638661617,4.982037464383865,4.985286550159079,24.514833333333332,25.996715846994533,24.76594194545093,4.92607595443755,4.954123095251959,4.904687736759177,8.27617735155651
2024-12-20,sz001319,26.85,27.74,28.34,26.54,93967,249382069.88,6.7,3.28,0.88,15.41,4.972975361746873,0.10880259255471803,27.407999999999998,27.252666666666663,27.68354830511216,4.983181714660217,4.945193450504131,4.995698378068715,28.909000000000002,28.22436363636363,27.895182936831066,5.117228464435602,5.0715402484028616,5.03517455243384,27.189,27.983380952380955,27.411645049883656,4.96988393976721,5.052652559339747,5.0119800981648215,26.664,27.308430107526885,26.751740094906165,4.929372778887108,4.984483575550655,4.984492279938936,24.659333333333333,26.102459016393443,24.86345204560008,4.926947692654655,4.955660780737511,4.906926675283364,8.396865225276834
2024-12-23,sz001319,27.75,26.09,27.87,25.88,70865,182080641.08,7.17,-5.95,-1.65,11.62,4.85043179146035,-0.12254357028652318,26.853999999999996,26.813333333333333,27.152365536741442,4.918406093225679,4.900943476104175,4.947276182532594,28.500999999999998,27.711818181818185,27.566967857407235,5.131371799375023,5.023031762407363,5.001584959529568,27.253500000000003,27.878714285714285,27.28577409275188,4.974505378875238,5.041276164262903,4.9965945451453475,26.628333333333334,27.271397849462367,26.70904718555738,4.921785001138882,4.979390608619896,4.975843216166125,24.76966666666667,26.14936612021858,24.903666732629585,4.9246874589897125,4.953152062665566,4.905074384010478,8.260263773806676
2024-12-24,sz001319,26.59,26.46,27.16,26.16,56535,144755014.81,3.83,1.42,0.37,9.27,4.752317396505286,-0.09811439495506402,26.756,26.682000000000002,26.921577024494297,4.862604040974511,4.845580577197377,4.882289920523491,28.081,27.340727272727268,27.365700974242284,5.063223836378899,4.95411278006741,4.956263584434244,27.375999999999998,27.803142857142856,27.207128941061224,4.981979739665887,5.020115404037193,4.973330054798675,26.640666666666668,27.260537634408596,26.69297962519884,4.9148049139023335,4.968457214772568,4.961422195542846,24.882999999999996,26.2047868852459,24.954694052871236,4.920993283787192,4.947500585207061,4.900065958190635,8.160633618109907
2024-12-25,sz001319,26.48,25.8,26.8,25.53,52046,129834218.0,4.8,-2.49,-0.66,8.54,4.716387357387739,-0.035930039117547,26.589999999999996,26.363333333333337,26.547718016329533,4.831256935258481,4.796841682668453,4.8269890661449075,27.779000000000003,26.926000000000002,27.081028069834595,5.0082332860557175,4.891051602069017,4.912649724971242,27.4615,27.653047619047616,27.073116660960153,4.991425346114663,4.994820891439274,4.948859321711919,26.584333333333333,27.20630107526882,26.635368036476336,4.900543230835138,4.955656082094206,4.945613496307033,24.986833333333333,26.2348524590164,24.982409001957425,4.916832197791289,4.940792194177571,4.8940437089839826,8.113389166502344
2024-12-26,sz001319,25.94,26.62,26.92,25.7,53931,137781779.0,4.73,3.18,0.82,8.85,4.731838473142891,0.01545111575515179,26.542,26.373333333333335,26.571812010886354,4.8047900760486275,4.76370219529659,4.795272201810902,27.281,26.715272727272726,26.997204784410123,4.937953058541868,4.84079799972123,4.879774951911542,27.597500000000004,27.57290476190476,27.029962693249665,5.0050175069694385,4.97009833210863,4.9281906694672495,26.600666666666665,27.208602150537633,26.63437655025206,4.894831047462125,4.944771904178579,4.931821559328701,25.103666666666665,26.28839890710382,25.036100510089966,4.915383063172451,4.934726826156311,4.888725504530177,8.139191787941861
2024-12-27,sz001319,26.77,26.64,27.03,26.33,47776,123126129.0,2.63,0.08,0.02,7.84,4.6792097860449315,-0.052628687097959315,26.322000000000003,26.406000000000002,26.594541340590904,4.74603696090824,4.72184209862869,4.756584729888912,26.865,26.59872727272727,26.932258459971916,4.864609337784229,4.793753768358151,4.843308558117613,27.682499999999997,27.48171428571428,26.99282338913065,4.998774433827402,4.939069025353914,4.9044782043794095,26.639999999999997,27.211139784946237,26.634739353461608,4.89271439285803,4.930860855054888,4.915524025568458,25.204,26.338770491803277,25.088687378611606,4.908725442496463,4.926983440020984,4.881856136710988,8.0903502257694
2024-12-30,sz001319,26.47,27.36,27.42,25.64,84563,219205944.88,6.68,2.7,0.72,13.87,4.927180381824613,0.24797059577968117,26.576,26.752000000000002,26.849694227060603,4.761386678981092,4.782223238934148,4.813449947200812,26.715000000000003,26.688727272727274,27.01002964906793,4.839896386103386,4.805130321820039,4.8585579806097945,27.747000000000003,27.450999999999997,27.027792590165824,4.994642006275135,4.932250544210793,4.906640316517048,26.752666666666663,27.25759139784946,26.6815303629157,4.898005302309829,4.93308446724628,4.916276048552726,25.2865,26.40945901639344,25.163156644886634,4.905282409113751,4.927588519998957,4.883342177534385,8.340852328067667
2024-12-31,sz001319,26.98,26.13,27.08,26.02,60894,155555953.0,3.87,-4.5,-1.23,9.99,4.784574502891287,-0.14260587893332577,26.51,26.60333333333333,26.609796151373736,4.767838100258293,4.78995251357088,4.8038247990976375,26.633,26.582363636363635,26.850024258328304,4.815221070616401,4.7950717975996575,4.845106439206429,27.758500000000005,27.297000000000004,26.942288533959555,4.988908441247306,4.912244115317092,4.8950150009336415,26.792666666666666,27.217419354838707,26.64594775885663,4.900155509111623,4.9257663511547625,4.907779174639085,25.326833333333337,26.43711475409836,25.1948564270215,4.8993606660552524,4.923630883729366,4.880103893119857,8.191886635859897
2025-01-02,sz001319,25.94,25.52,26.84,25.06,55696,138968001.02,6.81,-2.33,-0.61,9.14,4.7458240059402135,-0.038750496951073465,26.453999999999997,26.273333333333333,26.24653076758249,4.773725429968787,4.78261448213152,4.784491201378496,26.522,26.380000000000003,26.608201665904975,4.802491182613634,4.782454149476715,4.827055087703481,27.7255,27.08380952380952,26.806832483106266,4.978554936272433,4.889093216716417,4.8808063347437916,26.782666666666664,27.135311827956997,26.573305967962654,4.8982774892388505,4.915809479982413,4.897330454077868,25.394833333333334,26.44344808743169,25.205516872037187,4.897077392526684,4.9185968948731364,4.875701273868065,8.142914810467854
2025-01-03,sz001319,25.64,23.8,25.72,23.7,58391,137258911.0,7.92,-6.74,-1.72,9.58,4.766345913010545,0.020521907070331302,25.889999999999997,25.388666666666666,25.431020511721663,4.780626917942318,4.78015464314544,4.778442771922513,26.216,25.88509090909091,26.097619544831343,4.7927084969954725,4.775882282276154,4.816017055941129,27.551499999999997,26.70995238095238,26.52046748471519,4.962157237287004,4.868882833548618,4.869905342197768,26.733666666666668,26.942881720430105,26.394383002287643,4.900259690807833,4.907297765387039,4.888879838525138,25.426166666666667,26.391158469945356,25.159434351642524,4.895945992695999,4.914310616856212,4.872115852200606,8.137540548914503
2025-01-06,sz001319,23.67,23.23,23.91,22.82,36236,81329299.78,4.58,-2.39,-0.57,5.94,4.5591402509858625,-0.20720566202468227,25.208000000000002,24.502,24.697347007814443,4.756613010930504,4.706325754159955,4.705341931610296,25.764999999999997,25.342181818181817,25.576234173043822,4.751324985919372,4.733415328456223,4.769312182312898,27.337,26.298380952380953,26.207089629028033,4.934276725177487,4.8305002634247,4.840308666844253,26.714333333333336,26.71683870967742,26.19022926020457,4.897030955151264,4.885290059592072,4.867606316748411,25.451166666666666,26.319153005464482,25.09617420896572,4.894051670976143,4.903267805652601,4.861854357078811,7.910247033175701
2025-01-07,sz001319,23.28,24.09,24.1,23.28,31743,72128558.0,3.53,3.7,0.86,5.21,4.5016479691068145,-0.05749228187904798,24.554000000000002,24.12933333333333,24.494898005209627,4.671506528386944,4.621337406885391,4.637443944109136,25.565,25.037636363636366,25.306009777944944,4.716446603684018,4.688019507217576,4.720645961729974,27.032999999999998,25.989142857142856,26.005462045311077,4.92390920152952,4.789297524751301,4.808055267059736,26.690666666666665,26.547526881720426,26.05473059825589,4.888485787144831,4.859781479847268,4.843996100771534,25.488,26.27452459016394,25.063184890638976,4.891680202902748,4.890402110509345,4.850044311571532,7.858107249826238
2025-01-08,sz001319,24.0,24.48,24.84,23.17,45062,103865396.0,6.93,1.62,0.39,7.39,4.653810463235306,0.1521624941284916,24.224,24.10466666666667,24.489932003473086,4.6453537204557485,4.615438718501512,4.642899450484526,25.366999999999997,24.840363636363637,25.15582618195495,4.706595910357021,4.6766311180450835,4.708494052912761,26.724,25.746000000000002,25.86017994575764,4.88490987336796,4.763573835389948,4.793365285743124,26.70633333333333,26.404903225806457,25.95313507578777,4.890185129896264,4.844641136369235,4.831726059640165,25.546499999999998,26.241475409836063,25.044064074552452,4.892607967262657,4.882603102651396,4.84361041490477,8.01647088124912
2025-01-09,sz001319,24.48,24.97,25.22,24.48,48668,116566322.72,3.02,2.0,0.49,7.98,4.687243499380741,0.03343303614543469,24.113999999999997,24.35333333333333,24.649954668982062,4.633637619143854,4.629401978143177,4.657680800116598,25.284,24.76818181818182,25.122039603417683,4.703681524556321,4.673112497867578,4.70463031590694,26.5315,25.578952380952376,25.775400903304533,4.855957405306019,4.744748466438784,4.7832584489467065,26.735666666666667,26.292881720430106,25.889707006382107,4.895510738928548,4.83154812794888,4.822404604139558,25.6225,26.222573770491802,25.041635744239258,4.89634591390384,4.875869841409367,4.838483630789228,8.06657309613954
2025-01-10,sz001319,24.97,24.7,26.08,24.7,59377,145054882.0,5.53,-1.08,-0.27,9.74,4.773618251253306,0.08637475187256527,24.294,24.54866666666667,24.66663644598804,4.635092086792406,4.676062188846328,4.696326617162168,25.092000000000002,24.662000000000003,25.045305130069014,4.707859502367362,4.685828266357939,4.717173576879006,26.186500000000002,25.404523809523813,25.67298176965648,4.822906280454616,4.736906642243289,4.782340334880669,26.762333333333334,26.161548387096772,25.812951715647777,4.905964838768745,4.82368409648596,4.819257097501735,25.695833333333333,26.192327868852455,25.030434572296986,4.902170718909402,4.871845983617546,4.836356897033951,8.16153235009822
2025-01-13,sz001319,24.1,24.63,25.33,24.1,46835,111708756.91,4.98,-0.28,-0.07,7.68,4.670570524566077,-0.10304772668722872,24.573999999999998,24.660666666666664,24.654424297325363,4.657378141508449,4.687888334770884,4.687741252963471,24.891,24.578,24.9697951064201,4.706995576219477,4.6790484522122515,4.708700294640291,25.878000000000004,25.256285714285717,25.57365017254634,4.785802457001852,4.722398475015808,4.771695591041183,26.752000000000002,26.023978494623655,25.736632250122117,4.901514814624759,4.8084973665374005,4.809664415376854,25.757833333333334,26.157382513661204,25.01730556992659,4.9026574771952465,4.8642525346226835,4.830921278264513,8.048087219029888
2025-01-14,sz001319,24.86,27.0,27.0,24.69,75146,188067401.32,9.38,9.62,2.37,12.33,4.875905868167617,0.20533534360153993,25.156,25.46933333333333,25.436282864883577,4.73222972132061,4.76073091032394,4.750462791364853,24.855,24.961454545454547,25.33892326888917,4.701868124853777,4.70975941438464,4.7391013080088955,25.785000000000004,25.363142857142858,25.709493013256214,4.770882255478581,4.730979752269691,4.781620379338939,26.783,26.039978494623657,25.818139846888435,4.897050712468016,4.806845176443392,4.813938057492388,25.840666666666664,26.198109289617484,25.082311944683095,4.902291334934827,4.863375432687351,4.832396182851499,8.274313523600565
2025-01-15,sz001319,27.03,27.28,27.76,26.98,117633,310493417.44,2.89,1.04,0.28,19.29,5.070529172993956,0.19462330482633838,25.716,26.17733333333333,26.05085524325572,4.815573463272339,4.873497394215055,4.857151585241221,24.970000000000002,25.40236363636364,25.691846310909323,4.730463591864044,4.776788695864672,4.799360919824361,25.801499999999997,25.505523809523808,25.85906510723181,4.772842331240223,4.759517553937822,4.809135502544178,26.829,26.072043010752683,25.912453405153702,4.902760158119552,4.818037335187001,4.8304923230086185,25.926666666666666,26.24530054644809,25.15436729075906,4.905356668601834,4.868891427377812,4.840203821872564,8.492052397427935
2025-01-16,sz001319,27.31,26.97,27.68,26.44,77395,202175539.68,4.55,-1.14,-0.31,12.69,4.888712904577589,-0.1818162684163669,26.116000000000003,26.59533333333333,26.35723682883715,4.855867344311709,4.897877207983472,4.86767202502001,25.115000000000002,25.766,25.92423789074399,4.744752481727781,4.805561298176227,4.815606735234038,25.8185,25.616809523809522,25.96486843035259,4.773621832170708,4.770552846636619,4.816714302737836,26.855333333333338,26.081139784946238,25.980682217724432,4.900620784757549,4.817131060764937,4.834248489561456,25.986499999999996,26.279508196721306,25.213896232045645,4.903137845050358,4.8683457301966895,4.841794283600597,8.305728611074025
2025-01-17,sz001319,26.77,26.96,27.26,26.68,43044,111867013.1,2.15,-0.04,-0.01,7.06,4.633912622723591,-0.2548002818539974,26.568,26.87666666666667,26.558157885891433,4.827926218605766,4.823892300787433,4.789752224254537,25.431,26.101454545454544,26.11255827424508,4.731509152699086,4.785408596539101,4.78257144205032,25.823500000000003,25.725523809523807,26.0596428655571,4.76210882484728,4.7572472076416545,4.799304618926955,26.844666666666665,26.087892473118274,26.043864010129308,4.885274542424365,4.7999240825691984,4.821323594926755,26.061500000000002,26.3114262295082,25.271145535913,4.900685773118733,4.85951867372696,4.834978491440695,8.048702042376084
2025-01-20,sz001319,27.3,27.33,27.53,27.04,54047,142109195.0,1.82,1.37,0.37,8.86,4.732771592468704,0.09885896974511255,27.107999999999997,27.130666666666666,26.81543859059429,4.840366432186292,4.792174092075078,4.770758680325926,25.840999999999998,26.446727272727273,26.333911315291427,4.74887228684737,4.785638131042668,4.773516923944571,25.802999999999997,25.869,26.18062925931357,4.750098636383371,4.7544531855103624,4.7929681402166455,26.83833333333333,26.119204301075268,26.126840525604837,4.872475245734114,4.790085182572059,4.815610562510107,26.147333333333332,26.353016393442626,25.33864896096503,4.901115312038722,4.854013290754829,4.83162744557276,8.15262217932484
2025-01-21,sz001319,27.34,27.83,28.06,27.06,80139,213768736.0,3.66,1.83,0.5,13.14,4.903843918865442,0.17107232639673775,27.274,27.37133333333333,27.15362572706286,4.845954042325856,4.813333254301463,4.815120426505764,26.214999999999996,26.808363636363637,26.60592743978389,4.789091881823233,4.81381479140959,4.797212741202911,25.890000000000004,26.062047619047622,26.33771218699799,4.752769242753626,4.7690955933657975,4.803527738183198,26.760333333333335,26.183182795698926,26.23672178201743,4.878970094960758,4.792108967935372,4.821303037113678,26.237666666666666,26.408185792349723,25.420332601589127,4.904611402985133,4.854102753273737,4.833995198795471,8.32994418929409
2025-01-22,sz001319,27.36,27.37,27.8,27.2,49897,132180420.42,2.16,-1.65,-0.46,8.18,4.698074434949801,-0.20576948391564098,27.292,27.40333333333333,27.225750484708577,4.771463094717026,4.764040051842776,4.77610509598711,26.504,27.018363636363635,26.744849723459545,4.793518278994682,4.797266164705329,4.779187594611436,25.9355,26.202999999999996,26.4360253120458,4.750057094675851,4.7638865640511465,4.793484566446684,26.65066666666667,26.222516129032257,26.30983650575824,4.8544460085768675,4.780438280192728,4.813352804716009,26.325499999999998,26.445311475409834,25.4842561228485,4.904190845703827,4.847331049403727,4.829538780308727,8.121167128876488
2025-01-23,sz001319,27.61,27.02,28.09,27.02,65077,173478430.72,3.91,-1.28,-0.35,10.67,4.813427524082335,0.11535308913253406,27.302,27.31266666666667,27.157166989805717,4.756406018617975,4.778028194964547,4.788545905352185,26.708999999999996,27.112181818181817,26.7948770464669,4.806136681464841,4.800886027448539,4.785413036333417,25.996499999999997,26.306285714285714,26.49164194899382,4.754909103010581,4.769921843042241,4.795383895745317,26.590666666666667,26.246344086021505,26.35565350538674,4.83935049735896,4.7777919263543716,4.813357625320288,26.391666666666666,26.468081967213113,25.53460838111576,4.902239115481345,4.844355202793187,4.829010542399665,8.23924548488134
2025-01-24,sz001319,26.77,28.18,28.18,26.68,74238,197779254.22,5.55,4.29,1.16,12.18,4.870626263309624,0.0571987392272888,27.546,27.605333333333338,27.49811132653715,4.803748746735181,4.816101609861763,4.815906024671332,27.057,27.37963636363636,27.04671758347292,4.8158374826704735,4.8126114059657725,4.800906350329091,26.0745,26.5142380952381,26.65243795385155,4.761848492518917,4.780942524975483,4.8025498355133465,26.476666666666667,26.348881720430107,26.473353279232757,4.820550014526568,4.779809717706027,4.817052376158309,26.474666666666668,26.526715846994534,25.621342532554586,4.900128121834931,4.843318715836736,4.830374992265565,8.296180734934092
2025-01-27,sz001319,28.28,27.57,28.65,27.57,55079,148357737.0,3.83,-2.16,-0.61,9.03,4.740986046718794,-0.12964021659082992,27.594,27.613333333333337,27.522074217691433,4.805391637585199,4.7951807098563,4.790932698687152,27.351,27.47290909090909,27.141859841023294,4.822879034885745,4.799002053974557,4.790011749672673,26.121,26.656666666666666,26.739824815389497,4.764937305552611,4.77895562537547,4.796686617532913,26.369000000000003,26.419419354838706,26.54410468057258,4.798161316296484,4.774676558492623,4.81214487103318,26.534,26.56262841530055,25.685232941323285,4.894347962443448,4.838100942882109,4.82744420716567,8.171310200122276
2025-02-05,sz001319,27.5,27.77,28.1,26.91,57806,154102792.28,4.32,0.73,0.2,9.48,4.7619729185529405,0.020986871834146825,27.582,27.672000000000004,27.604716145127625,4.777017437522699,4.780707803512215,4.781279438642415,27.427999999999997,27.54909090909091,27.256067142655418,4.811485739924278,4.787928214641321,4.784913780378176,26.141499999999997,26.813714285714287,26.837936737733354,4.756676932389028,4.778673302804075,4.793380550963392,26.332666666666668,26.509806451612906,26.623194701180804,4.784416750293813,4.772341823154328,4.808907970873165,26.558333333333334,26.603153005464478,25.753585959640553,4.8834078026403445,4.833760777508649,4.825297607539023,8.187810508029317
2025-02-06,sz001319,27.51,29.07,29.07,27.39,101896,282003898.64,6.05,4.68,1.3,16.71,5.008157135802067,0.24618421724912665,27.921999999999997,28.168,28.09314409675175,4.839033977693152,4.857754369605337,4.856905337695633,27.607,27.847636363636365,27.585873116718066,4.805248536205088,4.823686650255463,4.825503481364338,26.2885,27.092619047619046,27.050514191282556,4.767856064034566,4.802623798367221,4.81383546380517,26.40333333333333,26.68640860215054,26.781053107556236,4.783644399561845,4.786776686735507,4.8217627557072875,26.562166666666666,26.685502732240437,25.862320846209716,4.876829143261549,4.837850919579526,4.8312930019083025,8.45025511238367
2025-02-07,sz001319,28.88,29.53,30.46,28.74,136248,390743757.13,5.92,1.58,0.46,22.35,5.134330135937019,0.12617300013495214,28.424,28.703999999999997,28.57209606450117,4.90321450006409,4.956186422353293,4.949380270442761,27.863,28.197272727272725,27.939350731860237,4.8298102593410315,4.8835196683885425,4.881653782195735,26.488999999999997,27.401333333333334,27.286655696874693,4.787281370534407,4.83752609092936,4.844358765912966,26.5,26.888129032258064,26.958404519971964,4.792351307894149,4.80940157295326,4.841928393141464,26.583000000000002,26.7828087431694,25.982572621743824,4.871293920619199,4.846293575077082,4.841228645646949,8.591892048071516
2025-02-10,sz001319,29.13,28.84,29.43,28.48,88089,244432894.08,3.22,-2.34,-0.69,14.45,4.9449216798358355,-0.18940845610118373,28.556,28.842666666666666,28.661397376334115,4.918073583369331,4.970088815610541,4.947894073573787,28.051,28.37490909090909,28.103105144249284,4.860911165052256,4.904449017569416,4.893157036312116,26.740999999999996,27.625238095238096,27.43459324955329,4.796210158875671,4.852539453719972,4.853936186286572,26.565999999999995,27.039096774193553,27.079797776747967,4.795042938248939,4.81924482275595,4.848573121315295,26.60233333333333,26.856808743169395,26.076258765293208,4.865051788455277,4.84870759996943,4.844628417259699,8.388159649836277
2025-02-11,sz001319,28.53,29.26,29.36,28.23,94077,261011596.34,3.92,1.46,0.42,15.43,4.973483459835176,0.02856177999934051,28.894,29.077333333333335,28.860931584222747,4.9645730659926075,4.988558774432491,4.95642386899425,28.244,28.594727272727273,28.313449663476685,4.884982351788904,4.924916707529946,4.907761840589036,27.0425,27.865142857142853,27.608441511500597,4.816927319318137,4.869422625239925,4.865321640910249,26.616666666666667,27.212903225806453,27.22045598469971,4.795059874851882,4.830757114471191,4.856631852832706,26.64033333333333,26.943945355191254,26.180643723808185,4.862216326869494,4.852262736735986,4.8488531727539765,8.416659802796499
2025-02-12,sz001319,29.13,30.09,30.33,29.13,139642,401932234.24,4.1,2.84,0.83,22.9,5.145016060299286,0.17153260046410956,29.357999999999997,29.476,29.2706210561485,5.041181694341877,5.048706439201383,5.019287932762595,28.47,28.930363636363637,28.636458815571835,4.909099565932288,4.972195563622744,4.9508989714454446,27.3425,28.155380952380952,27.844780415167207,4.8490957238777606,4.9006691720000335,4.891959204661585,26.75,27.436989247311832,27.40558785665457,4.804879350479847,4.853334932887152,4.875237285572485,26.68916666666667,27.05704918032787,26.30881933942103,4.863332175809364,4.861534859143519,4.858563431362019,8.60415283722262
2025-02-13,sz001319,29.74,28.68,29.75,28.63,80631,226371031.61,3.72,-4.69,-1.41,13.23,4.906502046030146,-0.23851401426913998,29.28,29.25,29.073747370765666,5.020850676387492,5.003813223097472,4.9816926371851125,28.601,28.968545454545453,28.64437539455877,4.929942327040322,4.971723287276898,4.942826803188117,27.5525,28.282761904761905,27.924325137532236,4.861730303017502,4.906136440776451,4.893344237172877,26.824,27.56150537634409,27.487807994934922,4.810018838797342,4.859891235825882,4.877254366892334,26.73233333333333,27.122322404371584,26.386562967636735,4.862411876349838,4.862950264724526,4.86013518921999,8.354820850003572
2025-02-14,sz001319,28.39,27.75,28.56,27.58,64290,173742816.45,3.42,-3.24,-0.93,10.55,4.808143425761491,-0.09835862026865438,28.924,28.740000000000002,28.632498247177114,4.955613334352387,4.932910806222139,4.923842900043906,28.674,28.813818181818178,28.481761686457176,4.929413917208238,4.94957803249893,4.918338916383275,27.691499999999998,28.301571428571428,27.907722743481546,4.86777529933654,4.901032928656831,4.8852298741813165,26.889000000000003,27.621247311827958,27.504723608164927,4.8130773744098,4.859770241436472,4.872795596496796,26.736666666666665,27.155688524590165,26.431265821156842,4.856810302622469,4.861170971262616,4.858430541237745,8.239906857344916
2025-02-17,sz001319,27.5,28.16,28.17,27.47,50977,137238427.69,2.52,1.48,0.41,8.36,4.707374273624768,-0.10076915213672333,28.788,28.485333333333337,28.474998831451412,4.908103853110173,4.850164452646266,4.851686691237527,28.672000000000004,28.720363636363633,28.42325956164678,4.913088718239752,4.909207188211027,4.879981708609001,27.8645,28.346190476190475,27.931749148864256,4.864463100455113,4.885756640493805,4.8682912455568825,26.940333333333335,27.703247311827955,27.54699950441235,4.812261901092529,4.852950686547114,4.862123253085698,26.770500000000002,27.202355191256828,26.48794563029924,4.853546474277326,4.856271429328264,4.853477876725844,8.137475733797801
2025-02-18,sz001319,27.93,27.35,28.2,27.11,48386,129084277.56,3.87,-2.88,-0.81,7.94,4.684719721101585,-0.022654552523182936,28.406,28.005999999999997,28.09999922096761,4.850351105363456,4.775703075310071,4.796031034525546,28.65,28.48,28.22812145952918,4.9074620856780315,4.867685552367724,4.844479529062197,28.0005,28.297190476190476,27.87634446802004,4.865170560281888,4.868638223412517,4.850808243227807,26.964000000000002,27.729677419354836,27.534289858966396,4.812445565594417,4.844722158805763,4.850677863925433,26.802,27.221355191256837,26.516209707994346,4.852579979226224,4.850736125945454,4.847944822443081,8.110873348503818
2025-02-19,sz001319,27.35,28.71,28.88,27.32,86200,237427395.12,5.7,4.97,1.36,14.14,4.935507265824713,0.2507875447231278,28.130000000000003,28.107333333333337,28.30333281397841,4.8084493464685405,4.804088462130489,4.842523111625269,28.744,28.490909090909092,28.31573573961478,4.924815520405209,4.872784676030756,4.861030026655381,28.086000000000002,28.364761904761902,27.955740232970513,4.8681506301647435,4.875336957273738,4.858874816808465,27.009,27.84232258064516,27.610142126129855,4.812723128394421,4.8526616233367506,4.856150728564097,26.88083333333333,27.28391256830601,26.588137258551907,4.855364215352125,4.853455053374912,4.850815722226085,8.375530827773721
2025-02-20,sz001319,28.74,29.27,29.39,28.48,88782,249267900.15,3.17,1.95,0.56,14.56,4.948324924189915,0.012817658365202433,28.248,28.487333333333336,28.62555520931894,4.816813922100494,4.850713654704281,4.877790382480152,28.764,28.586545454545455,28.489238332412093,4.918832299243993,4.877059113082521,4.876901826207114,28.1855,28.47752380952381,28.080907829830462,4.8620404177245415,4.882972604323755,4.867393874654317,27.11366666666667,27.9881935483871,27.71722973089567,4.818181475771041,4.861410126291298,4.862097450862537,26.953166666666664,27.362245901639348,26.676067184501026,4.859168492441332,4.8565029454679545,4.854012745241293,8.39666635517722
2025-02-21,sz001319,28.99,29.1,29.3,28.66,67122,187783824.78,2.19,-0.58,-0.17,11.01,4.8268648884646135,-0.12146003572530173,28.518,28.771333333333335,28.783703472879296,4.820558214641119,4.854063976825654,4.860815217808305,28.721000000000004,28.647636363636366,28.600285908337163,4.888085774496753,4.860337765668089,4.867804201163023,28.292,28.564619047619047,28.177964226989467,4.858948016918893,4.879622553918048,4.863533971207678,27.233,28.116344086021506,27.80644071599918,4.820882838521856,4.861970346465077,4.859824382320736,27.007833333333334,27.43263387978142,26.755540391566566,4.859580163880353,4.855443810911339,4.853122651576483,8.273658180521517
2025-02-24,sz001319,28.97,29.49,29.88,28.49,120751,344104328.87,4.78,1.34,0.39,19.81,5.081890736050329,0.2550258475857152,28.784000000000002,29.095333333333333,29.019135648586197,4.895461507126231,4.941174817295391,4.934507057222313,28.786,28.787454545454544,28.762052106821315,4.9017826801182025,4.895575031405102,4.906729025687987,28.4185,28.678714285714285,28.302920014895232,4.881346922585229,4.900855193835326,4.884329853573645,27.422666666666665,28.261956989247313,27.915057443999235,4.831400999289849,4.878809565660462,4.874151243851677,27.078166666666668,27.514016393442628,26.845194804957824,4.86583034504884,4.862732682130028,4.860623244510052,8.53669013612726
2025-02-25,sz001319,28.78,30.37,30.83,28.59,160555,468009233.26,7.6,2.98,0.88,26.33,5.205623834901569,0.12373309885124062,29.387999999999998,29.624000000000002,29.46942376572413,4.999642329886227,5.04456225988717,5.024879316448732,28.897000000000002,29.075454545454544,29.054406269217438,4.9249967176248415,4.9508188777293505,4.9610735364540925,28.570500000000003,28.864571428571427,28.499784775381404,4.904989534706873,4.931738709294026,4.91492928036678,27.660666666666664,28.452107526881715,28.073440834708965,4.852950452087039,4.902952974409605,4.895536572306509,27.1875,27.621945355191258,26.960762188401826,4.874990703619151,4.873873452289134,4.871934739276986,8.670254421267098
2025-02-26,sz001319,30.15,30.18,31.95,29.87,188540,563256767.06,6.85,-0.63,-0.19,30.92,5.275403502745404,0.06977966784383494,29.682,29.888,29.706282510482755,5.0676215772703666,5.136482650840228,5.108387378547624,28.906,29.308727272727268,29.259059674814267,4.938035461869453,5.014529202296726,5.018224439416149,28.688,29.017857142857142,28.659805272964128,4.9235675139008706,4.967016230059601,4.949260158688554,27.86366666666667,28.614645161290323,28.209347877630968,4.878742303208324,4.930208009935951,4.920044116205792,27.27716666666667,27.720060109289616,27.06631096910996,4.883614045176578,4.887001740785076,4.88516322332513,8.750706418112978
2025-02-27,sz001319,30.38,30.63,30.82,29.32,133903,391463749.6,4.97,1.49,0.45,21.96,5.126790307175194,-0.1486131955702099,29.953999999999997,30.203999999999997,30.014188340321837,5.103314653867423,5.1562055608085045,5.114521688090147,29.101,29.62218181818182,29.508321552120762,4.960064287983958,5.048848265079589,5.0379636880996115,28.851,29.202809523809524,28.847442866015164,4.94500330751214,4.986370781800011,4.966167791877757,28.06866666666667,28.793118279569892,28.36551898229994,4.894508298006321,4.946211106966073,4.933382580139303,27.3875,27.829989071038256,27.18315323241783,4.8923467139512935,4.894974732981751,4.8930854227956235,8.592691551636367
2025-02-28,sz001319,30.28,28.34,30.57,28.2,97960,274269969.38,7.74,-7.48,-2.29,16.07,4.9910487764526765,-0.13574153072251782,29.802,29.665999999999997,29.45612556021456,5.136151431465034,5.1187836016702555,5.073364050877657,29.160000000000004,29.483818181818183,29.295899451735167,4.978354823053077,5.054481808437536,5.0294337041638055,28.917,29.15414285714286,28.79911497401372,4.953884370130657,4.990756064556254,4.968537409456321,28.180999999999997,28.810623655913982,28.363872596345107,4.904635140575385,4.952439524930354,4.937102979901456,27.458333333333332,27.861218579234976,27.22108263463364,4.900072939751967,4.89821086617852,4.8962973360302815,8.438178258036396
2025-03-03,sz001319,28.34,27.75,29.57,27.49,64901,176649495.0,7.34,-2.08,-0.59,10.65,4.812251388497381,-0.17879738795529576,29.453999999999997,28.982000000000003,28.887417040143042,5.082223561954445,5.010816920681038,4.986326496750898,29.119,29.227454545454542,29.014826824146954,4.988842534540337,5.024281183972865,4.989946010406273,28.8955,29.043,28.69919926220289,4.950965626390046,4.9772672091626085,4.95365302650785,28.282666666666664,28.78281720430108,28.32426791270994,4.905922911816855,4.946479282860804,4.929048038520548,27.5225,27.870781420765027,27.23842418759647,4.905943875292801,4.8953314710554166,4.893541731193137,8.247112400225284
2025-03-04,sz001319,27.28,28.13,28.62,27.09,50808,137833652.4,5.51,1.37,0.38,8.33,4.705932099731018,-0.10631928876636287,29.006,28.540666666666667,28.634944693428697,4.982285214920335,4.885386433273229,4.892861697744271,29.197000000000003,29.04763636363636,28.853949219756597,4.990963772403282,4.972842923098443,4.938307117556227,28.9235,28.97009523809524,28.64498980865976,4.949212929040656,4.95393068281413,4.930060557291009,28.399333333333335,28.772967741935485,28.31173449898672,4.907101630989019,4.933576649823009,4.91465346182445,27.575666666666667,27.890699453551917,27.267656181445766,4.904308222806889,4.888773707922245,4.887390595735362,8.139355264504324
2025-03-05,sz001319,28.01,28.83,29.14,27.76,61867,170444756.0,4.91,2.49,0.7,10.15,4.791459057105595,0.08552695737457672,28.736,28.481999999999996,28.699963128952465,4.8854963257923725,4.82177771400165,4.859060817531379,29.208999999999996,28.98090909090909,28.849594816164487,4.976558951531369,4.936569338498863,4.911607470201567,28.976500000000005,28.961190476190477,28.66260982688264,4.950687235968289,4.938906504534599,4.916860414416208,28.46033333333333,28.80075268817204,28.34517098292306,4.904286737286952,4.926115838604724,4.906705435713556,27.62166666666667,27.93182513661202,27.318880568939345,4.900668724877485,4.885073735276301,4.884245299386845,8.231583644020192
2025-03-06,sz001319,30.28,31.62,31.62,30.08,83317,252395023.2,5.34,9.68,2.79,13.67,4.920733623890904,0.12927456678530902,28.933999999999997,29.44333333333333,29.673308752634977,4.844284989135515,4.833523480034493,4.879618419651221,29.444,29.419272727272727,29.353304849589126,4.973799821501468,4.926419278927869,4.9132667708723545,29.104000000000003,29.212952380952377,28.944266033846198,4.94631606037273,4.93605377957485,4.917229291509035,28.605,29.004602150537632,28.55645027434738,4.89929355231685,4.927176928063043,4.907610480112096,27.717,28.062918032786886,27.45990087815445,4.901026855218201,4.885731600817723,4.885441637895174,8.402080787108995
2025-03-07,sz001319,32.23,34.68,34.68,31.98,265184,866934544.1,8.54,9.68,3.06,43.5,5.423547317163606,0.5028136932727021,30.201999999999998,31.358666666666668,31.342205835089985,4.9307846972777005,5.026610922710523,5.06092805215535,30.002,30.371272727272725,30.321794876936554,5.033468064371368,5.00819155086644,5.006045052016218,29.3615,29.744,29.490526411575132,4.96077691943406,4.981504375459695,4.965450055857089,28.862,29.396537634408602,28.951517998583036,4.917121366069718,4.960999751601544,4.940896727663806,27.858666666666668,28.291213114754097,27.696625439526432,4.908871075413633,4.902863419242163,4.9030844470515165,8.937986308307451
2025-03-10,sz001319,34.47,33.39,34.47,32.18,198445,637119085.75,6.6,-3.72,-1.29,32.55,5.297640160941517,-0.12590715622208837,31.329999999999995,32.42133333333333,32.02480389005999,5.027862451766528,5.148896077265129,5.139832088417406,30.391999999999996,30.98727272727273,30.87965035385718,5.055043006860486,5.056222841151921,5.0590623445480905,29.589,30.127666666666663,29.861904848567978,4.978412843489345,5.013586588936594,4.997087208722273,29.076333333333334,29.688666666666666,29.23787167609381,4.939245617343648,4.985549351270692,4.963912433036563,27.9605,28.47256830601093,27.883293457902614,4.912260079884007,4.915609946636521,4.916020699965943,8.804220615146011
2025-03-11,sz001319,32.66,32.91,33.35,31.68,129733,409175184.42,5.0,-1.44,-0.48,21.28,5.113050461010671,-0.1845896999308465,32.286,32.94799999999999,32.319869260039994,5.109286124022459,5.177292080346509,5.130904879281828,30.645999999999997,31.445090909090904,31.248804834974056,5.045785669471397,5.06676965099741,5.068878365723105,29.771499999999996,30.44395238095238,30.152199624894838,4.985391193548119,5.026409219176721,5.008131327987835,29.262333333333334,29.936,29.474783180861955,4.9519215796283795,4.996762566991144,4.973534241292957,28.050333333333334,28.634846994535522,28.048103508463182,4.9121984126812475,4.922193237821001,4.9224806921313435,8.61190928682834
2025-03-12,sz001319,32.98,31.85,33.08,31.75,135928,423281049.32,4.04,-3.22,-1.06,22.3,5.133308926879325,0.020258465868653985,32.89,32.80266666666667,32.163246173359994,5.177656097977204,5.185299681298798,5.131706228480994,30.813,31.663999999999998,31.35811304679695,5.031576211884788,5.0826829705261245,5.0805930132060535,29.859499999999997,30.64190476190476,30.313894898714373,4.984805836877121,5.040496622351122,5.020053004072739,29.396333333333335,30.10294623655914,29.628022975645056,4.959570413228843,5.008464976491206,4.983842285524336,28.07833333333333,28.7594262295082,28.172755852447995,4.9192702540948,4.929442762876676,4.929393093270622,8.626628825147797
2025-03-13,sz001319,31.85,30.17,31.85,29.73,125862,371409432.0,6.66,-5.27,-1.68,20.64,5.099894628587874,-0.033414298291450706,32.6,31.896000000000004,31.49883078224,5.213488298916599,5.159379191502355,5.121102361849954,30.767000000000003,31.547090909090908,31.142092492833868,5.028886644026057,5.0951045008357765,5.08410239782093,29.934000000000005,30.67147619047619,30.30019062264634,4.9944754660050075,5.051457459656908,5.027656968312276,29.489666666666665,30.152860215053764,29.66298923528086,4.972964419683446,5.0175181516756595,4.991329533463919,28.07016666666667,28.828005464480874,28.23823926712183,4.913705214130157,4.935364873515794,4.934983307543319,8.56985292851938
2025-03-14,sz001319,30.02,30.96,31.26,29.68,90144,266127736.95,5.24,2.62,0.79,14.79,4.954936825305679,-0.1449578032821952,31.856,31.349333333333334,31.319220521493335,5.119766200545013,5.073195366965382,5.065713849668529,31.028999999999996,31.58218181818182,31.108984766864072,5.025275448911357,5.081659079250252,5.060617748272702,30.0945,30.769190476190474,30.36302961096574,5.001815135982216,5.047691874828399,5.020731240406886,29.621,30.247720430107524,29.74666734913371,4.977681396390891,5.0163550810706425,4.988981616808548,28.105833333333333,28.922754098360656,28.327477323937504,4.9085159468749255,4.936716729619909,4.935637521240445,8.42509014090451
2025-03-17,sz001319,31.02,31.92,32.16,30.31,122468,372883172.62,5.98,3.1,0.96,20.09,5.0880226255257694,0.13308580022009053,31.562,31.370666666666672,31.519480347662228,5.0778426934618635,5.062614175292301,5.07315010828761,31.445999999999998,31.74418181818182,31.256442081979696,5.052852572614196,5.093067656816509,5.0656004532278045,30.282500000000006,30.943047619047622,30.511312505159477,5.020847553577267,5.055902111927788,5.027139943751542,29.74566666666667,30.39604301075269,29.88688235886702,4.9849279417980945,5.023473870047085,4.995371359306433,28.11116666666667,29.047808743169398,28.445264952660864,4.902738978162331,4.942602194493707,4.940633754167833,8.571572785069073
2025-03-18,sz001319,31.66,31.77,31.96,31.21,78813,241252015.63,2.35,-0.47,-0.15,12.93,4.896597859147001,-0.19142476637876804,31.334000000000003,31.44,31.602986898441486,5.034552173089129,5.002199230520679,5.014299358574075,31.810000000000002,31.803090909090912,31.349816248892477,5.071919148555794,5.064657708913383,5.034872708849477,30.503500000000003,31.08471428571428,30.631187504668098,5.031441460479537,5.044068807696332,5.014707364265395,29.885666666666665,30.526645161290322,30.00837381958528,4.990115002212369,5.017775155037338,4.988998875425179,28.127333333333336,29.167770491803278,28.554272659131,4.894138159254426,4.94240084632927,4.939189954331084,8.382470950506317
2025-03-19,sz001319,31.66,31.94,32.28,31.43,82507,255372886.86,2.68,0.54,0.17,13.53,4.916490796215481,0.019892937068479277,31.352000000000004,31.642,31.71532459896099,4.991188546956361,4.962845438229463,4.981696504454543,32.121,31.82672727272728,31.45712238545748,5.084422322466783,5.036398008487872,5.013348724734205,30.665,31.221523809523813,30.755836313747327,5.030490636999076,5.03312112538547,5.005353405403499,30.02466666666667,30.659182795698925,30.132994863483006,4.995265598134454,5.013025206263344,4.984320934831005,28.178666666666665,29.292775956284153,28.66528011292998,4.889841174214133,4.943133719672255,4.938445719638769,8.407174785988666
2025-03-20,sz001319,32.25,32.29,32.96,31.56,159122,501487203.41,4.38,1.1,0.35,26.1,5.201730228785969,0.28523943257048856,31.776,31.954666666666665,31.906883065973993,5.01155566699598,5.033025998839332,5.055041079231685,32.188,31.85745454545455,31.608554679010666,5.11252198295629,5.057726718727724,5.047599907289071,30.816000000000003,31.37628571428571,30.901947141009487,5.043160902228879,5.049429657936602,5.024055960011353,30.132,30.805333333333333,30.27215648519378,5.001718034567251,5.026345505015056,4.998347340892615,28.26766666666667,29.427573770491808,28.78412338791588,4.892681217064548,4.953359590313955,4.9470779986272015,8.700259855483397
2025-03-21,sz001319,31.85,30.32,31.85,30.07,105718,314249514.58,5.51,-6.1,-1.97,17.34,5.024148938443973,-0.17758129034199666,31.648000000000003,31.46933333333334,31.377922043982664,5.025398089623638,5.037223755988664,5.044743698969114,31.752,31.517818181818186,31.374272010099634,5.0725821450843265,5.041658892452758,5.043336094771781,30.877,31.32904761904762,30.84652360377049,5.053025104727846,5.047618994718993,5.024064815100174,30.158333333333335,30.8174623655914,30.275243163568376,4.998045327984149,5.027792660103877,5.000011960089477,28.329166666666666,29.49486338797814,28.834479998148144,4.8951983179391485,4.957670007408364,4.949604914686768,8.497274615505521
2025-03-24,sz001319,30.08,29.47,30.31,28.58,68910,195049232.51,5.71,-2.8,-0.85,11.3,4.8382822499146885,-0.18586668852928412,31.157999999999998,30.743333333333332,30.741948029321776,4.975450014501423,4.974851809419014,4.9759232159509725,31.360000000000003,31.102909090909094,31.028040735536063,5.026646353981643,4.999058911512823,5.006053577525036,30.875999999999998,31.19504761904762,30.715426117697106,5.040844680421065,5.027167294260596,5.006371237463461,30.179333333333332,30.773053763440863,30.223291991725258,4.99449068032011,5.017485364744557,4.989577785239491,28.372666666666667,29.532267759562842,28.855316719520335,4.8947668092845245,4.955803906817397,4.945954991251618,8.290144245766356
2025-03-25,sz001319,29.28,28.78,29.78,28.68,41276,116467223.0,3.73,-2.34,-0.69,6.77,4.615697603781494,-0.2225846461331944,30.560000000000002,29.950666666666667,30.087965352881188,4.919269963428321,4.854934339179037,4.85584801189448,30.946999999999996,30.63381818181818,30.61930605634769,4.976911068258725,4.924340956930977,4.93507976411712,30.796499999999998,30.995428571428576,30.53109982077357,5.01134836886506,4.9866770964854,4.969164224731845,30.163333333333334,30.682774193548383,30.130176379355888,4.9825644851183215,4.993047101742065,4.965456483209943,28.39,29.545622950819673,28.852847318880322,4.888812179985101,4.946654096800902,4.935126880187024,8.066203720442873
2025-03-26,sz001319,28.6,29.8,30.15,28.51,62033,178399159.0,5.7,3.54,1.02,10.17,4.792622784742922,0.17692518096142784,30.131999999999998,29.697333333333336,29.991976901920793,4.894496361133809,4.8127186129505715,4.834772936177294,30.742,30.42527272727273,30.470341318829924,4.942842454045085,4.89083399629174,4.909178495139993,30.777500000000003,30.900523809523808,30.461471266414183,4.9872093329649365,4.965846088473767,4.95235075425671,30.153666666666666,30.659333333333336,30.108874677461962,4.970818042599776,4.980792798492039,4.954305922018523,28.451833333333333,29.59185245901639,28.88390150514654,4.887848696539811,4.943500346137224,4.930454614762627,8.25139280271656
2025-03-27,sz001319,29.79,29.1,29.88,28.8,45850,129655371.0,3.62,-2.35,-0.7,7.52,4.66133934000604,-0.1312834447368818,29.494,29.353333333333335,29.694651267947197,4.786418183377824,4.734999605907982,4.776961737453543,30.635,30.126727272727273,30.22118835176994,4.898986925186902,4.839651611921005,4.864116830570183,30.701,30.740761904761904,30.3318073362795,4.96393678460648,4.93481085104911,4.924635381470932,30.167666666666666,30.59135483870968,30.043785988593452,4.962645952398972,4.960826430582768,4.935404852211265,28.495833333333334,29.61310382513661,28.890986701699113,4.886332395598157,4.93607380985743,4.921631163131264,8.112790512214877
2025-03-28,sz001319,29.07,28.38,29.3,28.32,37336,103471998.0,3.37,-2.47,-0.72,6.12,4.5721277878771,-0.0892115521289405,29.106,28.982000000000003,29.256434178631466,4.696013953264449,4.663569474074407,4.708683754261395,30.377,29.716727272727272,29.886426833266313,4.860706021444043,4.780222677864678,4.811027913716895,30.702999999999996,30.519714285714283,30.145920923300498,4.9429907351777,4.897495708503455,4.891063229700091,30.188666666666666,30.47602150537634,29.936444957071295,4.954778764469492,4.935631710291032,4.911967622254222,28.538833333333333,29.609306010928965,28.874233039348322,4.883928069439646,4.9257720194403465,4.9101720360737495,8.014822835208607
2025-03-31,sz001319,28.16,27.81,28.37,26.88,47608,126019834.0,5.25,-2.01,-0.57,7.81,4.677679937256738,0.10555214937963875,28.774,28.55,28.77428945242098,4.663893490732859,4.65745813540517,4.698349148593177,29.966,29.25,29.508894681763344,4.819671752617141,4.74694520801244,4.786782827087776,30.706,30.24419047619048,29.923452263938547,4.936262162615668,4.8722280134633635,4.870741011372153,30.177,30.322559139784946,29.79925495984089,4.9537889532572255,4.917754366599888,4.896852287738255,28.558666666666667,29.585409836065576,28.83934015281231,4.883025427174877,4.919009785598284,4.902549344309257,8.100438903203791
